round,generation,solution_index,bitstring,objective_1,objective_2,objective_3,num_selected,selected_client_ids,num_available_selected,available_selected_client_ids,num_unavailable_selected,unavailable_selected_client_ids,mean_selected_client_accuracy,selected_client_accuracy_variance,selected_client_accuracy_std,inverse_accuracy_variance,mean_selected_utility,selected_utility_variance,selected_utility_std,mean_available_selected_utility,available_selected_utility_variance,available_selected_utility_std
0,1,0,110101001000010110000110111100,0.36529038853430496,0.12296050461009145,0.840499997138977,14,"[0, 1, 3, 5, 8, 13, 15, 16, 21, 22, 24, 25, 26, 27]",12,"[0, 1, 3, 5, 8, 13, 15, 16, 21, 25, 26, 27]",2,"[22, 24]",0.1450498906363334,0.017468799194279926,0.13216958498187065,57.24491929173043,0.5546628714752625,0.09705851494103947,0.31154215596133933,0.634709611465695,0.06833539736232815,0.2614104002566236
0,1,1,001111101111111000110101000110,0.3403132468570629,0.1400827936389867,0.8490000069141388,18,"[2, 3, 4, 5, 6, 8, 9, 10, 11, 12, 13, 14, 18, 19, 21, 23, 27, 28]",17,"[2, 3, 4, 5, 6, 8, 10, 11, 12, 13, 14, 18, 19, 21, 23, 27, 28]",1,[9],0.13357755541801453,0.012718796788319851,0.11277764312273887,78.62378939164572,0.6281089711231147,0.06414424319116714,0.25326713800090045,0.6596867531429371,0.04996862025587259,0.2235366194963872
0,1,2,110010101101011100000011100000,0.42814870742756717,0.09618778955191373,0.8044999986886978,13,"[0, 1, 4, 6, 8, 9, 11, 13, 14, 15, 22, 23, 24]",10,"[0, 1, 4, 6, 8, 11, 13, 14, 15, 23]",3,"[9, 22, 24]",0.11846452421293809,0.015864978668047626,0.12595625696267584,63.031915826903656,0.45835111273659973,0.09722573126382107,0.3118104091652828,0.5718512925724328,0.0704945329924843,0.2655080657766997
0,1,3,001001001000100000010010010110,0.2753390835784162,0.1991346599534154,0.8340000063180923,9,"[2, 5, 8, 12, 19, 22, 25, 27, 28]",8,"[2, 5, 8, 12, 19, 25, 27, 28]",1,[22],0.2214530317319764,0.013340184747181384,0.1154997175199203,74.96148059053587,0.6542770482690402,0.07949269122867848,0.28194448252923565,0.7246609164215838,0.04484427756723134,0.21176467497491488
0,1,4,100100000001010110101110001010,0.43264557815299576,0.10105813955041495,0.7229999899864197,12,"[0, 3, 11, 13, 15, 16, 18, 20, 21, 22, 26, 28]",11,"[0, 3, 11, 13, 15, 16, 18, 20, 21, 26, 28]",1,[22],0.1259699617512524,0.01793176529688673,0.13390954147067613,55.766957878576385,0.527675395280478,0.07497330403010068,0.27381253446491577,0.5673544218470042,0.06289595715072296,0.2507906640023168
0,1,5,110111100100011100100011110101,0.44200941325393706,0.09907286494438138,0.7384999990463257,17,"[0, 1, 3, 4, 5, 6, 9, 13, 14, 15, 18, 22, 23, 24, 25, 27, 29]",14,"[0, 1, 3, 4, 5, 6, 13, 14, 15, 18, 23, 25, 27, 29]",3,"[9, 22, 24]",0.1155988840276704,0.015205466274910448,0.12331044673875141,65.76582275875585,0.4736423384880207,0.08823323871120836,0.2970408031082739,0.5579905867460629,0.06677010070183545,0.25839911126363313
0,1,6,011011011100001100011100011110,0.3448362061294862,0.12305010256490537,0.863999992609024,16,"[1, 2, 4, 5, 7, 8, 9, 14, 15, 19, 20, 21, 25, 26, 27, 28]",14,"[1, 2, 4, 5, 8, 14, 15, 19, 20, 21, 25, 26, 27, 28]",2,"[7, 9]",0.10910562134813517,0.013605651147144,0.1166432644739678,73.49887110768034,0.5796510901533515,0.0781931798070867,0.2796304343362623,0.6551637938705138,0.04351514219552529,0.2086028336229527
0,1,7,001101101111111101100001010010,0.3880270439324527,0.1462171949679032,0.7294999957084656,17,"[2, 3, 5, 6, 8, 9, 10, 11, 12, 13, 14, 15, 17, 18, 23, 25, 28]",16,"[2, 3, 5, 6, 8, 10, 11, 12, 13, 14, 15, 17, 18, 23, 25, 28]",1,[9],0.13896844853811405,0.02595806279034848,0.16111506071856996,38.523675979850545,0.5813443514039347,0.06127776069234773,0.24754345212981846,0.6119729560675473,0.04915972653374166,0.22171992813850014
0,1,8,011011001010110110101100001000,0.37078420033057424,0.10942240658083133,0.7330000102519989,14,"[1, 2, 4, 5, 8, 10, 12, 13, 15, 16, 18, 20, 21, 26]",14,"[1, 2, 4, 5, 8, 10, 12, 13, 15, 16, 18, 20, 21, 26]",0,[],0.10942240658083133,0.009279996482544113,0.09633273837353588,107.75866153408819,0.6292157996694258,0.055004504943641286,0.23453039236662118,0.6292157996694258,0.055004504943641286,0.23453039236662118
0,2,0,001001001000100000010010010110,0.2753390835784162,0.1991346599534154,0.8340000063180923,9,"[2, 5, 8, 12, 19, 22, 25, 27, 28]",8,"[2, 5, 8, 12, 19, 25, 27, 28]",1,[22],0.2214530317319764,0.013340184747181384,0.1154997175199203,74.96148059053587,0.6542770482690402,0.07949269122867848,0.28194448252923565,0.7246609164215838,0.04484427756723134,0.21176467497491488
0,2,1,011011011100001100011100011110,0.3448362061294862,0.12305010256490537,0.863999992609024,16,"[1, 2, 4, 5, 7, 8, 9, 14, 15, 19, 20, 21, 25, 26, 27, 28]",14,"[1, 2, 4, 5, 8, 14, 15, 19, 20, 21, 25, 26, 27, 28]",2,"[7, 9]",0.10910562134813517,0.013605651147144,0.1166432644739678,73.49887110768034,0.5796510901533515,0.0781931798070867,0.2796304343362623,0.6551637938705138,0.04351514219552529,0.2086028336229527
0,2,2,100100000001010110101101111000,0.4221722654340597,0.07781805703416467,0.7450000047683716,13,"[0, 3, 11, 13, 15, 16, 18, 20, 21, 23, 24, 25, 26]",12,"[0, 3, 11, 13, 15, 16, 18, 20, 21, 23, 25, 26]",1,[24],0.08376839169516014,0.00861305944872421,0.09280657007305146,116.10276301391636,0.5378070442159945,0.06916835731251535,0.26299877815783734,0.5778277345659403,0.05411086355943706,0.23261741886504772
0,2,3,111111110001111101100001010010,0.41808246708134167,0.12992489151656628,0.6859999895095825,18,"[0, 1, 2, 3, 4, 5, 6, 7, 11, 12, 13, 14, 15, 17, 18, 23, 25, 28]",17,"[0, 1, 2, 3, 4, 5, 6, 11, 12, 13, 14, 15, 17, 18, 23, 25, 28]",1,[7],0.12270684198786815,0.025473701904018146,0.1596048304532734,39.25617108058656,0.5501908728387493,0.0742254350550193,0.2724434529494502,0.5819175329186583,0.060473179840209744,0.24591295175368405
0,2,4,110001001001000010011010000101,0.3401420508470734,0.1380646765232086,0.8484999984502792,11,"[0, 1, 5, 8, 11, 16, 19, 20, 22, 27, 29]",10,"[0, 1, 5, 8, 11, 16, 19, 20, 27, 29]",1,[22],0.16187697919932278,0.020576775129299597,0.14344607045611113,48.59848026312365,0.6081623267798142,0.12452146848798275,0.35287599590788654,0.6598579491529266,0.10757680423880323,0.32798903066841006
0,2,5,011010101101011100101100001000,0.35988713318427,0.08768957323179795,0.7055000066757202,14,"[1, 2, 4, 6, 8, 9, 11, 13, 14, 15, 18, 20, 21, 26]",13,"[1, 2, 4, 6, 8, 11, 13, 14, 15, 18, 20, 21, 26]",1,[9],0.08306806840534721,0.007496803684157102,0.08658408447374784,133.39018095315566,0.6009109960993302,0.058972834523549574,0.24284323034325989,0.64011286681573,0.04199419306266198,0.20492484735302838
0,3,0,001001001000100000010010010110,0.2753390835784162,0.1991346599534154,0.8340000063180923,9,"[2, 5, 8, 12, 19, 22, 25, 27, 28]",8,"[2, 5, 8, 12, 19, 25, 27, 28]",1,[22],0.2214530317319764,0.013340184747181384,0.1154997175199203,74.96148059053587,0.6542770482690402,0.07949269122867848,0.28194448252923565,0.7246609164215838,0.04484427756723134,0.21176467497491488
0,3,1,100100000001010110101101111000,0.4221722654340597,0.07781805703416467,0.7450000047683716,13,"[0, 3, 11, 13, 15, 16, 18, 20, 21, 23, 24, 25, 26]",12,"[0, 3, 11, 13, 15, 16, 18, 20, 21, 23, 25, 26]",1,[24],0.08376839169516014,0.00861305944872421,0.09280657007305146,116.10276301391636,0.5378070442159945,0.06916835731251535,0.26299877815783734,0.5778277345659403,0.05411086355943706,0.23261741886504772
0,3,2,011010101101011100101100001000,0.35988713318427,0.08768957323179795,0.7055000066757202,14,"[1, 2, 4, 6, 8, 9, 11, 13, 14, 15, 18, 20, 21, 26]",13,"[1, 2, 4, 6, 8, 11, 13, 14, 15, 18, 20, 21, 26]",1,[9],0.08306806840534721,0.007496803684157102,0.08658408447374784,133.39018095315566,0.6009109960993302,0.058972834523549574,0.24284323034325989,0.64011286681573,0.04199419306266198,0.20492484735302838
0,3,3,001110110101111000110101000100,0.3274199270483098,0.12199265853716777,0.840499997138977,15,"[2, 3, 4, 6, 7, 9, 11, 12, 13, 14, 18, 19, 21, 23, 27]",13,"[2, 3, 4, 6, 11, 12, 13, 14, 18, 19, 21, 23, 27]",2,"[7, 9]",0.10725953777631124,0.011073079191177504,0.10522869946539064,90.30911661832526,0.5897110184425604,0.07952816431676743,0.28200738344370957,0.6725800729516902,0.04000974022150465,0.2000243490715684
0,3,4,011101001001001101101010010110,0.31096980184596634,0.14289685298821755,0.7900000065565109,15,"[1, 2, 3, 5, 8, 11, 14, 15, 17, 18, 20, 22, 25, 27, 28]",14,"[1, 2, 3, 5, 8, 11, 14, 15, 17, 18, 20, 25, 27, 28]",1,[22],0.16003706318636735,0.03473799161067206,0.18638130703123654,28.786926176030978,0.6491752584803442,0.06429754151586602,0.253569598958286,0.6890301981540337,0.04506397980681207,0.21228278264336953
0,3,5,001001001100001100011110010100,0.28427549074484426,0.13609807807952165,0.8950000032782555,12,"[2, 5, 8, 9, 14, 15, 19, 20, 21, 22, 25, 27]",10,"[2, 5, 8, 14, 15, 19, 20, 21, 25, 27]",2,"[9, 22]",0.1486641077014307,0.018569852652385168,0.13627124660905238,53.85072346664835,0.611644822698865,0.07589845506230457,0.2754967423805671,0.7157245092551557,0.026082658828224848,0.16150126571709847
0,3,6,111111110000011001100001010010,0.46117975545353507,0.14553536368267878,0.6509999930858612,15,"[0, 1, 2, 3, 4, 5, 6, 7, 13, 14, 17, 18, 23, 25, 28]",14,"[0, 1, 2, 3, 4, 5, 6, 13, 14, 17, 18, 23, 25, 28]",1,[7],0.1358330061038335,0.028512298040546658,0.16885584988547675,35.072585120214576,0.5036214050087204,0.06486299333396911,0.25468214176492454,0.5388202445464649,0.05091168971433726,0.22563618884021522
0,3,7,011111001111001110011100001000,0.34845407473332635,0.09017658022542795,0.7989999949932098,16,"[1, 2, 3, 4, 5, 8, 9, 10, 11, 14, 15, 16, 19, 20, 21, 26]",15,"[1, 2, 3, 4, 5, 8, 10, 11, 14, 15, 16, 19, 20, 21, 26]",1,[9],0.08597732556518167,0.010237480763006858,0.10118043666147551,97.68028122831747,0.6165297222366399,0.06909991340899738,0.26286862385799753,0.6515459252666737,0.054088422708681826,0.23256917832911958
0,3,8,111100000001010110101110001010,0.411638160042733,0.10597807097320373,0.6689999997615814,14,"[0, 1, 2, 3, 11, 13, 15, 16, 18, 20, 21, 22, 26, 28]",13,"[0, 1, 2, 3, 11, 13, 15, 16, 18, 20, 21, 26, 28]",1,[22],0.12697963775800808,0.016883974199445557,0.1299383476862991,59.22776167431235,0.5528507158923686,0.07370303100829811,0.27148302158385174,0.588361839957267,0.06171793587907695,0.2484309479092268
0,3,9,001111101101111000110101000110,0.31903992713503027,0.1317925131879747,0.8505000025033951,17,"[2, 3, 4, 5, 6, 8, 9, 11, 12, 13, 14, 18, 19, 21, 23, 27, 28]",16,"[2, 3, 4, 5, 6, 8, 11, 12, 13, 14, 18, 19, 21, 23, 27, 28]",1,[9],0.1253922774511225,0.01226098334816466,0.11072932469840435,81.55952680171362,0.6462734025073911,0.06197839575186457,0.24895460580568612,0.6809600728649697,0.04539823877793564,0.21306862457418652
0,4,0,001001001000100000010010010110,0.2753390835784162,0.1991346599534154,0.8340000063180923,9,"[2, 5, 8, 12, 19, 22, 25, 27, 28]",8,"[2, 5, 8, 12, 19, 25, 27, 28]",1,[22],0.2214530317319764,0.013340184747181384,0.1154997175199203,74.96148059053587,0.6542770482690402,0.07949269122867848,0.28194448252923565,0.7246609164215838,0.04484427756723134,0.21176467497491488
0,4,1,100100000001010110101101111000,0.4221722654340597,0.07781805703416467,0.7450000047683716,13,"[0, 3, 11, 13, 15, 16, 18, 20, 21, 23, 24, 25, 26]",12,"[0, 3, 11, 13, 15, 16, 18, 20, 21, 23, 25, 26]",1,[24],0.08376839169516014,0.00861305944872421,0.09280657007305146,116.10276301391636,0.5378070442159945,0.06916835731251535,0.26299877815783734,0.5778277345659403,0.05411086355943706,0.23261741886504772
0,4,2,011101001001001101101010010110,0.31096980184596634,0.14289685298821755,0.7900000065565109,15,"[1, 2, 3, 5, 8, 11, 14, 15, 17, 18, 20, 22, 25, 27, 28]",14,"[1, 2, 3, 5, 8, 11, 14, 15, 17, 18, 20, 25, 27, 28]",1,[22],0.16003706318636735,0.03473799161067206,0.18638130703123654,28.786926176030978,0.6491752584803442,0.06429754151586602,0.253569598958286,0.6890301981540337,0.04506397980681207,0.21228278264336953
0,4,3,001001001100001100011110010100,0.28427549074484426,0.13609807807952165,0.8950000032782555,12,"[2, 5, 8, 9, 14, 15, 19, 20, 21, 22, 25, 27]",10,"[2, 5, 8, 14, 15, 19, 20, 21, 25, 27]",2,"[9, 22]",0.1486641077014307,0.018569852652385168,0.13627124660905238,53.85072346664835,0.611644822698865,0.07589845506230457,0.2754967423805671,0.7157245092551557,0.026082658828224848,0.16150126571709847
0,4,4,111111110000011001100001010010,0.46117975545353507,0.14553536368267878,0.6509999930858612,15,"[0, 1, 2, 3, 4, 5, 6, 7, 13, 14, 17, 18, 23, 25, 28]",14,"[0, 1, 2, 3, 4, 5, 6, 13, 14, 17, 18, 23, 25, 28]",1,[7],0.1358330061038335,0.028512298040546658,0.16885584988547675,35.072585120214576,0.5036214050087204,0.06486299333396911,0.25468214176492454,0.5388202445464649,0.05091168971433726,0.22563618884021522
0,4,5,111100000001010110101110001010,0.411638160042733,0.10597807097320373,0.6689999997615814,14,"[0, 1, 2, 3, 11, 13, 15, 16, 18, 20, 21, 22, 26, 28]",13,"[0, 1, 2, 3, 11, 13, 15, 16, 18, 20, 21, 26, 28]",1,[22],0.12697963775800808,0.016883974199445557,0.1299383476862991,59.22776167431235,0.5528507158923686,0.07370303100829811,0.27148302158385174,0.588361839957267,0.06171793587907695,0.2484309479092268
0,4,6,000101001000100000010101100110,0.23855533442156052,0.15791965358787113,0.8950000032782555,10,"[3, 5, 8, 12, 19, 21, 23, 24, 27, 28]",9,"[3, 5, 8, 12, 19, 21, 23, 27, 28]",1,[24],0.15764492899179458,0.013804123414228561,0.11749095035035065,72.44212254501092,0.69105607502226,0.07812680334981295,0.2795117230990732,0.7614446655784395,0.037262022472715095,0.19303373402779914
0,4,7,011001110000011001100000011110,0.4059444277412235,0.16889460974683365,0.699999988079071,13,"[1, 2, 5, 6, 7, 13, 14, 17, 18, 25, 26, 27, 28]",12,"[1, 2, 5, 6, 13, 14, 17, 18, 25, 26, 27, 28]",1,[7],0.1559027166893849,0.03188763179530492,0.17857108331223429,31.360121266429022,0.5491926552758166,0.061455191472062756,0.24790157617906095,0.5940555722587765,0.040411600265208646,0.20102636708951552
0,4,8,011110101101011100101100001000,0.346576804663412,0.08142603228666953,0.7044999897480011,15,"[1, 2, 3, 4, 6, 8, 9, 11, 13, 14, 15, 18, 20, 21, 26]",14,"[1, 2, 3, 4, 6, 8, 11, 13, 14, 15, 18, 20, 21, 26]",1,[9],0.07753019717832406,0.007426369020059234,0.08617638319202793,134.65530696076613,0.6159474274332244,0.058206631963604365,0.2412605064315425,0.653423195336588,0.04129775083323156,0.2032184805406033
0,4,9,001001001000100000000010010100,0.2176670351028479,0.18107432996233305,0.8659999966621399,7,"[2, 5, 8, 12, 22, 25, 27]",6,"[2, 5, 8, 12, 25, 27]",1,[22],0.21234942653349467,0.01663348550352179,0.12897087075584854,60.11969047547317,0.6836005560616575,0.0868233576810414,0.29465803515438266,0.7823329648971521,0.03305729741333361,0.1818166587893794
0,4,10,010111100000100000010101101110,0.33325377486629915,0.1126271861915787,0.7439999878406525,13,"[1, 3, 4, 5, 6, 12, 19, 21, 23, 24, 26, 27, 28]",12,"[1, 3, 4, 5, 6, 12, 19, 21, 23, 26, 27, 28]",1,[24],0.11589989553277309,0.012562239658370796,0.11208139746795985,79.60363973263749,0.6198856508939272,0.07732617407528107,0.27807584230795934,0.6667462251337009,0.05522314747983051,0.2349960584346693
0,4,11,011110101101011100011100001000,0.3408727994233661,0.0919571677222848,0.7794999927282333,15,"[1, 2, 3, 4, 6, 8, 9, 11, 13, 14, 15, 19, 20, 21, 26]",14,"[1, 2, 3, 4, 6, 8, 11, 13, 14, 15, 19, 20, 21, 26]",1,[9],0.08735925691823164,0.008892993627962921,0.0943026703119425,112.44807337493455,0.6212711656572671,0.05920576130022722,0.24332234032292888,0.6591272005766339,0.04193855355299881,0.20478904646733137
0,4,12,110110000001010110101111111000,0.4173903341070384,0.07283394797039884,0.7830000072717667,16,"[0, 1, 3, 4, 11, 13, 15, 16, 18, 20, 21, 22, 23, 24, 25, 26]",14,"[0, 1, 3, 4, 11, 13, 15, 16, 18, 20, 21, 23, 25, 26]",2,"[22, 24]",0.09842798032332212,0.01326176618413814,0.11515974202879295,75.40473765825094,0.5190812615979248,0.07959302593791279,0.28212235986875056,0.5826096658929616,0.058636159293242715,0.24214904355219477
0,4,13,010110100101011000110101000100,0.3174804720278228,0.1018783754358689,0.7960000038146973,13,"[1, 3, 4, 6, 9, 11, 13, 14, 18, 19, 21, 23, 27]",12,"[1, 3, 4, 6, 11, 13, 14, 18, 19, 21, 23, 27]",1,[9],0.09580992391476265,0.010748476806255002,0.10367486101391697,93.03643837404542,0.6370400778809432,0.06070756462214314,0.2463890513438922,0.6825195279721772,0.03887758339284134,0.1971739926887959
0,5,0,001001001000100000010010010110,0.2753390835784162,0.1991346599534154,0.8340000063180923,9,"[2, 5, 8, 12, 19, 22, 25, 27, 28]",8,"[2, 5, 8, 12, 19, 25, 27, 28]",1,[22],0.2214530317319764,0.013340184747181384,0.1154997175199203,74.96148059053587,0.6542770482690402,0.07949269122867848,0.28194448252923565,0.7246609164215838,0.04484427756723134,0.21176467497491488
0,5,1,111111110000011001100001010010,0.46117975545353507,0.14553536368267878,0.6509999930858612,15,"[0, 1, 2, 3, 4, 5, 6, 7, 13, 14, 17, 18, 23, 25, 28]",14,"[0, 1, 2, 3, 4, 5, 6, 13, 14, 17, 18, 23, 25, 28]",1,[7],0.1358330061038335,0.028512298040546658,0.16885584988547675,35.072585120214576,0.5036214050087204,0.06486299333396911,0.25468214176492454,0.5388202445464649,0.05091168971433726,0.22563618884021522
0,5,2,111100000001010110101110001010,0.411638160042733,0.10597807097320373,0.6689999997615814,14,"[0, 1, 2, 3, 11, 13, 15, 16, 18, 20, 21, 22, 26, 28]",13,"[0, 1, 2, 3, 11, 13, 15, 16, 18, 20, 21, 26, 28]",1,[22],0.12697963775800808,0.016883974199445557,0.1299383476862991,59.22776167431235,0.5528507158923686,0.07370303100829811,0.27148302158385174,0.588361839957267,0.06171793587907695,0.2484309479092268
0,5,3,011001110000011001100000011110,0.4059444277412235,0.16889460974683365,0.699999988079071,13,"[1, 2, 5, 6, 7, 13, 14, 17, 18, 25, 26, 27, 28]",12,"[1, 2, 5, 6, 13, 14, 17, 18, 25, 26, 27, 28]",1,[7],0.1559027166893849,0.03188763179530492,0.17857108331223429,31.360121266429022,0.5491926552758166,0.061455191472062756,0.24790157617906095,0.5940555722587765,0.040411600265208646,0.20102636708951552
0,5,4,011110101101011100101100001000,0.346576804663412,0.08142603228666953,0.7044999897480011,15,"[1, 2, 3, 4, 6, 8, 9, 11, 13, 14, 15, 18, 20, 21, 26]",14,"[1, 2, 3, 4, 6, 8, 11, 13, 14, 15, 18, 20, 21, 26]",1,[9],0.07753019717832406,0.007426369020059234,0.08617638319202793,134.65530696076613,0.6159474274332244,0.058206631963604365,0.2412605064315425,0.653423195336588,0.04129775083323156,0.2032184805406033
0,5,5,001001001000100000000010010100,0.2176670351028479,0.18107432996233305,0.8659999966621399,7,"[2, 5, 8, 12, 22, 25, 27]",6,"[2, 5, 8, 12, 25, 27]",1,[22],0.21234942653349467,0.01663348550352179,0.12897087075584854,60.11969047547317,0.6836005560616575,0.0868233576810414,0.29465803515438266,0.7823329648971521,0.03305729741333361,0.1818166587893794
0,5,6,110110000001010110101111111000,0.4173903341070384,0.07283394797039884,0.7830000072717667,16,"[0, 1, 3, 4, 11, 13, 15, 16, 18, 20, 21, 22, 23, 24, 25, 26]",14,"[0, 1, 3, 4, 11, 13, 15, 16, 18, 20, 21, 23, 25, 26]",2,"[22, 24]",0.09842798032332212,0.01326176618413814,0.11515974202879295,75.40473765825094,0.5190812615979248,0.07959302593791279,0.28212235986875056,0.5826096658929616,0.058636159293242715,0.24214904355219477
0,5,7,010110100101011000110101000100,0.3174804720278228,0.1018783754358689,0.7960000038146973,13,"[1, 3, 4, 6, 9, 11, 13, 14, 18, 19, 21, 23, 27]",12,"[1, 3, 4, 6, 11, 13, 14, 18, 19, 21, 23, 27]",1,[9],0.09580992391476265,0.010748476806255002,0.10367486101391697,93.03643837404542,0.6370400778809432,0.06070756462214314,0.2463890513438922,0.6825195279721772,0.03887758339284134,0.1971739926887959
0,5,8,000101001001100000000010010100,0.14781930712948554,0.12152480334043503,0.8950000032782555,8,"[3, 5, 8, 11, 12, 22, 25, 27]",7,"[3, 5, 8, 11, 12, 25, 27]",1,[22],0.1563342036679387,0.02262108515479125,0.15040307561612976,44.206544166966964,0.7570588691427865,0.0780245274221736,0.2793287085535133,0.8521806928705145,0.016785597688172407,0.12955924393177204
0,5,9,011110001000100000010100001000,0.28957503964131037,0.12435774049825138,0.7635000050067902,9,"[1, 2, 3, 4, 8, 12, 19, 21, 26]",9,"[1, 2, 3, 4, 8, 12, 19, 21, 26]",0,[],0.12435774049825138,0.009534310173488646,0.09764379229366629,104.88435784065703,0.7104249603586896,0.04676629773030235,0.21625516810079326,0.7104249603586896,0.04676629773030235,0.21625516810079326
0,5,10,001011001000100000000010010100,0.2837075156552108,0.16314307653478213,0.8620000034570694,8,"[2, 4, 5, 8, 12, 22, 25, 27]",7,"[2, 4, 5, 8, 12, 25, 27]",1,[22],0.19275019271299243,0.017243209580036598,0.13131340213411805,57.99384362629069,0.6381566866827768,0.09042645481978465,0.3007099180602207,0.7162924843447892,0.05450289678380809,0.23345855474539393
0,5,11,110101000001000010001111111000,0.3602175378374176,0.06112100929021835,0.8194999992847443,13,"[0, 1, 3, 5, 11, 16, 20, 21, 22, 23, 24, 25, 26]",11,"[0, 1, 3, 5, 11, 16, 20, 21, 23, 25, 26]",2,"[22, 24]",0.09442334736769016,0.015616240738015165,0.1249649580403049,64.03589806128339,0.5527978420656724,0.10225521868865554,0.3197736991821803,0.6397824621625824,0.07161450868796317,0.2676088725882667
0,5,12,111110100001001101100001010010,0.46621215742427524,0.13255046294736011,0.6464999914169312,14,"[0, 1, 2, 3, 4, 6, 11, 14, 15, 17, 18, 23, 25, 28]",14,"[0, 1, 2, 3, 4, 6, 11, 14, 15, 17, 18, 23, 25, 28]",0,[],0.13255046294736011,0.030041000386123843,0.17332339826498858,33.287839524209296,0.5337878425757248,0.05437578927346705,0.23318616870103392,0.5337878425757248,0.05437578927346705,0.23318616870103392
0,5,13,010101001111001110100100001000,0.32696235096373794,0.07615707457686464,0.7285000085830688,13,"[1, 3, 5, 8, 9, 10, 11, 14, 15, 16, 18, 21, 26]",12,"[1, 3, 5, 8, 10, 11, 14, 15, 16, 18, 21, 26]",1,[9],0.07206718466029717,0.008428496511435334,0.09180684348911759,118.64512237066877,0.6282875742477907,0.07365822717895562,0.271400492223127,0.6730376490362621,0.05376301326074271,0.23186852580879258
0,5,14,011110110000011100100011111001,0.47136155321725515,0.07476431231659192,0.6324999928474426,16,"[1, 2, 3, 4, 6, 7, 13, 14, 15, 18, 22, 23, 24, 25, 26, 29]",13,"[1, 2, 3, 4, 6, 13, 14, 15, 18, 23, 25, 26, 29]",3,"[7, 22, 24]",0.09544427960645407,0.011385103979165723,0.10670100270927975,87.83406825532374,0.4394938951700823,0.06653845357604063,0.257950486675332,0.5286384467827449,0.039260191099080854,0.19814184590611053
0,5,15,010110100000100000010101000000,0.3218397779469432,0.09097975911572576,0.7175000011920929,8,"[1, 3, 4, 6, 12, 19, 21, 23]",8,"[1, 3, 4, 6, 12, 19, 21, 23]",0,[],0.09097975911572576,0.006319431289647915,0.07949485071152669,158.24208764452197,0.6781602220530568,0.051250340222217756,0.22638537987736257,0.6781602220530568,0.051250340222217756,0.22638537987736257
0,5,16,011111101001011100101100001000,0.3304368024527713,0.07599763013422489,0.7069999873638153,15,"[1, 2, 3, 4, 5, 6, 8, 11, 13, 14, 15, 18, 20, 21, 26]",15,"[1, 2, 3, 4, 5, 6, 8, 11, 13, 14, 15, 18, 20, 21, 26]",0,[],0.07599763013422489,0.007626429282380711,0.08732942964648693,131.12296239477277,0.6695631975472287,0.04219156284338233,0.20540584909729892,0.6695631975472287,0.04219156284338233,0.20540584909729892
0,5,17,000000001000100000010010000110,0.23060343037902442,0.2518531411886215,0.8505000025033951,6,"[8, 12, 19, 22, 27, 28]",5,"[8, 12, 19, 27, 28]",1,[22],0.276544285317262,0.006228987913126125,0.07892393751661232,160.53972394018223,0.6563648251922614,0.10400463607275169,0.32249749777750475,0.7693965696209756,0.04814851179571302,0.21942769149702374
1,1,0,001111101111111000110101000110,0.3716666666666666,0.19155507420914042,0.8209999948740005,18,"[2, 3, 4, 5, 6, 8, 9, 10, 11, 12, 13, 14, 18, 19, 21, 23, 27, 28]",18,"[2, 3, 4, 5, 6, 8, 9, 10, 11, 12, 13, 14, 18, 19, 21, 23, 27, 28]",0,[],0.19155507420914042,0.08064069030630104,0.28397304503473747,12.400687496618103,0.6283333333333334,0.041925000000000004,0.20475595229443272,0.6283333333333334,0.041925000000000004,0.20475595229443272
1,1,1,101010111011100101110001111110,0.46777777777777774,0.14417964830580685,0.8889999985694885,19,"[0, 2, 4, 6, 7, 8, 10, 11, 12, 15, 17, 18, 19, 23, 24, 25, 26, 27, 28]",18,"[0, 2, 4, 6, 8, 10, 11, 12, 15, 17, 18, 19, 23, 24, 25, 26, 27, 28]",1,[7],0.13659124576339596,0.048712290418609756,0.22070860975188475,20.528700075617177,0.5073684210526315,0.057914127423822716,0.24065354230474711,0.5322222222222223,0.04939506172839506,0.22224999826410585
1,1,2,011011011100001100011100011110,0.372,0.18693173080682754,0.8159999996423721,16,"[1, 2, 4, 5, 7, 8, 9, 14, 15, 19, 20, 21, 25, 26, 27, 28]",15,"[1, 2, 4, 5, 8, 9, 14, 15, 19, 20, 21, 25, 26, 27, 28]",1,[7],0.17524849763140082,0.051815781013122564,0.22763079979019218,19.29913976876554,0.5925,0.06535625,0.25564868472182684,0.628,0.049549333333333334,0.22259679542467212
1,1,3,001101101111111101100001010010,0.42117647058823526,0.1543081369908417,0.6769999861717224,17,"[2, 3, 5, 6, 8, 9, 10, 11, 12, 13, 14, 15, 17, 18, 23, 25, 28]",17,"[2, 3, 5, 6, 8, 9, 10, 11, 12, 13, 14, 15, 17, 18, 23, 25, 28]",0,[],0.1543081369908417,0.07224997772426314,0.2687935596778002,13.840834717159751,0.5788235294117647,0.03857508650519031,0.19640541363513966,0.5788235294117647,0.03857508650519031,0.19640541363513966
1,1,4,011011001010110110101100001000,0.35285714285714287,0.23420450623546327,0.7339999973773956,14,"[1, 2, 4, 5, 8, 10, 12, 13, 15, 16, 18, 20, 21, 26]",14,"[1, 2, 4, 5, 8, 10, 12, 13, 15, 16, 18, 20, 21, 26]",0,[],0.23420450623546327,0.0699038692186507,0.26439339859128613,14.305359791632178,0.6471428571428571,0.04036326530612245,0.20090611067392264,0.6471428571428571,0.04036326530612245,0.20090611067392264
1,1,5,000010111110101101100110010011,0.516,0.11282371828953425,0.7574999928474426,16,"[4, 6, 7, 8, 9, 10, 12, 14, 15, 17, 18, 21, 22, 25, 28, 29]",15,"[4, 6, 8, 9, 10, 12, 14, 15, 17, 18, 21, 22, 25, 28, 29]",1,[7],0.10577223589643836,0.03607884616003186,0.18994432384262463,27.7170726459595,0.45749999999999996,0.06325625,0.25150795216056293,0.484,0.05623733333333333,0.23714411933112178
1,1,6,111111110001101111011111011010,0.42380952380952375,0.12669129776103155,0.8915000036358833,22,"[0, 1, 2, 3, 4, 5, 6, 7, 11, 12, 14, 15, 16, 17, 19, 20, 21, 22, 23, 25, 26, 28]",21,"[0, 1, 2, 3, 4, 5, 6, 11, 12, 14, 15, 16, 17, 19, 20, 21, 22, 23, 25, 26, 28]",1,[7],0.1209326024082574,0.01904851326731635,0.1380163514490814,52.49753542266268,0.5527272727272727,0.06394710743801653,0.25287765310129035,0.5761904761904763,0.054880725623582774,0.23426635614953928
1,2,0,001111101111111000110101000110,0.3716666666666666,0.19155507420914042,0.8209999948740005,18,"[2, 3, 4, 5, 6, 8, 9, 10, 11, 12, 13, 14, 18, 19, 21, 23, 27, 28]",18,"[2, 3, 4, 5, 6, 8, 9, 10, 11, 12, 13, 14, 18, 19, 21, 23, 27, 28]",0,[],0.19155507420914042,0.08064069030630104,0.28397304503473747,12.400687496618103,0.6283333333333334,0.041925000000000004,0.20475595229443272,0.6283333333333334,0.041925000000000004,0.20475595229443272
1,2,1,011011011100001100011100011110,0.372,0.18693173080682754,0.8159999996423721,16,"[1, 2, 4, 5, 7, 8, 9, 14, 15, 19, 20, 21, 25, 26, 27, 28]",15,"[1, 2, 4, 5, 8, 9, 14, 15, 19, 20, 21, 25, 26, 27, 28]",1,[7],0.17524849763140082,0.051815781013122564,0.22763079979019218,19.29913976876554,0.5925,0.06535625,0.25564868472182684,0.628,0.049549333333333334,0.22259679542467212
1,2,2,001101101111111101100001010010,0.42117647058823526,0.1543081369908417,0.6769999861717224,17,"[2, 3, 5, 6, 8, 9, 10, 11, 12, 13, 14, 15, 17, 18, 23, 25, 28]",17,"[2, 3, 5, 6, 8, 9, 10, 11, 12, 13, 14, 15, 17, 18, 23, 25, 28]",0,[],0.1543081369908417,0.07224997772426314,0.2687935596778002,13.840834717159751,0.5788235294117647,0.03857508650519031,0.19640541363513966,0.5788235294117647,0.03857508650519031,0.19640541363513966
1,2,3,011011001010110110101100001000,0.35285714285714287,0.23420450623546327,0.7339999973773956,14,"[1, 2, 4, 5, 8, 10, 12, 13, 15, 16, 18, 20, 21, 26]",14,"[1, 2, 4, 5, 8, 10, 12, 13, 15, 16, 18, 20, 21, 26]",0,[],0.23420450623546327,0.0699038692186507,0.26439339859128613,14.305359791632178,0.6471428571428571,0.04036326530612245,0.20090611067392264,0.6471428571428571,0.04036326530612245,0.20090611067392264
1,2,4,000010111110101101100110010011,0.516,0.11282371828953425,0.7574999928474426,16,"[4, 6, 7, 8, 9, 10, 12, 14, 15, 17, 18, 21, 22, 25, 28, 29]",15,"[4, 6, 8, 9, 10, 12, 14, 15, 17, 18, 21, 22, 25, 28, 29]",1,[7],0.10577223589643836,0.03607884616003186,0.18994432384262463,27.7170726459595,0.45749999999999996,0.06325625,0.25150795216056293,0.484,0.05623733333333333,0.23714411933112178
1,2,5,111111110001101101011111011010,0.41200000000000014,0.11263112612068653,0.8910000026226044,21,"[0, 1, 2, 3, 4, 5, 6, 7, 11, 12, 14, 15, 17, 19, 20, 21, 22, 23, 25, 26, 28]",20,"[0, 1, 2, 3, 4, 5, 6, 11, 12, 14, 15, 17, 19, 20, 21, 22, 23, 25, 26, 28]",1,[7],0.1072677391625586,0.015847558602144454,0.12588708671720247,63.10120221702051,0.5628571428571428,0.06473469387755101,0.254430135553065,0.5879999999999999,0.05469600000000001,0.23387175973169572
1,2,6,011011001010110110101100001010,0.3693333333333333,0.21859087248643239,0.7134999930858612,15,"[1, 2, 4, 5, 8, 10, 12, 13, 15, 16, 18, 20, 21, 26, 28]",15,"[1, 2, 4, 5, 8, 10, 12, 13, 15, 16, 18, 20, 21, 26, 28]",0,[],0.21859087248643239,0.06865660909462493,0.26202406205275297,14.565240159498195,0.6306666666666667,0.041472888888888886,0.20364893539836854,0.6306666666666667,0.041472888888888886,0.20364893539836854
1,2,7,011010111011100101110001010011,0.4275,0.10339472733903676,0.7985000014305115,17,"[1, 2, 4, 6, 7, 8, 10, 11, 12, 15, 17, 18, 19, 23, 25, 28, 29]",16,"[1, 2, 4, 6, 8, 10, 11, 12, 15, 17, 18, 19, 23, 25, 28, 29]",1,[7],0.09731268455438755,0.03385171284691333,0.18398834975865544,29.540602702211036,0.5423529411764706,0.06020622837370243,0.24536957507747864,0.5725,0.04851874999999999,0.2202697210240209
1,2,8,011110010001001110011100011110,0.3606666666666666,0.19062115823229153,0.835999995470047,16,"[1, 2, 3, 4, 7, 11, 14, 15, 16, 19, 20, 21, 25, 26, 27, 28]",15,"[1, 2, 3, 4, 11, 14, 15, 16, 19, 20, 21, 25, 26, 27, 28]",1,[7],0.17870733584277332,0.03717695837684781,0.19281327334197668,26.898381246346293,0.6031249999999999,0.056108984375,0.23687335091774253,0.6393333333333334,0.03887288888888889,0.197162087858921
1,2,9,110010101100110000000010100000,0.542,0.2513283841311932,0.6545000076293945,10,"[0, 1, 4, 6, 8, 9, 12, 13, 22, 24]",10,"[0, 1, 4, 6, 8, 9, 12, 13, 22, 24]",0,[],0.2513283841311932,0.08610126928901769,0.2934301778771531,11.614230640936103,0.458,0.097216,0.3117948043184812,0.458,0.097216,0.3117948043184812
1,2,10,111111110001101111101011001011,0.45499999999999996,0.1237462772987783,0.7654999941587448,21,"[0, 1, 2, 3, 4, 5, 6, 7, 11, 12, 14, 15, 16, 17, 18, 20, 22, 23, 26, 28, 29]",20,"[0, 1, 2, 3, 4, 5, 6, 11, 12, 14, 15, 16, 17, 18, 20, 22, 23, 26, 28, 29]",1,[7],0.1178535974274079,0.019686221097410576,0.14030759458208447,50.79695057024097,0.5219047619047619,0.06700589569160997,0.2588549703822779,0.545,0.05915499999999999,0.2432180092016214
1,2,11,011011001010110110101100010010,0.372,0.2187972708294789,0.699999988079071,15,"[1, 2, 4, 5, 8, 10, 12, 13, 15, 16, 18, 20, 21, 25, 28]",15,"[1, 2, 4, 5, 8, 10, 12, 13, 15, 16, 18, 20, 21, 25, 28]",0,[],0.2187972708294789,0.0685778349814841,0.26187370043874986,14.58197098625231,0.628,0.04232266666666666,0.20572473518433962,0.628,0.04232266666666666,0.20572473518433962
1,2,12,101100100111111101100001011110,0.46333333333333326,0.15198533257676494,0.7044999897480011,18,"[0, 2, 3, 6, 9, 10, 11, 12, 13, 14, 15, 17, 18, 23, 25, 26, 27, 28]",18,"[0, 2, 3, 6, 9, 10, 11, 12, 13, 14, 15, 17, 18, 23, 25, 26, 27, 28]",0,[],0.15198533257676494,0.06329380926214957,0.2515826092204101,15.799333483914856,0.5366666666666667,0.0421,0.2051828452868319,0.5366666666666667,0.0421,0.2051828452868319
1,2,13,001001001001110010100100001110,0.3275,0.2700375262647867,0.8900000005960464,12,"[2, 5, 8, 11, 12, 13, 16, 18, 21, 26, 27, 28]",12,"[2, 5, 8, 11, 12, 13, 16, 18, 21, 26, 27, 28]",0,[],0.2700375262647867,0.09841238669979714,0.3137074858842185,10.161322507607279,0.6725,0.03131875,0.1769710428290459,0.6725,0.03131875,0.1769710428290459
1,2,14,001110010001011000110101000011,0.3933333333333333,0.17323172759885588,0.8244999945163727,13,"[2, 3, 4, 7, 11, 13, 14, 18, 19, 21, 23, 28, 29]",12,"[2, 3, 4, 11, 13, 14, 18, 19, 21, 23, 28, 29]",1,[7],0.15990621009125158,0.05709034079020498,0.2389358507846928,17.51609792757745,0.5646153846153846,0.05819408284023668,0.24123449761639956,0.6066666666666667,0.040055555555555546,0.20013884069704097
1,3,0,001111101111111000110101000110,0.3716666666666666,0.19155507420914042,0.8209999948740005,18,"[2, 3, 4, 5, 6, 8, 9, 10, 11, 12, 13, 14, 18, 19, 21, 23, 27, 28]",18,"[2, 3, 4, 5, 6, 8, 9, 10, 11, 12, 13, 14, 18, 19, 21, 23, 27, 28]",0,[],0.19155507420914042,0.08064069030630104,0.28397304503473747,12.400687496618103,0.6283333333333334,0.041925000000000004,0.20475595229443272,0.6283333333333334,0.041925000000000004,0.20475595229443272
1,3,1,011011011100001100011100011110,0.372,0.18693173080682754,0.8159999996423721,16,"[1, 2, 4, 5, 7, 8, 9, 14, 15, 19, 20, 21, 25, 26, 27, 28]",15,"[1, 2, 4, 5, 8, 9, 14, 15, 19, 20, 21, 25, 26, 27, 28]",1,[7],0.17524849763140082,0.051815781013122564,0.22763079979019218,19.29913976876554,0.5925,0.06535625,0.25564868472182684,0.628,0.049549333333333334,0.22259679542467212
1,3,2,001101101111111101100001010010,0.42117647058823526,0.1543081369908417,0.6769999861717224,17,"[2, 3, 5, 6, 8, 9, 10, 11, 12, 13, 14, 15, 17, 18, 23, 25, 28]",17,"[2, 3, 5, 6, 8, 9, 10, 11, 12, 13, 14, 15, 17, 18, 23, 25, 28]",0,[],0.1543081369908417,0.07224997772426314,0.2687935596778002,13.840834717159751,0.5788235294117647,0.03857508650519031,0.19640541363513966,0.5788235294117647,0.03857508650519031,0.19640541363513966
1,3,3,011011001010110110101100001000,0.35285714285714287,0.23420450623546327,0.7339999973773956,14,"[1, 2, 4, 5, 8, 10, 12, 13, 15, 16, 18, 20, 21, 26]",14,"[1, 2, 4, 5, 8, 10, 12, 13, 15, 16, 18, 20, 21, 26]",0,[],0.23420450623546327,0.0699038692186507,0.26439339859128613,14.305359791632178,0.6471428571428571,0.04036326530612245,0.20090611067392264,0.6471428571428571,0.04036326530612245,0.20090611067392264
1,3,4,000010111110101101100110010011,0.516,0.11282371828953425,0.7574999928474426,16,"[4, 6, 7, 8, 9, 10, 12, 14, 15, 17, 18, 21, 22, 25, 28, 29]",15,"[4, 6, 8, 9, 10, 12, 14, 15, 17, 18, 21, 22, 25, 28, 29]",1,[7],0.10577223589643836,0.03607884616003186,0.18994432384262463,27.7170726459595,0.45749999999999996,0.06325625,0.25150795216056293,0.484,0.05623733333333333,0.23714411933112178
1,3,5,111111110001101101011111011010,0.41200000000000014,0.11263112612068653,0.8910000026226044,21,"[0, 1, 2, 3, 4, 5, 6, 7, 11, 12, 14, 15, 17, 19, 20, 21, 22, 23, 25, 26, 28]",20,"[0, 1, 2, 3, 4, 5, 6, 11, 12, 14, 15, 17, 19, 20, 21, 22, 23, 25, 26, 28]",1,[7],0.1072677391625586,0.015847558602144454,0.12588708671720247,63.10120221702051,0.5628571428571428,0.06473469387755101,0.254430135553065,0.5879999999999999,0.05469600000000001,0.23387175973169572
1,3,6,011011001010110110101100001010,0.3693333333333333,0.21859087248643239,0.7134999930858612,15,"[1, 2, 4, 5, 8, 10, 12, 13, 15, 16, 18, 20, 21, 26, 28]",15,"[1, 2, 4, 5, 8, 10, 12, 13, 15, 16, 18, 20, 21, 26, 28]",0,[],0.21859087248643239,0.06865660909462493,0.26202406205275297,14.565240159498195,0.6306666666666667,0.041472888888888886,0.20364893539836854,0.6306666666666667,0.041472888888888886,0.20364893539836854
1,3,7,011010111011100101110001010011,0.4275,0.10339472733903676,0.7985000014305115,17,"[1, 2, 4, 6, 7, 8, 10, 11, 12, 15, 17, 18, 19, 23, 25, 28, 29]",16,"[1, 2, 4, 6, 8, 10, 11, 12, 15, 17, 18, 19, 23, 25, 28, 29]",1,[7],0.09731268455438755,0.03385171284691333,0.18398834975865544,29.540602702211036,0.5423529411764706,0.06020622837370243,0.24536957507747864,0.5725,0.04851874999999999,0.2202697210240209
1,3,8,011110010001001110011100011110,0.3606666666666666,0.19062115823229153,0.835999995470047,16,"[1, 2, 3, 4, 7, 11, 14, 15, 16, 19, 20, 21, 25, 26, 27, 28]",15,"[1, 2, 3, 4, 11, 14, 15, 16, 19, 20, 21, 25, 26, 27, 28]",1,[7],0.17870733584277332,0.03717695837684781,0.19281327334197668,26.898381246346293,0.6031249999999999,0.056108984375,0.23687335091774253,0.6393333333333334,0.03887288888888889,0.197162087858921
1,3,9,110010101100110000000010100000,0.542,0.2513283841311932,0.6545000076293945,10,"[0, 1, 4, 6, 8, 9, 12, 13, 22, 24]",10,"[0, 1, 4, 6, 8, 9, 12, 13, 22, 24]",0,[],0.2513283841311932,0.08610126928901769,0.2934301778771531,11.614230640936103,0.458,0.097216,0.3117948043184812,0.458,0.097216,0.3117948043184812
1,3,10,011011001010110110101100010010,0.372,0.2187972708294789,0.699999988079071,15,"[1, 2, 4, 5, 8, 10, 12, 13, 15, 16, 18, 20, 21, 25, 28]",15,"[1, 2, 4, 5, 8, 10, 12, 13, 15, 16, 18, 20, 21, 25, 28]",0,[],0.2187972708294789,0.0685778349814841,0.26187370043874986,14.58197098625231,0.628,0.04232266666666666,0.20572473518433962,0.628,0.04232266666666666,0.20572473518433962
1,3,11,001001001001110010100100001110,0.3275,0.2700375262647867,0.8900000005960464,12,"[2, 5, 8, 11, 12, 13, 16, 18, 21, 26, 27, 28]",12,"[2, 5, 8, 11, 12, 13, 16, 18, 21, 26, 27, 28]",0,[],0.2700375262647867,0.09841238669979714,0.3137074858842185,10.161322507607279,0.6725,0.03131875,0.1769710428290459,0.6725,0.03131875,0.1769710428290459
1,3,12,001110010001011000110101000011,0.3933333333333333,0.17323172759885588,0.8244999945163727,13,"[2, 3, 4, 7, 11, 13, 14, 18, 19, 21, 23, 28, 29]",12,"[2, 3, 4, 11, 13, 14, 18, 19, 21, 23, 28, 29]",1,[7],0.15990621009125158,0.05709034079020498,0.2389358507846928,17.51609792757745,0.5646153846153846,0.05819408284023668,0.24123449761639956,0.6066666666666667,0.040055555555555546,0.20013884069704097
1,3,13,001011101110101100110101000110,0.39937500000000004,0.14707004057709128,0.8174999952316284,16,"[2, 4, 5, 6, 8, 9, 10, 12, 14, 15, 18, 19, 21, 23, 27, 28]",16,"[2, 4, 5, 6, 8, 9, 10, 12, 14, 15, 18, 19, 21, 23, 27, 28]",0,[],0.14707004057709128,0.054756606953822715,0.23400129690628366,18.26263633981775,0.600625,0.043705859375,0.20905946372982018,0.600625,0.043705859375,0.20905946372982018
1,3,14,111111110001101111101001011011,0.4395,0.11378829404711724,0.7105000019073486,21,"[0, 1, 2, 3, 4, 5, 6, 7, 11, 12, 14, 15, 16, 17, 18, 20, 23, 25, 26, 28, 29]",20,"[0, 1, 2, 3, 4, 5, 6, 11, 12, 14, 15, 16, 17, 18, 20, 23, 25, 26, 28, 29]",1,[7],0.10836980385439736,0.01938501777305123,0.139230089323577,51.58623075343193,0.5366666666666665,0.06008888888888889,0.2451303508113365,0.5605,0.051164749999999995,0.2261962643369691
1,3,15,001111111001101101011111011011,0.41800000000000004,0.1411985471844673,0.846000000834465,21,"[2, 3, 4, 5, 6, 7, 8, 11, 12, 14, 15, 17, 19, 20, 21, 22, 23, 25, 26, 28, 29]",20,"[2, 3, 4, 5, 6, 8, 11, 12, 14, 15, 17, 19, 20, 21, 22, 23, 25, 26, 28, 29]",1,[7],0.13447480684234983,0.03521617725016071,0.18765973795718865,28.39604062918091,0.5571428571428572,0.059706122448979576,0.24434836289400338,0.582,0.049715999999999996,0.22297085011274456
1,3,16,111111110001100001001111011010,0.42470588235294127,0.11548201312475345,0.6805000007152557,18,"[0, 1, 2, 3, 4, 5, 6, 7, 11, 12, 17, 20, 21, 22, 23, 25, 26, 28]",17,"[0, 1, 2, 3, 4, 5, 6, 11, 12, 17, 20, 21, 22, 23, 25, 26, 28]",1,[7],0.10906634572893381,0.01725937323088366,0.13137493379973084,57.93953155903803,0.5466666666666666,0.07115555555555554,0.26674998698323404,0.5752941176470587,0.06058961937716262,0.2461495873999439
1,3,17,000010111011100101100110011011,0.4813333333333333,0.11370091127852598,0.7680000066757202,16,"[4, 6, 7, 8, 10, 11, 12, 15, 17, 18, 21, 22, 25, 26, 28, 29]",15,"[4, 6, 8, 10, 11, 12, 15, 17, 18, 21, 22, 25, 26, 28, 29]",1,[7],0.10659460432361811,0.03593666428749602,0.1895696818784481,27.82673405633658,0.49,0.06249999999999999,0.24999999999999997,0.5186666666666667,0.053518222222222224,0.2313400575391608
1,3,18,110001001101101101011110011010,0.40764705882352936,0.12943326725679286,0.8534999936819077,17,"[0, 1, 5, 8, 9, 11, 12, 14, 15, 17, 19, 20, 21, 22, 25, 26, 28]",17,"[0, 1, 5, 8, 9, 11, 12, 14, 15, 17, 19, 20, 21, 22, 25, 26, 28]",0,[],0.12943326725679286,0.03488474303839882,0.18677457813738685,28.6658267454992,0.5923529411764706,0.07358269896193771,0.27126131121473573,0.5923529411764706,0.07358269896193771,0.27126131121473573
1,3,19,011011001100110110101100001000,0.36928571428571433,0.23420450623546327,0.726500004529953,14,"[1, 2, 4, 5, 8, 9, 12, 13, 15, 16, 18, 20, 21, 26]",14,"[1, 2, 4, 5, 8, 9, 12, 13, 15, 16, 18, 20, 21, 26]",0,[],0.23420450623546327,0.0699038692186507,0.26439339859128613,14.305359791632178,0.6307142857142857,0.05297806122448978,0.23016963575695595,0.6307142857142857,0.05297806122448978,0.23016963575695595
1,3,20,010011100111110000010001010011,0.4464285714285714,0.09420306328684092,0.7855000048875809,14,"[1, 4, 5, 6, 9, 10, 11, 12, 13, 19, 23, 25, 28, 29]",14,"[1, 4, 5, 6, 9, 10, 11, 12, 13, 19, 23, 25, 28, 29]",0,[],0.09420306328684092,0.04626979888322561,0.21510415821928133,21.61236971277466,0.5535714285714286,0.06369438775510204,0.25237747077562617,0.5535714285714286,0.06369438775510204,0.25237747077562617
1,4,0,001101101111111101100001010010,0.42117647058823526,0.1543081369908417,0.6769999861717224,17,"[2, 3, 5, 6, 8, 9, 10, 11, 12, 13, 14, 15, 17, 18, 23, 25, 28]",17,"[2, 3, 5, 6, 8, 9, 10, 11, 12, 13, 14, 15, 17, 18, 23, 25, 28]",0,[],0.1543081369908417,0.07224997772426314,0.2687935596778002,13.840834717159751,0.5788235294117647,0.03857508650519031,0.19640541363513966,0.5788235294117647,0.03857508650519031,0.19640541363513966
1,4,1,011011001010110110101100001000,0.35285714285714287,0.23420450623546327,0.7339999973773956,14,"[1, 2, 4, 5, 8, 10, 12, 13, 15, 16, 18, 20, 21, 26]",14,"[1, 2, 4, 5, 8, 10, 12, 13, 15, 16, 18, 20, 21, 26]",0,[],0.23420450623546327,0.0699038692186507,0.26439339859128613,14.305359791632178,0.6471428571428571,0.04036326530612245,0.20090611067392264,0.6471428571428571,0.04036326530612245,0.20090611067392264
1,4,2,011011001010110110101100001010,0.3693333333333333,0.21859087248643239,0.7134999930858612,15,"[1, 2, 4, 5, 8, 10, 12, 13, 15, 16, 18, 20, 21, 26, 28]",15,"[1, 2, 4, 5, 8, 10, 12, 13, 15, 16, 18, 20, 21, 26, 28]",0,[],0.21859087248643239,0.06865660909462493,0.26202406205275297,14.565240159498195,0.6306666666666667,0.041472888888888886,0.20364893539836854,0.6306666666666667,0.041472888888888886,0.20364893539836854
1,4,3,011110010001001110011100011110,0.3606666666666666,0.19062115823229153,0.835999995470047,16,"[1, 2, 3, 4, 7, 11, 14, 15, 16, 19, 20, 21, 25, 26, 27, 28]",15,"[1, 2, 3, 4, 11, 14, 15, 16, 19, 20, 21, 25, 26, 27, 28]",1,[7],0.17870733584277332,0.03717695837684781,0.19281327334197668,26.898381246346293,0.6031249999999999,0.056108984375,0.23687335091774253,0.6393333333333334,0.03887288888888889,0.197162087858921
1,4,4,110010101100110000000010100000,0.542,0.2513283841311932,0.6545000076293945,10,"[0, 1, 4, 6, 8, 9, 12, 13, 22, 24]",10,"[0, 1, 4, 6, 8, 9, 12, 13, 22, 24]",0,[],0.2513283841311932,0.08610126928901769,0.2934301778771531,11.614230640936103,0.458,0.097216,0.3117948043184812,0.458,0.097216,0.3117948043184812
1,4,5,011011001010110110101100010010,0.372,0.2187972708294789,0.699999988079071,15,"[1, 2, 4, 5, 8, 10, 12, 13, 15, 16, 18, 20, 21, 25, 28]",15,"[1, 2, 4, 5, 8, 10, 12, 13, 15, 16, 18, 20, 21, 25, 28]",0,[],0.2187972708294789,0.0685778349814841,0.26187370043874986,14.58197098625231,0.628,0.04232266666666666,0.20572473518433962,0.628,0.04232266666666666,0.20572473518433962
1,4,6,001001001001110010100100001110,0.3275,0.2700375262647867,0.8900000005960464,12,"[2, 5, 8, 11, 12, 13, 16, 18, 21, 26, 27, 28]",12,"[2, 5, 8, 11, 12, 13, 16, 18, 21, 26, 27, 28]",0,[],0.2700375262647867,0.09841238669979714,0.3137074858842185,10.161322507607279,0.6725,0.03131875,0.1769710428290459,0.6725,0.03131875,0.1769710428290459
1,4,7,001110010001011000110101000011,0.3933333333333333,0.17323172759885588,0.8244999945163727,13,"[2, 3, 4, 7, 11, 13, 14, 18, 19, 21, 23, 28, 29]",12,"[2, 3, 4, 11, 13, 14, 18, 19, 21, 23, 28, 29]",1,[7],0.15990621009125158,0.05709034079020498,0.2389358507846928,17.51609792757745,0.5646153846153846,0.05819408284023668,0.24123449761639956,0.6066666666666667,0.040055555555555546,0.20013884069704097
1,4,8,111111110001101111101001011011,0.4395,0.11378829404711724,0.7105000019073486,21,"[0, 1, 2, 3, 4, 5, 6, 7, 11, 12, 14, 15, 16, 17, 18, 20, 23, 25, 26, 28, 29]",20,"[0, 1, 2, 3, 4, 5, 6, 11, 12, 14, 15, 16, 17, 18, 20, 23, 25, 26, 28, 29]",1,[7],0.10836980385439736,0.01938501777305123,0.139230089323577,51.58623075343193,0.5366666666666665,0.06008888888888889,0.2451303508113365,0.5605,0.051164749999999995,0.2261962643369691
1,4,9,111111110001100001001111011010,0.42470588235294127,0.11548201312475345,0.6805000007152557,18,"[0, 1, 2, 3, 4, 5, 6, 7, 11, 12, 17, 20, 21, 22, 23, 25, 26, 28]",17,"[0, 1, 2, 3, 4, 5, 6, 11, 12, 17, 20, 21, 22, 23, 25, 26, 28]",1,[7],0.10906634572893381,0.01725937323088366,0.13137493379973084,57.93953155903803,0.5466666666666666,0.07115555555555554,0.26674998698323404,0.5752941176470587,0.06058961937716262,0.2461495873999439
1,4,10,000010111011100101100110011011,0.4813333333333333,0.11370091127852598,0.7680000066757202,16,"[4, 6, 7, 8, 10, 11, 12, 15, 17, 18, 21, 22, 25, 26, 28, 29]",15,"[4, 6, 8, 10, 11, 12, 15, 17, 18, 21, 22, 25, 26, 28, 29]",1,[7],0.10659460432361811,0.03593666428749602,0.1895696818784481,27.82673405633658,0.49,0.06249999999999999,0.24999999999999997,0.5186666666666667,0.053518222222222224,0.2313400575391608
1,4,11,011011001100110110101100001000,0.36928571428571433,0.23420450623546327,0.726500004529953,14,"[1, 2, 4, 5, 8, 9, 12, 13, 15, 16, 18, 20, 21, 26]",14,"[1, 2, 4, 5, 8, 9, 12, 13, 15, 16, 18, 20, 21, 26]",0,[],0.23420450623546327,0.0699038692186507,0.26439339859128613,14.305359791632178,0.6307142857142857,0.05297806122448978,0.23016963575695595,0.6307142857142857,0.05297806122448978,0.23016963575695595
1,4,12,010011100111110000010001010011,0.4464285714285714,0.09420306328684092,0.7855000048875809,14,"[1, 4, 5, 6, 9, 10, 11, 12, 13, 19, 23, 25, 28, 29]",14,"[1, 4, 5, 6, 9, 10, 11, 12, 13, 19, 23, 25, 28, 29]",0,[],0.09420306328684092,0.04626979888322561,0.21510415821928133,21.61236971277466,0.5535714285714286,0.06369438775510204,0.25237747077562617,0.5535714285714286,0.06369438775510204,0.25237747077562617
1,4,13,111010111111101101100111011011,0.48571428571428577,0.10875406666170984,0.68299999833107,22,"[0, 1, 2, 4, 6, 7, 8, 9, 10, 11, 12, 14, 15, 17, 18, 21, 22, 23, 25, 26, 28, 29]",21,"[0, 1, 2, 4, 6, 8, 9, 10, 11, 12, 14, 15, 17, 18, 21, 22, 23, 25, 26, 28, 29]",1,[7],0.10381069999526847,0.029026845624667653,0.1703726668942752,34.45086706735292,0.49363636363636354,0.0678595041322314,0.260498568388065,0.5142857142857142,0.06171020408163265,0.24841538616122924
1,4,14,000111110001101011011111011000,0.40375000000000005,0.11762625491246581,0.7719999998807907,17,"[3, 4, 5, 6, 7, 11, 12, 14, 16, 17, 19, 20, 21, 22, 23, 25, 26]",16,"[3, 4, 5, 6, 11, 12, 14, 16, 17, 19, 20, 21, 22, 23, 25, 26]",1,[7],0.11070706344702665,0.021660452689527005,0.14717490509433667,46.1670868256372,0.5647058823529412,0.062248442906574386,0.24949637854400689,0.59625,0.049223437499999995,0.22186355604289767
1,4,15,010001111011000101100001011110,0.39357142857142857,0.13273780114416564,0.6969999969005585,15,"[1, 5, 6, 7, 8, 10, 11, 15, 17, 18, 23, 25, 26, 27, 28]",14,"[1, 5, 6, 8, 10, 11, 15, 17, 18, 23, 25, 26, 27, 28]",1,[7],0.12388861440122127,0.058576434215592124,0.2420256891645846,17.07171174536629,0.5700000000000001,0.054186666666666654,0.2327802969898154,0.6064285714285714,0.0381515306122449,0.19532416801882171
1,4,16,110010101100110000000010100101,0.5383333333333333,0.2761242414514224,0.6699999868869781,12,"[0, 1, 4, 6, 8, 9, 12, 13, 22, 24, 27, 29]",12,"[0, 1, 4, 6, 8, 9, 12, 13, 22, 24, 27, 29]",0,[],0.2761242414514224,0.08799063440660172,0.29663215335934456,11.364845892337065,0.46166666666666667,0.09709722222222222,0.31160427182922606,0.46166666666666667,0.09709722222222222,0.31160427182922606
1,4,17,001001011001110010100100101100,0.35166666666666657,0.2901524684081475,0.8675000071525574,13,"[2, 5, 7, 8, 11, 12, 13, 16, 18, 21, 24, 26, 27]",12,"[2, 5, 8, 11, 12, 13, 16, 18, 21, 24, 26, 27]",1,[7],0.2678330477613669,0.09090051981316954,0.3014971306881204,11.00103720039587,0.6030769230769232,0.07157514792899408,0.26753532089986565,0.6483333333333334,0.0509138888888889,0.22564106206293413
1,4,18,010001110001001111100001010000,0.3954545454545454,0.0733158632435582,0.8100000023841858,12,"[1, 5, 6, 7, 11, 14, 15, 16, 17, 18, 23, 25]",11,"[1, 5, 6, 11, 14, 15, 16, 17, 18, 23, 25]",1,[7],0.06720620797326167,0.014222205440825949,0.11925688844182523,70.31258296476453,0.5591666666666667,0.05792430555555555,0.24067468823196914,0.6045454545454546,0.0384793388429752,0.196161512134708
1,4,19,011011011010110110101100001000,0.35285714285714287,0.23420450623546327,0.7339999973773956,15,"[1, 2, 4, 5, 7, 8, 10, 12, 13, 15, 16, 18, 20, 21, 26]",14,"[1, 2, 4, 5, 8, 10, 12, 13, 15, 16, 18, 20, 21, 26]",1,[7],0.21859087248643239,0.06865660909462493,0.26202406205275297,14.565240159498195,0.608,0.05912266666666667,0.24315153025771125,0.6471428571428571,0.04036326530612245,0.20090611067392264
1,4,20,010011100111110000011001010011,0.42733333333333334,0.10753070302307606,0.7865000069141388,15,"[1, 4, 5, 6, 9, 10, 11, 12, 13, 19, 20, 23, 25, 28, 29]",15,"[1, 4, 5, 6, 9, 10, 11, 12, 13, 19, 20, 23, 25, 28, 29]",0,[],0.10753070302307606,0.04567190935748812,0.21370987192333468,21.895296563423518,0.5726666666666667,0.0645528888888889,0.2540726055459126,0.5726666666666667,0.0645528888888889,0.2540726055459126
1,4,21,001001101001011000110101000011,0.3669230769230769,0.1784786875717915,0.7430000007152557,13,"[2, 5, 6, 8, 11, 13, 14, 18, 19, 21, 23, 28, 29]",13,"[2, 5, 6, 8, 11, 13, 14, 18, 19, 21, 23, 28, 29]",0,[],0.1784786875717915,0.07916455480766735,0.28136196403861585,12.631915917793386,0.6330769230769231,0.03899053254437869,0.197460204963883,0.6330769230769231,0.03899053254437869,0.197460204963883
1,4,22,010001100101111000010001010011,0.40846153846153843,0.09391458991628426,0.7935000061988831,13,"[1, 5, 6, 9, 11, 12, 13, 14, 19, 23, 25, 28, 29]",13,"[1, 5, 6, 9, 11, 12, 13, 14, 19, 23, 25, 28, 29]",0,[],0.09391458991628426,0.049629563279477464,0.2227769361479717,20.149280669038536,0.5915384615384616,0.06319763313609467,0.2513913943159047,0.5915384615384616,0.06319763313609467,0.2513913943159047
1,5,0,001101101111111101100001010010,0.42117647058823526,0.1543081369908417,0.6769999861717224,17,"[2, 3, 5, 6, 8, 9, 10, 11, 12, 13, 14, 15, 17, 18, 23, 25, 28]",17,"[2, 3, 5, 6, 8, 9, 10, 11, 12, 13, 14, 15, 17, 18, 23, 25, 28]",0,[],0.1543081369908417,0.07224997772426314,0.2687935596778002,13.840834717159751,0.5788235294117647,0.03857508650519031,0.19640541363513966,0.5788235294117647,0.03857508650519031,0.19640541363513966
1,5,1,001110010001011000110101000011,0.3933333333333333,0.17323172759885588,0.8244999945163727,13,"[2, 3, 4, 7, 11, 13, 14, 18, 19, 21, 23, 28, 29]",12,"[2, 3, 4, 11, 13, 14, 18, 19, 21, 23, 28, 29]",1,[7],0.15990621009125158,0.05709034079020498,0.2389358507846928,17.51609792757745,0.5646153846153846,0.05819408284023668,0.24123449761639956,0.6066666666666667,0.040055555555555546,0.20013884069704097
1,5,2,111111110001101111101001011011,0.4395,0.11378829404711724,0.7105000019073486,21,"[0, 1, 2, 3, 4, 5, 6, 7, 11, 12, 14, 15, 16, 17, 18, 20, 23, 25, 26, 28, 29]",20,"[0, 1, 2, 3, 4, 5, 6, 11, 12, 14, 15, 16, 17, 18, 20, 23, 25, 26, 28, 29]",1,[7],0.10836980385439736,0.01938501777305123,0.139230089323577,51.58623075343193,0.5366666666666665,0.06008888888888889,0.2451303508113365,0.5605,0.051164749999999995,0.2261962643369691
1,5,3,111111110001100001001111011010,0.42470588235294127,0.11548201312475345,0.6805000007152557,18,"[0, 1, 2, 3, 4, 5, 6, 7, 11, 12, 17, 20, 21, 22, 23, 25, 26, 28]",17,"[0, 1, 2, 3, 4, 5, 6, 11, 12, 17, 20, 21, 22, 23, 25, 26, 28]",1,[7],0.10906634572893381,0.01725937323088366,0.13137493379973084,57.93953155903803,0.5466666666666666,0.07115555555555554,0.26674998698323404,0.5752941176470587,0.06058961937716262,0.2461495873999439
1,5,4,010011100111110000010001010011,0.4464285714285714,0.09420306328684092,0.7855000048875809,14,"[1, 4, 5, 6, 9, 10, 11, 12, 13, 19, 23, 25, 28, 29]",14,"[1, 4, 5, 6, 9, 10, 11, 12, 13, 19, 23, 25, 28, 29]",0,[],0.09420306328684092,0.04626979888322561,0.21510415821928133,21.61236971277466,0.5535714285714286,0.06369438775510204,0.25237747077562617,0.5535714285714286,0.06369438775510204,0.25237747077562617
1,5,5,000111110001101011011111011000,0.40375000000000005,0.11762625491246581,0.7719999998807907,17,"[3, 4, 5, 6, 7, 11, 12, 14, 16, 17, 19, 20, 21, 22, 23, 25, 26]",16,"[3, 4, 5, 6, 11, 12, 14, 16, 17, 19, 20, 21, 22, 23, 25, 26]",1,[7],0.11070706344702665,0.021660452689527005,0.14717490509433667,46.1670868256372,0.5647058823529412,0.062248442906574386,0.24949637854400689,0.59625,0.049223437499999995,0.22186355604289767
1,5,6,010001111011000101100001011110,0.39357142857142857,0.13273780114416564,0.6969999969005585,15,"[1, 5, 6, 7, 8, 10, 11, 15, 17, 18, 23, 25, 26, 27, 28]",14,"[1, 5, 6, 8, 10, 11, 15, 17, 18, 23, 25, 26, 27, 28]",1,[7],0.12388861440122127,0.058576434215592124,0.2420256891645846,17.07171174536629,0.5700000000000001,0.054186666666666654,0.2327802969898154,0.6064285714285714,0.0381515306122449,0.19532416801882171
1,5,7,010001110001001111100001010000,0.3954545454545454,0.0733158632435582,0.8100000023841858,12,"[1, 5, 6, 7, 11, 14, 15, 16, 17, 18, 23, 25]",11,"[1, 5, 6, 11, 14, 15, 16, 17, 18, 23, 25]",1,[7],0.06720620797326167,0.014222205440825949,0.11925688844182523,70.31258296476453,0.5591666666666667,0.05792430555555555,0.24067468823196914,0.6045454545454546,0.0384793388429752,0.196161512134708
1,5,8,010011100111110000011001010011,0.42733333333333334,0.10753070302307606,0.7865000069141388,15,"[1, 4, 5, 6, 9, 10, 11, 12, 13, 19, 20, 23, 25, 28, 29]",15,"[1, 4, 5, 6, 9, 10, 11, 12, 13, 19, 20, 23, 25, 28, 29]",0,[],0.10753070302307606,0.04567190935748812,0.21370987192333468,21.895296563423518,0.5726666666666667,0.0645528888888889,0.2540726055459126,0.5726666666666667,0.0645528888888889,0.2540726055459126
1,5,9,001001101001011000110101000011,0.3669230769230769,0.1784786875717915,0.7430000007152557,13,"[2, 5, 6, 8, 11, 13, 14, 18, 19, 21, 23, 28, 29]",13,"[2, 5, 6, 8, 11, 13, 14, 18, 19, 21, 23, 28, 29]",0,[],0.1784786875717915,0.07916455480766735,0.28136196403861585,12.631915917793386,0.6330769230769231,0.03899053254437869,0.197460204963883,0.6330769230769231,0.03899053254437869,0.197460204963883
1,5,10,010001100101111000010001010011,0.40846153846153843,0.09391458991628426,0.7935000061988831,13,"[1, 5, 6, 9, 11, 12, 13, 14, 19, 23, 25, 28, 29]",13,"[1, 5, 6, 9, 11, 12, 13, 14, 19, 23, 25, 28, 29]",0,[],0.09391458991628426,0.049629563279477464,0.2227769361479717,20.149280669038536,0.5915384615384616,0.06319763313609467,0.2513913943159047,0.5915384615384616,0.06319763313609467,0.2513913943159047
1,5,11,000001011001100101110000101100,0.3545454545454545,0.18474761125716296,0.7689999938011169,12,"[5, 7, 8, 11, 12, 15, 17, 18, 19, 24, 26, 27]",11,"[5, 8, 11, 12, 15, 17, 18, 19, 24, 26, 27]",1,[7],0.1693519769857327,0.06798901592343373,0.2607470343521355,14.708258185795135,0.5966666666666668,0.0751388888888889,0.27411473672330877,0.6454545454545455,0.053406611570247946,0.23109870525437382
1,5,12,110010101100110000110101000000,0.3975000000000001,0.19321338894466558,0.6635000109672546,12,"[0, 1, 4, 6, 8, 9, 12, 13, 18, 19, 21, 23]",12,"[0, 1, 4, 6, 8, 9, 12, 13, 18, 19, 21, 23]",0,[],0.19321338894466558,0.08193456305127872,0.2862421405930278,12.2048615719614,0.6024999999999999,0.06980208333333333,0.2642008390095182,0.6024999999999999,0.06980208333333333,0.2642008390095182
1,5,13,000010010001001101100100010011,0.46399999999999986,0.0698352225124836,0.7159999907016754,11,"[4, 7, 11, 14, 15, 17, 18, 21, 25, 28, 29]",10,"[4, 11, 14, 15, 17, 18, 21, 25, 28, 29]",1,[7],0.06348656592043964,0.006708961842125827,0.0819082525886484,149.054357966528,0.4927272727272728,0.06041983471074379,0.245804464383265,0.5360000000000001,0.045863999999999995,0.21415881957089694
1,5,14,011010111111111101100001010111,0.4426315789473684,0.16522918210217827,0.6254999935626984,20,"[1, 2, 4, 6, 7, 8, 9, 10, 11, 12, 13, 14, 15, 17, 18, 23, 25, 27, 28, 29]",19,"[1, 2, 4, 6, 8, 9, 10, 11, 12, 13, 14, 15, 17, 18, 23, 25, 27, 28, 29]",1,[7],0.15696772299706935,0.07163054294429112,0.2676388292910637,13.960525201906192,0.5325,0.06016875000000001,0.24529319191530777,0.5573684210526316,0.05096675900277008,0.22575818701161224
1,5,15,001001001001110010100100000100,0.2819999999999999,0.32141345255076886,0.8894999995827675,10,"[2, 5, 8, 11, 12, 13, 16, 18, 21, 27]",10,"[2, 5, 8, 11, 12, 13, 16, 18, 21, 27]",0,[],0.32141345255076886,0.10222332319000345,0.31972382330693383,9.782503334794649,0.7180000000000001,0.024756,0.1573403953217355,0.7180000000000001,0.024756,0.1573403953217355
1,5,16,001111101111111000110101011110,0.38749999999999996,0.17518594451248645,0.8145000040531158,20,"[2, 3, 4, 5, 6, 8, 9, 10, 11, 12, 13, 14, 18, 19, 21, 23, 25, 26, 27, 28]",20,"[2, 3, 4, 5, 6, 8, 9, 10, 11, 12, 13, 14, 18, 19, 21, 23, 25, 26, 27, 28]",0,[],0.17518594451248645,0.0749883965654564,0.2738400930569817,13.335396485336407,0.6125,0.040028749999999995,0.20007186208960018,0.6125,0.040028749999999995,0.20007186208960018
1,5,17,000001110001001111000101010001,0.45545454545454545,0.0942547737874768,0.7650000005960464,12,"[5, 6, 7, 11, 14, 15, 16, 17, 21, 23, 25, 29]",11,"[5, 6, 11, 14, 15, 16, 17, 21, 23, 25, 29]",1,[7],0.08640020930518706,0.015360262838921902,0.12393652746031697,65.10305262915588,0.5041666666666667,0.059207638888888886,0.24332619852553666,0.5445454545454546,0.04502479338842975,0.21219046488574775
1,5,18,111001111111101101100111011011,0.46523809523809534,0.10544718837454206,0.6579999923706055,22,"[0, 1, 2, 5, 6, 7, 8, 9, 10, 11, 12, 14, 15, 17, 18, 21, 22, 23, 25, 26, 28, 29]",21,"[0, 1, 2, 5, 6, 8, 9, 10, 11, 12, 14, 15, 17, 18, 21, 22, 23, 25, 26, 28, 29]",1,[7],0.10065413435751741,0.02918999920483598,0.17085080978688974,34.258308572832284,0.5131818181818182,0.07104896694214877,0.26655012088188734,0.5347619047619047,0.06418684807256235,0.25335123459845693
1,5,19,001101101011100101010001010010,0.39428571428571424,0.12995421021644557,0.8090000003576279,14,"[2, 3, 5, 6, 8, 10, 11, 12, 15, 17, 19, 23, 25, 28]",14,"[2, 3, 5, 6, 8, 10, 11, 12, 15, 17, 19, 23, 25, 28]",0,[],0.12995421021644557,0.04797559274421166,0.21903331423372943,20.843932149658574,0.6057142857142858,0.03358163265306122,0.18325291990323433,0.6057142857142858,0.03358163265306122,0.18325291990323433
1,5,20,010101001001011000111101001011,0.31733333333333336,0.1962786290794611,0.7985000014305115,15,"[1, 3, 5, 8, 11, 13, 14, 18, 19, 20, 21, 23, 26, 28, 29]",15,"[1, 3, 5, 8, 11, 13, 14, 18, 19, 20, 21, 23, 26, 28, 29]",0,[],0.1962786290794611,0.07372413363938304,0.27152188427341,13.564079367706604,0.6826666666666666,0.04003288888888889,0.20008220532793236,0.6826666666666666,0.04003288888888889,0.20008220532793236
1,5,21,011100110001110110101100011000,0.3442857142857143,0.20318645864192927,0.698500007390976,15,"[1, 2, 3, 6, 7, 11, 12, 13, 15, 16, 18, 20, 21, 25, 26]",14,"[1, 2, 3, 6, 11, 12, 13, 15, 16, 18, 20, 21, 25, 26]",1,[7],0.18964069473246734,0.054308886510332166,0.2330426710075478,18.413192835573085,0.6159999999999999,0.05477066666666665,0.23403133693304118,0.6557142857142857,0.03502448979591837,0.18714830962613146
2,1,0,000110110101110011010101111001,0.515,0.17006219225004315,0.6365000009536743,17,"[3, 4, 6, 7, 9, 11, 12, 13, 16, 17, 19, 21, 23, 24, 25, 26, 29]",16,"[3, 4, 6, 7, 9, 11, 12, 13, 16, 17, 19, 21, 23, 24, 25, 26]",1,[29],0.16916217567289576,0.063929426170304,0.2528426905613528,15.64224895959589,0.46058823529411763,0.05287612456747405,0.22994809102811453,0.485,0.04605,0.21459263733874934
2,1,1,001111101111111000110101000110,0.41333333333333344,0.20675649711241326,0.7804999947547913,18,"[2, 3, 4, 5, 6, 8, 9, 10, 11, 12, 13, 14, 18, 19, 21, 23, 27, 28]",18,"[2, 3, 4, 5, 6, 8, 9, 10, 11, 12, 13, 14, 18, 19, 21, 23, 27, 28]",0,[],0.20675649711241326,0.09475842893323921,0.30782857069031005,10.553150904438661,0.5866666666666666,0.03263333333333333,0.18064698539785634,0.5866666666666666,0.03263333333333333,0.18064698539785634
2,1,2,001001001000100000010010010110,0.3944444444444445,0.24069722327921125,0.8075000047683716,9,"[2, 5, 8, 12, 19, 22, 25, 27, 28]",9,"[2, 5, 8, 12, 19, 22, 25, 27, 28]",0,[],0.24069722327921125,0.08744897878749816,0.295717734989801,11.435239311713513,0.6055555555555555,0.0497358024691358,0.2230152516513967,0.6055555555555555,0.0497358024691358,0.2230152516513967
2,1,3,101010111011100101110001111110,0.49789473684210517,0.14979136029356405,0.7944999933242798,19,"[0, 2, 4, 6, 7, 8, 10, 11, 12, 15, 17, 18, 19, 23, 24, 25, 26, 27, 28]",19,"[0, 2, 4, 6, 7, 8, 10, 11, 12, 15, 17, 18, 19, 23, 24, 25, 26, 27, 28]",0,[],0.14979136029356405,0.055831511921257175,0.2362869271061291,17.911032060359844,0.5021052631578948,0.04643767313019389,0.2154940211008043,0.5021052631578948,0.04643767313019389,0.2154940211008043
2,1,4,011011011100001100011100011110,0.441875,0.19118230522144586,0.8125,16,"[1, 2, 4, 5, 7, 8, 9, 14, 15, 19, 20, 21, 25, 26, 27, 28]",16,"[1, 2, 4, 5, 7, 8, 9, 14, 15, 19, 20, 21, 25, 26, 27, 28]",0,[],0.19118230522144586,0.05945748650096966,0.2438390586041737,16.818739890454193,0.558125,0.046940234375,0.21665695090395784,0.558125,0.046940234375,0.21665695090395784
2,1,5,001101101111111101100001010010,0.4505882352941176,0.1728154564385905,0.5864999890327454,17,"[2, 3, 5, 6, 8, 9, 10, 11, 12, 13, 14, 15, 17, 18, 23, 25, 28]",17,"[2, 3, 5, 6, 8, 9, 10, 11, 12, 13, 14, 15, 17, 18, 23, 25, 28]",0,[],0.1728154564385905,0.08817430434410559,0.2969415840600733,11.34117254951555,0.5494117647058824,0.027582006920415222,0.16607831562372982,0.5494117647058824,0.027582006920415222,0.16607831562372982
2,1,6,011011001010110110101100001000,0.38857142857142857,0.2609860221190112,0.7670000046491623,14,"[1, 2, 4, 5, 8, 10, 12, 13, 15, 16, 18, 20, 21, 26]",14,"[1, 2, 4, 5, 8, 10, 12, 13, 15, 16, 18, 20, 21, 26]",0,[],0.2609860221190112,0.08563331070735745,0.29263169805637507,11.677698686874217,0.6114285714285714,0.02674081632653061,0.1635261946188763,0.6114285714285714,0.02674081632653061,0.1635261946188763
2,1,7,000010111110101101100110010011,0.5233333333333333,0.11397113713125388,0.7005000114440918,16,"[4, 6, 7, 8, 9, 10, 12, 14, 15, 17, 18, 21, 22, 25, 28, 29]",15,"[4, 6, 7, 8, 9, 10, 12, 14, 15, 17, 18, 21, 22, 25, 28]",1,[29],0.11652056046295911,0.04343321690418992,0.2084063744327172,23.023852969627306,0.45124999999999993,0.0521234375,0.22830557921347433,0.4766666666666667,0.04526222222222222,0.2127492002857407
2,1,8,110011100111110000011100100101,0.42533333333333323,0.20358696257074674,0.659500002861023,16,"[0, 1, 4, 5, 6, 9, 10, 11, 12, 13, 19, 20, 21, 24, 27, 29]",15,"[0, 1, 4, 5, 6, 9, 10, 11, 12, 13, 19, 20, 21, 24, 27]",1,[29],0.20053539681248367,0.06633988188493102,0.25756529635207265,15.073888761733658,0.543125,0.070371484375,0.2652762416331323,0.5746666666666668,0.05914488888888889,0.24319722220635845
2,1,9,111111110001101111011111011010,0.4722727272727272,0.1375419579615647,0.8174999952316284,22,"[0, 1, 2, 3, 4, 5, 6, 7, 11, 12, 14, 15, 16, 17, 19, 20, 21, 22, 23, 25, 26, 28]",22,"[0, 1, 2, 3, 4, 5, 6, 7, 11, 12, 14, 15, 16, 17, 19, 20, 21, 22, 23, 25, 26, 28]",0,[],0.1375419579615647,0.026520236593872194,0.16285035030319153,37.70705425120761,0.5277272727272728,0.04448119834710744,0.21090566219783535,0.5277272727272728,0.04448119834710744,0.21090566219783535
2,2,0,000110110101110011010101111001,0.515,0.17006219225004315,0.6365000009536743,17,"[3, 4, 6, 7, 9, 11, 12, 13, 16, 17, 19, 21, 23, 24, 25, 26, 29]",16,"[3, 4, 6, 7, 9, 11, 12, 13, 16, 17, 19, 21, 23, 24, 25, 26]",1,[29],0.16916217567289576,0.063929426170304,0.2528426905613528,15.64224895959589,0.46058823529411763,0.05287612456747405,0.22994809102811453,0.485,0.04605,0.21459263733874934
2,2,1,001111101111111000110101000110,0.41333333333333344,0.20675649711241326,0.7804999947547913,18,"[2, 3, 4, 5, 6, 8, 9, 10, 11, 12, 13, 14, 18, 19, 21, 23, 27, 28]",18,"[2, 3, 4, 5, 6, 8, 9, 10, 11, 12, 13, 14, 18, 19, 21, 23, 27, 28]",0,[],0.20675649711241326,0.09475842893323921,0.30782857069031005,10.553150904438661,0.5866666666666666,0.03263333333333333,0.18064698539785634,0.5866666666666666,0.03263333333333333,0.18064698539785634
2,2,2,001001001000100000010010010110,0.3944444444444445,0.24069722327921125,0.8075000047683716,9,"[2, 5, 8, 12, 19, 22, 25, 27, 28]",9,"[2, 5, 8, 12, 19, 22, 25, 27, 28]",0,[],0.24069722327921125,0.08744897878749816,0.295717734989801,11.435239311713513,0.6055555555555555,0.0497358024691358,0.2230152516513967,0.6055555555555555,0.0497358024691358,0.2230152516513967
2,2,3,001101101111111101100001010010,0.4505882352941176,0.1728154564385905,0.5864999890327454,17,"[2, 3, 5, 6, 8, 9, 10, 11, 12, 13, 14, 15, 17, 18, 23, 25, 28]",17,"[2, 3, 5, 6, 8, 9, 10, 11, 12, 13, 14, 15, 17, 18, 23, 25, 28]",0,[],0.1728154564385905,0.08817430434410559,0.2969415840600733,11.34117254951555,0.5494117647058824,0.027582006920415222,0.16607831562372982,0.5494117647058824,0.027582006920415222,0.16607831562372982
2,2,4,011011001010110110101100001000,0.38857142857142857,0.2609860221190112,0.7670000046491623,14,"[1, 2, 4, 5, 8, 10, 12, 13, 15, 16, 18, 20, 21, 26]",14,"[1, 2, 4, 5, 8, 10, 12, 13, 15, 16, 18, 20, 21, 26]",0,[],0.2609860221190112,0.08563331070735745,0.29263169805637507,11.677698686874217,0.6114285714285714,0.02674081632653061,0.1635261946188763,0.6114285714285714,0.02674081632653061,0.1635261946188763
2,2,5,000010111110101101100110010011,0.5233333333333333,0.11397113713125388,0.7005000114440918,16,"[4, 6, 7, 8, 9, 10, 12, 14, 15, 17, 18, 21, 22, 25, 28, 29]",15,"[4, 6, 7, 8, 9, 10, 12, 14, 15, 17, 18, 21, 22, 25, 28]",1,[29],0.11652056046295911,0.04343321690418992,0.2084063744327172,23.023852969627306,0.45124999999999993,0.0521234375,0.22830557921347433,0.4766666666666667,0.04526222222222222,0.2127492002857407
2,2,6,110011100111110000011100100101,0.42533333333333323,0.20358696257074674,0.659500002861023,16,"[0, 1, 4, 5, 6, 9, 10, 11, 12, 13, 19, 20, 21, 24, 27, 29]",15,"[0, 1, 4, 5, 6, 9, 10, 11, 12, 13, 19, 20, 21, 24, 27]",1,[29],0.20053539681248367,0.06633988188493102,0.25756529635207265,15.073888761733658,0.543125,0.070371484375,0.2652762416331323,0.5746666666666668,0.05914488888888889,0.24319722220635845
2,2,7,111111110001101111011111011010,0.4722727272727272,0.1375419579615647,0.8174999952316284,22,"[0, 1, 2, 3, 4, 5, 6, 7, 11, 12, 14, 15, 16, 17, 19, 20, 21, 22, 23, 25, 26, 28]",22,"[0, 1, 2, 3, 4, 5, 6, 7, 11, 12, 14, 15, 16, 17, 19, 20, 21, 22, 23, 25, 26, 28]",0,[],0.1375419579615647,0.026520236593872194,0.16285035030319153,37.70705425120761,0.5277272727272728,0.04448119834710744,0.21090566219783535,0.5277272727272728,0.04448119834710744,0.21090566219783535
2,2,8,010111111110101101100110010011,0.4816666666666667,0.13376663325147498,0.6624999940395355,19,"[1, 3, 4, 5, 6, 7, 8, 9, 10, 12, 14, 15, 17, 18, 21, 22, 25, 28, 29]",18,"[1, 3, 4, 5, 6, 7, 8, 9, 10, 12, 14, 15, 17, 18, 21, 22, 25, 28]",1,[29],0.13487164784026773,0.04621840681612518,0.21498466646746037,21.636401357978208,0.4947368421052632,0.05530914127423822,0.2351789558490262,0.5183333333333333,0.04780277777777778,0.21863846362837847
2,2,9,010011001111110110101100001000,0.40733333333333344,0.22678478608528774,0.7010000050067902,15,"[1, 4, 5, 8, 9, 10, 11, 12, 13, 15, 16, 18, 20, 21, 26]",15,"[1, 4, 5, 8, 9, 10, 11, 12, 13, 15, 16, 18, 20, 21, 26]",0,[],0.22678478608528774,0.08783118159756104,0.29636325952715703,11.385478161753078,0.5926666666666666,0.037726222222222223,0.19423239230937311,0.5926666666666666,0.037726222222222223,0.19423239230937311
2,2,10,000111101100101001010101000110,0.4235714285714286,0.18162536794053658,0.6875,14,"[3, 4, 5, 6, 8, 9, 12, 14, 17, 19, 21, 23, 27, 28]",14,"[3, 4, 5, 6, 8, 9, 12, 14, 17, 19, 21, 23, 27, 28]",0,[],0.18162536794053658,0.07791131877859922,0.2791259908689967,12.835105549191157,0.5764285714285714,0.03928010204081633,0.19819208369865918,0.5764285714285714,0.03928010204081633,0.19819208369865918
2,3,0,001101101111111101100001010010,0.4505882352941176,0.1728154564385905,0.5864999890327454,17,"[2, 3, 5, 6, 8, 9, 10, 11, 12, 13, 14, 15, 17, 18, 23, 25, 28]",17,"[2, 3, 5, 6, 8, 9, 10, 11, 12, 13, 14, 15, 17, 18, 23, 25, 28]",0,[],0.1728154564385905,0.08817430434410559,0.2969415840600733,11.34117254951555,0.5494117647058824,0.027582006920415222,0.16607831562372982,0.5494117647058824,0.027582006920415222,0.16607831562372982
2,3,1,000010111110101101100110010011,0.5233333333333333,0.11397113713125388,0.7005000114440918,16,"[4, 6, 7, 8, 9, 10, 12, 14, 15, 17, 18, 21, 22, 25, 28, 29]",15,"[4, 6, 7, 8, 9, 10, 12, 14, 15, 17, 18, 21, 22, 25, 28]",1,[29],0.11652056046295911,0.04343321690418992,0.2084063744327172,23.023852969627306,0.45124999999999993,0.0521234375,0.22830557921347433,0.4766666666666667,0.04526222222222222,0.2127492002857407
2,3,2,110011100111110000011100100101,0.42533333333333323,0.20358696257074674,0.659500002861023,16,"[0, 1, 4, 5, 6, 9, 10, 11, 12, 13, 19, 20, 21, 24, 27, 29]",15,"[0, 1, 4, 5, 6, 9, 10, 11, 12, 13, 19, 20, 21, 24, 27]",1,[29],0.20053539681248367,0.06633988188493102,0.25756529635207265,15.073888761733658,0.543125,0.070371484375,0.2652762416331323,0.5746666666666668,0.05914488888888889,0.24319722220635845
2,3,3,111111110001101111011111011010,0.4722727272727272,0.1375419579615647,0.8174999952316284,22,"[0, 1, 2, 3, 4, 5, 6, 7, 11, 12, 14, 15, 16, 17, 19, 20, 21, 22, 23, 25, 26, 28]",22,"[0, 1, 2, 3, 4, 5, 6, 7, 11, 12, 14, 15, 16, 17, 19, 20, 21, 22, 23, 25, 26, 28]",0,[],0.1375419579615647,0.026520236593872194,0.16285035030319153,37.70705425120761,0.5277272727272728,0.04448119834710744,0.21090566219783535,0.5277272727272728,0.04448119834710744,0.21090566219783535
2,3,4,010111111110101101100110010011,0.4816666666666667,0.13376663325147498,0.6624999940395355,19,"[1, 3, 4, 5, 6, 7, 8, 9, 10, 12, 14, 15, 17, 18, 21, 22, 25, 28, 29]",18,"[1, 3, 4, 5, 6, 7, 8, 9, 10, 12, 14, 15, 17, 18, 21, 22, 25, 28]",1,[29],0.13487164784026773,0.04621840681612518,0.21498466646746037,21.636401357978208,0.4947368421052632,0.05530914127423822,0.2351789558490262,0.5183333333333333,0.04780277777777778,0.21863846362837847
2,3,5,010011001111110110101100001000,0.40733333333333344,0.22678478608528774,0.7010000050067902,15,"[1, 4, 5, 8, 9, 10, 11, 12, 13, 15, 16, 18, 20, 21, 26]",15,"[1, 4, 5, 8, 9, 10, 11, 12, 13, 15, 16, 18, 20, 21, 26]",0,[],0.22678478608528774,0.08783118159756104,0.29636325952715703,11.385478161753078,0.5926666666666666,0.037726222222222223,0.19423239230937311,0.5926666666666666,0.037726222222222223,0.19423239230937311
2,3,6,000111101100101001010101000110,0.4235714285714286,0.18162536794053658,0.6875,14,"[3, 4, 5, 6, 8, 9, 12, 14, 17, 19, 21, 23, 27, 28]",14,"[3, 4, 5, 6, 8, 9, 12, 14, 17, 19, 21, 23, 27, 28]",0,[],0.18162536794053658,0.07791131877859922,0.2791259908689967,12.835105549191157,0.5764285714285714,0.03928010204081633,0.19819208369865918,0.5764285714285714,0.03928010204081633,0.19819208369865918
2,3,7,011011001111111101100110010011,0.4455555555555555,0.16895592409289545,0.7209999859333038,19,"[1, 2, 4, 5, 8, 9, 10, 11, 12, 13, 14, 15, 17, 18, 21, 22, 25, 28, 29]",18,"[1, 2, 4, 5, 8, 9, 10, 11, 12, 13, 14, 15, 17, 18, 21, 22, 25, 28]",1,[29],0.1682088707426661,0.06900992416134621,0.2626974003703619,14.490669453019327,0.5289473684210527,0.04954626038781164,0.22258989282492508,0.5544444444444445,0.03994691358024691,0.19986723988749858
2,3,8,000011101111111000110111110011,0.4816666666666667,0.15321339739279616,0.5719999969005585,19,"[4, 5, 6, 8, 9, 10, 11, 12, 13, 14, 18, 19, 21, 22, 23, 24, 25, 28, 29]",18,"[4, 5, 6, 8, 9, 10, 11, 12, 13, 14, 18, 19, 21, 22, 23, 24, 25, 28]",1,[29],0.15329489807941413,0.07006143938706298,0.2646912151679065,14.273186630885183,0.4947368421052632,0.051267036011080326,0.22642225158115606,0.5183333333333333,0.04353611111111111,0.20865308795009746
2,3,9,001000010101001101100001010010,0.5381818181818181,0.05312782746147026,0.7989999949932098,11,"[2, 7, 9, 11, 14, 15, 17, 18, 23, 25, 28]",11,"[2, 7, 9, 11, 14, 15, 17, 18, 23, 25, 28]",0,[],0.05312782746147026,0.010234833162615425,0.10116735225662192,97.7055496764403,0.46181818181818185,0.03441487603305785,0.18551246867274945,0.46181818181818185,0.03441487603305785,0.18551246867274945
2,3,10,010111101100101001010101100110,0.4325000000000001,0.18310802069026977,0.6769999861717224,16,"[1, 3, 4, 5, 6, 8, 9, 12, 14, 17, 19, 21, 23, 24, 27, 28]",16,"[1, 3, 4, 5, 6, 8, 9, 12, 14, 17, 19, 21, 23, 24, 27, 28]",0,[],0.18310802069026977,0.06903600666746308,0.2627470393124594,14.48519473058258,0.5674999999999999,0.049806249999999996,0.22317313906471808,0.5674999999999999,0.049806249999999996,0.22317313906471808
2,3,11,010111111110100110101100001000,0.446875,0.18877481715753675,0.6654999852180481,16,"[1, 3, 4, 5, 6, 7, 8, 9, 10, 12, 15, 16, 18, 20, 21, 26]",16,"[1, 3, 4, 5, 6, 7, 8, 9, 10, 12, 15, 16, 18, 20, 21, 26]",0,[],0.18877481715753675,0.05982944212106192,0.24460057669813848,16.71417891506575,0.553125,0.047233984374999996,0.21733380863317148,0.553125,0.047233984374999996,0.21733380863317148
2,3,12,111110111111101101100110001111,0.47999999999999987,0.16873056131104627,0.6904999911785126,22,"[0, 1, 2, 3, 4, 6, 7, 8, 9, 10, 11, 12, 14, 15, 17, 18, 21, 22, 26, 27, 28, 29]",21,"[0, 1, 2, 3, 4, 6, 7, 8, 9, 10, 11, 12, 14, 15, 17, 18, 21, 22, 26, 27, 28]",1,[29],0.16809562263502317,0.05480781654143765,0.2341106929241756,18.245572677465564,0.4995454545454546,0.059258884297520666,0.24343147762259643,0.5200000000000001,0.052876190476190466,0.22994823434023245
2,3,13,011011101000100000010000001000,0.3588888888888889,0.16285104801257452,0.7650000005960464,9,"[1, 2, 4, 5, 6, 8, 12, 19, 26]",9,"[1, 2, 4, 5, 6, 8, 12, 19, 26]",0,[],0.16285104801257452,0.06264096553887832,0.25028177228651377,15.96399403165883,0.6411111111111111,0.028676543209876542,0.16934149878242055,0.6411111111111111,0.028676543209876542,0.16934149878242055
2,3,14,000010111110101101101100001000,0.4792857142857143,0.13109447341412306,0.6980000138282776,14,"[4, 6, 7, 8, 9, 10, 12, 14, 15, 17, 18, 20, 21, 26]",14,"[4, 6, 7, 8, 9, 10, 12, 14, 15, 17, 18, 20, 21, 26]",0,[],0.13109447341412306,0.05181542763439656,0.22763002357860565,19.299271387971167,0.5207142857142857,0.043906632653061224,0.20953909576272686,0.5207142857142857,0.043906632653061224,0.20953909576272686
2,3,15,001011001001000010011010000100,0.395,0.3091111619025469,0.7479999959468842,10,"[2, 4, 5, 8, 11, 16, 19, 20, 22, 27]",10,"[2, 4, 5, 8, 11, 16, 19, 20, 22, 27]",0,[],0.3091111619025469,0.07383353738822154,0.27172327354906783,13.543980626878744,0.605,0.037625,0.19397164741270823,0.605,0.037625,0.19397164741270823
2,3,16,111111100001101111011111011010,0.45238095238095233,0.1440915750073535,0.8034999966621399,21,"[0, 1, 2, 3, 4, 5, 6, 11, 12, 14, 15, 16, 17, 19, 20, 21, 22, 23, 25, 26, 28]",21,"[0, 1, 2, 3, 4, 5, 6, 11, 12, 14, 15, 16, 17, 19, 20, 21, 22, 23, 25, 26, 28]",0,[],0.1440915750073535,0.026839360367281496,0.1638272271854758,37.25871206748464,0.5476190476190477,0.03789433106575963,0.19466466311521366,0.5476190476190477,0.03789433106575963,0.19466466311521366
2,4,0,001000010101001101100001010010,0.5381818181818181,0.05312782746147026,0.7989999949932098,11,"[2, 7, 9, 11, 14, 15, 17, 18, 23, 25, 28]",11,"[2, 7, 9, 11, 14, 15, 17, 18, 23, 25, 28]",0,[],0.05312782746147026,0.010234833162615425,0.10116735225662192,97.7055496764403,0.46181818181818185,0.03441487603305785,0.18551246867274945,0.46181818181818185,0.03441487603305785,0.18551246867274945
2,4,1,011011101000100000010000001000,0.3588888888888889,0.16285104801257452,0.7650000005960464,9,"[1, 2, 4, 5, 6, 8, 12, 19, 26]",9,"[1, 2, 4, 5, 6, 8, 12, 19, 26]",0,[],0.16285104801257452,0.06264096553887832,0.25028177228651377,15.96399403165883,0.6411111111111111,0.028676543209876542,0.16934149878242055,0.6411111111111111,0.028676543209876542,0.16934149878242055
2,4,2,011011101100100000010000000000,0.38111111111111107,0.15992707138260207,0.6610000133514404,9,"[1, 2, 4, 5, 6, 8, 9, 12, 19]",9,"[1, 2, 4, 5, 6, 8, 9, 12, 19]",0,[],0.15992707138260207,0.06350781446266265,0.2520075682646508,15.74609374391111,0.6188888888888889,0.043787654320987655,0.20925499831781236,0.6188888888888889,0.043787654320987655,0.20925499831781236
2,4,3,011011101001101101100001010010,0.41000000000000003,0.11252007621030012,0.5489999949932098,15,"[1, 2, 4, 5, 6, 8, 11, 12, 14, 15, 17, 18, 23, 25, 28]",15,"[1, 2, 4, 5, 6, 8, 11, 12, 14, 15, 17, 18, 23, 25, 28]",0,[],0.11252007621030012,0.045661194826533864,0.21368480251654273,21.900434357860842,0.59,0.026533333333333336,0.16289055630494156,0.59,0.026533333333333336,0.16289055630494156
2,4,4,011011000001001101100001001001,0.4236363636363636,0.07594500871544535,0.7639999985694885,12,"[1, 2, 4, 5, 11, 14, 15, 17, 18, 23, 26, 29]",11,"[1, 2, 4, 5, 11, 14, 15, 17, 18, 23, 26]",1,[29],0.08251308385903637,0.009288654367422646,0.09637766529348304,107.65822049609467,0.5341666666666668,0.03819097222222222,0.19542510642755762,0.5763636363636364,0.02029586776859504,0.1424635664603236
2,4,5,111111110001101000110111011010,0.46736842105263154,0.09963062572243966,0.6980000138282776,19,"[0, 1, 2, 3, 4, 5, 6, 7, 11, 12, 14, 18, 19, 21, 22, 23, 25, 26, 28]",19,"[0, 1, 2, 3, 4, 5, 6, 7, 11, 12, 14, 18, 19, 21, 22, 23, 25, 26, 28]",0,[],0.09963062572243966,0.018845796763400327,0.13727999403919103,53.0622298730325,0.5326315789473685,0.04802991689750693,0.21915728803192225,0.5326315789473685,0.04802991689750693,0.21915728803192225
2,5,0,001000010101001101100001010010,0.5381818181818181,0.05312782746147026,0.7989999949932098,11,"[2, 7, 9, 11, 14, 15, 17, 18, 23, 25, 28]",11,"[2, 7, 9, 11, 14, 15, 17, 18, 23, 25, 28]",0,[],0.05312782746147026,0.010234833162615425,0.10116735225662192,97.7055496764403,0.46181818181818185,0.03441487603305785,0.18551246867274945,0.46181818181818185,0.03441487603305785,0.18551246867274945
2,5,1,011011101000100000010000001000,0.3588888888888889,0.16285104801257452,0.7650000005960464,9,"[1, 2, 4, 5, 6, 8, 12, 19, 26]",9,"[1, 2, 4, 5, 6, 8, 12, 19, 26]",0,[],0.16285104801257452,0.06264096553887832,0.25028177228651377,15.96399403165883,0.6411111111111111,0.028676543209876542,0.16934149878242055,0.6411111111111111,0.028676543209876542,0.16934149878242055
2,5,2,011011101100100000010000000000,0.38111111111111107,0.15992707138260207,0.6610000133514404,9,"[1, 2, 4, 5, 6, 8, 9, 12, 19]",9,"[1, 2, 4, 5, 6, 8, 9, 12, 19]",0,[],0.15992707138260207,0.06350781446266265,0.2520075682646508,15.74609374391111,0.6188888888888889,0.043787654320987655,0.20925499831781236,0.6188888888888889,0.043787654320987655,0.20925499831781236
2,5,3,011011101001101101100001010010,0.41000000000000003,0.11252007621030012,0.5489999949932098,15,"[1, 2, 4, 5, 6, 8, 11, 12, 14, 15, 17, 18, 23, 25, 28]",15,"[1, 2, 4, 5, 6, 8, 11, 12, 14, 15, 17, 18, 23, 25, 28]",0,[],0.11252007621030012,0.045661194826533864,0.21368480251654273,21.900434357860842,0.59,0.026533333333333336,0.16289055630494156,0.59,0.026533333333333336,0.16289055630494156
2,5,4,011011000001001101100001001001,0.4236363636363636,0.07594500871544535,0.7639999985694885,12,"[1, 2, 4, 5, 11, 14, 15, 17, 18, 23, 26, 29]",11,"[1, 2, 4, 5, 11, 14, 15, 17, 18, 23, 26]",1,[29],0.08251308385903637,0.009288654367422646,0.09637766529348304,107.65822049609467,0.5341666666666668,0.03819097222222222,0.19542510642755762,0.5763636363636364,0.02029586776859504,0.1424635664603236
2,5,5,111111110001101000110111011010,0.46736842105263154,0.09963062572243966,0.6980000138282776,19,"[0, 1, 2, 3, 4, 5, 6, 7, 11, 12, 14, 18, 19, 21, 22, 23, 25, 26, 28]",19,"[0, 1, 2, 3, 4, 5, 6, 7, 11, 12, 14, 18, 19, 21, 22, 23, 25, 26, 28]",0,[],0.09963062572243966,0.018845796763400327,0.13727999403919103,53.0622298730325,0.5326315789473685,0.04802991689750693,0.21915728803192225,0.5326315789473685,0.04802991689750693,0.21915728803192225
2,5,6,001000010100001101110000001000,0.5355555555555556,0.07282469856242339,0.80799999833107,9,"[2, 7, 9, 14, 15, 17, 18, 19, 26]",9,"[2, 7, 9, 14, 15, 17, 18, 19, 26]",0,[],0.07282469856242339,0.011344113385606154,0.10650874792995246,88.15144612965861,0.46444444444444444,0.03658024691358024,0.19125963221124379,0.46444444444444444,0.03658024691358024,0.19125963221124379
2,5,7,011011101001101100010001010010,0.3928571428571429,0.1265512304380536,0.7839999943971634,14,"[1, 2, 4, 5, 6, 8, 11, 12, 14, 15, 19, 23, 25, 28]",14,"[1, 2, 4, 5, 6, 8, 11, 12, 14, 15, 19, 23, 25, 28]",0,[],0.1265512304380536,0.04697559640575725,0.21673854388584704,21.287648832861688,0.6071428571428571,0.027106122448979593,0.16463937089584493,0.6071428571428571,0.027106122448979593,0.16463937089584493
2,5,8,111011100001101000110111011010,0.44823529411764707,0.07926631335388212,0.7035000026226044,17,"[0, 1, 2, 4, 5, 6, 11, 12, 14, 18, 19, 21, 22, 23, 25, 26, 28]",17,"[0, 1, 2, 4, 5, 6, 11, 12, 14, 18, 19, 21, 22, 23, 25, 26, 28]",0,[],0.07926631335388212,0.008372641547814762,0.09150213958052983,119.43661917080368,0.5517647058823529,0.04224982698961938,0.2055476270590818,0.5517647058823529,0.04224982698961938,0.2055476270590818
2,5,9,011011101000100001100000001000,0.388,0.1381743349134922,0.6164999902248383,10,"[1, 2, 4, 5, 6, 8, 12, 17, 18, 26]",10,"[1, 2, 4, 5, 6, 8, 12, 17, 18, 26]",0,[],0.1381743349134922,0.060448948712877815,0.2458636791249936,16.542884885390304,0.612,0.029115999999999996,0.1706341114783325,0.612,0.029115999999999996,0.1706341114783325
2,5,10,001000010101001101100001000010,0.542,0.05451904144138098,0.7724999934434891,10,"[2, 7, 9, 11, 14, 15, 17, 18, 23, 28]",10,"[2, 7, 9, 11, 14, 15, 17, 18, 23, 28]",0,[],0.05451904144138098,0.011237026239160076,0.10600484064022772,88.99151596844061,0.458,0.03769599999999999,0.19415457759218555,0.458,0.03769599999999999,0.19415457759218555
2,5,11,111011110001101000110111011010,0.47277777777777763,0.07486262927866644,0.6980000138282776,18,"[0, 1, 2, 4, 5, 6, 7, 11, 12, 14, 18, 19, 21, 22, 23, 25, 26, 28]",18,"[0, 1, 2, 4, 5, 6, 7, 11, 12, 14, 18, 19, 21, 22, 23, 25, 26, 28]",0,[],0.07486262927866644,0.008237166163541624,0.09075883518171453,121.40097457619375,0.5272222222222224,0.05014228395061728,0.22392472831426474,0.5272222222222224,0.05014228395061728,0.22392472831426474
3,1,0,110111101100101001010111101111,0.5135000000000001,0.3912515942007303,0.5424999892711639,20,"[0, 1, 3, 4, 5, 6, 8, 9, 12, 14, 17, 19, 21, 22, 23, 24, 26, 27, 28, 29]",20,"[0, 1, 3, 4, 5, 6, 8, 9, 12, 14, 17, 19, 21, 22, 23, 24, 26, 27, 28, 29]",0,[],0.3912515942007303,0.0760253219495661,0.2757268973995212,13.153512202991825,0.48649999999999993,0.05021275000000001,0.22408201623512763,0.48649999999999993,0.05021275000000001,0.22408201623512763
3,1,1,000110110101110011010101111001,0.5335294117647058,0.31778116261257844,0.5530000030994415,17,"[3, 4, 6, 7, 9, 11, 12, 13, 16, 17, 19, 21, 23, 24, 25, 26, 29]",17,"[3, 4, 6, 7, 9, 11, 12, 13, 16, 17, 19, 21, 23, 24, 25, 26, 29]",0,[],0.31778116261257844,0.049762927613556746,0.22307605791199725,20.095280723145667,0.46647058823529414,0.04701107266435987,0.21682036957896705,0.46647058823529414,0.04701107266435987,0.21682036957896705
3,1,2,001111101111111000110101000110,0.42166666666666663,0.3627471836904685,0.715499997138977,18,"[2, 3, 4, 5, 6, 8, 9, 10, 11, 12, 13, 14, 18, 19, 21, 23, 27, 28]",18,"[2, 3, 4, 5, 6, 8, 9, 10, 11, 12, 13, 14, 18, 19, 21, 23, 27, 28]",0,[],0.3627471836904685,0.05541445327484632,0.23540274695688307,18.04583354887883,0.5783333333333334,0.030925000000000005,0.17585505395068976,0.5783333333333334,0.030925000000000005,0.17585505395068976
3,1,3,110010101101011100000011100000,0.5307692307692307,0.32569195559391606,0.6755000054836273,13,"[0, 1, 4, 6, 8, 9, 11, 13, 14, 15, 22, 23, 24]",13,"[0, 1, 4, 6, 8, 9, 11, 13, 14, 15, 22, 23, 24]",0,[],0.32569195559391606,0.05582724716592989,0.23627790240716523,17.912400320004984,0.4692307692307693,0.039268639053254444,0.1981631627050155,0.4692307692307693,0.039268639053254444,0.1981631627050155
3,1,4,111110111111110010100100001101,0.48684210526315796,0.33539185476930516,0.6514999866485596,19,"[0, 1, 2, 3, 4, 6, 7, 8, 9, 10, 11, 12, 13, 16, 18, 21, 26, 27, 29]",19,"[0, 1, 2, 3, 4, 6, 7, 8, 9, 10, 11, 12, 13, 16, 18, 21, 26, 27, 29]",0,[],0.33539185476930516,0.05504256763340435,0.2346115249372979,18.167757119548288,0.513157894736842,0.05457950138504156,0.23362256180652063,0.513157894736842,0.05457950138504156,0.23362256180652063
3,1,5,110111100100011100100011110101,0.5176470588235295,0.33800264404100533,0.5850000083446503,17,"[0, 1, 3, 4, 5, 6, 9, 13, 14, 15, 18, 22, 23, 24, 25, 27, 29]",17,"[0, 1, 3, 4, 5, 6, 9, 13, 14, 15, 18, 22, 23, 24, 25, 27, 29]",0,[],0.33800264404100533,0.04933832311365068,0.222122315658852,20.268220257435644,0.48235294117647054,0.046217993079584775,0.21498370421867974,0.48235294117647054,0.046217993079584775,0.21498370421867974
3,1,6,011011011100001100011100011110,0.4575,0.25753038097172976,0.8044999986886978,16,"[1, 2, 4, 5, 7, 8, 9, 14, 15, 19, 20, 21, 25, 26, 27, 28]",16,"[1, 2, 4, 5, 7, 8, 9, 14, 15, 19, 20, 21, 25, 26, 27, 28]",0,[],0.25753038097172976,0.04273761920768342,0.20673078921071097,23.398589311690504,0.5425,0.04360625,0.20882109567761586,0.5425,0.04360625,0.20882109567761586
3,1,7,001101101111111101100001010010,0.4447058823529412,0.4135705863728243,0.5035000145435333,17,"[2, 3, 5, 6, 8, 9, 10, 11, 12, 13, 14, 15, 17, 18, 23, 25, 28]",17,"[2, 3, 5, 6, 8, 9, 10, 11, 12, 13, 14, 15, 17, 18, 23, 25, 28]",0,[],0.4135705863728243,0.07324060074177469,0.27063000709783586,13.65362913291376,0.5552941176470588,0.020554325259515574,0.1433677971495537,0.5552941176470588,0.020554325259515574,0.1433677971495537
3,1,8,011011001010110110101100001000,0.4135714285714286,0.3072369934192726,0.7314999997615814,14,"[1, 2, 4, 5, 8, 10, 12, 13, 15, 16, 18, 20, 21, 26]",14,"[1, 2, 4, 5, 8, 10, 12, 13, 15, 16, 18, 20, 21, 26]",0,[],0.3072369934192726,0.05052871410795738,0.22478592951507748,19.79072726575715,0.5864285714285714,0.025937244897959184,0.16105044209178435,0.5864285714285714,0.025937244897959184,0.16105044209178435
3,1,9,110011100111110000011100100101,0.463125,0.3690009592100978,0.5954999923706055,16,"[0, 1, 4, 5, 6, 9, 10, 11, 12, 13, 19, 20, 21, 24, 27, 29]",16,"[0, 1, 4, 5, 6, 9, 10, 11, 12, 13, 19, 20, 21, 24, 27, 29]",0,[],0.3690009592100978,0.06042823089975981,0.24582154279021154,16.548556611872858,0.536875,0.060621484375000007,0.24621430578867673,0.536875,0.060621484375000007,0.24621430578867673
3,2,0,000110110101110011010101111001,0.5335294117647058,0.31778116261257844,0.5530000030994415,17,"[3, 4, 6, 7, 9, 11, 12, 13, 16, 17, 19, 21, 23, 24, 25, 26, 29]",17,"[3, 4, 6, 7, 9, 11, 12, 13, 16, 17, 19, 21, 23, 24, 25, 26, 29]",0,[],0.31778116261257844,0.049762927613556746,0.22307605791199725,20.095280723145667,0.46647058823529414,0.04701107266435987,0.21682036957896705,0.46647058823529414,0.04701107266435987,0.21682036957896705
3,2,1,001111101111111000110101000110,0.42166666666666663,0.3627471836904685,0.715499997138977,18,"[2, 3, 4, 5, 6, 8, 9, 10, 11, 12, 13, 14, 18, 19, 21, 23, 27, 28]",18,"[2, 3, 4, 5, 6, 8, 9, 10, 11, 12, 13, 14, 18, 19, 21, 23, 27, 28]",0,[],0.3627471836904685,0.05541445327484632,0.23540274695688307,18.04583354887883,0.5783333333333334,0.030925000000000005,0.17585505395068976,0.5783333333333334,0.030925000000000005,0.17585505395068976
3,2,2,110010101101011100000011100000,0.5307692307692307,0.32569195559391606,0.6755000054836273,13,"[0, 1, 4, 6, 8, 9, 11, 13, 14, 15, 22, 23, 24]",13,"[0, 1, 4, 6, 8, 9, 11, 13, 14, 15, 22, 23, 24]",0,[],0.32569195559391606,0.05582724716592989,0.23627790240716523,17.912400320004984,0.4692307692307693,0.039268639053254444,0.1981631627050155,0.4692307692307693,0.039268639053254444,0.1981631627050155
3,2,3,111110111111110010100100001101,0.48684210526315796,0.33539185476930516,0.6514999866485596,19,"[0, 1, 2, 3, 4, 6, 7, 8, 9, 10, 11, 12, 13, 16, 18, 21, 26, 27, 29]",19,"[0, 1, 2, 3, 4, 6, 7, 8, 9, 10, 11, 12, 13, 16, 18, 21, 26, 27, 29]",0,[],0.33539185476930516,0.05504256763340435,0.2346115249372979,18.167757119548288,0.513157894736842,0.05457950138504156,0.23362256180652063,0.513157894736842,0.05457950138504156,0.23362256180652063
3,2,4,110111100100011100100011110101,0.5176470588235295,0.33800264404100533,0.5850000083446503,17,"[0, 1, 3, 4, 5, 6, 9, 13, 14, 15, 18, 22, 23, 24, 25, 27, 29]",17,"[0, 1, 3, 4, 5, 6, 9, 13, 14, 15, 18, 22, 23, 24, 25, 27, 29]",0,[],0.33800264404100533,0.04933832311365068,0.222122315658852,20.268220257435644,0.48235294117647054,0.046217993079584775,0.21498370421867974,0.48235294117647054,0.046217993079584775,0.21498370421867974
3,2,5,011011011100001100011100011110,0.4575,0.25753038097172976,0.8044999986886978,16,"[1, 2, 4, 5, 7, 8, 9, 14, 15, 19, 20, 21, 25, 26, 27, 28]",16,"[1, 2, 4, 5, 7, 8, 9, 14, 15, 19, 20, 21, 25, 26, 27, 28]",0,[],0.25753038097172976,0.04273761920768342,0.20673078921071097,23.398589311690504,0.5425,0.04360625,0.20882109567761586,0.5425,0.04360625,0.20882109567761586
3,2,6,001101101111111101100001010010,0.4447058823529412,0.4135705863728243,0.5035000145435333,17,"[2, 3, 5, 6, 8, 9, 10, 11, 12, 13, 14, 15, 17, 18, 23, 25, 28]",17,"[2, 3, 5, 6, 8, 9, 10, 11, 12, 13, 14, 15, 17, 18, 23, 25, 28]",0,[],0.4135705863728243,0.07324060074177469,0.27063000709783586,13.65362913291376,0.5552941176470588,0.020554325259515574,0.1433677971495537,0.5552941176470588,0.020554325259515574,0.1433677971495537
3,2,7,011011001010110110101100001000,0.4135714285714286,0.3072369934192726,0.7314999997615814,14,"[1, 2, 4, 5, 8, 10, 12, 13, 15, 16, 18, 20, 21, 26]",14,"[1, 2, 4, 5, 8, 10, 12, 13, 15, 16, 18, 20, 21, 26]",0,[],0.3072369934192726,0.05052871410795738,0.22478592951507748,19.79072726575715,0.5864285714285714,0.025937244897959184,0.16105044209178435,0.5864285714285714,0.025937244897959184,0.16105044209178435
3,2,8,110011100111110000011100100101,0.463125,0.3690009592100978,0.5954999923706055,16,"[0, 1, 4, 5, 6, 9, 10, 11, 12, 13, 19, 20, 21, 24, 27, 29]",16,"[0, 1, 4, 5, 6, 9, 10, 11, 12, 13, 19, 20, 21, 24, 27, 29]",0,[],0.3690009592100978,0.06042823089975981,0.24582154279021154,16.548556611872858,0.536875,0.060621484375000007,0.24621430578867673,0.536875,0.060621484375000007,0.24621430578867673
3,2,9,010011011011101100011100011110,0.41176470588235303,0.29595015767742605,0.7954999953508377,17,"[1, 4, 5, 7, 8, 10, 11, 12, 14, 15, 19, 20, 21, 25, 26, 27, 28]",17,"[1, 4, 5, 7, 8, 10, 11, 12, 14, 15, 19, 20, 21, 25, 26, 27, 28]",0,[],0.29595015767742605,0.06384444983800679,0.2526745927829048,15.663068638500462,0.588235294117647,0.041614532871972316,0.20399640406627836,0.588235294117647,0.041614532871972316,0.20399640406627836
3,2,10,111000111010001000001101101001,0.5385714285714285,0.3522077261337212,0.5254999995231628,14,"[0, 1, 2, 6, 7, 8, 10, 14, 20, 21, 23, 24, 26, 29]",14,"[0, 1, 2, 6, 7, 8, 10, 14, 20, 21, 23, 24, 26, 29]",0,[],0.3522077261337212,0.0676460417891717,0.2600885268310998,14.782830946955317,0.46142857142857147,0.05019795918367348,0.2240490106732754,0.46142857142857147,0.05019795918367348,0.2240490106732754
3,2,11,111111110000101100011100011010,0.46705882352941186,0.3260067490970387,0.6674999892711639,17,"[0, 1, 2, 3, 4, 5, 6, 7, 12, 14, 15, 19, 20, 21, 25, 26, 28]",17,"[0, 1, 2, 3, 4, 5, 6, 7, 12, 14, 15, 19, 20, 21, 25, 26, 28]",0,[],0.3260067490970387,0.06546157975258016,0.2558546066667164,15.276136075230985,0.5329411764705881,0.039608996539792385,0.19902009079435268,0.5329411764705881,0.039608996539792385,0.19902009079435268
3,2,12,010110110101110111010110101111,0.514,0.3422013450413942,0.6259999871253967,20,"[1, 3, 4, 6, 7, 9, 11, 12, 13, 15, 16, 17, 19, 21, 22, 24, 26, 27, 28, 29]",20,"[1, 3, 4, 6, 7, 9, 11, 12, 13, 15, 16, 17, 19, 21, 22, 24, 26, 27, 28, 29]",0,[],0.3422013450413942,0.06148607995922297,0.24796386825346747,16.263843794614832,0.48599999999999993,0.056324,0.23732677893571133,0.48599999999999993,0.056324,0.23732677893571133
3,2,13,111000111010001000110101000100,0.4453846153846154,0.3942280623775262,0.7134999930858612,13,"[0, 1, 2, 6, 7, 8, 10, 14, 18, 19, 21, 23, 27]",13,"[0, 1, 2, 6, 7, 8, 10, 14, 18, 19, 21, 23, 27]",0,[],0.3942280623775262,0.06391596092850436,0.2528160614527969,15.645544328412557,0.5546153846153846,0.039932544378698226,0.19983128978890724,0.5546153846153846,0.039932544378698226,0.19983128978890724
3,2,14,010011101110100110000110110011,0.5325,0.38697815081104636,0.5250000059604645,16,"[1, 4, 5, 6, 8, 9, 10, 12, 15, 16, 21, 22, 24, 25, 28, 29]",16,"[1, 4, 5, 6, 8, 9, 10, 12, 15, 16, 21, 22, 24, 25, 28, 29]",0,[],0.38697815081104636,0.06046128467312198,0.24588876483711486,16.53950962845732,0.4675,0.04309375,0.20759034177918778,0.4675,0.04309375,0.20759034177918778
3,2,15,001110111111111010100001010010,0.4894117647058823,0.3499044789110913,0.5349999964237213,17,"[2, 3, 4, 6, 7, 8, 9, 10, 11, 12, 13, 14, 16, 18, 23, 25, 28]",17,"[2, 3, 4, 6, 7, 8, 9, 10, 11, 12, 13, 14, 16, 18, 23, 25, 28]",0,[],0.3499044789110913,0.054619748373239185,0.23370868270827933,18.308396317877357,0.5105882352941177,0.031217301038062285,0.1766841844593406,0.5105882352941177,0.031217301038062285,0.1766841844593406
3,2,16,101000011110110110101100001000,0.48642857142857143,0.3406027326626437,0.6369999945163727,14,"[0, 2, 7, 8, 9, 10, 12, 13, 15, 16, 18, 20, 21, 26]",14,"[0, 2, 7, 8, 9, 10, 12, 13, 15, 16, 18, 20, 21, 26]",0,[],0.3406027326626437,0.061461663535469266,0.24791462953095217,16.270304812412117,0.5135714285714286,0.04328010204081633,0.20803870322806844,0.5135714285714286,0.04328010204081633,0.20803870322806844
3,2,17,001110001111001110011001111001,0.5088235294117647,0.27675725694964914,0.7769999951124191,17,"[2, 3, 4, 8, 9, 10, 11, 14, 15, 16, 19, 20, 23, 24, 25, 26, 29]",17,"[2, 3, 4, 8, 9, 10, 11, 14, 15, 16, 19, 20, 23, 24, 25, 26, 29]",0,[],0.27675725694964914,0.04170917302545803,0.20422823758104075,23.975541288954112,0.49117647058823527,0.037292733564013844,0.1931132661523124,0.49117647058823527,0.037292733564013844,0.1931132661523124
3,2,18,001110101001001111000001010010,0.47307692307692306,0.3636327122266476,0.5609999895095825,13,"[2, 3, 4, 6, 8, 11, 14, 15, 16, 17, 23, 25, 28]",13,"[2, 3, 4, 6, 8, 11, 14, 15, 16, 17, 23, 25, 28]",0,[],0.3636327122266476,0.0800576397373862,0.2829445877506516,12.491000275305506,0.5269230769230769,0.01735976331360947,0.13175645454249849,0.5269230769230769,0.01735976331360947,0.13175645454249849
3,3,0,000110110101110011010101111001,0.5335294117647058,0.31778116261257844,0.5530000030994415,17,"[3, 4, 6, 7, 9, 11, 12, 13, 16, 17, 19, 21, 23, 24, 25, 26, 29]",17,"[3, 4, 6, 7, 9, 11, 12, 13, 16, 17, 19, 21, 23, 24, 25, 26, 29]",0,[],0.31778116261257844,0.049762927613556746,0.22307605791199725,20.095280723145667,0.46647058823529414,0.04701107266435987,0.21682036957896705,0.46647058823529414,0.04701107266435987,0.21682036957896705
3,3,1,001111101111111000110101000110,0.42166666666666663,0.3627471836904685,0.715499997138977,18,"[2, 3, 4, 5, 6, 8, 9, 10, 11, 12, 13, 14, 18, 19, 21, 23, 27, 28]",18,"[2, 3, 4, 5, 6, 8, 9, 10, 11, 12, 13, 14, 18, 19, 21, 23, 27, 28]",0,[],0.3627471836904685,0.05541445327484632,0.23540274695688307,18.04583354887883,0.5783333333333334,0.030925000000000005,0.17585505395068976,0.5783333333333334,0.030925000000000005,0.17585505395068976
3,3,2,110111100100011100100011110101,0.5176470588235295,0.33800264404100533,0.5850000083446503,17,"[0, 1, 3, 4, 5, 6, 9, 13, 14, 15, 18, 22, 23, 24, 25, 27, 29]",17,"[0, 1, 3, 4, 5, 6, 9, 13, 14, 15, 18, 22, 23, 24, 25, 27, 29]",0,[],0.33800264404100533,0.04933832311365068,0.222122315658852,20.268220257435644,0.48235294117647054,0.046217993079584775,0.21498370421867974,0.48235294117647054,0.046217993079584775,0.21498370421867974
3,3,3,011011011100001100011100011110,0.4575,0.25753038097172976,0.8044999986886978,16,"[1, 2, 4, 5, 7, 8, 9, 14, 15, 19, 20, 21, 25, 26, 27, 28]",16,"[1, 2, 4, 5, 7, 8, 9, 14, 15, 19, 20, 21, 25, 26, 27, 28]",0,[],0.25753038097172976,0.04273761920768342,0.20673078921071097,23.398589311690504,0.5425,0.04360625,0.20882109567761586,0.5425,0.04360625,0.20882109567761586
3,3,4,001101101111111101100001010010,0.4447058823529412,0.4135705863728243,0.5035000145435333,17,"[2, 3, 5, 6, 8, 9, 10, 11, 12, 13, 14, 15, 17, 18, 23, 25, 28]",17,"[2, 3, 5, 6, 8, 9, 10, 11, 12, 13, 14, 15, 17, 18, 23, 25, 28]",0,[],0.4135705863728243,0.07324060074177469,0.27063000709783586,13.65362913291376,0.5552941176470588,0.020554325259515574,0.1433677971495537,0.5552941176470588,0.020554325259515574,0.1433677971495537
3,3,5,011011001010110110101100001000,0.4135714285714286,0.3072369934192726,0.7314999997615814,14,"[1, 2, 4, 5, 8, 10, 12, 13, 15, 16, 18, 20, 21, 26]",14,"[1, 2, 4, 5, 8, 10, 12, 13, 15, 16, 18, 20, 21, 26]",0,[],0.3072369934192726,0.05052871410795738,0.22478592951507748,19.79072726575715,0.5864285714285714,0.025937244897959184,0.16105044209178435,0.5864285714285714,0.025937244897959184,0.16105044209178435
3,3,6,010011011011101100011100011110,0.41176470588235303,0.29595015767742605,0.7954999953508377,17,"[1, 4, 5, 7, 8, 10, 11, 12, 14, 15, 19, 20, 21, 25, 26, 27, 28]",17,"[1, 4, 5, 7, 8, 10, 11, 12, 14, 15, 19, 20, 21, 25, 26, 27, 28]",0,[],0.29595015767742605,0.06384444983800679,0.2526745927829048,15.663068638500462,0.588235294117647,0.041614532871972316,0.20399640406627836,0.588235294117647,0.041614532871972316,0.20399640406627836
3,3,7,111000111010001000001101101001,0.5385714285714285,0.3522077261337212,0.5254999995231628,14,"[0, 1, 2, 6, 7, 8, 10, 14, 20, 21, 23, 24, 26, 29]",14,"[0, 1, 2, 6, 7, 8, 10, 14, 20, 21, 23, 24, 26, 29]",0,[],0.3522077261337212,0.0676460417891717,0.2600885268310998,14.782830946955317,0.46142857142857147,0.05019795918367348,0.2240490106732754,0.46142857142857147,0.05019795918367348,0.2240490106732754
3,3,8,001110111111111010100001010010,0.4894117647058823,0.3499044789110913,0.5349999964237213,17,"[2, 3, 4, 6, 7, 8, 9, 10, 11, 12, 13, 14, 16, 18, 23, 25, 28]",17,"[2, 3, 4, 6, 7, 8, 9, 10, 11, 12, 13, 14, 16, 18, 23, 25, 28]",0,[],0.3499044789110913,0.054619748373239185,0.23370868270827933,18.308396317877357,0.5105882352941177,0.031217301038062285,0.1766841844593406,0.5105882352941177,0.031217301038062285,0.1766841844593406
3,3,9,001110101001001111000001010010,0.47307692307692306,0.3636327122266476,0.5609999895095825,13,"[2, 3, 4, 6, 8, 11, 14, 15, 16, 17, 23, 25, 28]",13,"[2, 3, 4, 6, 8, 11, 14, 15, 16, 17, 23, 25, 28]",0,[],0.3636327122266476,0.0800576397373862,0.2829445877506516,12.491000275305506,0.5269230769230769,0.01735976331360947,0.13175645454249849,0.5269230769230769,0.01735976331360947,0.13175645454249849
3,3,10,001101111010010110101101010010,0.458125,0.39439348177984357,0.6419999897480011,16,"[2, 3, 5, 6, 7, 8, 10, 13, 15, 16, 18, 20, 21, 23, 25, 28]",16,"[2, 3, 5, 6, 7, 8, 10, 13, 15, 16, 18, 20, 21, 23, 25, 28]",0,[],0.39439348177984357,0.049407632184577395,0.22227827645673653,20.239787979804266,0.541875,0.024740234375000003,0.15729028696966638,0.541875,0.024740234375000003,0.15729028696966638
3,3,11,001101101111101000110001000110,0.41800000000000004,0.4032577410340309,0.5615000128746033,15,"[2, 3, 5, 6, 8, 9, 10, 11, 12, 14, 18, 19, 23, 27, 28]",15,"[2, 3, 5, 6, 8, 9, 10, 11, 12, 14, 18, 19, 23, 27, 28]",0,[],0.4032577410340309,0.05397994636443535,0.23233584821209866,18.52539817747669,0.582,0.02965600000000001,0.1722091751330341,0.582,0.02965600000000001,0.1722091751330341
3,3,12,110010101101010000111000100101,0.485,0.3334398514458111,0.6089999973773956,14,"[0, 1, 4, 6, 8, 9, 11, 13, 18, 19, 20, 24, 27, 29]",14,"[0, 1, 4, 6, 8, 9, 11, 13, 18, 19, 20, 24, 27, 29]",0,[],0.3334398514458111,0.041786490076392103,0.20441744073437595,23.931179627000184,0.515,0.06032500000000001,0.24561148181630274,0.515,0.06032500000000001,0.24561148181630274
3,3,13,001110110110110000011101010010,0.4860000000000001,0.3608099400997162,0.5509999990463257,15,"[2, 3, 4, 6, 7, 9, 10, 12, 13, 19, 20, 21, 23, 25, 28]",15,"[2, 3, 4, 6, 7, 9, 10, 12, 13, 19, 20, 21, 23, 25, 28]",0,[],0.3608099400997162,0.0566594722960659,0.23803250260429962,17.649299569446114,0.5139999999999999,0.03709066666666667,0.1925893731924653,0.5139999999999999,0.03709066666666667,0.1925893731924653
3,3,14,010011011011101100011101011110,0.41722222222222216,0.30000028593672645,0.7674999982118607,18,"[1, 4, 5, 7, 8, 10, 11, 12, 14, 15, 19, 20, 21, 23, 25, 26, 27, 28]",18,"[1, 4, 5, 7, 8, 10, 11, 12, 14, 15, 19, 20, 21, 23, 25, 26, 27, 28]",0,[],0.30000028593672645,0.060576396119702856,0.24612272572784263,16.508080111334714,0.5827777777777778,0.03980895061728395,0.1995218048667462,0.5827777777777778,0.03980895061728395,0.1995218048667462
3,3,15,010110110101110100011100011110,0.43705882352941183,0.27361535719212365,0.6534999907016754,17,"[1, 3, 4, 6, 7, 9, 11, 12, 13, 15, 19, 20, 21, 25, 26, 27, 28]",17,"[1, 3, 4, 6, 7, 9, 11, 12, 13, 15, 19, 20, 21, 25, 26, 27, 28]",0,[],0.27361535719212365,0.03925801934445789,0.19813636552752725,25.472502604519995,0.5629411764705882,0.04997370242214533,0.22354798684431343,0.5629411764705882,0.04997370242214533,0.22354798684431343
3,3,16,011011001010110110101100001010,0.42933333333333346,0.3419269427657127,0.7139999866485596,15,"[1, 2, 4, 5, 8, 10, 12, 13, 15, 16, 18, 20, 21, 26, 28]",15,"[1, 2, 4, 5, 8, 10, 12, 13, 15, 16, 18, 20, 21, 26, 28]",0,[],0.3419269427657127,0.0640076293666471,0.25299729122393205,15.62313758367494,0.5706666666666665,0.027686222222222227,0.1663917733009124,0.5706666666666665,0.027686222222222227,0.1663917733009124
3,3,17,001111011101001100011100000110,0.42866666666666675,0.281953693429629,0.8190000057220459,15,"[2, 3, 4, 5, 7, 8, 9, 11, 14, 15, 19, 20, 21, 27, 28]",15,"[2, 3, 4, 5, 7, 8, 9, 11, 14, 15, 19, 20, 21, 27, 28]",0,[],0.281953693429629,0.041062915886919446,0.20263986746669432,24.352873594116804,0.5713333333333332,0.04423822222222222,0.21032884305825061,0.5713333333333332,0.04423822222222222,0.21032884305825061
3,3,18,011011101111111101100000100000,0.459375,0.36411245819181204,0.5225000083446503,16,"[1, 2, 4, 5, 6, 8, 9, 10, 11, 12, 13, 14, 15, 17, 18, 24]",16,"[1, 2, 4, 5, 6, 8, 9, 10, 11, 12, 13, 14, 15, 17, 18, 24]",0,[],0.36411245819181204,0.07440816058757825,0.27277859261235704,13.439386111728997,0.540625,0.031030859375000004,0.17615578155428224,0.540625,0.031030859375000004,0.17615578155428224
3,3,19,011101101111111101000001010010,0.44000000000000006,0.404997459229301,0.5275000035762787,17,"[1, 2, 3, 5, 6, 8, 9, 10, 11, 12, 13, 14, 15, 17, 23, 25, 28]",17,"[1, 2, 3, 5, 6, 8, 9, 10, 11, 12, 13, 14, 15, 17, 23, 25, 28]",0,[],0.404997459229301,0.07415936855822207,0.2723221778669928,13.484472959271573,0.5599999999999999,0.021988235294117652,0.14828430562307549,0.5599999999999999,0.021988235294117652,0.14828430562307549
3,3,20,011111001000110111101100001000,0.40666666666666673,0.31705755641063055,0.7369999885559082,15,"[1, 2, 3, 4, 5, 8, 12, 13, 15, 16, 17, 18, 20, 21, 26]",15,"[1, 2, 3, 4, 5, 8, 12, 13, 15, 16, 17, 18, 20, 21, 26]",0,[],0.31705755641063055,0.05512191004654061,0.23478055721575541,18.141606471105202,0.5933333333333333,0.02459555555555556,0.1568297024021775,0.5933333333333333,0.02459555555555556,0.1568297024021775
3,3,21,001110101111111000110101000100,0.40874999999999995,0.3199081099592149,0.7240000069141388,16,"[2, 3, 4, 6, 8, 9, 10, 11, 12, 13, 14, 18, 19, 21, 23, 27]",16,"[2, 3, 4, 6, 8, 9, 10, 11, 12, 13, 14, 18, 19, 21, 23, 27]",0,[],0.3199081099592149,0.043960224759518246,0.20966693768813013,22.747836378690955,0.59125,0.03133593750000001,0.17701959637283102,0.59125,0.03133593750000001,0.17701959637283102
3,4,0,001111101111111000110101000110,0.42166666666666663,0.3627471836904685,0.715499997138977,18,"[2, 3, 4, 5, 6, 8, 9, 10, 11, 12, 13, 14, 18, 19, 21, 23, 27, 28]",18,"[2, 3, 4, 5, 6, 8, 9, 10, 11, 12, 13, 14, 18, 19, 21, 23, 27, 28]",0,[],0.3627471836904685,0.05541445327484632,0.23540274695688307,18.04583354887883,0.5783333333333334,0.030925000000000005,0.17585505395068976,0.5783333333333334,0.030925000000000005,0.17585505395068976
3,4,1,011011011100001100011100011110,0.4575,0.25753038097172976,0.8044999986886978,16,"[1, 2, 4, 5, 7, 8, 9, 14, 15, 19, 20, 21, 25, 26, 27, 28]",16,"[1, 2, 4, 5, 7, 8, 9, 14, 15, 19, 20, 21, 25, 26, 27, 28]",0,[],0.25753038097172976,0.04273761920768342,0.20673078921071097,23.398589311690504,0.5425,0.04360625,0.20882109567761586,0.5425,0.04360625,0.20882109567761586
3,4,2,001101101111111101100001010010,0.4447058823529412,0.4135705863728243,0.5035000145435333,17,"[2, 3, 5, 6, 8, 9, 10, 11, 12, 13, 14, 15, 17, 18, 23, 25, 28]",17,"[2, 3, 5, 6, 8, 9, 10, 11, 12, 13, 14, 15, 17, 18, 23, 25, 28]",0,[],0.4135705863728243,0.07324060074177469,0.27063000709783586,13.65362913291376,0.5552941176470588,0.020554325259515574,0.1433677971495537,0.5552941176470588,0.020554325259515574,0.1433677971495537
3,4,3,011011001010110110101100001000,0.4135714285714286,0.3072369934192726,0.7314999997615814,14,"[1, 2, 4, 5, 8, 10, 12, 13, 15, 16, 18, 20, 21, 26]",14,"[1, 2, 4, 5, 8, 10, 12, 13, 15, 16, 18, 20, 21, 26]",0,[],0.3072369934192726,0.05052871410795738,0.22478592951507748,19.79072726575715,0.5864285714285714,0.025937244897959184,0.16105044209178435,0.5864285714285714,0.025937244897959184,0.16105044209178435
3,4,4,010011011011101100011100011110,0.41176470588235303,0.29595015767742605,0.7954999953508377,17,"[1, 4, 5, 7, 8, 10, 11, 12, 14, 15, 19, 20, 21, 25, 26, 27, 28]",17,"[1, 4, 5, 7, 8, 10, 11, 12, 14, 15, 19, 20, 21, 25, 26, 27, 28]",0,[],0.29595015767742605,0.06384444983800679,0.2526745927829048,15.663068638500462,0.588235294117647,0.041614532871972316,0.20399640406627836,0.588235294117647,0.041614532871972316,0.20399640406627836
3,4,5,111000111010001000001101101001,0.5385714285714285,0.3522077261337212,0.5254999995231628,14,"[0, 1, 2, 6, 7, 8, 10, 14, 20, 21, 23, 24, 26, 29]",14,"[0, 1, 2, 6, 7, 8, 10, 14, 20, 21, 23, 24, 26, 29]",0,[],0.3522077261337212,0.0676460417891717,0.2600885268310998,14.782830946955317,0.46142857142857147,0.05019795918367348,0.2240490106732754,0.46142857142857147,0.05019795918367348,0.2240490106732754
3,4,6,001101101111101000110001000110,0.41800000000000004,0.4032577410340309,0.5615000128746033,15,"[2, 3, 5, 6, 8, 9, 10, 11, 12, 14, 18, 19, 23, 27, 28]",15,"[2, 3, 5, 6, 8, 9, 10, 11, 12, 14, 18, 19, 23, 27, 28]",0,[],0.4032577410340309,0.05397994636443535,0.23233584821209866,18.52539817747669,0.582,0.02965600000000001,0.1722091751330341,0.582,0.02965600000000001,0.1722091751330341
3,4,7,010011011011101100011101011110,0.41722222222222216,0.30000028593672645,0.7674999982118607,18,"[1, 4, 5, 7, 8, 10, 11, 12, 14, 15, 19, 20, 21, 23, 25, 26, 27, 28]",18,"[1, 4, 5, 7, 8, 10, 11, 12, 14, 15, 19, 20, 21, 23, 25, 26, 27, 28]",0,[],0.30000028593672645,0.060576396119702856,0.24612272572784263,16.508080111334714,0.5827777777777778,0.03980895061728395,0.1995218048667462,0.5827777777777778,0.03980895061728395,0.1995218048667462
3,4,8,010110110101110100011100011110,0.43705882352941183,0.27361535719212365,0.6534999907016754,17,"[1, 3, 4, 6, 7, 9, 11, 12, 13, 15, 19, 20, 21, 25, 26, 27, 28]",17,"[1, 3, 4, 6, 7, 9, 11, 12, 13, 15, 19, 20, 21, 25, 26, 27, 28]",0,[],0.27361535719212365,0.03925801934445789,0.19813636552752725,25.472502604519995,0.5629411764705882,0.04997370242214533,0.22354798684431343,0.5629411764705882,0.04997370242214533,0.22354798684431343
3,4,9,011011001010110110101100001010,0.42933333333333346,0.3419269427657127,0.7139999866485596,15,"[1, 2, 4, 5, 8, 10, 12, 13, 15, 16, 18, 20, 21, 26, 28]",15,"[1, 2, 4, 5, 8, 10, 12, 13, 15, 16, 18, 20, 21, 26, 28]",0,[],0.3419269427657127,0.0640076293666471,0.25299729122393205,15.62313758367494,0.5706666666666665,0.027686222222222227,0.1663917733009124,0.5706666666666665,0.027686222222222227,0.1663917733009124
3,4,10,001111011101001100011100000110,0.42866666666666675,0.281953693429629,0.8190000057220459,15,"[2, 3, 4, 5, 7, 8, 9, 11, 14, 15, 19, 20, 21, 27, 28]",15,"[2, 3, 4, 5, 7, 8, 9, 11, 14, 15, 19, 20, 21, 27, 28]",0,[],0.281953693429629,0.041062915886919446,0.20263986746669432,24.352873594116804,0.5713333333333332,0.04423822222222222,0.21032884305825061,0.5713333333333332,0.04423822222222222,0.21032884305825061
3,4,11,011011101111111101100000100000,0.459375,0.36411245819181204,0.5225000083446503,16,"[1, 2, 4, 5, 6, 8, 9, 10, 11, 12, 13, 14, 15, 17, 18, 24]",16,"[1, 2, 4, 5, 6, 8, 9, 10, 11, 12, 13, 14, 15, 17, 18, 24]",0,[],0.36411245819181204,0.07440816058757825,0.27277859261235704,13.439386111728997,0.540625,0.031030859375000004,0.17615578155428224,0.540625,0.031030859375000004,0.17615578155428224
3,4,12,011101101111111101000001010010,0.44000000000000006,0.404997459229301,0.5275000035762787,17,"[1, 2, 3, 5, 6, 8, 9, 10, 11, 12, 13, 14, 15, 17, 23, 25, 28]",17,"[1, 2, 3, 5, 6, 8, 9, 10, 11, 12, 13, 14, 15, 17, 23, 25, 28]",0,[],0.404997459229301,0.07415936855822207,0.2723221778669928,13.484472959271573,0.5599999999999999,0.021988235294117652,0.14828430562307549,0.5599999999999999,0.021988235294117652,0.14828430562307549
3,4,13,011111001000110111101100001000,0.40666666666666673,0.31705755641063055,0.7369999885559082,15,"[1, 2, 3, 4, 5, 8, 12, 13, 15, 16, 17, 18, 20, 21, 26]",15,"[1, 2, 3, 4, 5, 8, 12, 13, 15, 16, 17, 18, 20, 21, 26]",0,[],0.31705755641063055,0.05512191004654061,0.23478055721575541,18.141606471105202,0.5933333333333333,0.02459555555555556,0.1568297024021775,0.5933333333333333,0.02459555555555556,0.1568297024021775
3,4,14,001110101111111000110101000100,0.40874999999999995,0.3199081099592149,0.7240000069141388,16,"[2, 3, 4, 6, 8, 9, 10, 11, 12, 13, 14, 18, 19, 21, 23, 27]",16,"[2, 3, 4, 6, 8, 9, 10, 11, 12, 13, 14, 18, 19, 21, 23, 27]",0,[],0.3199081099592149,0.043960224759518246,0.20966693768813013,22.747836378690955,0.59125,0.03133593750000001,0.17701959637283102,0.59125,0.03133593750000001,0.17701959637283102
3,4,15,011111011101001100011100000110,0.4175,0.28200835455209017,0.8155000060796738,16,"[1, 2, 3, 4, 5, 7, 8, 9, 11, 14, 15, 19, 20, 21, 27, 28]",16,"[1, 2, 3, 4, 5, 7, 8, 9, 11, 14, 15, 19, 20, 21, 27, 28]",0,[],0.28200835455209017,0.03849652846156161,0.19620532220498405,25.976368258724673,0.5825,0.04334375000000001,0.20819161846721881,0.5825,0.04334375000000001,0.20819161846721881
3,4,16,111010111110001000001101101001,0.56125,0.32326796697452664,0.5175000131130219,16,"[0, 1, 2, 4, 6, 7, 8, 9, 10, 14, 20, 21, 23, 24, 26, 29]",16,"[0, 1, 2, 4, 6, 7, 8, 9, 10, 14, 20, 21, 23, 24, 26, 29]",0,[],0.32326796697452664,0.06687360322530893,0.2585993101794916,14.953583353820852,0.43875,0.0477234375,0.2184569465592706,0.43875,0.0477234375,0.2184569465592706
3,4,17,010011101111111000110111000011,0.4755555555555556,0.3884474349518617,0.5160000026226044,18,"[1, 4, 5, 6, 8, 9, 10, 11, 12, 13, 14, 18, 19, 21, 22, 23, 28, 29]",18,"[1, 4, 5, 6, 8, 9, 10, 11, 12, 13, 14, 18, 19, 21, 22, 23, 28, 29]",0,[],0.3884474349518617,0.055527517175832666,0.23564277450376592,18.009089022176408,0.5244444444444444,0.04145802469135803,0.20361243746725796,0.5244444444444444,0.04145802469135803,0.20361243746725796
3,4,18,010011111011101100011101011010,0.44500000000000006,0.3256041515204642,0.5340000092983246,18,"[1, 4, 5, 6, 7, 8, 10, 11, 12, 14, 15, 19, 20, 21, 23, 25, 26, 28]",18,"[1, 4, 5, 6, 7, 8, 10, 11, 12, 14, 15, 19, 20, 21, 23, 25, 26, 28]",0,[],0.3256041515204642,0.06415102748347136,0.2532805311970728,15.588214861525827,0.5549999999999999,0.03585833333333334,0.18936296716447315,0.5549999999999999,0.03585833333333334,0.18936296716447315
3,4,19,000110110101110000000001101001,0.5774999999999999,0.26293838148315746,0.6674999892711639,12,"[3, 4, 6, 7, 9, 11, 12, 13, 23, 24, 26, 29]",12,"[3, 4, 6, 7, 9, 11, 12, 13, 23, 24, 26, 29]",0,[],0.26293838148315746,0.02440310149050778,0.1562149208318712,40.9783977823055,0.42250000000000004,0.05380208333333334,0.23195276099527967,0.42250000000000004,0.05380208333333334,0.23195276099527967
3,4,20,011000111010001000001101101000,0.49249999999999994,0.309898912285765,0.5340000092983246,12,"[1, 2, 6, 7, 8, 10, 14, 20, 21, 23, 24, 26]",12,"[1, 2, 6, 7, 8, 10, 14, 20, 21, 23, 24, 26]",0,[],0.309898912285765,0.05399343838369434,0.23236488199315822,18.520769003331218,0.5075000000000001,0.04300208333333333,0.20736943683516462,0.5075000000000001,0.04300208333333333,0.20736943683516462
3,5,0,001111101111111000110101000110,0.42166666666666663,0.3627471836904685,0.715499997138977,18,"[2, 3, 4, 5, 6, 8, 9, 10, 11, 12, 13, 14, 18, 19, 21, 23, 27, 28]",18,"[2, 3, 4, 5, 6, 8, 9, 10, 11, 12, 13, 14, 18, 19, 21, 23, 27, 28]",0,[],0.3627471836904685,0.05541445327484632,0.23540274695688307,18.04583354887883,0.5783333333333334,0.030925000000000005,0.17585505395068976,0.5783333333333334,0.030925000000000005,0.17585505395068976
3,5,1,011011011100001100011100011110,0.4575,0.25753038097172976,0.8044999986886978,16,"[1, 2, 4, 5, 7, 8, 9, 14, 15, 19, 20, 21, 25, 26, 27, 28]",16,"[1, 2, 4, 5, 7, 8, 9, 14, 15, 19, 20, 21, 25, 26, 27, 28]",0,[],0.25753038097172976,0.04273761920768342,0.20673078921071097,23.398589311690504,0.5425,0.04360625,0.20882109567761586,0.5425,0.04360625,0.20882109567761586
3,5,2,001101101111111101100001010010,0.4447058823529412,0.4135705863728243,0.5035000145435333,17,"[2, 3, 5, 6, 8, 9, 10, 11, 12, 13, 14, 15, 17, 18, 23, 25, 28]",17,"[2, 3, 5, 6, 8, 9, 10, 11, 12, 13, 14, 15, 17, 18, 23, 25, 28]",0,[],0.4135705863728243,0.07324060074177469,0.27063000709783586,13.65362913291376,0.5552941176470588,0.020554325259515574,0.1433677971495537,0.5552941176470588,0.020554325259515574,0.1433677971495537
3,5,3,011011001010110110101100001000,0.4135714285714286,0.3072369934192726,0.7314999997615814,14,"[1, 2, 4, 5, 8, 10, 12, 13, 15, 16, 18, 20, 21, 26]",14,"[1, 2, 4, 5, 8, 10, 12, 13, 15, 16, 18, 20, 21, 26]",0,[],0.3072369934192726,0.05052871410795738,0.22478592951507748,19.79072726575715,0.5864285714285714,0.025937244897959184,0.16105044209178435,0.5864285714285714,0.025937244897959184,0.16105044209178435
3,5,4,010011011011101100011100011110,0.41176470588235303,0.29595015767742605,0.7954999953508377,17,"[1, 4, 5, 7, 8, 10, 11, 12, 14, 15, 19, 20, 21, 25, 26, 27, 28]",17,"[1, 4, 5, 7, 8, 10, 11, 12, 14, 15, 19, 20, 21, 25, 26, 27, 28]",0,[],0.29595015767742605,0.06384444983800679,0.2526745927829048,15.663068638500462,0.588235294117647,0.041614532871972316,0.20399640406627836,0.588235294117647,0.041614532871972316,0.20399640406627836
3,5,5,001101101111101000110001000110,0.41800000000000004,0.4032577410340309,0.5615000128746033,15,"[2, 3, 5, 6, 8, 9, 10, 11, 12, 14, 18, 19, 23, 27, 28]",15,"[2, 3, 5, 6, 8, 9, 10, 11, 12, 14, 18, 19, 23, 27, 28]",0,[],0.4032577410340309,0.05397994636443535,0.23233584821209866,18.52539817747669,0.582,0.02965600000000001,0.1722091751330341,0.582,0.02965600000000001,0.1722091751330341
3,5,6,010011011011101100011101011110,0.41722222222222216,0.30000028593672645,0.7674999982118607,18,"[1, 4, 5, 7, 8, 10, 11, 12, 14, 15, 19, 20, 21, 23, 25, 26, 27, 28]",18,"[1, 4, 5, 7, 8, 10, 11, 12, 14, 15, 19, 20, 21, 23, 25, 26, 27, 28]",0,[],0.30000028593672645,0.060576396119702856,0.24612272572784263,16.508080111334714,0.5827777777777778,0.03980895061728395,0.1995218048667462,0.5827777777777778,0.03980895061728395,0.1995218048667462
3,5,7,010110110101110100011100011110,0.43705882352941183,0.27361535719212365,0.6534999907016754,17,"[1, 3, 4, 6, 7, 9, 11, 12, 13, 15, 19, 20, 21, 25, 26, 27, 28]",17,"[1, 3, 4, 6, 7, 9, 11, 12, 13, 15, 19, 20, 21, 25, 26, 27, 28]",0,[],0.27361535719212365,0.03925801934445789,0.19813636552752725,25.472502604519995,0.5629411764705882,0.04997370242214533,0.22354798684431343,0.5629411764705882,0.04997370242214533,0.22354798684431343
3,5,8,011011001010110110101100001010,0.42933333333333346,0.3419269427657127,0.7139999866485596,15,"[1, 2, 4, 5, 8, 10, 12, 13, 15, 16, 18, 20, 21, 26, 28]",15,"[1, 2, 4, 5, 8, 10, 12, 13, 15, 16, 18, 20, 21, 26, 28]",0,[],0.3419269427657127,0.0640076293666471,0.25299729122393205,15.62313758367494,0.5706666666666665,0.027686222222222227,0.1663917733009124,0.5706666666666665,0.027686222222222227,0.1663917733009124
3,5,9,011011101111111101100000100000,0.459375,0.36411245819181204,0.5225000083446503,16,"[1, 2, 4, 5, 6, 8, 9, 10, 11, 12, 13, 14, 15, 17, 18, 24]",16,"[1, 2, 4, 5, 6, 8, 9, 10, 11, 12, 13, 14, 15, 17, 18, 24]",0,[],0.36411245819181204,0.07440816058757825,0.27277859261235704,13.439386111728997,0.540625,0.031030859375000004,0.17615578155428224,0.540625,0.031030859375000004,0.17615578155428224
3,5,10,011101101111111101000001010010,0.44000000000000006,0.404997459229301,0.5275000035762787,17,"[1, 2, 3, 5, 6, 8, 9, 10, 11, 12, 13, 14, 15, 17, 23, 25, 28]",17,"[1, 2, 3, 5, 6, 8, 9, 10, 11, 12, 13, 14, 15, 17, 23, 25, 28]",0,[],0.404997459229301,0.07415936855822207,0.2723221778669928,13.484472959271573,0.5599999999999999,0.021988235294117652,0.14828430562307549,0.5599999999999999,0.021988235294117652,0.14828430562307549
3,5,11,011111001000110111101100001000,0.40666666666666673,0.31705755641063055,0.7369999885559082,15,"[1, 2, 3, 4, 5, 8, 12, 13, 15, 16, 17, 18, 20, 21, 26]",15,"[1, 2, 3, 4, 5, 8, 12, 13, 15, 16, 17, 18, 20, 21, 26]",0,[],0.31705755641063055,0.05512191004654061,0.23478055721575541,18.141606471105202,0.5933333333333333,0.02459555555555556,0.1568297024021775,0.5933333333333333,0.02459555555555556,0.1568297024021775
3,5,12,001110101111111000110101000100,0.40874999999999995,0.3199081099592149,0.7240000069141388,16,"[2, 3, 4, 6, 8, 9, 10, 11, 12, 13, 14, 18, 19, 21, 23, 27]",16,"[2, 3, 4, 6, 8, 9, 10, 11, 12, 13, 14, 18, 19, 21, 23, 27]",0,[],0.3199081099592149,0.043960224759518246,0.20966693768813013,22.747836378690955,0.59125,0.03133593750000001,0.17701959637283102,0.59125,0.03133593750000001,0.17701959637283102
3,5,13,011111011101001100011100000110,0.4175,0.28200835455209017,0.8155000060796738,16,"[1, 2, 3, 4, 5, 7, 8, 9, 11, 14, 15, 19, 20, 21, 27, 28]",16,"[1, 2, 3, 4, 5, 7, 8, 9, 11, 14, 15, 19, 20, 21, 27, 28]",0,[],0.28200835455209017,0.03849652846156161,0.19620532220498405,25.976368258724673,0.5825,0.04334375000000001,0.20819161846721881,0.5825,0.04334375000000001,0.20819161846721881
3,5,14,010011101111111000110111000011,0.4755555555555556,0.3884474349518617,0.5160000026226044,18,"[1, 4, 5, 6, 8, 9, 10, 11, 12, 13, 14, 18, 19, 21, 22, 23, 28, 29]",18,"[1, 4, 5, 6, 8, 9, 10, 11, 12, 13, 14, 18, 19, 21, 22, 23, 28, 29]",0,[],0.3884474349518617,0.055527517175832666,0.23564277450376592,18.009089022176408,0.5244444444444444,0.04145802469135803,0.20361243746725796,0.5244444444444444,0.04145802469135803,0.20361243746725796
3,5,15,010011111011101100011101011010,0.44500000000000006,0.3256041515204642,0.5340000092983246,18,"[1, 4, 5, 6, 7, 8, 10, 11, 12, 14, 15, 19, 20, 21, 23, 25, 26, 28]",18,"[1, 4, 5, 6, 7, 8, 10, 11, 12, 14, 15, 19, 20, 21, 23, 25, 26, 28]",0,[],0.3256041515204642,0.06415102748347136,0.2532805311970728,15.588214861525827,0.5549999999999999,0.03585833333333334,0.18936296716447315,0.5549999999999999,0.03585833333333334,0.18936296716447315
3,5,16,011000111010001000001101101000,0.49249999999999994,0.309898912285765,0.5340000092983246,12,"[1, 2, 6, 7, 8, 10, 14, 20, 21, 23, 24, 26]",12,"[1, 2, 6, 7, 8, 10, 14, 20, 21, 23, 24, 26]",0,[],0.309898912285765,0.05399343838369434,0.23236488199315822,18.520769003331218,0.5075000000000001,0.04300208333333333,0.20736943683516462,0.5075000000000001,0.04300208333333333,0.20736943683516462
3,5,17,011111011100001100011100000100,0.4164285714285715,0.2478758373430797,0.81700000166893,14,"[1, 2, 3, 4, 5, 7, 8, 9, 14, 15, 19, 20, 21, 27]",14,"[1, 2, 3, 4, 5, 7, 8, 9, 14, 15, 19, 20, 21, 27]",0,[],0.2478758373430797,0.021242319665042753,0.14574745165882919,47.075838033152365,0.5835714285714285,0.04229438775510204,0.20565599372520618,0.5835714285714285,0.04229438775510204,0.20565599372520618
3,5,18,011111011101001100011101111110,0.45699999999999996,0.26629406660795213,0.7569999992847443,20,"[1, 2, 3, 4, 5, 7, 8, 9, 11, 14, 15, 19, 20, 21, 23, 24, 25, 26, 27, 28]",20,"[1, 2, 3, 4, 5, 7, 8, 9, 11, 14, 15, 19, 20, 21, 23, 24, 25, 26, 27, 28]",0,[],0.26629406660795213,0.03538941209582205,0.1881207380801544,28.25703906276693,0.543,0.044811000000000004,0.21168608834781752,0.543,0.044811000000000004,0.21168608834781752
3,5,19,001011011101101000111001000110,0.43600000000000005,0.3074336126446724,0.6974999904632568,15,"[2, 4, 5, 7, 8, 9, 11, 12, 14, 18, 19, 20, 23, 27, 28]",15,"[2, 4, 5, 7, 8, 9, 11, 12, 14, 18, 19, 20, 23, 27, 28]",0,[],0.3074336126446724,0.03983340322991032,0.19958307350552132,25.104558458844274,0.564,0.044730666666666676,0.21149625686206996,0.564,0.044730666666666676,0.21149625686206996
3,5,20,011010110101110010001101101000,0.4966666666666666,0.2565753996372223,0.44599997997283936,15,"[1, 2, 4, 6, 7, 9, 11, 12, 13, 16, 20, 21, 23, 24, 26]",15,"[1, 2, 4, 6, 7, 9, 11, 12, 13, 16, 20, 21, 23, 24, 26]",0,[],0.2565753996372223,0.02013271138036651,0.141889786032563,49.670408575727336,0.5033333333333334,0.05167555555555557,0.22732258039085243,0.5033333333333334,0.05167555555555557,0.22732258039085243
3,5,21,001111101011101100011100110100,0.39764705882352924,0.3055856753798092,0.74549999833107,17,"[2, 3, 4, 5, 6, 8, 10, 11, 12, 14, 15, 19, 20, 21, 24, 25, 27]",17,"[2, 3, 4, 5, 6, 8, 10, 11, 12, 14, 15, 19, 20, 21, 24, 25, 27]",0,[],0.3055856753798092,0.0479395214193093,0.2189509566531037,20.859615832485456,0.6023529411764708,0.03210034602076125,0.17916569431886575,0.6023529411764708,0.03210034602076125,0.17916569431886575
3,5,22,010111001111111000110111000010,0.43470588235294116,0.3770184337216265,0.671999990940094,17,"[1, 3, 4, 5, 8, 9, 10, 11, 12, 13, 14, 18, 19, 21, 22, 23, 28]",17,"[1, 3, 4, 5, 8, 9, 10, 11, 12, 13, 14, 18, 19, 21, 22, 23, 28]",0,[],0.3770184337216265,0.055553492528343906,0.2356978840132934,18.00066844563896,0.5652941176470588,0.03296608996539793,0.18156566295805474,0.5652941176470588,0.03296608996539793,0.18156566295805474
3,5,23,011101101100001100011100011110,0.420625,0.30525320023298264,0.7380000054836273,16,"[1, 2, 3, 5, 6, 8, 9, 14, 15, 19, 20, 21, 25, 26, 27, 28]",16,"[1, 2, 3, 5, 6, 8, 9, 14, 15, 19, 20, 21, 25, 26, 27, 28]",0,[],0.30525320023298264,0.04479473956487687,0.2116476779104294,22.324049870893557,0.579375,0.03264335937500001,0.18067473363755102,0.579375,0.03264335937500001,0.18067473363755102
3,5,24,011111001000110110001000001000,0.42000000000000004,0.25958345147470635,0.7615000009536743,12,"[1, 2, 3, 4, 5, 8, 12, 13, 15, 16, 20, 26]",12,"[1, 2, 3, 4, 5, 8, 12, 13, 15, 16, 20, 26]",0,[],0.25958345147470635,0.024780626243872925,0.15741863372508644,40.354105265893054,0.58,0.02578333333333334,0.16057189459346033,0.58,0.02578333333333334,0.16057189459346033
3,5,25,010110010101010000000000001001,0.5633333333333332,0.21298560665713417,0.6865000128746033,9,"[1, 3, 4, 7, 9, 11, 13, 26, 29]",9,"[1, 3, 4, 7, 9, 11, 13, 26, 29]",0,[],0.21298560665713417,0.015183305535231355,0.12322055646373033,65.86181103183355,0.4366666666666667,0.061977777777777784,0.24895336466450455,0.4366666666666667,0.061977777777777784,0.24895336466450455
4,1,0,000110110101110011010101111001,0.5629411764705883,0.37755054651814346,0.5870000123977661,17,"[3, 4, 6, 7, 9, 11, 12, 13, 16, 17, 19, 21, 23, 24, 25, 26, 29]",17,"[3, 4, 6, 7, 9, 11, 12, 13, 16, 17, 19, 21, 23, 24, 25, 26, 29]",0,[],0.37755054651814346,0.06349394924031798,0.2519800572273885,15.749532230466626,0.4370588235294117,0.035997231833910036,0.18972936471171256,0.4370588235294117,0.035997231833910036,0.18972936471171256
4,1,1,001111101111111000110101000110,0.48,0.506320495572355,0.5494999885559082,18,"[2, 3, 4, 5, 6, 8, 9, 10, 11, 12, 13, 14, 18, 19, 21, 23, 27, 28]",18,"[2, 3, 4, 5, 6, 8, 9, 10, 11, 12, 13, 14, 18, 19, 21, 23, 27, 28]",0,[],0.506320495572355,0.06560153990420117,0.25612797563757295,15.243544609780711,0.52,0.025911111111111114,0.1609692862353285,0.52,0.025911111111111114,0.1609692862353285
4,1,2,111110111111110010100100001101,0.5157894736842105,0.4421075706027056,0.5354999899864197,19,"[0, 1, 2, 3, 4, 6, 7, 8, 9, 10, 11, 12, 13, 16, 18, 21, 26, 27, 29]",19,"[0, 1, 2, 3, 4, 6, 7, 8, 9, 10, 11, 12, 13, 16, 18, 21, 26, 27, 29]",0,[],0.4421075706027056,0.08141295038862437,0.2853295469954424,12.283058103489731,0.48421052631578954,0.04237174515235457,0.20584398255075267,0.48421052631578954,0.04237174515235457,0.20584398255075267
4,1,3,100111011110011000001101101010,0.5687500000000001,0.4931160893756896,0.5065000057220459,16,"[0, 3, 4, 5, 7, 8, 9, 10, 13, 14, 20, 21, 23, 24, 26, 28]",16,"[0, 3, 4, 5, 7, 8, 9, 10, 13, 14, 20, 21, 23, 24, 26, 28]",0,[],0.4931160893756896,0.09026559031299244,0.3004423244368084,11.078418659120699,0.4312499999999999,0.029448437499999997,0.17160547048389801,0.4312499999999999,0.029448437499999997,0.17160547048389801
4,1,4,011011011100001100011100011110,0.510625,0.3862853164318949,0.6944999992847443,16,"[1, 2, 4, 5, 7, 8, 9, 14, 15, 19, 20, 21, 25, 26, 27, 28]",16,"[1, 2, 4, 5, 7, 8, 9, 14, 15, 19, 20, 21, 25, 26, 27, 28]",0,[],0.3862853164318949,0.07199727142639768,0.26832307285508955,13.88941525405297,0.489375,0.031143359375000002,0.17647481229625944,0.489375,0.031143359375000002,0.17647481229625944
4,1,5,011011001010110110101100001000,0.4600000000000001,0.4586920490754502,0.6924999952316284,14,"[1, 2, 4, 5, 8, 10, 12, 13, 15, 16, 18, 20, 21, 26]",14,"[1, 2, 4, 5, 8, 10, 12, 13, 15, 16, 18, 20, 21, 26]",0,[],0.4586920490754502,0.08024667007196015,0.2832784320628031,12.46157627604065,0.5399999999999999,0.02655714285714286,0.16296362433728226,0.5399999999999999,0.02655714285714286,0.16296362433728226
4,1,6,000010111110101101100110010011,0.5706249999999999,0.4571093348786235,0.4919999837875366,16,"[4, 6, 7, 8, 9, 10, 12, 14, 15, 17, 18, 21, 22, 25, 28, 29]",16,"[4, 6, 7, 8, 9, 10, 12, 14, 15, 17, 18, 21, 22, 25, 28, 29]",0,[],0.4571093348786235,0.07452739443726153,0.2729970593930666,13.417884893880432,0.429375,0.029980859375000002,0.17314981771575735,0.429375,0.029980859375000002,0.17314981771575735
4,1,7,111111110001101111011111011010,0.5154545454545456,0.4180274326354265,0.6089999973773956,22,"[0, 1, 2, 3, 4, 5, 6, 7, 11, 12, 14, 15, 16, 17, 19, 20, 21, 22, 23, 25, 26, 28]",22,"[0, 1, 2, 3, 4, 5, 6, 7, 11, 12, 14, 15, 16, 17, 19, 20, 21, 22, 23, 25, 26, 28]",0,[],0.4180274326354265,0.06568993220940192,0.2563004725110781,15.223032911835983,0.48454545454545445,0.026533884297520658,0.16289224750589162,0.48454545454545445,0.026533884297520658,0.16289224750589162
4,2,0,000110110101110011010101111001,0.5629411764705883,0.37755054651814346,0.5870000123977661,17,"[3, 4, 6, 7, 9, 11, 12, 13, 16, 17, 19, 21, 23, 24, 25, 26, 29]",17,"[3, 4, 6, 7, 9, 11, 12, 13, 16, 17, 19, 21, 23, 24, 25, 26, 29]",0,[],0.37755054651814346,0.06349394924031798,0.2519800572273885,15.749532230466626,0.4370588235294117,0.035997231833910036,0.18972936471171256,0.4370588235294117,0.035997231833910036,0.18972936471171256
4,2,1,001111101111111000110101000110,0.48,0.506320495572355,0.5494999885559082,18,"[2, 3, 4, 5, 6, 8, 9, 10, 11, 12, 13, 14, 18, 19, 21, 23, 27, 28]",18,"[2, 3, 4, 5, 6, 8, 9, 10, 11, 12, 13, 14, 18, 19, 21, 23, 27, 28]",0,[],0.506320495572355,0.06560153990420117,0.25612797563757295,15.243544609780711,0.52,0.025911111111111114,0.1609692862353285,0.52,0.025911111111111114,0.1609692862353285
4,2,2,111110111111110010100100001101,0.5157894736842105,0.4421075706027056,0.5354999899864197,19,"[0, 1, 2, 3, 4, 6, 7, 8, 9, 10, 11, 12, 13, 16, 18, 21, 26, 27, 29]",19,"[0, 1, 2, 3, 4, 6, 7, 8, 9, 10, 11, 12, 13, 16, 18, 21, 26, 27, 29]",0,[],0.4421075706027056,0.08141295038862437,0.2853295469954424,12.283058103489731,0.48421052631578954,0.04237174515235457,0.20584398255075267,0.48421052631578954,0.04237174515235457,0.20584398255075267
4,2,3,011011001010110110101100001000,0.4600000000000001,0.4586920490754502,0.6924999952316284,14,"[1, 2, 4, 5, 8, 10, 12, 13, 15, 16, 18, 20, 21, 26]",14,"[1, 2, 4, 5, 8, 10, 12, 13, 15, 16, 18, 20, 21, 26]",0,[],0.4586920490754502,0.08024667007196015,0.2832784320628031,12.46157627604065,0.5399999999999999,0.02655714285714286,0.16296362433728226,0.5399999999999999,0.02655714285714286,0.16296362433728226
4,2,4,111111110001101111011111011010,0.5154545454545456,0.4180274326354265,0.6089999973773956,22,"[0, 1, 2, 3, 4, 5, 6, 7, 11, 12, 14, 15, 16, 17, 19, 20, 21, 22, 23, 25, 26, 28]",22,"[0, 1, 2, 3, 4, 5, 6, 7, 11, 12, 14, 15, 16, 17, 19, 20, 21, 22, 23, 25, 26, 28]",0,[],0.4180274326354265,0.06568993220940192,0.2563004725110781,15.223032911835983,0.48454545454545445,0.026533884297520658,0.16289224750589162,0.48454545454545445,0.026533884297520658,0.16289224750589162
4,2,5,011011011100001100011000101100,0.5428571428571428,0.3650210342769112,0.7105000019073486,14,"[1, 2, 4, 5, 7, 8, 9, 14, 15, 19, 20, 24, 26, 27]",14,"[1, 2, 4, 5, 7, 8, 9, 14, 15, 19, 20, 24, 26, 27]",0,[],0.3650210342769112,0.05942780076471069,0.24377817942693455,16.827141289633893,0.4571428571428572,0.04127755102040818,0.20316877471798706,0.4571428571428572,0.04127755102040818,0.20316877471798706
4,2,6,000010101101011100000101111000,0.5546153846153846,0.403416268240947,0.5360000133514404,13,"[4, 6, 8, 9, 11, 13, 14, 15, 21, 23, 24, 25, 26]",13,"[4, 6, 8, 9, 11, 13, 14, 15, 21, 23, 24, 25, 26]",0,[],0.403416268240947,0.06659643789391136,0.25806285647863264,15.015818137195382,0.4453846153846154,0.03085562130177514,0.1756576821598621,0.4453846153846154,0.03085562130177514,0.1756576821598621
4,2,7,111011100111110000100100001101,0.505625,0.4441992749925703,0.4610000252723694,16,"[0, 1, 2, 4, 5, 6, 9, 10, 11, 12, 13, 18, 21, 26, 27, 29]",16,"[0, 1, 2, 4, 5, 6, 9, 10, 11, 12, 13, 18, 21, 26, 27, 29]",0,[],0.4441992749925703,0.07693402303266267,0.2773698307903415,12.998150370681197,0.494375,0.044912109374999995,0.21192477291482464,0.494375,0.044912109374999995,0.21192477291482464
4,2,8,000110110101100010000101111001,0.5871428571428572,0.3150018695741892,0.5895000100135803,14,"[3, 4, 6, 7, 9, 11, 12, 16, 21, 23, 24, 25, 26, 29]",14,"[3, 4, 6, 7, 9, 11, 12, 16, 21, 23, 24, 25, 26, 29]",0,[],0.3150018695741892,0.04539488035447857,0.21306074334442412,22.028915864327022,0.41285714285714287,0.03983469387755102,0.1995863068387985,0.41285714285714287,0.03983469387755102,0.1995863068387985
4,2,9,011011001010110100101100000000,0.4391666666666668,0.47812318056821823,0.6184999942779541,12,"[1, 2, 4, 5, 8, 10, 12, 13, 15, 18, 20, 21]",12,"[1, 2, 4, 5, 8, 10, 12, 13, 15, 18, 20, 21]",0,[],0.47812318056821823,0.07435763471190936,0.2726859635403138,13.44851814980926,0.5608333333333332,0.02700763888888889,0.1643400100063551,0.5608333333333332,0.02700763888888889,0.1643400100063551
4,2,10,101001000110110000111100010101,0.48571428571428577,0.4846644790044853,0.6110000014305115,14,"[0, 2, 5, 9, 10, 12, 13, 18, 19, 20, 21, 25, 27, 29]",14,"[0, 2, 5, 9, 10, 12, 13, 18, 19, 20, 21, 25, 27, 29]",0,[],0.4846644790044853,0.0609858104983302,0.24695305322739017,16.397256867273743,0.5142857142857142,0.0340530612244898,0.18453471549952274,0.5142857142857142,0.0340530612244898,0.18453471549952274
4,2,11,111000010101101011111000001101,0.489375,0.3696547888685018,0.636000007390976,16,"[0, 1, 2, 7, 9, 11, 12, 14, 16, 17, 18, 19, 20, 26, 27, 29]",16,"[0, 1, 2, 7, 9, 11, 12, 14, 16, 17, 18, 19, 20, 26, 27, 29]",0,[],0.3696547888685018,0.05443230572387815,0.233307320339243,18.371442963903768,0.510625,0.040593359375,0.20147793768797614,0.510625,0.040593359375,0.20147793768797614
4,2,12,110011100111100000011100100100,0.5035714285714286,0.43984317034482956,0.5640000104904175,14,"[0, 1, 4, 5, 6, 9, 10, 11, 12, 19, 20, 21, 24, 27]",14,"[0, 1, 4, 5, 6, 9, 10, 11, 12, 19, 20, 21, 24, 27]",0,[],0.43984317034482956,0.05968931395081049,0.24431396593484067,16.753417551826654,0.4964285714285714,0.05012295918367347,0.223881574015535,0.4964285714285714,0.05012295918367347,0.223881574015535
4,3,0,001111101111111000110101000110,0.48,0.506320495572355,0.5494999885559082,18,"[2, 3, 4, 5, 6, 8, 9, 10, 11, 12, 13, 14, 18, 19, 21, 23, 27, 28]",18,"[2, 3, 4, 5, 6, 8, 9, 10, 11, 12, 13, 14, 18, 19, 21, 23, 27, 28]",0,[],0.506320495572355,0.06560153990420117,0.25612797563757295,15.243544609780711,0.52,0.025911111111111114,0.1609692862353285,0.52,0.025911111111111114,0.1609692862353285
4,3,1,111011100111110000100100001101,0.505625,0.4441992749925703,0.4610000252723694,16,"[0, 1, 2, 4, 5, 6, 9, 10, 11, 12, 13, 18, 21, 26, 27, 29]",16,"[0, 1, 2, 4, 5, 6, 9, 10, 11, 12, 13, 18, 21, 26, 27, 29]",0,[],0.4441992749925703,0.07693402303266267,0.2773698307903415,12.998150370681197,0.494375,0.044912109374999995,0.21192477291482464,0.494375,0.044912109374999995,0.21192477291482464
4,3,2,000110110101100010000101111001,0.5871428571428572,0.3150018695741892,0.5895000100135803,14,"[3, 4, 6, 7, 9, 11, 12, 16, 21, 23, 24, 25, 26, 29]",14,"[3, 4, 6, 7, 9, 11, 12, 16, 21, 23, 24, 25, 26, 29]",0,[],0.3150018695741892,0.04539488035447857,0.21306074334442412,22.028915864327022,0.41285714285714287,0.03983469387755102,0.1995863068387985,0.41285714285714287,0.03983469387755102,0.1995863068387985
4,3,3,011011001010110100101100000000,0.4391666666666668,0.47812318056821823,0.6184999942779541,12,"[1, 2, 4, 5, 8, 10, 12, 13, 15, 18, 20, 21]",12,"[1, 2, 4, 5, 8, 10, 12, 13, 15, 18, 20, 21]",0,[],0.47812318056821823,0.07435763471190936,0.2726859635403138,13.44851814980926,0.5608333333333332,0.02700763888888889,0.1643400100063551,0.5608333333333332,0.02700763888888889,0.1643400100063551
4,3,4,101001000110110000111100010101,0.48571428571428577,0.4846644790044853,0.6110000014305115,14,"[0, 2, 5, 9, 10, 12, 13, 18, 19, 20, 21, 25, 27, 29]",14,"[0, 2, 5, 9, 10, 12, 13, 18, 19, 20, 21, 25, 27, 29]",0,[],0.4846644790044853,0.0609858104983302,0.24695305322739017,16.397256867273743,0.5142857142857142,0.0340530612244898,0.18453471549952274,0.5142857142857142,0.0340530612244898,0.18453471549952274
4,3,5,110011100111100000011100100100,0.5035714285714286,0.43984317034482956,0.5640000104904175,14,"[0, 1, 4, 5, 6, 9, 10, 11, 12, 19, 20, 21, 24, 27]",14,"[0, 1, 4, 5, 6, 9, 10, 11, 12, 19, 20, 21, 24, 27]",0,[],0.43984317034482956,0.05968931395081049,0.24431396593484067,16.753417551826654,0.4964285714285714,0.05012295918367347,0.223881574015535,0.4964285714285714,0.05012295918367347,0.223881574015535
4,3,6,011001011111110100101100000000,0.4492857142857144,0.43525188150150435,0.6410000026226044,14,"[1, 2, 5, 7, 8, 9, 10, 11, 12, 13, 15, 18, 20, 21]",14,"[1, 2, 5, 7, 8, 9, 10, 11, 12, 13, 15, 18, 20, 21]",0,[],0.43525188150150435,0.07720084660885272,0.27785040329078653,12.953225824926752,0.5507142857142856,0.03016377551020408,0.1736772164395897,0.5507142857142856,0.03016377551020408,0.1736772164395897
4,3,7,011000010101100010011010001000,0.5072727272727273,0.2843377471647479,0.7935000061988831,11,"[1, 2, 7, 9, 11, 12, 16, 19, 20, 22, 26]",11,"[1, 2, 7, 9, 11, 12, 16, 19, 20, 22, 26]",0,[],0.2843377471647479,0.04098931471128486,0.20245818015403788,24.396602066750038,0.4927272727272726,0.0374198347107438,0.19344207068459487,0.4927272727272726,0.0374198347107438,0.19344207068459487
4,3,8,011010111110101001100100011110,0.5147058823529411,0.41077860116082077,0.5239999890327454,17,"[1, 2, 4, 6, 7, 8, 9, 10, 12, 14, 17, 18, 21, 25, 26, 27, 28]",17,"[1, 2, 4, 6, 7, 8, 9, 10, 12, 14, 17, 18, 21, 25, 26, 27, 28]",0,[],0.41077860116082077,0.08515897084280287,0.2918201001350025,11.74274407150746,0.4852941176470588,0.03591903114186851,0.18952316782353684,0.4852941176470588,0.03591903114186851,0.18952316782353684
4,3,9,000000010101101011111000001101,0.48769230769230776,0.3551340919847672,0.6024999916553497,13,"[7, 9, 11, 12, 14, 16, 17, 18, 19, 20, 26, 27, 29]",13,"[7, 9, 11, 12, 14, 16, 17, 18, 19, 20, 26, 27, 29]",0,[],0.3551340919847672,0.049718112610878065,0.2229755874773695,20.113394243795273,0.5123076923076922,0.039325443786982245,0.19830643909611773,0.5123076923076922,0.039325443786982245,0.19830643909611773
4,3,10,011111110001000010101100101000,0.5178571428571429,0.36318656615912914,0.48100000619888306,14,"[1, 2, 3, 4, 5, 6, 7, 11, 16, 18, 20, 21, 24, 26]",14,"[1, 2, 3, 4, 5, 6, 7, 11, 16, 18, 20, 21, 24, 26]",0,[],0.36318656615912914,0.05266487883464832,0.2294882978163556,18.987986341707828,0.4821428571428571,0.046073979591836726,0.21464850242160258,0.4821428571428571,0.046073979591836726,0.21464850242160258
4,3,11,010101001001001111001100000000,0.40727272727272734,0.5022781125523827,0.6994999945163727,11,"[1, 3, 5, 8, 11, 14, 15, 16, 17, 20, 21]",11,"[1, 3, 5, 8, 11, 14, 15, 16, 17, 20, 21]",0,[],0.5022781125523827,0.042865495096427925,0.20703983939432508,23.328786889092346,0.5927272727272727,0.010547107438016528,0.10269911118416034,0.5927272727272727,0.010547107438016528,0.10269911118416034
4,4,0,011011001010110100101100000000,0.4391666666666668,0.47812318056821823,0.6184999942779541,12,"[1, 2, 4, 5, 8, 10, 12, 13, 15, 18, 20, 21]",12,"[1, 2, 4, 5, 8, 10, 12, 13, 15, 18, 20, 21]",0,[],0.47812318056821823,0.07435763471190936,0.2726859635403138,13.44851814980926,0.5608333333333332,0.02700763888888889,0.1643400100063551,0.5608333333333332,0.02700763888888889,0.1643400100063551
4,4,1,011001011111110100101100000000,0.4492857142857144,0.43525188150150435,0.6410000026226044,14,"[1, 2, 5, 7, 8, 9, 10, 11, 12, 13, 15, 18, 20, 21]",14,"[1, 2, 5, 7, 8, 9, 10, 11, 12, 13, 15, 18, 20, 21]",0,[],0.43525188150150435,0.07720084660885272,0.27785040329078653,12.953225824926752,0.5507142857142856,0.03016377551020408,0.1736772164395897,0.5507142857142856,0.03016377551020408,0.1736772164395897
4,4,2,011000010101100010011010001000,0.5072727272727273,0.2843377471647479,0.7935000061988831,11,"[1, 2, 7, 9, 11, 12, 16, 19, 20, 22, 26]",11,"[1, 2, 7, 9, 11, 12, 16, 19, 20, 22, 26]",0,[],0.2843377471647479,0.04098931471128486,0.20245818015403788,24.396602066750038,0.4927272727272726,0.0374198347107438,0.19344207068459487,0.4927272727272726,0.0374198347107438,0.19344207068459487
4,4,3,000000010101101011111000001101,0.48769230769230776,0.3551340919847672,0.6024999916553497,13,"[7, 9, 11, 12, 14, 16, 17, 18, 19, 20, 26, 27, 29]",13,"[7, 9, 11, 12, 14, 16, 17, 18, 19, 20, 26, 27, 29]",0,[],0.3551340919847672,0.049718112610878065,0.2229755874773695,20.113394243795273,0.5123076923076922,0.039325443786982245,0.19830643909611773,0.5123076923076922,0.039325443786982245,0.19830643909611773
4,4,4,011111110001000010101100101000,0.5178571428571429,0.36318656615912914,0.48100000619888306,14,"[1, 2, 3, 4, 5, 6, 7, 11, 16, 18, 20, 21, 24, 26]",14,"[1, 2, 3, 4, 5, 6, 7, 11, 16, 18, 20, 21, 24, 26]",0,[],0.36318656615912914,0.05266487883464832,0.2294882978163556,18.987986341707828,0.4821428571428571,0.046073979591836726,0.21464850242160258,0.4821428571428571,0.046073979591836726,0.21464850242160258
4,4,5,010101001001001111001100000000,0.40727272727272734,0.5022781125523827,0.6994999945163727,11,"[1, 3, 5, 8, 11, 14, 15, 16, 17, 20, 21]",11,"[1, 3, 5, 8, 11, 14, 15, 16, 17, 20, 21]",0,[],0.5022781125523827,0.042865495096427925,0.20703983939432508,23.328786889092346,0.5927272727272727,0.010547107438016528,0.10269911118416034,0.5927272727272727,0.010547107438016528,0.10269911118416034
4,4,6,111010110111100010000100001101,0.5486666666666666,0.3773508784671625,0.44999998807907104,15,"[0, 1, 2, 4, 6, 7, 9, 10, 11, 12, 16, 21, 26, 27, 29]",15,"[0, 1, 2, 4, 6, 7, 9, 10, 11, 12, 16, 21, 26, 27, 29]",0,[],0.3773508784671625,0.07355518820918062,0.2712105975237336,13.595234059576335,0.45133333333333336,0.04699822222222221,0.2167907337093129,0.45133333333333336,0.04699822222222221,0.2167907337093129
4,4,7,011110110001000010101100101000,0.5192307692307693,0.3334316866329083,0.48350000381469727,13,"[1, 2, 3, 4, 6, 7, 11, 16, 18, 20, 21, 24, 26]",13,"[1, 2, 3, 4, 6, 7, 11, 16, 18, 20, 21, 24, 26]",0,[],0.3334316866329083,0.044321083381711694,0.2105257309254897,22.56262536246197,0.4807692307692307,0.04959171597633136,0.22269197555442216,0.4807692307692307,0.04959171597633136,0.22269197555442216
4,4,8,011010010111100010011010001100,0.5142857142857143,0.3368877467832395,0.6689999997615814,14,"[1, 2, 4, 7, 9, 10, 11, 12, 16, 19, 20, 22, 26, 27]",14,"[1, 2, 4, 7, 9, 10, 11, 12, 16, 19, 20, 22, 26, 27]",0,[],0.3368877467832395,0.061993236495953875,0.2489844101464063,16.13079194639672,0.48571428571428565,0.0420530612244898,0.20506843058962002,0.48571428571428565,0.0420530612244898,0.20506843058962002
4,4,9,010110110101100010000101111001,0.5613333333333332,0.3074697581430276,0.5379999876022339,15,"[1, 3, 4, 6, 7, 9, 11, 12, 16, 21, 23, 24, 25, 26, 29]",15,"[1, 3, 4, 6, 7, 9, 11, 12, 16, 21, 23, 24, 25, 26, 29]",0,[],0.3074697581430276,0.04316281283407342,0.20775661923046743,23.168091566325906,0.4386666666666667,0.04650488888888889,0.21564992207021288,0.4386666666666667,0.04650488888888889,0.21564992207021288
4,4,10,011011001111111000110101000000,0.45999999999999985,0.43631982107957207,0.44749999046325684,15,"[1, 2, 4, 5, 8, 9, 10, 11, 12, 13, 14, 18, 19, 21, 23]",15,"[1, 2, 4, 5, 8, 9, 10, 11, 12, 13, 14, 18, 19, 21, 23]",0,[],0.43631982107957207,0.06640164635828763,0.257685169069327,15.059867561178164,0.5400000000000001,0.026333333333333334,0.1622754859285078,0.5400000000000001,0.026333333333333334,0.1622754859285078
4,4,11,010101001001010110101111000000,0.4130769230769231,0.5269881177407044,0.6304999887943268,13,"[1, 3, 5, 8, 11, 13, 15, 16, 18, 20, 21, 22, 23]",13,"[1, 3, 5, 8, 11, 13, 15, 16, 18, 20, 21, 22, 23]",0,[],0.5269881177407044,0.04445921311288654,0.21085353474126664,22.49252584522575,0.5869230769230769,0.01685207100591716,0.12981552682910144,0.5869230769230769,0.01685207100591716,0.12981552682910144
4,4,12,011110110001100010011010001000,0.5215384615384615,0.3231517325800199,0.6574999988079071,13,"[1, 2, 3, 4, 6, 7, 11, 12, 16, 19, 20, 22, 26]",13,"[1, 2, 3, 4, 6, 7, 11, 12, 16, 19, 20, 22, 26]",0,[],0.3231517325800199,0.05206902195087974,0.2281863754716301,19.205277198088496,0.47846153846153844,0.03776686390532544,0.1943369854282129,0.47846153846153844,0.03776686390532544,0.1943369854282129
4,4,13,011110110001000010101100101100,0.4971428571428572,0.35671658840562614,0.5094999969005585,14,"[1, 2, 3, 4, 6, 7, 11, 16, 18, 20, 21, 24, 26, 27]",14,"[1, 2, 3, 4, 6, 7, 11, 16, 18, 20, 21, 24, 26, 27]",0,[],0.35671658840562614,0.048203718168935976,0.21955345173541677,20.745287666303554,0.5028571428571428,0.05239183673469387,0.22889263145565406,0.5028571428571428,0.05239183673469387,0.22889263145565406
4,5,0,011011001010110100101100000000,0.4391666666666668,0.47812318056821823,0.6184999942779541,12,"[1, 2, 4, 5, 8, 10, 12, 13, 15, 18, 20, 21]",12,"[1, 2, 4, 5, 8, 10, 12, 13, 15, 18, 20, 21]",0,[],0.47812318056821823,0.07435763471190936,0.2726859635403138,13.44851814980926,0.5608333333333332,0.02700763888888889,0.1643400100063551,0.5608333333333332,0.02700763888888889,0.1643400100063551
4,5,1,011001011111110100101100000000,0.4492857142857144,0.43525188150150435,0.6410000026226044,14,"[1, 2, 5, 7, 8, 9, 10, 11, 12, 13, 15, 18, 20, 21]",14,"[1, 2, 5, 7, 8, 9, 10, 11, 12, 13, 15, 18, 20, 21]",0,[],0.43525188150150435,0.07720084660885272,0.27785040329078653,12.953225824926752,0.5507142857142856,0.03016377551020408,0.1736772164395897,0.5507142857142856,0.03016377551020408,0.1736772164395897
4,5,2,011000010101100010011010001000,0.5072727272727273,0.2843377471647479,0.7935000061988831,11,"[1, 2, 7, 9, 11, 12, 16, 19, 20, 22, 26]",11,"[1, 2, 7, 9, 11, 12, 16, 19, 20, 22, 26]",0,[],0.2843377471647479,0.04098931471128486,0.20245818015403788,24.396602066750038,0.4927272727272726,0.0374198347107438,0.19344207068459487,0.4927272727272726,0.0374198347107438,0.19344207068459487
4,5,3,000000010101101011111000001101,0.48769230769230776,0.3551340919847672,0.6024999916553497,13,"[7, 9, 11, 12, 14, 16, 17, 18, 19, 20, 26, 27, 29]",13,"[7, 9, 11, 12, 14, 16, 17, 18, 19, 20, 26, 27, 29]",0,[],0.3551340919847672,0.049718112610878065,0.2229755874773695,20.113394243795273,0.5123076923076922,0.039325443786982245,0.19830643909611773,0.5123076923076922,0.039325443786982245,0.19830643909611773
4,5,4,011111110001000010101100101000,0.5178571428571429,0.36318656615912914,0.48100000619888306,14,"[1, 2, 3, 4, 5, 6, 7, 11, 16, 18, 20, 21, 24, 26]",14,"[1, 2, 3, 4, 5, 6, 7, 11, 16, 18, 20, 21, 24, 26]",0,[],0.36318656615912914,0.05266487883464832,0.2294882978163556,18.987986341707828,0.4821428571428571,0.046073979591836726,0.21464850242160258,0.4821428571428571,0.046073979591836726,0.21464850242160258
4,5,5,010101001001001111001100000000,0.40727272727272734,0.5022781125523827,0.6994999945163727,11,"[1, 3, 5, 8, 11, 14, 15, 16, 17, 20, 21]",11,"[1, 3, 5, 8, 11, 14, 15, 16, 17, 20, 21]",0,[],0.5022781125523827,0.042865495096427925,0.20703983939432508,23.328786889092346,0.5927272727272727,0.010547107438016528,0.10269911118416034,0.5927272727272727,0.010547107438016528,0.10269911118416034
4,5,6,111010110111100010000100001101,0.5486666666666666,0.3773508784671625,0.44999998807907104,15,"[0, 1, 2, 4, 6, 7, 9, 10, 11, 12, 16, 21, 26, 27, 29]",15,"[0, 1, 2, 4, 6, 7, 9, 10, 11, 12, 16, 21, 26, 27, 29]",0,[],0.3773508784671625,0.07355518820918062,0.2712105975237336,13.595234059576335,0.45133333333333336,0.04699822222222221,0.2167907337093129,0.45133333333333336,0.04699822222222221,0.2167907337093129
4,5,7,011110110001000010101100101000,0.5192307692307693,0.3334316866329083,0.48350000381469727,13,"[1, 2, 3, 4, 6, 7, 11, 16, 18, 20, 21, 24, 26]",13,"[1, 2, 3, 4, 6, 7, 11, 16, 18, 20, 21, 24, 26]",0,[],0.3334316866329083,0.044321083381711694,0.2105257309254897,22.56262536246197,0.4807692307692307,0.04959171597633136,0.22269197555442216,0.4807692307692307,0.04959171597633136,0.22269197555442216
4,5,8,010110110101100010000101111001,0.5613333333333332,0.3074697581430276,0.5379999876022339,15,"[1, 3, 4, 6, 7, 9, 11, 12, 16, 21, 23, 24, 25, 26, 29]",15,"[1, 3, 4, 6, 7, 9, 11, 12, 16, 21, 23, 24, 25, 26, 29]",0,[],0.3074697581430276,0.04316281283407342,0.20775661923046743,23.168091566325906,0.4386666666666667,0.04650488888888889,0.21564992207021288,0.4386666666666667,0.04650488888888889,0.21564992207021288
4,5,9,011011001111111000110101000000,0.45999999999999985,0.43631982107957207,0.44749999046325684,15,"[1, 2, 4, 5, 8, 9, 10, 11, 12, 13, 14, 18, 19, 21, 23]",15,"[1, 2, 4, 5, 8, 9, 10, 11, 12, 13, 14, 18, 19, 21, 23]",0,[],0.43631982107957207,0.06640164635828763,0.257685169069327,15.059867561178164,0.5400000000000001,0.026333333333333334,0.1622754859285078,0.5400000000000001,0.026333333333333334,0.1622754859285078
4,5,10,011110110001100010011010001000,0.5215384615384615,0.3231517325800199,0.6574999988079071,13,"[1, 2, 3, 4, 6, 7, 11, 12, 16, 19, 20, 22, 26]",13,"[1, 2, 3, 4, 6, 7, 11, 12, 16, 19, 20, 22, 26]",0,[],0.3231517325800199,0.05206902195087974,0.2281863754716301,19.205277198088496,0.47846153846153844,0.03776686390532544,0.1943369854282129,0.47846153846153844,0.03776686390532544,0.1943369854282129
4,5,11,011110110001000010101100101100,0.4971428571428572,0.35671658840562614,0.5094999969005585,14,"[1, 2, 3, 4, 6, 7, 11, 16, 18, 20, 21, 24, 26, 27]",14,"[1, 2, 3, 4, 6, 7, 11, 16, 18, 20, 21, 24, 26, 27]",0,[],0.35671658840562614,0.048203718168935976,0.21955345173541677,20.745287666303554,0.5028571428571428,0.05239183673469387,0.22889263145565406,0.5028571428571428,0.05239183673469387,0.22889263145565406
4,5,12,010011000111110010101100101000,0.4828571428571429,0.40522933192551136,0.5485000014305115,14,"[1, 4, 5, 9, 10, 11, 12, 13, 16, 18, 20, 21, 24, 26]",14,"[1, 4, 5, 9, 10, 11, 12, 13, 16, 18, 20, 21, 24, 26]",0,[],0.40522933192551136,0.07259731379193701,0.269438886933451,13.77461434545619,0.5171428571428571,0.04414897959183673,0.2101165857133528,0.5171428571428571,0.04414897959183673,0.2101165857133528
4,5,13,011000010101101011111000001100,0.44999999999999996,0.3353414037930114,0.6470000147819519,14,"[1, 2, 7, 9, 11, 12, 14, 16, 17, 18, 19, 20, 26, 27]",14,"[1, 2, 7, 9, 11, 12, 14, 16, 17, 18, 19, 20, 26, 27]",0,[],0.3353414037930114,0.047457765301757014,0.21784803258638122,21.071367217600052,0.55,0.03338571428571428,0.1827175806694974,0.55,0.03338571428571428,0.1827175806694974
4,5,14,010101001001011100101111000000,0.41000000000000014,0.5037087649106979,0.6134999990463257,13,"[1, 3, 5, 8, 11, 13, 14, 15, 18, 20, 21, 22, 23]",13,"[1, 3, 5, 8, 11, 13, 14, 15, 18, 20, 21, 22, 23]",0,[],0.5037087649106979,0.04486750987552156,0.21181952194149045,22.287842645476783,0.5899999999999999,0.016369230769230768,0.12794229468487256,0.5899999999999999,0.016369230769230768,0.12794229468487256
4,5,15,011001001010110110101100001000,0.43538461538461537,0.4854290442397961,0.69200000166893,13,"[1, 2, 5, 8, 10, 12, 13, 15, 16, 18, 20, 21, 26]",13,"[1, 2, 5, 8, 10, 12, 13, 15, 16, 18, 20, 21, 26]",0,[],0.4854290442397961,0.07641135410087072,0.2764260373063122,13.087060316715483,0.5646153846153846,0.02011715976331361,0.1418349736958893,0.5646153846153846,0.02011715976331361,0.1418349736958893
4,5,16,011110110010110100101100001000,0.4900000000000001,0.3849505406937429,0.4509999752044678,14,"[1, 2, 3, 4, 6, 7, 10, 12, 13, 15, 18, 20, 21, 26]",14,"[1, 2, 3, 4, 6, 7, 10, 12, 13, 15, 18, 20, 21, 26]",0,[],0.3849505406937429,0.07429687473462229,0.2725745306051581,13.459516346708467,0.5099999999999999,0.037657142857142854,0.19405448424899346,0.5099999999999999,0.037657142857142854,0.19405448424899346
4,5,17,111011010101110100101100001101,0.4911764705882353,0.3795519153423169,0.573500007390976,17,"[0, 1, 2, 4, 5, 7, 9, 11, 12, 13, 15, 18, 20, 21, 26, 27, 29]",17,"[0, 1, 2, 4, 5, 7, 9, 11, 12, 13, 15, 18, 20, 21, 26, 27, 29]",0,[],0.3795519153423169,0.0691862692102769,0.2630328291492849,14.453734988379173,0.5088235294117647,0.04570449826989619,0.2137861040149621,0.5088235294117647,0.04570449826989619,0.2137861040149621
4,5,18,011010110101100010110101000000,0.4953846153846154,0.32360516488552094,0.5449999868869781,13,"[1, 2, 4, 6, 7, 9, 11, 12, 16, 18, 19, 21, 23]",13,"[1, 2, 4, 6, 7, 9, 11, 12, 16, 18, 19, 21, 23]",0,[],0.32360516488552094,0.038009883701098986,0.19496123640636615,26.30894658515061,0.5046153846153846,0.03959408284023669,0.19898261944259527,0.5046153846153846,0.03959408284023669,0.19898261944259527
4,5,19,011010010100100010011010001000,0.5509090909090908,0.27495823766697536,0.7909999936819077,11,"[1, 2, 4, 7, 9, 12, 16, 19, 20, 22, 26]",11,"[1, 2, 4, 7, 9, 12, 16, 19, 20, 22, 26]",0,[],0.27495823766697536,0.04318317407099425,0.20780561607183345,23.15716761245883,0.44909090909090915,0.03837190082644628,0.19588746980459543,0.44909090909090915,0.03837190082644628,0.19588746980459543
4,5,20,011011001001000010101100100000,0.4690909090909092,0.4257075021212751,0.5954999923706055,11,"[1, 2, 4, 5, 8, 11, 16, 18, 20, 21, 24]",11,"[1, 2, 4, 5, 8, 11, 16, 18, 20, 21, 24]",0,[],0.4257075021212751,0.04988320139367072,0.2233454754269061,20.04682883338121,0.5309090909090908,0.04353553719008264,0.20865171264593693,0.5309090909090908,0.04353553719008264,0.20865171264593693
4,5,21,011001110111110000100100000100,0.45461538461538464,0.4423126561137346,0.5900000035762787,13,"[1, 2, 5, 6, 7, 9, 10, 11, 12, 13, 18, 21, 27]",13,"[1, 2, 5, 6, 7, 9, 10, 11, 12, 13, 18, 21, 27]",0,[],0.4423126561137346,0.07793223101708838,0.27916344856927167,12.831661392841784,0.5453846153846154,0.04027100591715977,0.20067637109824307,0.5453846153846154,0.04027100591715977,0.20067637109824307
5,1,0,110101001000010110000110111100,0.495,0.5109692913080964,0.7364999949932098,14,"[0, 1, 3, 5, 8, 13, 15, 16, 21, 22, 24, 25, 26, 27]",14,"[0, 1, 3, 5, 8, 13, 15, 16, 21, 22, 24, 25, 26, 27]",0,[],0.5109692913080964,0.04860199670802608,0.22045860542974066,20.575286361328878,0.505,0.030796428571428565,0.17548911240139248,0.505,0.030796428571428565,0.17548911240139248
5,1,1,000110110101110011010101111001,0.5835294117647059,0.49557124209754605,0.5769999921321869,17,"[3, 4, 6, 7, 9, 11, 12, 13, 16, 17, 19, 21, 23, 24, 25, 26, 29]",17,"[3, 4, 6, 7, 9, 11, 12, 13, 16, 17, 19, 21, 23, 24, 25, 26, 29]",0,[],0.49557124209754605,0.06639936692455359,0.25768074612697317,15.060384553609554,0.4164705882352941,0.0369522491349481,0.19222967808054015,0.4164705882352941,0.0369522491349481,0.19222967808054015
5,1,2,001111101111111000110101000110,0.4966666666666667,0.6566199610630671,0.5284999907016754,18,"[2, 3, 4, 5, 6, 8, 9, 10, 11, 12, 13, 14, 18, 19, 21, 23, 27, 28]",18,"[2, 3, 4, 5, 6, 8, 9, 10, 11, 12, 13, 14, 18, 19, 21, 23, 27, 28]",0,[],0.6566199610630671,0.043956951774176495,0.20965913234146633,22.74953015708138,0.5033333333333333,0.023466666666666667,0.1531883372410141,0.5033333333333333,0.023466666666666667,0.1531883372410141
5,1,3,110110010010110111110101100001,0.5382352941176471,0.5124492487486672,0.5419999957084656,17,"[0, 1, 3, 4, 7, 10, 12, 13, 15, 16, 17, 18, 19, 21, 23, 24, 29]",17,"[0, 1, 3, 4, 7, 10, 12, 13, 15, 16, 17, 18, 19, 21, 23, 24, 29]",0,[],0.5124492487486672,0.050089756018045314,0.22380740831805662,19.964161926437423,0.4617647058823529,0.03579100346020761,0.18918510369531638,0.4617647058823529,0.03579100346020761,0.18918510369531638
5,1,4,111110111111110010100100001101,0.5447368421052632,0.6231475127370734,0.48750001192092896,19,"[0, 1, 2, 3, 4, 6, 7, 8, 9, 10, 11, 12, 13, 16, 18, 21, 26, 27, 29]",19,"[0, 1, 2, 3, 4, 6, 7, 8, 9, 10, 11, 12, 13, 16, 18, 21, 26, 27, 29]",0,[],0.6231475127370734,0.03792869081170065,0.19475289679925342,26.365265412522735,0.45526315789473687,0.03838282548476455,0.19591535285618775,0.45526315789473687,0.03838282548476455,0.19591535285618775
5,1,5,100110101001001111001110110110,0.5282352941176471,0.549166734166005,0.5394999980926514,17,"[0, 3, 4, 6, 8, 11, 14, 15, 16, 17, 20, 21, 22, 24, 25, 27, 28]",17,"[0, 3, 4, 6, 8, 11, 14, 15, 16, 17, 20, 21, 22, 24, 25, 27, 28]",0,[],0.549166734166005,0.060118257448357935,0.24519024745767914,16.633881992654363,0.4717647058823529,0.022814532871972316,0.15104480418727523,0.4717647058823529,0.022814532871972316,0.15104480418727523
5,1,6,100111011110011000001101101010,0.565625,0.6081720078364015,0.4984999895095825,16,"[0, 3, 4, 5, 7, 8, 9, 10, 13, 14, 20, 21, 23, 24, 26, 28]",16,"[0, 3, 4, 5, 7, 8, 9, 10, 13, 14, 20, 21, 23, 24, 26, 28]",0,[],0.6081720078364015,0.04428495503032698,0.210439908359434,22.581032301267676,0.434375,0.036087109375,0.1899660742738029,0.434375,0.036087109375,0.1899660742738029
5,1,7,001001001000100000010010010110,0.5111111111111111,0.5644940543505881,0.698500007390976,9,"[2, 5, 8, 12, 19, 22, 25, 27, 28]",9,"[2, 5, 8, 12, 19, 22, 25, 27, 28]",0,[],0.5644940543505881,0.08028560059746068,0.28334713797294775,12.45553365184178,0.48888888888888893,0.013920987654320986,0.11798723513296253,0.48888888888888893,0.013920987654320986,0.11798723513296253
5,1,8,111000111010001001110010000100,0.5615384615384615,0.5873109503434255,0.50450000166893,13,"[0, 1, 2, 6, 7, 8, 10, 14, 17, 18, 19, 22, 27]",13,"[0, 1, 2, 6, 7, 8, 10, 14, 17, 18, 19, 22, 27]",0,[],0.5873109503434255,0.047694089518233874,0.21838976514075442,20.966958591749428,0.4384615384615384,0.025613017751479287,0.16004067530312188,0.4384615384615384,0.025613017751479287,0.16004067530312188
5,1,9,100100000001010110101110001010,0.48583333333333323,0.5942663277188936,0.6775000095367432,12,"[0, 3, 11, 13, 15, 16, 18, 20, 21, 22, 26, 28]",12,"[0, 3, 11, 13, 15, 16, 18, 20, 21, 22, 26, 28]",0,[],0.5942663277188936,0.040743165356594384,0.20184936303242174,24.543993851428812,0.5141666666666668,0.02219097222222222,0.14896634593834346,0.5141666666666668,0.02219097222222222,0.14896634593834346
5,1,10,001101101111111101100001010010,0.5035294117647059,0.6071196369388524,0.550000011920929,17,"[2, 3, 5, 6, 8, 9, 10, 11, 12, 13, 14, 15, 17, 18, 23, 25, 28]",17,"[2, 3, 5, 6, 8, 9, 10, 11, 12, 13, 14, 15, 17, 18, 23, 25, 28]",0,[],0.6071196369388524,0.05941694288345358,0.24375590840727038,16.830216289678543,0.4964705882352941,0.016069896193771624,0.1267670942862209,0.4964705882352941,0.016069896193771624,0.1267670942862209
5,1,11,011011001010110110101100001000,0.485,0.6168021197829928,0.6554999947547913,14,"[1, 2, 4, 5, 8, 10, 12, 13, 15, 16, 18, 20, 21, 26]",14,"[1, 2, 4, 5, 8, 10, 12, 13, 15, 16, 18, 20, 21, 26]",0,[],0.6168021197829928,0.03643011844267873,0.19086675572943218,27.449814679396614,0.515,0.024253571428571426,0.15573558176785235,0.515,0.024253571428571426,0.15573558176785235
5,1,12,000010111110101101100110010011,0.576875,0.5343256923370063,0.5254999995231628,16,"[4, 6, 7, 8, 9, 10, 12, 14, 15, 17, 18, 21, 22, 25, 28, 29]",16,"[4, 6, 7, 8, 9, 10, 12, 14, 15, 17, 18, 21, 22, 25, 28, 29]",0,[],0.5343256923370063,0.052759559225760595,0.2296944910653292,18.953911190215855,0.42312500000000003,0.027683984374999998,0.16638504853201203,0.42312500000000003,0.027683984374999998,0.16638504853201203
5,2,0,001111101111111000110101000110,0.4966666666666667,0.6566199610630671,0.5284999907016754,18,"[2, 3, 4, 5, 6, 8, 9, 10, 11, 12, 13, 14, 18, 19, 21, 23, 27, 28]",18,"[2, 3, 4, 5, 6, 8, 9, 10, 11, 12, 13, 14, 18, 19, 21, 23, 27, 28]",0,[],0.6566199610630671,0.043956951774176495,0.20965913234146633,22.74953015708138,0.5033333333333333,0.023466666666666667,0.1531883372410141,0.5033333333333333,0.023466666666666667,0.1531883372410141
5,2,1,110110010010110111110101100001,0.5382352941176471,0.5124492487486672,0.5419999957084656,17,"[0, 1, 3, 4, 7, 10, 12, 13, 15, 16, 17, 18, 19, 21, 23, 24, 29]",17,"[0, 1, 3, 4, 7, 10, 12, 13, 15, 16, 17, 18, 19, 21, 23, 24, 29]",0,[],0.5124492487486672,0.050089756018045314,0.22380740831805662,19.964161926437423,0.4617647058823529,0.03579100346020761,0.18918510369531638,0.4617647058823529,0.03579100346020761,0.18918510369531638
5,2,2,100110101001001111001110110110,0.5282352941176471,0.549166734166005,0.5394999980926514,17,"[0, 3, 4, 6, 8, 11, 14, 15, 16, 17, 20, 21, 22, 24, 25, 27, 28]",17,"[0, 3, 4, 6, 8, 11, 14, 15, 16, 17, 20, 21, 22, 24, 25, 27, 28]",0,[],0.549166734166005,0.060118257448357935,0.24519024745767914,16.633881992654363,0.4717647058823529,0.022814532871972316,0.15104480418727523,0.4717647058823529,0.022814532871972316,0.15104480418727523
5,2,3,001101101111111101100001010010,0.5035294117647059,0.6071196369388524,0.550000011920929,17,"[2, 3, 5, 6, 8, 9, 10, 11, 12, 13, 14, 15, 17, 18, 23, 25, 28]",17,"[2, 3, 5, 6, 8, 9, 10, 11, 12, 13, 14, 15, 17, 18, 23, 25, 28]",0,[],0.6071196369388524,0.05941694288345358,0.24375590840727038,16.830216289678543,0.4964705882352941,0.016069896193771624,0.1267670942862209,0.4964705882352941,0.016069896193771624,0.1267670942862209
5,2,4,000010111110101101100110010011,0.576875,0.5343256923370063,0.5254999995231628,16,"[4, 6, 7, 8, 9, 10, 12, 14, 15, 17, 18, 21, 22, 25, 28, 29]",16,"[4, 6, 7, 8, 9, 10, 12, 14, 15, 17, 18, 21, 22, 25, 28, 29]",0,[],0.5343256923370063,0.052759559225760595,0.2296944910653292,18.953911190215855,0.42312500000000003,0.027683984374999998,0.16638504853201203,0.42312500000000003,0.027683984374999998,0.16638504853201203
5,2,5,110110110101110011010110111101,0.5715,0.5081740561872721,0.5625,20,"[0, 1, 3, 4, 6, 7, 9, 11, 12, 13, 16, 17, 19, 21, 22, 24, 25, 26, 27, 29]",20,"[0, 1, 3, 4, 6, 7, 9, 11, 12, 13, 16, 17, 19, 21, 22, 24, 25, 26, 27, 29]",0,[],0.5081740561872721,0.06068262037277351,0.24633842650462293,16.479182900425148,0.4285,0.03803275,0.19501987078244104,0.4285,0.03803275,0.19501987078244104
5,2,6,111000011111110110101100111010,0.5394736842105263,0.5809019282460213,0.4729999899864197,19,"[0, 1, 2, 7, 8, 9, 10, 11, 12, 13, 15, 16, 18, 20, 21, 24, 25, 26, 28]",19,"[0, 1, 2, 7, 8, 9, 10, 11, 12, 13, 15, 16, 18, 20, 21, 24, 25, 26, 28]",0,[],0.5809019282460213,0.06000737595629267,0.24496402992335972,16.6646180417615,0.4605263157894737,0.03455235457063712,0.18588263654961729,0.4605263157894737,0.03455235457063712,0.18588263654961729
5,2,7,110101001000000111010110111100,0.518,0.4601027751962344,0.6455000042915344,15,"[0, 1, 3, 5, 8, 15, 16, 17, 19, 21, 22, 24, 25, 26, 27]",15,"[0, 1, 3, 5, 8, 15, 16, 17, 19, 21, 22, 24, 25, 26, 27]",0,[],0.4601027751962344,0.05548057092414083,0.2355431402612711,18.024327856454658,0.48200000000000004,0.027509333333333334,0.16585937818927615,0.48200000000000004,0.027509333333333334,0.16585937818927615
5,2,8,110011100100011100100100000101,0.5138461538461538,0.5926876091040097,0.4950000047683716,13,"[0, 1, 4, 5, 6, 9, 13, 14, 15, 18, 21, 27, 29]",13,"[0, 1, 4, 5, 6, 9, 13, 14, 15, 18, 21, 27, 29]",0,[],0.5926876091040097,0.034115217069716,0.18470305105686805,29.312432570968387,0.4861538461538461,0.035377514792899405,0.18808911396702205,0.4861538461538461,0.035377514792899405,0.18808911396702205
5,2,9,010100000000010110000101011001,0.4770000000000001,0.48825868144631385,0.56700000166893,10,"[1, 3, 13, 15, 16, 21, 23, 25, 26, 29]",10,"[1, 3, 13, 15, 16, 21, 23, 25, 26, 29]",0,[],0.48825868144631385,0.05208763065182248,0.22822714705271693,19.198415967208355,0.5229999999999999,0.030681000000000003,0.17515992692394,0.5229999999999999,0.030681000000000003,0.17515992692394
5,2,10,110101111101110000011100100111,0.5249999999999999,0.5908960757984055,0.5464999973773956,18,"[0, 1, 3, 5, 6, 7, 8, 9, 11, 12, 13, 19, 20, 21, 24, 27, 28, 29]",18,"[0, 1, 3, 5, 6, 7, 8, 9, 11, 12, 13, 19, 20, 21, 24, 27, 28, 29]",0,[],0.5908960757984055,0.05346756018556264,0.23123053471711438,18.70292933751671,0.47500000000000003,0.03918055555555555,0.1979407880037754,0.47500000000000003,0.03918055555555555,0.1979407880037754
5,2,11,110110010010110111110101100000,0.5231250000000001,0.5243880413472652,0.5475000143051147,16,"[0, 1, 3, 4, 7, 10, 12, 13, 15, 16, 17, 18, 19, 21, 23, 24]",16,"[0, 1, 3, 4, 7, 10, 12, 13, 15, 16, 17, 18, 19, 21, 23, 24]",0,[],0.5243880413472652,0.050797274701063336,0.22538250753122643,19.686095482186705,0.476875,0.034146484375,0.18478767376370103,0.476875,0.034146484375,0.18478767376370103
5,3,0,001111101111111000110101000110,0.4966666666666667,0.6566199610630671,0.5284999907016754,18,"[2, 3, 4, 5, 6, 8, 9, 10, 11, 12, 13, 14, 18, 19, 21, 23, 27, 28]",18,"[2, 3, 4, 5, 6, 8, 9, 10, 11, 12, 13, 14, 18, 19, 21, 23, 27, 28]",0,[],0.6566199610630671,0.043956951774176495,0.20965913234146633,22.74953015708138,0.5033333333333333,0.023466666666666667,0.1531883372410141,0.5033333333333333,0.023466666666666667,0.1531883372410141
5,3,1,111000011111110110101100111010,0.5394736842105263,0.5809019282460213,0.4729999899864197,19,"[0, 1, 2, 7, 8, 9, 10, 11, 12, 13, 15, 16, 18, 20, 21, 24, 25, 26, 28]",19,"[0, 1, 2, 7, 8, 9, 10, 11, 12, 13, 15, 16, 18, 20, 21, 24, 25, 26, 28]",0,[],0.5809019282460213,0.06000737595629267,0.24496402992335972,16.6646180417615,0.4605263157894737,0.03455235457063712,0.18588263654961729,0.4605263157894737,0.03455235457063712,0.18588263654961729
5,3,2,110101001000000111010110111100,0.518,0.4601027751962344,0.6455000042915344,15,"[0, 1, 3, 5, 8, 15, 16, 17, 19, 21, 22, 24, 25, 26, 27]",15,"[0, 1, 3, 5, 8, 15, 16, 17, 19, 21, 22, 24, 25, 26, 27]",0,[],0.4601027751962344,0.05548057092414083,0.2355431402612711,18.024327856454658,0.48200000000000004,0.027509333333333334,0.16585937818927615,0.48200000000000004,0.027509333333333334,0.16585937818927615
5,3,3,110011100100011100100100000101,0.5138461538461538,0.5926876091040097,0.4950000047683716,13,"[0, 1, 4, 5, 6, 9, 13, 14, 15, 18, 21, 27, 29]",13,"[0, 1, 4, 5, 6, 9, 13, 14, 15, 18, 21, 27, 29]",0,[],0.5926876091040097,0.034115217069716,0.18470305105686805,29.312432570968387,0.4861538461538461,0.035377514792899405,0.18808911396702205,0.4861538461538461,0.035377514792899405,0.18808911396702205
5,3,4,010100000000010110000101011001,0.4770000000000001,0.48825868144631385,0.56700000166893,10,"[1, 3, 13, 15, 16, 21, 23, 25, 26, 29]",10,"[1, 3, 13, 15, 16, 21, 23, 25, 26, 29]",0,[],0.48825868144631385,0.05208763065182248,0.22822714705271693,19.198415967208355,0.5229999999999999,0.030681000000000003,0.17515992692394,0.5229999999999999,0.030681000000000003,0.17515992692394
5,3,5,010110101001001011001110111001,0.5537500000000001,0.5147850108332932,0.5209999978542328,16,"[1, 3, 4, 6, 8, 11, 14, 16, 17, 20, 21, 22, 24, 25, 26, 29]",16,"[1, 3, 4, 6, 8, 11, 14, 16, 17, 20, 21, 22, 24, 25, 26, 29]",0,[],0.5147850108332932,0.05828465380983858,0.24142214854863375,17.157174910271113,0.4462499999999999,0.02984843749999999,0.17276700350472016,0.4462499999999999,0.02984843749999999,0.17276700350472016
5,3,6,001010010101011011111110110010,0.5764705882352941,0.5667558351860327,0.43849998712539673,17,"[2, 4, 7, 9, 11, 13, 14, 16, 17, 18, 19, 20, 21, 22, 24, 25, 28]",17,"[2, 4, 7, 9, 11, 13, 14, 16, 17, 18, 19, 20, 21, 22, 24, 25, 28]",0,[],0.5667558351860327,0.06751772045027833,0.25984172191986094,14.810926573512267,0.4235294117647059,0.031316955017301036,0.17696597135410252,0.4235294117647059,0.031316955017301036,0.17696597135410252
5,3,7,110101001000011000001110011100,0.4623076923076923,0.5464981043568025,0.7380000054836273,13,"[0, 1, 3, 5, 8, 13, 14, 20, 21, 22, 25, 26, 27]",13,"[0, 1, 3, 5, 8, 13, 14, 20, 21, 22, 25, 26, 27]",0,[],0.5464981043568025,0.04800722352334254,0.21910550774305637,20.830198595296192,0.5376923076923077,0.022756213017751478,0.1508516258372825,0.5376923076923077,0.022756213017751478,0.1508516258372825
5,3,8,011000011111110110101100001000,0.514,0.6334098637104034,0.47699999809265137,15,"[1, 2, 7, 8, 9, 10, 11, 12, 13, 15, 16, 18, 20, 21, 26]",15,"[1, 2, 7, 8, 9, 10, 11, 12, 13, 15, 16, 18, 20, 21, 26]",0,[],0.6334098637104034,0.03975189878451509,0.1993787821823453,25.156031046988346,0.486,0.03617066666666667,0.1901858739934874,0.486,0.03617066666666667,0.1901858739934874
5,3,9,100110000010110011100101101010,0.5314285714285714,0.5410207062959671,0.4819999933242798,14,"[0, 3, 4, 10, 12, 13, 16, 17, 18, 21, 23, 24, 26, 28]",14,"[0, 3, 4, 10, 12, 13, 16, 17, 18, 21, 23, 24, 26, 28]",0,[],0.5410207062959671,0.05466915595424319,0.23381436216418183,18.29184999375108,0.4685714285714286,0.029040816326530616,0.17041366238224745,0.4685714285714286,0.029040816326530616,0.17041366238224745
5,3,10,100100000001010110000101010110,0.44000000000000006,0.5954938646067273,0.6610000133514404,11,"[0, 3, 11, 13, 15, 16, 21, 23, 25, 27, 28]",11,"[0, 3, 11, 13, 15, 16, 21, 23, 25, 27, 28]",0,[],0.5954938646067273,0.06482473694012646,0.254607024530209,15.426209919272358,0.5599999999999999,0.014327272727272723,0.119696586113693,0.5599999999999999,0.014327272727272723,0.119696586113693
5,3,11,110101101111111000110110111100,0.5135,0.5429346185177565,0.5250000059604645,20,"[0, 1, 3, 5, 6, 8, 9, 10, 11, 12, 13, 14, 18, 19, 21, 22, 24, 25, 26, 27]",20,"[0, 1, 3, 5, 6, 8, 9, 10, 11, 12, 13, 14, 18, 19, 21, 22, 24, 25, 26, 27]",0,[],0.5429346185177565,0.05953875290012108,0.24400564112356313,16.795783440031816,0.48650000000000004,0.029532749999999997,0.1718509528632297,0.48650000000000004,0.029532749999999997,0.1718509528632297
5,3,12,010100000000000111001101011001,0.4927272727272727,0.4778948934240775,0.534500002861023,11,"[1, 3, 15, 16, 17, 20, 21, 23, 25, 26, 29]",11,"[1, 3, 15, 16, 17, 20, 21, 23, 25, 26, 29]",0,[],0.4778948934240775,0.06063840838946846,0.2462486718532071,16.491198013925406,0.5072727272727273,0.026874380165289254,0.16393407261850496,0.5072727272727273,0.026874380165289254,0.16393407261850496
5,3,13,010101001000000111010101000110,0.44333333333333325,0.5887255209187666,0.6035000085830688,12,"[1, 3, 5, 8, 15, 16, 17, 19, 21, 23, 27, 28]",12,"[1, 3, 5, 8, 15, 16, 17, 19, 21, 23, 27, 28]",0,[],0.5887255209187666,0.05646937313975702,0.23763285366244505,17.70871437735076,0.5566666666666668,0.013188888888888887,0.1148428878463481,0.5566666666666668,0.013188888888888887,0.1148428878463481
5,4,0,001111101111111000110101000110,0.4966666666666667,0.6566199610630671,0.5284999907016754,18,"[2, 3, 4, 5, 6, 8, 9, 10, 11, 12, 13, 14, 18, 19, 21, 23, 27, 28]",18,"[2, 3, 4, 5, 6, 8, 9, 10, 11, 12, 13, 14, 18, 19, 21, 23, 27, 28]",0,[],0.6566199610630671,0.043956951774176495,0.20965913234146633,22.74953015708138,0.5033333333333333,0.023466666666666667,0.1531883372410141,0.5033333333333333,0.023466666666666667,0.1531883372410141
5,4,1,111000011111110110101100111010,0.5394736842105263,0.5809019282460213,0.4729999899864197,19,"[0, 1, 2, 7, 8, 9, 10, 11, 12, 13, 15, 16, 18, 20, 21, 24, 25, 26, 28]",19,"[0, 1, 2, 7, 8, 9, 10, 11, 12, 13, 15, 16, 18, 20, 21, 24, 25, 26, 28]",0,[],0.5809019282460213,0.06000737595629267,0.24496402992335972,16.6646180417615,0.4605263157894737,0.03455235457063712,0.18588263654961729,0.4605263157894737,0.03455235457063712,0.18588263654961729
5,4,2,110101001000000111010110111100,0.518,0.4601027751962344,0.6455000042915344,15,"[0, 1, 3, 5, 8, 15, 16, 17, 19, 21, 22, 24, 25, 26, 27]",15,"[0, 1, 3, 5, 8, 15, 16, 17, 19, 21, 22, 24, 25, 26, 27]",0,[],0.4601027751962344,0.05548057092414083,0.2355431402612711,18.024327856454658,0.48200000000000004,0.027509333333333334,0.16585937818927615,0.48200000000000004,0.027509333333333334,0.16585937818927615
5,4,3,110011100100011100100100000101,0.5138461538461538,0.5926876091040097,0.4950000047683716,13,"[0, 1, 4, 5, 6, 9, 13, 14, 15, 18, 21, 27, 29]",13,"[0, 1, 4, 5, 6, 9, 13, 14, 15, 18, 21, 27, 29]",0,[],0.5926876091040097,0.034115217069716,0.18470305105686805,29.312432570968387,0.4861538461538461,0.035377514792899405,0.18808911396702205,0.4861538461538461,0.035377514792899405,0.18808911396702205
5,4,4,010100000000010110000101011001,0.4770000000000001,0.48825868144631385,0.56700000166893,10,"[1, 3, 13, 15, 16, 21, 23, 25, 26, 29]",10,"[1, 3, 13, 15, 16, 21, 23, 25, 26, 29]",0,[],0.48825868144631385,0.05208763065182248,0.22822714705271693,19.198415967208355,0.5229999999999999,0.030681000000000003,0.17515992692394,0.5229999999999999,0.030681000000000003,0.17515992692394
5,4,5,001010010101011011111110110010,0.5764705882352941,0.5667558351860327,0.43849998712539673,17,"[2, 4, 7, 9, 11, 13, 14, 16, 17, 18, 19, 20, 21, 22, 24, 25, 28]",17,"[2, 4, 7, 9, 11, 13, 14, 16, 17, 18, 19, 20, 21, 22, 24, 25, 28]",0,[],0.5667558351860327,0.06751772045027833,0.25984172191986094,14.810926573512267,0.4235294117647059,0.031316955017301036,0.17696597135410252,0.4235294117647059,0.031316955017301036,0.17696597135410252
5,4,6,110101001000011000001110011100,0.4623076923076923,0.5464981043568025,0.7380000054836273,13,"[0, 1, 3, 5, 8, 13, 14, 20, 21, 22, 25, 26, 27]",13,"[0, 1, 3, 5, 8, 13, 14, 20, 21, 22, 25, 26, 27]",0,[],0.5464981043568025,0.04800722352334254,0.21910550774305637,20.830198595296192,0.5376923076923077,0.022756213017751478,0.1508516258372825,0.5376923076923077,0.022756213017751478,0.1508516258372825
5,4,7,011000011111110110101100001000,0.514,0.6334098637104034,0.47699999809265137,15,"[1, 2, 7, 8, 9, 10, 11, 12, 13, 15, 16, 18, 20, 21, 26]",15,"[1, 2, 7, 8, 9, 10, 11, 12, 13, 15, 16, 18, 20, 21, 26]",0,[],0.6334098637104034,0.03975189878451509,0.1993787821823453,25.156031046988346,0.486,0.03617066666666667,0.1901858739934874,0.486,0.03617066666666667,0.1901858739934874
5,4,8,100110000010110011100101101010,0.5314285714285714,0.5410207062959671,0.4819999933242798,14,"[0, 3, 4, 10, 12, 13, 16, 17, 18, 21, 23, 24, 26, 28]",14,"[0, 3, 4, 10, 12, 13, 16, 17, 18, 21, 23, 24, 26, 28]",0,[],0.5410207062959671,0.05466915595424319,0.23381436216418183,18.29184999375108,0.4685714285714286,0.029040816326530616,0.17041366238224745,0.4685714285714286,0.029040816326530616,0.17041366238224745
5,4,9,010100000000000111001101011001,0.4927272727272727,0.4778948934240775,0.534500002861023,11,"[1, 3, 15, 16, 17, 20, 21, 23, 25, 26, 29]",11,"[1, 3, 15, 16, 17, 20, 21, 23, 25, 26, 29]",0,[],0.4778948934240775,0.06063840838946846,0.2462486718532071,16.491198013925406,0.5072727272727273,0.026874380165289254,0.16393407261850496,0.5072727272727273,0.026874380165289254,0.16393407261850496
5,4,10,010101001000000111010101000110,0.44333333333333325,0.5887255209187666,0.6035000085830688,12,"[1, 3, 5, 8, 15, 16, 17, 19, 21, 23, 27, 28]",12,"[1, 3, 5, 8, 15, 16, 17, 19, 21, 23, 27, 28]",0,[],0.5887255209187666,0.05646937313975702,0.23763285366244505,17.70871437735076,0.5566666666666668,0.013188888888888887,0.1148428878463481,0.5566666666666668,0.013188888888888887,0.1148428878463481
5,4,11,010100000000010110000110011001,0.502,0.46444135084748267,0.6189999878406525,10,"[1, 3, 13, 15, 16, 21, 22, 25, 26, 29]",10,"[1, 3, 13, 15, 16, 21, 22, 25, 26, 29]",0,[],0.46444135084748267,0.039844458359862125,0.19961076714411508,25.09759301954432,0.49800000000000005,0.032956,0.1815378748360793,0.49800000000000005,0.032956,0.1815378748360793
5,4,12,010100000101110011010101011001,0.5071428571428571,0.4937950622822557,0.49699997901916504,14,"[1, 3, 9, 11, 12, 13, 16, 17, 19, 21, 23, 25, 26, 29]",14,"[1, 3, 9, 11, 12, 13, 16, 17, 19, 21, 23, 25, 26, 29]",0,[],0.4937950622822557,0.0712690007990602,0.2669625456858325,14.031345869706463,0.4928571428571429,0.0314204081632653,0.17725802707709826,0.4928571428571429,0.0314204081632653,0.17725802707709826
5,4,13,100100000000010110100101010110,0.4381818181818181,0.5738488442518495,0.6514999866485596,11,"[0, 3, 13, 15, 16, 18, 21, 23, 25, 27, 28]",11,"[0, 3, 13, 15, 16, 18, 21, 23, 25, 27, 28]",0,[],0.5738488442518495,0.05509086580405655,0.23471443458819602,18.1518294440449,0.5618181818181819,0.014505785123966941,0.12043996481221232,0.5618181818181819,0.014505785123966941,0.12043996481221232
5,4,14,010111000000000111110101000110,0.4607692307692307,0.6039124165589993,0.5699999928474426,13,"[1, 3, 4, 5, 15, 16, 17, 18, 19, 21, 23, 27, 28]",13,"[1, 3, 4, 5, 15, 16, 17, 18, 19, 21, 23, 27, 28]",0,[],0.6039124165589993,0.05436107842364499,0.233154623423266,18.395514382677117,0.5392307692307693,0.018499408284023664,0.13601252987877133,0.5392307692307693,0.018499408284023664,0.13601252987877133
5,4,15,010110101111111000110101001000,0.5,0.5988978911191225,0.5300000011920929,16,"[1, 3, 4, 6, 8, 9, 10, 11, 12, 13, 14, 18, 19, 21, 23, 26]",16,"[1, 3, 4, 6, 8, 9, 10, 11, 12, 13, 14, 18, 19, 21, 23, 26]",0,[],0.5988978911191225,0.04976058953517681,0.22307081730960868,20.096224931038627,0.5,0.0283125,0.1682631867046384,0.5,0.0283125,0.1682631867046384
5,4,16,110101001000010110100100111100,0.47499999999999987,0.5164114678544658,0.7215000092983246,14,"[0, 1, 3, 5, 8, 13, 15, 16, 18, 21, 24, 25, 26, 27]",14,"[0, 1, 3, 5, 8, 13, 15, 16, 18, 21, 24, 25, 26, 27]",0,[],0.5164114678544658,0.0501115537741535,0.22385610059623906,19.95547782267688,0.5250000000000001,0.02939642857142857,0.17145386718131664,0.5250000000000001,0.02939642857142857,0.17145386718131664
5,4,17,001010010110111011111110110010,0.5766666666666667,0.5457058453725444,0.43400001525878906,18,"[2, 4, 7, 9, 10, 12, 13, 14, 16, 17, 18, 19, 20, 21, 22, 24, 25, 28]",18,"[2, 4, 7, 9, 10, 12, 13, 14, 16, 17, 18, 19, 20, 21, 22, 24, 25, 28]",0,[],0.5457058453725444,0.06356820383962555,0.2521273563888408,15.731135058068844,0.42333333333333334,0.029577777777777776,0.17198191119352574,0.42333333333333334,0.029577777777777776,0.17198191119352574
5,5,0,001111101111111000110101000110,0.4966666666666667,0.6566199610630671,0.5284999907016754,18,"[2, 3, 4, 5, 6, 8, 9, 10, 11, 12, 13, 14, 18, 19, 21, 23, 27, 28]",18,"[2, 3, 4, 5, 6, 8, 9, 10, 11, 12, 13, 14, 18, 19, 21, 23, 27, 28]",0,[],0.6566199610630671,0.043956951774176495,0.20965913234146633,22.74953015708138,0.5033333333333333,0.023466666666666667,0.1531883372410141,0.5033333333333333,0.023466666666666667,0.1531883372410141
5,5,1,110011100100011100100100000101,0.5138461538461538,0.5926876091040097,0.4950000047683716,13,"[0, 1, 4, 5, 6, 9, 13, 14, 15, 18, 21, 27, 29]",13,"[0, 1, 4, 5, 6, 9, 13, 14, 15, 18, 21, 27, 29]",0,[],0.5926876091040097,0.034115217069716,0.18470305105686805,29.312432570968387,0.4861538461538461,0.035377514792899405,0.18808911396702205,0.4861538461538461,0.035377514792899405,0.18808911396702205
5,5,2,010100000000010110000101011001,0.4770000000000001,0.48825868144631385,0.56700000166893,10,"[1, 3, 13, 15, 16, 21, 23, 25, 26, 29]",10,"[1, 3, 13, 15, 16, 21, 23, 25, 26, 29]",0,[],0.48825868144631385,0.05208763065182248,0.22822714705271693,19.198415967208355,0.5229999999999999,0.030681000000000003,0.17515992692394,0.5229999999999999,0.030681000000000003,0.17515992692394
5,5,3,001010010101011011111110110010,0.5764705882352941,0.5667558351860327,0.43849998712539673,17,"[2, 4, 7, 9, 11, 13, 14, 16, 17, 18, 19, 20, 21, 22, 24, 25, 28]",17,"[2, 4, 7, 9, 11, 13, 14, 16, 17, 18, 19, 20, 21, 22, 24, 25, 28]",0,[],0.5667558351860327,0.06751772045027833,0.25984172191986094,14.810926573512267,0.4235294117647059,0.031316955017301036,0.17696597135410252,0.4235294117647059,0.031316955017301036,0.17696597135410252
5,5,4,110101001000011000001110011100,0.4623076923076923,0.5464981043568025,0.7380000054836273,13,"[0, 1, 3, 5, 8, 13, 14, 20, 21, 22, 25, 26, 27]",13,"[0, 1, 3, 5, 8, 13, 14, 20, 21, 22, 25, 26, 27]",0,[],0.5464981043568025,0.04800722352334254,0.21910550774305637,20.830198595296192,0.5376923076923077,0.022756213017751478,0.1508516258372825,0.5376923076923077,0.022756213017751478,0.1508516258372825
5,5,5,011000011111110110101100001000,0.514,0.6334098637104034,0.47699999809265137,15,"[1, 2, 7, 8, 9, 10, 11, 12, 13, 15, 16, 18, 20, 21, 26]",15,"[1, 2, 7, 8, 9, 10, 11, 12, 13, 15, 16, 18, 20, 21, 26]",0,[],0.6334098637104034,0.03975189878451509,0.1993787821823453,25.156031046988346,0.486,0.03617066666666667,0.1901858739934874,0.486,0.03617066666666667,0.1901858739934874
5,5,6,100110000010110011100101101010,0.5314285714285714,0.5410207062959671,0.4819999933242798,14,"[0, 3, 4, 10, 12, 13, 16, 17, 18, 21, 23, 24, 26, 28]",14,"[0, 3, 4, 10, 12, 13, 16, 17, 18, 21, 23, 24, 26, 28]",0,[],0.5410207062959671,0.05466915595424319,0.23381436216418183,18.29184999375108,0.4685714285714286,0.029040816326530616,0.17041366238224745,0.4685714285714286,0.029040816326530616,0.17041366238224745
5,5,7,010100000000000111001101011001,0.4927272727272727,0.4778948934240775,0.534500002861023,11,"[1, 3, 15, 16, 17, 20, 21, 23, 25, 26, 29]",11,"[1, 3, 15, 16, 17, 20, 21, 23, 25, 26, 29]",0,[],0.4778948934240775,0.06063840838946846,0.2462486718532071,16.491198013925406,0.5072727272727273,0.026874380165289254,0.16393407261850496,0.5072727272727273,0.026874380165289254,0.16393407261850496
5,5,8,010100000000010110000110011001,0.502,0.46444135084748267,0.6189999878406525,10,"[1, 3, 13, 15, 16, 21, 22, 25, 26, 29]",10,"[1, 3, 13, 15, 16, 21, 22, 25, 26, 29]",0,[],0.46444135084748267,0.039844458359862125,0.19961076714411508,25.09759301954432,0.49800000000000005,0.032956,0.1815378748360793,0.49800000000000005,0.032956,0.1815378748360793
5,5,9,010100000101110011010101011001,0.5071428571428571,0.4937950622822557,0.49699997901916504,14,"[1, 3, 9, 11, 12, 13, 16, 17, 19, 21, 23, 25, 26, 29]",14,"[1, 3, 9, 11, 12, 13, 16, 17, 19, 21, 23, 25, 26, 29]",0,[],0.4937950622822557,0.0712690007990602,0.2669625456858325,14.031345869706463,0.4928571428571429,0.0314204081632653,0.17725802707709826,0.4928571428571429,0.0314204081632653,0.17725802707709826
5,5,10,100100000000010110100101010110,0.4381818181818181,0.5738488442518495,0.6514999866485596,11,"[0, 3, 13, 15, 16, 18, 21, 23, 25, 27, 28]",11,"[0, 3, 13, 15, 16, 18, 21, 23, 25, 27, 28]",0,[],0.5738488442518495,0.05509086580405655,0.23471443458819602,18.1518294440449,0.5618181818181819,0.014505785123966941,0.12043996481221232,0.5618181818181819,0.014505785123966941,0.12043996481221232
5,5,11,010110101111111000110101001000,0.5,0.5988978911191225,0.5300000011920929,16,"[1, 3, 4, 6, 8, 9, 10, 11, 12, 13, 14, 18, 19, 21, 23, 26]",16,"[1, 3, 4, 6, 8, 9, 10, 11, 12, 13, 14, 18, 19, 21, 23, 26]",0,[],0.5988978911191225,0.04976058953517681,0.22307081730960868,20.096224931038627,0.5,0.0283125,0.1682631867046384,0.5,0.0283125,0.1682631867046384
5,5,12,001010010110111011111110110010,0.5766666666666667,0.5457058453725444,0.43400001525878906,18,"[2, 4, 7, 9, 10, 12, 13, 14, 16, 17, 18, 19, 20, 21, 22, 24, 25, 28]",18,"[2, 4, 7, 9, 10, 12, 13, 14, 16, 17, 18, 19, 20, 21, 22, 24, 25, 28]",0,[],0.5457058453725444,0.06356820383962555,0.2521273563888408,15.731135058068844,0.42333333333333334,0.029577777777777776,0.17198191119352574,0.42333333333333334,0.029577777777777776,0.17198191119352574
5,5,13,110100000001010110001110011100,0.4623076923076923,0.5588493490448365,0.7089999914169312,13,"[0, 1, 3, 11, 13, 15, 16, 20, 21, 22, 25, 26, 27]",13,"[0, 1, 3, 11, 13, 15, 16, 20, 21, 22, 25, 26, 27]",0,[],0.5588493490448365,0.05654187205696662,0.23778534870123227,17.68600797286103,0.5376923076923077,0.02380236686390532,0.1542801570646897,0.5376923076923077,0.02380236686390532,0.1542801570646897
5,5,14,001010010110111011110100111010,0.5923529411764705,0.5104388108148294,0.3855000138282776,17,"[2, 4, 7, 9, 10, 12, 13, 14, 16, 17, 18, 19, 21, 24, 25, 26, 28]",17,"[2, 4, 7, 9, 10, 12, 13, 14, 16, 17, 18, 19, 21, 24, 25, 26, 28]",0,[],0.5104388108148294,0.06685325957999262,0.25855997288828875,14.958133773618917,0.4076470588235294,0.031006228373702423,0.17608585512102448,0.4076470588235294,0.031006228373702423,0.17608585512102448
5,5,15,011110111111111000100101000110,0.5044444444444445,0.6841466989782121,0.43449997901916504,18,"[1, 2, 3, 4, 6, 7, 8, 9, 10, 11, 12, 13, 14, 18, 21, 23, 27, 28]",18,"[1, 2, 3, 4, 6, 7, 8, 9, 10, 11, 12, 13, 14, 18, 21, 23, 27, 28]",0,[],0.6841466989782121,0.030008092110689024,0.17322843909326502,33.32434452384913,0.49555555555555547,0.0334358024691358,0.18285459378734734,0.49555555555555547,0.0334358024691358,0.18285459378734734
5,5,16,000100001000000111010100010110,0.46599999999999997,0.4792906783521175,0.710999995470047,10,"[3, 8, 15, 16, 17, 19, 21, 25, 27, 28]",10,"[3, 8, 15, 16, 17, 19, 21, 25, 27, 28]",0,[],0.4792906783521175,0.06842878822598403,0.26158896808922205,14.61373240597992,0.534,0.013463999999999999,0.1160344776348823,0.534,0.013463999999999999,0.1160344776348823
5,5,17,100100000000010110110101111000,0.5133333333333332,0.4372979396333297,0.5555000007152557,12,"[0, 3, 13, 15, 16, 18, 19, 21, 23, 24, 25, 26]",12,"[0, 3, 13, 15, 16, 18, 19, 21, 23, 24, 25, 26]",0,[],0.4372979396333297,0.05200516160968504,0.22804640231690795,19.22886054090769,0.48666666666666675,0.02950555555555556,0.17177181245930764,0.48666666666666675,0.02950555555555556,0.17177181245930764
5,5,18,111000011101110110101100111010,0.5372222222222223,0.5677197124395106,0.47350001335144043,18,"[0, 1, 2, 7, 8, 9, 11, 12, 13, 15, 16, 18, 20, 21, 24, 25, 26, 28]",18,"[0, 1, 2, 7, 8, 9, 11, 12, 13, 15, 16, 18, 20, 21, 24, 25, 26, 28]",0,[],0.5677197124395106,0.060039473607156606,0.24502953619340792,16.655708984777004,0.4627777777777778,0.03637561728395062,0.19072392950007772,0.4627777777777778,0.03637561728395062,0.19072392950007772
5,5,19,100101001000011000000101011110,0.4666666666666667,0.5544186861564716,0.7089999914169312,12,"[0, 3, 5, 8, 13, 14, 21, 23, 25, 26, 27, 28]",12,"[0, 3, 5, 8, 13, 14, 21, 23, 25, 26, 27, 28]",0,[],0.5544186861564716,0.058839479551976916,0.2425685048640423,16.995391659041307,0.5333333333333333,0.01982222222222222,0.14079141387961916,0.5333333333333333,0.01982222222222222,0.14079141387961916
5,5,20,010111000000000101110000000100,0.4622222222222222,0.5640226751565933,0.5945000052452087,9,"[1, 3, 4, 5, 15, 17, 18, 19, 27]",9,"[1, 3, 4, 5, 15, 17, 18, 19, 27]",0,[],0.5640226751565933,0.0578183416465812,0.24045444817383022,17.295549673710333,0.5377777777777778,0.01859506172839506,0.13636371118591287,0.5377777777777778,0.01859506172839506,0.13636371118591287
5,5,21,110101001001010110100110110000,0.4742857142857143,0.5477771476975509,0.6365000009536743,14,"[0, 1, 3, 5, 8, 11, 13, 15, 16, 18, 21, 22, 24, 25]",14,"[0, 1, 3, 5, 8, 11, 13, 15, 16, 18, 21, 22, 24, 25]",0,[],0.5477771476975509,0.04985866048098283,0.2232905293132309,20.056696075527775,0.5257142857142857,0.02449591836734694,0.15651171958465904,0.5257142857142857,0.02449591836734694,0.15651171958465904
5,5,22,010100000010110111100101000101,0.4423076923076923,0.5686894322817142,0.5679999887943268,13,"[1, 3, 10, 12, 13, 15, 16, 17, 18, 21, 23, 27, 29]",13,"[1, 3, 10, 12, 13, 15, 16, 17, 18, 21, 23, 27, 29]",0,[],0.5686894322817142,0.0470097152626688,0.2168172393115197,21.272198617082815,0.5576923076923077,0.021002366863905327,0.1449219336881251,0.5576923076923077,0.021002366863905327,0.1449219336881251
5,5,23,110101001000010110101110110100,0.46399999999999997,0.558333732187748,0.715499997138977,15,"[0, 1, 3, 5, 8, 13, 15, 16, 18, 20, 21, 22, 24, 25, 27]",15,"[0, 1, 3, 5, 8, 13, 15, 16, 18, 20, 21, 22, 24, 25, 27]",0,[],0.558333732187748,0.04651748804121723,0.21567913214128348,21.4972914941998,0.536,0.024463999999999996,0.1564097183681372,0.536,0.024463999999999996,0.1564097183681372
5,5,24,001010010110111011111110111010,0.5863157894736841,0.5308349010975737,0.4244999885559082,19,"[2, 4, 7, 9, 10, 12, 13, 14, 16, 17, 18, 19, 20, 21, 22, 24, 25, 26, 28]",19,"[2, 4, 7, 9, 10, 12, 13, 14, 16, 17, 18, 19, 20, 21, 22, 24, 25, 26, 28]",0,[],0.5308349010975737,0.06420311860602498,0.25338334318977046,15.575567382269767,0.4136842105263158,0.029696952908587256,0.1723280386605362,0.4136842105263158,0.029696952908587256,0.1723280386605362
5,5,25,011000010000000111110101001000,0.5381818181818181,0.5296847156502984,0.4555000066757202,11,"[1, 2, 7, 15, 16, 17, 18, 19, 21, 23, 26]",11,"[1, 2, 7, 15, 16, 17, 18, 19, 21, 23, 26]",0,[],0.5296847156502984,0.05786515991403005,0.24055178218843037,17.28155597402123,0.46181818181818185,0.03539669421487603,0.1881400919923131,0.46181818181818185,0.03539669421487603,0.1881400919923131
6,1,0,110111101100101001010111101111,0.5660000000000001,0.5320571824908257,0.5340000092983246,20,"[0, 1, 3, 4, 5, 6, 8, 9, 12, 14, 17, 19, 21, 22, 23, 24, 26, 27, 28, 29]",20,"[0, 1, 3, 4, 5, 6, 8, 9, 12, 14, 17, 19, 21, 22, 23, 24, 26, 27, 28, 29]",0,[],0.5320571824908257,0.08307076060771151,0.2882199864820473,12.037929985044212,0.434,0.020614,0.14357576397150043,0.434,0.020614,0.14357576397150043
6,1,1,001111101111111000110101000110,0.5133333333333334,0.6460642491777738,0.4455000162124634,18,"[2, 3, 4, 5, 6, 8, 9, 10, 11, 12, 13, 14, 18, 19, 21, 23, 27, 28]",18,"[2, 3, 4, 5, 6, 8, 9, 10, 11, 12, 13, 14, 18, 19, 21, 23, 27, 28]",0,[],0.6460642491777738,0.07818610821913193,0.27961778952550914,12.789995854472044,0.48666666666666664,0.013466666666666667,0.11604596790352807,0.48666666666666664,0.013466666666666667,0.11604596790352807
6,1,2,111110111111110010100100001101,0.5736842105263158,0.5948286566295122,0.4194999933242798,19,"[0, 1, 2, 3, 4, 6, 7, 8, 9, 10, 11, 12, 13, 16, 18, 21, 26, 27, 29]",19,"[0, 1, 2, 3, 4, 6, 7, 8, 9, 10, 11, 12, 13, 16, 18, 21, 26, 27, 29]",0,[],0.5948286566295122,0.06471759821522027,0.2543965373491162,15.45174770971059,0.4263157894736842,0.02619168975069252,0.16183846808065294,0.4263157894736842,0.02619168975069252,0.16183846808065294
6,1,3,100110101001001111001110110110,0.5311764705882352,0.5942424145691535,0.5334999859333038,17,"[0, 3, 4, 6, 8, 11, 14, 15, 16, 17, 20, 21, 22, 24, 25, 27, 28]",17,"[0, 3, 4, 6, 8, 11, 14, 15, 16, 17, 20, 21, 22, 24, 25, 27, 28]",0,[],0.5942424145691535,0.10224654117536072,0.31976013068448783,9.780281939170173,0.46882352941176475,0.017375086505190315,0.13181459139712232,0.46882352941176475,0.017375086505190315,0.13181459139712232
6,1,4,001001001000100000010010010110,0.49444444444444446,0.5193827855918143,0.6944999992847443,9,"[2, 5, 8, 12, 19, 22, 25, 27, 28]",9,"[2, 5, 8, 12, 19, 22, 25, 27, 28]",0,[],0.5193827855918143,0.10584850662407878,0.32534367463357694,9.44746441772204,0.5055555555555555,0.007402469135802467,0.08603760303380416,0.5055555555555555,0.007402469135802467,0.08603760303380416
6,1,5,111000111010001001110010000100,0.5692307692307692,0.40848310406391436,0.48900002241134644,13,"[0, 1, 2, 6, 7, 8, 10, 14, 17, 18, 19, 22, 27]",13,"[0, 1, 2, 6, 7, 8, 10, 14, 17, 18, 19, 22, 27]",0,[],0.40848310406391436,0.08320823813008583,0.28845838197231477,12.01804079106474,0.43076923076923074,0.015530177514792897,0.12462013286300451,0.43076923076923074,0.015530177514792897,0.12462013286300451
6,1,6,100100000001010110101110001010,0.5108333333333335,0.6603162338336309,0.5640000104904175,12,"[0, 3, 11, 13, 15, 16, 18, 20, 21, 22, 26, 28]",12,"[0, 3, 11, 13, 15, 16, 18, 20, 21, 22, 26, 28]",0,[],0.6603162338336309,0.07316781350662564,0.2704954962778967,13.667211743445716,0.4891666666666666,0.014940972222222222,0.12223326970273773,0.4891666666666666,0.014940972222222222,0.12223326970273773
6,1,7,101101000110110000111000100101,0.567857142857143,0.5982902220317295,0.49150002002716064,14,"[0, 2, 3, 5, 9, 10, 12, 13, 18, 19, 20, 24, 27, 29]",14,"[0, 2, 3, 5, 9, 10, 12, 13, 18, 19, 20, 24, 27, 29]",0,[],0.5982902220317295,0.08376392654662201,0.2894199829773715,11.938313319677198,0.43214285714285705,0.024288265306122447,0.1558469290878792,0.43214285714285705,0.024288265306122447,0.1558469290878792
6,1,8,011011011100001100011100011110,0.5325,0.5028247167356312,0.5404999852180481,16,"[1, 2, 4, 5, 7, 8, 9, 14, 15, 19, 20, 21, 25, 26, 27, 28]",16,"[1, 2, 4, 5, 7, 8, 9, 14, 15, 19, 20, 21, 25, 26, 27, 28]",0,[],0.5028247167356312,0.0943700748592939,0.3071971270361979,10.596579492927216,0.4675,0.02185625,0.1478385944197252,0.4675,0.02185625,0.1478385944197252
6,1,9,001101101111111101100001010010,0.5241176470588236,0.5679166154826388,0.5410000085830688,17,"[2, 3, 5, 6, 8, 9, 10, 11, 12, 13, 14, 15, 17, 18, 23, 25, 28]",17,"[2, 3, 5, 6, 8, 9, 10, 11, 12, 13, 14, 15, 17, 18, 23, 25, 28]",0,[],0.5679166154826388,0.10461842443853361,0.3234477151542945,9.55854578547519,0.4758823529411765,0.012177162629757784,0.1103501818292919,0.4758823529411765,0.012177162629757784,0.1103501818292919
6,1,10,011011001010110110101100001000,0.5207142857142857,0.6143384394901139,0.49550002813339233,14,"[1, 2, 4, 5, 8, 10, 12, 13, 15, 16, 18, 20, 21, 26]",14,"[1, 2, 4, 5, 8, 10, 12, 13, 15, 16, 18, 20, 21, 26]",0,[],0.6143384394901139,0.06436857526370725,0.2537096278498458,15.535531055381727,0.47928571428571426,0.017549489795918367,0.13247448733970768,0.47928571428571426,0.017549489795918367,0.13247448733970768
6,1,11,000010111110101101100110010011,0.5925,0.4609707253985107,0.4815000295639038,16,"[4, 6, 7, 8, 9, 10, 12, 14, 15, 17, 18, 21, 22, 25, 28, 29]",16,"[4, 6, 7, 8, 9, 10, 12, 14, 15, 17, 18, 21, 22, 25, 28, 29]",0,[],0.4609707253985107,0.07104859000526553,0.2665494138152728,14.074874672754072,0.4075,0.021631249999999998,0.14707566080082726,0.4075,0.021631249999999998,0.14707566080082726
6,1,12,111111110001101111011111011010,0.5449999999999999,0.4994929910383441,0.5374999940395355,22,"[0, 1, 2, 3, 4, 5, 6, 7, 11, 12, 14, 15, 16, 17, 19, 20, 21, 22, 23, 25, 26, 28]",22,"[0, 1, 2, 3, 4, 5, 6, 7, 11, 12, 14, 15, 16, 17, 19, 20, 21, 22, 23, 25, 26, 28]",0,[],0.4994929910383441,0.09665728999866773,0.3108975554723255,10.345831131969286,0.455,0.016588636363636364,0.1287968802558368,0.455,0.016588636363636364,0.1287968802558368
6,2,0,001111101111111000110101000110,0.5133333333333334,0.6460642491777738,0.4455000162124634,18,"[2, 3, 4, 5, 6, 8, 9, 10, 11, 12, 13, 14, 18, 19, 21, 23, 27, 28]",18,"[2, 3, 4, 5, 6, 8, 9, 10, 11, 12, 13, 14, 18, 19, 21, 23, 27, 28]",0,[],0.6460642491777738,0.07818610821913193,0.27961778952550914,12.789995854472044,0.48666666666666664,0.013466666666666667,0.11604596790352807,0.48666666666666664,0.013466666666666667,0.11604596790352807
6,2,1,111110111111110010100100001101,0.5736842105263158,0.5948286566295122,0.4194999933242798,19,"[0, 1, 2, 3, 4, 6, 7, 8, 9, 10, 11, 12, 13, 16, 18, 21, 26, 27, 29]",19,"[0, 1, 2, 3, 4, 6, 7, 8, 9, 10, 11, 12, 13, 16, 18, 21, 26, 27, 29]",0,[],0.5948286566295122,0.06471759821522027,0.2543965373491162,15.45174770971059,0.4263157894736842,0.02619168975069252,0.16183846808065294,0.4263157894736842,0.02619168975069252,0.16183846808065294
6,2,2,001001001000100000010010010110,0.49444444444444446,0.5193827855918143,0.6944999992847443,9,"[2, 5, 8, 12, 19, 22, 25, 27, 28]",9,"[2, 5, 8, 12, 19, 22, 25, 27, 28]",0,[],0.5193827855918143,0.10584850662407878,0.32534367463357694,9.44746441772204,0.5055555555555555,0.007402469135802467,0.08603760303380416,0.5055555555555555,0.007402469135802467,0.08603760303380416
6,2,3,111000111010001001110010000100,0.5692307692307692,0.40848310406391436,0.48900002241134644,13,"[0, 1, 2, 6, 7, 8, 10, 14, 17, 18, 19, 22, 27]",13,"[0, 1, 2, 6, 7, 8, 10, 14, 17, 18, 19, 22, 27]",0,[],0.40848310406391436,0.08320823813008583,0.28845838197231477,12.01804079106474,0.43076923076923074,0.015530177514792897,0.12462013286300451,0.43076923076923074,0.015530177514792897,0.12462013286300451
6,2,4,011011011100001100011100011110,0.5325,0.5028247167356312,0.5404999852180481,16,"[1, 2, 4, 5, 7, 8, 9, 14, 15, 19, 20, 21, 25, 26, 27, 28]",16,"[1, 2, 4, 5, 7, 8, 9, 14, 15, 19, 20, 21, 25, 26, 27, 28]",0,[],0.5028247167356312,0.0943700748592939,0.3071971270361979,10.596579492927216,0.4675,0.02185625,0.1478385944197252,0.4675,0.02185625,0.1478385944197252
6,2,5,011011001010110110101100001000,0.5207142857142857,0.6143384394901139,0.49550002813339233,14,"[1, 2, 4, 5, 8, 10, 12, 13, 15, 16, 18, 20, 21, 26]",14,"[1, 2, 4, 5, 8, 10, 12, 13, 15, 16, 18, 20, 21, 26]",0,[],0.6143384394901139,0.06436857526370725,0.2537096278498458,15.535531055381727,0.47928571428571426,0.017549489795918367,0.13247448733970768,0.47928571428571426,0.017549489795918367,0.13247448733970768
6,2,6,000010111110101101100110010011,0.5925,0.4609707253985107,0.4815000295639038,16,"[4, 6, 7, 8, 9, 10, 12, 14, 15, 17, 18, 21, 22, 25, 28, 29]",16,"[4, 6, 7, 8, 9, 10, 12, 14, 15, 17, 18, 21, 22, 25, 28, 29]",0,[],0.4609707253985107,0.07104859000526553,0.2665494138152728,14.074874672754072,0.4075,0.021631249999999998,0.14707566080082726,0.4075,0.021631249999999998,0.14707566080082726
6,2,7,111111110001101111011111011010,0.5449999999999999,0.4994929910383441,0.5374999940395355,22,"[0, 1, 2, 3, 4, 5, 6, 7, 11, 12, 14, 15, 16, 17, 19, 20, 21, 22, 23, 25, 26, 28]",22,"[0, 1, 2, 3, 4, 5, 6, 7, 11, 12, 14, 15, 16, 17, 19, 20, 21, 22, 23, 25, 26, 28]",0,[],0.4994929910383441,0.09665728999866773,0.3108975554723255,10.345831131969286,0.455,0.016588636363636364,0.1287968802558368,0.455,0.016588636363636364,0.1287968802558368
6,2,8,001001101111111101100000010110,0.52125,0.5498674563132226,0.44450002908706665,16,"[2, 5, 6, 8, 9, 10, 11, 12, 13, 14, 15, 17, 18, 25, 27, 28]",16,"[2, 5, 6, 8, 9, 10, 11, 12, 13, 14, 15, 17, 18, 25, 27, 28]",0,[],0.5498674563132226,0.10564483271754245,0.3250305104410084,9.465678294684343,0.47875,0.013548437499999998,0.11639775556255369,0.47875,0.013548437499999998,0.11639775556255369
6,2,9,111110111111110011100100111101,0.5822727272727274,0.5481830506839536,0.4294999837875366,22,"[0, 1, 2, 3, 4, 6, 7, 8, 9, 10, 11, 12, 13, 16, 17, 18, 21, 24, 25, 26, 27, 29]",22,"[0, 1, 2, 3, 4, 6, 7, 8, 9, 10, 11, 12, 13, 16, 17, 18, 21, 24, 25, 26, 27, 29]",0,[],0.5481830506839536,0.08279397256242113,0.28773941781136125,12.078173918349753,0.4177272727272726,0.025790289256198348,0.1605935529720865,0.4177272727272726,0.025790289256198348,0.1605935529720865
6,2,10,100111011110011101100110010011,0.5705555555555556,0.5189559041625924,0.45899999141693115,18,"[0, 3, 4, 5, 7, 8, 9, 10, 13, 14, 15, 17, 18, 21, 22, 25, 28, 29]",18,"[0, 3, 4, 5, 7, 8, 9, 10, 13, 14, 15, 17, 18, 21, 22, 25, 28, 29]",0,[],0.5189559041625924,0.09200348993529804,0.30332077069547686,10.869152906082753,0.4294444444444444,0.022616358024691356,0.15038735992327065,0.4294444444444444,0.022616358024691356,0.15038735992327065
6,2,11,111000111011001111000011010010,0.5643750000000001,0.48534036660566926,0.5685000121593475,16,"[0, 1, 2, 6, 7, 8, 10, 11, 14, 15, 16, 17, 22, 23, 25, 28]",16,"[0, 1, 2, 6, 7, 8, 10, 11, 14, 15, 16, 17, 22, 23, 25, 28]",0,[],0.48534036660566926,0.10083712814577518,0.3175486232780347,9.916982151200797,0.435625,0.016162109375,0.12713028504254995,0.435625,0.016162109375,0.12713028504254995
6,2,12,111011110101010000001101101000,0.5626666666666666,0.6059289405743281,0.4300000071525574,15,"[0, 1, 2, 4, 5, 6, 7, 9, 11, 13, 20, 21, 23, 24, 26]",15,"[0, 1, 2, 4, 5, 6, 7, 9, 11, 13, 20, 21, 23, 24, 26]",0,[],0.6059289405743281,0.06843314860942386,0.26159730237413353,14.612801256703992,0.4373333333333333,0.027552888888888894,0.16599062891889077,0.4373333333333333,0.027552888888888894,0.16599062891889077
6,2,13,111000000001011001110010000100,0.5145454545454546,0.42257709394801746,0.6044999957084656,11,"[0, 1, 2, 11, 13, 14, 17, 18, 19, 22, 27]",11,"[0, 1, 2, 11, 13, 14, 17, 18, 19, 22, 27]",0,[],0.42257709394801746,0.1133389442610714,0.3366584979783986,8.823092596456014,0.48545454545454536,0.010642975206611567,0.1031647963532695,0.48545454545454536,0.010642975206611567,0.1031647963532695
6,2,14,001101001000101000010111010010,0.4916666666666667,0.5283907943715652,0.5214999914169312,12,"[2, 3, 5, 8, 12, 14, 19, 21, 22, 23, 25, 28]",12,"[2, 3, 5, 8, 12, 14, 19, 21, 22, 23, 25, 28]",0,[],0.5283907943715652,0.10221173166927332,0.31970569539699056,9.783612738659999,0.5083333333333333,0.006580555555555555,0.08112062349091971,0.5083333333333333,0.006580555555555555,0.08112062349091971
6,2,15,010111101100101001010110100111,0.5588235294117647,0.5354035023380729,0.5180000066757202,17,"[1, 3, 4, 5, 6, 8, 9, 12, 14, 17, 19, 21, 22, 24, 27, 28, 29]",17,"[1, 3, 4, 5, 6, 8, 9, 12, 14, 17, 19, 21, 22, 24, 27, 28, 29]",0,[],0.5354035023380729,0.08621092824920525,0.29361697541049164,11.599457520157472,0.44117647058823534,0.022728027681660903,0.15075817616852794,0.44117647058823534,0.022728027681660903,0.15075817616852794
6,2,16,011110010000001001110010000100,0.57,0.3971649977293881,0.5334999859333038,11,"[1, 2, 3, 4, 7, 14, 17, 18, 19, 22, 27]",11,"[1, 2, 3, 4, 7, 14, 17, 18, 19, 22, 27]",0,[],0.3971649977293881,0.08925777388737967,0.29876039544655125,11.203505940689745,0.43000000000000005,0.016090909090909086,0.12684994714586634,0.43000000000000005,0.016090909090909086,0.12684994714586634
6,2,17,000010011110101101101010110011,0.60375,0.48459870321676135,0.43849998712539673,16,"[4, 7, 8, 9, 10, 12, 14, 15, 17, 18, 20, 22, 24, 25, 28, 29]",16,"[4, 7, 8, 9, 10, 12, 14, 15, 17, 18, 20, 22, 24, 25, 28, 29]",0,[],0.48459870321676135,0.08586474469822386,0.2930268668539181,11.646223412351045,0.39625,0.023923437500000002,0.15467203205492583,0.39625,0.023923437500000002,0.15467203205492583
6,2,18,101000010101001011110001111110,0.593125,0.46626945538446307,0.4775000214576721,16,"[0, 2, 7, 9, 11, 14, 16, 17, 18, 19, 23, 24, 25, 26, 27, 28]",16,"[0, 2, 7, 9, 11, 14, 16, 17, 18, 19, 23, 24, 25, 26, 27, 28]",0,[],0.46626945538446307,0.1023964186109066,0.3199944040306121,9.765966559825427,0.406875,0.019483984375000003,0.13958504352186163,0.406875,0.019483984375000003,0.13958504352186163
6,2,19,001111110010111000100101000110,0.5353333333333333,0.6430472026268641,0.4049999713897705,15,"[2, 3, 4, 5, 6, 7, 10, 12, 13, 14, 18, 21, 23, 27, 28]",15,"[2, 3, 4, 5, 6, 7, 10, 12, 13, 14, 18, 21, 23, 27, 28]",0,[],0.6430472026268641,0.06977765023188656,0.2641545953260828,14.331236386963145,0.4646666666666667,0.015851555555555553,0.12590296086889916,0.4646666666666667,0.015851555555555553,0.12590296086889916
6,3,0,001111101111111000110101000110,0.5133333333333334,0.6460642491777738,0.4455000162124634,18,"[2, 3, 4, 5, 6, 8, 9, 10, 11, 12, 13, 14, 18, 19, 21, 23, 27, 28]",18,"[2, 3, 4, 5, 6, 8, 9, 10, 11, 12, 13, 14, 18, 19, 21, 23, 27, 28]",0,[],0.6460642491777738,0.07818610821913193,0.27961778952550914,12.789995854472044,0.48666666666666664,0.013466666666666667,0.11604596790352807,0.48666666666666664,0.013466666666666667,0.11604596790352807
6,3,1,111110111111110010100100001101,0.5736842105263158,0.5948286566295122,0.4194999933242798,19,"[0, 1, 2, 3, 4, 6, 7, 8, 9, 10, 11, 12, 13, 16, 18, 21, 26, 27, 29]",19,"[0, 1, 2, 3, 4, 6, 7, 8, 9, 10, 11, 12, 13, 16, 18, 21, 26, 27, 29]",0,[],0.5948286566295122,0.06471759821522027,0.2543965373491162,15.45174770971059,0.4263157894736842,0.02619168975069252,0.16183846808065294,0.4263157894736842,0.02619168975069252,0.16183846808065294
6,3,2,111000111010001001110010000100,0.5692307692307692,0.40848310406391436,0.48900002241134644,13,"[0, 1, 2, 6, 7, 8, 10, 14, 17, 18, 19, 22, 27]",13,"[0, 1, 2, 6, 7, 8, 10, 14, 17, 18, 19, 22, 27]",0,[],0.40848310406391436,0.08320823813008583,0.28845838197231477,12.01804079106474,0.43076923076923074,0.015530177514792897,0.12462013286300451,0.43076923076923074,0.015530177514792897,0.12462013286300451
6,3,3,000010111110101101100110010011,0.5925,0.4609707253985107,0.4815000295639038,16,"[4, 6, 7, 8, 9, 10, 12, 14, 15, 17, 18, 21, 22, 25, 28, 29]",16,"[4, 6, 7, 8, 9, 10, 12, 14, 15, 17, 18, 21, 22, 25, 28, 29]",0,[],0.4609707253985107,0.07104859000526553,0.2665494138152728,14.074874672754072,0.4075,0.021631249999999998,0.14707566080082726,0.4075,0.021631249999999998,0.14707566080082726
6,3,4,001001101111111101100000010110,0.52125,0.5498674563132226,0.44450002908706665,16,"[2, 5, 6, 8, 9, 10, 11, 12, 13, 14, 15, 17, 18, 25, 27, 28]",16,"[2, 5, 6, 8, 9, 10, 11, 12, 13, 14, 15, 17, 18, 25, 27, 28]",0,[],0.5498674563132226,0.10564483271754245,0.3250305104410084,9.465678294684343,0.47875,0.013548437499999998,0.11639775556255369,0.47875,0.013548437499999998,0.11639775556255369
6,3,5,111000111011001111000011010010,0.5643750000000001,0.48534036660566926,0.5685000121593475,16,"[0, 1, 2, 6, 7, 8, 10, 11, 14, 15, 16, 17, 22, 23, 25, 28]",16,"[0, 1, 2, 6, 7, 8, 10, 11, 14, 15, 16, 17, 22, 23, 25, 28]",0,[],0.48534036660566926,0.10083712814577518,0.3175486232780347,9.916982151200797,0.435625,0.016162109375,0.12713028504254995,0.435625,0.016162109375,0.12713028504254995
6,3,6,111000000001011001110010000100,0.5145454545454546,0.42257709394801746,0.6044999957084656,11,"[0, 1, 2, 11, 13, 14, 17, 18, 19, 22, 27]",11,"[0, 1, 2, 11, 13, 14, 17, 18, 19, 22, 27]",0,[],0.42257709394801746,0.1133389442610714,0.3366584979783986,8.823092596456014,0.48545454545454536,0.010642975206611567,0.1031647963532695,0.48545454545454536,0.010642975206611567,0.1031647963532695
6,3,7,011110010000001001110010000100,0.57,0.3971649977293881,0.5334999859333038,11,"[1, 2, 3, 4, 7, 14, 17, 18, 19, 22, 27]",11,"[1, 2, 3, 4, 7, 14, 17, 18, 19, 22, 27]",0,[],0.3971649977293881,0.08925777388737967,0.29876039544655125,11.203505940689745,0.43000000000000005,0.016090909090909086,0.12684994714586634,0.43000000000000005,0.016090909090909086,0.12684994714586634
6,3,8,000010011110101101101010110011,0.60375,0.48459870321676135,0.43849998712539673,16,"[4, 7, 8, 9, 10, 12, 14, 15, 17, 18, 20, 22, 24, 25, 28, 29]",16,"[4, 7, 8, 9, 10, 12, 14, 15, 17, 18, 20, 22, 24, 25, 28, 29]",0,[],0.48459870321676135,0.08586474469822386,0.2930268668539181,11.646223412351045,0.39625,0.023923437500000002,0.15467203205492583,0.39625,0.023923437500000002,0.15467203205492583
6,3,9,101000010101001011110001111110,0.593125,0.46626945538446307,0.4775000214576721,16,"[0, 2, 7, 9, 11, 14, 16, 17, 18, 19, 23, 24, 25, 26, 27, 28]",16,"[0, 2, 7, 9, 11, 14, 16, 17, 18, 19, 23, 24, 25, 26, 27, 28]",0,[],0.46626945538446307,0.1023964186109066,0.3199944040306121,9.765966559825427,0.406875,0.019483984375000003,0.13958504352186163,0.406875,0.019483984375000003,0.13958504352186163
6,3,10,001111110010111000100101000110,0.5353333333333333,0.6430472026268641,0.4049999713897705,15,"[2, 3, 4, 5, 6, 7, 10, 12, 13, 14, 18, 21, 23, 27, 28]",15,"[2, 3, 4, 5, 6, 7, 10, 12, 13, 14, 18, 21, 23, 27, 28]",0,[],0.6430472026268641,0.06977765023188656,0.2641545953260828,14.331236386963145,0.4646666666666667,0.015851555555555553,0.12590296086889916,0.4646666666666667,0.015851555555555553,0.12590296086889916
6,3,11,001000111011011000100101000110,0.516923076923077,0.6676963143623792,0.4309999942779541,13,"[2, 6, 7, 8, 10, 11, 13, 14, 18, 21, 23, 27, 28]",13,"[2, 6, 7, 8, 10, 11, 13, 14, 18, 21, 23, 27, 28]",0,[],0.6676963143623792,0.0756167451446141,0.2749849907624307,13.224584026825523,0.483076923076923,0.018775147928994082,0.1370224358599499,0.483076923076923,0.018775147928994082,0.1370224358599499
6,3,12,111110000001011101110000001101,0.556,0.47302112976710003,0.5764999985694885,15,"[0, 1, 2, 3, 4, 11, 13, 14, 15, 17, 18, 19, 26, 27, 29]",15,"[0, 1, 2, 3, 4, 11, 13, 14, 15, 17, 18, 19, 26, 27, 29]",0,[],0.47302112976710003,0.10217500540302996,0.3196482526200166,9.787129406604812,0.44399999999999995,0.018970666666666667,0.13773404323792526,0.44399999999999995,0.018970666666666667,0.13773404323792526
6,3,13,101001001000100000000101000110,0.4788888888888888,0.6569144626458486,0.6694999933242798,9,"[0, 2, 5, 8, 12, 21, 23, 27, 28]",9,"[0, 2, 5, 8, 12, 21, 23, 27, 28]",0,[],0.6569144626458486,0.06488024070389287,0.2547160000940123,15.413013101537388,0.5211111111111112,0.008387654320987654,0.09158413793331056,0.5211111111111112,0.008387654320987654,0.09158413793331056
6,3,14,000010011110101001110010110011,0.62,0.43692667633295057,0.4789999723434448,15,"[4, 7, 8, 9, 10, 12, 14, 17, 18, 19, 22, 24, 25, 28, 29]",15,"[4, 7, 8, 9, 10, 12, 14, 17, 18, 19, 22, 24, 25, 28, 29]",0,[],0.43692667633295057,0.08209730387922688,0.2865262708360734,12.180667972618165,0.38,0.021293333333333334,0.1459223537821856,0.38,0.021293333333333334,0.1459223537821856
6,3,15,001101101111011110101101010010,0.5094444444444444,0.6515873136619726,0.43550002574920654,18,"[2, 3, 5, 6, 8, 9, 10, 11, 13, 14, 15, 16, 18, 20, 21, 23, 25, 28]",18,"[2, 3, 5, 6, 8, 9, 10, 11, 13, 14, 15, 16, 18, 20, 21, 23, 25, 28]",0,[],0.6515873136619726,0.08352682736080815,0.2890100817632633,11.972201406385667,0.4905555555555556,0.014983024691358026,0.12240516611384515,0.4905555555555556,0.014983024691358026,0.12240516611384515
6,3,16,011101001000101000110111010010,0.4842857142857143,0.4976909761982305,0.44950002431869507,14,"[1, 2, 3, 5, 8, 12, 14, 18, 19, 21, 22, 23, 25, 28]",14,"[1, 2, 3, 5, 8, 12, 14, 18, 19, 21, 22, 23, 25, 28]",0,[],0.4976909761982305,0.09445495505926248,0.3073352486443143,10.587057072575861,0.5157142857142857,0.006195918367346938,0.07871415607974806,0.5157142857142857,0.006195918367346938,0.07871415607974806
6,3,17,111000111111111010100110000000,0.5549999999999999,0.5254043061286211,0.42900002002716064,16,"[0, 1, 2, 6, 7, 8, 9, 10, 11, 12, 13, 14, 16, 18, 21, 22]",16,"[0, 1, 2, 6, 7, 8, 9, 10, 11, 12, 13, 14, 16, 18, 21, 22]",0,[],0.5254043061286211,0.07170594255518173,0.2677796529895088,13.945845551509823,0.445,0.020937499999999998,0.1446979612848778,0.445,0.020937499999999998,0.1446979612848778
6,4,0,001111101111111000110101000110,0.5133333333333334,0.6460642491777738,0.4455000162124634,18,"[2, 3, 4, 5, 6, 8, 9, 10, 11, 12, 13, 14, 18, 19, 21, 23, 27, 28]",18,"[2, 3, 4, 5, 6, 8, 9, 10, 11, 12, 13, 14, 18, 19, 21, 23, 27, 28]",0,[],0.6460642491777738,0.07818610821913193,0.27961778952550914,12.789995854472044,0.48666666666666664,0.013466666666666667,0.11604596790352807,0.48666666666666664,0.013466666666666667,0.11604596790352807
6,4,1,001001101111111101100000010110,0.52125,0.5498674563132226,0.44450002908706665,16,"[2, 5, 6, 8, 9, 10, 11, 12, 13, 14, 15, 17, 18, 25, 27, 28]",16,"[2, 5, 6, 8, 9, 10, 11, 12, 13, 14, 15, 17, 18, 25, 27, 28]",0,[],0.5498674563132226,0.10564483271754245,0.3250305104410084,9.465678294684343,0.47875,0.013548437499999998,0.11639775556255369,0.47875,0.013548437499999998,0.11639775556255369
6,4,2,111000000001011001110010000100,0.5145454545454546,0.42257709394801746,0.6044999957084656,11,"[0, 1, 2, 11, 13, 14, 17, 18, 19, 22, 27]",11,"[0, 1, 2, 11, 13, 14, 17, 18, 19, 22, 27]",0,[],0.42257709394801746,0.1133389442610714,0.3366584979783986,8.823092596456014,0.48545454545454536,0.010642975206611567,0.1031647963532695,0.48545454545454536,0.010642975206611567,0.1031647963532695
6,4,3,011110010000001001110010000100,0.57,0.3971649977293881,0.5334999859333038,11,"[1, 2, 3, 4, 7, 14, 17, 18, 19, 22, 27]",11,"[1, 2, 3, 4, 7, 14, 17, 18, 19, 22, 27]",0,[],0.3971649977293881,0.08925777388737967,0.29876039544655125,11.203505940689745,0.43000000000000005,0.016090909090909086,0.12684994714586634,0.43000000000000005,0.016090909090909086,0.12684994714586634
6,4,4,000010011110101101101010110011,0.60375,0.48459870321676135,0.43849998712539673,16,"[4, 7, 8, 9, 10, 12, 14, 15, 17, 18, 20, 22, 24, 25, 28, 29]",16,"[4, 7, 8, 9, 10, 12, 14, 15, 17, 18, 20, 22, 24, 25, 28, 29]",0,[],0.48459870321676135,0.08586474469822386,0.2930268668539181,11.646223412351045,0.39625,0.023923437500000002,0.15467203205492583,0.39625,0.023923437500000002,0.15467203205492583
6,4,5,001111110010111000100101000110,0.5353333333333333,0.6430472026268641,0.4049999713897705,15,"[2, 3, 4, 5, 6, 7, 10, 12, 13, 14, 18, 21, 23, 27, 28]",15,"[2, 3, 4, 5, 6, 7, 10, 12, 13, 14, 18, 21, 23, 27, 28]",0,[],0.6430472026268641,0.06977765023188656,0.2641545953260828,14.331236386963145,0.4646666666666667,0.015851555555555553,0.12590296086889916,0.4646666666666667,0.015851555555555553,0.12590296086889916
6,4,6,001000111011011000100101000110,0.516923076923077,0.6676963143623792,0.4309999942779541,13,"[2, 6, 7, 8, 10, 11, 13, 14, 18, 21, 23, 27, 28]",13,"[2, 6, 7, 8, 10, 11, 13, 14, 18, 21, 23, 27, 28]",0,[],0.6676963143623792,0.0756167451446141,0.2749849907624307,13.224584026825523,0.483076923076923,0.018775147928994082,0.1370224358599499,0.483076923076923,0.018775147928994082,0.1370224358599499
6,4,7,101001001000100000000101000110,0.4788888888888888,0.6569144626458486,0.6694999933242798,9,"[0, 2, 5, 8, 12, 21, 23, 27, 28]",9,"[0, 2, 5, 8, 12, 21, 23, 27, 28]",0,[],0.6569144626458486,0.06488024070389287,0.2547160000940123,15.413013101537388,0.5211111111111112,0.008387654320987654,0.09158413793331056,0.5211111111111112,0.008387654320987654,0.09158413793331056
6,4,8,001101101111011110101101010010,0.5094444444444444,0.6515873136619726,0.43550002574920654,18,"[2, 3, 5, 6, 8, 9, 10, 11, 13, 14, 15, 16, 18, 20, 21, 23, 25, 28]",18,"[2, 3, 5, 6, 8, 9, 10, 11, 13, 14, 15, 16, 18, 20, 21, 23, 25, 28]",0,[],0.6515873136619726,0.08352682736080815,0.2890100817632633,11.972201406385667,0.4905555555555556,0.014983024691358026,0.12240516611384515,0.4905555555555556,0.014983024691358026,0.12240516611384515
6,4,9,011101001000101000110111010010,0.4842857142857143,0.4976909761982305,0.44950002431869507,14,"[1, 2, 3, 5, 8, 12, 14, 18, 19, 21, 22, 23, 25, 28]",14,"[1, 2, 3, 5, 8, 12, 14, 18, 19, 21, 22, 23, 25, 28]",0,[],0.4976909761982305,0.09445495505926248,0.3073352486443143,10.587057072575861,0.5157142857142857,0.006195918367346938,0.07871415607974806,0.5157142857142857,0.006195918367346938,0.07871415607974806
6,4,10,111000111111111010100110000000,0.5549999999999999,0.5254043061286211,0.42900002002716064,16,"[0, 1, 2, 6, 7, 8, 9, 10, 11, 12, 13, 14, 16, 18, 21, 22]",16,"[0, 1, 2, 6, 7, 8, 9, 10, 11, 12, 13, 14, 16, 18, 21, 22]",0,[],0.5254043061286211,0.07170594255518173,0.2677796529895088,13.945845551509823,0.445,0.020937499999999998,0.1446979612848778,0.445,0.020937499999999998,0.1446979612848778
6,4,11,000100001010111000100101000010,0.484,0.6877122268080711,0.47699999809265137,10,"[3, 8, 10, 12, 13, 14, 18, 21, 23, 28]",10,"[3, 8, 10, 12, 13, 14, 18, 21, 23, 28]",0,[],0.6877122268080711,0.07382468183217147,0.2717069778864199,13.545605279726622,0.516,0.006823999999999999,0.08260750571225353,0.516,0.006823999999999999,0.08260750571225353
6,4,12,010000101010011000100101000110,0.48090909090909095,0.669982831586491,0.49049997329711914,11,"[1, 6, 8, 10, 13, 14, 18, 21, 23, 27, 28]",11,"[1, 6, 8, 10, 13, 14, 18, 21, 23, 27, 28]",0,[],0.669982831586491,0.0767929964135672,0.277115492915079,13.022020844381684,0.519090909090909,0.008735537190082642,0.09346409572709,0.519090909090909,0.008735537190082642,0.09346409572709
6,4,13,010101010000101001110010000100,0.5318181818181819,0.4083373817530545,0.48100000619888306,11,"[1, 3, 5, 7, 12, 14, 17, 18, 19, 22, 27]",11,"[1, 3, 5, 7, 12, 14, 17, 18, 19, 22, 27]",0,[],0.4083373817530545,0.09497118761538402,0.30817395674421294,10.529509266008313,0.46818181818181814,0.01616033057851239,0.1271232888911878,0.46818181818181814,0.01616033057851239,0.1271232888911878
6,4,14,011011011011111000100101001001,0.548125,0.5763389971107244,0.406499981880188,16,"[1, 2, 4, 5, 7, 8, 10, 11, 12, 13, 14, 18, 21, 23, 26, 29]",16,"[1, 2, 4, 5, 7, 8, 10, 11, 12, 13, 14, 18, 21, 23, 26, 29]",0,[],0.5763389971107244,0.07139836181545006,0.26720471892436715,14.00592358946263,0.451875,0.026965234375,0.1642109447479065,0.451875,0.026965234375,0.1642109447479065
6,4,15,100010011100101000110111010000,0.5576923076923077,0.418804009946493,0.4424999952316284,13,"[0, 4, 7, 8, 9, 12, 14, 18, 19, 21, 22, 23, 25]",13,"[0, 4, 7, 8, 9, 12, 14, 18, 19, 21, 22, 23, 25]",0,[],0.418804009946493,0.06744813789112988,0.2597077932814683,14.826206197332398,0.4423076923076923,0.01784852071005917,0.1335983559407045,0.4423076923076923,0.01784852071005917,0.1335983559407045
6,4,16,111000010000001001110010000100,0.572,0.3022855371236801,0.585999995470047,10,"[0, 1, 2, 7, 14, 17, 18, 19, 22, 27]",10,"[0, 1, 2, 7, 14, 17, 18, 19, 22, 27]",0,[],0.3022855371236801,0.056085633014521186,0.2368240549744075,17.82987810338325,0.42800000000000005,0.015575999999999996,0.12480384609458155,0.42800000000000005,0.015575999999999996,0.12480384609458155
6,5,0,001111101111111000110101000110,0.5133333333333334,0.6460642491777738,0.4455000162124634,18,"[2, 3, 4, 5, 6, 8, 9, 10, 11, 12, 13, 14, 18, 19, 21, 23, 27, 28]",18,"[2, 3, 4, 5, 6, 8, 9, 10, 11, 12, 13, 14, 18, 19, 21, 23, 27, 28]",0,[],0.6460642491777738,0.07818610821913193,0.27961778952550914,12.789995854472044,0.48666666666666664,0.013466666666666667,0.11604596790352807,0.48666666666666664,0.013466666666666667,0.11604596790352807
6,5,1,001001101111111101100000010110,0.52125,0.5498674563132226,0.44450002908706665,16,"[2, 5, 6, 8, 9, 10, 11, 12, 13, 14, 15, 17, 18, 25, 27, 28]",16,"[2, 5, 6, 8, 9, 10, 11, 12, 13, 14, 15, 17, 18, 25, 27, 28]",0,[],0.5498674563132226,0.10564483271754245,0.3250305104410084,9.465678294684343,0.47875,0.013548437499999998,0.11639775556255369,0.47875,0.013548437499999998,0.11639775556255369
6,5,2,111000000001011001110010000100,0.5145454545454546,0.42257709394801746,0.6044999957084656,11,"[0, 1, 2, 11, 13, 14, 17, 18, 19, 22, 27]",11,"[0, 1, 2, 11, 13, 14, 17, 18, 19, 22, 27]",0,[],0.42257709394801746,0.1133389442610714,0.3366584979783986,8.823092596456014,0.48545454545454536,0.010642975206611567,0.1031647963532695,0.48545454545454536,0.010642975206611567,0.1031647963532695
6,5,3,000010011110101101101010110011,0.60375,0.48459870321676135,0.43849998712539673,16,"[4, 7, 8, 9, 10, 12, 14, 15, 17, 18, 20, 22, 24, 25, 28, 29]",16,"[4, 7, 8, 9, 10, 12, 14, 15, 17, 18, 20, 22, 24, 25, 28, 29]",0,[],0.48459870321676135,0.08586474469822386,0.2930268668539181,11.646223412351045,0.39625,0.023923437500000002,0.15467203205492583,0.39625,0.023923437500000002,0.15467203205492583
6,5,4,001111110010111000100101000110,0.5353333333333333,0.6430472026268641,0.4049999713897705,15,"[2, 3, 4, 5, 6, 7, 10, 12, 13, 14, 18, 21, 23, 27, 28]",15,"[2, 3, 4, 5, 6, 7, 10, 12, 13, 14, 18, 21, 23, 27, 28]",0,[],0.6430472026268641,0.06977765023188656,0.2641545953260828,14.331236386963145,0.4646666666666667,0.015851555555555553,0.12590296086889916,0.4646666666666667,0.015851555555555553,0.12590296086889916
6,5,5,001000111011011000100101000110,0.516923076923077,0.6676963143623792,0.4309999942779541,13,"[2, 6, 7, 8, 10, 11, 13, 14, 18, 21, 23, 27, 28]",13,"[2, 6, 7, 8, 10, 11, 13, 14, 18, 21, 23, 27, 28]",0,[],0.6676963143623792,0.0756167451446141,0.2749849907624307,13.224584026825523,0.483076923076923,0.018775147928994082,0.1370224358599499,0.483076923076923,0.018775147928994082,0.1370224358599499
6,5,6,101001001000100000000101000110,0.4788888888888888,0.6569144626458486,0.6694999933242798,9,"[0, 2, 5, 8, 12, 21, 23, 27, 28]",9,"[0, 2, 5, 8, 12, 21, 23, 27, 28]",0,[],0.6569144626458486,0.06488024070389287,0.2547160000940123,15.413013101537388,0.5211111111111112,0.008387654320987654,0.09158413793331056,0.5211111111111112,0.008387654320987654,0.09158413793331056
6,5,7,001101101111011110101101010010,0.5094444444444444,0.6515873136619726,0.43550002574920654,18,"[2, 3, 5, 6, 8, 9, 10, 11, 13, 14, 15, 16, 18, 20, 21, 23, 25, 28]",18,"[2, 3, 5, 6, 8, 9, 10, 11, 13, 14, 15, 16, 18, 20, 21, 23, 25, 28]",0,[],0.6515873136619726,0.08352682736080815,0.2890100817632633,11.972201406385667,0.4905555555555556,0.014983024691358026,0.12240516611384515,0.4905555555555556,0.014983024691358026,0.12240516611384515
6,5,8,011101001000101000110111010010,0.4842857142857143,0.4976909761982305,0.44950002431869507,14,"[1, 2, 3, 5, 8, 12, 14, 18, 19, 21, 22, 23, 25, 28]",14,"[1, 2, 3, 5, 8, 12, 14, 18, 19, 21, 22, 23, 25, 28]",0,[],0.4976909761982305,0.09445495505926248,0.3073352486443143,10.587057072575861,0.5157142857142857,0.006195918367346938,0.07871415607974806,0.5157142857142857,0.006195918367346938,0.07871415607974806
6,5,9,111000111111111010100110000000,0.5549999999999999,0.5254043061286211,0.42900002002716064,16,"[0, 1, 2, 6, 7, 8, 9, 10, 11, 12, 13, 14, 16, 18, 21, 22]",16,"[0, 1, 2, 6, 7, 8, 9, 10, 11, 12, 13, 14, 16, 18, 21, 22]",0,[],0.5254043061286211,0.07170594255518173,0.2677796529895088,13.945845551509823,0.445,0.020937499999999998,0.1446979612848778,0.445,0.020937499999999998,0.1446979612848778
6,5,10,000100001010111000100101000010,0.484,0.6877122268080711,0.47699999809265137,10,"[3, 8, 10, 12, 13, 14, 18, 21, 23, 28]",10,"[3, 8, 10, 12, 13, 14, 18, 21, 23, 28]",0,[],0.6877122268080711,0.07382468183217147,0.2717069778864199,13.545605279726622,0.516,0.006823999999999999,0.08260750571225353,0.516,0.006823999999999999,0.08260750571225353
6,5,11,010000101010011000100101000110,0.48090909090909095,0.669982831586491,0.49049997329711914,11,"[1, 6, 8, 10, 13, 14, 18, 21, 23, 27, 28]",11,"[1, 6, 8, 10, 13, 14, 18, 21, 23, 27, 28]",0,[],0.669982831586491,0.0767929964135672,0.277115492915079,13.022020844381684,0.519090909090909,0.008735537190082642,0.09346409572709,0.519090909090909,0.008735537190082642,0.09346409572709
6,5,12,010101010000101001110010000100,0.5318181818181819,0.4083373817530545,0.48100000619888306,11,"[1, 3, 5, 7, 12, 14, 17, 18, 19, 22, 27]",11,"[1, 3, 5, 7, 12, 14, 17, 18, 19, 22, 27]",0,[],0.4083373817530545,0.09497118761538402,0.30817395674421294,10.529509266008313,0.46818181818181814,0.01616033057851239,0.1271232888911878,0.46818181818181814,0.01616033057851239,0.1271232888911878
6,5,13,011011011011111000100101001001,0.548125,0.5763389971107244,0.406499981880188,16,"[1, 2, 4, 5, 7, 8, 10, 11, 12, 13, 14, 18, 21, 23, 26, 29]",16,"[1, 2, 4, 5, 7, 8, 10, 11, 12, 13, 14, 18, 21, 23, 26, 29]",0,[],0.5763389971107244,0.07139836181545006,0.26720471892436715,14.00592358946263,0.451875,0.026965234375,0.1642109447479065,0.451875,0.026965234375,0.1642109447479065
6,5,14,100010011100101000110111010000,0.5576923076923077,0.418804009946493,0.4424999952316284,13,"[0, 4, 7, 8, 9, 12, 14, 18, 19, 21, 22, 23, 25]",13,"[0, 4, 7, 8, 9, 12, 14, 18, 19, 21, 22, 23, 25]",0,[],0.418804009946493,0.06744813789112988,0.2597077932814683,14.826206197332398,0.4423076923076923,0.01784852071005917,0.1335983559407045,0.4423076923076923,0.01784852071005917,0.1335983559407045
6,5,15,111000010000001001110010000100,0.572,0.3022855371236801,0.585999995470047,10,"[0, 1, 2, 7, 14, 17, 18, 19, 22, 27]",10,"[0, 1, 2, 7, 14, 17, 18, 19, 22, 27]",0,[],0.3022855371236801,0.056085633014521186,0.2368240549744075,17.82987810338325,0.42800000000000005,0.015575999999999996,0.12480384609458155,0.42800000000000005,0.015575999999999996,0.12480384609458155
6,5,16,011000101100100000010010010110,0.5290909090909091,0.46483604406768625,0.5169999897480011,11,"[1, 2, 6, 8, 9, 12, 19, 22, 25, 27, 28]",11,"[1, 2, 6, 8, 9, 12, 19, 22, 25, 27, 28]",0,[],0.46483604406768625,0.08729196713754822,0.2954521401810253,11.455807822777942,0.4709090909090909,0.012480991735537189,0.11171835899053113,0.4709090909090909,0.012480991735537189,0.11171835899053113
6,5,17,001100001000111000101101000110,0.4641666666666667,0.6889812834560871,0.5690000057220459,12,"[2, 3, 8, 12, 13, 14, 18, 20, 21, 23, 27, 28]",12,"[2, 3, 8, 12, 13, 14, 18, 20, 21, 23, 27, 28]",0,[],0.6889812834560871,0.0819509122928221,0.2862706975797944,12.202426696933644,0.5358333333333333,0.005857638888888889,0.07653521339154212,0.5358333333333333,0.005857638888888889,0.07653521339154212
6,5,18,010000111111111010100101000110,0.528125,0.6317641604691744,0.42549997568130493,16,"[1, 6, 7, 8, 9, 10, 11, 12, 13, 14, 16, 18, 21, 23, 27, 28]",16,"[1, 6, 7, 8, 9, 10, 11, 12, 13, 14, 16, 18, 21, 23, 27, 28]",0,[],0.6317641604691744,0.07721115922392827,0.2778689605262313,12.95149574298961,0.47187500000000004,0.021077734374999997,0.14518172879188343,0.47187500000000004,0.021077734374999997,0.14518172879188343
6,5,19,111001010001011001110011010010,0.53,0.44209964325030643,0.5494999885559082,15,"[0, 1, 2, 5, 7, 11, 13, 14, 17, 18, 19, 22, 23, 25, 28]",15,"[0, 1, 2, 5, 7, 11, 13, 14, 17, 18, 19, 22, 23, 25, 28]",0,[],0.44209964325030643,0.11328202538422967,0.3365739523258294,8.827525784502905,0.47,0.015066666666666666,0.12274635093014645,0.47,0.015066666666666666,0.12274635093014645
6,5,20,011011011011111001100101001001,0.5552941176470587,0.5424367031630348,0.4039999842643738,17,"[1, 2, 4, 5, 7, 8, 10, 11, 12, 13, 14, 17, 18, 21, 23, 26, 29]",17,"[1, 2, 4, 5, 7, 8, 10, 11, 12, 13, 14, 17, 18, 21, 23, 26, 29]",0,[],0.5424367031630348,0.085588306737896,0.29255479271052115,11.683839044302873,0.44470588235294123,0.026201384083044982,0.1618684159527268,0.44470588235294123,0.026201384083044982,0.1618684159527268
6,5,21,111000111010001001110010010100,0.5607142857142857,0.3842077005122389,0.4934999942779541,14,"[0, 1, 2, 6, 7, 8, 10, 14, 17, 18, 19, 22, 25, 27]",14,"[0, 1, 2, 6, 7, 8, 10, 14, 17, 18, 19, 22, 25, 27]",0,[],0.3842077005122389,0.0849256303781225,0.2914200239827773,11.775008269560137,0.4392857142857142,0.015363775510204082,0.12395069790123847,0.4392857142857142,0.015363775510204082,0.12395069790123847
6,5,22,001001110010111000100101000110,0.5292307692307692,0.6186286680973493,0.40950000286102295,13,"[2, 5, 6, 7, 10, 12, 13, 14, 18, 21, 23, 27, 28]",13,"[2, 5, 6, 7, 10, 12, 13, 14, 18, 21, 23, 27, 28]",0,[],0.6186286680973493,0.07426864375373735,0.272522739883734,13.464632575166394,0.4707692307692308,0.016314792899408282,0.12772937367500195,0.4707692307692308,0.016314792899408282,0.12772937367500195
7,1,0,001111101111111000110101000110,0.5549999999999999,0.6390938444270028,0.41100001335144043,18,"[2, 3, 4, 5, 6, 8, 9, 10, 11, 12, 13, 14, 18, 19, 21, 23, 27, 28]",18,"[2, 3, 4, 5, 6, 8, 9, 10, 11, 12, 13, 14, 18, 19, 21, 23, 27, 28]",0,[],0.6390938444270028,0.05314813319091546,0.2305387889074536,18.815336305564326,0.445,0.013369444444444444,0.11562631380634965,0.445,0.013369444444444444,0.11562631380634965
7,1,1,001110010001001111000011010010,0.6076923076923076,0.4936032054515985,0.48750001192092896,13,"[2, 3, 4, 7, 11, 14, 15, 16, 17, 22, 23, 25, 28]",13,"[2, 3, 4, 7, 11, 14, 15, 16, 17, 22, 23, 25, 28]",0,[],0.4936032054515985,0.0523786101960312,0.22886373718007666,19.091762768378523,0.39230769230769236,0.013525443786982247,0.11629894146974101,0.39230769230769236,0.013525443786982247,0.11629894146974101
7,1,2,111110111111110010100100001101,0.5789473684210527,0.6450332709048924,0.40149998664855957,19,"[0, 1, 2, 3, 4, 6, 7, 8, 9, 10, 11, 12, 13, 16, 18, 21, 26, 27, 29]",19,"[0, 1, 2, 3, 4, 6, 7, 8, 9, 10, 11, 12, 13, 16, 18, 21, 26, 27, 29]",0,[],0.6450332709048924,0.049292755423470606,0.22201971854650795,20.286956803470815,0.42105263157894735,0.019177839335180052,0.13848407610689414,0.42105263157894735,0.019177839335180052,0.13848407610689414
7,1,3,100110101001001111001110110110,0.5429411764705881,0.5546441753120983,0.523499995470047,17,"[0, 3, 4, 6, 8, 11, 14, 15, 16, 17, 20, 21, 22, 24, 25, 27, 28]",17,"[0, 3, 4, 6, 8, 11, 14, 15, 16, 17, 20, 21, 22, 24, 25, 27, 28]",0,[],0.5546441753120983,0.05635246405040842,0.23738673941568098,17.745452960237547,0.45705882352941185,0.015444290657439448,0.12427506048053023,0.45705882352941185,0.015444290657439448,0.12427506048053023
7,1,4,100100000001010110101110001010,0.5233333333333334,0.5731548530360063,0.49049997329711914,12,"[0, 3, 11, 13, 15, 16, 18, 20, 21, 22, 26, 28]",12,"[0, 3, 11, 13, 15, 16, 18, 20, 21, 22, 26, 28]",0,[],0.5731548530360063,0.05760906135201296,0.24001887707431047,17.358380375087613,0.4766666666666666,0.01705555555555555,0.13059692016106486,0.4766666666666666,0.01705555555555555,0.13059692016106486
7,1,5,011011011100001100011100011110,0.566875,0.5362647250294685,0.4635000228881836,16,"[1, 2, 4, 5, 7, 8, 9, 14, 15, 19, 20, 21, 25, 26, 27, 28]",16,"[1, 2, 4, 5, 7, 8, 9, 14, 15, 19, 20, 21, 25, 26, 27, 28]",0,[],0.5362647250294685,0.06993056138128464,0.26444387189209856,14.299899503847366,0.433125,0.016471484374999998,0.12834128086862776,0.433125,0.016471484374999998,0.12834128086862776
7,1,6,011011001010110110101100001000,0.5457142857142858,0.6315450072288513,0.43949997425079346,14,"[1, 2, 4, 5, 8, 10, 12, 13, 15, 16, 18, 20, 21, 26]",14,"[1, 2, 4, 5, 8, 10, 12, 13, 15, 16, 18, 20, 21, 26]",0,[],0.6315450072288513,0.06394869935785165,0.2528808006904669,15.637534618242702,0.4542857142857142,0.012995918367346936,0.11399964196148572,0.4542857142857142,0.012995918367346936,0.11399964196148572
7,1,7,000010111110101101100110010011,0.6174999999999999,0.6036706902086735,0.4570000171661377,16,"[4, 6, 7, 8, 9, 10, 12, 14, 15, 17, 18, 21, 22, 25, 28, 29]",16,"[4, 6, 7, 8, 9, 10, 12, 14, 15, 17, 18, 21, 22, 25, 28, 29]",0,[],0.6036706902086735,0.05511384174631645,0.234763373945589,18.14426228174949,0.3825,0.009818750000000001,0.09908960591303208,0.3825,0.009818750000000001,0.09908960591303208
7,1,8,111111110001101111011111011010,0.5768181818181819,0.5352228873155334,0.5149999856948853,22,"[0, 1, 2, 3, 4, 5, 6, 7, 11, 12, 14, 15, 16, 17, 19, 20, 21, 22, 23, 25, 26, 28]",22,"[0, 1, 2, 3, 4, 5, 6, 7, 11, 12, 14, 15, 16, 17, 19, 20, 21, 22, 23, 25, 26, 28]",0,[],0.5352228873155334,0.05511819244837462,0.23477263990587707,18.1428300816764,0.4231818181818181,0.013576239669421486,0.11651712178654898,0.4231818181818181,0.013576239669421486,0.11651712178654898
7,2,0,001111101111111000110101000110,0.5549999999999999,0.6390938444270028,0.41100001335144043,18,"[2, 3, 4, 5, 6, 8, 9, 10, 11, 12, 13, 14, 18, 19, 21, 23, 27, 28]",18,"[2, 3, 4, 5, 6, 8, 9, 10, 11, 12, 13, 14, 18, 19, 21, 23, 27, 28]",0,[],0.6390938444270028,0.05314813319091546,0.2305387889074536,18.815336305564326,0.445,0.013369444444444444,0.11562631380634965,0.445,0.013369444444444444,0.11562631380634965
7,2,1,001110010001001111000011010010,0.6076923076923076,0.4936032054515985,0.48750001192092896,13,"[2, 3, 4, 7, 11, 14, 15, 16, 17, 22, 23, 25, 28]",13,"[2, 3, 4, 7, 11, 14, 15, 16, 17, 22, 23, 25, 28]",0,[],0.4936032054515985,0.0523786101960312,0.22886373718007666,19.091762768378523,0.39230769230769236,0.013525443786982247,0.11629894146974101,0.39230769230769236,0.013525443786982247,0.11629894146974101
7,2,2,011011011100001100011100011110,0.566875,0.5362647250294685,0.4635000228881836,16,"[1, 2, 4, 5, 7, 8, 9, 14, 15, 19, 20, 21, 25, 26, 27, 28]",16,"[1, 2, 4, 5, 7, 8, 9, 14, 15, 19, 20, 21, 25, 26, 27, 28]",0,[],0.5362647250294685,0.06993056138128464,0.26444387189209856,14.299899503847366,0.433125,0.016471484374999998,0.12834128086862776,0.433125,0.016471484374999998,0.12834128086862776
7,2,3,111111110001101111011111011010,0.5768181818181819,0.5352228873155334,0.5149999856948853,22,"[0, 1, 2, 3, 4, 5, 6, 7, 11, 12, 14, 15, 16, 17, 19, 20, 21, 22, 23, 25, 26, 28]",22,"[0, 1, 2, 3, 4, 5, 6, 7, 11, 12, 14, 15, 16, 17, 19, 20, 21, 22, 23, 25, 26, 28]",0,[],0.5352228873155334,0.05511819244837462,0.23477263990587707,18.1428300816764,0.4231818181818181,0.013576239669421486,0.11651712178654898,0.4231818181818181,0.013576239669421486,0.11651712178654898
7,2,4,011011001010110100101100001000,0.5369230769230771,0.6305302519064683,0.4284999966621399,13,"[1, 2, 4, 5, 8, 10, 12, 13, 15, 18, 20, 21, 26]",13,"[1, 2, 4, 5, 8, 10, 12, 13, 15, 18, 20, 21, 26]",0,[],0.6305302519064683,0.06885341388058612,0.26239934047284896,14.523608106554025,0.463076923076923,0.01291360946745562,0.11363806346227315,0.463076923076923,0.01291360946745562,0.11363806346227315
7,2,5,100100000001010110101110001000,0.5163636363636364,0.5468899350274693,0.4869999885559082,11,"[0, 3, 11, 13, 15, 16, 18, 20, 21, 22, 26]",11,"[0, 3, 11, 13, 15, 16, 18, 20, 21, 22, 26]",0,[],0.5468899350274693,0.05456809773170843,0.23359815438420833,18.3257258648934,0.4836363636363636,0.018023140495867764,0.13425029048708895,0.4836363636363636,0.018023140495867764,0.13425029048708895
7,2,6,111111110001101110100100001101,0.5783333333333334,0.5645299636655383,0.38499999046325684,18,"[0, 1, 2, 3, 4, 5, 6, 7, 11, 12, 14, 15, 16, 18, 21, 26, 27, 29]",18,"[0, 1, 2, 3, 4, 5, 6, 7, 11, 12, 14, 15, 16, 18, 21, 26, 27, 29]",0,[],0.5645299636655383,0.0504261131507323,0.2245575942842555,19.83099504438957,0.42166666666666663,0.017291666666666664,0.13149778198382917,0.42166666666666663,0.017291666666666664,0.13149778198382917
7,2,7,100100000001010110101110010110,0.5023076923076923,0.5821704520629003,0.612500011920929,13,"[0, 3, 11, 13, 15, 16, 18, 20, 21, 22, 25, 27, 28]",13,"[0, 3, 11, 13, 15, 16, 18, 20, 21, 22, 25, 27, 28]",0,[],0.5821704520629003,0.05124936572750319,0.22638322757550566,19.512436608817303,0.49769230769230766,0.01597159763313609,0.12637878632561753,0.49769230769230766,0.01597159763313609,0.12637878632561753
7,2,8,000111100001001111001011110010,0.5653333333333332,0.5125000168879826,0.6394999921321869,15,"[3, 4, 5, 6, 11, 14, 15, 16, 17, 20, 22, 23, 24, 25, 28]",15,"[3, 4, 5, 6, 11, 14, 15, 16, 17, 20, 22, 23, 24, 25, 28]",0,[],0.5125000168879826,0.05361200897005891,0.23154267202841664,18.65253735517498,0.4346666666666667,0.014544888888888885,0.12060219272006992,0.4346666666666667,0.014544888888888885,0.12060219272006992
7,2,9,100110111001001111011100111010,0.5700000000000001,0.5084521960881021,0.5789999961853027,18,"[0, 3, 4, 6, 7, 8, 11, 14, 15, 16, 17, 19, 20, 21, 24, 25, 26, 28]",18,"[0, 3, 4, 6, 7, 8, 11, 14, 15, 16, 17, 19, 20, 21, 24, 25, 26, 28]",0,[],0.5084521960881021,0.061230981250458304,0.24744894675560514,16.33160174111231,0.43,0.015233333333333333,0.12342339054382412,0.43,0.015233333333333333,0.12342339054382412
7,3,0,001111101111111000110101000110,0.5549999999999999,0.6390938444270028,0.41100001335144043,18,"[2, 3, 4, 5, 6, 8, 9, 10, 11, 12, 13, 14, 18, 19, 21, 23, 27, 28]",18,"[2, 3, 4, 5, 6, 8, 9, 10, 11, 12, 13, 14, 18, 19, 21, 23, 27, 28]",0,[],0.6390938444270028,0.05314813319091546,0.2305387889074536,18.815336305564326,0.445,0.013369444444444444,0.11562631380634965,0.445,0.013369444444444444,0.11562631380634965
7,3,1,001110010001001111000011010010,0.6076923076923076,0.4936032054515985,0.48750001192092896,13,"[2, 3, 4, 7, 11, 14, 15, 16, 17, 22, 23, 25, 28]",13,"[2, 3, 4, 7, 11, 14, 15, 16, 17, 22, 23, 25, 28]",0,[],0.4936032054515985,0.0523786101960312,0.22886373718007666,19.091762768378523,0.39230769230769236,0.013525443786982247,0.11629894146974101,0.39230769230769236,0.013525443786982247,0.11629894146974101
7,3,2,011011011100001100011100011110,0.566875,0.5362647250294685,0.4635000228881836,16,"[1, 2, 4, 5, 7, 8, 9, 14, 15, 19, 20, 21, 25, 26, 27, 28]",16,"[1, 2, 4, 5, 7, 8, 9, 14, 15, 19, 20, 21, 25, 26, 27, 28]",0,[],0.5362647250294685,0.06993056138128464,0.26444387189209856,14.299899503847366,0.433125,0.016471484374999998,0.12834128086862776,0.433125,0.016471484374999998,0.12834128086862776
7,3,3,111111110001101111011111011010,0.5768181818181819,0.5352228873155334,0.5149999856948853,22,"[0, 1, 2, 3, 4, 5, 6, 7, 11, 12, 14, 15, 16, 17, 19, 20, 21, 22, 23, 25, 26, 28]",22,"[0, 1, 2, 3, 4, 5, 6, 7, 11, 12, 14, 15, 16, 17, 19, 20, 21, 22, 23, 25, 26, 28]",0,[],0.5352228873155334,0.05511819244837462,0.23477263990587707,18.1428300816764,0.4231818181818181,0.013576239669421486,0.11651712178654898,0.4231818181818181,0.013576239669421486,0.11651712178654898
7,3,4,011011001010110100101100001000,0.5369230769230771,0.6305302519064683,0.4284999966621399,13,"[1, 2, 4, 5, 8, 10, 12, 13, 15, 18, 20, 21, 26]",13,"[1, 2, 4, 5, 8, 10, 12, 13, 15, 18, 20, 21, 26]",0,[],0.6305302519064683,0.06885341388058612,0.26239934047284896,14.523608106554025,0.463076923076923,0.01291360946745562,0.11363806346227315,0.463076923076923,0.01291360946745562,0.11363806346227315
7,3,5,100100000001010110101110001000,0.5163636363636364,0.5468899350274693,0.4869999885559082,11,"[0, 3, 11, 13, 15, 16, 18, 20, 21, 22, 26]",11,"[0, 3, 11, 13, 15, 16, 18, 20, 21, 22, 26]",0,[],0.5468899350274693,0.05456809773170843,0.23359815438420833,18.3257258648934,0.4836363636363636,0.018023140495867764,0.13425029048708895,0.4836363636363636,0.018023140495867764,0.13425029048708895
7,3,6,111111110001101110100100001101,0.5783333333333334,0.5645299636655383,0.38499999046325684,18,"[0, 1, 2, 3, 4, 5, 6, 7, 11, 12, 14, 15, 16, 18, 21, 26, 27, 29]",18,"[0, 1, 2, 3, 4, 5, 6, 7, 11, 12, 14, 15, 16, 18, 21, 26, 27, 29]",0,[],0.5645299636655383,0.0504261131507323,0.2245575942842555,19.83099504438957,0.42166666666666663,0.017291666666666664,0.13149778198382917,0.42166666666666663,0.017291666666666664,0.13149778198382917
7,3,7,100100000001010110101110010110,0.5023076923076923,0.5821704520629003,0.612500011920929,13,"[0, 3, 11, 13, 15, 16, 18, 20, 21, 22, 25, 27, 28]",13,"[0, 3, 11, 13, 15, 16, 18, 20, 21, 22, 25, 27, 28]",0,[],0.5821704520629003,0.05124936572750319,0.22638322757550566,19.512436608817303,0.49769230769230766,0.01597159763313609,0.12637878632561753,0.49769230769230766,0.01597159763313609,0.12637878632561753
7,3,8,000111100001001111001011110010,0.5653333333333332,0.5125000168879826,0.6394999921321869,15,"[3, 4, 5, 6, 11, 14, 15, 16, 17, 20, 22, 23, 24, 25, 28]",15,"[3, 4, 5, 6, 11, 14, 15, 16, 17, 20, 22, 23, 24, 25, 28]",0,[],0.5125000168879826,0.05361200897005891,0.23154267202841664,18.65253735517498,0.4346666666666667,0.014544888888888885,0.12060219272006992,0.4346666666666667,0.014544888888888885,0.12060219272006992
7,3,9,100110111001001111011100111010,0.5700000000000001,0.5084521960881021,0.5789999961853027,18,"[0, 3, 4, 6, 7, 8, 11, 14, 15, 16, 17, 19, 20, 21, 24, 25, 26, 28]",18,"[0, 3, 4, 6, 7, 8, 11, 14, 15, 16, 17, 19, 20, 21, 24, 25, 26, 28]",0,[],0.5084521960881021,0.061230981250458304,0.24744894675560514,16.33160174111231,0.43,0.015233333333333333,0.12342339054382412,0.43,0.015233333333333333,0.12342339054382412
7,3,10,111111001010110010101100001010,0.55375,0.674663009122014,0.421999990940094,16,"[0, 1, 2, 3, 4, 5, 8, 10, 12, 13, 16, 18, 20, 21, 26, 28]",16,"[0, 1, 2, 3, 4, 5, 8, 10, 12, 13, 16, 18, 20, 21, 26, 28]",0,[],0.674663009122014,0.05338811044994234,0.23105867317619208,18.730762178549437,0.44625000000000004,0.011398437499999997,0.10676346519292074,0.44625000000000004,0.011398437499999997,0.10676346519292074
7,3,11,001110000001000110101010010110,0.5425,0.513723353544871,0.5419999957084656,12,"[2, 3, 4, 11, 15, 16, 18, 20, 22, 25, 27, 28]",12,"[2, 3, 4, 11, 15, 16, 18, 20, 22, 25, 27, 28]",0,[],0.513723353544871,0.05449429575352046,0.23344013312522005,18.350544514292537,0.4575,0.02016875,0.1420167243672378,0.4575,0.02016875,0.1420167243672378
7,3,12,101011110001101111111111001000,0.5815789473684211,0.5243572577049858,0.4959999918937683,19,"[0, 2, 4, 5, 6, 7, 11, 12, 14, 15, 16, 17, 18, 19, 20, 21, 22, 23, 26]",19,"[0, 2, 4, 5, 6, 7, 11, 12, 14, 15, 16, 17, 18, 19, 20, 21, 22, 23, 26]",0,[],0.5243572577049858,0.04883854987873287,0.22099445666969314,20.47562842228159,0.4184210526315789,0.015318559556786699,0.12376816859268258,0.4184210526315789,0.015318559556786699,0.12376816859268258
7,3,13,111111110001011100000100001101,0.559375,0.5604708138853312,0.4505000114440918,16,"[0, 1, 2, 3, 4, 5, 6, 7, 11, 13, 14, 15, 21, 26, 27, 29]",16,"[0, 1, 2, 3, 4, 5, 6, 7, 11, 13, 14, 15, 21, 26, 27, 29]",0,[],0.5604708138853312,0.059607087207570734,0.24414562704986287,16.77652854462899,0.440625,0.021105859374999997,0.14527855786384994,0.440625,0.021105859374999997,0.14527855786384994
7,3,14,100110010001001111000011010010,0.5930769230769231,0.49354635179042816,0.6010000109672546,13,"[0, 3, 4, 7, 11, 14, 15, 16, 17, 22, 23, 25, 28]",13,"[0, 3, 4, 7, 11, 14, 15, 16, 17, 22, 23, 25, 28]",0,[],0.49354635179042816,0.052345103652110175,0.2287905235190264,19.10398356732812,0.40692307692307694,0.012221301775147927,0.11054999672160976,0.40692307692307694,0.012221301775147927,0.11054999672160976
7,3,15,100110110101010010101110110110,0.556470588235294,0.5958132182850557,0.47350001335144043,17,"[0, 3, 4, 6, 7, 9, 11, 13, 16, 18, 20, 21, 22, 24, 25, 27, 28]",17,"[0, 3, 4, 6, 7, 9, 11, 13, 16, 18, 20, 21, 22, 24, 25, 27, 28]",0,[],0.5958132182850557,0.04998171200170476,0.2235659008026599,20.00731787590414,0.44352941176470595,0.021164013840830446,0.14547856832135256,0.44352941176470595,0.021164013840830446,0.14547856832135256
7,3,16,100100000001111010100100001010,0.5436363636363636,0.5969189297069203,0.46549999713897705,11,"[0, 3, 11, 12, 13, 14, 16, 18, 21, 26, 28]",11,"[0, 3, 11, 12, 13, 14, 16, 18, 21, 26, 28]",0,[],0.5969189297069203,0.0638271140038602,0.25264028578961867,15.6673228236439,0.4563636363636364,0.012223140495867767,0.11055831264933347,0.4563636363636364,0.012223140495867767,0.11055831264933347
7,3,17,100100000001010110101111010011,0.5435714285714286,0.5741998276540211,0.47850000858306885,14,"[0, 3, 11, 13, 15, 16, 18, 20, 21, 22, 23, 25, 28, 29]",14,"[0, 3, 11, 13, 15, 16, 18, 20, 21, 22, 23, 25, 28, 29]",0,[],0.5741998276540211,0.0479284095230567,0.21892557987374775,20.864452001457185,0.4564285714285714,0.02018010204081632,0.14205668601236734,0.4564285714285714,0.02018010204081632,0.14205668601236734
7,3,18,001010001001001111000001010010,0.5745454545454545,0.5036994828419252,0.5295000076293945,11,"[2, 4, 8, 11, 14, 15, 16, 17, 23, 25, 28]",11,"[2, 4, 8, 11, 14, 15, 16, 17, 23, 25, 28]",0,[],0.5036994828419252,0.07074662326629348,0.2659823739767233,14.134950246825985,0.42545454545454553,0.012042975206611567,0.10974049027870965,0.42545454545454553,0.012042975206611567,0.10974049027870965
7,4,0,001111101111111000110101000110,0.5549999999999999,0.6390938444270028,0.41100001335144043,18,"[2, 3, 4, 5, 6, 8, 9, 10, 11, 12, 13, 14, 18, 19, 21, 23, 27, 28]",18,"[2, 3, 4, 5, 6, 8, 9, 10, 11, 12, 13, 14, 18, 19, 21, 23, 27, 28]",0,[],0.6390938444270028,0.05314813319091546,0.2305387889074536,18.815336305564326,0.445,0.013369444444444444,0.11562631380634965,0.445,0.013369444444444444,0.11562631380634965
7,4,1,001110010001001111000011010010,0.6076923076923076,0.4936032054515985,0.48750001192092896,13,"[2, 3, 4, 7, 11, 14, 15, 16, 17, 22, 23, 25, 28]",13,"[2, 3, 4, 7, 11, 14, 15, 16, 17, 22, 23, 25, 28]",0,[],0.4936032054515985,0.0523786101960312,0.22886373718007666,19.091762768378523,0.39230769230769236,0.013525443786982247,0.11629894146974101,0.39230769230769236,0.013525443786982247,0.11629894146974101
7,4,2,011011011100001100011100011110,0.566875,0.5362647250294685,0.4635000228881836,16,"[1, 2, 4, 5, 7, 8, 9, 14, 15, 19, 20, 21, 25, 26, 27, 28]",16,"[1, 2, 4, 5, 7, 8, 9, 14, 15, 19, 20, 21, 25, 26, 27, 28]",0,[],0.5362647250294685,0.06993056138128464,0.26444387189209856,14.299899503847366,0.433125,0.016471484374999998,0.12834128086862776,0.433125,0.016471484374999998,0.12834128086862776
7,4,3,011011001010110100101100001000,0.5369230769230771,0.6305302519064683,0.4284999966621399,13,"[1, 2, 4, 5, 8, 10, 12, 13, 15, 18, 20, 21, 26]",13,"[1, 2, 4, 5, 8, 10, 12, 13, 15, 18, 20, 21, 26]",0,[],0.6305302519064683,0.06885341388058612,0.26239934047284896,14.523608106554025,0.463076923076923,0.01291360946745562,0.11363806346227315,0.463076923076923,0.01291360946745562,0.11363806346227315
7,4,4,100100000001010110101110001000,0.5163636363636364,0.5468899350274693,0.4869999885559082,11,"[0, 3, 11, 13, 15, 16, 18, 20, 21, 22, 26]",11,"[0, 3, 11, 13, 15, 16, 18, 20, 21, 22, 26]",0,[],0.5468899350274693,0.05456809773170843,0.23359815438420833,18.3257258648934,0.4836363636363636,0.018023140495867764,0.13425029048708895,0.4836363636363636,0.018023140495867764,0.13425029048708895
7,4,5,111111110001101110100100001101,0.5783333333333334,0.5645299636655383,0.38499999046325684,18,"[0, 1, 2, 3, 4, 5, 6, 7, 11, 12, 14, 15, 16, 18, 21, 26, 27, 29]",18,"[0, 1, 2, 3, 4, 5, 6, 7, 11, 12, 14, 15, 16, 18, 21, 26, 27, 29]",0,[],0.5645299636655383,0.0504261131507323,0.2245575942842555,19.83099504438957,0.42166666666666663,0.017291666666666664,0.13149778198382917,0.42166666666666663,0.017291666666666664,0.13149778198382917
7,4,6,100100000001010110101110010110,0.5023076923076923,0.5821704520629003,0.612500011920929,13,"[0, 3, 11, 13, 15, 16, 18, 20, 21, 22, 25, 27, 28]",13,"[0, 3, 11, 13, 15, 16, 18, 20, 21, 22, 25, 27, 28]",0,[],0.5821704520629003,0.05124936572750319,0.22638322757550566,19.512436608817303,0.49769230769230766,0.01597159763313609,0.12637878632561753,0.49769230769230766,0.01597159763313609,0.12637878632561753
7,4,7,000111100001001111001011110010,0.5653333333333332,0.5125000168879826,0.6394999921321869,15,"[3, 4, 5, 6, 11, 14, 15, 16, 17, 20, 22, 23, 24, 25, 28]",15,"[3, 4, 5, 6, 11, 14, 15, 16, 17, 20, 22, 23, 24, 25, 28]",0,[],0.5125000168879826,0.05361200897005891,0.23154267202841664,18.65253735517498,0.4346666666666667,0.014544888888888885,0.12060219272006992,0.4346666666666667,0.014544888888888885,0.12060219272006992
7,4,8,100110111001001111011100111010,0.5700000000000001,0.5084521960881021,0.5789999961853027,18,"[0, 3, 4, 6, 7, 8, 11, 14, 15, 16, 17, 19, 20, 21, 24, 25, 26, 28]",18,"[0, 3, 4, 6, 7, 8, 11, 14, 15, 16, 17, 19, 20, 21, 24, 25, 26, 28]",0,[],0.5084521960881021,0.061230981250458304,0.24744894675560514,16.33160174111231,0.43,0.015233333333333333,0.12342339054382412,0.43,0.015233333333333333,0.12342339054382412
7,4,9,111111001010110010101100001010,0.55375,0.674663009122014,0.421999990940094,16,"[0, 1, 2, 3, 4, 5, 8, 10, 12, 13, 16, 18, 20, 21, 26, 28]",16,"[0, 1, 2, 3, 4, 5, 8, 10, 12, 13, 16, 18, 20, 21, 26, 28]",0,[],0.674663009122014,0.05338811044994234,0.23105867317619208,18.730762178549437,0.44625000000000004,0.011398437499999997,0.10676346519292074,0.44625000000000004,0.011398437499999997,0.10676346519292074
7,4,10,001110000001000110101010010110,0.5425,0.513723353544871,0.5419999957084656,12,"[2, 3, 4, 11, 15, 16, 18, 20, 22, 25, 27, 28]",12,"[2, 3, 4, 11, 15, 16, 18, 20, 22, 25, 27, 28]",0,[],0.513723353544871,0.05449429575352046,0.23344013312522005,18.350544514292537,0.4575,0.02016875,0.1420167243672378,0.4575,0.02016875,0.1420167243672378
7,4,11,111111110001011100000100001101,0.559375,0.5604708138853312,0.4505000114440918,16,"[0, 1, 2, 3, 4, 5, 6, 7, 11, 13, 14, 15, 21, 26, 27, 29]",16,"[0, 1, 2, 3, 4, 5, 6, 7, 11, 13, 14, 15, 21, 26, 27, 29]",0,[],0.5604708138853312,0.059607087207570734,0.24414562704986287,16.77652854462899,0.440625,0.021105859374999997,0.14527855786384994,0.440625,0.021105859374999997,0.14527855786384994
7,4,12,100110010001001111000011010010,0.5930769230769231,0.49354635179042816,0.6010000109672546,13,"[0, 3, 4, 7, 11, 14, 15, 16, 17, 22, 23, 25, 28]",13,"[0, 3, 4, 7, 11, 14, 15, 16, 17, 22, 23, 25, 28]",0,[],0.49354635179042816,0.052345103652110175,0.2287905235190264,19.10398356732812,0.40692307692307694,0.012221301775147927,0.11054999672160976,0.40692307692307694,0.012221301775147927,0.11054999672160976
7,4,13,100100000001111010100100001010,0.5436363636363636,0.5969189297069203,0.46549999713897705,11,"[0, 3, 11, 12, 13, 14, 16, 18, 21, 26, 28]",11,"[0, 3, 11, 12, 13, 14, 16, 18, 21, 26, 28]",0,[],0.5969189297069203,0.0638271140038602,0.25264028578961867,15.6673228236439,0.4563636363636364,0.012223140495867767,0.11055831264933347,0.4563636363636364,0.012223140495867767,0.11055831264933347
7,4,14,100100000001010110101111010011,0.5435714285714286,0.5741998276540211,0.47850000858306885,14,"[0, 3, 11, 13, 15, 16, 18, 20, 21, 22, 23, 25, 28, 29]",14,"[0, 3, 11, 13, 15, 16, 18, 20, 21, 22, 23, 25, 28, 29]",0,[],0.5741998276540211,0.0479284095230567,0.21892557987374775,20.864452001457185,0.4564285714285714,0.02018010204081632,0.14205668601236734,0.4564285714285714,0.02018010204081632,0.14205668601236734
7,4,15,001010001001001111000001010010,0.5745454545454545,0.5036994828419252,0.5295000076293945,11,"[2, 4, 8, 11, 14, 15, 16, 17, 23, 25, 28]",11,"[2, 4, 8, 11, 14, 15, 16, 17, 23, 25, 28]",0,[],0.5036994828419252,0.07074662326629348,0.2659823739767233,14.134950246825985,0.42545454545454553,0.012042975206611567,0.10974049027870965,0.42545454545454553,0.012042975206611567,0.10974049027870965
7,4,16,100100000001001111001001000010,0.534,0.5245127826929092,0.6105000078678131,10,"[0, 3, 11, 14, 15, 16, 17, 20, 23, 28]",10,"[0, 3, 11, 14, 15, 16, 17, 20, 23, 28]",0,[],0.5245127826929092,0.05032930840466863,0.2243419452636279,19.869138513877104,0.466,0.014843999999999993,0.12183595528414423,0.466,0.014843999999999993,0.12183595528414423
7,4,17,011000010101010110111010111000,0.5853333333333335,0.5381940762201946,0.45749998092651367,15,"[1, 2, 7, 9, 11, 13, 15, 16, 18, 19, 20, 22, 24, 25, 26]",15,"[1, 2, 7, 9, 11, 13, 15, 16, 18, 19, 20, 22, 24, 25, 26]",0,[],0.5381940762201946,0.059998409360716334,0.2449457273779568,16.66710852262602,0.4146666666666666,0.023424888888888884,0.15305191566553122,0.4146666666666666,0.023424888888888884,0.15305191566553122
7,4,18,011011001010110101101100011001,0.56125,0.6086381124332547,0.4035000205039978,16,"[1, 2, 4, 5, 8, 10, 12, 13, 15, 17, 18, 20, 21, 25, 26, 29]",16,"[1, 2, 4, 5, 8, 10, 12, 13, 15, 17, 18, 20, 21, 25, 26, 29]",0,[],0.6086381124332547,0.06769935426210028,0.2601909957360175,14.771189635405785,0.43875000000000003,0.015710937499999997,0.12534327863910372,0.43875000000000003,0.015710937499999997,0.12534327863910372
7,4,19,100100000001001111001111110000,0.5538461538461539,0.5143846032711176,0.4854999780654907,13,"[0, 3, 11, 14, 15, 16, 17, 20, 21, 22, 23, 24, 25]",13,"[0, 3, 11, 14, 15, 16, 17, 20, 21, 22, 23, 24, 25]",0,[],0.5143846032711176,0.04615361717581829,0.21483392929381126,21.66677415966304,0.4461538461538461,0.016777514792899403,0.12952804635637566,0.4461538461538461,0.016777514792899403,0.12952804635637566
7,4,20,100100000000001011101110001010,0.5763636363636362,0.5821198401125994,0.4465000033378601,11,"[0, 3, 14, 16, 17, 18, 20, 21, 22, 26, 28]",11,"[0, 3, 14, 16, 17, 18, 20, 21, 22, 26, 28]",0,[],0.5821198401125994,0.04947155652115583,0.22242202346250659,20.213635274895058,0.42363636363636376,0.011041322314049586,0.10507769655854465,0.42363636363636376,0.011041322314049586,0.10507769655854465
7,4,21,100110010001010110101110001010,0.5499999999999999,0.53912232284035,0.46700000762939453,14,"[0, 3, 4, 7, 11, 13, 15, 16, 18, 20, 21, 22, 26, 28]",14,"[0, 3, 4, 7, 11, 13, 15, 16, 18, 20, 21, 22, 26, 28]",0,[],0.53912232284035,0.05914781515488906,0.24320323837253702,16.9067952447833,0.45000000000000007,0.019799999999999995,0.14071247279470286,0.45000000000000007,0.019799999999999995,0.14071247279470286
7,4,22,100111110001100110100100001110,0.5546666666666666,0.5706076751152674,0.4545000195503235,15,"[0, 3, 4, 5, 6, 7, 11, 12, 15, 16, 18, 21, 26, 27, 28]",15,"[0, 3, 4, 5, 6, 7, 11, 12, 15, 16, 18, 21, 26, 27, 28]",0,[],0.5706076751152674,0.051621448684335554,0.2272035402108329,19.371792646017862,0.4453333333333333,0.013731555555555556,0.1171817202278391,0.4453333333333333,0.013731555555555556,0.1171817202278391
7,4,23,000100010001001101100011010010,0.5863636363636363,0.4981380606239492,0.45749998092651367,11,"[3, 7, 11, 14, 15, 17, 18, 22, 23, 25, 28]",11,"[3, 7, 11, 14, 15, 17, 18, 22, 23, 25, 28]",0,[],0.4981380606239492,0.04728033430079906,0.21744041551836463,21.15044266899567,0.4136363636363637,0.013714049586776857,0.117107000588252,0.4136363636363637,0.013714049586776857,0.117107000588252
7,5,0,011011001010110100101100001000,0.5369230769230771,0.6305302519064683,0.4284999966621399,13,"[1, 2, 4, 5, 8, 10, 12, 13, 15, 18, 20, 21, 26]",13,"[1, 2, 4, 5, 8, 10, 12, 13, 15, 18, 20, 21, 26]",0,[],0.6305302519064683,0.06885341388058612,0.26239934047284896,14.523608106554025,0.463076923076923,0.01291360946745562,0.11363806346227315,0.463076923076923,0.01291360946745562,0.11363806346227315
7,5,1,100100000001010110101110001000,0.5163636363636364,0.5468899350274693,0.4869999885559082,11,"[0, 3, 11, 13, 15, 16, 18, 20, 21, 22, 26]",11,"[0, 3, 11, 13, 15, 16, 18, 20, 21, 22, 26]",0,[],0.5468899350274693,0.05456809773170843,0.23359815438420833,18.3257258648934,0.4836363636363636,0.018023140495867764,0.13425029048708895,0.4836363636363636,0.018023140495867764,0.13425029048708895
7,5,2,100100000001010110101110010110,0.5023076923076923,0.5821704520629003,0.612500011920929,13,"[0, 3, 11, 13, 15, 16, 18, 20, 21, 22, 25, 27, 28]",13,"[0, 3, 11, 13, 15, 16, 18, 20, 21, 22, 25, 27, 28]",0,[],0.5821704520629003,0.05124936572750319,0.22638322757550566,19.512436608817303,0.49769230769230766,0.01597159763313609,0.12637878632561753,0.49769230769230766,0.01597159763313609,0.12637878632561753
7,5,3,100100000001000110101110001000,0.53,0.5137740507721901,0.4660000205039978,10,"[0, 3, 11, 15, 16, 18, 20, 21, 22, 26]",10,"[0, 3, 11, 15, 16, 18, 20, 21, 22, 26]",0,[],0.5137740507721901,0.04796162781477976,0.21900143336238637,20.85000125228948,0.47000000000000003,0.017779999999999997,0.13334166640626627,0.47000000000000003,0.017779999999999997,0.13334166640626627
7,5,4,100100001001111010101110000010,0.5253846153846153,0.632654763185061,0.48000001907348633,13,"[0, 3, 8, 11, 12, 13, 14, 16, 18, 20, 21, 22, 28]",13,"[0, 3, 8, 11, 12, 13, 14, 16, 18, 20, 21, 22, 28]",0,[],0.632654763185061,0.04922584047578475,0.22186897141282455,20.314533796369034,0.4746153846153846,0.015517159763313606,0.12456789218459789,0.4746153846153846,0.015517159763313606,0.12456789218459789
7,5,5,001111110001101100100100001110,0.5646666666666667,0.5434639672438304,0.37550002336502075,15,"[2, 3, 4, 5, 6, 7, 11, 12, 14, 15, 18, 21, 26, 27, 28]",15,"[2, 3, 4, 5, 6, 7, 11, 12, 14, 15, 18, 21, 26, 27, 28]",0,[],0.5434639672438304,0.057966403560309576,0.24076213066076146,17.25137214972423,0.4353333333333333,0.015464888888888887,0.12435790641888793,0.4353333333333333,0.015464888888888887,0.12435790641888793
7,5,6,000110000001010110101010010110,0.5125,0.5211759259303411,0.5699999928474426,12,"[3, 4, 11, 13, 15, 16, 18, 20, 22, 25, 27, 28]",12,"[3, 4, 11, 13, 15, 16, 18, 20, 22, 25, 27, 28]",0,[],0.5211759259303411,0.05920258808541339,0.24331581963656493,16.89115345020507,0.48750000000000004,0.018218749999999995,0.13497684986693087,0.48750000000000004,0.018218749999999995,0.13497684986693087
7,5,7,011011010001000100001100001000,0.539,0.48079332858324053,0.3985000252723694,10,"[1, 2, 4, 5, 7, 11, 15, 20, 21, 26]",10,"[1, 2, 4, 5, 7, 11, 15, 20, 21, 26]",0,[],0.48079332858324053,0.06598471703155742,0.25687490541420627,15.155024450915604,0.46099999999999997,0.024669000000000003,0.1570636813525011,0.46099999999999997,0.024669000000000003,0.1570636813525011
8,1,0,001111101111111000110101000110,0.5466666666666667,0.7415871396660805,0.3945000171661377,18,"[2, 3, 4, 5, 6, 8, 9, 10, 11, 12, 13, 14, 18, 19, 21, 23, 27, 28]",18,"[2, 3, 4, 5, 6, 8, 9, 10, 11, 12, 13, 14, 18, 19, 21, 23, 27, 28]",0,[],0.7415871396660805,0.046694146005575005,0.21608828289746532,21.415960790472663,0.45333333333333325,0.015466666666666665,0.1243650540411842,0.45333333333333325,0.015466666666666665,0.1243650540411842
8,1,1,101000100000000010110001111110,0.5800000000000001,0.6030555547525486,0.515500009059906,12,"[0, 2, 6, 16, 18, 19, 23, 24, 25, 26, 27, 28]",12,"[0, 2, 6, 16, 18, 19, 23, 24, 25, 26, 27, 28]",0,[],0.6030555547525486,0.08905325118453322,0.2984179136455002,11.229236290630567,0.42,0.017316666666666664,0.13159280628767922,0.42,0.017316666666666664,0.13159280628767922
8,1,2,111110111111110010100100001101,0.5842105263157895,0.7305850770912672,0.4020000100135803,19,"[0, 1, 2, 3, 4, 6, 7, 8, 9, 10, 11, 12, 13, 16, 18, 21, 26, 27, 29]",19,"[0, 1, 2, 3, 4, 6, 7, 8, 9, 10, 11, 12, 13, 16, 18, 21, 26, 27, 29]",0,[],0.7305850770912672,0.030697211434395563,0.17520619690637532,32.57624889274214,0.4157894736842105,0.024845429362880884,0.15762432985703978,0.4157894736842105,0.024845429362880884,0.15762432985703978
8,1,3,100110101001001111001110110110,0.5370588235294118,0.6026095918872777,0.5189999938011169,17,"[0, 3, 4, 6, 8, 11, 14, 15, 16, 17, 20, 21, 22, 24, 25, 27, 28]",17,"[0, 3, 4, 6, 8, 11, 14, 15, 16, 17, 20, 21, 22, 24, 25, 27, 28]",0,[],0.6026095918872777,0.08692665034397015,0.2948332585445037,11.503951849553433,0.46294117647058824,0.01103252595155709,0.10503583175067968,0.46294117647058824,0.01103252595155709,0.10503583175067968
8,1,4,111000111010001001110010000100,0.5846153846153845,0.5664381384849548,0.4585000276565552,13,"[0, 1, 2, 6, 7, 8, 10, 14, 17, 18, 19, 22, 27]",13,"[0, 1, 2, 6, 7, 8, 10, 14, 17, 18, 19, 22, 27]",0,[],0.5664381384849548,0.09243755176932461,0.3040354449226679,10.818114292938791,0.4153846153846154,0.02131715976331361,0.14600397173814694,0.4153846153846154,0.02131715976331361,0.14600397173814694
8,1,5,100100000001010110101110001010,0.5358333333333334,0.6650026105344296,0.4674999713897705,12,"[0, 3, 11, 13, 15, 16, 18, 20, 21, 22, 26, 28]",12,"[0, 3, 11, 13, 15, 16, 18, 20, 21, 22, 26, 28]",0,[],0.6650026105344296,0.0553176681581394,0.2351970836514335,18.07740697133599,0.46416666666666667,0.01285763888888889,0.11339152917607598,0.46416666666666667,0.01285763888888889,0.11339152917607598
8,1,6,011011011100001100011100011110,0.60125,0.6473222482018173,0.4300000071525574,16,"[1, 2, 4, 5, 7, 8, 9, 14, 15, 19, 20, 21, 25, 26, 27, 28]",16,"[1, 2, 4, 5, 7, 8, 9, 14, 15, 19, 20, 21, 25, 26, 27, 28]",0,[],0.6473222482018173,0.07616949945996493,0.2759882234081102,13.128614564752457,0.39875000000000005,0.021785937499999998,0.1476006012860381,0.39875000000000005,0.021785937499999998,0.1476006012860381
8,1,7,101000010101001011111010110011,0.61,0.5519222435541451,0.49550002813339233,16,"[0, 2, 7, 9, 11, 14, 16, 17, 18, 19, 20, 22, 24, 25, 28, 29]",16,"[0, 2, 7, 9, 11, 14, 16, 17, 18, 19, 20, 22, 24, 25, 28, 29]",0,[],0.5519222435541451,0.09173726514076844,0.30288160251287705,10.900695573009791,0.39,0.018324999999999998,0.1353698637068088,0.39,0.018324999999999998,0.1353698637068088
8,1,8,011011001010110110101100001000,0.5814285714285714,0.729330626981599,0.40299999713897705,14,"[1, 2, 4, 5, 8, 10, 12, 13, 15, 16, 18, 20, 21, 26]",14,"[1, 2, 4, 5, 8, 10, 12, 13, 15, 16, 18, 20, 21, 26]",0,[],0.729330626981599,0.022829180585703168,0.15109328438320205,43.80358709091173,0.4185714285714286,0.01709795918367347,0.1307591648171304,0.4185714285714286,0.01709795918367347,0.1307591648171304
8,1,9,000010111110101101100110010011,0.605,0.5867766332812607,0.4480000138282776,16,"[4, 6, 7, 8, 9, 10, 12, 14, 15, 17, 18, 21, 22, 25, 28, 29]",16,"[4, 6, 7, 8, 9, 10, 12, 14, 15, 17, 18, 21, 22, 25, 28, 29]",0,[],0.5867766332812607,0.07007283844842774,0.2647127470455999,14.270864747914853,0.395,0.01235,0.11113055385446434,0.395,0.01235,0.11113055385446434
8,2,0,001111101111111000110101000110,0.5466666666666667,0.7415871396660805,0.3945000171661377,18,"[2, 3, 4, 5, 6, 8, 9, 10, 11, 12, 13, 14, 18, 19, 21, 23, 27, 28]",18,"[2, 3, 4, 5, 6, 8, 9, 10, 11, 12, 13, 14, 18, 19, 21, 23, 27, 28]",0,[],0.7415871396660805,0.046694146005575005,0.21608828289746532,21.415960790472663,0.45333333333333325,0.015466666666666665,0.1243650540411842,0.45333333333333325,0.015466666666666665,0.1243650540411842
8,2,1,101000100000000010110001111110,0.5800000000000001,0.6030555547525486,0.515500009059906,12,"[0, 2, 6, 16, 18, 19, 23, 24, 25, 26, 27, 28]",12,"[0, 2, 6, 16, 18, 19, 23, 24, 25, 26, 27, 28]",0,[],0.6030555547525486,0.08905325118453322,0.2984179136455002,11.229236290630567,0.42,0.017316666666666664,0.13159280628767922,0.42,0.017316666666666664,0.13159280628767922
8,2,2,111110111111110010100100001101,0.5842105263157895,0.7305850770912672,0.4020000100135803,19,"[0, 1, 2, 3, 4, 6, 7, 8, 9, 10, 11, 12, 13, 16, 18, 21, 26, 27, 29]",19,"[0, 1, 2, 3, 4, 6, 7, 8, 9, 10, 11, 12, 13, 16, 18, 21, 26, 27, 29]",0,[],0.7305850770912672,0.030697211434395563,0.17520619690637532,32.57624889274214,0.4157894736842105,0.024845429362880884,0.15762432985703978,0.4157894736842105,0.024845429362880884,0.15762432985703978
8,2,3,100110101001001111001110110110,0.5370588235294118,0.6026095918872777,0.5189999938011169,17,"[0, 3, 4, 6, 8, 11, 14, 15, 16, 17, 20, 21, 22, 24, 25, 27, 28]",17,"[0, 3, 4, 6, 8, 11, 14, 15, 16, 17, 20, 21, 22, 24, 25, 27, 28]",0,[],0.6026095918872777,0.08692665034397015,0.2948332585445037,11.503951849553433,0.46294117647058824,0.01103252595155709,0.10503583175067968,0.46294117647058824,0.01103252595155709,0.10503583175067968
8,2,4,111000111010001001110010000100,0.5846153846153845,0.5664381384849548,0.4585000276565552,13,"[0, 1, 2, 6, 7, 8, 10, 14, 17, 18, 19, 22, 27]",13,"[0, 1, 2, 6, 7, 8, 10, 14, 17, 18, 19, 22, 27]",0,[],0.5664381384849548,0.09243755176932461,0.3040354449226679,10.818114292938791,0.4153846153846154,0.02131715976331361,0.14600397173814694,0.4153846153846154,0.02131715976331361,0.14600397173814694
8,2,5,100100000001010110101110001010,0.5358333333333334,0.6650026105344296,0.4674999713897705,12,"[0, 3, 11, 13, 15, 16, 18, 20, 21, 22, 26, 28]",12,"[0, 3, 11, 13, 15, 16, 18, 20, 21, 22, 26, 28]",0,[],0.6650026105344296,0.0553176681581394,0.2351970836514335,18.07740697133599,0.46416666666666667,0.01285763888888889,0.11339152917607598,0.46416666666666667,0.01285763888888889,0.11339152917607598
8,2,6,011011011100001100011100011110,0.60125,0.6473222482018173,0.4300000071525574,16,"[1, 2, 4, 5, 7, 8, 9, 14, 15, 19, 20, 21, 25, 26, 27, 28]",16,"[1, 2, 4, 5, 7, 8, 9, 14, 15, 19, 20, 21, 25, 26, 27, 28]",0,[],0.6473222482018173,0.07616949945996493,0.2759882234081102,13.128614564752457,0.39875000000000005,0.021785937499999998,0.1476006012860381,0.39875000000000005,0.021785937499999998,0.1476006012860381
8,2,7,101000010101001011111010110011,0.61,0.5519222435541451,0.49550002813339233,16,"[0, 2, 7, 9, 11, 14, 16, 17, 18, 19, 20, 22, 24, 25, 28, 29]",16,"[0, 2, 7, 9, 11, 14, 16, 17, 18, 19, 20, 22, 24, 25, 28, 29]",0,[],0.5519222435541451,0.09173726514076844,0.30288160251287705,10.900695573009791,0.39,0.018324999999999998,0.1353698637068088,0.39,0.018324999999999998,0.1353698637068088
8,2,8,011011001010110110101100001000,0.5814285714285714,0.729330626981599,0.40299999713897705,14,"[1, 2, 4, 5, 8, 10, 12, 13, 15, 16, 18, 20, 21, 26]",14,"[1, 2, 4, 5, 8, 10, 12, 13, 15, 16, 18, 20, 21, 26]",0,[],0.729330626981599,0.022829180585703168,0.15109328438320205,43.80358709091173,0.4185714285714286,0.01709795918367347,0.1307591648171304,0.4185714285714286,0.01709795918367347,0.1307591648171304
8,2,9,000110110101111011110101111001,0.5957894736842104,0.6108331707747359,0.4455000162124634,19,"[3, 4, 6, 7, 9, 11, 12, 13, 14, 16, 17, 18, 19, 21, 23, 24, 25, 26, 29]",19,"[3, 4, 6, 7, 9, 11, 12, 13, 14, 16, 17, 18, 19, 21, 23, 24, 25, 26, 29]",0,[],0.6108331707747359,0.08021689357465407,0.2832258702425576,12.466202011043313,0.4042105263157895,0.01685595567867036,0.12983048824783167,0.4042105263157895,0.01685595567867036,0.12983048824783167
8,2,10,111000111010001001110010000110,0.5821428571428571,0.5900176806109292,0.4595000147819519,14,"[0, 1, 2, 6, 7, 8, 10, 14, 17, 18, 19, 22, 27, 28]",14,"[0, 1, 2, 6, 7, 8, 10, 14, 17, 18, 19, 22, 27, 28]",0,[],0.5900176806109292,0.09306280198940495,0.3050619641800743,10.745431887101878,0.41785714285714287,0.019873979591836736,0.14097510273745764,0.41785714285714287,0.019873979591836736,0.14097510273745764
8,2,11,100110111110101101100110011010,0.5933333333333333,0.5835301921599441,0.4465000033378601,18,"[0, 3, 4, 6, 7, 8, 9, 10, 12, 14, 15, 17, 18, 21, 22, 25, 26, 28]",18,"[0, 3, 4, 6, 7, 8, 9, 10, 12, 14, 15, 17, 18, 21, 22, 25, 26, 28]",0,[],0.5835301921599441,0.07998134704127391,0.28280973646830815,12.502915204515821,0.4066666666666667,0.01148888888888889,0.10718623460542352,0.4066666666666667,0.01148888888888889,0.10718623460542352
8,2,12,011000111010001001110010011001,0.6307142857142858,0.5244859834866864,0.5040000081062317,14,"[1, 2, 6, 7, 8, 10, 14, 17, 18, 19, 22, 25, 26, 29]",14,"[1, 2, 6, 7, 8, 10, 14, 17, 18, 19, 22, 25, 26, 29]",0,[],0.5244859834866864,0.0846671004141897,0.29097611657005407,11.810963114456746,0.3692857142857143,0.017206632653061226,0.13117405480147828,0.3692857142857143,0.017206632653061226,0.13117405480147828
8,2,13,111111110001111000000111101010,0.6011111111111112,0.7005352088146739,0.41350001096725464,18,"[0, 1, 2, 3, 4, 5, 6, 7, 11, 12, 13, 14, 21, 22, 23, 24, 26, 28]",18,"[0, 1, 2, 3, 4, 5, 6, 7, 11, 12, 13, 14, 21, 22, 23, 24, 26, 28]",0,[],0.7005352088146739,0.04377640335478984,0.2092281132037228,22.843356771350287,0.3988888888888889,0.01902098765432099,0.13791659673266662,0.3988888888888889,0.01902098765432099,0.13791659673266662
8,2,14,100100000001010100101110000010,0.506,0.6822136625647545,0.5029999911785126,10,"[0, 3, 11, 13, 15, 18, 20, 21, 22, 28]",10,"[0, 3, 11, 13, 15, 18, 20, 21, 22, 28]",0,[],0.6822136625647545,0.06114127657631452,0.2472676213666369,16.355562984554847,0.49400000000000005,0.008964000000000001,0.094678403028357,0.49400000000000005,0.008964000000000001,0.094678403028357
8,2,15,100111100001001111001001011110,0.54375,0.5939384116791189,0.5834999978542328,16,"[0, 3, 4, 5, 6, 11, 14, 15, 16, 17, 20, 23, 25, 26, 27, 28]",16,"[0, 3, 4, 5, 6, 11, 14, 15, 16, 17, 20, 23, 25, 26, 27, 28]",0,[],0.5939384116791189,0.09003802565815362,0.30006336940412043,11.106418568046893,0.45625,0.012035937499999996,0.1097084203696325,0.45625,0.012035937499999996,0.1097084203696325
8,2,16,011111110001101110101100001000,0.605,0.6916389036923647,0.4125000238418579,16,"[1, 2, 3, 4, 5, 6, 7, 11, 12, 14, 15, 16, 18, 20, 21, 26]",16,"[1, 2, 3, 4, 5, 6, 7, 11, 12, 14, 15, 16, 18, 20, 21, 26]",0,[],0.6916389036923647,0.030605165981131048,0.17494332219645037,32.674222404692344,0.395,0.017775,0.13332291625973383,0.395,0.017775,0.13332291625973383
8,2,17,100110100101110011000111110100,0.54125,0.6436251658014953,0.5099999904632568,16,"[0, 3, 4, 6, 9, 11, 12, 13, 16, 17, 21, 22, 23, 24, 25, 27]",16,"[0, 3, 4, 6, 9, 11, 12, 13, 16, 17, 21, 22, 23, 24, 25, 27]",0,[],0.6436251658014953,0.08540954994049119,0.2922491230790799,11.708292581997524,0.45875,0.013448437499999997,0.11596739843593973,0.45875,0.013448437499999997,0.11596739843593973
8,2,18,100110101001001111001110110111,0.5505555555555556,0.6002159379422665,0.5160000026226044,18,"[0, 3, 4, 6, 8, 11, 14, 15, 16, 17, 20, 21, 22, 24, 25, 27, 28, 29]",18,"[0, 3, 4, 6, 8, 11, 14, 15, 16, 17, 20, 21, 22, 24, 25, 27, 28, 29]",0,[],0.6002159379422665,0.08219479483807131,0.28669634604938954,12.166220524913532,0.4494444444444444,0.013516358024691357,0.11625987280524333,0.4494444444444444,0.013516358024691357,0.11625987280524333
8,3,0,001111101111111000110101000110,0.5466666666666667,0.7415871396660805,0.3945000171661377,18,"[2, 3, 4, 5, 6, 8, 9, 10, 11, 12, 13, 14, 18, 19, 21, 23, 27, 28]",18,"[2, 3, 4, 5, 6, 8, 9, 10, 11, 12, 13, 14, 18, 19, 21, 23, 27, 28]",0,[],0.7415871396660805,0.046694146005575005,0.21608828289746532,21.415960790472663,0.45333333333333325,0.015466666666666665,0.1243650540411842,0.45333333333333325,0.015466666666666665,0.1243650540411842
8,3,1,111000111010001001110010000100,0.5846153846153845,0.5664381384849548,0.4585000276565552,13,"[0, 1, 2, 6, 7, 8, 10, 14, 17, 18, 19, 22, 27]",13,"[0, 1, 2, 6, 7, 8, 10, 14, 17, 18, 19, 22, 27]",0,[],0.5664381384849548,0.09243755176932461,0.3040354449226679,10.818114292938791,0.4153846153846154,0.02131715976331361,0.14600397173814694,0.4153846153846154,0.02131715976331361,0.14600397173814694
8,3,2,100100000001010110101110001010,0.5358333333333334,0.6650026105344296,0.4674999713897705,12,"[0, 3, 11, 13, 15, 16, 18, 20, 21, 22, 26, 28]",12,"[0, 3, 11, 13, 15, 16, 18, 20, 21, 22, 26, 28]",0,[],0.6650026105344296,0.0553176681581394,0.2351970836514335,18.07740697133599,0.46416666666666667,0.01285763888888889,0.11339152917607598,0.46416666666666667,0.01285763888888889,0.11339152917607598
8,3,3,000110110101111011110101111001,0.5957894736842104,0.6108331707747359,0.4455000162124634,19,"[3, 4, 6, 7, 9, 11, 12, 13, 14, 16, 17, 18, 19, 21, 23, 24, 25, 26, 29]",19,"[3, 4, 6, 7, 9, 11, 12, 13, 14, 16, 17, 18, 19, 21, 23, 24, 25, 26, 29]",0,[],0.6108331707747359,0.08021689357465407,0.2832258702425576,12.466202011043313,0.4042105263157895,0.01685595567867036,0.12983048824783167,0.4042105263157895,0.01685595567867036,0.12983048824783167
8,3,4,100110111110101101100110011010,0.5933333333333333,0.5835301921599441,0.4465000033378601,18,"[0, 3, 4, 6, 7, 8, 9, 10, 12, 14, 15, 17, 18, 21, 22, 25, 26, 28]",18,"[0, 3, 4, 6, 7, 8, 9, 10, 12, 14, 15, 17, 18, 21, 22, 25, 26, 28]",0,[],0.5835301921599441,0.07998134704127391,0.28280973646830815,12.502915204515821,0.4066666666666667,0.01148888888888889,0.10718623460542352,0.4066666666666667,0.01148888888888889,0.10718623460542352
8,3,5,011000111010001001110010011001,0.6307142857142858,0.5244859834866864,0.5040000081062317,14,"[1, 2, 6, 7, 8, 10, 14, 17, 18, 19, 22, 25, 26, 29]",14,"[1, 2, 6, 7, 8, 10, 14, 17, 18, 19, 22, 25, 26, 29]",0,[],0.5244859834866864,0.0846671004141897,0.29097611657005407,11.810963114456746,0.3692857142857143,0.017206632653061226,0.13117405480147828,0.3692857142857143,0.017206632653061226,0.13117405480147828
8,3,6,100100000001010100101110000010,0.506,0.6822136625647545,0.5029999911785126,10,"[0, 3, 11, 13, 15, 18, 20, 21, 22, 28]",10,"[0, 3, 11, 13, 15, 18, 20, 21, 22, 28]",0,[],0.6822136625647545,0.06114127657631452,0.2472676213666369,16.355562984554847,0.49400000000000005,0.008964000000000001,0.094678403028357,0.49400000000000005,0.008964000000000001,0.094678403028357
8,3,7,000100100001101011110101111001,0.5806666666666667,0.5598452443877856,0.5069999992847443,15,"[3, 6, 11, 12, 14, 16, 17, 18, 19, 21, 23, 24, 25, 26, 29]",15,"[3, 6, 11, 12, 14, 16, 17, 18, 19, 21, 23, 24, 25, 26, 29]",0,[],0.5598452443877856,0.08719840807279347,0.29529376571948396,11.46809927040408,0.4193333333333334,0.00916622222222222,0.09574038971208661,0.4193333333333334,0.00916622222222222,0.09574038971208661
8,3,8,000010101111111000110110010011,0.559375,0.6244601248763502,0.45649999380111694,16,"[4, 6, 8, 9, 10, 11, 12, 13, 14, 18, 19, 21, 22, 25, 28, 29]",16,"[4, 6, 8, 9, 10, 11, 12, 13, 14, 18, 19, 21, 22, 25, 28, 29]",0,[],0.6244601248763502,0.06554380715533853,0.25601524789617225,15.256971534015479,0.44062500000000004,0.012468359375,0.11166180804106657,0.44062500000000004,0.012468359375,0.11166180804106657
8,3,9,100110101001001101100110010110,0.53,0.5726959144075712,0.4829999804496765,15,"[0, 3, 4, 6, 8, 11, 14, 15, 17, 18, 21, 22, 25, 27, 28]",15,"[0, 3, 4, 6, 8, 11, 14, 15, 17, 18, 21, 22, 25, 27, 28]",0,[],0.5726959144075712,0.0912297109200722,0.3020425647488648,10.961341320878631,0.47,0.009466666666666667,0.0972967967955095,0.47,0.009466666666666667,0.0972967967955095
8,3,10,100110101001000111011111011010,0.5576470588235294,0.5655796374468243,0.5730000138282776,17,"[0, 3, 4, 6, 8, 11, 15, 16, 17, 19, 20, 21, 22, 23, 25, 26, 28]",17,"[0, 3, 4, 6, 8, 11, 15, 16, 17, 19, 20, 21, 22, 23, 25, 26, 28]",0,[],0.5655796374468243,0.09513389027666876,0.3084378223834891,10.511501181038598,0.4423529411764706,0.009323875432525951,0.09656021661391379,0.4423529411764706,0.009323875432525951,0.09656021661391379
8,3,11,100111110001111100000101011110,0.5552941176470587,0.6500895141678698,0.4465000033378601,17,"[0, 3, 4, 5, 6, 7, 11, 12, 13, 14, 15, 21, 23, 25, 26, 27, 28]",17,"[0, 3, 4, 5, 6, 7, 11, 12, 13, 14, 15, 21, 23, 25, 26, 27, 28]",0,[],0.6500895141678698,0.06626887963279582,0.25742742595301654,15.090039329789873,0.44470588235294123,0.019601384083044984,0.14000494306646813,0.44470588235294123,0.019601384083044984,0.14000494306646813
8,3,12,101000010101001011110010010111,0.5980000000000001,0.539695493876934,0.4674999713897705,15,"[0, 2, 7, 9, 11, 14, 16, 17, 18, 19, 22, 25, 27, 28, 29]",15,"[0, 2, 7, 9, 11, 14, 16, 17, 18, 19, 22, 25, 27, 28, 29]",0,[],0.539695493876934,0.09634349844682648,0.31039249096398336,10.379527587447077,0.40199999999999997,0.02230933333333333,0.14936309227293512,0.40199999999999997,0.02230933333333333,0.14936309227293512
8,3,13,101010111011100101101100111110,0.5747368421052632,0.6313287627540136,0.40799999237060547,19,"[0, 2, 4, 6, 7, 8, 10, 11, 12, 15, 17, 18, 20, 21, 24, 25, 26, 27, 28]",19,"[0, 2, 4, 6, 7, 8, 10, 11, 12, 15, 17, 18, 20, 21, 24, 25, 26, 27, 28]",0,[],0.6313287627540136,0.07094945980117846,0.2663633980132752,14.094540012035301,0.42526315789473684,0.021414404432132966,0.1463366134367369,0.42526315789473684,0.021414404432132966,0.1463366134367369
8,3,14,110111110101111011111111011010,0.5726086956521739,0.6181543796606686,0.47049999237060547,23,"[0, 1, 3, 4, 5, 6, 7, 9, 11, 12, 13, 14, 16, 17, 18, 19, 20, 21, 22, 23, 25, 26, 28]",23,"[0, 1, 3, 4, 5, 6, 7, 9, 11, 12, 13, 14, 16, 17, 18, 19, 20, 21, 22, 23, 25, 26, 28]",0,[],0.6181543796606686,0.08143739325149645,0.2853723764688805,12.279371429679506,0.4273913043478261,0.013697542533081282,0.11703650085798568,0.4273913043478261,0.013697542533081282,0.11703650085798568
8,3,15,001111001110101101100101000110,0.573125,0.7108215689659119,0.39149999618530273,16,"[2, 3, 4, 5, 8, 9, 10, 12, 14, 15, 17, 18, 21, 23, 27, 28]",16,"[2, 3, 4, 5, 8, 9, 10, 12, 14, 15, 17, 18, 21, 23, 27, 28]",0,[],0.7108215689659119,0.06564708809043562,0.2562168770601102,15.232968119201221,0.426875,0.012371484374999998,0.11122717462472918,0.426875,0.012371484374999998,0.11122717462472918
8,3,16,111011001010011110101101011010,0.5705555555555556,0.666075899783108,0.4259999990463257,18,"[0, 1, 2, 4, 5, 8, 10, 13, 14, 15, 16, 18, 20, 21, 23, 25, 26, 28]",18,"[0, 1, 2, 4, 5, 8, 10, 13, 14, 15, 16, 18, 20, 21, 23, 25, 26, 28]",0,[],0.666075899783108,0.061213097377344566,0.2474128076259282,16.33637314308012,0.4294444444444444,0.013949691358024688,0.11810881151728134,0.4294444444444444,0.013949691358024688,0.11810881151728134
8,3,17,011000111010001001110010010110,0.5821428571428571,0.580786715128592,0.4480000138282776,14,"[1, 2, 6, 7, 8, 10, 14, 17, 18, 19, 22, 25, 27, 28]",14,"[1, 2, 6, 7, 8, 10, 14, 17, 18, 19, 22, 25, 27, 28]",0,[],0.580786715128592,0.10086751355924073,0.3175964633922121,9.913994751270316,0.41785714285714287,0.019873979591836736,0.14097510273745764,0.41785714285714287,0.019873979591836736,0.14097510273745764
8,3,18,100100000001010100001110000010,0.5033333333333334,0.6812956051694022,0.5424999892711639,9,"[0, 3, 11, 13, 15, 20, 21, 22, 28]",9,"[0, 3, 11, 13, 15, 20, 21, 22, 28]",0,[],0.6812956051694022,0.06792632345764897,0.2606267896008562,14.721833143574814,0.49666666666666665,0.009888888888888888,0.09944289260117531,0.49666666666666665,0.009888888888888888,0.09944289260117531
8,3,19,101000000101001011111010110011,0.5913333333333333,0.5395367309451103,0.5035000145435333,15,"[0, 2, 9, 11, 14, 16, 17, 18, 19, 20, 22, 24, 25, 28, 29]",15,"[0, 2, 9, 11, 14, 16, 17, 18, 19, 20, 22, 24, 25, 28, 29]",0,[],0.5395367309451103,0.09539866805540273,0.3088667480571561,10.482326644427053,0.4086666666666667,0.013971555555555553,0.11820133482983833,0.4086666666666667,0.013971555555555553,0.11820133482983833
8,4,0,001111101111111000110101000110,0.5466666666666667,0.7415871396660805,0.3945000171661377,18,"[2, 3, 4, 5, 6, 8, 9, 10, 11, 12, 13, 14, 18, 19, 21, 23, 27, 28]",18,"[2, 3, 4, 5, 6, 8, 9, 10, 11, 12, 13, 14, 18, 19, 21, 23, 27, 28]",0,[],0.7415871396660805,0.046694146005575005,0.21608828289746532,21.415960790472663,0.45333333333333325,0.015466666666666665,0.1243650540411842,0.45333333333333325,0.015466666666666665,0.1243650540411842
8,4,1,111000111010001001110010000100,0.5846153846153845,0.5664381384849548,0.4585000276565552,13,"[0, 1, 2, 6, 7, 8, 10, 14, 17, 18, 19, 22, 27]",13,"[0, 1, 2, 6, 7, 8, 10, 14, 17, 18, 19, 22, 27]",0,[],0.5664381384849548,0.09243755176932461,0.3040354449226679,10.818114292938791,0.4153846153846154,0.02131715976331361,0.14600397173814694,0.4153846153846154,0.02131715976331361,0.14600397173814694
8,4,2,100100000001010110101110001010,0.5358333333333334,0.6650026105344296,0.4674999713897705,12,"[0, 3, 11, 13, 15, 16, 18, 20, 21, 22, 26, 28]",12,"[0, 3, 11, 13, 15, 16, 18, 20, 21, 22, 26, 28]",0,[],0.6650026105344296,0.0553176681581394,0.2351970836514335,18.07740697133599,0.46416666666666667,0.01285763888888889,0.11339152917607598,0.46416666666666667,0.01285763888888889,0.11339152917607598
8,4,3,100110111110101101100110011010,0.5933333333333333,0.5835301921599441,0.4465000033378601,18,"[0, 3, 4, 6, 7, 8, 9, 10, 12, 14, 15, 17, 18, 21, 22, 25, 26, 28]",18,"[0, 3, 4, 6, 7, 8, 9, 10, 12, 14, 15, 17, 18, 21, 22, 25, 26, 28]",0,[],0.5835301921599441,0.07998134704127391,0.28280973646830815,12.502915204515821,0.4066666666666667,0.01148888888888889,0.10718623460542352,0.4066666666666667,0.01148888888888889,0.10718623460542352
8,4,4,100100000001010100101110000010,0.506,0.6822136625647545,0.5029999911785126,10,"[0, 3, 11, 13, 15, 18, 20, 21, 22, 28]",10,"[0, 3, 11, 13, 15, 18, 20, 21, 22, 28]",0,[],0.6822136625647545,0.06114127657631452,0.2472676213666369,16.355562984554847,0.49400000000000005,0.008964000000000001,0.094678403028357,0.49400000000000005,0.008964000000000001,0.094678403028357
8,4,5,000010101111111000110110010011,0.559375,0.6244601248763502,0.45649999380111694,16,"[4, 6, 8, 9, 10, 11, 12, 13, 14, 18, 19, 21, 22, 25, 28, 29]",16,"[4, 6, 8, 9, 10, 11, 12, 13, 14, 18, 19, 21, 22, 25, 28, 29]",0,[],0.6244601248763502,0.06554380715533853,0.25601524789617225,15.256971534015479,0.44062500000000004,0.012468359375,0.11166180804106657,0.44062500000000004,0.012468359375,0.11166180804106657
8,4,6,100110101001001101100110010110,0.53,0.5726959144075712,0.4829999804496765,15,"[0, 3, 4, 6, 8, 11, 14, 15, 17, 18, 21, 22, 25, 27, 28]",15,"[0, 3, 4, 6, 8, 11, 14, 15, 17, 18, 21, 22, 25, 27, 28]",0,[],0.5726959144075712,0.0912297109200722,0.3020425647488648,10.961341320878631,0.47,0.009466666666666667,0.0972967967955095,0.47,0.009466666666666667,0.0972967967955095
8,4,7,100111110001111100000101011110,0.5552941176470587,0.6500895141678698,0.4465000033378601,17,"[0, 3, 4, 5, 6, 7, 11, 12, 13, 14, 15, 21, 23, 25, 26, 27, 28]",17,"[0, 3, 4, 5, 6, 7, 11, 12, 13, 14, 15, 21, 23, 25, 26, 27, 28]",0,[],0.6500895141678698,0.06626887963279582,0.25742742595301654,15.090039329789873,0.44470588235294123,0.019601384083044984,0.14000494306646813,0.44470588235294123,0.019601384083044984,0.14000494306646813
8,4,8,101000010101001011110010010111,0.5980000000000001,0.539695493876934,0.4674999713897705,15,"[0, 2, 7, 9, 11, 14, 16, 17, 18, 19, 22, 25, 27, 28, 29]",15,"[0, 2, 7, 9, 11, 14, 16, 17, 18, 19, 22, 25, 27, 28, 29]",0,[],0.539695493876934,0.09634349844682648,0.31039249096398336,10.379527587447077,0.40199999999999997,0.02230933333333333,0.14936309227293512,0.40199999999999997,0.02230933333333333,0.14936309227293512
8,4,9,101010111011100101101100111110,0.5747368421052632,0.6313287627540136,0.40799999237060547,19,"[0, 2, 4, 6, 7, 8, 10, 11, 12, 15, 17, 18, 20, 21, 24, 25, 26, 27, 28]",19,"[0, 2, 4, 6, 7, 8, 10, 11, 12, 15, 17, 18, 20, 21, 24, 25, 26, 27, 28]",0,[],0.6313287627540136,0.07094945980117846,0.2663633980132752,14.094540012035301,0.42526315789473684,0.021414404432132966,0.1463366134367369,0.42526315789473684,0.021414404432132966,0.1463366134367369
8,4,10,111011001010011110101101011010,0.5705555555555556,0.666075899783108,0.4259999990463257,18,"[0, 1, 2, 4, 5, 8, 10, 13, 14, 15, 16, 18, 20, 21, 23, 25, 26, 28]",18,"[0, 1, 2, 4, 5, 8, 10, 13, 14, 15, 16, 18, 20, 21, 23, 25, 26, 28]",0,[],0.666075899783108,0.061213097377344566,0.2474128076259282,16.33637314308012,0.4294444444444444,0.013949691358024688,0.11810881151728134,0.4294444444444444,0.013949691358024688,0.11810881151728134
8,4,11,011000111010001001110010010110,0.5821428571428571,0.580786715128592,0.4480000138282776,14,"[1, 2, 6, 7, 8, 10, 14, 17, 18, 19, 22, 25, 27, 28]",14,"[1, 2, 6, 7, 8, 10, 14, 17, 18, 19, 22, 25, 27, 28]",0,[],0.580786715128592,0.10086751355924073,0.3175964633922121,9.913994751270316,0.41785714285714287,0.019873979591836736,0.14097510273745764,0.41785714285714287,0.019873979591836736,0.14097510273745764
8,4,12,100100000001010100001110000010,0.5033333333333334,0.6812956051694022,0.5424999892711639,9,"[0, 3, 11, 13, 15, 20, 21, 22, 28]",9,"[0, 3, 11, 13, 15, 20, 21, 22, 28]",0,[],0.6812956051694022,0.06792632345764897,0.2606267896008562,14.721833143574814,0.49666666666666665,0.009888888888888888,0.09944289260117531,0.49666666666666665,0.009888888888888888,0.09944289260117531
8,4,13,011010010101001011111010110001,0.6275,0.5768536678515375,0.4440000057220459,16,"[1, 2, 4, 7, 9, 11, 14, 16, 17, 18, 19, 20, 22, 24, 25, 29]",16,"[1, 2, 4, 7, 9, 11, 14, 16, 17, 18, 19, 20, 22, 24, 25, 29]",0,[],0.5768536678515375,0.0831482492173122,0.2883543813041727,12.026711439064085,0.3725,0.01794375,0.13395428324618813,0.3725,0.01794375,0.13395428324618813
8,4,14,010111111110111000110101000110,0.5605555555555556,0.741026773220963,0.4169999957084656,18,"[1, 3, 4, 5, 6, 7, 8, 9, 10, 12, 13, 14, 18, 19, 21, 23, 27, 28]",18,"[1, 3, 4, 5, 6, 7, 8, 9, 10, 12, 13, 14, 18, 19, 21, 23, 27, 28]",0,[],0.741026773220963,0.046268134744897056,0.21510028996934674,21.61314705063382,0.4394444444444444,0.01600524691358025,0.1265118449536653,0.4394444444444444,0.01600524691358025,0.1265118449536653
8,4,15,101111001111100101101100110110,0.5547368421052632,0.6758221289829204,0.43550002574920654,19,"[0, 2, 3, 4, 5, 8, 9, 10, 11, 12, 15, 17, 18, 20, 21, 24, 25, 27, 28]",19,"[0, 2, 3, 4, 5, 8, 9, 10, 11, 12, 15, 17, 18, 20, 21, 24, 25, 27, 28]",0,[],0.6758221289829204,0.07818743381035861,0.2796201598782867,12.789779012641231,0.4452631578947368,0.01433019390581717,0.11970878792226229,0.4452631578947368,0.01433019390581717,0.11970878792226229
8,4,16,001111101010111110101101010111,0.554,0.7114211115986109,0.4520000219345093,20,"[2, 3, 4, 5, 6, 8, 10, 12, 13, 14, 15, 16, 18, 20, 21, 23, 25, 27, 28, 29]",20,"[2, 3, 4, 5, 6, 8, 10, 12, 13, 14, 15, 16, 18, 20, 21, 23, 25, 27, 28, 29]",0,[],0.7114211115986109,0.04860947989374125,0.22047557663773384,20.57211889915234,0.446,0.016114,0.126940931145159,0.446,0.016114,0.126940931145159
8,4,17,100010101001000111001111010110,0.5273333333333332,0.5988080059488614,0.5334999859333038,15,"[0, 4, 6, 8, 11, 15, 16, 17, 20, 21, 22, 23, 25, 27, 28]",15,"[0, 4, 6, 8, 11, 15, 16, 17, 20, 21, 22, 23, 25, 27, 28]",0,[],0.5988080059488614,0.08512595359843357,0.2917635234199669,11.747298652504039,0.47266666666666673,0.010792888888888885,0.1038888294711654,0.47266666666666673,0.010792888888888885,0.1038888294711654
8,4,18,000000011010001001110010011001,0.6254545454545455,0.45617724480954086,0.4580000042915344,11,"[7, 8, 10, 14, 17, 18, 19, 22, 25, 26, 29]",11,"[7, 8, 10, 14, 17, 18, 19, 22, 25, 26, 29]",0,[],0.45617724480954086,0.08325286694386598,0.2885357290594459,12.011598359420574,0.37454545454545457,0.01647933884297521,0.12837187714984621,0.37454545454545457,0.01647933884297521,0.12837187714984621
8,4,19,110000000001101101100110010110,0.5307692307692307,0.5307008618345628,0.46799999475479126,13,"[0, 1, 11, 12, 14, 15, 17, 18, 21, 22, 25, 27, 28]",13,"[0, 1, 11, 12, 14, 15, 17, 18, 21, 22, 25, 27, 28]",0,[],0.5307008618345628,0.08801775953634398,0.2966778716661288,11.361343497809479,0.4692307692307693,0.0075917159763313575,0.08713045378242533,0.4692307692307693,0.0075917159763313575,0.08713045378242533
8,4,20,100100000001010100001110011010,0.5263636363636364,0.6070061888207089,0.4934999942779541,11,"[0, 3, 11, 13, 15, 20, 21, 22, 25, 26, 28]",11,"[0, 3, 11, 13, 15, 20, 21, 22, 25, 26, 28]",0,[],0.6070061888207089,0.08595806955086262,0.2931860664336943,11.633579083675043,0.47363636363636363,0.013550413223140495,0.11640624220006629,0.47363636363636363,0.013550413223140495,0.11640624220006629
8,4,21,001000000100001011110010010111,0.5983333333333334,0.5346807508418957,0.4505000114440918,12,"[2, 9, 14, 16, 17, 18, 19, 22, 25, 27, 28, 29]",12,"[2, 9, 14, 16, 17, 18, 19, 22, 25, 27, 28, 29]",0,[],0.5346807508418957,0.10646276960014099,0.32628633069765733,9.39295496215116,0.40166666666666667,0.016713888888888886,0.12928220638931284,0.40166666666666667,0.016713888888888886,0.12928220638931284
8,4,22,100100000001001011111010010010,0.5349999999999999,0.49898587229351204,0.6159999966621399,12,"[0, 3, 11, 14, 16, 17, 18, 19, 20, 22, 25, 28]",12,"[0, 3, 11, 14, 16, 17, 18, 19, 20, 22, 25, 28]",0,[],0.49898587229351204,0.11117645718221698,0.33343133803261055,8.994710079320221,0.465,0.005391666666666665,0.07342796923970228,0.465,0.005391666666666665,0.07342796923970228
8,4,23,111011001001101011110101111010,0.5873684210526315,0.5969939690671469,0.41750001907348633,19,"[0, 1, 2, 4, 5, 8, 11, 12, 14, 16, 17, 18, 19, 21, 23, 24, 25, 26, 28]",19,"[0, 1, 2, 4, 5, 8, 11, 12, 14, 16, 17, 18, 19, 21, 23, 24, 25, 26, 28]",0,[],0.5969939690671469,0.08524612059278121,0.291969382971539,11.73073910045687,0.41263157894736846,0.010829916897506925,0.10406688665232051,0.41263157894736846,0.010829916897506925,0.10406688665232051
8,4,24,001010111010101101100101010110,0.580625,0.6361526218242943,0.36549997329711914,16,"[2, 4, 6, 7, 8, 10, 12, 14, 15, 17, 18, 21, 23, 25, 27, 28]",16,"[2, 4, 6, 7, 8, 10, 12, 14, 15, 17, 18, 21, 23, 25, 27, 28]",0,[],0.6361526218242943,0.0766567553254051,0.2768695637396879,13.045164718426143,0.419375,0.018480859375,0.13594432454133568,0.419375,0.018480859375,0.13594432454133568
8,4,25,111011001011111000110101001010,0.5705882352941176,0.6732115237151876,0.38499999046325684,17,"[0, 1, 2, 4, 5, 8, 10, 11, 12, 13, 14, 18, 19, 21, 23, 26, 28]",17,"[0, 1, 2, 4, 5, 8, 10, 11, 12, 13, 14, 18, 19, 21, 23, 26, 28]",0,[],0.6732115237151876,0.05878683759682451,0.24245997112270823,17.010610552965296,0.4294117647058823,0.014605536332179933,0.12085336707009836,0.4294117647058823,0.014605536332179933,0.12085336707009836
8,4,26,100110100001001101100110011011,0.5826666666666667,0.5239516034722328,0.5360000133514404,15,"[0, 3, 4, 6, 11, 14, 15, 17, 18, 21, 22, 25, 26, 28, 29]",15,"[0, 3, 4, 6, 11, 14, 15, 17, 18, 21, 22, 25, 26, 28, 29]",0,[],0.5239516034722328,0.07808779720831706,0.27944193888591073,12.806098209330598,0.4173333333333334,0.010619555555555554,0.10305122782167883,0.4173333333333334,0.010619555555555554,0.10305122782167883
8,4,27,100100111111110010101110000010,0.54375,0.7328452793881297,0.43800002336502075,16,"[0, 3, 6, 7, 8, 9, 10, 11, 12, 13, 16, 18, 20, 21, 22, 28]",16,"[0, 3, 6, 7, 8, 9, 10, 11, 12, 13, 16, 18, 20, 21, 22, 28]",0,[],0.7328452793881297,0.034602667196730726,0.18601792170844916,28.89950633905124,0.45625,0.0157359375,0.125442965127583,0.45625,0.0157359375,0.125442965127583
8,5,0,000000011010001001110010001001,0.6379999999999999,0.4919910475611687,0.43849998712539673,10,"[7, 8, 10, 14, 17, 18, 19, 22, 26, 29]",10,"[7, 8, 10, 14, 17, 18, 19, 22, 26, 29]",0,[],0.4919910475611687,0.07746924049539504,0.27833296695755433,12.908349089332333,0.36200000000000004,0.016396,0.12804686642007293,0.36200000000000004,0.016396,0.12804686642007293
8,5,1,100100001001010100001110000010,0.497,0.6971166595816612,0.590499997138977,10,"[0, 3, 8, 11, 13, 15, 20, 21, 22, 28]",10,"[0, 3, 8, 11, 13, 15, 20, 21, 22, 28]",0,[],0.6971166595816612,0.06338644297632501,0.25176664389137215,15.776244146930637,0.503,0.009261,0.09623408959407265,0.503,0.009261,0.09623408959407265
8,5,2,001111101111111000110101000110,0.5466666666666667,0.7415871396660805,0.3945000171661377,18,"[2, 3, 4, 5, 6, 8, 9, 10, 11, 12, 13, 14, 18, 19, 21, 23, 27, 28]",18,"[2, 3, 4, 5, 6, 8, 9, 10, 11, 12, 13, 14, 18, 19, 21, 23, 27, 28]",0,[],0.7415871396660805,0.046694146005575005,0.21608828289746532,21.415960790472663,0.45333333333333325,0.015466666666666665,0.1243650540411842,0.45333333333333325,0.015466666666666665,0.1243650540411842
8,5,3,001010111010101101100101010110,0.580625,0.6361526218242943,0.36549997329711914,16,"[2, 4, 6, 7, 8, 10, 12, 14, 15, 17, 18, 21, 23, 25, 27, 28]",16,"[2, 4, 6, 7, 8, 10, 12, 14, 15, 17, 18, 21, 23, 25, 27, 28]",0,[],0.6361526218242943,0.0766567553254051,0.2768695637396879,13.045164718426143,0.419375,0.018480859375,0.13594432454133568,0.419375,0.018480859375,0.13594432454133568
8,5,4,100100000001001011001010010010,0.529,0.521343820542097,0.6470000147819519,10,"[0, 3, 11, 14, 16, 17, 20, 22, 25, 28]",10,"[0, 3, 11, 14, 16, 17, 20, 22, 25, 28]",0,[],0.521343820542097,0.11201672400758997,0.334688995946371,8.92723839997537,0.471,0.006008999999999997,0.07751773990513396,0.471,0.006008999999999997,0.07751773990513396
8,5,5,000000011010001001110010011001,0.6254545454545455,0.45617724480954086,0.4580000042915344,11,"[7, 8, 10, 14, 17, 18, 19, 22, 25, 26, 29]",11,"[7, 8, 10, 14, 17, 18, 19, 22, 25, 26, 29]",0,[],0.45617724480954086,0.08325286694386598,0.2885357290594459,12.011598359420574,0.37454545454545457,0.01647933884297521,0.12837187714984621,0.37454545454545457,0.01647933884297521,0.12837187714984621
8,5,6,100100000001001011111010010010,0.5349999999999999,0.49898587229351204,0.6159999966621399,12,"[0, 3, 11, 14, 16, 17, 18, 19, 20, 22, 25, 28]",12,"[0, 3, 11, 14, 16, 17, 18, 19, 20, 22, 25, 28]",0,[],0.49898587229351204,0.11117645718221698,0.33343133803261055,8.994710079320221,0.465,0.005391666666666665,0.07342796923970228,0.465,0.005391666666666665,0.07342796923970228
8,5,7,100100000001010100001110000010,0.5033333333333334,0.6812956051694022,0.5424999892711639,9,"[0, 3, 11, 13, 15, 20, 21, 22, 28]",9,"[0, 3, 11, 13, 15, 20, 21, 22, 28]",0,[],0.6812956051694022,0.06792632345764897,0.2606267896008562,14.721833143574814,0.49666666666666665,0.009888888888888888,0.09944289260117531,0.49666666666666665,0.009888888888888888,0.09944289260117531
8,5,8,100100011000001001100011011001,0.6066666666666667,0.5183478115747372,0.44050002098083496,12,"[0, 3, 7, 8, 14, 17, 18, 22, 23, 25, 26, 29]",12,"[0, 3, 7, 8, 14, 17, 18, 22, 23, 25, 26, 29]",0,[],0.5183478115747372,0.09375394811165312,0.30619266501935205,10.666217478213115,0.3933333333333333,0.017122222222222223,0.13085190950927014,0.3933333333333333,0.017122222222222223,0.13085190950927014
8,5,9,100100111111110010101110000010,0.54375,0.7328452793881297,0.43800002336502075,16,"[0, 3, 6, 7, 8, 9, 10, 11, 12, 13, 16, 18, 20, 21, 22, 28]",16,"[0, 3, 6, 7, 8, 9, 10, 11, 12, 13, 16, 18, 20, 21, 22, 28]",0,[],0.7328452793881297,0.034602667196730726,0.18601792170844916,28.89950633905124,0.45625,0.0157359375,0.125442965127583,0.45625,0.0157359375,0.125442965127583
8,5,10,100100000001010100101110000010,0.506,0.6822136625647545,0.5029999911785126,10,"[0, 3, 11, 13, 15, 18, 20, 21, 22, 28]",10,"[0, 3, 11, 13, 15, 18, 20, 21, 22, 28]",0,[],0.6822136625647545,0.06114127657631452,0.2472676213666369,16.355562984554847,0.49400000000000005,0.008964000000000001,0.094678403028357,0.49400000000000005,0.008964000000000001,0.094678403028357
8,5,11,100100000001011100101110000010,0.5118181818181817,0.6500985446301374,0.5320000052452087,11,"[0, 3, 11, 13, 14, 15, 18, 20, 21, 22, 28]",11,"[0, 3, 11, 13, 14, 15, 18, 20, 21, 22, 28]",0,[],0.6500985446301374,0.06589678670528415,0.25670369437404705,15.175246776028485,0.4881818181818183,0.008487603305785123,0.09212818952842351,0.4881818181818183,0.008487603305785123,0.09212818952842351
8,5,12,001111101010111100101100010111,0.5505555555555556,0.7022692631516192,0.4440000057220459,18,"[2, 3, 4, 5, 6, 8, 10, 12, 13, 14, 15, 18, 20, 21, 25, 27, 28, 29]",18,"[2, 3, 4, 5, 6, 8, 10, 12, 13, 14, 15, 18, 20, 21, 25, 27, 28, 29]",0,[],0.7022692631516192,0.05240269538949038,0.22891635020131343,19.082987860974704,0.4494444444444444,0.017716358024691358,0.1331028099804484,0.4494444444444444,0.017716358024691358,0.1331028099804484
8,5,13,111011001010011110101101011010,0.5705555555555556,0.666075899783108,0.4259999990463257,18,"[0, 1, 2, 4, 5, 8, 10, 13, 14, 15, 16, 18, 20, 21, 23, 25, 26, 28]",18,"[0, 1, 2, 4, 5, 8, 10, 13, 14, 15, 16, 18, 20, 21, 23, 25, 26, 28]",0,[],0.666075899783108,0.061213097377344566,0.2474128076259282,16.33637314308012,0.4294444444444444,0.013949691358024688,0.11810881151728134,0.4294444444444444,0.013949691358024688,0.11810881151728134
8,5,14,111000111010001001110010000100,0.5846153846153845,0.5664381384849548,0.4585000276565552,13,"[0, 1, 2, 6, 7, 8, 10, 14, 17, 18, 19, 22, 27]",13,"[0, 1, 2, 6, 7, 8, 10, 14, 17, 18, 19, 22, 27]",0,[],0.5664381384849548,0.09243755176932461,0.3040354449226679,10.818114292938791,0.4153846153846154,0.02131715976331361,0.14600397173814694,0.4153846153846154,0.02131715976331361,0.14600397173814694
8,5,15,100100001001011100101110110010,0.5185714285714286,0.6356410123407841,0.47200000286102295,14,"[0, 3, 8, 11, 13, 14, 15, 18, 20, 21, 22, 24, 25, 28]",14,"[0, 3, 8, 11, 13, 14, 15, 18, 20, 21, 22, 24, 25, 28]",0,[],0.6356410123407841,0.07773299851799043,0.27880638177414524,12.86454940714221,0.48142857142857143,0.00926938775510204,0.09627765968853855,0.48142857142857143,0.00926938775510204,0.09627765968853855
8,5,16,101000010101001011110010010111,0.5980000000000001,0.539695493876934,0.4674999713897705,15,"[0, 2, 7, 9, 11, 14, 16, 17, 18, 19, 22, 25, 27, 28, 29]",15,"[0, 2, 7, 9, 11, 14, 16, 17, 18, 19, 22, 25, 27, 28, 29]",0,[],0.539695493876934,0.09634349844682648,0.31039249096398336,10.379527587447077,0.40199999999999997,0.02230933333333333,0.14936309227293512,0.40199999999999997,0.02230933333333333,0.14936309227293512
8,5,17,010111111110111000110101000110,0.5605555555555556,0.741026773220963,0.4169999957084656,18,"[1, 3, 4, 5, 6, 7, 8, 9, 10, 12, 13, 14, 18, 19, 21, 23, 27, 28]",18,"[1, 3, 4, 5, 6, 7, 8, 9, 10, 12, 13, 14, 18, 19, 21, 23, 27, 28]",0,[],0.741026773220963,0.046268134744897056,0.21510028996934674,21.61314705063382,0.4394444444444444,0.01600524691358025,0.1265118449536653,0.4394444444444444,0.01600524691358025,0.1265118449536653
8,5,18,100100000001010100001110011010,0.5263636363636364,0.6070061888207089,0.4934999942779541,11,"[0, 3, 11, 13, 15, 20, 21, 22, 25, 26, 28]",11,"[0, 3, 11, 13, 15, 20, 21, 22, 25, 26, 28]",0,[],0.6070061888207089,0.08595806955086262,0.2931860664336943,11.633579083675043,0.47363636363636363,0.013550413223140495,0.11640624220006629,0.47363636363636363,0.013550413223140495,0.11640624220006629
8,5,19,111011000010011110101101011010,0.5782352941176471,0.6558741204002324,0.38450002670288086,17,"[0, 1, 2, 4, 5, 10, 13, 14, 15, 16, 18, 20, 21, 23, 25, 26, 28]",17,"[0, 1, 2, 4, 5, 10, 13, 14, 15, 16, 18, 20, 21, 23, 25, 26, 28]",0,[],0.6558741204002324,0.06294049436492244,0.2508794418937559,15.88802264885471,0.42176470588235293,0.01370865051903114,0.11708394646163556,0.42176470588235293,0.01370865051903114,0.11708394646163556
8,5,20,100010100011001101100110011011,0.5866666666666667,0.5118303909897804,0.5340000092983246,15,"[0, 4, 6, 10, 11, 14, 15, 17, 18, 21, 22, 25, 26, 28, 29]",15,"[0, 4, 6, 10, 11, 14, 15, 17, 18, 21, 22, 25, 26, 28, 29]",0,[],0.5118303909897804,0.06860416276445606,0.2619239637078976,14.576374956041322,0.41333333333333333,0.01034222222222222,0.10169671687041927,0.41333333333333333,0.01034222222222222,0.10169671687041927
8,5,21,001000000100001011110010010111,0.5983333333333334,0.5346807508418957,0.4505000114440918,12,"[2, 9, 14, 16, 17, 18, 19, 22, 25, 27, 28, 29]",12,"[2, 9, 14, 16, 17, 18, 19, 22, 25, 27, 28, 29]",0,[],0.5346807508418957,0.10646276960014099,0.32628633069765733,9.39295496215116,0.40166666666666667,0.016713888888888886,0.12928220638931284,0.40166666666666667,0.016713888888888886,0.12928220638931284
8,5,22,100110101001001101100110010110,0.53,0.5726959144075712,0.4829999804496765,15,"[0, 3, 4, 6, 8, 11, 14, 15, 17, 18, 21, 22, 25, 27, 28]",15,"[0, 3, 4, 6, 8, 11, 14, 15, 17, 18, 21, 22, 25, 27, 28]",0,[],0.5726959144075712,0.0912297109200722,0.3020425647488648,10.961341320878631,0.47,0.009466666666666667,0.0972967967955095,0.47,0.009466666666666667,0.0972967967955095
8,5,23,101010111011100101101100111110,0.5747368421052632,0.6313287627540136,0.40799999237060547,19,"[0, 2, 4, 6, 7, 8, 10, 11, 12, 15, 17, 18, 20, 21, 24, 25, 26, 27, 28]",19,"[0, 2, 4, 6, 7, 8, 10, 11, 12, 15, 17, 18, 20, 21, 24, 25, 26, 27, 28]",0,[],0.6313287627540136,0.07094945980117846,0.2663633980132752,14.094540012035301,0.42526315789473684,0.021414404432132966,0.1463366134367369,0.42526315789473684,0.021414404432132966,0.1463366134367369
8,5,24,100110111110100101100110011110,0.5788888888888888,0.6151748245788945,0.42100000381469727,18,"[0, 3, 4, 6, 7, 8, 9, 10, 12, 15, 17, 18, 21, 22, 25, 26, 27, 28]",18,"[0, 3, 4, 6, 7, 8, 9, 10, 12, 15, 17, 18, 21, 22, 25, 26, 27, 28]",0,[],0.6151748245788945,0.08089249402375696,0.2844160579569251,12.362086397117567,0.42111111111111116,0.015709876543209874,0.12533904636309418,0.42111111111111116,0.015709876543209874,0.12533904636309418
8,5,25,100110111110101101100110011010,0.5933333333333333,0.5835301921599441,0.4465000033378601,18,"[0, 3, 4, 6, 7, 8, 9, 10, 12, 14, 15, 17, 18, 21, 22, 25, 26, 28]",18,"[0, 3, 4, 6, 7, 8, 9, 10, 12, 14, 15, 17, 18, 21, 22, 25, 26, 28]",0,[],0.5835301921599441,0.07998134704127391,0.28280973646830815,12.502915204515821,0.4066666666666667,0.01148888888888889,0.10718623460542352,0.4066666666666667,0.01148888888888889,0.10718623460542352
8,5,26,100110101001001101100111010110,0.531875,0.5917179952375591,0.46299999952316284,16,"[0, 3, 4, 6, 8, 11, 14, 15, 17, 18, 21, 22, 23, 25, 27, 28]",16,"[0, 3, 4, 6, 8, 11, 14, 15, 17, 18, 21, 22, 23, 25, 27, 28]",0,[],0.5917179952375591,0.0909554473741066,0.30158820828093824,10.99439372649034,0.468125,0.008927734374999998,0.09448668887732281,0.468125,0.008927734374999998,0.09448668887732281
8,5,27,000010101111111000110110010011,0.559375,0.6244601248763502,0.45649999380111694,16,"[4, 6, 8, 9, 10, 11, 12, 13, 14, 18, 19, 21, 22, 25, 28, 29]",16,"[4, 6, 8, 9, 10, 11, 12, 13, 14, 18, 19, 21, 22, 25, 28, 29]",0,[],0.6244601248763502,0.06554380715533853,0.25601524789617225,15.256971534015479,0.44062500000000004,0.012468359375,0.11166180804106657,0.44062500000000004,0.012468359375,0.11166180804106657
8,5,28,111011001011111000110101001010,0.5705882352941176,0.6732115237151876,0.38499999046325684,17,"[0, 1, 2, 4, 5, 8, 10, 11, 12, 13, 14, 18, 19, 21, 23, 26, 28]",17,"[0, 1, 2, 4, 5, 8, 10, 11, 12, 13, 14, 18, 19, 21, 23, 26, 28]",0,[],0.6732115237151876,0.05878683759682451,0.24245997112270823,17.010610552965296,0.4294117647058823,0.014605536332179933,0.12085336707009836,0.4294117647058823,0.014605536332179933,0.12085336707009836
8,5,29,000110101001001101000101010110,0.5246153846153846,0.6258040993259504,0.468500018119812,13,"[3, 4, 6, 8, 11, 14, 15, 17, 21, 23, 25, 27, 28]",13,"[3, 4, 6, 8, 11, 14, 15, 17, 21, 23, 25, 27, 28]",0,[],0.6258040993259504,0.0973944004454285,0.3120807594925206,10.267530735099237,0.4753846153846154,0.009594082840236684,0.09794938917745574,0.4753846153846154,0.009594082840236684,0.09794938917745574
9,1,0,000110110101110011010101111001,0.6129411764705882,0.5261858263436485,0.4075000286102295,17,"[3, 4, 6, 7, 9, 11, 12, 13, 16, 17, 19, 21, 23, 24, 25, 26, 29]",17,"[3, 4, 6, 7, 9, 11, 12, 13, 16, 17, 19, 21, 23, 24, 25, 26, 29]",0,[],0.5261858263436485,0.056444699788474,0.23758093313326725,17.71645528716586,0.3870588235294118,0.01658546712802768,0.12878457643688423,0.3870588235294118,0.01658546712802768,0.12878457643688423
9,1,1,110011001001000010011010000101,0.5783333333333334,0.5416738726198673,0.5690000057220459,12,"[0, 1, 4, 5, 8, 11, 16, 19, 20, 22, 27, 29]",12,"[0, 1, 4, 5, 8, 11, 16, 19, 20, 22, 27, 29]",0,[],0.5416738726198673,0.03614491665467834,0.1901181649782007,27.666407687526572,0.4216666666666667,0.017180555555555557,0.13107461827354508,0.4216666666666667,0.017180555555555557,0.13107461827354508
9,1,2,001111101111111000110101000110,0.5800000000000001,0.6341737219029002,0.3725000023841858,18,"[2, 3, 4, 5, 6, 8, 9, 10, 11, 12, 13, 14, 18, 19, 21, 23, 27, 28]",18,"[2, 3, 4, 5, 6, 8, 9, 10, 11, 12, 13, 14, 18, 19, 21, 23, 27, 28]",0,[],0.6341737219029002,0.04161443856733391,0.20399617292325342,24.030121141294696,0.41999999999999993,0.015244444444444442,0.12346839451634756,0.41999999999999993,0.015244444444444442,0.12346839451634756
9,1,3,001110010001001111000011010010,0.6692307692307692,0.4972737706624545,0.4350000023841858,13,"[2, 3, 4, 7, 11, 14, 15, 16, 17, 22, 23, 25, 28]",13,"[2, 3, 4, 7, 11, 14, 15, 16, 17, 22, 23, 25, 28]",0,[],0.4972737706624545,0.04273927023472728,0.20673478235344744,23.397685419239142,0.3307692307692308,0.011714792899408282,0.10823489686514365,0.3307692307692308,0.011714792899408282,0.10823489686514365
9,1,4,101000100000000010110001111110,0.605,0.5730459777017435,0.4585000276565552,12,"[0, 2, 6, 16, 18, 19, 23, 24, 25, 26, 27, 28]",12,"[0, 2, 6, 16, 18, 19, 23, 24, 25, 26, 27, 28]",0,[],0.5730459777017435,0.05296761062354884,0.23014693268333786,18.87946215107182,0.39499999999999996,0.008441666666666667,0.0918785430155848,0.39499999999999996,0.008441666666666667,0.0918785430155848
9,1,5,111110111111110010100100001101,0.6052631578947368,0.6005546787851735,0.37050002813339233,19,"[0, 1, 2, 3, 4, 6, 7, 8, 9, 10, 11, 12, 13, 16, 18, 21, 26, 27, 29]",19,"[0, 1, 2, 3, 4, 6, 7, 8, 9, 10, 11, 12, 13, 16, 18, 21, 26, 27, 29]",0,[],0.6005546787851735,0.04492446928210067,0.21195393198075063,22.25958405252506,0.39473684210526316,0.01848808864265928,0.13597091101650852,0.39473684210526316,0.01848808864265928,0.13597091101650852
9,1,6,100100000001010110101110001010,0.5858333333333334,0.6171037070453167,0.4585000276565552,12,"[0, 3, 11, 13, 15, 16, 18, 20, 21, 22, 26, 28]",12,"[0, 3, 11, 13, 15, 16, 18, 20, 21, 22, 26, 28]",0,[],0.6171037070453167,0.05184360572819897,0.2276919096678645,19.2887818266868,0.4141666666666666,0.018690972222222223,0.1367149305022031,0.4141666666666666,0.018690972222222223,0.1367149305022031
9,1,7,101010111011100101110001111110,0.621578947368421,0.5437410614992443,0.4035000205039978,19,"[0, 2, 4, 6, 7, 8, 10, 11, 12, 15, 17, 18, 19, 23, 24, 25, 26, 27, 28]",19,"[0, 2, 4, 6, 7, 8, 10, 11, 12, 15, 17, 18, 19, 23, 24, 25, 26, 27, 28]",0,[],0.5437410614992443,0.05430191037568849,0.23302770302195508,18.41555836767964,0.37842105263157894,0.012897506925207755,0.11356719123588359,0.37842105263157894,0.012897506925207755,0.11356719123588359
9,1,8,111000011111110110011011111110,0.5804761904761905,0.5604244257722583,0.468500018119812,21,"[0, 1, 2, 7, 8, 9, 10, 11, 12, 13, 15, 16, 19, 20, 22, 23, 24, 25, 26, 27, 28]",21,"[0, 1, 2, 7, 8, 9, 10, 11, 12, 13, 15, 16, 19, 20, 22, 23, 24, 25, 26, 27, 28]",0,[],0.5604244257722583,0.05333038912860323,0.23093373319764965,18.751035129118527,0.4195238095238095,0.017947392290249435,0.13396787782990904,0.4195238095238095,0.017947392290249435,0.13396787782990904
9,1,9,101101000110110000111000100101,0.5571428571428572,0.6480201780796051,0.43800002336502075,14,"[0, 2, 3, 5, 9, 10, 12, 13, 18, 19, 20, 24, 27, 29]",14,"[0, 2, 3, 5, 9, 10, 12, 13, 18, 19, 20, 24, 27, 29]",0,[],0.6480201780796051,0.025590639457981394,0.15997074563176042,39.07678827807145,0.4428571428571428,0.017591836734693875,0.1326342215821161,0.4428571428571428,0.017591836734693875,0.1326342215821161
9,1,10,011011011100001100011100011110,0.62625,0.5237734029069543,0.3684999942779541,16,"[1, 2, 4, 5, 7, 8, 9, 14, 15, 19, 20, 21, 25, 26, 27, 28]",16,"[1, 2, 4, 5, 7, 8, 9, 14, 15, 19, 20, 21, 25, 26, 27, 28]",0,[],0.5237734029069543,0.049468327665748005,0.2224147649454685,20.214954642430786,0.37375,0.0170984375,0.13076099380166856,0.37375,0.0170984375,0.13076099380166856
9,1,11,011011001010110110101100001000,0.585,0.6189103147813252,0.3815000057220459,14,"[1, 2, 4, 5, 8, 10, 12, 13, 15, 16, 18, 20, 21, 26]",14,"[1, 2, 4, 5, 8, 10, 12, 13, 15, 16, 18, 20, 21, 26]",0,[],0.6189103147813252,0.0414810040652915,0.20366885885007432,24.107420312825365,0.415,0.021253571428571427,0.14578604675541287,0.415,0.021253571428571427,0.14578604675541287
9,1,12,110011100111110000011100100101,0.556875,0.6068494124338031,0.47450000047683716,16,"[0, 1, 4, 5, 6, 9, 10, 11, 12, 13, 19, 20, 21, 24, 27, 29]",16,"[0, 1, 4, 5, 6, 9, 10, 11, 12, 13, 19, 20, 21, 24, 27, 29]",0,[],0.6068494124338031,0.04134096390720662,0.20332477445507377,24.189082824594678,0.443125,0.017121484374999996,0.13084909008090195,0.443125,0.017121484374999996,0.13084909008090195
9,1,13,111111110001101111011111011010,0.6268181818181817,0.5195899930867282,0.42250001430511475,22,"[0, 1, 2, 3, 4, 5, 6, 7, 11, 12, 14, 15, 16, 17, 19, 20, 21, 22, 23, 25, 26, 28]",22,"[0, 1, 2, 3, 4, 5, 6, 7, 11, 12, 14, 15, 16, 17, 19, 20, 21, 22, 23, 25, 26, 28]",0,[],0.5195899930867282,0.041056494808985274,0.20262402327706672,24.35668228991503,0.3731818181818182,0.013167148760330578,0.11474819719860778,0.3731818181818182,0.013167148760330578,0.11474819719860778
9,2,0,000110110101110011010101111001,0.6129411764705882,0.5261858263436485,0.4075000286102295,17,"[3, 4, 6, 7, 9, 11, 12, 13, 16, 17, 19, 21, 23, 24, 25, 26, 29]",17,"[3, 4, 6, 7, 9, 11, 12, 13, 16, 17, 19, 21, 23, 24, 25, 26, 29]",0,[],0.5261858263436485,0.056444699788474,0.23758093313326725,17.71645528716586,0.3870588235294118,0.01658546712802768,0.12878457643688423,0.3870588235294118,0.01658546712802768,0.12878457643688423
9,2,1,001111101111111000110101000110,0.5800000000000001,0.6341737219029002,0.3725000023841858,18,"[2, 3, 4, 5, 6, 8, 9, 10, 11, 12, 13, 14, 18, 19, 21, 23, 27, 28]",18,"[2, 3, 4, 5, 6, 8, 9, 10, 11, 12, 13, 14, 18, 19, 21, 23, 27, 28]",0,[],0.6341737219029002,0.04161443856733391,0.20399617292325342,24.030121141294696,0.41999999999999993,0.015244444444444442,0.12346839451634756,0.41999999999999993,0.015244444444444442,0.12346839451634756
9,2,2,001110010001001111000011010010,0.6692307692307692,0.4972737706624545,0.4350000023841858,13,"[2, 3, 4, 7, 11, 14, 15, 16, 17, 22, 23, 25, 28]",13,"[2, 3, 4, 7, 11, 14, 15, 16, 17, 22, 23, 25, 28]",0,[],0.4972737706624545,0.04273927023472728,0.20673478235344744,23.397685419239142,0.3307692307692308,0.011714792899408282,0.10823489686514365,0.3307692307692308,0.011714792899408282,0.10823489686514365
9,2,3,101010111011100101110001111110,0.621578947368421,0.5437410614992443,0.4035000205039978,19,"[0, 2, 4, 6, 7, 8, 10, 11, 12, 15, 17, 18, 19, 23, 24, 25, 26, 27, 28]",19,"[0, 2, 4, 6, 7, 8, 10, 11, 12, 15, 17, 18, 19, 23, 24, 25, 26, 27, 28]",0,[],0.5437410614992443,0.05430191037568849,0.23302770302195508,18.41555836767964,0.37842105263157894,0.012897506925207755,0.11356719123588359,0.37842105263157894,0.012897506925207755,0.11356719123588359
9,2,4,111000011111110110011011111110,0.5804761904761905,0.5604244257722583,0.468500018119812,21,"[0, 1, 2, 7, 8, 9, 10, 11, 12, 13, 15, 16, 19, 20, 22, 23, 24, 25, 26, 27, 28]",21,"[0, 1, 2, 7, 8, 9, 10, 11, 12, 13, 15, 16, 19, 20, 22, 23, 24, 25, 26, 27, 28]",0,[],0.5604244257722583,0.05333038912860323,0.23093373319764965,18.751035129118527,0.4195238095238095,0.017947392290249435,0.13396787782990904,0.4195238095238095,0.017947392290249435,0.13396787782990904
9,2,5,101101000110110000111000100101,0.5571428571428572,0.6480201780796051,0.43800002336502075,14,"[0, 2, 3, 5, 9, 10, 12, 13, 18, 19, 20, 24, 27, 29]",14,"[0, 2, 3, 5, 9, 10, 12, 13, 18, 19, 20, 24, 27, 29]",0,[],0.6480201780796051,0.025590639457981394,0.15997074563176042,39.07678827807145,0.4428571428571428,0.017591836734693875,0.1326342215821161,0.4428571428571428,0.017591836734693875,0.1326342215821161
9,2,6,011011011100001100011100011110,0.62625,0.5237734029069543,0.3684999942779541,16,"[1, 2, 4, 5, 7, 8, 9, 14, 15, 19, 20, 21, 25, 26, 27, 28]",16,"[1, 2, 4, 5, 7, 8, 9, 14, 15, 19, 20, 21, 25, 26, 27, 28]",0,[],0.5237734029069543,0.049468327665748005,0.2224147649454685,20.214954642430786,0.37375,0.0170984375,0.13076099380166856,0.37375,0.0170984375,0.13076099380166856
9,2,7,110011100111110000011100100101,0.556875,0.6068494124338031,0.47450000047683716,16,"[0, 1, 4, 5, 6, 9, 10, 11, 12, 13, 19, 20, 21, 24, 27, 29]",16,"[0, 1, 4, 5, 6, 9, 10, 11, 12, 13, 19, 20, 21, 24, 27, 29]",0,[],0.6068494124338031,0.04134096390720662,0.20332477445507377,24.189082824594678,0.443125,0.017121484374999996,0.13084909008090195,0.443125,0.017121484374999996,0.13084909008090195
9,2,8,111111110001101111011111011010,0.6268181818181817,0.5195899930867282,0.42250001430511475,22,"[0, 1, 2, 3, 4, 5, 6, 7, 11, 12, 14, 15, 16, 17, 19, 20, 21, 22, 23, 25, 26, 28]",22,"[0, 1, 2, 3, 4, 5, 6, 7, 11, 12, 14, 15, 16, 17, 19, 20, 21, 22, 23, 25, 26, 28]",0,[],0.5195899930867282,0.041056494808985274,0.20262402327706672,24.35668228991503,0.3731818181818182,0.013167148760330578,0.11474819719860778,0.3731818181818182,0.013167148760330578,0.11474819719860778
9,2,9,101100110101000110101110001010,0.64,0.5692751596371333,0.359499990940094,15,"[0, 2, 3, 6, 7, 9, 11, 15, 16, 18, 20, 21, 22, 26, 28]",15,"[0, 2, 3, 6, 7, 9, 11, 15, 16, 18, 20, 21, 22, 26, 28]",0,[],0.5692751596371333,0.04141820562192135,0.20351463245162826,24.1439720766351,0.36,0.012946666666666667,0.11378341999899048,0.36,0.012946666666666667,0.11378341999899048
9,2,10,101001101111111101100001111110,0.585,0.612392769753933,0.35850000381469727,20,"[0, 2, 5, 6, 8, 9, 10, 11, 12, 13, 14, 15, 17, 18, 23, 24, 25, 26, 27, 28]",20,"[0, 2, 5, 6, 8, 9, 10, 11, 12, 13, 14, 15, 17, 18, 23, 24, 25, 26, 27, 28]",0,[],0.612392769753933,0.04730844032231728,0.21750503516543537,21.13787715652634,0.41500000000000004,0.012315000000000001,0.11097296968181036,0.41500000000000004,0.012315000000000001,0.11097296968181036
9,2,11,010011001001000000001010000100,0.5625,0.5264755766838789,0.539000004529953,8,"[1, 4, 5, 8, 11, 20, 22, 27]",8,"[1, 4, 5, 8, 11, 20, 22, 27]",0,[],0.5264755766838789,0.040350206781034535,0.20087360897100082,24.78302045455741,0.4375,0.02244375,0.14981238266578634,0.4375,0.02244375,0.14981238266578634
9,2,12,010110010010110011110100011110,0.599375,0.5696903066709638,0.36299997568130493,16,"[1, 3, 4, 7, 10, 12, 13, 16, 17, 18, 19, 21, 25, 26, 27, 28]",16,"[1, 3, 4, 7, 10, 12, 13, 16, 17, 18, 19, 21, 25, 26, 27, 28]",0,[],0.5696903066709638,0.06087068333770881,0.24671984787955104,16.428269655722914,0.400625,0.018430859374999997,0.13576030117453333,0.400625,0.018430859374999997,0.13576030117453333
9,2,13,101000010101001111011111011011,0.6372222222222222,0.5009835329320695,0.3725000023841858,18,"[0, 2, 7, 9, 11, 14, 15, 16, 17, 19, 20, 21, 22, 23, 25, 26, 28, 29]",18,"[0, 2, 7, 9, 11, 14, 15, 16, 17, 19, 20, 21, 22, 23, 25, 26, 28, 29]",0,[],0.5009835329320695,0.04029730464770382,0.20074188563352646,24.815555500359775,0.36277777777777775,0.012731172839506172,0.11283249903953281,0.36277777777777775,0.012731172839506172,0.11283249903953281
9,2,14,001110010001001111000011011010,0.6721428571428572,0.47679180971213747,0.42750000953674316,14,"[2, 3, 4, 7, 11, 14, 15, 16, 17, 22, 23, 25, 26, 28]",14,"[2, 3, 4, 7, 11, 14, 15, 16, 17, 22, 23, 25, 26, 28]",0,[],0.47679180971213747,0.04514010463477507,0.21246200750904873,22.153249490467932,0.32785714285714285,0.010988265306122449,0.10482492693115722,0.32785714285714285,0.010988265306122449,0.10482492693115722
9,2,15,110101111100010101101001001011,0.5976470588235294,0.612373518593171,0.4204999804496765,17,"[0, 1, 3, 5, 6, 7, 8, 9, 13, 15, 17, 18, 20, 23, 26, 28, 29]",17,"[0, 1, 3, 5, 6, 7, 8, 9, 13, 15, 17, 18, 20, 23, 26, 28, 29]",0,[],0.612373518593171,0.03803279490675619,0.19501998591620345,26.29309790278807,0.4023529411764706,0.016594463667820067,0.12881950033989445,0.4023529411764706,0.016594463667820067,0.12881950033989445
9,2,16,101110010001001111000010011011,0.682,0.4973558882872264,0.4179999828338623,15,"[0, 2, 3, 4, 7, 11, 14, 15, 16, 17, 22, 25, 26, 28, 29]",15,"[0, 2, 3, 4, 7, 11, 14, 15, 16, 17, 22, 25, 26, 28, 29]",0,[],0.4973558882872264,0.0454305491446032,0.2131444325911498,22.011620348612766,0.31799999999999995,0.008976000000000003,0.09474175425861611,0.31799999999999995,0.008976000000000003,0.09474175425861611
9,2,17,111011110101110011110011110100,0.5994999999999999,0.5441107705235482,0.4545000195503235,20,"[0, 1, 2, 4, 5, 6, 7, 9, 11, 12, 13, 16, 17, 18, 19, 22, 23, 24, 25, 27]",20,"[0, 1, 2, 4, 5, 6, 7, 9, 11, 12, 13, 16, 17, 18, 19, 22, 23, 24, 25, 27]",0,[],0.5441107705235482,0.04242154604587021,0.2059649145992351,23.572926807493175,0.4005000000000001,0.01777475,0.13332197868318638,0.4005000000000001,0.01777475,0.13332197868318638
9,2,18,110010101101011111011111011000,0.5931578947368421,0.5308351093216946,0.49400001764297485,19,"[0, 1, 4, 6, 8, 9, 11, 13, 14, 15, 16, 17, 19, 20, 21, 22, 23, 25, 26]",19,"[0, 1, 4, 6, 8, 9, 11, 13, 14, 15, 16, 17, 19, 20, 21, 22, 23, 25, 26]",0,[],0.5308351093216946,0.04812637142503299,0.21937723543028112,20.778628647657587,0.40684210526315795,0.015874238227146814,0.12599300864391966,0.40684210526315795,0.015874238227146814,0.12599300864391966
9,2,19,111101000110110000111000100101,0.5566666666666666,0.6378154655297598,0.43949997425079346,15,"[0, 1, 2, 3, 5, 9, 10, 12, 13, 18, 19, 20, 24, 27, 29]",15,"[0, 1, 2, 3, 5, 9, 10, 12, 13, 18, 19, 20, 24, 27, 29]",0,[],0.6378154655297598,0.02534250304259891,0.15919328830889481,39.45940139847562,0.44333333333333336,0.016422222222222223,0.1281492185782739,0.44333333333333336,0.016422222222222223,0.1281492185782739
9,2,20,110011000111110000011101100101,0.550625,0.591391465626657,0.484499990940094,16,"[0, 1, 4, 5, 9, 10, 11, 12, 13, 19, 20, 21, 23, 24, 27, 29]",16,"[0, 1, 4, 5, 9, 10, 11, 12, 13, 19, 20, 21, 23, 24, 27, 29]",0,[],0.591391465626657,0.04083559960535077,0.20207820170753393,24.48843679692089,0.44937499999999997,0.017043359374999997,0.1305502178282365,0.44937499999999997,0.017043359374999997,0.1305502178282365
9,2,21,010111110101111101100001010010,0.6070588235294118,0.5577577334993026,0.4505000114440918,17,"[1, 3, 4, 5, 6, 7, 9, 11, 12, 13, 14, 15, 17, 18, 23, 25, 28]",17,"[1, 3, 4, 5, 6, 7, 9, 11, 12, 13, 14, 15, 17, 18, 23, 25, 28]",0,[],0.5577577334993026,0.047297858318141185,0.21748070792174,21.142606358065226,0.39294117647058824,0.01582076124567474,0.12578060758986156,0.39294117647058824,0.01582076124567474,0.12578060758986156
9,2,22,110011011001000010011010000101,0.5984615384615384,0.5214442301255006,0.5649999976158142,13,"[0, 1, 4, 5, 7, 8, 11, 16, 19, 20, 22, 27, 29]",13,"[0, 1, 4, 5, 7, 8, 11, 16, 19, 20, 22, 27, 29]",0,[],0.5214442301255006,0.03827539967587097,0.19564099692004988,26.126441747658763,0.40153846153846157,0.0207207100591716,0.14394690013741734,0.40153846153846157,0.0207207100591716,0.14394690013741734
9,2,23,111010110101010011111011100000,0.6052941176470588,0.539179553880411,0.4884999990463257,17,"[0, 1, 2, 4, 6, 7, 9, 11, 13, 16, 17, 18, 19, 20, 22, 23, 24]",17,"[0, 1, 2, 4, 6, 7, 9, 11, 13, 16, 17, 18, 19, 20, 22, 23, 24]",0,[],0.539179553880411,0.03858673049573544,0.19643505414191084,25.91564476058729,0.39470588235294124,0.021413148788927337,0.14633232311737326,0.39470588235294124,0.021413148788927337,0.14633232311737326
9,3,0,000110110101110011010101111001,0.6129411764705882,0.5261858263436485,0.4075000286102295,17,"[3, 4, 6, 7, 9, 11, 12, 13, 16, 17, 19, 21, 23, 24, 25, 26, 29]",17,"[3, 4, 6, 7, 9, 11, 12, 13, 16, 17, 19, 21, 23, 24, 25, 26, 29]",0,[],0.5261858263436485,0.056444699788474,0.23758093313326725,17.71645528716586,0.3870588235294118,0.01658546712802768,0.12878457643688423,0.3870588235294118,0.01658546712802768,0.12878457643688423
9,3,1,001111101111111000110101000110,0.5800000000000001,0.6341737219029002,0.3725000023841858,18,"[2, 3, 4, 5, 6, 8, 9, 10, 11, 12, 13, 14, 18, 19, 21, 23, 27, 28]",18,"[2, 3, 4, 5, 6, 8, 9, 10, 11, 12, 13, 14, 18, 19, 21, 23, 27, 28]",0,[],0.6341737219029002,0.04161443856733391,0.20399617292325342,24.030121141294696,0.41999999999999993,0.015244444444444442,0.12346839451634756,0.41999999999999993,0.015244444444444442,0.12346839451634756
9,3,2,101010111011100101110001111110,0.621578947368421,0.5437410614992443,0.4035000205039978,19,"[0, 2, 4, 6, 7, 8, 10, 11, 12, 15, 17, 18, 19, 23, 24, 25, 26, 27, 28]",19,"[0, 2, 4, 6, 7, 8, 10, 11, 12, 15, 17, 18, 19, 23, 24, 25, 26, 27, 28]",0,[],0.5437410614992443,0.05430191037568849,0.23302770302195508,18.41555836767964,0.37842105263157894,0.012897506925207755,0.11356719123588359,0.37842105263157894,0.012897506925207755,0.11356719123588359
9,3,3,111000011111110110011011111110,0.5804761904761905,0.5604244257722583,0.468500018119812,21,"[0, 1, 2, 7, 8, 9, 10, 11, 12, 13, 15, 16, 19, 20, 22, 23, 24, 25, 26, 27, 28]",21,"[0, 1, 2, 7, 8, 9, 10, 11, 12, 13, 15, 16, 19, 20, 22, 23, 24, 25, 26, 27, 28]",0,[],0.5604244257722583,0.05333038912860323,0.23093373319764965,18.751035129118527,0.4195238095238095,0.017947392290249435,0.13396787782990904,0.4195238095238095,0.017947392290249435,0.13396787782990904
9,3,4,101101000110110000111000100101,0.5571428571428572,0.6480201780796051,0.43800002336502075,14,"[0, 2, 3, 5, 9, 10, 12, 13, 18, 19, 20, 24, 27, 29]",14,"[0, 2, 3, 5, 9, 10, 12, 13, 18, 19, 20, 24, 27, 29]",0,[],0.6480201780796051,0.025590639457981394,0.15997074563176042,39.07678827807145,0.4428571428571428,0.017591836734693875,0.1326342215821161,0.4428571428571428,0.017591836734693875,0.1326342215821161
9,3,5,110011100111110000011100100101,0.556875,0.6068494124338031,0.47450000047683716,16,"[0, 1, 4, 5, 6, 9, 10, 11, 12, 13, 19, 20, 21, 24, 27, 29]",16,"[0, 1, 4, 5, 6, 9, 10, 11, 12, 13, 19, 20, 21, 24, 27, 29]",0,[],0.6068494124338031,0.04134096390720662,0.20332477445507377,24.189082824594678,0.443125,0.017121484374999996,0.13084909008090195,0.443125,0.017121484374999996,0.13084909008090195
9,3,6,101001101111111101100001111110,0.585,0.612392769753933,0.35850000381469727,20,"[0, 2, 5, 6, 8, 9, 10, 11, 12, 13, 14, 15, 17, 18, 23, 24, 25, 26, 27, 28]",20,"[0, 2, 5, 6, 8, 9, 10, 11, 12, 13, 14, 15, 17, 18, 23, 24, 25, 26, 27, 28]",0,[],0.612392769753933,0.04730844032231728,0.21750503516543537,21.13787715652634,0.41500000000000004,0.012315000000000001,0.11097296968181036,0.41500000000000004,0.012315000000000001,0.11097296968181036
9,3,7,010011001001000000001010000100,0.5625,0.5264755766838789,0.539000004529953,8,"[1, 4, 5, 8, 11, 20, 22, 27]",8,"[1, 4, 5, 8, 11, 20, 22, 27]",0,[],0.5264755766838789,0.040350206781034535,0.20087360897100082,24.78302045455741,0.4375,0.02244375,0.14981238266578634,0.4375,0.02244375,0.14981238266578634
9,3,8,010110010010110011110100011110,0.599375,0.5696903066709638,0.36299997568130493,16,"[1, 3, 4, 7, 10, 12, 13, 16, 17, 18, 19, 21, 25, 26, 27, 28]",16,"[1, 3, 4, 7, 10, 12, 13, 16, 17, 18, 19, 21, 25, 26, 27, 28]",0,[],0.5696903066709638,0.06087068333770881,0.24671984787955104,16.428269655722914,0.400625,0.018430859374999997,0.13576030117453333,0.400625,0.018430859374999997,0.13576030117453333
9,3,9,001110010001001111000011011010,0.6721428571428572,0.47679180971213747,0.42750000953674316,14,"[2, 3, 4, 7, 11, 14, 15, 16, 17, 22, 23, 25, 26, 28]",14,"[2, 3, 4, 7, 11, 14, 15, 16, 17, 22, 23, 25, 26, 28]",0,[],0.47679180971213747,0.04514010463477507,0.21246200750904873,22.153249490467932,0.32785714285714285,0.010988265306122449,0.10482492693115722,0.32785714285714285,0.010988265306122449,0.10482492693115722
9,3,10,111011110101110011110011110100,0.5994999999999999,0.5441107705235482,0.4545000195503235,20,"[0, 1, 2, 4, 5, 6, 7, 9, 11, 12, 13, 16, 17, 18, 19, 22, 23, 24, 25, 27]",20,"[0, 1, 2, 4, 5, 6, 7, 9, 11, 12, 13, 16, 17, 18, 19, 22, 23, 24, 25, 27]",0,[],0.5441107705235482,0.04242154604587021,0.2059649145992351,23.572926807493175,0.4005000000000001,0.01777475,0.13332197868318638,0.4005000000000001,0.01777475,0.13332197868318638
9,3,11,110010101101011111011111011000,0.5931578947368421,0.5308351093216946,0.49400001764297485,19,"[0, 1, 4, 6, 8, 9, 11, 13, 14, 15, 16, 17, 19, 20, 21, 22, 23, 25, 26]",19,"[0, 1, 4, 6, 8, 9, 11, 13, 14, 15, 16, 17, 19, 20, 21, 22, 23, 25, 26]",0,[],0.5308351093216946,0.04812637142503299,0.21937723543028112,20.778628647657587,0.40684210526315795,0.015874238227146814,0.12599300864391966,0.40684210526315795,0.015874238227146814,0.12599300864391966
9,3,12,111101000110110000111000100101,0.5566666666666666,0.6378154655297598,0.43949997425079346,15,"[0, 1, 2, 3, 5, 9, 10, 12, 13, 18, 19, 20, 24, 27, 29]",15,"[0, 1, 2, 3, 5, 9, 10, 12, 13, 18, 19, 20, 24, 27, 29]",0,[],0.6378154655297598,0.02534250304259891,0.15919328830889481,39.45940139847562,0.44333333333333336,0.016422222222222223,0.1281492185782739,0.44333333333333336,0.016422222222222223,0.1281492185782739
9,3,13,110011000111110000011101100101,0.550625,0.591391465626657,0.484499990940094,16,"[0, 1, 4, 5, 9, 10, 11, 12, 13, 19, 20, 21, 23, 24, 27, 29]",16,"[0, 1, 4, 5, 9, 10, 11, 12, 13, 19, 20, 21, 23, 24, 27, 29]",0,[],0.591391465626657,0.04083559960535077,0.20207820170753393,24.48843679692089,0.44937499999999997,0.017043359374999997,0.1305502178282365,0.44937499999999997,0.017043359374999997,0.1305502178282365
9,3,14,110011011001000010011010000101,0.5984615384615384,0.5214442301255006,0.5649999976158142,13,"[0, 1, 4, 5, 7, 8, 11, 16, 19, 20, 22, 27, 29]",13,"[0, 1, 4, 5, 7, 8, 11, 16, 19, 20, 22, 27, 29]",0,[],0.5214442301255006,0.03827539967587097,0.19564099692004988,26.126441747658763,0.40153846153846157,0.0207207100591716,0.14394690013741734,0.40153846153846157,0.0207207100591716,0.14394690013741734
9,3,15,111111110001110000011111011010,0.6036842105263158,0.5259329300177725,0.42900002002716064,19,"[0, 1, 2, 3, 4, 5, 6, 7, 11, 12, 13, 19, 20, 21, 22, 23, 25, 26, 28]",19,"[0, 1, 2, 3, 4, 5, 6, 7, 11, 12, 13, 19, 20, 21, 22, 23, 25, 26, 28]",0,[],0.5259329300177725,0.05483963079391535,0.23417863009658962,18.234987827652436,0.39631578947368423,0.02032853185595568,0.14257816051540181,0.39631578947368423,0.02032853185595568,0.14257816051540181
9,3,16,100111101111111000110101001110,0.5768421052631578,0.6212319190564909,0.3945000171661377,19,"[0, 3, 4, 5, 6, 8, 9, 10, 11, 12, 13, 14, 18, 19, 21, 23, 26, 27, 28]",19,"[0, 3, 4, 5, 6, 8, 9, 10, 11, 12, 13, 14, 18, 19, 21, 23, 26, 27, 28]",0,[],0.6212319190564909,0.04793139093490172,0.21893238895810213,20.863154198010974,0.4231578947368422,0.013021606648199444,0.1141122545925697,0.4231578947368422,0.013021606648199444,0.1141122545925697
9,3,17,101010010011100101110001111100,0.625625,0.4902216326445341,0.36549997329711914,16,"[0, 2, 4, 7, 10, 11, 12, 15, 17, 18, 19, 23, 24, 25, 26, 27]",16,"[0, 2, 4, 7, 10, 11, 12, 15, 17, 18, 19, 23, 24, 25, 26, 27]",0,[],0.4902216326445341,0.045520148581617036,0.21335451385339152,21.96829384699861,0.374375,0.014824609374999999,0.12175635250367842,0.374375,0.014824609374999999,0.12175635250367842
9,3,18,111110010001011111001111011000,0.6227777777777778,0.5078329642613729,0.3930000066757202,18,"[0, 1, 2, 3, 4, 7, 11, 13, 14, 15, 16, 17, 20, 21, 22, 23, 25, 26]",18,"[0, 1, 2, 3, 4, 7, 11, 13, 14, 15, 16, 17, 20, 21, 22, 23, 25, 26]",0,[],0.5078329642613729,0.04485053794972161,0.21177945591988287,22.296276604776086,0.37722222222222224,0.021164506172839506,0.1454802604233286,0.37722222222222224,0.021164506172839506,0.1454802604233286
9,3,19,100011010001000010011010000101,0.6081818181818182,0.4938157837499272,0.5620000064373016,11,"[0, 4, 5, 7, 11, 16, 19, 20, 22, 27, 29]",11,"[0, 4, 5, 7, 11, 16, 19, 20, 22, 27, 29]",0,[],0.4938157837499272,0.03448294250212718,0.18569583329231484,28.999845356535687,0.39181818181818184,0.023869421487603303,0.15449731870684133,0.39181818181818184,0.023869421487603303,0.15449731870684133
9,3,20,111011110101110001110011110100,0.601578947368421,0.5353520591008035,0.44300001859664917,19,"[0, 1, 2, 4, 5, 6, 7, 9, 11, 12, 13, 17, 18, 19, 22, 23, 24, 25, 27]",19,"[0, 1, 2, 4, 5, 6, 7, 9, 11, 12, 13, 17, 18, 19, 22, 23, 24, 25, 27]",0,[],0.5353520591008035,0.04311995847991454,0.20765345766424054,23.19111695030514,0.398421052631579,0.018623822714681437,0.13646912733172084,0.398421052631579,0.018623822714681437,0.13646912733172084
9,3,21,111110111111111110100000011001,0.62,0.5628700375556945,0.3934999704360962,20,"[0, 1, 2, 3, 4, 6, 7, 8, 9, 10, 11, 12, 13, 14, 15, 16, 18, 25, 26, 29]",20,"[0, 1, 2, 3, 4, 6, 7, 8, 9, 10, 11, 12, 13, 14, 15, 16, 18, 25, 26, 29]",0,[],0.5628700375556945,0.04881495962006574,0.22094107725831733,20.485523449843086,0.38,0.01595,0.1262933094031509,0.38,0.01595,0.1262933094031509
9,3,22,000111101111111000110101000110,0.5676470588235294,0.6418271739693249,0.38749998807907104,17,"[3, 4, 5, 6, 8, 9, 10, 11, 12, 13, 14, 18, 19, 21, 23, 27, 28]",17,"[3, 4, 5, 6, 8, 9, 10, 11, 12, 13, 14, 18, 19, 21, 23, 27, 28]",0,[],0.6418271739693249,0.043007990804758485,0.20738368017941644,23.251493066478197,0.43235294117647055,0.013394463667820067,0.1157344532445722,0.43235294117647055,0.013394463667820067,0.1157344532445722
9,3,23,110110010001001111011011000101,0.61625,0.5072883265092969,0.5354999899864197,16,"[0, 1, 3, 4, 7, 11, 14, 15, 16, 17, 19, 20, 22, 23, 27, 29]",16,"[0, 1, 3, 4, 7, 11, 14, 15, 16, 17, 19, 20, 22, 23, 27, 29]",0,[],0.5072883265092969,0.025216166250545312,0.15879598940321293,39.65709894454612,0.38375000000000004,0.0179609375,0.13401842224112326,0.38375000000000004,0.0179609375,0.13401842224112326
9,3,24,010011001001010010001010000100,0.534,0.5873550400137901,0.5559999942779541,10,"[1, 4, 5, 8, 11, 13, 16, 20, 22, 27]",10,"[1, 4, 5, 8, 11, 13, 16, 20, 22, 27]",0,[],0.5873550400137901,0.05000206275062423,0.2236114101530247,19.999174933788424,0.466,0.025124,0.1585055204085965,0.466,0.025124,0.1585055204085965
9,3,25,001110010001000011000011010010,0.6663636363636364,0.48051014813509857,0.5144999921321869,11,"[2, 3, 4, 7, 11, 16, 17, 22, 23, 25, 28]",11,"[2, 3, 4, 7, 11, 16, 17, 22, 23, 25, 28]",0,[],0.48051014813509857,0.048663276768921855,0.22059754479350366,20.549376581205408,0.3336363636363636,0.013750413223140495,0.11726215597173921,0.3336363636363636,0.013750413223140495,0.11726215597173921
9,3,26,101101000111100101110001111010,0.6094117647058824,0.55641329814406,0.4235000014305115,17,"[0, 2, 3, 5, 9, 10, 11, 12, 15, 17, 18, 19, 23, 24, 25, 26, 28]",17,"[0, 2, 3, 5, 9, 10, 11, 12, 15, 17, 18, 19, 23, 24, 25, 26, 28]",0,[],0.55641329814406,0.04746992574953863,0.2178759411902531,21.065969331323828,0.39058823529411757,0.006182006920415225,0.07862573955401135,0.39058823529411757,0.006182006920415225,0.07862573955401135
9,3,27,101001101111100001100001111110,0.5911764705882354,0.595158147461274,0.37800002098083496,17,"[0, 2, 5, 6, 8, 9, 10, 11, 12, 17, 18, 23, 24, 25, 26, 27, 28]",17,"[0, 2, 5, 6, 8, 9, 10, 11, 12, 17, 18, 23, 24, 25, 26, 27, 28]",0,[],0.595158147461274,0.04853197242313637,0.22029973314358867,20.604973382933757,0.40882352941176464,0.007775086505190311,0.08817645096730936,0.40882352941176464,0.007775086505190311,0.08817645096730936
9,3,28,010110010000100001110100011110,0.6323076923076922,0.5103936390234873,0.35199999809265137,13,"[1, 3, 4, 7, 12, 17, 18, 19, 21, 25, 26, 27, 28]",13,"[1, 3, 4, 7, 12, 17, 18, 19, 21, 25, 26, 27, 28]",0,[],0.5103936390234873,0.053928798021866384,0.23222574797353196,18.542968445069597,0.3676923076923077,0.013263905325443786,0.11516902936746401,0.3676923076923077,0.013263905325443786,0.11516902936746401
9,4,0,001111101111111000110101000110,0.5800000000000001,0.6341737219029002,0.3725000023841858,18,"[2, 3, 4, 5, 6, 8, 9, 10, 11, 12, 13, 14, 18, 19, 21, 23, 27, 28]",18,"[2, 3, 4, 5, 6, 8, 9, 10, 11, 12, 13, 14, 18, 19, 21, 23, 27, 28]",0,[],0.6341737219029002,0.04161443856733391,0.20399617292325342,24.030121141294696,0.41999999999999993,0.015244444444444442,0.12346839451634756,0.41999999999999993,0.015244444444444442,0.12346839451634756
9,4,1,111000011111110110011011111110,0.5804761904761905,0.5604244257722583,0.468500018119812,21,"[0, 1, 2, 7, 8, 9, 10, 11, 12, 13, 15, 16, 19, 20, 22, 23, 24, 25, 26, 27, 28]",21,"[0, 1, 2, 7, 8, 9, 10, 11, 12, 13, 15, 16, 19, 20, 22, 23, 24, 25, 26, 27, 28]",0,[],0.5604244257722583,0.05333038912860323,0.23093373319764965,18.751035129118527,0.4195238095238095,0.017947392290249435,0.13396787782990904,0.4195238095238095,0.017947392290249435,0.13396787782990904
9,4,2,101101000110110000111000100101,0.5571428571428572,0.6480201780796051,0.43800002336502075,14,"[0, 2, 3, 5, 9, 10, 12, 13, 18, 19, 20, 24, 27, 29]",14,"[0, 2, 3, 5, 9, 10, 12, 13, 18, 19, 20, 24, 27, 29]",0,[],0.6480201780796051,0.025590639457981394,0.15997074563176042,39.07678827807145,0.4428571428571428,0.017591836734693875,0.1326342215821161,0.4428571428571428,0.017591836734693875,0.1326342215821161
9,4,3,101001101111111101100001111110,0.585,0.612392769753933,0.35850000381469727,20,"[0, 2, 5, 6, 8, 9, 10, 11, 12, 13, 14, 15, 17, 18, 23, 24, 25, 26, 27, 28]",20,"[0, 2, 5, 6, 8, 9, 10, 11, 12, 13, 14, 15, 17, 18, 23, 24, 25, 26, 27, 28]",0,[],0.612392769753933,0.04730844032231728,0.21750503516543537,21.13787715652634,0.41500000000000004,0.012315000000000001,0.11097296968181036,0.41500000000000004,0.012315000000000001,0.11097296968181036
9,4,4,010011001001000000001010000100,0.5625,0.5264755766838789,0.539000004529953,8,"[1, 4, 5, 8, 11, 20, 22, 27]",8,"[1, 4, 5, 8, 11, 20, 22, 27]",0,[],0.5264755766838789,0.040350206781034535,0.20087360897100082,24.78302045455741,0.4375,0.02244375,0.14981238266578634,0.4375,0.02244375,0.14981238266578634
9,4,5,010110010010110011110100011110,0.599375,0.5696903066709638,0.36299997568130493,16,"[1, 3, 4, 7, 10, 12, 13, 16, 17, 18, 19, 21, 25, 26, 27, 28]",16,"[1, 3, 4, 7, 10, 12, 13, 16, 17, 18, 19, 21, 25, 26, 27, 28]",0,[],0.5696903066709638,0.06087068333770881,0.24671984787955104,16.428269655722914,0.400625,0.018430859374999997,0.13576030117453333,0.400625,0.018430859374999997,0.13576030117453333
9,4,6,110010101101011111011111011000,0.5931578947368421,0.5308351093216946,0.49400001764297485,19,"[0, 1, 4, 6, 8, 9, 11, 13, 14, 15, 16, 17, 19, 20, 21, 22, 23, 25, 26]",19,"[0, 1, 4, 6, 8, 9, 11, 13, 14, 15, 16, 17, 19, 20, 21, 22, 23, 25, 26]",0,[],0.5308351093216946,0.04812637142503299,0.21937723543028112,20.778628647657587,0.40684210526315795,0.015874238227146814,0.12599300864391966,0.40684210526315795,0.015874238227146814,0.12599300864391966
9,4,7,111101000110110000111000100101,0.5566666666666666,0.6378154655297598,0.43949997425079346,15,"[0, 1, 2, 3, 5, 9, 10, 12, 13, 18, 19, 20, 24, 27, 29]",15,"[0, 1, 2, 3, 5, 9, 10, 12, 13, 18, 19, 20, 24, 27, 29]",0,[],0.6378154655297598,0.02534250304259891,0.15919328830889481,39.45940139847562,0.44333333333333336,0.016422222222222223,0.1281492185782739,0.44333333333333336,0.016422222222222223,0.1281492185782739
9,4,8,110011000111110000011101100101,0.550625,0.591391465626657,0.484499990940094,16,"[0, 1, 4, 5, 9, 10, 11, 12, 13, 19, 20, 21, 23, 24, 27, 29]",16,"[0, 1, 4, 5, 9, 10, 11, 12, 13, 19, 20, 21, 23, 24, 27, 29]",0,[],0.591391465626657,0.04083559960535077,0.20207820170753393,24.48843679692089,0.44937499999999997,0.017043359374999997,0.1305502178282365,0.44937499999999997,0.017043359374999997,0.1305502178282365
9,4,9,100111101111111000110101001110,0.5768421052631578,0.6212319190564909,0.3945000171661377,19,"[0, 3, 4, 5, 6, 8, 9, 10, 11, 12, 13, 14, 18, 19, 21, 23, 26, 27, 28]",19,"[0, 3, 4, 5, 6, 8, 9, 10, 11, 12, 13, 14, 18, 19, 21, 23, 26, 27, 28]",0,[],0.6212319190564909,0.04793139093490172,0.21893238895810213,20.863154198010974,0.4231578947368422,0.013021606648199444,0.1141122545925697,0.4231578947368422,0.013021606648199444,0.1141122545925697
9,4,10,101010010011100101110001111100,0.625625,0.4902216326445341,0.36549997329711914,16,"[0, 2, 4, 7, 10, 11, 12, 15, 17, 18, 19, 23, 24, 25, 26, 27]",16,"[0, 2, 4, 7, 10, 11, 12, 15, 17, 18, 19, 23, 24, 25, 26, 27]",0,[],0.4902216326445341,0.045520148581617036,0.21335451385339152,21.96829384699861,0.374375,0.014824609374999999,0.12175635250367842,0.374375,0.014824609374999999,0.12175635250367842
9,4,11,000111101111111000110101000110,0.5676470588235294,0.6418271739693249,0.38749998807907104,17,"[3, 4, 5, 6, 8, 9, 10, 11, 12, 13, 14, 18, 19, 21, 23, 27, 28]",17,"[3, 4, 5, 6, 8, 9, 10, 11, 12, 13, 14, 18, 19, 21, 23, 27, 28]",0,[],0.6418271739693249,0.043007990804758485,0.20738368017941644,23.251493066478197,0.43235294117647055,0.013394463667820067,0.1157344532445722,0.43235294117647055,0.013394463667820067,0.1157344532445722
9,4,12,010011001001010010001010000100,0.534,0.5873550400137901,0.5559999942779541,10,"[1, 4, 5, 8, 11, 13, 16, 20, 22, 27]",10,"[1, 4, 5, 8, 11, 13, 16, 20, 22, 27]",0,[],0.5873550400137901,0.05000206275062423,0.2236114101530247,19.999174933788424,0.466,0.025124,0.1585055204085965,0.466,0.025124,0.1585055204085965
9,4,13,010110010000100001110100011110,0.6323076923076922,0.5103936390234873,0.35199999809265137,13,"[1, 3, 4, 7, 12, 17, 18, 19, 21, 25, 26, 27, 28]",13,"[1, 3, 4, 7, 12, 17, 18, 19, 21, 25, 26, 27, 28]",0,[],0.5103936390234873,0.053928798021866384,0.23222574797353196,18.542968445069597,0.3676923076923077,0.013263905325443786,0.11516902936746401,0.3676923076923077,0.013263905325443786,0.11516902936746401
9,4,14,010111001001010010001010010110,0.5546153846153846,0.5887875098448533,0.5329999923706055,13,"[1, 3, 4, 5, 8, 11, 13, 16, 20, 22, 25, 27, 28]",13,"[1, 3, 4, 5, 8, 11, 13, 16, 20, 22, 25, 27, 28]",0,[],0.5887875098448533,0.061576701568407825,0.24814653245291948,16.239908512947274,0.4453846153846154,0.020840236686390533,0.1443614792331754,0.4453846153846154,0.020840236686390533,0.1443614792331754
9,4,15,110010101101011111001111011000,0.5955555555555556,0.543620432416598,0.43400001525878906,18,"[0, 1, 4, 6, 8, 9, 11, 13, 14, 15, 16, 17, 20, 21, 22, 23, 25, 26]",18,"[0, 1, 4, 6, 8, 9, 11, 13, 14, 15, 16, 17, 20, 21, 22, 23, 25, 26]",0,[],0.543620432416598,0.047694233480243396,0.2183900947393068,20.966895304318804,0.40444444444444444,0.01664691358024691,0.1290229188177314,0.40444444444444444,0.01664691358024691,0.1290229188177314
9,4,16,101011000111110010011101100100,0.555,0.5991666996851563,0.4739999771118164,16,"[0, 2, 4, 5, 9, 10, 11, 12, 13, 16, 19, 20, 21, 23, 24, 27]",16,"[0, 2, 4, 5, 9, 10, 11, 12, 13, 16, 19, 20, 21, 23, 24, 27]",0,[],0.5991666996851563,0.041556592825773175,0.20385434218032536,24.06357047105665,0.44499999999999995,0.0186,0.13638181696985854,0.44499999999999995,0.0186,0.13638181696985854
9,4,17,010011001001000000111111011000,0.596153846153846,0.47291627526283264,0.4235000014305115,13,"[1, 4, 5, 8, 11, 18, 19, 20, 21, 22, 23, 25, 26]",13,"[1, 4, 5, 8, 11, 18, 19, 20, 21, 22, 23, 25, 26]",0,[],0.47291627526283264,0.04921770379930615,0.22185063398445845,20.317892197443342,0.4038461538461539,0.01397751479289941,0.1182265401375656,0.4038461538461539,0.01397751479289941,0.1182265401375656
9,4,18,101010010111100100110001111100,0.621875,0.4941727835685015,0.36900001764297485,16,"[0, 2, 4, 7, 9, 10, 11, 12, 15, 18, 19, 23, 24, 25, 26, 27]",16,"[0, 2, 4, 7, 9, 10, 11, 12, 15, 18, 19, 23, 24, 25, 26, 27]",0,[],0.4941727835685015,0.04583159409639944,0.21408314762353303,21.81900978387659,0.378125,0.014702734374999998,0.1212548323779304,0.378125,0.014702734374999998,0.1212548323779304
9,4,19,010011010010110010110100011100,0.5857142857142857,0.5499681245003428,0.36500000953674316,14,"[1, 4, 5, 7, 10, 12, 13, 16, 18, 19, 21, 25, 26, 27]",14,"[1, 4, 5, 7, 10, 12, 13, 16, 18, 19, 21, 25, 26, 27]",0,[],0.5499681245003428,0.06079856859206425,0.24657365753880572,16.447755648815146,0.41428571428571426,0.02048163265306122,0.14311405470135077,0.41428571428571426,0.02048163265306122,0.14311405470135077
9,4,20,110000010011100101110001111101,0.604375,0.507757069543004,0.42000001668930054,16,"[0, 1, 7, 10, 11, 12, 15, 17, 18, 19, 23, 24, 25, 26, 27, 29]",16,"[0, 1, 7, 10, 11, 12, 15, 17, 18, 19, 23, 24, 25, 26, 27, 29]",0,[],0.507757069543004,0.04376000751993799,0.20918892781392134,22.85191563425529,0.395625,0.011112109374999998,0.10541399041398632,0.395625,0.011112109374999998,0.10541399041398632
9,4,21,110010101101011011001010000100,0.5678571428571428,0.5877379636679377,0.5,14,"[0, 1, 4, 6, 8, 9, 11, 13, 14, 16, 17, 20, 22, 27]",14,"[0, 1, 4, 6, 8, 9, 11, 13, 14, 16, 17, 20, 22, 27]",0,[],0.5877379636679377,0.03754471843903351,0.19376459542195398,26.63490476360441,0.4321428571428572,0.020559693877551022,0.14338651916254547,0.4321428571428572,0.020559693877551022,0.14338651916254547
9,4,22,010110010001110001110100011110,0.6,0.5200415015220642,0.3544999957084656,15,"[1, 3, 4, 7, 11, 12, 13, 17, 18, 19, 21, 25, 26, 27, 28]",15,"[1, 3, 4, 7, 11, 12, 13, 17, 18, 19, 21, 25, 26, 27, 28]",0,[],0.5200415015220642,0.065445699751752,0.2558235715327108,15.27984273669913,0.4,0.01989333333333333,0.1410437284438175,0.4,0.01989333333333333,0.1410437284438175
9,4,23,101101000110110100111010000101,0.5746666666666667,0.6241291801134745,0.45649999380111694,15,"[0, 2, 3, 5, 9, 10, 12, 13, 15, 18, 19, 20, 22, 27, 29]",15,"[0, 2, 3, 5, 9, 10, 12, 13, 15, 18, 19, 20, 22, 27, 29]",0,[],0.6241291801134745,0.023171591743489473,0.1522221788816908,43.1562928895884,0.4253333333333333,0.01975822222222222,0.1405639435353968,0.4253333333333333,0.01975822222222222,0.1405639435353968
9,5,0,001111101111111000110101000110,0.5800000000000001,0.6341737219029002,0.3725000023841858,18,"[2, 3, 4, 5, 6, 8, 9, 10, 11, 12, 13, 14, 18, 19, 21, 23, 27, 28]",18,"[2, 3, 4, 5, 6, 8, 9, 10, 11, 12, 13, 14, 18, 19, 21, 23, 27, 28]",0,[],0.6341737219029002,0.04161443856733391,0.20399617292325342,24.030121141294696,0.41999999999999993,0.015244444444444442,0.12346839451634756,0.41999999999999993,0.015244444444444442,0.12346839451634756
9,5,1,101101000110110000111000100101,0.5571428571428572,0.6480201780796051,0.43800002336502075,14,"[0, 2, 3, 5, 9, 10, 12, 13, 18, 19, 20, 24, 27, 29]",14,"[0, 2, 3, 5, 9, 10, 12, 13, 18, 19, 20, 24, 27, 29]",0,[],0.6480201780796051,0.025590639457981394,0.15997074563176042,39.07678827807145,0.4428571428571428,0.017591836734693875,0.1326342215821161,0.4428571428571428,0.017591836734693875,0.1326342215821161
9,5,2,101001101111111101100001111110,0.585,0.612392769753933,0.35850000381469727,20,"[0, 2, 5, 6, 8, 9, 10, 11, 12, 13, 14, 15, 17, 18, 23, 24, 25, 26, 27, 28]",20,"[0, 2, 5, 6, 8, 9, 10, 11, 12, 13, 14, 15, 17, 18, 23, 24, 25, 26, 27, 28]",0,[],0.612392769753933,0.04730844032231728,0.21750503516543537,21.13787715652634,0.41500000000000004,0.012315000000000001,0.11097296968181036,0.41500000000000004,0.012315000000000001,0.11097296968181036
9,5,3,010011001001000000001010000100,0.5625,0.5264755766838789,0.539000004529953,8,"[1, 4, 5, 8, 11, 20, 22, 27]",8,"[1, 4, 5, 8, 11, 20, 22, 27]",0,[],0.5264755766838789,0.040350206781034535,0.20087360897100082,24.78302045455741,0.4375,0.02244375,0.14981238266578634,0.4375,0.02244375,0.14981238266578634
9,5,4,010110010010110011110100011110,0.599375,0.5696903066709638,0.36299997568130493,16,"[1, 3, 4, 7, 10, 12, 13, 16, 17, 18, 19, 21, 25, 26, 27, 28]",16,"[1, 3, 4, 7, 10, 12, 13, 16, 17, 18, 19, 21, 25, 26, 27, 28]",0,[],0.5696903066709638,0.06087068333770881,0.24671984787955104,16.428269655722914,0.400625,0.018430859374999997,0.13576030117453333,0.400625,0.018430859374999997,0.13576030117453333
9,5,5,111101000110110000111000100101,0.5566666666666666,0.6378154655297598,0.43949997425079346,15,"[0, 1, 2, 3, 5, 9, 10, 12, 13, 18, 19, 20, 24, 27, 29]",15,"[0, 1, 2, 3, 5, 9, 10, 12, 13, 18, 19, 20, 24, 27, 29]",0,[],0.6378154655297598,0.02534250304259891,0.15919328830889481,39.45940139847562,0.44333333333333336,0.016422222222222223,0.1281492185782739,0.44333333333333336,0.016422222222222223,0.1281492185782739
9,5,6,110011000111110000011101100101,0.550625,0.591391465626657,0.484499990940094,16,"[0, 1, 4, 5, 9, 10, 11, 12, 13, 19, 20, 21, 23, 24, 27, 29]",16,"[0, 1, 4, 5, 9, 10, 11, 12, 13, 19, 20, 21, 23, 24, 27, 29]",0,[],0.591391465626657,0.04083559960535077,0.20207820170753393,24.48843679692089,0.44937499999999997,0.017043359374999997,0.1305502178282365,0.44937499999999997,0.017043359374999997,0.1305502178282365
9,5,7,101010010011100101110001111100,0.625625,0.4902216326445341,0.36549997329711914,16,"[0, 2, 4, 7, 10, 11, 12, 15, 17, 18, 19, 23, 24, 25, 26, 27]",16,"[0, 2, 4, 7, 10, 11, 12, 15, 17, 18, 19, 23, 24, 25, 26, 27]",0,[],0.4902216326445341,0.045520148581617036,0.21335451385339152,21.96829384699861,0.374375,0.014824609374999999,0.12175635250367842,0.374375,0.014824609374999999,0.12175635250367842
9,5,8,010011001001010010001010000100,0.534,0.5873550400137901,0.5559999942779541,10,"[1, 4, 5, 8, 11, 13, 16, 20, 22, 27]",10,"[1, 4, 5, 8, 11, 13, 16, 20, 22, 27]",0,[],0.5873550400137901,0.05000206275062423,0.2236114101530247,19.999174933788424,0.466,0.025124,0.1585055204085965,0.466,0.025124,0.1585055204085965
9,5,9,010110010000100001110100011110,0.6323076923076922,0.5103936390234873,0.35199999809265137,13,"[1, 3, 4, 7, 12, 17, 18, 19, 21, 25, 26, 27, 28]",13,"[1, 3, 4, 7, 12, 17, 18, 19, 21, 25, 26, 27, 28]",0,[],0.5103936390234873,0.053928798021866384,0.23222574797353196,18.542968445069597,0.3676923076923077,0.013263905325443786,0.11516902936746401,0.3676923076923077,0.013263905325443786,0.11516902936746401
9,5,10,010111001001010010001010010110,0.5546153846153846,0.5887875098448533,0.5329999923706055,13,"[1, 3, 4, 5, 8, 11, 13, 16, 20, 22, 25, 27, 28]",13,"[1, 3, 4, 5, 8, 11, 13, 16, 20, 22, 25, 27, 28]",0,[],0.5887875098448533,0.061576701568407825,0.24814653245291948,16.239908512947274,0.4453846153846154,0.020840236686390533,0.1443614792331754,0.4453846153846154,0.020840236686390533,0.1443614792331754
9,5,11,101011000111110010011101100100,0.555,0.5991666996851563,0.4739999771118164,16,"[0, 2, 4, 5, 9, 10, 11, 12, 13, 16, 19, 20, 21, 23, 24, 27]",16,"[0, 2, 4, 5, 9, 10, 11, 12, 13, 16, 19, 20, 21, 23, 24, 27]",0,[],0.5991666996851563,0.041556592825773175,0.20385434218032536,24.06357047105665,0.44499999999999995,0.0186,0.13638181696985854,0.44499999999999995,0.0186,0.13638181696985854
9,5,12,010011001001000000111111011000,0.596153846153846,0.47291627526283264,0.4235000014305115,13,"[1, 4, 5, 8, 11, 18, 19, 20, 21, 22, 23, 25, 26]",13,"[1, 4, 5, 8, 11, 18, 19, 20, 21, 22, 23, 25, 26]",0,[],0.47291627526283264,0.04921770379930615,0.22185063398445845,20.317892197443342,0.4038461538461539,0.01397751479289941,0.1182265401375656,0.4038461538461539,0.01397751479289941,0.1182265401375656
9,5,13,101010010111100100110001111100,0.621875,0.4941727835685015,0.36900001764297485,16,"[0, 2, 4, 7, 9, 10, 11, 12, 15, 18, 19, 23, 24, 25, 26, 27]",16,"[0, 2, 4, 7, 9, 10, 11, 12, 15, 18, 19, 23, 24, 25, 26, 27]",0,[],0.4941727835685015,0.04583159409639944,0.21408314762353303,21.81900978387659,0.378125,0.014702734374999998,0.1212548323779304,0.378125,0.014702734374999998,0.1212548323779304
9,5,14,010011010010110010110100011100,0.5857142857142857,0.5499681245003428,0.36500000953674316,14,"[1, 4, 5, 7, 10, 12, 13, 16, 18, 19, 21, 25, 26, 27]",14,"[1, 4, 5, 7, 10, 12, 13, 16, 18, 19, 21, 25, 26, 27]",0,[],0.5499681245003428,0.06079856859206425,0.24657365753880572,16.447755648815146,0.41428571428571426,0.02048163265306122,0.14311405470135077,0.41428571428571426,0.02048163265306122,0.14311405470135077
9,5,15,010110010001110001110100011110,0.6,0.5200415015220642,0.3544999957084656,15,"[1, 3, 4, 7, 11, 12, 13, 17, 18, 19, 21, 25, 26, 27, 28]",15,"[1, 3, 4, 7, 11, 12, 13, 17, 18, 19, 21, 25, 26, 27, 28]",0,[],0.5200415015220642,0.065445699751752,0.2558235715327108,15.27984273669913,0.4,0.01989333333333333,0.1410437284438175,0.4,0.01989333333333333,0.1410437284438175
9,5,16,110011000111111000011101100101,0.5576470588235294,0.5906594597241458,0.4754999876022339,17,"[0, 1, 4, 5, 9, 10, 11, 12, 13, 14, 19, 20, 21, 23, 24, 27, 29]",17,"[0, 1, 4, 5, 9, 10, 11, 12, 13, 14, 19, 20, 21, 23, 24, 27, 29]",0,[],0.5906594597241458,0.03844207883317935,0.196066516348864,26.01316136776922,0.44235294117647056,0.016829757785467126,0.1297295563295702,0.44235294117647056,0.016829757785467126,0.1297295563295702
9,5,17,010011001001010110011010100100,0.5561538461538461,0.5834303486805695,0.5584999918937683,13,"[1, 4, 5, 8, 11, 13, 15, 16, 19, 20, 22, 24, 27]",13,"[1, 4, 5, 8, 11, 13, 15, 16, 19, 20, 22, 24, 27]",0,[],0.5834303486805695,0.04860586448473691,0.2204673773707505,20.573649097713663,0.4438461538461539,0.021839053254437864,0.1477804224328712,0.4438461538461539,0.021839053254437864,0.1477804224328712
9,5,18,010011100111110010011101111000,0.5617647058823529,0.5474471046644098,0.44099998474121094,17,"[1, 4, 5, 6, 9, 10, 11, 12, 13, 16, 19, 20, 21, 23, 24, 25, 26]",17,"[1, 4, 5, 6, 9, 10, 11, 12, 13, 16, 19, 20, 21, 23, 24, 25, 26]",0,[],0.5474471046644098,0.05713953326132282,0.23903876936874238,17.501017997934717,0.43823529411764706,0.014567474048442905,0.12069579134519523,0.43823529411764706,0.014567474048442905,0.12069579134519523
9,5,19,000010100101011000111111011000,0.5914285714285713,0.4946637579372951,0.3884999752044678,14,"[4, 6, 9, 11, 13, 14, 18, 19, 20, 21, 22, 23, 25, 26]",14,"[4, 6, 9, 11, 13, 14, 18, 19, 20, 21, 22, 23, 25, 26]",0,[],0.4946637579372951,0.05376792803457813,0.23187912375756928,18.59844774671065,0.4085714285714287,0.019983673469387755,0.14136362144974837,0.4085714285714287,0.019983673469387755,0.14136362144974837
9,5,20,010011010110110000111000100100,0.56,0.5879293840665084,0.38749998807907104,13,"[1, 4, 5, 7, 9, 10, 12, 13, 18, 19, 20, 24, 27]",13,"[1, 4, 5, 7, 9, 10, 12, 13, 18, 19, 20, 24, 27]",0,[],0.5879293840665084,0.0428856483586677,0.20708850368542359,23.317823987098194,0.44,0.023907692307692303,0.15462112503695058,0.44,0.023907692307692303,0.15462112503695058
9,5,21,001110010010110011111100011010,0.6112500000000001,0.5543552963063121,0.34700000286102295,16,"[2, 3, 4, 7, 10, 12, 13, 16, 17, 18, 19, 20, 21, 25, 26, 28]",16,"[2, 3, 4, 7, 10, 12, 13, 16, 17, 18, 19, 20, 21, 25, 26, 28]",0,[],0.5543552963063121,0.06059613931028874,0.24616283088697355,16.502701515015627,0.38875,0.021748437500000002,0.14747351457126123,0.38875,0.021748437500000002,0.14747351457126123
9,5,22,110000010001000000001010001101,0.6066666666666667,0.4569261090623008,0.4729999899864197,9,"[0, 1, 7, 11, 20, 22, 26, 27, 29]",9,"[0, 1, 7, 11, 20, 22, 26, 27, 29]",0,[],0.4569261090623008,0.03128909279448572,0.17688723185828228,31.960018993463326,0.3933333333333333,0.024222222222222218,0.15563490039905,0.3933333333333333,0.024222222222222218,0.15563490039905
9,5,23,001110011001000010011011011010,0.6299999999999999,0.4707046853644507,0.4390000104904175,14,"[2, 3, 4, 7, 8, 11, 16, 19, 20, 22, 23, 25, 26, 28]",14,"[2, 3, 4, 7, 8, 11, 16, 19, 20, 22, 23, 25, 26, 28]",0,[],0.4707046853644507,0.0555882259401413,0.2357715545610651,17.989421016544462,0.37000000000000005,0.01842857142857143,0.13575187449376686,0.37000000000000005,0.01842857142857143,0.13575187449376686
9,5,24,110011000111110000111000100101,0.5513333333333332,0.5903823643922805,0.4819999933242798,15,"[0, 1, 4, 5, 9, 10, 11, 12, 13, 18, 19, 20, 24, 27, 29]",15,"[0, 1, 4, 5, 9, 10, 11, 12, 13, 18, 19, 20, 24, 27, 29]",0,[],0.5903823643922805,0.04068475833330456,0.2017046314126291,24.579229199486228,0.4486666666666667,0.017691555555555554,0.13300960700474065,0.4486666666666667,0.017691555555555554,0.13300960700474065
