round,generation,solution_index,client_id,bitstring,selected,available,unavailable,utility,local_test_accuracy,last_round_participated,number_of_times_fitted
0,1,0,0,110101001000010110000110111100,1,1,0,0.1031238688359326,0.3030303120613098,1,1
0,1,0,1,110101001000010110000110111100,1,1,0,0.9025529066795668,0.03030303120613098,1,1
0,1,0,3,110101001000010110000110111100,1,1,0,0.8264574661077416,0.0,1,1
0,1,0,5,110101001000010110000110111100,1,1,0,0.8955232284962005,0.0,1,1
0,1,0,8,110101001000010110000110111100,1,1,0,0.9053819764192635,0.2469135820865631,1,1
0,1,0,13,110101001000010110000110111100,1,1,0,0.5734378881232861,0.19512194395065308,1,1
0,1,0,15,110101001000010110000110111100,1,1,0,0.4484455219783197,0.013333333656191826,1,1
0,1,0,16,110101001000010110000110111100,1,1,0,0.2932107716980645,0.07894736528396606,1,1
0,1,0,21,110101001000010110000110111100,1,1,0,0.7896181427945539,0.16201117634773254,1,1
0,1,0,22,110101001000010110000110111100,1,0,1,0.0912061030486903,0.4000000059604645,1,1
0,1,0,24,110101001000010110000110111100,1,0,1,0.0575587600166442,0.1551724076271057,1,1
0,1,0,25,110101001000010110000110111100,1,1,0,0.5495288823237355,0.09803921729326248,1,1
0,1,0,26,110101001000010110000110111100,1,1,0,0.441530501373377,0.0,1,1
0,1,0,27,110101001000010110000110111100,1,1,0,0.8877041827582998,0.3478260934352875,1,1
0,1,1,2,001111101111111000110101000110,1,1,0,0.5052523724478571,0.23577235639095306,1,1
0,1,1,3,001111101111111000110101000110,1,1,0,0.8264574661077416,0.0,1,1
0,1,1,4,001111101111111000110101000110,1,1,0,0.3200496010306117,0.0555555559694767,1,1
0,1,1,5,001111101111111000110101000110,1,1,0,0.8955232284962005,0.0,1,1
0,1,1,6,001111101111111000110101000110,1,1,0,0.3892016787341631,0.09130434691905975,1,1
0,1,1,8,001111101111111000110101000110,1,1,0,0.9053819764192635,0.2469135820865631,1,1
0,1,1,9,001111101111111000110101000110,1,0,1,0.0912866767861335,0.02298850566148758,1,1
0,1,1,10,001111101111111000110101000110,1,1,0,0.3193136375904148,0.27272728085517883,1,1
0,1,1,11,001111101111111000110101000110,1,1,0,0.9500619670508048,0.0,1,1
0,1,1,12,001111101111111000110101000110,1,1,0,0.950607146937556,0.15789473056793213,1,1
0,1,1,13,001111101111111000110101000110,1,1,0,0.5734378881232861,0.19512194395065308,1,1
0,1,1,14,001111101111111000110101000110,1,1,0,0.6318372121697993,0.02631578966975212,1,1
0,1,1,18,001111101111111000110101000110,1,1,0,0.6725184560770384,0.0833333358168602,1,1
0,1,1,19,001111101111111000110101000110,1,1,0,0.75237452943768,0.23076923191547394,1,1
0,1,1,21,001111101111111000110101000110,1,1,0,0.7896181427945539,0.16201117634773254,1,1
0,1,1,23,001111101111111000110101000110,1,1,0,0.4944203047025814,0.0,1,1
0,1,1,27,001111101111111000110101000110,1,1,0,0.8877041827582998,0.3478260934352875,1,1
0,1,1,28,001111101111111000110101000110,1,1,0,0.3509150125520787,0.27586206793785095,1,1
0,1,2,0,110010101101011100000011100000,1,1,0,0.1031238688359326,0.3030303120613098,1,1
0,1,2,1,110010101101011100000011100000,1,1,0,0.9025529066795668,0.03030303120613098,1,1
0,1,2,4,110010101101011100000011100000,1,1,0,0.3200496010306117,0.0555555559694767,1,1
0,1,2,6,110010101101011100000011100000,1,1,0,0.3892016787341631,0.09130434691905975,1,1
0,1,2,8,110010101101011100000011100000,1,1,0,0.9053819764192635,0.2469135820865631,1,1
0,1,2,9,110010101101011100000011100000,1,0,1,0.0912866767861335,0.02298850566148758,1,1
0,1,2,11,110010101101011100000011100000,1,1,0,0.9500619670508048,0.0,1,1
0,1,2,13,110010101101011100000011100000,1,1,0,0.5734378881232861,0.19512194395065308,1,1
0,1,2,14,110010101101011100000011100000,1,1,0,0.6318372121697993,0.02631578966975212,1,1
0,1,2,15,110010101101011100000011100000,1,1,0,0.4484455219783197,0.013333333656191826,1,1
0,1,2,22,110010101101011100000011100000,1,0,1,0.0912061030486903,0.4000000059604645,1,1
0,1,2,23,110010101101011100000011100000,1,1,0,0.4944203047025814,0.0,1,1
0,1,2,24,110010101101011100000011100000,1,0,1,0.0575587600166442,0.1551724076271057,1,1
0,1,3,2,001001001000100000010010010110,1,1,0,0.5052523724478571,0.23577235639095306,1,1
0,1,3,5,001001001000100000010010010110,1,1,0,0.8955232284962005,0.0,1,1
0,1,3,8,001001001000100000010010010110,1,1,0,0.9053819764192635,0.2469135820865631,1,1
0,1,3,12,001001001000100000010010010110,1,1,0,0.950607146937556,0.15789473056793213,1,1
0,1,3,19,001001001000100000010010010110,1,1,0,0.75237452943768,0.23076923191547394,1,1
0,1,3,22,001001001000100000010010010110,1,0,1,0.0912061030486903,0.4000000059604645,1,1
0,1,3,25,001001001000100000010010010110,1,1,0,0.5495288823237355,0.09803921729326248,1,1
0,1,3,27,001001001000100000010010010110,1,1,0,0.8877041827582998,0.3478260934352875,1,1
0,1,3,28,001001001000100000010010010110,1,1,0,0.3509150125520787,0.27586206793785095,1,1
0,1,4,0,100100000001010110101110001010,1,1,0,0.1031238688359326,0.3030303120613098,1,1
0,1,4,3,100100000001010110101110001010,1,1,0,0.8264574661077416,0.0,1,1
0,1,4,11,100100000001010110101110001010,1,1,0,0.9500619670508048,0.0,1,1
0,1,4,13,100100000001010110101110001010,1,1,0,0.5734378881232861,0.19512194395065308,1,1
0,1,4,15,100100000001010110101110001010,1,1,0,0.4484455219783197,0.013333333656191826,1,1
0,1,4,16,100100000001010110101110001010,1,1,0,0.2932107716980645,0.07894736528396606,1,1
0,1,4,18,100100000001010110101110001010,1,1,0,0.6725184560770384,0.0833333358168602,1,1
0,1,4,20,100100000001010110101110001010,1,1,0,0.7915790437258485,0.0,1,1
0,1,4,21,100100000001010110101110001010,1,1,0,0.7896181427945539,0.16201117634773254,1,1
0,1,4,22,100100000001010110101110001010,1,0,1,0.0912061030486903,0.4000000059604645,1,1
0,1,4,26,100100000001010110101110001010,1,1,0,0.441530501373377,0.0,1,1
0,1,4,28,100100000001010110101110001010,1,1,0,0.3509150125520787,0.27586206793785095,1,1
0,1,5,0,110111100100011100100011110101,1,1,0,0.1031238688359326,0.3030303120613098,1,1
0,1,5,1,110111100100011100100011110101,1,1,0,0.9025529066795668,0.03030303120613098,1,1
0,1,5,3,110111100100011100100011110101,1,1,0,0.8264574661077416,0.0,1,1
0,1,5,4,110111100100011100100011110101,1,1,0,0.3200496010306117,0.0555555559694767,1,1
0,1,5,5,110111100100011100100011110101,1,1,0,0.8955232284962005,0.0,1,1
0,1,5,6,110111100100011100100011110101,1,1,0,0.3892016787341631,0.09130434691905975,1,1
0,1,5,9,110111100100011100100011110101,1,0,1,0.0912866767861335,0.02298850566148758,1,1
0,1,5,13,110111100100011100100011110101,1,1,0,0.5734378881232861,0.19512194395065308,1,1
0,1,5,14,110111100100011100100011110101,1,1,0,0.6318372121697993,0.02631578966975212,1,1
0,1,5,15,110111100100011100100011110101,1,1,0,0.4484455219783197,0.013333333656191826,1,1
0,1,5,18,110111100100011100100011110101,1,1,0,0.6725184560770384,0.0833333358168602,1,1
0,1,5,22,110111100100011100100011110101,1,0,1,0.0912061030486903,0.4000000059604645,1,1
0,1,5,23,110111100100011100100011110101,1,1,0,0.4944203047025814,0.0,1,1
0,1,5,24,110111100100011100100011110101,1,0,1,0.0575587600166442,0.1551724076271057,1,1
0,1,5,25,110111100100011100100011110101,1,1,0,0.5495288823237355,0.09803921729326248,1,1
0,1,5,27,110111100100011100100011110101,1,1,0,0.8877041827582998,0.3478260934352875,1,1
0,1,5,29,110111100100011100100011110101,1,1,0,0.1170670164276058,0.1428571492433548,1,1
0,1,6,1,011011011100001100011100011110,1,1,0,0.9025529066795668,0.03030303120613098,1,1
0,1,6,2,011011011100001100011100011110,1,1,0,0.5052523724478571,0.23577235639095306,1,1
0,1,6,4,011011011100001100011100011110,1,1,0,0.3200496010306117,0.0555555559694767,1,1
0,1,6,5,011011011100001100011100011110,1,1,0,0.8955232284962005,0.0,1,1
0,1,6,7,011011011100001100011100011110,1,0,1,0.0108376514802983,0.0,1,1
0,1,6,8,011011011100001100011100011110,1,1,0,0.9053819764192635,0.2469135820865631,1,1
0,1,6,9,011011011100001100011100011110,1,0,1,0.0912866767861335,0.02298850566148758,1,1
0,1,6,14,011011011100001100011100011110,1,1,0,0.6318372121697993,0.02631578966975212,1,1
0,1,6,15,011011011100001100011100011110,1,1,0,0.4484455219783197,0.013333333656191826,1,1
0,1,6,19,011011011100001100011100011110,1,1,0,0.75237452943768,0.23076923191547394,1,1
0,1,6,20,011011011100001100011100011110,1,1,0,0.7915790437258485,0.0,1,1
0,1,6,21,011011011100001100011100011110,1,1,0,0.7896181427945539,0.16201117634773254,1,1
0,1,6,25,011011011100001100011100011110,1,1,0,0.5495288823237355,0.09803921729326248,1,1
0,1,6,26,011011011100001100011100011110,1,1,0,0.441530501373377,0.0,1,1
0,1,6,27,011011011100001100011100011110,1,1,0,0.8877041827582998,0.3478260934352875,1,1
0,1,6,28,011011011100001100011100011110,1,1,0,0.3509150125520787,0.27586206793785095,1,1
0,1,7,2,001101101111111101100001010010,1,1,0,0.5052523724478571,0.23577235639095306,1,1
0,1,7,3,001101101111111101100001010010,1,1,0,0.8264574661077416,0.0,1,1
0,1,7,5,001101101111111101100001010010,1,1,0,0.8955232284962005,0.0,1,1
0,1,7,6,001101101111111101100001010010,1,1,0,0.3892016787341631,0.09130434691905975,1,1
0,1,7,8,001101101111111101100001010010,1,1,0,0.9053819764192635,0.2469135820865631,1,1
0,1,7,9,001101101111111101100001010010,1,0,1,0.0912866767861335,0.02298850566148758,1,1
0,1,7,10,001101101111111101100001010010,1,1,0,0.3193136375904148,0.27272728085517883,1,1
0,1,7,11,001101101111111101100001010010,1,1,0,0.9500619670508048,0.0,1,1
0,1,7,12,001101101111111101100001010010,1,1,0,0.950607146937556,0.15789473056793213,1,1
0,1,7,13,001101101111111101100001010010,1,1,0,0.5734378881232861,0.19512194395065308,1,1
0,1,7,14,001101101111111101100001010010,1,1,0,0.6318372121697993,0.02631578966975212,1,1
0,1,7,15,001101101111111101100001010010,1,1,0,0.4484455219783197,0.013333333656191826,1,1
0,1,7,17,001101101111111101100001010010,1,1,0,0.3286645453699159,0.6428571343421936,1,1
0,1,7,18,001101101111111101100001010010,1,1,0,0.6725184560770384,0.0833333358168602,1,1
0,1,7,23,001101101111111101100001010010,1,1,0,0.4944203047025814,0.0,1,1
0,1,7,25,001101101111111101100001010010,1,1,0,0.5495288823237355,0.09803921729326248,1,1
0,1,7,28,001101101111111101100001010010,1,1,0,0.3509150125520787,0.27586206793785095,1,1
0,1,8,1,011011001010110110101100001000,1,1,0,0.9025529066795668,0.03030303120613098,1,1
0,1,8,2,011011001010110110101100001000,1,1,0,0.5052523724478571,0.23577235639095306,1,1
0,1,8,4,011011001010110110101100001000,1,1,0,0.3200496010306117,0.0555555559694767,1,1
0,1,8,5,011011001010110110101100001000,1,1,0,0.8955232284962005,0.0,1,1
0,1,8,8,011011001010110110101100001000,1,1,0,0.9053819764192635,0.2469135820865631,1,1
0,1,8,10,011011001010110110101100001000,1,1,0,0.3193136375904148,0.27272728085517883,1,1
0,1,8,12,011011001010110110101100001000,1,1,0,0.950607146937556,0.15789473056793213,1,1
0,1,8,13,011011001010110110101100001000,1,1,0,0.5734378881232861,0.19512194395065308,1,1
0,1,8,15,011011001010110110101100001000,1,1,0,0.4484455219783197,0.013333333656191826,1,1
0,1,8,16,011011001010110110101100001000,1,1,0,0.2932107716980645,0.07894736528396606,1,1
0,1,8,18,011011001010110110101100001000,1,1,0,0.6725184560770384,0.0833333358168602,1,1
0,1,8,20,011011001010110110101100001000,1,1,0,0.7915790437258485,0.0,1,1
0,1,8,21,011011001010110110101100001000,1,1,0,0.7896181427945539,0.16201117634773254,1,1
0,1,8,26,011011001010110110101100001000,1,1,0,0.441530501373377,0.0,1,1
0,2,0,2,001001001000100000010010010110,1,1,0,0.5052523724478571,0.23577235639095306,1,1
0,2,0,5,001001001000100000010010010110,1,1,0,0.8955232284962005,0.0,1,1
0,2,0,8,001001001000100000010010010110,1,1,0,0.9053819764192635,0.2469135820865631,1,1
0,2,0,12,001001001000100000010010010110,1,1,0,0.950607146937556,0.15789473056793213,1,1
0,2,0,19,001001001000100000010010010110,1,1,0,0.75237452943768,0.23076923191547394,1,1
0,2,0,22,001001001000100000010010010110,1,0,1,0.0912061030486903,0.4000000059604645,1,1
0,2,0,25,001001001000100000010010010110,1,1,0,0.5495288823237355,0.09803921729326248,1,1
0,2,0,27,001001001000100000010010010110,1,1,0,0.8877041827582998,0.3478260934352875,1,1
0,2,0,28,001001001000100000010010010110,1,1,0,0.3509150125520787,0.27586206793785095,1,1
0,2,1,1,011011011100001100011100011110,1,1,0,0.9025529066795668,0.03030303120613098,1,1
0,2,1,2,011011011100001100011100011110,1,1,0,0.5052523724478571,0.23577235639095306,1,1
0,2,1,4,011011011100001100011100011110,1,1,0,0.3200496010306117,0.0555555559694767,1,1
0,2,1,5,011011011100001100011100011110,1,1,0,0.8955232284962005,0.0,1,1
0,2,1,7,011011011100001100011100011110,1,0,1,0.0108376514802983,0.0,1,1
0,2,1,8,011011011100001100011100011110,1,1,0,0.9053819764192635,0.2469135820865631,1,1
0,2,1,9,011011011100001100011100011110,1,0,1,0.0912866767861335,0.02298850566148758,1,1
0,2,1,14,011011011100001100011100011110,1,1,0,0.6318372121697993,0.02631578966975212,1,1
0,2,1,15,011011011100001100011100011110,1,1,0,0.4484455219783197,0.013333333656191826,1,1
0,2,1,19,011011011100001100011100011110,1,1,0,0.75237452943768,0.23076923191547394,1,1
0,2,1,20,011011011100001100011100011110,1,1,0,0.7915790437258485,0.0,1,1
0,2,1,21,011011011100001100011100011110,1,1,0,0.7896181427945539,0.16201117634773254,1,1
0,2,1,25,011011011100001100011100011110,1,1,0,0.5495288823237355,0.09803921729326248,1,1
0,2,1,26,011011011100001100011100011110,1,1,0,0.441530501373377,0.0,1,1
0,2,1,27,011011011100001100011100011110,1,1,0,0.8877041827582998,0.3478260934352875,1,1
0,2,1,28,011011011100001100011100011110,1,1,0,0.3509150125520787,0.27586206793785095,1,1
0,2,2,0,100100000001010110101101111000,1,1,0,0.1031238688359326,0.3030303120613098,1,1
0,2,2,3,100100000001010110101101111000,1,1,0,0.8264574661077416,0.0,1,1
0,2,2,11,100100000001010110101101111000,1,1,0,0.9500619670508048,0.0,1,1
0,2,2,13,100100000001010110101101111000,1,1,0,0.5734378881232861,0.19512194395065308,1,1
0,2,2,15,100100000001010110101101111000,1,1,0,0.4484455219783197,0.013333333656191826,1,1
0,2,2,16,100100000001010110101101111000,1,1,0,0.2932107716980645,0.07894736528396606,1,1
0,2,2,18,100100000001010110101101111000,1,1,0,0.6725184560770384,0.0833333358168602,1,1
0,2,2,20,100100000001010110101101111000,1,1,0,0.7915790437258485,0.0,1,1
0,2,2,21,100100000001010110101101111000,1,1,0,0.7896181427945539,0.16201117634773254,1,1
0,2,2,23,100100000001010110101101111000,1,1,0,0.4944203047025814,0.0,1,1
0,2,2,24,100100000001010110101101111000,1,0,1,0.0575587600166442,0.1551724076271057,1,1
0,2,2,25,100100000001010110101101111000,1,1,0,0.5495288823237355,0.09803921729326248,1,1
0,2,2,26,100100000001010110101101111000,1,1,0,0.441530501373377,0.0,1,1
0,2,3,0,111111110001111101100001010010,1,1,0,0.1031238688359326,0.3030303120613098,1,1
0,2,3,1,111111110001111101100001010010,1,1,0,0.9025529066795668,0.03030303120613098,1,1
0,2,3,2,111111110001111101100001010010,1,1,0,0.5052523724478571,0.23577235639095306,1,1
0,2,3,3,111111110001111101100001010010,1,1,0,0.8264574661077416,0.0,1,1
0,2,3,4,111111110001111101100001010010,1,1,0,0.3200496010306117,0.0555555559694767,1,1
0,2,3,5,111111110001111101100001010010,1,1,0,0.8955232284962005,0.0,1,1
0,2,3,6,111111110001111101100001010010,1,1,0,0.3892016787341631,0.09130434691905975,1,1
0,2,3,7,111111110001111101100001010010,1,0,1,0.0108376514802983,0.0,1,1
0,2,3,11,111111110001111101100001010010,1,1,0,0.9500619670508048,0.0,1,1
0,2,3,12,111111110001111101100001010010,1,1,0,0.950607146937556,0.15789473056793213,1,1
0,2,3,13,111111110001111101100001010010,1,1,0,0.5734378881232861,0.19512194395065308,1,1
0,2,3,14,111111110001111101100001010010,1,1,0,0.6318372121697993,0.02631578966975212,1,1
0,2,3,15,111111110001111101100001010010,1,1,0,0.4484455219783197,0.013333333656191826,1,1
0,2,3,17,111111110001111101100001010010,1,1,0,0.3286645453699159,0.6428571343421936,1,1
0,2,3,18,111111110001111101100001010010,1,1,0,0.6725184560770384,0.0833333358168602,1,1
0,2,3,23,111111110001111101100001010010,1,1,0,0.4944203047025814,0.0,1,1
0,2,3,25,111111110001111101100001010010,1,1,0,0.5495288823237355,0.09803921729326248,1,1
0,2,3,28,111111110001111101100001010010,1,1,0,0.3509150125520787,0.27586206793785095,1,1
0,2,4,0,110001001001000010011010000101,1,1,0,0.1031238688359326,0.3030303120613098,1,1
0,2,4,1,110001001001000010011010000101,1,1,0,0.9025529066795668,0.03030303120613098,1,1
0,2,4,5,110001001001000010011010000101,1,1,0,0.8955232284962005,0.0,1,1
0,2,4,8,110001001001000010011010000101,1,1,0,0.9053819764192635,0.2469135820865631,1,1
0,2,4,11,110001001001000010011010000101,1,1,0,0.9500619670508048,0.0,1,1
0,2,4,16,110001001001000010011010000101,1,1,0,0.2932107716980645,0.07894736528396606,1,1
0,2,4,19,110001001001000010011010000101,1,1,0,0.75237452943768,0.23076923191547394,1,1
0,2,4,20,110001001001000010011010000101,1,1,0,0.7915790437258485,0.0,1,1
0,2,4,22,110001001001000010011010000101,1,0,1,0.0912061030486903,0.4000000059604645,1,1
0,2,4,27,110001001001000010011010000101,1,1,0,0.8877041827582998,0.3478260934352875,1,1
0,2,4,29,110001001001000010011010000101,1,1,0,0.1170670164276058,0.1428571492433548,1,1
0,2,5,1,011010101101011100101100001000,1,1,0,0.9025529066795668,0.03030303120613098,1,1
0,2,5,2,011010101101011100101100001000,1,1,0,0.5052523724478571,0.23577235639095306,1,1
0,2,5,4,011010101101011100101100001000,1,1,0,0.3200496010306117,0.0555555559694767,1,1
0,2,5,6,011010101101011100101100001000,1,1,0,0.3892016787341631,0.09130434691905975,1,1
0,2,5,8,011010101101011100101100001000,1,1,0,0.9053819764192635,0.2469135820865631,1,1
0,2,5,9,011010101101011100101100001000,1,0,1,0.0912866767861335,0.02298850566148758,1,1
0,2,5,11,011010101101011100101100001000,1,1,0,0.9500619670508048,0.0,1,1
0,2,5,13,011010101101011100101100001000,1,1,0,0.5734378881232861,0.19512194395065308,1,1
0,2,5,14,011010101101011100101100001000,1,1,0,0.6318372121697993,0.02631578966975212,1,1
0,2,5,15,011010101101011100101100001000,1,1,0,0.4484455219783197,0.013333333656191826,1,1
0,2,5,18,011010101101011100101100001000,1,1,0,0.6725184560770384,0.0833333358168602,1,1
0,2,5,20,011010101101011100101100001000,1,1,0,0.7915790437258485,0.0,1,1
0,2,5,21,011010101101011100101100001000,1,1,0,0.7896181427945539,0.16201117634773254,1,1
0,2,5,26,011010101101011100101100001000,1,1,0,0.441530501373377,0.0,1,1
0,3,0,2,001001001000100000010010010110,1,1,0,0.5052523724478571,0.23577235639095306,1,1
0,3,0,5,001001001000100000010010010110,1,1,0,0.8955232284962005,0.0,1,1
0,3,0,8,001001001000100000010010010110,1,1,0,0.9053819764192635,0.2469135820865631,1,1
0,3,0,12,001001001000100000010010010110,1,1,0,0.950607146937556,0.15789473056793213,1,1
0,3,0,19,001001001000100000010010010110,1,1,0,0.75237452943768,0.23076923191547394,1,1
0,3,0,22,001001001000100000010010010110,1,0,1,0.0912061030486903,0.4000000059604645,1,1
0,3,0,25,001001001000100000010010010110,1,1,0,0.5495288823237355,0.09803921729326248,1,1
0,3,0,27,001001001000100000010010010110,1,1,0,0.8877041827582998,0.3478260934352875,1,1
0,3,0,28,001001001000100000010010010110,1,1,0,0.3509150125520787,0.27586206793785095,1,1
0,3,1,0,100100000001010110101101111000,1,1,0,0.1031238688359326,0.3030303120613098,1,1
0,3,1,3,100100000001010110101101111000,1,1,0,0.8264574661077416,0.0,1,1
0,3,1,11,100100000001010110101101111000,1,1,0,0.9500619670508048,0.0,1,1
0,3,1,13,100100000001010110101101111000,1,1,0,0.5734378881232861,0.19512194395065308,1,1
0,3,1,15,100100000001010110101101111000,1,1,0,0.4484455219783197,0.013333333656191826,1,1
0,3,1,16,100100000001010110101101111000,1,1,0,0.2932107716980645,0.07894736528396606,1,1
0,3,1,18,100100000001010110101101111000,1,1,0,0.6725184560770384,0.0833333358168602,1,1
0,3,1,20,100100000001010110101101111000,1,1,0,0.7915790437258485,0.0,1,1
0,3,1,21,100100000001010110101101111000,1,1,0,0.7896181427945539,0.16201117634773254,1,1
0,3,1,23,100100000001010110101101111000,1,1,0,0.4944203047025814,0.0,1,1
0,3,1,24,100100000001010110101101111000,1,0,1,0.0575587600166442,0.1551724076271057,1,1
0,3,1,25,100100000001010110101101111000,1,1,0,0.5495288823237355,0.09803921729326248,1,1
0,3,1,26,100100000001010110101101111000,1,1,0,0.441530501373377,0.0,1,1
0,3,2,1,011010101101011100101100001000,1,1,0,0.9025529066795668,0.03030303120613098,1,1
0,3,2,2,011010101101011100101100001000,1,1,0,0.5052523724478571,0.23577235639095306,1,1
0,3,2,4,011010101101011100101100001000,1,1,0,0.3200496010306117,0.0555555559694767,1,1
0,3,2,6,011010101101011100101100001000,1,1,0,0.3892016787341631,0.09130434691905975,1,1
0,3,2,8,011010101101011100101100001000,1,1,0,0.9053819764192635,0.2469135820865631,1,1
0,3,2,9,011010101101011100101100001000,1,0,1,0.0912866767861335,0.02298850566148758,1,1
0,3,2,11,011010101101011100101100001000,1,1,0,0.9500619670508048,0.0,1,1
0,3,2,13,011010101101011100101100001000,1,1,0,0.5734378881232861,0.19512194395065308,1,1
0,3,2,14,011010101101011100101100001000,1,1,0,0.6318372121697993,0.02631578966975212,1,1
0,3,2,15,011010101101011100101100001000,1,1,0,0.4484455219783197,0.013333333656191826,1,1
0,3,2,18,011010101101011100101100001000,1,1,0,0.6725184560770384,0.0833333358168602,1,1
0,3,2,20,011010101101011100101100001000,1,1,0,0.7915790437258485,0.0,1,1
0,3,2,21,011010101101011100101100001000,1,1,0,0.7896181427945539,0.16201117634773254,1,1
0,3,2,26,011010101101011100101100001000,1,1,0,0.441530501373377,0.0,1,1
0,3,3,2,001110110101111000110101000100,1,1,0,0.5052523724478571,0.23577235639095306,1,1
0,3,3,3,001110110101111000110101000100,1,1,0,0.8264574661077416,0.0,1,1
0,3,3,4,001110110101111000110101000100,1,1,0,0.3200496010306117,0.0555555559694767,1,1
0,3,3,6,001110110101111000110101000100,1,1,0,0.3892016787341631,0.09130434691905975,1,1
0,3,3,7,001110110101111000110101000100,1,0,1,0.0108376514802983,0.0,1,1
0,3,3,9,001110110101111000110101000100,1,0,1,0.0912866767861335,0.02298850566148758,1,1
0,3,3,11,001110110101111000110101000100,1,1,0,0.9500619670508048,0.0,1,1
0,3,3,12,001110110101111000110101000100,1,1,0,0.950607146937556,0.15789473056793213,1,1
0,3,3,13,001110110101111000110101000100,1,1,0,0.5734378881232861,0.19512194395065308,1,1
0,3,3,14,001110110101111000110101000100,1,1,0,0.6318372121697993,0.02631578966975212,1,1
0,3,3,18,001110110101111000110101000100,1,1,0,0.6725184560770384,0.0833333358168602,1,1
0,3,3,19,001110110101111000110101000100,1,1,0,0.75237452943768,0.23076923191547394,1,1
0,3,3,21,001110110101111000110101000100,1,1,0,0.7896181427945539,0.16201117634773254,1,1
0,3,3,23,001110110101111000110101000100,1,1,0,0.4944203047025814,0.0,1,1
0,3,3,27,001110110101111000110101000100,1,1,0,0.8877041827582998,0.3478260934352875,1,1
0,3,4,1,011101001001001101101010010110,1,1,0,0.9025529066795668,0.03030303120613098,1,1
0,3,4,2,011101001001001101101010010110,1,1,0,0.5052523724478571,0.23577235639095306,1,1
0,3,4,3,011101001001001101101010010110,1,1,0,0.8264574661077416,0.0,1,1
0,3,4,5,011101001001001101101010010110,1,1,0,0.8955232284962005,0.0,1,1
0,3,4,8,011101001001001101101010010110,1,1,0,0.9053819764192635,0.2469135820865631,1,1
0,3,4,11,011101001001001101101010010110,1,1,0,0.9500619670508048,0.0,1,1
0,3,4,14,011101001001001101101010010110,1,1,0,0.6318372121697993,0.02631578966975212,1,1
0,3,4,15,011101001001001101101010010110,1,1,0,0.4484455219783197,0.013333333656191826,1,1
0,3,4,17,011101001001001101101010010110,1,1,0,0.3286645453699159,0.6428571343421936,1,1
0,3,4,18,011101001001001101101010010110,1,1,0,0.6725184560770384,0.0833333358168602,1,1
0,3,4,20,011101001001001101101010010110,1,1,0,0.7915790437258485,0.0,1,1
0,3,4,22,011101001001001101101010010110,1,0,1,0.0912061030486903,0.4000000059604645,1,1
0,3,4,25,011101001001001101101010010110,1,1,0,0.5495288823237355,0.09803921729326248,1,1
0,3,4,27,011101001001001101101010010110,1,1,0,0.8877041827582998,0.3478260934352875,1,1
0,3,4,28,011101001001001101101010010110,1,1,0,0.3509150125520787,0.27586206793785095,1,1
0,3,5,2,001001001100001100011110010100,1,1,0,0.5052523724478571,0.23577235639095306,1,1
0,3,5,5,001001001100001100011110010100,1,1,0,0.8955232284962005,0.0,1,1
0,3,5,8,001001001100001100011110010100,1,1,0,0.9053819764192635,0.2469135820865631,1,1
0,3,5,9,001001001100001100011110010100,1,0,1,0.0912866767861335,0.02298850566148758,1,1
0,3,5,14,001001001100001100011110010100,1,1,0,0.6318372121697993,0.02631578966975212,1,1
0,3,5,15,001001001100001100011110010100,1,1,0,0.4484455219783197,0.013333333656191826,1,1
0,3,5,19,001001001100001100011110010100,1,1,0,0.75237452943768,0.23076923191547394,1,1
0,3,5,20,001001001100001100011110010100,1,1,0,0.7915790437258485,0.0,1,1
0,3,5,21,001001001100001100011110010100,1,1,0,0.7896181427945539,0.16201117634773254,1,1
0,3,5,22,001001001100001100011110010100,1,0,1,0.0912061030486903,0.4000000059604645,1,1
0,3,5,25,001001001100001100011110010100,1,1,0,0.5495288823237355,0.09803921729326248,1,1
0,3,5,27,001001001100001100011110010100,1,1,0,0.8877041827582998,0.3478260934352875,1,1
0,3,6,0,111111110000011001100001010010,1,1,0,0.1031238688359326,0.3030303120613098,1,1
0,3,6,1,111111110000011001100001010010,1,1,0,0.9025529066795668,0.03030303120613098,1,1
0,3,6,2,111111110000011001100001010010,1,1,0,0.5052523724478571,0.23577235639095306,1,1
0,3,6,3,111111110000011001100001010010,1,1,0,0.8264574661077416,0.0,1,1
0,3,6,4,111111110000011001100001010010,1,1,0,0.3200496010306117,0.0555555559694767,1,1
0,3,6,5,111111110000011001100001010010,1,1,0,0.8955232284962005,0.0,1,1
0,3,6,6,111111110000011001100001010010,1,1,0,0.3892016787341631,0.09130434691905975,1,1
0,3,6,7,111111110000011001100001010010,1,0,1,0.0108376514802983,0.0,1,1
0,3,6,13,111111110000011001100001010010,1,1,0,0.5734378881232861,0.19512194395065308,1,1
0,3,6,14,111111110000011001100001010010,1,1,0,0.6318372121697993,0.02631578966975212,1,1
0,3,6,17,111111110000011001100001010010,1,1,0,0.3286645453699159,0.6428571343421936,1,1
0,3,6,18,111111110000011001100001010010,1,1,0,0.6725184560770384,0.0833333358168602,1,1
0,3,6,23,111111110000011001100001010010,1,1,0,0.4944203047025814,0.0,1,1
0,3,6,25,111111110000011001100001010010,1,1,0,0.5495288823237355,0.09803921729326248,1,1
0,3,6,28,111111110000011001100001010010,1,1,0,0.3509150125520787,0.27586206793785095,1,1
0,3,7,1,011111001111001110011100001000,1,1,0,0.9025529066795668,0.03030303120613098,1,1
0,3,7,2,011111001111001110011100001000,1,1,0,0.5052523724478571,0.23577235639095306,1,1
0,3,7,3,011111001111001110011100001000,1,1,0,0.8264574661077416,0.0,1,1
0,3,7,4,011111001111001110011100001000,1,1,0,0.3200496010306117,0.0555555559694767,1,1
0,3,7,5,011111001111001110011100001000,1,1,0,0.8955232284962005,0.0,1,1
0,3,7,8,011111001111001110011100001000,1,1,0,0.9053819764192635,0.2469135820865631,1,1
0,3,7,9,011111001111001110011100001000,1,0,1,0.0912866767861335,0.02298850566148758,1,1
0,3,7,10,011111001111001110011100001000,1,1,0,0.3193136375904148,0.27272728085517883,1,1
0,3,7,11,011111001111001110011100001000,1,1,0,0.9500619670508048,0.0,1,1
0,3,7,14,011111001111001110011100001000,1,1,0,0.6318372121697993,0.02631578966975212,1,1
0,3,7,15,011111001111001110011100001000,1,1,0,0.4484455219783197,0.013333333656191826,1,1
0,3,7,16,011111001111001110011100001000,1,1,0,0.2932107716980645,0.07894736528396606,1,1
0,3,7,19,011111001111001110011100001000,1,1,0,0.75237452943768,0.23076923191547394,1,1
0,3,7,20,011111001111001110011100001000,1,1,0,0.7915790437258485,0.0,1,1
0,3,7,21,011111001111001110011100001000,1,1,0,0.7896181427945539,0.16201117634773254,1,1
0,3,7,26,011111001111001110011100001000,1,1,0,0.441530501373377,0.0,1,1
0,3,8,0,111100000001010110101110001010,1,1,0,0.1031238688359326,0.3030303120613098,1,1
0,3,8,1,111100000001010110101110001010,1,1,0,0.9025529066795668,0.03030303120613098,1,1
0,3,8,2,111100000001010110101110001010,1,1,0,0.5052523724478571,0.23577235639095306,1,1
0,3,8,3,111100000001010110101110001010,1,1,0,0.8264574661077416,0.0,1,1
0,3,8,11,111100000001010110101110001010,1,1,0,0.9500619670508048,0.0,1,1
0,3,8,13,111100000001010110101110001010,1,1,0,0.5734378881232861,0.19512194395065308,1,1
0,3,8,15,111100000001010110101110001010,1,1,0,0.4484455219783197,0.013333333656191826,1,1
0,3,8,16,111100000001010110101110001010,1,1,0,0.2932107716980645,0.07894736528396606,1,1
0,3,8,18,111100000001010110101110001010,1,1,0,0.6725184560770384,0.0833333358168602,1,1
0,3,8,20,111100000001010110101110001010,1,1,0,0.7915790437258485,0.0,1,1
0,3,8,21,111100000001010110101110001010,1,1,0,0.7896181427945539,0.16201117634773254,1,1
0,3,8,22,111100000001010110101110001010,1,0,1,0.0912061030486903,0.4000000059604645,1,1
0,3,8,26,111100000001010110101110001010,1,1,0,0.441530501373377,0.0,1,1
0,3,8,28,111100000001010110101110001010,1,1,0,0.3509150125520787,0.27586206793785095,1,1
0,3,9,2,001111101101111000110101000110,1,1,0,0.5052523724478571,0.23577235639095306,1,1
0,3,9,3,001111101101111000110101000110,1,1,0,0.8264574661077416,0.0,1,1
0,3,9,4,001111101101111000110101000110,1,1,0,0.3200496010306117,0.0555555559694767,1,1
0,3,9,5,001111101101111000110101000110,1,1,0,0.8955232284962005,0.0,1,1
0,3,9,6,001111101101111000110101000110,1,1,0,0.3892016787341631,0.09130434691905975,1,1
0,3,9,8,001111101101111000110101000110,1,1,0,0.9053819764192635,0.2469135820865631,1,1
0,3,9,9,001111101101111000110101000110,1,0,1,0.0912866767861335,0.02298850566148758,1,1
0,3,9,11,001111101101111000110101000110,1,1,0,0.9500619670508048,0.0,1,1
0,3,9,12,001111101101111000110101000110,1,1,0,0.950607146937556,0.15789473056793213,1,1
0,3,9,13,001111101101111000110101000110,1,1,0,0.5734378881232861,0.19512194395065308,1,1
0,3,9,14,001111101101111000110101000110,1,1,0,0.6318372121697993,0.02631578966975212,1,1
0,3,9,18,001111101101111000110101000110,1,1,0,0.6725184560770384,0.0833333358168602,1,1
0,3,9,19,001111101101111000110101000110,1,1,0,0.75237452943768,0.23076923191547394,1,1
0,3,9,21,001111101101111000110101000110,1,1,0,0.7896181427945539,0.16201117634773254,1,1
0,3,9,23,001111101101111000110101000110,1,1,0,0.4944203047025814,0.0,1,1
0,3,9,27,001111101101111000110101000110,1,1,0,0.8877041827582998,0.3478260934352875,1,1
0,3,9,28,001111101101111000110101000110,1,1,0,0.3509150125520787,0.27586206793785095,1,1
0,4,0,2,001001001000100000010010010110,1,1,0,0.5052523724478571,0.23577235639095306,1,1
0,4,0,5,001001001000100000010010010110,1,1,0,0.8955232284962005,0.0,1,1
0,4,0,8,001001001000100000010010010110,1,1,0,0.9053819764192635,0.2469135820865631,1,1
0,4,0,12,001001001000100000010010010110,1,1,0,0.950607146937556,0.15789473056793213,1,1
0,4,0,19,001001001000100000010010010110,1,1,0,0.75237452943768,0.23076923191547394,1,1
0,4,0,22,001001001000100000010010010110,1,0,1,0.0912061030486903,0.4000000059604645,1,1
0,4,0,25,001001001000100000010010010110,1,1,0,0.5495288823237355,0.09803921729326248,1,1
0,4,0,27,001001001000100000010010010110,1,1,0,0.8877041827582998,0.3478260934352875,1,1
0,4,0,28,001001001000100000010010010110,1,1,0,0.3509150125520787,0.27586206793785095,1,1
0,4,1,0,100100000001010110101101111000,1,1,0,0.1031238688359326,0.3030303120613098,1,1
0,4,1,3,100100000001010110101101111000,1,1,0,0.8264574661077416,0.0,1,1
0,4,1,11,100100000001010110101101111000,1,1,0,0.9500619670508048,0.0,1,1
0,4,1,13,100100000001010110101101111000,1,1,0,0.5734378881232861,0.19512194395065308,1,1
0,4,1,15,100100000001010110101101111000,1,1,0,0.4484455219783197,0.013333333656191826,1,1
0,4,1,16,100100000001010110101101111000,1,1,0,0.2932107716980645,0.07894736528396606,1,1
0,4,1,18,100100000001010110101101111000,1,1,0,0.6725184560770384,0.0833333358168602,1,1
0,4,1,20,100100000001010110101101111000,1,1,0,0.7915790437258485,0.0,1,1
0,4,1,21,100100000001010110101101111000,1,1,0,0.7896181427945539,0.16201117634773254,1,1
0,4,1,23,100100000001010110101101111000,1,1,0,0.4944203047025814,0.0,1,1
0,4,1,24,100100000001010110101101111000,1,0,1,0.0575587600166442,0.1551724076271057,1,1
0,4,1,25,100100000001010110101101111000,1,1,0,0.5495288823237355,0.09803921729326248,1,1
0,4,1,26,100100000001010110101101111000,1,1,0,0.441530501373377,0.0,1,1
0,4,2,1,011101001001001101101010010110,1,1,0,0.9025529066795668,0.03030303120613098,1,1
0,4,2,2,011101001001001101101010010110,1,1,0,0.5052523724478571,0.23577235639095306,1,1
0,4,2,3,011101001001001101101010010110,1,1,0,0.8264574661077416,0.0,1,1
0,4,2,5,011101001001001101101010010110,1,1,0,0.8955232284962005,0.0,1,1
0,4,2,8,011101001001001101101010010110,1,1,0,0.9053819764192635,0.2469135820865631,1,1
0,4,2,11,011101001001001101101010010110,1,1,0,0.9500619670508048,0.0,1,1
0,4,2,14,011101001001001101101010010110,1,1,0,0.6318372121697993,0.02631578966975212,1,1
0,4,2,15,011101001001001101101010010110,1,1,0,0.4484455219783197,0.013333333656191826,1,1
0,4,2,17,011101001001001101101010010110,1,1,0,0.3286645453699159,0.6428571343421936,1,1
0,4,2,18,011101001001001101101010010110,1,1,0,0.6725184560770384,0.0833333358168602,1,1
0,4,2,20,011101001001001101101010010110,1,1,0,0.7915790437258485,0.0,1,1
0,4,2,22,011101001001001101101010010110,1,0,1,0.0912061030486903,0.4000000059604645,1,1
0,4,2,25,011101001001001101101010010110,1,1,0,0.5495288823237355,0.09803921729326248,1,1
0,4,2,27,011101001001001101101010010110,1,1,0,0.8877041827582998,0.3478260934352875,1,1
0,4,2,28,011101001001001101101010010110,1,1,0,0.3509150125520787,0.27586206793785095,1,1
0,4,3,2,001001001100001100011110010100,1,1,0,0.5052523724478571,0.23577235639095306,1,1
0,4,3,5,001001001100001100011110010100,1,1,0,0.8955232284962005,0.0,1,1
0,4,3,8,001001001100001100011110010100,1,1,0,0.9053819764192635,0.2469135820865631,1,1
0,4,3,9,001001001100001100011110010100,1,0,1,0.0912866767861335,0.02298850566148758,1,1
0,4,3,14,001001001100001100011110010100,1,1,0,0.6318372121697993,0.02631578966975212,1,1
0,4,3,15,001001001100001100011110010100,1,1,0,0.4484455219783197,0.013333333656191826,1,1
0,4,3,19,001001001100001100011110010100,1,1,0,0.75237452943768,0.23076923191547394,1,1
0,4,3,20,001001001100001100011110010100,1,1,0,0.7915790437258485,0.0,1,1
0,4,3,21,001001001100001100011110010100,1,1,0,0.7896181427945539,0.16201117634773254,1,1
0,4,3,22,001001001100001100011110010100,1,0,1,0.0912061030486903,0.4000000059604645,1,1
0,4,3,25,001001001100001100011110010100,1,1,0,0.5495288823237355,0.09803921729326248,1,1
0,4,3,27,001001001100001100011110010100,1,1,0,0.8877041827582998,0.3478260934352875,1,1
0,4,4,0,111111110000011001100001010010,1,1,0,0.1031238688359326,0.3030303120613098,1,1
0,4,4,1,111111110000011001100001010010,1,1,0,0.9025529066795668,0.03030303120613098,1,1
0,4,4,2,111111110000011001100001010010,1,1,0,0.5052523724478571,0.23577235639095306,1,1
0,4,4,3,111111110000011001100001010010,1,1,0,0.8264574661077416,0.0,1,1
0,4,4,4,111111110000011001100001010010,1,1,0,0.3200496010306117,0.0555555559694767,1,1
0,4,4,5,111111110000011001100001010010,1,1,0,0.8955232284962005,0.0,1,1
0,4,4,6,111111110000011001100001010010,1,1,0,0.3892016787341631,0.09130434691905975,1,1
0,4,4,7,111111110000011001100001010010,1,0,1,0.0108376514802983,0.0,1,1
0,4,4,13,111111110000011001100001010010,1,1,0,0.5734378881232861,0.19512194395065308,1,1
0,4,4,14,111111110000011001100001010010,1,1,0,0.6318372121697993,0.02631578966975212,1,1
0,4,4,17,111111110000011001100001010010,1,1,0,0.3286645453699159,0.6428571343421936,1,1
0,4,4,18,111111110000011001100001010010,1,1,0,0.6725184560770384,0.0833333358168602,1,1
0,4,4,23,111111110000011001100001010010,1,1,0,0.4944203047025814,0.0,1,1
0,4,4,25,111111110000011001100001010010,1,1,0,0.5495288823237355,0.09803921729326248,1,1
0,4,4,28,111111110000011001100001010010,1,1,0,0.3509150125520787,0.27586206793785095,1,1
0,4,5,0,111100000001010110101110001010,1,1,0,0.1031238688359326,0.3030303120613098,1,1
0,4,5,1,111100000001010110101110001010,1,1,0,0.9025529066795668,0.03030303120613098,1,1
0,4,5,2,111100000001010110101110001010,1,1,0,0.5052523724478571,0.23577235639095306,1,1
0,4,5,3,111100000001010110101110001010,1,1,0,0.8264574661077416,0.0,1,1
0,4,5,11,111100000001010110101110001010,1,1,0,0.9500619670508048,0.0,1,1
0,4,5,13,111100000001010110101110001010,1,1,0,0.5734378881232861,0.19512194395065308,1,1
0,4,5,15,111100000001010110101110001010,1,1,0,0.4484455219783197,0.013333333656191826,1,1
0,4,5,16,111100000001010110101110001010,1,1,0,0.2932107716980645,0.07894736528396606,1,1
0,4,5,18,111100000001010110101110001010,1,1,0,0.6725184560770384,0.0833333358168602,1,1
0,4,5,20,111100000001010110101110001010,1,1,0,0.7915790437258485,0.0,1,1
0,4,5,21,111100000001010110101110001010,1,1,0,0.7896181427945539,0.16201117634773254,1,1
0,4,5,22,111100000001010110101110001010,1,0,1,0.0912061030486903,0.4000000059604645,1,1
0,4,5,26,111100000001010110101110001010,1,1,0,0.441530501373377,0.0,1,1
0,4,5,28,111100000001010110101110001010,1,1,0,0.3509150125520787,0.27586206793785095,1,1
0,4,6,3,000101001000100000010101100110,1,1,0,0.8264574661077416,0.0,1,1
0,4,6,5,000101001000100000010101100110,1,1,0,0.8955232284962005,0.0,1,1
0,4,6,8,000101001000100000010101100110,1,1,0,0.9053819764192635,0.2469135820865631,1,1
0,4,6,12,000101001000100000010101100110,1,1,0,0.950607146937556,0.15789473056793213,1,1
0,4,6,19,000101001000100000010101100110,1,1,0,0.75237452943768,0.23076923191547394,1,1
0,4,6,21,000101001000100000010101100110,1,1,0,0.7896181427945539,0.16201117634773254,1,1
0,4,6,23,000101001000100000010101100110,1,1,0,0.4944203047025814,0.0,1,1
0,4,6,24,000101001000100000010101100110,1,0,1,0.0575587600166442,0.1551724076271057,1,1
0,4,6,27,000101001000100000010101100110,1,1,0,0.8877041827582998,0.3478260934352875,1,1
0,4,6,28,000101001000100000010101100110,1,1,0,0.3509150125520787,0.27586206793785095,1,1
0,4,7,1,011001110000011001100000011110,1,1,0,0.9025529066795668,0.03030303120613098,1,1
0,4,7,2,011001110000011001100000011110,1,1,0,0.5052523724478571,0.23577235639095306,1,1
0,4,7,5,011001110000011001100000011110,1,1,0,0.8955232284962005,0.0,1,1
0,4,7,6,011001110000011001100000011110,1,1,0,0.3892016787341631,0.09130434691905975,1,1
0,4,7,7,011001110000011001100000011110,1,0,1,0.0108376514802983,0.0,1,1
0,4,7,13,011001110000011001100000011110,1,1,0,0.5734378881232861,0.19512194395065308,1,1
0,4,7,14,011001110000011001100000011110,1,1,0,0.6318372121697993,0.02631578966975212,1,1
0,4,7,17,011001110000011001100000011110,1,1,0,0.3286645453699159,0.6428571343421936,1,1
0,4,7,18,011001110000011001100000011110,1,1,0,0.6725184560770384,0.0833333358168602,1,1
0,4,7,25,011001110000011001100000011110,1,1,0,0.5495288823237355,0.09803921729326248,1,1
0,4,7,26,011001110000011001100000011110,1,1,0,0.441530501373377,0.0,1,1
0,4,7,27,011001110000011001100000011110,1,1,0,0.8877041827582998,0.3478260934352875,1,1
0,4,7,28,011001110000011001100000011110,1,1,0,0.3509150125520787,0.27586206793785095,1,1
0,4,8,1,011110101101011100101100001000,1,1,0,0.9025529066795668,0.03030303120613098,1,1
0,4,8,2,011110101101011100101100001000,1,1,0,0.5052523724478571,0.23577235639095306,1,1
0,4,8,3,011110101101011100101100001000,1,1,0,0.8264574661077416,0.0,1,1
0,4,8,4,011110101101011100101100001000,1,1,0,0.3200496010306117,0.0555555559694767,1,1
0,4,8,6,011110101101011100101100001000,1,1,0,0.3892016787341631,0.09130434691905975,1,1
0,4,8,8,011110101101011100101100001000,1,1,0,0.9053819764192635,0.2469135820865631,1,1
0,4,8,9,011110101101011100101100001000,1,0,1,0.0912866767861335,0.02298850566148758,1,1
0,4,8,11,011110101101011100101100001000,1,1,0,0.9500619670508048,0.0,1,1
0,4,8,13,011110101101011100101100001000,1,1,0,0.5734378881232861,0.19512194395065308,1,1
0,4,8,14,011110101101011100101100001000,1,1,0,0.6318372121697993,0.02631578966975212,1,1
0,4,8,15,011110101101011100101100001000,1,1,0,0.4484455219783197,0.013333333656191826,1,1
0,4,8,18,011110101101011100101100001000,1,1,0,0.6725184560770384,0.0833333358168602,1,1
0,4,8,20,011110101101011100101100001000,1,1,0,0.7915790437258485,0.0,1,1
0,4,8,21,011110101101011100101100001000,1,1,0,0.7896181427945539,0.16201117634773254,1,1
0,4,8,26,011110101101011100101100001000,1,1,0,0.441530501373377,0.0,1,1
0,4,9,2,001001001000100000000010010100,1,1,0,0.5052523724478571,0.23577235639095306,1,1
0,4,9,5,001001001000100000000010010100,1,1,0,0.8955232284962005,0.0,1,1
0,4,9,8,001001001000100000000010010100,1,1,0,0.9053819764192635,0.2469135820865631,1,1
0,4,9,12,001001001000100000000010010100,1,1,0,0.950607146937556,0.15789473056793213,1,1
0,4,9,22,001001001000100000000010010100,1,0,1,0.0912061030486903,0.4000000059604645,1,1
0,4,9,25,001001001000100000000010010100,1,1,0,0.5495288823237355,0.09803921729326248,1,1
0,4,9,27,001001001000100000000010010100,1,1,0,0.8877041827582998,0.3478260934352875,1,1
0,4,10,1,010111100000100000010101101110,1,1,0,0.9025529066795668,0.03030303120613098,1,1
0,4,10,3,010111100000100000010101101110,1,1,0,0.8264574661077416,0.0,1,1
0,4,10,4,010111100000100000010101101110,1,1,0,0.3200496010306117,0.0555555559694767,1,1
0,4,10,5,010111100000100000010101101110,1,1,0,0.8955232284962005,0.0,1,1
0,4,10,6,010111100000100000010101101110,1,1,0,0.3892016787341631,0.09130434691905975,1,1
0,4,10,12,010111100000100000010101101110,1,1,0,0.950607146937556,0.15789473056793213,1,1
0,4,10,19,010111100000100000010101101110,1,1,0,0.75237452943768,0.23076923191547394,1,1
0,4,10,21,010111100000100000010101101110,1,1,0,0.7896181427945539,0.16201117634773254,1,1
0,4,10,23,010111100000100000010101101110,1,1,0,0.4944203047025814,0.0,1,1
0,4,10,24,010111100000100000010101101110,1,0,1,0.0575587600166442,0.1551724076271057,1,1
0,4,10,26,010111100000100000010101101110,1,1,0,0.441530501373377,0.0,1,1
0,4,10,27,010111100000100000010101101110,1,1,0,0.8877041827582998,0.3478260934352875,1,1
0,4,10,28,010111100000100000010101101110,1,1,0,0.3509150125520787,0.27586206793785095,1,1
0,4,11,1,011110101101011100011100001000,1,1,0,0.9025529066795668,0.03030303120613098,1,1
0,4,11,2,011110101101011100011100001000,1,1,0,0.5052523724478571,0.23577235639095306,1,1
0,4,11,3,011110101101011100011100001000,1,1,0,0.8264574661077416,0.0,1,1
0,4,11,4,011110101101011100011100001000,1,1,0,0.3200496010306117,0.0555555559694767,1,1
0,4,11,6,011110101101011100011100001000,1,1,0,0.3892016787341631,0.09130434691905975,1,1
0,4,11,8,011110101101011100011100001000,1,1,0,0.9053819764192635,0.2469135820865631,1,1
0,4,11,9,011110101101011100011100001000,1,0,1,0.0912866767861335,0.02298850566148758,1,1
0,4,11,11,011110101101011100011100001000,1,1,0,0.9500619670508048,0.0,1,1
0,4,11,13,011110101101011100011100001000,1,1,0,0.5734378881232861,0.19512194395065308,1,1
0,4,11,14,011110101101011100011100001000,1,1,0,0.6318372121697993,0.02631578966975212,1,1
0,4,11,15,011110101101011100011100001000,1,1,0,0.4484455219783197,0.013333333656191826,1,1
0,4,11,19,011110101101011100011100001000,1,1,0,0.75237452943768,0.23076923191547394,1,1
0,4,11,20,011110101101011100011100001000,1,1,0,0.7915790437258485,0.0,1,1
0,4,11,21,011110101101011100011100001000,1,1,0,0.7896181427945539,0.16201117634773254,1,1
0,4,11,26,011110101101011100011100001000,1,1,0,0.441530501373377,0.0,1,1
0,4,12,0,110110000001010110101111111000,1,1,0,0.1031238688359326,0.3030303120613098,1,1
0,4,12,1,110110000001010110101111111000,1,1,0,0.9025529066795668,0.03030303120613098,1,1
0,4,12,3,110110000001010110101111111000,1,1,0,0.8264574661077416,0.0,1,1
0,4,12,4,110110000001010110101111111000,1,1,0,0.3200496010306117,0.0555555559694767,1,1
0,4,12,11,110110000001010110101111111000,1,1,0,0.9500619670508048,0.0,1,1
0,4,12,13,110110000001010110101111111000,1,1,0,0.5734378881232861,0.19512194395065308,1,1
0,4,12,15,110110000001010110101111111000,1,1,0,0.4484455219783197,0.013333333656191826,1,1
0,4,12,16,110110000001010110101111111000,1,1,0,0.2932107716980645,0.07894736528396606,1,1
0,4,12,18,110110000001010110101111111000,1,1,0,0.6725184560770384,0.0833333358168602,1,1
0,4,12,20,110110000001010110101111111000,1,1,0,0.7915790437258485,0.0,1,1
0,4,12,21,110110000001010110101111111000,1,1,0,0.7896181427945539,0.16201117634773254,1,1
0,4,12,22,110110000001010110101111111000,1,0,1,0.0912061030486903,0.4000000059604645,1,1
0,4,12,23,110110000001010110101111111000,1,1,0,0.4944203047025814,0.0,1,1
0,4,12,24,110110000001010110101111111000,1,0,1,0.0575587600166442,0.1551724076271057,1,1
0,4,12,25,110110000001010110101111111000,1,1,0,0.5495288823237355,0.09803921729326248,1,1
0,4,12,26,110110000001010110101111111000,1,1,0,0.441530501373377,0.0,1,1
0,4,13,1,010110100101011000110101000100,1,1,0,0.9025529066795668,0.03030303120613098,1,1
0,4,13,3,010110100101011000110101000100,1,1,0,0.8264574661077416,0.0,1,1
0,4,13,4,010110100101011000110101000100,1,1,0,0.3200496010306117,0.0555555559694767,1,1
0,4,13,6,010110100101011000110101000100,1,1,0,0.3892016787341631,0.09130434691905975,1,1
0,4,13,9,010110100101011000110101000100,1,0,1,0.0912866767861335,0.02298850566148758,1,1
0,4,13,11,010110100101011000110101000100,1,1,0,0.9500619670508048,0.0,1,1
0,4,13,13,010110100101011000110101000100,1,1,0,0.5734378881232861,0.19512194395065308,1,1
0,4,13,14,010110100101011000110101000100,1,1,0,0.6318372121697993,0.02631578966975212,1,1
0,4,13,18,010110100101011000110101000100,1,1,0,0.6725184560770384,0.0833333358168602,1,1
0,4,13,19,010110100101011000110101000100,1,1,0,0.75237452943768,0.23076923191547394,1,1
0,4,13,21,010110100101011000110101000100,1,1,0,0.7896181427945539,0.16201117634773254,1,1
0,4,13,23,010110100101011000110101000100,1,1,0,0.4944203047025814,0.0,1,1
0,4,13,27,010110100101011000110101000100,1,1,0,0.8877041827582998,0.3478260934352875,1,1
0,5,0,2,001001001000100000010010010110,1,1,0,0.5052523724478571,0.23577235639095306,1,1
0,5,0,5,001001001000100000010010010110,1,1,0,0.8955232284962005,0.0,1,1
0,5,0,8,001001001000100000010010010110,1,1,0,0.9053819764192635,0.2469135820865631,1,1
0,5,0,12,001001001000100000010010010110,1,1,0,0.950607146937556,0.15789473056793213,1,1
0,5,0,19,001001001000100000010010010110,1,1,0,0.75237452943768,0.23076923191547394,1,1
0,5,0,22,001001001000100000010010010110,1,0,1,0.0912061030486903,0.4000000059604645,1,1
0,5,0,25,001001001000100000010010010110,1,1,0,0.5495288823237355,0.09803921729326248,1,1
0,5,0,27,001001001000100000010010010110,1,1,0,0.8877041827582998,0.3478260934352875,1,1
0,5,0,28,001001001000100000010010010110,1,1,0,0.3509150125520787,0.27586206793785095,1,1
0,5,1,0,111111110000011001100001010010,1,1,0,0.1031238688359326,0.3030303120613098,1,1
0,5,1,1,111111110000011001100001010010,1,1,0,0.9025529066795668,0.03030303120613098,1,1
0,5,1,2,111111110000011001100001010010,1,1,0,0.5052523724478571,0.23577235639095306,1,1
0,5,1,3,111111110000011001100001010010,1,1,0,0.8264574661077416,0.0,1,1
0,5,1,4,111111110000011001100001010010,1,1,0,0.3200496010306117,0.0555555559694767,1,1
0,5,1,5,111111110000011001100001010010,1,1,0,0.8955232284962005,0.0,1,1
0,5,1,6,111111110000011001100001010010,1,1,0,0.3892016787341631,0.09130434691905975,1,1
0,5,1,7,111111110000011001100001010010,1,0,1,0.0108376514802983,0.0,1,1
0,5,1,13,111111110000011001100001010010,1,1,0,0.5734378881232861,0.19512194395065308,1,1
0,5,1,14,111111110000011001100001010010,1,1,0,0.6318372121697993,0.02631578966975212,1,1
0,5,1,17,111111110000011001100001010010,1,1,0,0.3286645453699159,0.6428571343421936,1,1
0,5,1,18,111111110000011001100001010010,1,1,0,0.6725184560770384,0.0833333358168602,1,1
0,5,1,23,111111110000011001100001010010,1,1,0,0.4944203047025814,0.0,1,1
0,5,1,25,111111110000011001100001010010,1,1,0,0.5495288823237355,0.09803921729326248,1,1
0,5,1,28,111111110000011001100001010010,1,1,0,0.3509150125520787,0.27586206793785095,1,1
0,5,2,0,111100000001010110101110001010,1,1,0,0.1031238688359326,0.3030303120613098,1,1
0,5,2,1,111100000001010110101110001010,1,1,0,0.9025529066795668,0.03030303120613098,1,1
0,5,2,2,111100000001010110101110001010,1,1,0,0.5052523724478571,0.23577235639095306,1,1
0,5,2,3,111100000001010110101110001010,1,1,0,0.8264574661077416,0.0,1,1
0,5,2,11,111100000001010110101110001010,1,1,0,0.9500619670508048,0.0,1,1
0,5,2,13,111100000001010110101110001010,1,1,0,0.5734378881232861,0.19512194395065308,1,1
0,5,2,15,111100000001010110101110001010,1,1,0,0.4484455219783197,0.013333333656191826,1,1
0,5,2,16,111100000001010110101110001010,1,1,0,0.2932107716980645,0.07894736528396606,1,1
0,5,2,18,111100000001010110101110001010,1,1,0,0.6725184560770384,0.0833333358168602,1,1
0,5,2,20,111100000001010110101110001010,1,1,0,0.7915790437258485,0.0,1,1
0,5,2,21,111100000001010110101110001010,1,1,0,0.7896181427945539,0.16201117634773254,1,1
0,5,2,22,111100000001010110101110001010,1,0,1,0.0912061030486903,0.4000000059604645,1,1
0,5,2,26,111100000001010110101110001010,1,1,0,0.441530501373377,0.0,1,1
0,5,2,28,111100000001010110101110001010,1,1,0,0.3509150125520787,0.27586206793785095,1,1
0,5,3,1,011001110000011001100000011110,1,1,0,0.9025529066795668,0.03030303120613098,1,1
0,5,3,2,011001110000011001100000011110,1,1,0,0.5052523724478571,0.23577235639095306,1,1
0,5,3,5,011001110000011001100000011110,1,1,0,0.8955232284962005,0.0,1,1
0,5,3,6,011001110000011001100000011110,1,1,0,0.3892016787341631,0.09130434691905975,1,1
0,5,3,7,011001110000011001100000011110,1,0,1,0.0108376514802983,0.0,1,1
0,5,3,13,011001110000011001100000011110,1,1,0,0.5734378881232861,0.19512194395065308,1,1
0,5,3,14,011001110000011001100000011110,1,1,0,0.6318372121697993,0.02631578966975212,1,1
0,5,3,17,011001110000011001100000011110,1,1,0,0.3286645453699159,0.6428571343421936,1,1
0,5,3,18,011001110000011001100000011110,1,1,0,0.6725184560770384,0.0833333358168602,1,1
0,5,3,25,011001110000011001100000011110,1,1,0,0.5495288823237355,0.09803921729326248,1,1
0,5,3,26,011001110000011001100000011110,1,1,0,0.441530501373377,0.0,1,1
0,5,3,27,011001110000011001100000011110,1,1,0,0.8877041827582998,0.3478260934352875,1,1
0,5,3,28,011001110000011001100000011110,1,1,0,0.3509150125520787,0.27586206793785095,1,1
0,5,4,1,011110101101011100101100001000,1,1,0,0.9025529066795668,0.03030303120613098,1,1
0,5,4,2,011110101101011100101100001000,1,1,0,0.5052523724478571,0.23577235639095306,1,1
0,5,4,3,011110101101011100101100001000,1,1,0,0.8264574661077416,0.0,1,1
0,5,4,4,011110101101011100101100001000,1,1,0,0.3200496010306117,0.0555555559694767,1,1
0,5,4,6,011110101101011100101100001000,1,1,0,0.3892016787341631,0.09130434691905975,1,1
0,5,4,8,011110101101011100101100001000,1,1,0,0.9053819764192635,0.2469135820865631,1,1
0,5,4,9,011110101101011100101100001000,1,0,1,0.0912866767861335,0.02298850566148758,1,1
0,5,4,11,011110101101011100101100001000,1,1,0,0.9500619670508048,0.0,1,1
0,5,4,13,011110101101011100101100001000,1,1,0,0.5734378881232861,0.19512194395065308,1,1
0,5,4,14,011110101101011100101100001000,1,1,0,0.6318372121697993,0.02631578966975212,1,1
0,5,4,15,011110101101011100101100001000,1,1,0,0.4484455219783197,0.013333333656191826,1,1
0,5,4,18,011110101101011100101100001000,1,1,0,0.6725184560770384,0.0833333358168602,1,1
0,5,4,20,011110101101011100101100001000,1,1,0,0.7915790437258485,0.0,1,1
0,5,4,21,011110101101011100101100001000,1,1,0,0.7896181427945539,0.16201117634773254,1,1
0,5,4,26,011110101101011100101100001000,1,1,0,0.441530501373377,0.0,1,1
0,5,5,2,001001001000100000000010010100,1,1,0,0.5052523724478571,0.23577235639095306,1,1
0,5,5,5,001001001000100000000010010100,1,1,0,0.8955232284962005,0.0,1,1
0,5,5,8,001001001000100000000010010100,1,1,0,0.9053819764192635,0.2469135820865631,1,1
0,5,5,12,001001001000100000000010010100,1,1,0,0.950607146937556,0.15789473056793213,1,1
0,5,5,22,001001001000100000000010010100,1,0,1,0.0912061030486903,0.4000000059604645,1,1
0,5,5,25,001001001000100000000010010100,1,1,0,0.5495288823237355,0.09803921729326248,1,1
0,5,5,27,001001001000100000000010010100,1,1,0,0.8877041827582998,0.3478260934352875,1,1
0,5,6,0,110110000001010110101111111000,1,1,0,0.1031238688359326,0.3030303120613098,1,1
0,5,6,1,110110000001010110101111111000,1,1,0,0.9025529066795668,0.03030303120613098,1,1
0,5,6,3,110110000001010110101111111000,1,1,0,0.8264574661077416,0.0,1,1
0,5,6,4,110110000001010110101111111000,1,1,0,0.3200496010306117,0.0555555559694767,1,1
0,5,6,11,110110000001010110101111111000,1,1,0,0.9500619670508048,0.0,1,1
0,5,6,13,110110000001010110101111111000,1,1,0,0.5734378881232861,0.19512194395065308,1,1
0,5,6,15,110110000001010110101111111000,1,1,0,0.4484455219783197,0.013333333656191826,1,1
0,5,6,16,110110000001010110101111111000,1,1,0,0.2932107716980645,0.07894736528396606,1,1
0,5,6,18,110110000001010110101111111000,1,1,0,0.6725184560770384,0.0833333358168602,1,1
0,5,6,20,110110000001010110101111111000,1,1,0,0.7915790437258485,0.0,1,1
0,5,6,21,110110000001010110101111111000,1,1,0,0.7896181427945539,0.16201117634773254,1,1
0,5,6,22,110110000001010110101111111000,1,0,1,0.0912061030486903,0.4000000059604645,1,1
0,5,6,23,110110000001010110101111111000,1,1,0,0.4944203047025814,0.0,1,1
0,5,6,24,110110000001010110101111111000,1,0,1,0.0575587600166442,0.1551724076271057,1,1
0,5,6,25,110110000001010110101111111000,1,1,0,0.5495288823237355,0.09803921729326248,1,1
0,5,6,26,110110000001010110101111111000,1,1,0,0.441530501373377,0.0,1,1
0,5,7,1,010110100101011000110101000100,1,1,0,0.9025529066795668,0.03030303120613098,1,1
0,5,7,3,010110100101011000110101000100,1,1,0,0.8264574661077416,0.0,1,1
0,5,7,4,010110100101011000110101000100,1,1,0,0.3200496010306117,0.0555555559694767,1,1
0,5,7,6,010110100101011000110101000100,1,1,0,0.3892016787341631,0.09130434691905975,1,1
0,5,7,9,010110100101011000110101000100,1,0,1,0.0912866767861335,0.02298850566148758,1,1
0,5,7,11,010110100101011000110101000100,1,1,0,0.9500619670508048,0.0,1,1
0,5,7,13,010110100101011000110101000100,1,1,0,0.5734378881232861,0.19512194395065308,1,1
0,5,7,14,010110100101011000110101000100,1,1,0,0.6318372121697993,0.02631578966975212,1,1
0,5,7,18,010110100101011000110101000100,1,1,0,0.6725184560770384,0.0833333358168602,1,1
0,5,7,19,010110100101011000110101000100,1,1,0,0.75237452943768,0.23076923191547394,1,1
0,5,7,21,010110100101011000110101000100,1,1,0,0.7896181427945539,0.16201117634773254,1,1
0,5,7,23,010110100101011000110101000100,1,1,0,0.4944203047025814,0.0,1,1
0,5,7,27,010110100101011000110101000100,1,1,0,0.8877041827582998,0.3478260934352875,1,1
0,5,8,3,000101001001100000000010010100,1,1,0,0.8264574661077416,0.0,1,1
0,5,8,5,000101001001100000000010010100,1,1,0,0.8955232284962005,0.0,1,1
0,5,8,8,000101001001100000000010010100,1,1,0,0.9053819764192635,0.2469135820865631,1,1
0,5,8,11,000101001001100000000010010100,1,1,0,0.9500619670508048,0.0,1,1
0,5,8,12,000101001001100000000010010100,1,1,0,0.950607146937556,0.15789473056793213,1,1
0,5,8,22,000101001001100000000010010100,1,0,1,0.0912061030486903,0.4000000059604645,1,1
0,5,8,25,000101001001100000000010010100,1,1,0,0.5495288823237355,0.09803921729326248,1,1
0,5,8,27,000101001001100000000010010100,1,1,0,0.8877041827582998,0.3478260934352875,1,1
0,5,9,1,011110001000100000010100001000,1,1,0,0.9025529066795668,0.03030303120613098,1,1
0,5,9,2,011110001000100000010100001000,1,1,0,0.5052523724478571,0.23577235639095306,1,1
0,5,9,3,011110001000100000010100001000,1,1,0,0.8264574661077416,0.0,1,1
0,5,9,4,011110001000100000010100001000,1,1,0,0.3200496010306117,0.0555555559694767,1,1
0,5,9,8,011110001000100000010100001000,1,1,0,0.9053819764192635,0.2469135820865631,1,1
0,5,9,12,011110001000100000010100001000,1,1,0,0.950607146937556,0.15789473056793213,1,1
0,5,9,19,011110001000100000010100001000,1,1,0,0.75237452943768,0.23076923191547394,1,1
0,5,9,21,011110001000100000010100001000,1,1,0,0.7896181427945539,0.16201117634773254,1,1
0,5,9,26,011110001000100000010100001000,1,1,0,0.441530501373377,0.0,1,1
0,5,10,2,001011001000100000000010010100,1,1,0,0.5052523724478571,0.23577235639095306,1,1
0,5,10,4,001011001000100000000010010100,1,1,0,0.3200496010306117,0.0555555559694767,1,1
0,5,10,5,001011001000100000000010010100,1,1,0,0.8955232284962005,0.0,1,1
0,5,10,8,001011001000100000000010010100,1,1,0,0.9053819764192635,0.2469135820865631,1,1
0,5,10,12,001011001000100000000010010100,1,1,0,0.950607146937556,0.15789473056793213,1,1
0,5,10,22,001011001000100000000010010100,1,0,1,0.0912061030486903,0.4000000059604645,1,1
0,5,10,25,001011001000100000000010010100,1,1,0,0.5495288823237355,0.09803921729326248,1,1
0,5,10,27,001011001000100000000010010100,1,1,0,0.8877041827582998,0.3478260934352875,1,1
0,5,11,0,110101000001000010001111111000,1,1,0,0.1031238688359326,0.3030303120613098,1,1
0,5,11,1,110101000001000010001111111000,1,1,0,0.9025529066795668,0.03030303120613098,1,1
0,5,11,3,110101000001000010001111111000,1,1,0,0.8264574661077416,0.0,1,1
0,5,11,5,110101000001000010001111111000,1,1,0,0.8955232284962005,0.0,1,1
0,5,11,11,110101000001000010001111111000,1,1,0,0.9500619670508048,0.0,1,1
0,5,11,16,110101000001000010001111111000,1,1,0,0.2932107716980645,0.07894736528396606,1,1
0,5,11,20,110101000001000010001111111000,1,1,0,0.7915790437258485,0.0,1,1
0,5,11,21,110101000001000010001111111000,1,1,0,0.7896181427945539,0.16201117634773254,1,1
0,5,11,22,110101000001000010001111111000,1,0,1,0.0912061030486903,0.4000000059604645,1,1
0,5,11,23,110101000001000010001111111000,1,1,0,0.4944203047025814,0.0,1,1
0,5,11,24,110101000001000010001111111000,1,0,1,0.0575587600166442,0.1551724076271057,1,1
0,5,11,25,110101000001000010001111111000,1,1,0,0.5495288823237355,0.09803921729326248,1,1
0,5,11,26,110101000001000010001111111000,1,1,0,0.441530501373377,0.0,1,1
0,5,12,0,111110100001001101100001010010,1,1,0,0.1031238688359326,0.3030303120613098,1,1
0,5,12,1,111110100001001101100001010010,1,1,0,0.9025529066795668,0.03030303120613098,1,1
0,5,12,2,111110100001001101100001010010,1,1,0,0.5052523724478571,0.23577235639095306,1,1
0,5,12,3,111110100001001101100001010010,1,1,0,0.8264574661077416,0.0,1,1
0,5,12,4,111110100001001101100001010010,1,1,0,0.3200496010306117,0.0555555559694767,1,1
0,5,12,6,111110100001001101100001010010,1,1,0,0.3892016787341631,0.09130434691905975,1,1
0,5,12,11,111110100001001101100001010010,1,1,0,0.9500619670508048,0.0,1,1
0,5,12,14,111110100001001101100001010010,1,1,0,0.6318372121697993,0.02631578966975212,1,1
0,5,12,15,111110100001001101100001010010,1,1,0,0.4484455219783197,0.013333333656191826,1,1
0,5,12,17,111110100001001101100001010010,1,1,0,0.3286645453699159,0.6428571343421936,1,1
0,5,12,18,111110100001001101100001010010,1,1,0,0.6725184560770384,0.0833333358168602,1,1
0,5,12,23,111110100001001101100001010010,1,1,0,0.4944203047025814,0.0,1,1
0,5,12,25,111110100001001101100001010010,1,1,0,0.5495288823237355,0.09803921729326248,1,1
0,5,12,28,111110100001001101100001010010,1,1,0,0.3509150125520787,0.27586206793785095,1,1
0,5,13,1,010101001111001110100100001000,1,1,0,0.9025529066795668,0.03030303120613098,1,1
0,5,13,3,010101001111001110100100001000,1,1,0,0.8264574661077416,0.0,1,1
0,5,13,5,010101001111001110100100001000,1,1,0,0.8955232284962005,0.0,1,1
0,5,13,8,010101001111001110100100001000,1,1,0,0.9053819764192635,0.2469135820865631,1,1
0,5,13,9,010101001111001110100100001000,1,0,1,0.0912866767861335,0.02298850566148758,1,1
0,5,13,10,010101001111001110100100001000,1,1,0,0.3193136375904148,0.27272728085517883,1,1
0,5,13,11,010101001111001110100100001000,1,1,0,0.9500619670508048,0.0,1,1
0,5,13,14,010101001111001110100100001000,1,1,0,0.6318372121697993,0.02631578966975212,1,1
0,5,13,15,010101001111001110100100001000,1,1,0,0.4484455219783197,0.013333333656191826,1,1
0,5,13,16,010101001111001110100100001000,1,1,0,0.2932107716980645,0.07894736528396606,1,1
0,5,13,18,010101001111001110100100001000,1,1,0,0.6725184560770384,0.0833333358168602,1,1
0,5,13,21,010101001111001110100100001000,1,1,0,0.7896181427945539,0.16201117634773254,1,1
0,5,13,26,010101001111001110100100001000,1,1,0,0.441530501373377,0.0,1,1
0,5,14,1,011110110000011100100011111001,1,1,0,0.9025529066795668,0.03030303120613098,1,1
0,5,14,2,011110110000011100100011111001,1,1,0,0.5052523724478571,0.23577235639095306,1,1
0,5,14,3,011110110000011100100011111001,1,1,0,0.8264574661077416,0.0,1,1
0,5,14,4,011110110000011100100011111001,1,1,0,0.3200496010306117,0.0555555559694767,1,1
0,5,14,6,011110110000011100100011111001,1,1,0,0.3892016787341631,0.09130434691905975,1,1
0,5,14,7,011110110000011100100011111001,1,0,1,0.0108376514802983,0.0,1,1
0,5,14,13,011110110000011100100011111001,1,1,0,0.5734378881232861,0.19512194395065308,1,1
0,5,14,14,011110110000011100100011111001,1,1,0,0.6318372121697993,0.02631578966975212,1,1
0,5,14,15,011110110000011100100011111001,1,1,0,0.4484455219783197,0.013333333656191826,1,1
0,5,14,18,011110110000011100100011111001,1,1,0,0.6725184560770384,0.0833333358168602,1,1
0,5,14,22,011110110000011100100011111001,1,0,1,0.0912061030486903,0.4000000059604645,1,1
0,5,14,23,011110110000011100100011111001,1,1,0,0.4944203047025814,0.0,1,1
0,5,14,24,011110110000011100100011111001,1,0,1,0.0575587600166442,0.1551724076271057,1,1
0,5,14,25,011110110000011100100011111001,1,1,0,0.5495288823237355,0.09803921729326248,1,1
0,5,14,26,011110110000011100100011111001,1,1,0,0.441530501373377,0.0,1,1
0,5,14,29,011110110000011100100011111001,1,1,0,0.1170670164276058,0.1428571492433548,1,1
0,5,15,1,010110100000100000010101000000,1,1,0,0.9025529066795668,0.03030303120613098,1,1
0,5,15,3,010110100000100000010101000000,1,1,0,0.8264574661077416,0.0,1,1
0,5,15,4,010110100000100000010101000000,1,1,0,0.3200496010306117,0.0555555559694767,1,1
0,5,15,6,010110100000100000010101000000,1,1,0,0.3892016787341631,0.09130434691905975,1,1
0,5,15,12,010110100000100000010101000000,1,1,0,0.950607146937556,0.15789473056793213,1,1
0,5,15,19,010110100000100000010101000000,1,1,0,0.75237452943768,0.23076923191547394,1,1
0,5,15,21,010110100000100000010101000000,1,1,0,0.7896181427945539,0.16201117634773254,1,1
0,5,15,23,010110100000100000010101000000,1,1,0,0.4944203047025814,0.0,1,1
0,5,16,1,011111101001011100101100001000,1,1,0,0.9025529066795668,0.03030303120613098,1,1
0,5,16,2,011111101001011100101100001000,1,1,0,0.5052523724478571,0.23577235639095306,1,1
0,5,16,3,011111101001011100101100001000,1,1,0,0.8264574661077416,0.0,1,1
0,5,16,4,011111101001011100101100001000,1,1,0,0.3200496010306117,0.0555555559694767,1,1
0,5,16,5,011111101001011100101100001000,1,1,0,0.8955232284962005,0.0,1,1
0,5,16,6,011111101001011100101100001000,1,1,0,0.3892016787341631,0.09130434691905975,1,1
0,5,16,8,011111101001011100101100001000,1,1,0,0.9053819764192635,0.2469135820865631,1,1
0,5,16,11,011111101001011100101100001000,1,1,0,0.9500619670508048,0.0,1,1
0,5,16,13,011111101001011100101100001000,1,1,0,0.5734378881232861,0.19512194395065308,1,1
0,5,16,14,011111101001011100101100001000,1,1,0,0.6318372121697993,0.02631578966975212,1,1
0,5,16,15,011111101001011100101100001000,1,1,0,0.4484455219783197,0.013333333656191826,1,1
0,5,16,18,011111101001011100101100001000,1,1,0,0.6725184560770384,0.0833333358168602,1,1
0,5,16,20,011111101001011100101100001000,1,1,0,0.7915790437258485,0.0,1,1
0,5,16,21,011111101001011100101100001000,1,1,0,0.7896181427945539,0.16201117634773254,1,1
0,5,16,26,011111101001011100101100001000,1,1,0,0.441530501373377,0.0,1,1
0,5,17,8,000000001000100000010010000110,1,1,0,0.9053819764192635,0.2469135820865631,1,1
0,5,17,12,000000001000100000010010000110,1,1,0,0.950607146937556,0.15789473056793213,1,1
0,5,17,19,000000001000100000010010000110,1,1,0,0.75237452943768,0.23076923191547394,1,1
0,5,17,22,000000001000100000010010000110,1,0,1,0.0912061030486903,0.4000000059604645,1,1
0,5,17,27,000000001000100000010010000110,1,1,0,0.8877041827582998,0.3478260934352875,1,1
0,5,17,28,000000001000100000010010000110,1,1,0,0.3509150125520787,0.27586206793785095,1,1
1,1,0,2,001111101111111000110101000110,1,1,0,0.56,0.2520325183868408,1,1
1,1,0,3,001111101111111000110101000110,1,1,0,0.73,0.4545454680919647,2,2
1,1,0,4,001111101111111000110101000110,1,1,0,0.37,0.1111111119389534,1,1
1,1,0,5,001111101111111000110101000110,1,1,0,0.8,0.0416666679084301,2,2
1,1,0,6,001111101111111000110101000110,1,1,0,0.44,0.0,1,1
1,1,0,8,001111101111111000110101000110,1,1,0,0.81,0.7654321193695068,2,2
1,1,0,9,001111101111111000110101000110,1,1,0,0.14,0.0,1,1
1,1,0,10,001111101111111000110101000110,1,1,0,0.37,0.0,1,1
1,1,0,11,001111101111111000110101000110,1,1,0,0.85,0.0,2,2
1,1,0,12,001111101111111000110101000110,1,1,0,0.85,0.0,2,2
1,1,0,13,001111101111111000110101000110,1,1,0,0.62,0.8536585569381714,1,1
1,1,0,14,001111101111111000110101000110,1,1,0,0.68,0.01315789483487606,1,1
1,1,0,18,001111101111111000110101000110,1,1,0,0.72,0.0,1,1
1,1,0,19,001111101111111000110101000110,1,1,0,0.8,0.06293706595897675,1,1
1,1,0,21,001111101111111000110101000110,1,1,0,0.84,0.21229049563407898,1,1
1,1,0,23,001111101111111000110101000110,1,1,0,0.54,0.0,1,1
1,1,0,27,001111101111111000110101000110,1,1,0,0.79,0.6811594367027283,2,2
1,1,0,28,001111101111111000110101000110,1,1,0,0.4,0.0,1,1
1,1,1,0,101010111011100101110001111110,1,1,0,0.15,0.21212121844291687,1,1
1,1,1,2,101010111011100101110001111110,1,1,0,0.56,0.2520325183868408,1,1
1,1,1,4,101010111011100101110001111110,1,1,0,0.37,0.1111111119389534,1,1
1,1,1,6,101010111011100101110001111110,1,1,0,0.44,0.0,1,1
1,1,1,7,101010111011100101110001111110,1,0,1,0.06,0.0,1,1
1,1,1,8,101010111011100101110001111110,1,1,0,0.81,0.7654321193695068,2,2
1,1,1,10,101010111011100101110001111110,1,1,0,0.37,0.0,1,1
1,1,1,11,101010111011100101110001111110,1,1,0,0.85,0.0,2,2
1,1,1,12,101010111011100101110001111110,1,1,0,0.85,0.0,2,2
1,1,1,15,101010111011100101110001111110,1,1,0,0.5,0.2133333384990692,1,1
1,1,1,17,101010111011100101110001111110,1,1,0,0.38,0.0,1,1
1,1,1,18,101010111011100101110001111110,1,1,0,0.72,0.0,1,1
1,1,1,19,101010111011100101110001111110,1,1,0,0.8,0.06293706595897675,1,1
1,1,1,23,101010111011100101110001111110,1,1,0,0.54,0.0,1,1
1,1,1,24,101010111011100101110001111110,1,1,0,0.11,0.24137930572032928,1,1
1,1,1,25,101010111011100101110001111110,1,1,0,0.45,0.029411764815449715,2,2
1,1,1,26,101010111011100101110001111110,1,1,0,0.49,0.02631578966975212,1,1
1,1,1,27,101010111011100101110001111110,1,1,0,0.79,0.6811594367027283,2,2
1,1,1,28,101010111011100101110001111110,1,1,0,0.4,0.0,1,1
1,1,2,1,011011011100001100011100011110,1,1,0,0.95,0.10101009905338287,1,1
1,1,2,2,011011011100001100011100011110,1,1,0,0.56,0.2520325183868408,1,1
1,1,2,4,011011011100001100011100011110,1,1,0,0.37,0.1111111119389534,1,1
1,1,2,5,011011011100001100011100011110,1,1,0,0.8,0.0416666679084301,2,2
1,1,2,7,011011011100001100011100011110,1,0,1,0.06,0.0,1,1
1,1,2,8,011011011100001100011100011110,1,1,0,0.81,0.7654321193695068,2,2
1,1,2,9,011011011100001100011100011110,1,1,0,0.14,0.0,1,1
1,1,2,14,011011011100001100011100011110,1,1,0,0.68,0.01315789483487606,1,1
1,1,2,15,011011011100001100011100011110,1,1,0,0.5,0.2133333384990692,1,1
1,1,2,19,011011011100001100011100011110,1,1,0,0.8,0.06293706595897675,1,1
1,1,2,20,011011011100001100011100011110,1,1,0,0.84,0.29411765933036804,1,1
1,1,2,21,011011011100001100011100011110,1,1,0,0.84,0.21229049563407898,1,1
1,1,2,25,011011011100001100011100011110,1,1,0,0.45,0.029411764815449715,2,2
1,1,2,26,011011011100001100011100011110,1,1,0,0.49,0.02631578966975212,1,1
1,1,2,27,011011011100001100011100011110,1,1,0,0.79,0.6811594367027283,2,2
1,1,2,28,011011011100001100011100011110,1,1,0,0.4,0.0,1,1
1,1,3,2,001101101111111101100001010010,1,1,0,0.56,0.2520325183868408,1,1
1,1,3,3,001101101111111101100001010010,1,1,0,0.73,0.4545454680919647,2,2
1,1,3,5,001101101111111101100001010010,1,1,0,0.8,0.0416666679084301,2,2
1,1,3,6,001101101111111101100001010010,1,1,0,0.44,0.0,1,1
1,1,3,8,001101101111111101100001010010,1,1,0,0.81,0.7654321193695068,2,2
1,1,3,9,001101101111111101100001010010,1,1,0,0.14,0.0,1,1
1,1,3,10,001101101111111101100001010010,1,1,0,0.37,0.0,1,1
1,1,3,11,001101101111111101100001010010,1,1,0,0.85,0.0,2,2
1,1,3,12,001101101111111101100001010010,1,1,0,0.85,0.0,2,2
1,1,3,13,001101101111111101100001010010,1,1,0,0.62,0.8536585569381714,1,1
1,1,3,14,001101101111111101100001010010,1,1,0,0.68,0.01315789483487606,1,1
1,1,3,15,001101101111111101100001010010,1,1,0,0.5,0.2133333384990692,1,1
1,1,3,17,001101101111111101100001010010,1,1,0,0.38,0.0,1,1
1,1,3,18,001101101111111101100001010010,1,1,0,0.72,0.0,1,1
1,1,3,23,001101101111111101100001010010,1,1,0,0.54,0.0,1,1
1,1,3,25,001101101111111101100001010010,1,1,0,0.45,0.029411764815449715,2,2
1,1,3,28,001101101111111101100001010010,1,1,0,0.4,0.0,1,1
1,1,4,1,011011001010110110101100001000,1,1,0,0.95,0.10101009905338287,1,1
1,1,4,2,011011001010110110101100001000,1,1,0,0.56,0.2520325183868408,1,1
1,1,4,4,011011001010110110101100001000,1,1,0,0.37,0.1111111119389534,1,1
1,1,4,5,011011001010110110101100001000,1,1,0,0.8,0.0416666679084301,2,2
1,1,4,8,011011001010110110101100001000,1,1,0,0.81,0.7654321193695068,2,2
1,1,4,10,011011001010110110101100001000,1,1,0,0.37,0.0,1,1
1,1,4,12,011011001010110110101100001000,1,1,0,0.85,0.0,2,2
1,1,4,13,011011001010110110101100001000,1,1,0,0.62,0.8536585569381714,1,1
1,1,4,15,011011001010110110101100001000,1,1,0,0.5,0.2133333384990692,1,1
1,1,4,16,011011001010110110101100001000,1,1,0,0.34,0.40789473056793213,1,1
1,1,4,18,011011001010110110101100001000,1,1,0,0.72,0.0,1,1
1,1,4,20,011011001010110110101100001000,1,1,0,0.84,0.29411765933036804,1,1
1,1,4,21,011011001010110110101100001000,1,1,0,0.84,0.21229049563407898,1,1
1,1,4,26,011011001010110110101100001000,1,1,0,0.49,0.02631578966975212,1,1
1,1,5,4,000010111110101101100110010011,1,1,0,0.37,0.1111111119389534,1,1
1,1,5,6,000010111110101101100110010011,1,1,0,0.44,0.0,1,1
1,1,5,7,000010111110101101100110010011,1,0,1,0.06,0.0,1,1
1,1,5,8,000010111110101101100110010011,1,1,0,0.81,0.7654321193695068,2,2
1,1,5,9,000010111110101101100110010011,1,1,0,0.14,0.0,1,1
1,1,5,10,000010111110101101100110010011,1,1,0,0.37,0.0,1,1
1,1,5,12,000010111110101101100110010011,1,1,0,0.85,0.0,2,2
1,1,5,14,000010111110101101100110010011,1,1,0,0.68,0.01315789483487606,1,1
1,1,5,15,000010111110101101100110010011,1,1,0,0.5,0.2133333384990692,1,1
1,1,5,17,000010111110101101100110010011,1,1,0,0.38,0.0,1,1
1,1,5,18,000010111110101101100110010011,1,1,0,0.72,0.0,1,1
1,1,5,21,000010111110101101100110010011,1,1,0,0.84,0.21229049563407898,1,1
1,1,5,22,000010111110101101100110010011,1,1,0,0.14,0.22857142984867096,1,1
1,1,5,25,000010111110101101100110010011,1,1,0,0.45,0.029411764815449715,2,2
1,1,5,28,000010111110101101100110010011,1,1,0,0.4,0.0,1,1
1,1,5,29,000010111110101101100110010011,1,1,0,0.17,0.1190476194024086,1,1
1,1,6,0,111111110001101111011111011010,1,1,0,0.15,0.21212121844291687,1,1
1,1,6,1,111111110001101111011111011010,1,1,0,0.95,0.10101009905338287,1,1
1,1,6,2,111111110001101111011111011010,1,1,0,0.56,0.2520325183868408,1,1
1,1,6,3,111111110001101111011111011010,1,1,0,0.73,0.4545454680919647,2,2
1,1,6,4,111111110001101111011111011010,1,1,0,0.37,0.1111111119389534,1,1
1,1,6,5,111111110001101111011111011010,1,1,0,0.8,0.0416666679084301,2,2
1,1,6,6,111111110001101111011111011010,1,1,0,0.44,0.0,1,1
1,1,6,7,111111110001101111011111011010,1,0,1,0.06,0.0,1,1
1,1,6,11,111111110001101111011111011010,1,1,0,0.85,0.0,2,2
1,1,6,12,111111110001101111011111011010,1,1,0,0.85,0.0,2,2
1,1,6,14,111111110001101111011111011010,1,1,0,0.68,0.01315789483487606,1,1
1,1,6,15,111111110001101111011111011010,1,1,0,0.5,0.2133333384990692,1,1
1,1,6,16,111111110001101111011111011010,1,1,0,0.34,0.40789473056793213,1,1
1,1,6,17,111111110001101111011111011010,1,1,0,0.38,0.0,1,1
1,1,6,19,111111110001101111011111011010,1,1,0,0.8,0.06293706595897675,1,1
1,1,6,20,111111110001101111011111011010,1,1,0,0.84,0.29411765933036804,1,1
1,1,6,21,111111110001101111011111011010,1,1,0,0.84,0.21229049563407898,1,1
1,1,6,22,111111110001101111011111011010,1,1,0,0.14,0.22857142984867096,1,1
1,1,6,23,111111110001101111011111011010,1,1,0,0.54,0.0,1,1
1,1,6,25,111111110001101111011111011010,1,1,0,0.45,0.029411764815449715,2,2
1,1,6,26,111111110001101111011111011010,1,1,0,0.49,0.02631578966975212,1,1
1,1,6,28,111111110001101111011111011010,1,1,0,0.4,0.0,1,1
1,2,0,2,001111101111111000110101000110,1,1,0,0.56,0.2520325183868408,1,1
1,2,0,3,001111101111111000110101000110,1,1,0,0.73,0.4545454680919647,2,2
1,2,0,4,001111101111111000110101000110,1,1,0,0.37,0.1111111119389534,1,1
1,2,0,5,001111101111111000110101000110,1,1,0,0.8,0.0416666679084301,2,2
1,2,0,6,001111101111111000110101000110,1,1,0,0.44,0.0,1,1
1,2,0,8,001111101111111000110101000110,1,1,0,0.81,0.7654321193695068,2,2
1,2,0,9,001111101111111000110101000110,1,1,0,0.14,0.0,1,1
1,2,0,10,001111101111111000110101000110,1,1,0,0.37,0.0,1,1
1,2,0,11,001111101111111000110101000110,1,1,0,0.85,0.0,2,2
1,2,0,12,001111101111111000110101000110,1,1,0,0.85,0.0,2,2
1,2,0,13,001111101111111000110101000110,1,1,0,0.62,0.8536585569381714,1,1
1,2,0,14,001111101111111000110101000110,1,1,0,0.68,0.01315789483487606,1,1
1,2,0,18,001111101111111000110101000110,1,1,0,0.72,0.0,1,1
1,2,0,19,001111101111111000110101000110,1,1,0,0.8,0.06293706595897675,1,1
1,2,0,21,001111101111111000110101000110,1,1,0,0.84,0.21229049563407898,1,1
1,2,0,23,001111101111111000110101000110,1,1,0,0.54,0.0,1,1
1,2,0,27,001111101111111000110101000110,1,1,0,0.79,0.6811594367027283,2,2
1,2,0,28,001111101111111000110101000110,1,1,0,0.4,0.0,1,1
1,2,1,1,011011011100001100011100011110,1,1,0,0.95,0.10101009905338287,1,1
1,2,1,2,011011011100001100011100011110,1,1,0,0.56,0.2520325183868408,1,1
1,2,1,4,011011011100001100011100011110,1,1,0,0.37,0.1111111119389534,1,1
1,2,1,5,011011011100001100011100011110,1,1,0,0.8,0.0416666679084301,2,2
1,2,1,7,011011011100001100011100011110,1,0,1,0.06,0.0,1,1
1,2,1,8,011011011100001100011100011110,1,1,0,0.81,0.7654321193695068,2,2
1,2,1,9,011011011100001100011100011110,1,1,0,0.14,0.0,1,1
1,2,1,14,011011011100001100011100011110,1,1,0,0.68,0.01315789483487606,1,1
1,2,1,15,011011011100001100011100011110,1,1,0,0.5,0.2133333384990692,1,1
1,2,1,19,011011011100001100011100011110,1,1,0,0.8,0.06293706595897675,1,1
1,2,1,20,011011011100001100011100011110,1,1,0,0.84,0.29411765933036804,1,1
1,2,1,21,011011011100001100011100011110,1,1,0,0.84,0.21229049563407898,1,1
1,2,1,25,011011011100001100011100011110,1,1,0,0.45,0.029411764815449715,2,2
1,2,1,26,011011011100001100011100011110,1,1,0,0.49,0.02631578966975212,1,1
1,2,1,27,011011011100001100011100011110,1,1,0,0.79,0.6811594367027283,2,2
1,2,1,28,011011011100001100011100011110,1,1,0,0.4,0.0,1,1
1,2,2,2,001101101111111101100001010010,1,1,0,0.56,0.2520325183868408,1,1
1,2,2,3,001101101111111101100001010010,1,1,0,0.73,0.4545454680919647,2,2
1,2,2,5,001101101111111101100001010010,1,1,0,0.8,0.0416666679084301,2,2
1,2,2,6,001101101111111101100001010010,1,1,0,0.44,0.0,1,1
1,2,2,8,001101101111111101100001010010,1,1,0,0.81,0.7654321193695068,2,2
1,2,2,9,001101101111111101100001010010,1,1,0,0.14,0.0,1,1
1,2,2,10,001101101111111101100001010010,1,1,0,0.37,0.0,1,1
1,2,2,11,001101101111111101100001010010,1,1,0,0.85,0.0,2,2
1,2,2,12,001101101111111101100001010010,1,1,0,0.85,0.0,2,2
1,2,2,13,001101101111111101100001010010,1,1,0,0.62,0.8536585569381714,1,1
1,2,2,14,001101101111111101100001010010,1,1,0,0.68,0.01315789483487606,1,1
1,2,2,15,001101101111111101100001010010,1,1,0,0.5,0.2133333384990692,1,1
1,2,2,17,001101101111111101100001010010,1,1,0,0.38,0.0,1,1
1,2,2,18,001101101111111101100001010010,1,1,0,0.72,0.0,1,1
1,2,2,23,001101101111111101100001010010,1,1,0,0.54,0.0,1,1
1,2,2,25,001101101111111101100001010010,1,1,0,0.45,0.029411764815449715,2,2
1,2,2,28,001101101111111101100001010010,1,1,0,0.4,0.0,1,1
1,2,3,1,011011001010110110101100001000,1,1,0,0.95,0.10101009905338287,1,1
1,2,3,2,011011001010110110101100001000,1,1,0,0.56,0.2520325183868408,1,1
1,2,3,4,011011001010110110101100001000,1,1,0,0.37,0.1111111119389534,1,1
1,2,3,5,011011001010110110101100001000,1,1,0,0.8,0.0416666679084301,2,2
1,2,3,8,011011001010110110101100001000,1,1,0,0.81,0.7654321193695068,2,2
1,2,3,10,011011001010110110101100001000,1,1,0,0.37,0.0,1,1
1,2,3,12,011011001010110110101100001000,1,1,0,0.85,0.0,2,2
1,2,3,13,011011001010110110101100001000,1,1,0,0.62,0.8536585569381714,1,1
1,2,3,15,011011001010110110101100001000,1,1,0,0.5,0.2133333384990692,1,1
1,2,3,16,011011001010110110101100001000,1,1,0,0.34,0.40789473056793213,1,1
1,2,3,18,011011001010110110101100001000,1,1,0,0.72,0.0,1,1
1,2,3,20,011011001010110110101100001000,1,1,0,0.84,0.29411765933036804,1,1
1,2,3,21,011011001010110110101100001000,1,1,0,0.84,0.21229049563407898,1,1
1,2,3,26,011011001010110110101100001000,1,1,0,0.49,0.02631578966975212,1,1
1,2,4,4,000010111110101101100110010011,1,1,0,0.37,0.1111111119389534,1,1
1,2,4,6,000010111110101101100110010011,1,1,0,0.44,0.0,1,1
1,2,4,7,000010111110101101100110010011,1,0,1,0.06,0.0,1,1
1,2,4,8,000010111110101101100110010011,1,1,0,0.81,0.7654321193695068,2,2
1,2,4,9,000010111110101101100110010011,1,1,0,0.14,0.0,1,1
1,2,4,10,000010111110101101100110010011,1,1,0,0.37,0.0,1,1
1,2,4,12,000010111110101101100110010011,1,1,0,0.85,0.0,2,2
1,2,4,14,000010111110101101100110010011,1,1,0,0.68,0.01315789483487606,1,1
1,2,4,15,000010111110101101100110010011,1,1,0,0.5,0.2133333384990692,1,1
1,2,4,17,000010111110101101100110010011,1,1,0,0.38,0.0,1,1
1,2,4,18,000010111110101101100110010011,1,1,0,0.72,0.0,1,1
1,2,4,21,000010111110101101100110010011,1,1,0,0.84,0.21229049563407898,1,1
1,2,4,22,000010111110101101100110010011,1,1,0,0.14,0.22857142984867096,1,1
1,2,4,25,000010111110101101100110010011,1,1,0,0.45,0.029411764815449715,2,2
1,2,4,28,000010111110101101100110010011,1,1,0,0.4,0.0,1,1
1,2,4,29,000010111110101101100110010011,1,1,0,0.17,0.1190476194024086,1,1
1,2,5,0,111111110001101101011111011010,1,1,0,0.15,0.21212121844291687,1,1
1,2,5,1,111111110001101101011111011010,1,1,0,0.95,0.10101009905338287,1,1
1,2,5,2,111111110001101101011111011010,1,1,0,0.56,0.2520325183868408,1,1
1,2,5,3,111111110001101101011111011010,1,1,0,0.73,0.4545454680919647,2,2
1,2,5,4,111111110001101101011111011010,1,1,0,0.37,0.1111111119389534,1,1
1,2,5,5,111111110001101101011111011010,1,1,0,0.8,0.0416666679084301,2,2
1,2,5,6,111111110001101101011111011010,1,1,0,0.44,0.0,1,1
1,2,5,7,111111110001101101011111011010,1,0,1,0.06,0.0,1,1
1,2,5,11,111111110001101101011111011010,1,1,0,0.85,0.0,2,2
1,2,5,12,111111110001101101011111011010,1,1,0,0.85,0.0,2,2
1,2,5,14,111111110001101101011111011010,1,1,0,0.68,0.01315789483487606,1,1
1,2,5,15,111111110001101101011111011010,1,1,0,0.5,0.2133333384990692,1,1
1,2,5,17,111111110001101101011111011010,1,1,0,0.38,0.0,1,1
1,2,5,19,111111110001101101011111011010,1,1,0,0.8,0.06293706595897675,1,1
1,2,5,20,111111110001101101011111011010,1,1,0,0.84,0.29411765933036804,1,1
1,2,5,21,111111110001101101011111011010,1,1,0,0.84,0.21229049563407898,1,1
1,2,5,22,111111110001101101011111011010,1,1,0,0.14,0.22857142984867096,1,1
1,2,5,23,111111110001101101011111011010,1,1,0,0.54,0.0,1,1
1,2,5,25,111111110001101101011111011010,1,1,0,0.45,0.029411764815449715,2,2
1,2,5,26,111111110001101101011111011010,1,1,0,0.49,0.02631578966975212,1,1
1,2,5,28,111111110001101101011111011010,1,1,0,0.4,0.0,1,1
1,2,6,1,011011001010110110101100001010,1,1,0,0.95,0.10101009905338287,1,1
1,2,6,2,011011001010110110101100001010,1,1,0,0.56,0.2520325183868408,1,1
1,2,6,4,011011001010110110101100001010,1,1,0,0.37,0.1111111119389534,1,1
1,2,6,5,011011001010110110101100001010,1,1,0,0.8,0.0416666679084301,2,2
1,2,6,8,011011001010110110101100001010,1,1,0,0.81,0.7654321193695068,2,2
1,2,6,10,011011001010110110101100001010,1,1,0,0.37,0.0,1,1
1,2,6,12,011011001010110110101100001010,1,1,0,0.85,0.0,2,2
1,2,6,13,011011001010110110101100001010,1,1,0,0.62,0.8536585569381714,1,1
1,2,6,15,011011001010110110101100001010,1,1,0,0.5,0.2133333384990692,1,1
1,2,6,16,011011001010110110101100001010,1,1,0,0.34,0.40789473056793213,1,1
1,2,6,18,011011001010110110101100001010,1,1,0,0.72,0.0,1,1
1,2,6,20,011011001010110110101100001010,1,1,0,0.84,0.29411765933036804,1,1
1,2,6,21,011011001010110110101100001010,1,1,0,0.84,0.21229049563407898,1,1
1,2,6,26,011011001010110110101100001010,1,1,0,0.49,0.02631578966975212,1,1
1,2,6,28,011011001010110110101100001010,1,1,0,0.4,0.0,1,1
1,2,7,1,011010111011100101110001010011,1,1,0,0.95,0.10101009905338287,1,1
1,2,7,2,011010111011100101110001010011,1,1,0,0.56,0.2520325183868408,1,1
1,2,7,4,011010111011100101110001010011,1,1,0,0.37,0.1111111119389534,1,1
1,2,7,6,011010111011100101110001010011,1,1,0,0.44,0.0,1,1
1,2,7,7,011010111011100101110001010011,1,0,1,0.06,0.0,1,1
1,2,7,8,011010111011100101110001010011,1,1,0,0.81,0.7654321193695068,2,2
1,2,7,10,011010111011100101110001010011,1,1,0,0.37,0.0,1,1
1,2,7,11,011010111011100101110001010011,1,1,0,0.85,0.0,2,2
1,2,7,12,011010111011100101110001010011,1,1,0,0.85,0.0,2,2
1,2,7,15,011010111011100101110001010011,1,1,0,0.5,0.2133333384990692,1,1
1,2,7,17,011010111011100101110001010011,1,1,0,0.38,0.0,1,1
1,2,7,18,011010111011100101110001010011,1,1,0,0.72,0.0,1,1
1,2,7,19,011010111011100101110001010011,1,1,0,0.8,0.06293706595897675,1,1
1,2,7,23,011010111011100101110001010011,1,1,0,0.54,0.0,1,1
1,2,7,25,011010111011100101110001010011,1,1,0,0.45,0.029411764815449715,2,2
1,2,7,28,011010111011100101110001010011,1,1,0,0.4,0.0,1,1
1,2,7,29,011010111011100101110001010011,1,1,0,0.17,0.1190476194024086,1,1
1,2,8,1,011110010001001110011100011110,1,1,0,0.95,0.10101009905338287,1,1
1,2,8,2,011110010001001110011100011110,1,1,0,0.56,0.2520325183868408,1,1
1,2,8,3,011110010001001110011100011110,1,1,0,0.73,0.4545454680919647,2,2
1,2,8,4,011110010001001110011100011110,1,1,0,0.37,0.1111111119389534,1,1
1,2,8,7,011110010001001110011100011110,1,0,1,0.06,0.0,1,1
1,2,8,11,011110010001001110011100011110,1,1,0,0.85,0.0,2,2
1,2,8,14,011110010001001110011100011110,1,1,0,0.68,0.01315789483487606,1,1
1,2,8,15,011110010001001110011100011110,1,1,0,0.5,0.2133333384990692,1,1
1,2,8,16,011110010001001110011100011110,1,1,0,0.34,0.40789473056793213,1,1
1,2,8,19,011110010001001110011100011110,1,1,0,0.8,0.06293706595897675,1,1
1,2,8,20,011110010001001110011100011110,1,1,0,0.84,0.29411765933036804,1,1
1,2,8,21,011110010001001110011100011110,1,1,0,0.84,0.21229049563407898,1,1
1,2,8,25,011110010001001110011100011110,1,1,0,0.45,0.029411764815449715,2,2
1,2,8,26,011110010001001110011100011110,1,1,0,0.49,0.02631578966975212,1,1
1,2,8,27,011110010001001110011100011110,1,1,0,0.79,0.6811594367027283,2,2
1,2,8,28,011110010001001110011100011110,1,1,0,0.4,0.0,1,1
1,2,9,0,110010101100110000000010100000,1,1,0,0.15,0.21212121844291687,1,1
1,2,9,1,110010101100110000000010100000,1,1,0,0.95,0.10101009905338287,1,1
1,2,9,4,110010101100110000000010100000,1,1,0,0.37,0.1111111119389534,1,1
1,2,9,6,110010101100110000000010100000,1,1,0,0.44,0.0,1,1
1,2,9,8,110010101100110000000010100000,1,1,0,0.81,0.7654321193695068,2,2
1,2,9,9,110010101100110000000010100000,1,1,0,0.14,0.0,1,1
1,2,9,12,110010101100110000000010100000,1,1,0,0.85,0.0,2,2
1,2,9,13,110010101100110000000010100000,1,1,0,0.62,0.8536585569381714,1,1
1,2,9,22,110010101100110000000010100000,1,1,0,0.14,0.22857142984867096,1,1
1,2,9,24,110010101100110000000010100000,1,1,0,0.11,0.24137930572032928,1,1
1,2,10,0,111111110001101111101011001011,1,1,0,0.15,0.21212121844291687,1,1
1,2,10,1,111111110001101111101011001011,1,1,0,0.95,0.10101009905338287,1,1
1,2,10,2,111111110001101111101011001011,1,1,0,0.56,0.2520325183868408,1,1
1,2,10,3,111111110001101111101011001011,1,1,0,0.73,0.4545454680919647,2,2
1,2,10,4,111111110001101111101011001011,1,1,0,0.37,0.1111111119389534,1,1
1,2,10,5,111111110001101111101011001011,1,1,0,0.8,0.0416666679084301,2,2
1,2,10,6,111111110001101111101011001011,1,1,0,0.44,0.0,1,1
1,2,10,7,111111110001101111101011001011,1,0,1,0.06,0.0,1,1
1,2,10,11,111111110001101111101011001011,1,1,0,0.85,0.0,2,2
1,2,10,12,111111110001101111101011001011,1,1,0,0.85,0.0,2,2
1,2,10,14,111111110001101111101011001011,1,1,0,0.68,0.01315789483487606,1,1
1,2,10,15,111111110001101111101011001011,1,1,0,0.5,0.2133333384990692,1,1
1,2,10,16,111111110001101111101011001011,1,1,0,0.34,0.40789473056793213,1,1
1,2,10,17,111111110001101111101011001011,1,1,0,0.38,0.0,1,1
1,2,10,18,111111110001101111101011001011,1,1,0,0.72,0.0,1,1
1,2,10,20,111111110001101111101011001011,1,1,0,0.84,0.29411765933036804,1,1
1,2,10,22,111111110001101111101011001011,1,1,0,0.14,0.22857142984867096,1,1
1,2,10,23,111111110001101111101011001011,1,1,0,0.54,0.0,1,1
1,2,10,26,111111110001101111101011001011,1,1,0,0.49,0.02631578966975212,1,1
1,2,10,28,111111110001101111101011001011,1,1,0,0.4,0.0,1,1
1,2,10,29,111111110001101111101011001011,1,1,0,0.17,0.1190476194024086,1,1
1,2,11,1,011011001010110110101100010010,1,1,0,0.95,0.10101009905338287,1,1
1,2,11,2,011011001010110110101100010010,1,1,0,0.56,0.2520325183868408,1,1
1,2,11,4,011011001010110110101100010010,1,1,0,0.37,0.1111111119389534,1,1
1,2,11,5,011011001010110110101100010010,1,1,0,0.8,0.0416666679084301,2,2
1,2,11,8,011011001010110110101100010010,1,1,0,0.81,0.7654321193695068,2,2
1,2,11,10,011011001010110110101100010010,1,1,0,0.37,0.0,1,1
1,2,11,12,011011001010110110101100010010,1,1,0,0.85,0.0,2,2
1,2,11,13,011011001010110110101100010010,1,1,0,0.62,0.8536585569381714,1,1
1,2,11,15,011011001010110110101100010010,1,1,0,0.5,0.2133333384990692,1,1
1,2,11,16,011011001010110110101100010010,1,1,0,0.34,0.40789473056793213,1,1
1,2,11,18,011011001010110110101100010010,1,1,0,0.72,0.0,1,1
1,2,11,20,011011001010110110101100010010,1,1,0,0.84,0.29411765933036804,1,1
1,2,11,21,011011001010110110101100010010,1,1,0,0.84,0.21229049563407898,1,1
1,2,11,25,011011001010110110101100010010,1,1,0,0.45,0.029411764815449715,2,2
1,2,11,28,011011001010110110101100010010,1,1,0,0.4,0.0,1,1
1,2,12,0,101100100111111101100001011110,1,1,0,0.15,0.21212121844291687,1,1
1,2,12,2,101100100111111101100001011110,1,1,0,0.56,0.2520325183868408,1,1
1,2,12,3,101100100111111101100001011110,1,1,0,0.73,0.4545454680919647,2,2
1,2,12,6,101100100111111101100001011110,1,1,0,0.44,0.0,1,1
1,2,12,9,101100100111111101100001011110,1,1,0,0.14,0.0,1,1
1,2,12,10,101100100111111101100001011110,1,1,0,0.37,0.0,1,1
1,2,12,11,101100100111111101100001011110,1,1,0,0.85,0.0,2,2
1,2,12,12,101100100111111101100001011110,1,1,0,0.85,0.0,2,2
1,2,12,13,101100100111111101100001011110,1,1,0,0.62,0.8536585569381714,1,1
1,2,12,14,101100100111111101100001011110,1,1,0,0.68,0.01315789483487606,1,1
1,2,12,15,101100100111111101100001011110,1,1,0,0.5,0.2133333384990692,1,1
1,2,12,17,101100100111111101100001011110,1,1,0,0.38,0.0,1,1
1,2,12,18,101100100111111101100001011110,1,1,0,0.72,0.0,1,1
1,2,12,23,101100100111111101100001011110,1,1,0,0.54,0.0,1,1
1,2,12,25,101100100111111101100001011110,1,1,0,0.45,0.029411764815449715,2,2
1,2,12,26,101100100111111101100001011110,1,1,0,0.49,0.02631578966975212,1,1
1,2,12,27,101100100111111101100001011110,1,1,0,0.79,0.6811594367027283,2,2
1,2,12,28,101100100111111101100001011110,1,1,0,0.4,0.0,1,1
1,2,13,2,001001001001110010100100001110,1,1,0,0.56,0.2520325183868408,1,1
1,2,13,5,001001001001110010100100001110,1,1,0,0.8,0.0416666679084301,2,2
1,2,13,8,001001001001110010100100001110,1,1,0,0.81,0.7654321193695068,2,2
1,2,13,11,001001001001110010100100001110,1,1,0,0.85,0.0,2,2
1,2,13,12,001001001001110010100100001110,1,1,0,0.85,0.0,2,2
1,2,13,13,001001001001110010100100001110,1,1,0,0.62,0.8536585569381714,1,1
1,2,13,16,001001001001110010100100001110,1,1,0,0.34,0.40789473056793213,1,1
1,2,13,18,001001001001110010100100001110,1,1,0,0.72,0.0,1,1
1,2,13,21,001001001001110010100100001110,1,1,0,0.84,0.21229049563407898,1,1
1,2,13,26,001001001001110010100100001110,1,1,0,0.49,0.02631578966975212,1,1
1,2,13,27,001001001001110010100100001110,1,1,0,0.79,0.6811594367027283,2,2
1,2,13,28,001001001001110010100100001110,1,1,0,0.4,0.0,1,1
1,2,14,2,001110010001011000110101000011,1,1,0,0.56,0.2520325183868408,1,1
1,2,14,3,001110010001011000110101000011,1,1,0,0.73,0.4545454680919647,2,2
1,2,14,4,001110010001011000110101000011,1,1,0,0.37,0.1111111119389534,1,1
1,2,14,7,001110010001011000110101000011,1,0,1,0.06,0.0,1,1
1,2,14,11,001110010001011000110101000011,1,1,0,0.85,0.0,2,2
1,2,14,13,001110010001011000110101000011,1,1,0,0.62,0.8536585569381714,1,1
1,2,14,14,001110010001011000110101000011,1,1,0,0.68,0.01315789483487606,1,1
1,2,14,18,001110010001011000110101000011,1,1,0,0.72,0.0,1,1
1,2,14,19,001110010001011000110101000011,1,1,0,0.8,0.06293706595897675,1,1
1,2,14,21,001110010001011000110101000011,1,1,0,0.84,0.21229049563407898,1,1
1,2,14,23,001110010001011000110101000011,1,1,0,0.54,0.0,1,1
1,2,14,28,001110010001011000110101000011,1,1,0,0.4,0.0,1,1
1,2,14,29,001110010001011000110101000011,1,1,0,0.17,0.1190476194024086,1,1
1,3,0,2,001111101111111000110101000110,1,1,0,0.56,0.2520325183868408,1,1
1,3,0,3,001111101111111000110101000110,1,1,0,0.73,0.4545454680919647,2,2
1,3,0,4,001111101111111000110101000110,1,1,0,0.37,0.1111111119389534,1,1
1,3,0,5,001111101111111000110101000110,1,1,0,0.8,0.0416666679084301,2,2
1,3,0,6,001111101111111000110101000110,1,1,0,0.44,0.0,1,1
1,3,0,8,001111101111111000110101000110,1,1,0,0.81,0.7654321193695068,2,2
1,3,0,9,001111101111111000110101000110,1,1,0,0.14,0.0,1,1
1,3,0,10,001111101111111000110101000110,1,1,0,0.37,0.0,1,1
1,3,0,11,001111101111111000110101000110,1,1,0,0.85,0.0,2,2
1,3,0,12,001111101111111000110101000110,1,1,0,0.85,0.0,2,2
1,3,0,13,001111101111111000110101000110,1,1,0,0.62,0.8536585569381714,1,1
1,3,0,14,001111101111111000110101000110,1,1,0,0.68,0.01315789483487606,1,1
1,3,0,18,001111101111111000110101000110,1,1,0,0.72,0.0,1,1
1,3,0,19,001111101111111000110101000110,1,1,0,0.8,0.06293706595897675,1,1
1,3,0,21,001111101111111000110101000110,1,1,0,0.84,0.21229049563407898,1,1
1,3,0,23,001111101111111000110101000110,1,1,0,0.54,0.0,1,1
1,3,0,27,001111101111111000110101000110,1,1,0,0.79,0.6811594367027283,2,2
1,3,0,28,001111101111111000110101000110,1,1,0,0.4,0.0,1,1
1,3,1,1,011011011100001100011100011110,1,1,0,0.95,0.10101009905338287,1,1
1,3,1,2,011011011100001100011100011110,1,1,0,0.56,0.2520325183868408,1,1
1,3,1,4,011011011100001100011100011110,1,1,0,0.37,0.1111111119389534,1,1
1,3,1,5,011011011100001100011100011110,1,1,0,0.8,0.0416666679084301,2,2
1,3,1,7,011011011100001100011100011110,1,0,1,0.06,0.0,1,1
1,3,1,8,011011011100001100011100011110,1,1,0,0.81,0.7654321193695068,2,2
1,3,1,9,011011011100001100011100011110,1,1,0,0.14,0.0,1,1
1,3,1,14,011011011100001100011100011110,1,1,0,0.68,0.01315789483487606,1,1
1,3,1,15,011011011100001100011100011110,1,1,0,0.5,0.2133333384990692,1,1
1,3,1,19,011011011100001100011100011110,1,1,0,0.8,0.06293706595897675,1,1
1,3,1,20,011011011100001100011100011110,1,1,0,0.84,0.29411765933036804,1,1
1,3,1,21,011011011100001100011100011110,1,1,0,0.84,0.21229049563407898,1,1
1,3,1,25,011011011100001100011100011110,1,1,0,0.45,0.029411764815449715,2,2
1,3,1,26,011011011100001100011100011110,1,1,0,0.49,0.02631578966975212,1,1
1,3,1,27,011011011100001100011100011110,1,1,0,0.79,0.6811594367027283,2,2
1,3,1,28,011011011100001100011100011110,1,1,0,0.4,0.0,1,1
1,3,2,2,001101101111111101100001010010,1,1,0,0.56,0.2520325183868408,1,1
1,3,2,3,001101101111111101100001010010,1,1,0,0.73,0.4545454680919647,2,2
1,3,2,5,001101101111111101100001010010,1,1,0,0.8,0.0416666679084301,2,2
1,3,2,6,001101101111111101100001010010,1,1,0,0.44,0.0,1,1
1,3,2,8,001101101111111101100001010010,1,1,0,0.81,0.7654321193695068,2,2
1,3,2,9,001101101111111101100001010010,1,1,0,0.14,0.0,1,1
1,3,2,10,001101101111111101100001010010,1,1,0,0.37,0.0,1,1
1,3,2,11,001101101111111101100001010010,1,1,0,0.85,0.0,2,2
1,3,2,12,001101101111111101100001010010,1,1,0,0.85,0.0,2,2
1,3,2,13,001101101111111101100001010010,1,1,0,0.62,0.8536585569381714,1,1
1,3,2,14,001101101111111101100001010010,1,1,0,0.68,0.01315789483487606,1,1
1,3,2,15,001101101111111101100001010010,1,1,0,0.5,0.2133333384990692,1,1
1,3,2,17,001101101111111101100001010010,1,1,0,0.38,0.0,1,1
1,3,2,18,001101101111111101100001010010,1,1,0,0.72,0.0,1,1
1,3,2,23,001101101111111101100001010010,1,1,0,0.54,0.0,1,1
1,3,2,25,001101101111111101100001010010,1,1,0,0.45,0.029411764815449715,2,2
1,3,2,28,001101101111111101100001010010,1,1,0,0.4,0.0,1,1
1,3,3,1,011011001010110110101100001000,1,1,0,0.95,0.10101009905338287,1,1
1,3,3,2,011011001010110110101100001000,1,1,0,0.56,0.2520325183868408,1,1
1,3,3,4,011011001010110110101100001000,1,1,0,0.37,0.1111111119389534,1,1
1,3,3,5,011011001010110110101100001000,1,1,0,0.8,0.0416666679084301,2,2
1,3,3,8,011011001010110110101100001000,1,1,0,0.81,0.7654321193695068,2,2
1,3,3,10,011011001010110110101100001000,1,1,0,0.37,0.0,1,1
1,3,3,12,011011001010110110101100001000,1,1,0,0.85,0.0,2,2
1,3,3,13,011011001010110110101100001000,1,1,0,0.62,0.8536585569381714,1,1
1,3,3,15,011011001010110110101100001000,1,1,0,0.5,0.2133333384990692,1,1
1,3,3,16,011011001010110110101100001000,1,1,0,0.34,0.40789473056793213,1,1
1,3,3,18,011011001010110110101100001000,1,1,0,0.72,0.0,1,1
1,3,3,20,011011001010110110101100001000,1,1,0,0.84,0.29411765933036804,1,1
1,3,3,21,011011001010110110101100001000,1,1,0,0.84,0.21229049563407898,1,1
1,3,3,26,011011001010110110101100001000,1,1,0,0.49,0.02631578966975212,1,1
1,3,4,4,000010111110101101100110010011,1,1,0,0.37,0.1111111119389534,1,1
1,3,4,6,000010111110101101100110010011,1,1,0,0.44,0.0,1,1
1,3,4,7,000010111110101101100110010011,1,0,1,0.06,0.0,1,1
1,3,4,8,000010111110101101100110010011,1,1,0,0.81,0.7654321193695068,2,2
1,3,4,9,000010111110101101100110010011,1,1,0,0.14,0.0,1,1
1,3,4,10,000010111110101101100110010011,1,1,0,0.37,0.0,1,1
1,3,4,12,000010111110101101100110010011,1,1,0,0.85,0.0,2,2
1,3,4,14,000010111110101101100110010011,1,1,0,0.68,0.01315789483487606,1,1
1,3,4,15,000010111110101101100110010011,1,1,0,0.5,0.2133333384990692,1,1
1,3,4,17,000010111110101101100110010011,1,1,0,0.38,0.0,1,1
1,3,4,18,000010111110101101100110010011,1,1,0,0.72,0.0,1,1
1,3,4,21,000010111110101101100110010011,1,1,0,0.84,0.21229049563407898,1,1
1,3,4,22,000010111110101101100110010011,1,1,0,0.14,0.22857142984867096,1,1
1,3,4,25,000010111110101101100110010011,1,1,0,0.45,0.029411764815449715,2,2
1,3,4,28,000010111110101101100110010011,1,1,0,0.4,0.0,1,1
1,3,4,29,000010111110101101100110010011,1,1,0,0.17,0.1190476194024086,1,1
1,3,5,0,111111110001101101011111011010,1,1,0,0.15,0.21212121844291687,1,1
1,3,5,1,111111110001101101011111011010,1,1,0,0.95,0.10101009905338287,1,1
1,3,5,2,111111110001101101011111011010,1,1,0,0.56,0.2520325183868408,1,1
1,3,5,3,111111110001101101011111011010,1,1,0,0.73,0.4545454680919647,2,2
1,3,5,4,111111110001101101011111011010,1,1,0,0.37,0.1111111119389534,1,1
1,3,5,5,111111110001101101011111011010,1,1,0,0.8,0.0416666679084301,2,2
1,3,5,6,111111110001101101011111011010,1,1,0,0.44,0.0,1,1
1,3,5,7,111111110001101101011111011010,1,0,1,0.06,0.0,1,1
1,3,5,11,111111110001101101011111011010,1,1,0,0.85,0.0,2,2
1,3,5,12,111111110001101101011111011010,1,1,0,0.85,0.0,2,2
1,3,5,14,111111110001101101011111011010,1,1,0,0.68,0.01315789483487606,1,1
1,3,5,15,111111110001101101011111011010,1,1,0,0.5,0.2133333384990692,1,1
1,3,5,17,111111110001101101011111011010,1,1,0,0.38,0.0,1,1
1,3,5,19,111111110001101101011111011010,1,1,0,0.8,0.06293706595897675,1,1
1,3,5,20,111111110001101101011111011010,1,1,0,0.84,0.29411765933036804,1,1
1,3,5,21,111111110001101101011111011010,1,1,0,0.84,0.21229049563407898,1,1
1,3,5,22,111111110001101101011111011010,1,1,0,0.14,0.22857142984867096,1,1
1,3,5,23,111111110001101101011111011010,1,1,0,0.54,0.0,1,1
1,3,5,25,111111110001101101011111011010,1,1,0,0.45,0.029411764815449715,2,2
1,3,5,26,111111110001101101011111011010,1,1,0,0.49,0.02631578966975212,1,1
1,3,5,28,111111110001101101011111011010,1,1,0,0.4,0.0,1,1
1,3,6,1,011011001010110110101100001010,1,1,0,0.95,0.10101009905338287,1,1
1,3,6,2,011011001010110110101100001010,1,1,0,0.56,0.2520325183868408,1,1
1,3,6,4,011011001010110110101100001010,1,1,0,0.37,0.1111111119389534,1,1
1,3,6,5,011011001010110110101100001010,1,1,0,0.8,0.0416666679084301,2,2
1,3,6,8,011011001010110110101100001010,1,1,0,0.81,0.7654321193695068,2,2
1,3,6,10,011011001010110110101100001010,1,1,0,0.37,0.0,1,1
1,3,6,12,011011001010110110101100001010,1,1,0,0.85,0.0,2,2
1,3,6,13,011011001010110110101100001010,1,1,0,0.62,0.8536585569381714,1,1
1,3,6,15,011011001010110110101100001010,1,1,0,0.5,0.2133333384990692,1,1
1,3,6,16,011011001010110110101100001010,1,1,0,0.34,0.40789473056793213,1,1
1,3,6,18,011011001010110110101100001010,1,1,0,0.72,0.0,1,1
1,3,6,20,011011001010110110101100001010,1,1,0,0.84,0.29411765933036804,1,1
1,3,6,21,011011001010110110101100001010,1,1,0,0.84,0.21229049563407898,1,1
1,3,6,26,011011001010110110101100001010,1,1,0,0.49,0.02631578966975212,1,1
1,3,6,28,011011001010110110101100001010,1,1,0,0.4,0.0,1,1
1,3,7,1,011010111011100101110001010011,1,1,0,0.95,0.10101009905338287,1,1
1,3,7,2,011010111011100101110001010011,1,1,0,0.56,0.2520325183868408,1,1
1,3,7,4,011010111011100101110001010011,1,1,0,0.37,0.1111111119389534,1,1
1,3,7,6,011010111011100101110001010011,1,1,0,0.44,0.0,1,1
1,3,7,7,011010111011100101110001010011,1,0,1,0.06,0.0,1,1
1,3,7,8,011010111011100101110001010011,1,1,0,0.81,0.7654321193695068,2,2
1,3,7,10,011010111011100101110001010011,1,1,0,0.37,0.0,1,1
1,3,7,11,011010111011100101110001010011,1,1,0,0.85,0.0,2,2
1,3,7,12,011010111011100101110001010011,1,1,0,0.85,0.0,2,2
1,3,7,15,011010111011100101110001010011,1,1,0,0.5,0.2133333384990692,1,1
1,3,7,17,011010111011100101110001010011,1,1,0,0.38,0.0,1,1
1,3,7,18,011010111011100101110001010011,1,1,0,0.72,0.0,1,1
1,3,7,19,011010111011100101110001010011,1,1,0,0.8,0.06293706595897675,1,1
1,3,7,23,011010111011100101110001010011,1,1,0,0.54,0.0,1,1
1,3,7,25,011010111011100101110001010011,1,1,0,0.45,0.029411764815449715,2,2
1,3,7,28,011010111011100101110001010011,1,1,0,0.4,0.0,1,1
1,3,7,29,011010111011100101110001010011,1,1,0,0.17,0.1190476194024086,1,1
1,3,8,1,011110010001001110011100011110,1,1,0,0.95,0.10101009905338287,1,1
1,3,8,2,011110010001001110011100011110,1,1,0,0.56,0.2520325183868408,1,1
1,3,8,3,011110010001001110011100011110,1,1,0,0.73,0.4545454680919647,2,2
1,3,8,4,011110010001001110011100011110,1,1,0,0.37,0.1111111119389534,1,1
1,3,8,7,011110010001001110011100011110,1,0,1,0.06,0.0,1,1
1,3,8,11,011110010001001110011100011110,1,1,0,0.85,0.0,2,2
1,3,8,14,011110010001001110011100011110,1,1,0,0.68,0.01315789483487606,1,1
1,3,8,15,011110010001001110011100011110,1,1,0,0.5,0.2133333384990692,1,1
1,3,8,16,011110010001001110011100011110,1,1,0,0.34,0.40789473056793213,1,1
1,3,8,19,011110010001001110011100011110,1,1,0,0.8,0.06293706595897675,1,1
1,3,8,20,011110010001001110011100011110,1,1,0,0.84,0.29411765933036804,1,1
1,3,8,21,011110010001001110011100011110,1,1,0,0.84,0.21229049563407898,1,1
1,3,8,25,011110010001001110011100011110,1,1,0,0.45,0.029411764815449715,2,2
1,3,8,26,011110010001001110011100011110,1,1,0,0.49,0.02631578966975212,1,1
1,3,8,27,011110010001001110011100011110,1,1,0,0.79,0.6811594367027283,2,2
1,3,8,28,011110010001001110011100011110,1,1,0,0.4,0.0,1,1
1,3,9,0,110010101100110000000010100000,1,1,0,0.15,0.21212121844291687,1,1
1,3,9,1,110010101100110000000010100000,1,1,0,0.95,0.10101009905338287,1,1
1,3,9,4,110010101100110000000010100000,1,1,0,0.37,0.1111111119389534,1,1
1,3,9,6,110010101100110000000010100000,1,1,0,0.44,0.0,1,1
1,3,9,8,110010101100110000000010100000,1,1,0,0.81,0.7654321193695068,2,2
1,3,9,9,110010101100110000000010100000,1,1,0,0.14,0.0,1,1
1,3,9,12,110010101100110000000010100000,1,1,0,0.85,0.0,2,2
1,3,9,13,110010101100110000000010100000,1,1,0,0.62,0.8536585569381714,1,1
1,3,9,22,110010101100110000000010100000,1,1,0,0.14,0.22857142984867096,1,1
1,3,9,24,110010101100110000000010100000,1,1,0,0.11,0.24137930572032928,1,1
1,3,10,1,011011001010110110101100010010,1,1,0,0.95,0.10101009905338287,1,1
1,3,10,2,011011001010110110101100010010,1,1,0,0.56,0.2520325183868408,1,1
1,3,10,4,011011001010110110101100010010,1,1,0,0.37,0.1111111119389534,1,1
1,3,10,5,011011001010110110101100010010,1,1,0,0.8,0.0416666679084301,2,2
1,3,10,8,011011001010110110101100010010,1,1,0,0.81,0.7654321193695068,2,2
1,3,10,10,011011001010110110101100010010,1,1,0,0.37,0.0,1,1
1,3,10,12,011011001010110110101100010010,1,1,0,0.85,0.0,2,2
1,3,10,13,011011001010110110101100010010,1,1,0,0.62,0.8536585569381714,1,1
1,3,10,15,011011001010110110101100010010,1,1,0,0.5,0.2133333384990692,1,1
1,3,10,16,011011001010110110101100010010,1,1,0,0.34,0.40789473056793213,1,1
1,3,10,18,011011001010110110101100010010,1,1,0,0.72,0.0,1,1
1,3,10,20,011011001010110110101100010010,1,1,0,0.84,0.29411765933036804,1,1
1,3,10,21,011011001010110110101100010010,1,1,0,0.84,0.21229049563407898,1,1
1,3,10,25,011011001010110110101100010010,1,1,0,0.45,0.029411764815449715,2,2
1,3,10,28,011011001010110110101100010010,1,1,0,0.4,0.0,1,1
1,3,11,2,001001001001110010100100001110,1,1,0,0.56,0.2520325183868408,1,1
1,3,11,5,001001001001110010100100001110,1,1,0,0.8,0.0416666679084301,2,2
1,3,11,8,001001001001110010100100001110,1,1,0,0.81,0.7654321193695068,2,2
1,3,11,11,001001001001110010100100001110,1,1,0,0.85,0.0,2,2
1,3,11,12,001001001001110010100100001110,1,1,0,0.85,0.0,2,2
1,3,11,13,001001001001110010100100001110,1,1,0,0.62,0.8536585569381714,1,1
1,3,11,16,001001001001110010100100001110,1,1,0,0.34,0.40789473056793213,1,1
1,3,11,18,001001001001110010100100001110,1,1,0,0.72,0.0,1,1
1,3,11,21,001001001001110010100100001110,1,1,0,0.84,0.21229049563407898,1,1
1,3,11,26,001001001001110010100100001110,1,1,0,0.49,0.02631578966975212,1,1
1,3,11,27,001001001001110010100100001110,1,1,0,0.79,0.6811594367027283,2,2
1,3,11,28,001001001001110010100100001110,1,1,0,0.4,0.0,1,1
1,3,12,2,001110010001011000110101000011,1,1,0,0.56,0.2520325183868408,1,1
1,3,12,3,001110010001011000110101000011,1,1,0,0.73,0.4545454680919647,2,2
1,3,12,4,001110010001011000110101000011,1,1,0,0.37,0.1111111119389534,1,1
1,3,12,7,001110010001011000110101000011,1,0,1,0.06,0.0,1,1
1,3,12,11,001110010001011000110101000011,1,1,0,0.85,0.0,2,2
1,3,12,13,001110010001011000110101000011,1,1,0,0.62,0.8536585569381714,1,1
1,3,12,14,001110010001011000110101000011,1,1,0,0.68,0.01315789483487606,1,1
1,3,12,18,001110010001011000110101000011,1,1,0,0.72,0.0,1,1
1,3,12,19,001110010001011000110101000011,1,1,0,0.8,0.06293706595897675,1,1
1,3,12,21,001110010001011000110101000011,1,1,0,0.84,0.21229049563407898,1,1
1,3,12,23,001110010001011000110101000011,1,1,0,0.54,0.0,1,1
1,3,12,28,001110010001011000110101000011,1,1,0,0.4,0.0,1,1
1,3,12,29,001110010001011000110101000011,1,1,0,0.17,0.1190476194024086,1,1
1,3,13,2,001011101110101100110101000110,1,1,0,0.56,0.2520325183868408,1,1
1,3,13,4,001011101110101100110101000110,1,1,0,0.37,0.1111111119389534,1,1
1,3,13,5,001011101110101100110101000110,1,1,0,0.8,0.0416666679084301,2,2
1,3,13,6,001011101110101100110101000110,1,1,0,0.44,0.0,1,1
1,3,13,8,001011101110101100110101000110,1,1,0,0.81,0.7654321193695068,2,2
1,3,13,9,001011101110101100110101000110,1,1,0,0.14,0.0,1,1
1,3,13,10,001011101110101100110101000110,1,1,0,0.37,0.0,1,1
1,3,13,12,001011101110101100110101000110,1,1,0,0.85,0.0,2,2
1,3,13,14,001011101110101100110101000110,1,1,0,0.68,0.01315789483487606,1,1
1,3,13,15,001011101110101100110101000110,1,1,0,0.5,0.2133333384990692,1,1
1,3,13,18,001011101110101100110101000110,1,1,0,0.72,0.0,1,1
1,3,13,19,001011101110101100110101000110,1,1,0,0.8,0.06293706595897675,1,1
1,3,13,21,001011101110101100110101000110,1,1,0,0.84,0.21229049563407898,1,1
1,3,13,23,001011101110101100110101000110,1,1,0,0.54,0.0,1,1
1,3,13,27,001011101110101100110101000110,1,1,0,0.79,0.6811594367027283,2,2
1,3,13,28,001011101110101100110101000110,1,1,0,0.4,0.0,1,1
1,3,14,0,111111110001101111101001011011,1,1,0,0.15,0.21212121844291687,1,1
1,3,14,1,111111110001101111101001011011,1,1,0,0.95,0.10101009905338287,1,1
1,3,14,2,111111110001101111101001011011,1,1,0,0.56,0.2520325183868408,1,1
1,3,14,3,111111110001101111101001011011,1,1,0,0.73,0.4545454680919647,2,2
1,3,14,4,111111110001101111101001011011,1,1,0,0.37,0.1111111119389534,1,1
1,3,14,5,111111110001101111101001011011,1,1,0,0.8,0.0416666679084301,2,2
1,3,14,6,111111110001101111101001011011,1,1,0,0.44,0.0,1,1
1,3,14,7,111111110001101111101001011011,1,0,1,0.06,0.0,1,1
1,3,14,11,111111110001101111101001011011,1,1,0,0.85,0.0,2,2
1,3,14,12,111111110001101111101001011011,1,1,0,0.85,0.0,2,2
1,3,14,14,111111110001101111101001011011,1,1,0,0.68,0.01315789483487606,1,1
1,3,14,15,111111110001101111101001011011,1,1,0,0.5,0.2133333384990692,1,1
1,3,14,16,111111110001101111101001011011,1,1,0,0.34,0.40789473056793213,1,1
1,3,14,17,111111110001101111101001011011,1,1,0,0.38,0.0,1,1
1,3,14,18,111111110001101111101001011011,1,1,0,0.72,0.0,1,1
1,3,14,20,111111110001101111101001011011,1,1,0,0.84,0.29411765933036804,1,1
1,3,14,23,111111110001101111101001011011,1,1,0,0.54,0.0,1,1
1,3,14,25,111111110001101111101001011011,1,1,0,0.45,0.029411764815449715,2,2
1,3,14,26,111111110001101111101001011011,1,1,0,0.49,0.02631578966975212,1,1
1,3,14,28,111111110001101111101001011011,1,1,0,0.4,0.0,1,1
1,3,14,29,111111110001101111101001011011,1,1,0,0.17,0.1190476194024086,1,1
1,3,15,2,001111111001101101011111011011,1,1,0,0.56,0.2520325183868408,1,1
1,3,15,3,001111111001101101011111011011,1,1,0,0.73,0.4545454680919647,2,2
1,3,15,4,001111111001101101011111011011,1,1,0,0.37,0.1111111119389534,1,1
1,3,15,5,001111111001101101011111011011,1,1,0,0.8,0.0416666679084301,2,2
1,3,15,6,001111111001101101011111011011,1,1,0,0.44,0.0,1,1
1,3,15,7,001111111001101101011111011011,1,0,1,0.06,0.0,1,1
1,3,15,8,001111111001101101011111011011,1,1,0,0.81,0.7654321193695068,2,2
1,3,15,11,001111111001101101011111011011,1,1,0,0.85,0.0,2,2
1,3,15,12,001111111001101101011111011011,1,1,0,0.85,0.0,2,2
1,3,15,14,001111111001101101011111011011,1,1,0,0.68,0.01315789483487606,1,1
1,3,15,15,001111111001101101011111011011,1,1,0,0.5,0.2133333384990692,1,1
1,3,15,17,001111111001101101011111011011,1,1,0,0.38,0.0,1,1
1,3,15,19,001111111001101101011111011011,1,1,0,0.8,0.06293706595897675,1,1
1,3,15,20,001111111001101101011111011011,1,1,0,0.84,0.29411765933036804,1,1
1,3,15,21,001111111001101101011111011011,1,1,0,0.84,0.21229049563407898,1,1
1,3,15,22,001111111001101101011111011011,1,1,0,0.14,0.22857142984867096,1,1
1,3,15,23,001111111001101101011111011011,1,1,0,0.54,0.0,1,1
1,3,15,25,001111111001101101011111011011,1,1,0,0.45,0.029411764815449715,2,2
1,3,15,26,001111111001101101011111011011,1,1,0,0.49,0.02631578966975212,1,1
1,3,15,28,001111111001101101011111011011,1,1,0,0.4,0.0,1,1
1,3,15,29,001111111001101101011111011011,1,1,0,0.17,0.1190476194024086,1,1
1,3,16,0,111111110001100001001111011010,1,1,0,0.15,0.21212121844291687,1,1
1,3,16,1,111111110001100001001111011010,1,1,0,0.95,0.10101009905338287,1,1
1,3,16,2,111111110001100001001111011010,1,1,0,0.56,0.2520325183868408,1,1
1,3,16,3,111111110001100001001111011010,1,1,0,0.73,0.4545454680919647,2,2
1,3,16,4,111111110001100001001111011010,1,1,0,0.37,0.1111111119389534,1,1
1,3,16,5,111111110001100001001111011010,1,1,0,0.8,0.0416666679084301,2,2
1,3,16,6,111111110001100001001111011010,1,1,0,0.44,0.0,1,1
1,3,16,7,111111110001100001001111011010,1,0,1,0.06,0.0,1,1
1,3,16,11,111111110001100001001111011010,1,1,0,0.85,0.0,2,2
1,3,16,12,111111110001100001001111011010,1,1,0,0.85,0.0,2,2
1,3,16,17,111111110001100001001111011010,1,1,0,0.38,0.0,1,1
1,3,16,20,111111110001100001001111011010,1,1,0,0.84,0.29411765933036804,1,1
1,3,16,21,111111110001100001001111011010,1,1,0,0.84,0.21229049563407898,1,1
1,3,16,22,111111110001100001001111011010,1,1,0,0.14,0.22857142984867096,1,1
1,3,16,23,111111110001100001001111011010,1,1,0,0.54,0.0,1,1
1,3,16,25,111111110001100001001111011010,1,1,0,0.45,0.029411764815449715,2,2
1,3,16,26,111111110001100001001111011010,1,1,0,0.49,0.02631578966975212,1,1
1,3,16,28,111111110001100001001111011010,1,1,0,0.4,0.0,1,1
1,3,17,4,000010111011100101100110011011,1,1,0,0.37,0.1111111119389534,1,1
1,3,17,6,000010111011100101100110011011,1,1,0,0.44,0.0,1,1
1,3,17,7,000010111011100101100110011011,1,0,1,0.06,0.0,1,1
1,3,17,8,000010111011100101100110011011,1,1,0,0.81,0.7654321193695068,2,2
1,3,17,10,000010111011100101100110011011,1,1,0,0.37,0.0,1,1
1,3,17,11,000010111011100101100110011011,1,1,0,0.85,0.0,2,2
1,3,17,12,000010111011100101100110011011,1,1,0,0.85,0.0,2,2
1,3,17,15,000010111011100101100110011011,1,1,0,0.5,0.2133333384990692,1,1
1,3,17,17,000010111011100101100110011011,1,1,0,0.38,0.0,1,1
1,3,17,18,000010111011100101100110011011,1,1,0,0.72,0.0,1,1
1,3,17,21,000010111011100101100110011011,1,1,0,0.84,0.21229049563407898,1,1
1,3,17,22,000010111011100101100110011011,1,1,0,0.14,0.22857142984867096,1,1
1,3,17,25,000010111011100101100110011011,1,1,0,0.45,0.029411764815449715,2,2
1,3,17,26,000010111011100101100110011011,1,1,0,0.49,0.02631578966975212,1,1
1,3,17,28,000010111011100101100110011011,1,1,0,0.4,0.0,1,1
1,3,17,29,000010111011100101100110011011,1,1,0,0.17,0.1190476194024086,1,1
1,3,18,0,110001001101101101011110011010,1,1,0,0.15,0.21212121844291687,1,1
1,3,18,1,110001001101101101011110011010,1,1,0,0.95,0.10101009905338287,1,1
1,3,18,5,110001001101101101011110011010,1,1,0,0.8,0.0416666679084301,2,2
1,3,18,8,110001001101101101011110011010,1,1,0,0.81,0.7654321193695068,2,2
1,3,18,9,110001001101101101011110011010,1,1,0,0.14,0.0,1,1
1,3,18,11,110001001101101101011110011010,1,1,0,0.85,0.0,2,2
1,3,18,12,110001001101101101011110011010,1,1,0,0.85,0.0,2,2
1,3,18,14,110001001101101101011110011010,1,1,0,0.68,0.01315789483487606,1,1
1,3,18,15,110001001101101101011110011010,1,1,0,0.5,0.2133333384990692,1,1
1,3,18,17,110001001101101101011110011010,1,1,0,0.38,0.0,1,1
1,3,18,19,110001001101101101011110011010,1,1,0,0.8,0.06293706595897675,1,1
1,3,18,20,110001001101101101011110011010,1,1,0,0.84,0.29411765933036804,1,1
1,3,18,21,110001001101101101011110011010,1,1,0,0.84,0.21229049563407898,1,1
1,3,18,22,110001001101101101011110011010,1,1,0,0.14,0.22857142984867096,1,1
1,3,18,25,110001001101101101011110011010,1,1,0,0.45,0.029411764815449715,2,2
1,3,18,26,110001001101101101011110011010,1,1,0,0.49,0.02631578966975212,1,1
1,3,18,28,110001001101101101011110011010,1,1,0,0.4,0.0,1,1
1,3,19,1,011011001100110110101100001000,1,1,0,0.95,0.10101009905338287,1,1
1,3,19,2,011011001100110110101100001000,1,1,0,0.56,0.2520325183868408,1,1
1,3,19,4,011011001100110110101100001000,1,1,0,0.37,0.1111111119389534,1,1
1,3,19,5,011011001100110110101100001000,1,1,0,0.8,0.0416666679084301,2,2
1,3,19,8,011011001100110110101100001000,1,1,0,0.81,0.7654321193695068,2,2
1,3,19,9,011011001100110110101100001000,1,1,0,0.14,0.0,1,1
1,3,19,12,011011001100110110101100001000,1,1,0,0.85,0.0,2,2
1,3,19,13,011011001100110110101100001000,1,1,0,0.62,0.8536585569381714,1,1
1,3,19,15,011011001100110110101100001000,1,1,0,0.5,0.2133333384990692,1,1
1,3,19,16,011011001100110110101100001000,1,1,0,0.34,0.40789473056793213,1,1
1,3,19,18,011011001100110110101100001000,1,1,0,0.72,0.0,1,1
1,3,19,20,011011001100110110101100001000,1,1,0,0.84,0.29411765933036804,1,1
1,3,19,21,011011001100110110101100001000,1,1,0,0.84,0.21229049563407898,1,1
1,3,19,26,011011001100110110101100001000,1,1,0,0.49,0.02631578966975212,1,1
1,3,20,1,010011100111110000010001010011,1,1,0,0.95,0.10101009905338287,1,1
1,3,20,4,010011100111110000010001010011,1,1,0,0.37,0.1111111119389534,1,1
1,3,20,5,010011100111110000010001010011,1,1,0,0.8,0.0416666679084301,2,2
1,3,20,6,010011100111110000010001010011,1,1,0,0.44,0.0,1,1
1,3,20,9,010011100111110000010001010011,1,1,0,0.14,0.0,1,1
1,3,20,10,010011100111110000010001010011,1,1,0,0.37,0.0,1,1
1,3,20,11,010011100111110000010001010011,1,1,0,0.85,0.0,2,2
1,3,20,12,010011100111110000010001010011,1,1,0,0.85,0.0,2,2
1,3,20,13,010011100111110000010001010011,1,1,0,0.62,0.8536585569381714,1,1
1,3,20,19,010011100111110000010001010011,1,1,0,0.8,0.06293706595897675,1,1
1,3,20,23,010011100111110000010001010011,1,1,0,0.54,0.0,1,1
1,3,20,25,010011100111110000010001010011,1,1,0,0.45,0.029411764815449715,2,2
1,3,20,28,010011100111110000010001010011,1,1,0,0.4,0.0,1,1
1,3,20,29,010011100111110000010001010011,1,1,0,0.17,0.1190476194024086,1,1
1,4,0,2,001101101111111101100001010010,1,1,0,0.56,0.2520325183868408,1,1
1,4,0,3,001101101111111101100001010010,1,1,0,0.73,0.4545454680919647,2,2
1,4,0,5,001101101111111101100001010010,1,1,0,0.8,0.0416666679084301,2,2
1,4,0,6,001101101111111101100001010010,1,1,0,0.44,0.0,1,1
1,4,0,8,001101101111111101100001010010,1,1,0,0.81,0.7654321193695068,2,2
1,4,0,9,001101101111111101100001010010,1,1,0,0.14,0.0,1,1
1,4,0,10,001101101111111101100001010010,1,1,0,0.37,0.0,1,1
1,4,0,11,001101101111111101100001010010,1,1,0,0.85,0.0,2,2
1,4,0,12,001101101111111101100001010010,1,1,0,0.85,0.0,2,2
1,4,0,13,001101101111111101100001010010,1,1,0,0.62,0.8536585569381714,1,1
1,4,0,14,001101101111111101100001010010,1,1,0,0.68,0.01315789483487606,1,1
1,4,0,15,001101101111111101100001010010,1,1,0,0.5,0.2133333384990692,1,1
1,4,0,17,001101101111111101100001010010,1,1,0,0.38,0.0,1,1
1,4,0,18,001101101111111101100001010010,1,1,0,0.72,0.0,1,1
1,4,0,23,001101101111111101100001010010,1,1,0,0.54,0.0,1,1
1,4,0,25,001101101111111101100001010010,1,1,0,0.45,0.029411764815449715,2,2
1,4,0,28,001101101111111101100001010010,1,1,0,0.4,0.0,1,1
1,4,1,1,011011001010110110101100001000,1,1,0,0.95,0.10101009905338287,1,1
1,4,1,2,011011001010110110101100001000,1,1,0,0.56,0.2520325183868408,1,1
1,4,1,4,011011001010110110101100001000,1,1,0,0.37,0.1111111119389534,1,1
1,4,1,5,011011001010110110101100001000,1,1,0,0.8,0.0416666679084301,2,2
1,4,1,8,011011001010110110101100001000,1,1,0,0.81,0.7654321193695068,2,2
1,4,1,10,011011001010110110101100001000,1,1,0,0.37,0.0,1,1
1,4,1,12,011011001010110110101100001000,1,1,0,0.85,0.0,2,2
1,4,1,13,011011001010110110101100001000,1,1,0,0.62,0.8536585569381714,1,1
1,4,1,15,011011001010110110101100001000,1,1,0,0.5,0.2133333384990692,1,1
1,4,1,16,011011001010110110101100001000,1,1,0,0.34,0.40789473056793213,1,1
1,4,1,18,011011001010110110101100001000,1,1,0,0.72,0.0,1,1
1,4,1,20,011011001010110110101100001000,1,1,0,0.84,0.29411765933036804,1,1
1,4,1,21,011011001010110110101100001000,1,1,0,0.84,0.21229049563407898,1,1
1,4,1,26,011011001010110110101100001000,1,1,0,0.49,0.02631578966975212,1,1
1,4,2,1,011011001010110110101100001010,1,1,0,0.95,0.10101009905338287,1,1
1,4,2,2,011011001010110110101100001010,1,1,0,0.56,0.2520325183868408,1,1
1,4,2,4,011011001010110110101100001010,1,1,0,0.37,0.1111111119389534,1,1
1,4,2,5,011011001010110110101100001010,1,1,0,0.8,0.0416666679084301,2,2
1,4,2,8,011011001010110110101100001010,1,1,0,0.81,0.7654321193695068,2,2
1,4,2,10,011011001010110110101100001010,1,1,0,0.37,0.0,1,1
1,4,2,12,011011001010110110101100001010,1,1,0,0.85,0.0,2,2
1,4,2,13,011011001010110110101100001010,1,1,0,0.62,0.8536585569381714,1,1
1,4,2,15,011011001010110110101100001010,1,1,0,0.5,0.2133333384990692,1,1
1,4,2,16,011011001010110110101100001010,1,1,0,0.34,0.40789473056793213,1,1
1,4,2,18,011011001010110110101100001010,1,1,0,0.72,0.0,1,1
1,4,2,20,011011001010110110101100001010,1,1,0,0.84,0.29411765933036804,1,1
1,4,2,21,011011001010110110101100001010,1,1,0,0.84,0.21229049563407898,1,1
1,4,2,26,011011001010110110101100001010,1,1,0,0.49,0.02631578966975212,1,1
1,4,2,28,011011001010110110101100001010,1,1,0,0.4,0.0,1,1
1,4,3,1,011110010001001110011100011110,1,1,0,0.95,0.10101009905338287,1,1
1,4,3,2,011110010001001110011100011110,1,1,0,0.56,0.2520325183868408,1,1
1,4,3,3,011110010001001110011100011110,1,1,0,0.73,0.4545454680919647,2,2
1,4,3,4,011110010001001110011100011110,1,1,0,0.37,0.1111111119389534,1,1
1,4,3,7,011110010001001110011100011110,1,0,1,0.06,0.0,1,1
1,4,3,11,011110010001001110011100011110,1,1,0,0.85,0.0,2,2
1,4,3,14,011110010001001110011100011110,1,1,0,0.68,0.01315789483487606,1,1
1,4,3,15,011110010001001110011100011110,1,1,0,0.5,0.2133333384990692,1,1
1,4,3,16,011110010001001110011100011110,1,1,0,0.34,0.40789473056793213,1,1
1,4,3,19,011110010001001110011100011110,1,1,0,0.8,0.06293706595897675,1,1
1,4,3,20,011110010001001110011100011110,1,1,0,0.84,0.29411765933036804,1,1
1,4,3,21,011110010001001110011100011110,1,1,0,0.84,0.21229049563407898,1,1
1,4,3,25,011110010001001110011100011110,1,1,0,0.45,0.029411764815449715,2,2
1,4,3,26,011110010001001110011100011110,1,1,0,0.49,0.02631578966975212,1,1
1,4,3,27,011110010001001110011100011110,1,1,0,0.79,0.6811594367027283,2,2
1,4,3,28,011110010001001110011100011110,1,1,0,0.4,0.0,1,1
1,4,4,0,110010101100110000000010100000,1,1,0,0.15,0.21212121844291687,1,1
1,4,4,1,110010101100110000000010100000,1,1,0,0.95,0.10101009905338287,1,1
1,4,4,4,110010101100110000000010100000,1,1,0,0.37,0.1111111119389534,1,1
1,4,4,6,110010101100110000000010100000,1,1,0,0.44,0.0,1,1
1,4,4,8,110010101100110000000010100000,1,1,0,0.81,0.7654321193695068,2,2
1,4,4,9,110010101100110000000010100000,1,1,0,0.14,0.0,1,1
1,4,4,12,110010101100110000000010100000,1,1,0,0.85,0.0,2,2
1,4,4,13,110010101100110000000010100000,1,1,0,0.62,0.8536585569381714,1,1
1,4,4,22,110010101100110000000010100000,1,1,0,0.14,0.22857142984867096,1,1
1,4,4,24,110010101100110000000010100000,1,1,0,0.11,0.24137930572032928,1,1
1,4,5,1,011011001010110110101100010010,1,1,0,0.95,0.10101009905338287,1,1
1,4,5,2,011011001010110110101100010010,1,1,0,0.56,0.2520325183868408,1,1
1,4,5,4,011011001010110110101100010010,1,1,0,0.37,0.1111111119389534,1,1
1,4,5,5,011011001010110110101100010010,1,1,0,0.8,0.0416666679084301,2,2
1,4,5,8,011011001010110110101100010010,1,1,0,0.81,0.7654321193695068,2,2
1,4,5,10,011011001010110110101100010010,1,1,0,0.37,0.0,1,1
1,4,5,12,011011001010110110101100010010,1,1,0,0.85,0.0,2,2
1,4,5,13,011011001010110110101100010010,1,1,0,0.62,0.8536585569381714,1,1
1,4,5,15,011011001010110110101100010010,1,1,0,0.5,0.2133333384990692,1,1
1,4,5,16,011011001010110110101100010010,1,1,0,0.34,0.40789473056793213,1,1
1,4,5,18,011011001010110110101100010010,1,1,0,0.72,0.0,1,1
1,4,5,20,011011001010110110101100010010,1,1,0,0.84,0.29411765933036804,1,1
1,4,5,21,011011001010110110101100010010,1,1,0,0.84,0.21229049563407898,1,1
1,4,5,25,011011001010110110101100010010,1,1,0,0.45,0.029411764815449715,2,2
1,4,5,28,011011001010110110101100010010,1,1,0,0.4,0.0,1,1
1,4,6,2,001001001001110010100100001110,1,1,0,0.56,0.2520325183868408,1,1
1,4,6,5,001001001001110010100100001110,1,1,0,0.8,0.0416666679084301,2,2
1,4,6,8,001001001001110010100100001110,1,1,0,0.81,0.7654321193695068,2,2
1,4,6,11,001001001001110010100100001110,1,1,0,0.85,0.0,2,2
1,4,6,12,001001001001110010100100001110,1,1,0,0.85,0.0,2,2
1,4,6,13,001001001001110010100100001110,1,1,0,0.62,0.8536585569381714,1,1
1,4,6,16,001001001001110010100100001110,1,1,0,0.34,0.40789473056793213,1,1
1,4,6,18,001001001001110010100100001110,1,1,0,0.72,0.0,1,1
1,4,6,21,001001001001110010100100001110,1,1,0,0.84,0.21229049563407898,1,1
1,4,6,26,001001001001110010100100001110,1,1,0,0.49,0.02631578966975212,1,1
1,4,6,27,001001001001110010100100001110,1,1,0,0.79,0.6811594367027283,2,2
1,4,6,28,001001001001110010100100001110,1,1,0,0.4,0.0,1,1
1,4,7,2,001110010001011000110101000011,1,1,0,0.56,0.2520325183868408,1,1
1,4,7,3,001110010001011000110101000011,1,1,0,0.73,0.4545454680919647,2,2
1,4,7,4,001110010001011000110101000011,1,1,0,0.37,0.1111111119389534,1,1
1,4,7,7,001110010001011000110101000011,1,0,1,0.06,0.0,1,1
1,4,7,11,001110010001011000110101000011,1,1,0,0.85,0.0,2,2
1,4,7,13,001110010001011000110101000011,1,1,0,0.62,0.8536585569381714,1,1
1,4,7,14,001110010001011000110101000011,1,1,0,0.68,0.01315789483487606,1,1
1,4,7,18,001110010001011000110101000011,1,1,0,0.72,0.0,1,1
1,4,7,19,001110010001011000110101000011,1,1,0,0.8,0.06293706595897675,1,1
1,4,7,21,001110010001011000110101000011,1,1,0,0.84,0.21229049563407898,1,1
1,4,7,23,001110010001011000110101000011,1,1,0,0.54,0.0,1,1
1,4,7,28,001110010001011000110101000011,1,1,0,0.4,0.0,1,1
1,4,7,29,001110010001011000110101000011,1,1,0,0.17,0.1190476194024086,1,1
1,4,8,0,111111110001101111101001011011,1,1,0,0.15,0.21212121844291687,1,1
1,4,8,1,111111110001101111101001011011,1,1,0,0.95,0.10101009905338287,1,1
1,4,8,2,111111110001101111101001011011,1,1,0,0.56,0.2520325183868408,1,1
1,4,8,3,111111110001101111101001011011,1,1,0,0.73,0.4545454680919647,2,2
1,4,8,4,111111110001101111101001011011,1,1,0,0.37,0.1111111119389534,1,1
1,4,8,5,111111110001101111101001011011,1,1,0,0.8,0.0416666679084301,2,2
1,4,8,6,111111110001101111101001011011,1,1,0,0.44,0.0,1,1
1,4,8,7,111111110001101111101001011011,1,0,1,0.06,0.0,1,1
1,4,8,11,111111110001101111101001011011,1,1,0,0.85,0.0,2,2
1,4,8,12,111111110001101111101001011011,1,1,0,0.85,0.0,2,2
1,4,8,14,111111110001101111101001011011,1,1,0,0.68,0.01315789483487606,1,1
1,4,8,15,111111110001101111101001011011,1,1,0,0.5,0.2133333384990692,1,1
1,4,8,16,111111110001101111101001011011,1,1,0,0.34,0.40789473056793213,1,1
1,4,8,17,111111110001101111101001011011,1,1,0,0.38,0.0,1,1
1,4,8,18,111111110001101111101001011011,1,1,0,0.72,0.0,1,1
1,4,8,20,111111110001101111101001011011,1,1,0,0.84,0.29411765933036804,1,1
1,4,8,23,111111110001101111101001011011,1,1,0,0.54,0.0,1,1
1,4,8,25,111111110001101111101001011011,1,1,0,0.45,0.029411764815449715,2,2
1,4,8,26,111111110001101111101001011011,1,1,0,0.49,0.02631578966975212,1,1
1,4,8,28,111111110001101111101001011011,1,1,0,0.4,0.0,1,1
1,4,8,29,111111110001101111101001011011,1,1,0,0.17,0.1190476194024086,1,1
1,4,9,0,111111110001100001001111011010,1,1,0,0.15,0.21212121844291687,1,1
1,4,9,1,111111110001100001001111011010,1,1,0,0.95,0.10101009905338287,1,1
1,4,9,2,111111110001100001001111011010,1,1,0,0.56,0.2520325183868408,1,1
1,4,9,3,111111110001100001001111011010,1,1,0,0.73,0.4545454680919647,2,2
1,4,9,4,111111110001100001001111011010,1,1,0,0.37,0.1111111119389534,1,1
1,4,9,5,111111110001100001001111011010,1,1,0,0.8,0.0416666679084301,2,2
1,4,9,6,111111110001100001001111011010,1,1,0,0.44,0.0,1,1
1,4,9,7,111111110001100001001111011010,1,0,1,0.06,0.0,1,1
1,4,9,11,111111110001100001001111011010,1,1,0,0.85,0.0,2,2
1,4,9,12,111111110001100001001111011010,1,1,0,0.85,0.0,2,2
1,4,9,17,111111110001100001001111011010,1,1,0,0.38,0.0,1,1
1,4,9,20,111111110001100001001111011010,1,1,0,0.84,0.29411765933036804,1,1
1,4,9,21,111111110001100001001111011010,1,1,0,0.84,0.21229049563407898,1,1
1,4,9,22,111111110001100001001111011010,1,1,0,0.14,0.22857142984867096,1,1
1,4,9,23,111111110001100001001111011010,1,1,0,0.54,0.0,1,1
1,4,9,25,111111110001100001001111011010,1,1,0,0.45,0.029411764815449715,2,2
1,4,9,26,111111110001100001001111011010,1,1,0,0.49,0.02631578966975212,1,1
1,4,9,28,111111110001100001001111011010,1,1,0,0.4,0.0,1,1
1,4,10,4,000010111011100101100110011011,1,1,0,0.37,0.1111111119389534,1,1
1,4,10,6,000010111011100101100110011011,1,1,0,0.44,0.0,1,1
1,4,10,7,000010111011100101100110011011,1,0,1,0.06,0.0,1,1
1,4,10,8,000010111011100101100110011011,1,1,0,0.81,0.7654321193695068,2,2
1,4,10,10,000010111011100101100110011011,1,1,0,0.37,0.0,1,1
1,4,10,11,000010111011100101100110011011,1,1,0,0.85,0.0,2,2
1,4,10,12,000010111011100101100110011011,1,1,0,0.85,0.0,2,2
1,4,10,15,000010111011100101100110011011,1,1,0,0.5,0.2133333384990692,1,1
1,4,10,17,000010111011100101100110011011,1,1,0,0.38,0.0,1,1
1,4,10,18,000010111011100101100110011011,1,1,0,0.72,0.0,1,1
1,4,10,21,000010111011100101100110011011,1,1,0,0.84,0.21229049563407898,1,1
1,4,10,22,000010111011100101100110011011,1,1,0,0.14,0.22857142984867096,1,1
1,4,10,25,000010111011100101100110011011,1,1,0,0.45,0.029411764815449715,2,2
1,4,10,26,000010111011100101100110011011,1,1,0,0.49,0.02631578966975212,1,1
1,4,10,28,000010111011100101100110011011,1,1,0,0.4,0.0,1,1
1,4,10,29,000010111011100101100110011011,1,1,0,0.17,0.1190476194024086,1,1
1,4,11,1,011011001100110110101100001000,1,1,0,0.95,0.10101009905338287,1,1
1,4,11,2,011011001100110110101100001000,1,1,0,0.56,0.2520325183868408,1,1
1,4,11,4,011011001100110110101100001000,1,1,0,0.37,0.1111111119389534,1,1
1,4,11,5,011011001100110110101100001000,1,1,0,0.8,0.0416666679084301,2,2
1,4,11,8,011011001100110110101100001000,1,1,0,0.81,0.7654321193695068,2,2
1,4,11,9,011011001100110110101100001000,1,1,0,0.14,0.0,1,1
1,4,11,12,011011001100110110101100001000,1,1,0,0.85,0.0,2,2
1,4,11,13,011011001100110110101100001000,1,1,0,0.62,0.8536585569381714,1,1
1,4,11,15,011011001100110110101100001000,1,1,0,0.5,0.2133333384990692,1,1
1,4,11,16,011011001100110110101100001000,1,1,0,0.34,0.40789473056793213,1,1
1,4,11,18,011011001100110110101100001000,1,1,0,0.72,0.0,1,1
1,4,11,20,011011001100110110101100001000,1,1,0,0.84,0.29411765933036804,1,1
1,4,11,21,011011001100110110101100001000,1,1,0,0.84,0.21229049563407898,1,1
1,4,11,26,011011001100110110101100001000,1,1,0,0.49,0.02631578966975212,1,1
1,4,12,1,010011100111110000010001010011,1,1,0,0.95,0.10101009905338287,1,1
1,4,12,4,010011100111110000010001010011,1,1,0,0.37,0.1111111119389534,1,1
1,4,12,5,010011100111110000010001010011,1,1,0,0.8,0.0416666679084301,2,2
1,4,12,6,010011100111110000010001010011,1,1,0,0.44,0.0,1,1
1,4,12,9,010011100111110000010001010011,1,1,0,0.14,0.0,1,1
1,4,12,10,010011100111110000010001010011,1,1,0,0.37,0.0,1,1
1,4,12,11,010011100111110000010001010011,1,1,0,0.85,0.0,2,2
1,4,12,12,010011100111110000010001010011,1,1,0,0.85,0.0,2,2
1,4,12,13,010011100111110000010001010011,1,1,0,0.62,0.8536585569381714,1,1
1,4,12,19,010011100111110000010001010011,1,1,0,0.8,0.06293706595897675,1,1
1,4,12,23,010011100111110000010001010011,1,1,0,0.54,0.0,1,1
1,4,12,25,010011100111110000010001010011,1,1,0,0.45,0.029411764815449715,2,2
1,4,12,28,010011100111110000010001010011,1,1,0,0.4,0.0,1,1
1,4,12,29,010011100111110000010001010011,1,1,0,0.17,0.1190476194024086,1,1
1,4,13,0,111010111111101101100111011011,1,1,0,0.15,0.21212121844291687,1,1
1,4,13,1,111010111111101101100111011011,1,1,0,0.95,0.10101009905338287,1,1
1,4,13,2,111010111111101101100111011011,1,1,0,0.56,0.2520325183868408,1,1
1,4,13,4,111010111111101101100111011011,1,1,0,0.37,0.1111111119389534,1,1
1,4,13,6,111010111111101101100111011011,1,1,0,0.44,0.0,1,1
1,4,13,7,111010111111101101100111011011,1,0,1,0.06,0.0,1,1
1,4,13,8,111010111111101101100111011011,1,1,0,0.81,0.7654321193695068,2,2
1,4,13,9,111010111111101101100111011011,1,1,0,0.14,0.0,1,1
1,4,13,10,111010111111101101100111011011,1,1,0,0.37,0.0,1,1
1,4,13,11,111010111111101101100111011011,1,1,0,0.85,0.0,2,2
1,4,13,12,111010111111101101100111011011,1,1,0,0.85,0.0,2,2
1,4,13,14,111010111111101101100111011011,1,1,0,0.68,0.01315789483487606,1,1
1,4,13,15,111010111111101101100111011011,1,1,0,0.5,0.2133333384990692,1,1
1,4,13,17,111010111111101101100111011011,1,1,0,0.38,0.0,1,1
1,4,13,18,111010111111101101100111011011,1,1,0,0.72,0.0,1,1
1,4,13,21,111010111111101101100111011011,1,1,0,0.84,0.21229049563407898,1,1
1,4,13,22,111010111111101101100111011011,1,1,0,0.14,0.22857142984867096,1,1
1,4,13,23,111010111111101101100111011011,1,1,0,0.54,0.0,1,1
1,4,13,25,111010111111101101100111011011,1,1,0,0.45,0.029411764815449715,2,2
1,4,13,26,111010111111101101100111011011,1,1,0,0.49,0.02631578966975212,1,1
1,4,13,28,111010111111101101100111011011,1,1,0,0.4,0.0,1,1
1,4,13,29,111010111111101101100111011011,1,1,0,0.17,0.1190476194024086,1,1
1,4,14,3,000111110001101011011111011000,1,1,0,0.73,0.4545454680919647,2,2
1,4,14,4,000111110001101011011111011000,1,1,0,0.37,0.1111111119389534,1,1
1,4,14,5,000111110001101011011111011000,1,1,0,0.8,0.0416666679084301,2,2
1,4,14,6,000111110001101011011111011000,1,1,0,0.44,0.0,1,1
1,4,14,7,000111110001101011011111011000,1,0,1,0.06,0.0,1,1
1,4,14,11,000111110001101011011111011000,1,1,0,0.85,0.0,2,2
1,4,14,12,000111110001101011011111011000,1,1,0,0.85,0.0,2,2
1,4,14,14,000111110001101011011111011000,1,1,0,0.68,0.01315789483487606,1,1
1,4,14,16,000111110001101011011111011000,1,1,0,0.34,0.40789473056793213,1,1
1,4,14,17,000111110001101011011111011000,1,1,0,0.38,0.0,1,1
1,4,14,19,000111110001101011011111011000,1,1,0,0.8,0.06293706595897675,1,1
1,4,14,20,000111110001101011011111011000,1,1,0,0.84,0.29411765933036804,1,1
1,4,14,21,000111110001101011011111011000,1,1,0,0.84,0.21229049563407898,1,1
1,4,14,22,000111110001101011011111011000,1,1,0,0.14,0.22857142984867096,1,1
1,4,14,23,000111110001101011011111011000,1,1,0,0.54,0.0,1,1
1,4,14,25,000111110001101011011111011000,1,1,0,0.45,0.029411764815449715,2,2
1,4,14,26,000111110001101011011111011000,1,1,0,0.49,0.02631578966975212,1,1
1,4,15,1,010001111011000101100001011110,1,1,0,0.95,0.10101009905338287,1,1
1,4,15,5,010001111011000101100001011110,1,1,0,0.8,0.0416666679084301,2,2
1,4,15,6,010001111011000101100001011110,1,1,0,0.44,0.0,1,1
1,4,15,7,010001111011000101100001011110,1,0,1,0.06,0.0,1,1
1,4,15,8,010001111011000101100001011110,1,1,0,0.81,0.7654321193695068,2,2
1,4,15,10,010001111011000101100001011110,1,1,0,0.37,0.0,1,1
1,4,15,11,010001111011000101100001011110,1,1,0,0.85,0.0,2,2
1,4,15,15,010001111011000101100001011110,1,1,0,0.5,0.2133333384990692,1,1
1,4,15,17,010001111011000101100001011110,1,1,0,0.38,0.0,1,1
1,4,15,18,010001111011000101100001011110,1,1,0,0.72,0.0,1,1
1,4,15,23,010001111011000101100001011110,1,1,0,0.54,0.0,1,1
1,4,15,25,010001111011000101100001011110,1,1,0,0.45,0.029411764815449715,2,2
1,4,15,26,010001111011000101100001011110,1,1,0,0.49,0.02631578966975212,1,1
1,4,15,27,010001111011000101100001011110,1,1,0,0.79,0.6811594367027283,2,2
1,4,15,28,010001111011000101100001011110,1,1,0,0.4,0.0,1,1
1,4,16,0,110010101100110000000010100101,1,1,0,0.15,0.21212121844291687,1,1
1,4,16,1,110010101100110000000010100101,1,1,0,0.95,0.10101009905338287,1,1
1,4,16,4,110010101100110000000010100101,1,1,0,0.37,0.1111111119389534,1,1
1,4,16,6,110010101100110000000010100101,1,1,0,0.44,0.0,1,1
1,4,16,8,110010101100110000000010100101,1,1,0,0.81,0.7654321193695068,2,2
1,4,16,9,110010101100110000000010100101,1,1,0,0.14,0.0,1,1
1,4,16,12,110010101100110000000010100101,1,1,0,0.85,0.0,2,2
1,4,16,13,110010101100110000000010100101,1,1,0,0.62,0.8536585569381714,1,1
1,4,16,22,110010101100110000000010100101,1,1,0,0.14,0.22857142984867096,1,1
1,4,16,24,110010101100110000000010100101,1,1,0,0.11,0.24137930572032928,1,1
1,4,16,27,110010101100110000000010100101,1,1,0,0.79,0.6811594367027283,2,2
1,4,16,29,110010101100110000000010100101,1,1,0,0.17,0.1190476194024086,1,1
1,4,17,2,001001011001110010100100101100,1,1,0,0.56,0.2520325183868408,1,1
1,4,17,5,001001011001110010100100101100,1,1,0,0.8,0.0416666679084301,2,2
1,4,17,7,001001011001110010100100101100,1,0,1,0.06,0.0,1,1
1,4,17,8,001001011001110010100100101100,1,1,0,0.81,0.7654321193695068,2,2
1,4,17,11,001001011001110010100100101100,1,1,0,0.85,0.0,2,2
1,4,17,12,001001011001110010100100101100,1,1,0,0.85,0.0,2,2
1,4,17,13,001001011001110010100100101100,1,1,0,0.62,0.8536585569381714,1,1
1,4,17,16,001001011001110010100100101100,1,1,0,0.34,0.40789473056793213,1,1
1,4,17,18,001001011001110010100100101100,1,1,0,0.72,0.0,1,1
1,4,17,21,001001011001110010100100101100,1,1,0,0.84,0.21229049563407898,1,1
1,4,17,24,001001011001110010100100101100,1,1,0,0.11,0.24137930572032928,1,1
1,4,17,26,001001011001110010100100101100,1,1,0,0.49,0.02631578966975212,1,1
1,4,17,27,001001011001110010100100101100,1,1,0,0.79,0.6811594367027283,2,2
1,4,18,1,010001110001001111100001010000,1,1,0,0.95,0.10101009905338287,1,1
1,4,18,5,010001110001001111100001010000,1,1,0,0.8,0.0416666679084301,2,2
1,4,18,6,010001110001001111100001010000,1,1,0,0.44,0.0,1,1
1,4,18,7,010001110001001111100001010000,1,0,1,0.06,0.0,1,1
1,4,18,11,010001110001001111100001010000,1,1,0,0.85,0.0,2,2
1,4,18,14,010001110001001111100001010000,1,1,0,0.68,0.01315789483487606,1,1
1,4,18,15,010001110001001111100001010000,1,1,0,0.5,0.2133333384990692,1,1
1,4,18,16,010001110001001111100001010000,1,1,0,0.34,0.40789473056793213,1,1
1,4,18,17,010001110001001111100001010000,1,1,0,0.38,0.0,1,1
1,4,18,18,010001110001001111100001010000,1,1,0,0.72,0.0,1,1
1,4,18,23,010001110001001111100001010000,1,1,0,0.54,0.0,1,1
1,4,18,25,010001110001001111100001010000,1,1,0,0.45,0.029411764815449715,2,2
1,4,19,1,011011011010110110101100001000,1,1,0,0.95,0.10101009905338287,1,1
1,4,19,2,011011011010110110101100001000,1,1,0,0.56,0.2520325183868408,1,1
1,4,19,4,011011011010110110101100001000,1,1,0,0.37,0.1111111119389534,1,1
1,4,19,5,011011011010110110101100001000,1,1,0,0.8,0.0416666679084301,2,2
1,4,19,7,011011011010110110101100001000,1,0,1,0.06,0.0,1,1
1,4,19,8,011011011010110110101100001000,1,1,0,0.81,0.7654321193695068,2,2
1,4,19,10,011011011010110110101100001000,1,1,0,0.37,0.0,1,1
1,4,19,12,011011011010110110101100001000,1,1,0,0.85,0.0,2,2
1,4,19,13,011011011010110110101100001000,1,1,0,0.62,0.8536585569381714,1,1
1,4,19,15,011011011010110110101100001000,1,1,0,0.5,0.2133333384990692,1,1
1,4,19,16,011011011010110110101100001000,1,1,0,0.34,0.40789473056793213,1,1
1,4,19,18,011011011010110110101100001000,1,1,0,0.72,0.0,1,1
1,4,19,20,011011011010110110101100001000,1,1,0,0.84,0.29411765933036804,1,1
1,4,19,21,011011011010110110101100001000,1,1,0,0.84,0.21229049563407898,1,1
1,4,19,26,011011011010110110101100001000,1,1,0,0.49,0.02631578966975212,1,1
1,4,20,1,010011100111110000011001010011,1,1,0,0.95,0.10101009905338287,1,1
1,4,20,4,010011100111110000011001010011,1,1,0,0.37,0.1111111119389534,1,1
1,4,20,5,010011100111110000011001010011,1,1,0,0.8,0.0416666679084301,2,2
1,4,20,6,010011100111110000011001010011,1,1,0,0.44,0.0,1,1
1,4,20,9,010011100111110000011001010011,1,1,0,0.14,0.0,1,1
1,4,20,10,010011100111110000011001010011,1,1,0,0.37,0.0,1,1
1,4,20,11,010011100111110000011001010011,1,1,0,0.85,0.0,2,2
1,4,20,12,010011100111110000011001010011,1,1,0,0.85,0.0,2,2
1,4,20,13,010011100111110000011001010011,1,1,0,0.62,0.8536585569381714,1,1
1,4,20,19,010011100111110000011001010011,1,1,0,0.8,0.06293706595897675,1,1
1,4,20,20,010011100111110000011001010011,1,1,0,0.84,0.29411765933036804,1,1
1,4,20,23,010011100111110000011001010011,1,1,0,0.54,0.0,1,1
1,4,20,25,010011100111110000011001010011,1,1,0,0.45,0.029411764815449715,2,2
1,4,20,28,010011100111110000011001010011,1,1,0,0.4,0.0,1,1
1,4,20,29,010011100111110000011001010011,1,1,0,0.17,0.1190476194024086,1,1
1,4,21,2,001001101001011000110101000011,1,1,0,0.56,0.2520325183868408,1,1
1,4,21,5,001001101001011000110101000011,1,1,0,0.8,0.0416666679084301,2,2
1,4,21,6,001001101001011000110101000011,1,1,0,0.44,0.0,1,1
1,4,21,8,001001101001011000110101000011,1,1,0,0.81,0.7654321193695068,2,2
1,4,21,11,001001101001011000110101000011,1,1,0,0.85,0.0,2,2
1,4,21,13,001001101001011000110101000011,1,1,0,0.62,0.8536585569381714,1,1
1,4,21,14,001001101001011000110101000011,1,1,0,0.68,0.01315789483487606,1,1
1,4,21,18,001001101001011000110101000011,1,1,0,0.72,0.0,1,1
1,4,21,19,001001101001011000110101000011,1,1,0,0.8,0.06293706595897675,1,1
1,4,21,21,001001101001011000110101000011,1,1,0,0.84,0.21229049563407898,1,1
1,4,21,23,001001101001011000110101000011,1,1,0,0.54,0.0,1,1
1,4,21,28,001001101001011000110101000011,1,1,0,0.4,0.0,1,1
1,4,21,29,001001101001011000110101000011,1,1,0,0.17,0.1190476194024086,1,1
1,4,22,1,010001100101111000010001010011,1,1,0,0.95,0.10101009905338287,1,1
1,4,22,5,010001100101111000010001010011,1,1,0,0.8,0.0416666679084301,2,2
1,4,22,6,010001100101111000010001010011,1,1,0,0.44,0.0,1,1
1,4,22,9,010001100101111000010001010011,1,1,0,0.14,0.0,1,1
1,4,22,11,010001100101111000010001010011,1,1,0,0.85,0.0,2,2
1,4,22,12,010001100101111000010001010011,1,1,0,0.85,0.0,2,2
1,4,22,13,010001100101111000010001010011,1,1,0,0.62,0.8536585569381714,1,1
1,4,22,14,010001100101111000010001010011,1,1,0,0.68,0.01315789483487606,1,1
1,4,22,19,010001100101111000010001010011,1,1,0,0.8,0.06293706595897675,1,1
1,4,22,23,010001100101111000010001010011,1,1,0,0.54,0.0,1,1
1,4,22,25,010001100101111000010001010011,1,1,0,0.45,0.029411764815449715,2,2
1,4,22,28,010001100101111000010001010011,1,1,0,0.4,0.0,1,1
1,4,22,29,010001100101111000010001010011,1,1,0,0.17,0.1190476194024086,1,1
1,5,0,2,001101101111111101100001010010,1,1,0,0.56,0.2520325183868408,1,1
1,5,0,3,001101101111111101100001010010,1,1,0,0.73,0.4545454680919647,2,2
1,5,0,5,001101101111111101100001010010,1,1,0,0.8,0.0416666679084301,2,2
1,5,0,6,001101101111111101100001010010,1,1,0,0.44,0.0,1,1
1,5,0,8,001101101111111101100001010010,1,1,0,0.81,0.7654321193695068,2,2
1,5,0,9,001101101111111101100001010010,1,1,0,0.14,0.0,1,1
1,5,0,10,001101101111111101100001010010,1,1,0,0.37,0.0,1,1
1,5,0,11,001101101111111101100001010010,1,1,0,0.85,0.0,2,2
1,5,0,12,001101101111111101100001010010,1,1,0,0.85,0.0,2,2
1,5,0,13,001101101111111101100001010010,1,1,0,0.62,0.8536585569381714,1,1
1,5,0,14,001101101111111101100001010010,1,1,0,0.68,0.01315789483487606,1,1
1,5,0,15,001101101111111101100001010010,1,1,0,0.5,0.2133333384990692,1,1
1,5,0,17,001101101111111101100001010010,1,1,0,0.38,0.0,1,1
1,5,0,18,001101101111111101100001010010,1,1,0,0.72,0.0,1,1
1,5,0,23,001101101111111101100001010010,1,1,0,0.54,0.0,1,1
1,5,0,25,001101101111111101100001010010,1,1,0,0.45,0.029411764815449715,2,2
1,5,0,28,001101101111111101100001010010,1,1,0,0.4,0.0,1,1
1,5,1,2,001110010001011000110101000011,1,1,0,0.56,0.2520325183868408,1,1
1,5,1,3,001110010001011000110101000011,1,1,0,0.73,0.4545454680919647,2,2
1,5,1,4,001110010001011000110101000011,1,1,0,0.37,0.1111111119389534,1,1
1,5,1,7,001110010001011000110101000011,1,0,1,0.06,0.0,1,1
1,5,1,11,001110010001011000110101000011,1,1,0,0.85,0.0,2,2
1,5,1,13,001110010001011000110101000011,1,1,0,0.62,0.8536585569381714,1,1
1,5,1,14,001110010001011000110101000011,1,1,0,0.68,0.01315789483487606,1,1
1,5,1,18,001110010001011000110101000011,1,1,0,0.72,0.0,1,1
1,5,1,19,001110010001011000110101000011,1,1,0,0.8,0.06293706595897675,1,1
1,5,1,21,001110010001011000110101000011,1,1,0,0.84,0.21229049563407898,1,1
1,5,1,23,001110010001011000110101000011,1,1,0,0.54,0.0,1,1
1,5,1,28,001110010001011000110101000011,1,1,0,0.4,0.0,1,1
1,5,1,29,001110010001011000110101000011,1,1,0,0.17,0.1190476194024086,1,1
1,5,2,0,111111110001101111101001011011,1,1,0,0.15,0.21212121844291687,1,1
1,5,2,1,111111110001101111101001011011,1,1,0,0.95,0.10101009905338287,1,1
1,5,2,2,111111110001101111101001011011,1,1,0,0.56,0.2520325183868408,1,1
1,5,2,3,111111110001101111101001011011,1,1,0,0.73,0.4545454680919647,2,2
1,5,2,4,111111110001101111101001011011,1,1,0,0.37,0.1111111119389534,1,1
1,5,2,5,111111110001101111101001011011,1,1,0,0.8,0.0416666679084301,2,2
1,5,2,6,111111110001101111101001011011,1,1,0,0.44,0.0,1,1
1,5,2,7,111111110001101111101001011011,1,0,1,0.06,0.0,1,1
1,5,2,11,111111110001101111101001011011,1,1,0,0.85,0.0,2,2
1,5,2,12,111111110001101111101001011011,1,1,0,0.85,0.0,2,2
1,5,2,14,111111110001101111101001011011,1,1,0,0.68,0.01315789483487606,1,1
1,5,2,15,111111110001101111101001011011,1,1,0,0.5,0.2133333384990692,1,1
1,5,2,16,111111110001101111101001011011,1,1,0,0.34,0.40789473056793213,1,1
1,5,2,17,111111110001101111101001011011,1,1,0,0.38,0.0,1,1
1,5,2,18,111111110001101111101001011011,1,1,0,0.72,0.0,1,1
1,5,2,20,111111110001101111101001011011,1,1,0,0.84,0.29411765933036804,1,1
1,5,2,23,111111110001101111101001011011,1,1,0,0.54,0.0,1,1
1,5,2,25,111111110001101111101001011011,1,1,0,0.45,0.029411764815449715,2,2
1,5,2,26,111111110001101111101001011011,1,1,0,0.49,0.02631578966975212,1,1
1,5,2,28,111111110001101111101001011011,1,1,0,0.4,0.0,1,1
1,5,2,29,111111110001101111101001011011,1,1,0,0.17,0.1190476194024086,1,1
1,5,3,0,111111110001100001001111011010,1,1,0,0.15,0.21212121844291687,1,1
1,5,3,1,111111110001100001001111011010,1,1,0,0.95,0.10101009905338287,1,1
1,5,3,2,111111110001100001001111011010,1,1,0,0.56,0.2520325183868408,1,1
1,5,3,3,111111110001100001001111011010,1,1,0,0.73,0.4545454680919647,2,2
1,5,3,4,111111110001100001001111011010,1,1,0,0.37,0.1111111119389534,1,1
1,5,3,5,111111110001100001001111011010,1,1,0,0.8,0.0416666679084301,2,2
1,5,3,6,111111110001100001001111011010,1,1,0,0.44,0.0,1,1
1,5,3,7,111111110001100001001111011010,1,0,1,0.06,0.0,1,1
1,5,3,11,111111110001100001001111011010,1,1,0,0.85,0.0,2,2
1,5,3,12,111111110001100001001111011010,1,1,0,0.85,0.0,2,2
1,5,3,17,111111110001100001001111011010,1,1,0,0.38,0.0,1,1
1,5,3,20,111111110001100001001111011010,1,1,0,0.84,0.29411765933036804,1,1
1,5,3,21,111111110001100001001111011010,1,1,0,0.84,0.21229049563407898,1,1
1,5,3,22,111111110001100001001111011010,1,1,0,0.14,0.22857142984867096,1,1
1,5,3,23,111111110001100001001111011010,1,1,0,0.54,0.0,1,1
1,5,3,25,111111110001100001001111011010,1,1,0,0.45,0.029411764815449715,2,2
1,5,3,26,111111110001100001001111011010,1,1,0,0.49,0.02631578966975212,1,1
1,5,3,28,111111110001100001001111011010,1,1,0,0.4,0.0,1,1
1,5,4,1,010011100111110000010001010011,1,1,0,0.95,0.10101009905338287,1,1
1,5,4,4,010011100111110000010001010011,1,1,0,0.37,0.1111111119389534,1,1
1,5,4,5,010011100111110000010001010011,1,1,0,0.8,0.0416666679084301,2,2
1,5,4,6,010011100111110000010001010011,1,1,0,0.44,0.0,1,1
1,5,4,9,010011100111110000010001010011,1,1,0,0.14,0.0,1,1
1,5,4,10,010011100111110000010001010011,1,1,0,0.37,0.0,1,1
1,5,4,11,010011100111110000010001010011,1,1,0,0.85,0.0,2,2
1,5,4,12,010011100111110000010001010011,1,1,0,0.85,0.0,2,2
1,5,4,13,010011100111110000010001010011,1,1,0,0.62,0.8536585569381714,1,1
1,5,4,19,010011100111110000010001010011,1,1,0,0.8,0.06293706595897675,1,1
1,5,4,23,010011100111110000010001010011,1,1,0,0.54,0.0,1,1
1,5,4,25,010011100111110000010001010011,1,1,0,0.45,0.029411764815449715,2,2
1,5,4,28,010011100111110000010001010011,1,1,0,0.4,0.0,1,1
1,5,4,29,010011100111110000010001010011,1,1,0,0.17,0.1190476194024086,1,1
1,5,5,3,000111110001101011011111011000,1,1,0,0.73,0.4545454680919647,2,2
1,5,5,4,000111110001101011011111011000,1,1,0,0.37,0.1111111119389534,1,1
1,5,5,5,000111110001101011011111011000,1,1,0,0.8,0.0416666679084301,2,2
1,5,5,6,000111110001101011011111011000,1,1,0,0.44,0.0,1,1
1,5,5,7,000111110001101011011111011000,1,0,1,0.06,0.0,1,1
1,5,5,11,000111110001101011011111011000,1,1,0,0.85,0.0,2,2
1,5,5,12,000111110001101011011111011000,1,1,0,0.85,0.0,2,2
1,5,5,14,000111110001101011011111011000,1,1,0,0.68,0.01315789483487606,1,1
1,5,5,16,000111110001101011011111011000,1,1,0,0.34,0.40789473056793213,1,1
1,5,5,17,000111110001101011011111011000,1,1,0,0.38,0.0,1,1
1,5,5,19,000111110001101011011111011000,1,1,0,0.8,0.06293706595897675,1,1
1,5,5,20,000111110001101011011111011000,1,1,0,0.84,0.29411765933036804,1,1
1,5,5,21,000111110001101011011111011000,1,1,0,0.84,0.21229049563407898,1,1
1,5,5,22,000111110001101011011111011000,1,1,0,0.14,0.22857142984867096,1,1
1,5,5,23,000111110001101011011111011000,1,1,0,0.54,0.0,1,1
1,5,5,25,000111110001101011011111011000,1,1,0,0.45,0.029411764815449715,2,2
1,5,5,26,000111110001101011011111011000,1,1,0,0.49,0.02631578966975212,1,1
1,5,6,1,010001111011000101100001011110,1,1,0,0.95,0.10101009905338287,1,1
1,5,6,5,010001111011000101100001011110,1,1,0,0.8,0.0416666679084301,2,2
1,5,6,6,010001111011000101100001011110,1,1,0,0.44,0.0,1,1
1,5,6,7,010001111011000101100001011110,1,0,1,0.06,0.0,1,1
1,5,6,8,010001111011000101100001011110,1,1,0,0.81,0.7654321193695068,2,2
1,5,6,10,010001111011000101100001011110,1,1,0,0.37,0.0,1,1
1,5,6,11,010001111011000101100001011110,1,1,0,0.85,0.0,2,2
1,5,6,15,010001111011000101100001011110,1,1,0,0.5,0.2133333384990692,1,1
1,5,6,17,010001111011000101100001011110,1,1,0,0.38,0.0,1,1
1,5,6,18,010001111011000101100001011110,1,1,0,0.72,0.0,1,1
1,5,6,23,010001111011000101100001011110,1,1,0,0.54,0.0,1,1
1,5,6,25,010001111011000101100001011110,1,1,0,0.45,0.029411764815449715,2,2
1,5,6,26,010001111011000101100001011110,1,1,0,0.49,0.02631578966975212,1,1
1,5,6,27,010001111011000101100001011110,1,1,0,0.79,0.6811594367027283,2,2
1,5,6,28,010001111011000101100001011110,1,1,0,0.4,0.0,1,1
1,5,7,1,010001110001001111100001010000,1,1,0,0.95,0.10101009905338287,1,1
1,5,7,5,010001110001001111100001010000,1,1,0,0.8,0.0416666679084301,2,2
1,5,7,6,010001110001001111100001010000,1,1,0,0.44,0.0,1,1
1,5,7,7,010001110001001111100001010000,1,0,1,0.06,0.0,1,1
1,5,7,11,010001110001001111100001010000,1,1,0,0.85,0.0,2,2
1,5,7,14,010001110001001111100001010000,1,1,0,0.68,0.01315789483487606,1,1
1,5,7,15,010001110001001111100001010000,1,1,0,0.5,0.2133333384990692,1,1
1,5,7,16,010001110001001111100001010000,1,1,0,0.34,0.40789473056793213,1,1
1,5,7,17,010001110001001111100001010000,1,1,0,0.38,0.0,1,1
1,5,7,18,010001110001001111100001010000,1,1,0,0.72,0.0,1,1
1,5,7,23,010001110001001111100001010000,1,1,0,0.54,0.0,1,1
1,5,7,25,010001110001001111100001010000,1,1,0,0.45,0.029411764815449715,2,2
1,5,8,1,010011100111110000011001010011,1,1,0,0.95,0.10101009905338287,1,1
1,5,8,4,010011100111110000011001010011,1,1,0,0.37,0.1111111119389534,1,1
1,5,8,5,010011100111110000011001010011,1,1,0,0.8,0.0416666679084301,2,2
1,5,8,6,010011100111110000011001010011,1,1,0,0.44,0.0,1,1
1,5,8,9,010011100111110000011001010011,1,1,0,0.14,0.0,1,1
1,5,8,10,010011100111110000011001010011,1,1,0,0.37,0.0,1,1
1,5,8,11,010011100111110000011001010011,1,1,0,0.85,0.0,2,2
1,5,8,12,010011100111110000011001010011,1,1,0,0.85,0.0,2,2
1,5,8,13,010011100111110000011001010011,1,1,0,0.62,0.8536585569381714,1,1
1,5,8,19,010011100111110000011001010011,1,1,0,0.8,0.06293706595897675,1,1
1,5,8,20,010011100111110000011001010011,1,1,0,0.84,0.29411765933036804,1,1
1,5,8,23,010011100111110000011001010011,1,1,0,0.54,0.0,1,1
1,5,8,25,010011100111110000011001010011,1,1,0,0.45,0.029411764815449715,2,2
1,5,8,28,010011100111110000011001010011,1,1,0,0.4,0.0,1,1
1,5,8,29,010011100111110000011001010011,1,1,0,0.17,0.1190476194024086,1,1
1,5,9,2,001001101001011000110101000011,1,1,0,0.56,0.2520325183868408,1,1
1,5,9,5,001001101001011000110101000011,1,1,0,0.8,0.0416666679084301,2,2
1,5,9,6,001001101001011000110101000011,1,1,0,0.44,0.0,1,1
1,5,9,8,001001101001011000110101000011,1,1,0,0.81,0.7654321193695068,2,2
1,5,9,11,001001101001011000110101000011,1,1,0,0.85,0.0,2,2
1,5,9,13,001001101001011000110101000011,1,1,0,0.62,0.8536585569381714,1,1
1,5,9,14,001001101001011000110101000011,1,1,0,0.68,0.01315789483487606,1,1
1,5,9,18,001001101001011000110101000011,1,1,0,0.72,0.0,1,1
1,5,9,19,001001101001011000110101000011,1,1,0,0.8,0.06293706595897675,1,1
1,5,9,21,001001101001011000110101000011,1,1,0,0.84,0.21229049563407898,1,1
1,5,9,23,001001101001011000110101000011,1,1,0,0.54,0.0,1,1
1,5,9,28,001001101001011000110101000011,1,1,0,0.4,0.0,1,1
1,5,9,29,001001101001011000110101000011,1,1,0,0.17,0.1190476194024086,1,1
1,5,10,1,010001100101111000010001010011,1,1,0,0.95,0.10101009905338287,1,1
1,5,10,5,010001100101111000010001010011,1,1,0,0.8,0.0416666679084301,2,2
1,5,10,6,010001100101111000010001010011,1,1,0,0.44,0.0,1,1
1,5,10,9,010001100101111000010001010011,1,1,0,0.14,0.0,1,1
1,5,10,11,010001100101111000010001010011,1,1,0,0.85,0.0,2,2
1,5,10,12,010001100101111000010001010011,1,1,0,0.85,0.0,2,2
1,5,10,13,010001100101111000010001010011,1,1,0,0.62,0.8536585569381714,1,1
1,5,10,14,010001100101111000010001010011,1,1,0,0.68,0.01315789483487606,1,1
1,5,10,19,010001100101111000010001010011,1,1,0,0.8,0.06293706595897675,1,1
1,5,10,23,010001100101111000010001010011,1,1,0,0.54,0.0,1,1
1,5,10,25,010001100101111000010001010011,1,1,0,0.45,0.029411764815449715,2,2
1,5,10,28,010001100101111000010001010011,1,1,0,0.4,0.0,1,1
1,5,10,29,010001100101111000010001010011,1,1,0,0.17,0.1190476194024086,1,1
1,5,11,5,000001011001100101110000101100,1,1,0,0.8,0.0416666679084301,2,2
1,5,11,7,000001011001100101110000101100,1,0,1,0.06,0.0,1,1
1,5,11,8,000001011001100101110000101100,1,1,0,0.81,0.7654321193695068,2,2
1,5,11,11,000001011001100101110000101100,1,1,0,0.85,0.0,2,2
1,5,11,12,000001011001100101110000101100,1,1,0,0.85,0.0,2,2
1,5,11,15,000001011001100101110000101100,1,1,0,0.5,0.2133333384990692,1,1
1,5,11,17,000001011001100101110000101100,1,1,0,0.38,0.0,1,1
1,5,11,18,000001011001100101110000101100,1,1,0,0.72,0.0,1,1
1,5,11,19,000001011001100101110000101100,1,1,0,0.8,0.06293706595897675,1,1
1,5,11,24,000001011001100101110000101100,1,1,0,0.11,0.24137930572032928,1,1
1,5,11,26,000001011001100101110000101100,1,1,0,0.49,0.02631578966975212,1,1
1,5,11,27,000001011001100101110000101100,1,1,0,0.79,0.6811594367027283,2,2
1,5,12,0,110010101100110000110101000000,1,1,0,0.15,0.21212121844291687,1,1
1,5,12,1,110010101100110000110101000000,1,1,0,0.95,0.10101009905338287,1,1
1,5,12,4,110010101100110000110101000000,1,1,0,0.37,0.1111111119389534,1,1
1,5,12,6,110010101100110000110101000000,1,1,0,0.44,0.0,1,1
1,5,12,8,110010101100110000110101000000,1,1,0,0.81,0.7654321193695068,2,2
1,5,12,9,110010101100110000110101000000,1,1,0,0.14,0.0,1,1
1,5,12,12,110010101100110000110101000000,1,1,0,0.85,0.0,2,2
1,5,12,13,110010101100110000110101000000,1,1,0,0.62,0.8536585569381714,1,1
1,5,12,18,110010101100110000110101000000,1,1,0,0.72,0.0,1,1
1,5,12,19,110010101100110000110101000000,1,1,0,0.8,0.06293706595897675,1,1
1,5,12,21,110010101100110000110101000000,1,1,0,0.84,0.21229049563407898,1,1
1,5,12,23,110010101100110000110101000000,1,1,0,0.54,0.0,1,1
1,5,13,4,000010010001001101100100010011,1,1,0,0.37,0.1111111119389534,1,1
1,5,13,7,000010010001001101100100010011,1,0,1,0.06,0.0,1,1
1,5,13,11,000010010001001101100100010011,1,1,0,0.85,0.0,2,2
1,5,13,14,000010010001001101100100010011,1,1,0,0.68,0.01315789483487606,1,1
1,5,13,15,000010010001001101100100010011,1,1,0,0.5,0.2133333384990692,1,1
1,5,13,17,000010010001001101100100010011,1,1,0,0.38,0.0,1,1
1,5,13,18,000010010001001101100100010011,1,1,0,0.72,0.0,1,1
1,5,13,21,000010010001001101100100010011,1,1,0,0.84,0.21229049563407898,1,1
1,5,13,25,000010010001001101100100010011,1,1,0,0.45,0.029411764815449715,2,2
1,5,13,28,000010010001001101100100010011,1,1,0,0.4,0.0,1,1
1,5,13,29,000010010001001101100100010011,1,1,0,0.17,0.1190476194024086,1,1
1,5,14,1,011010111111111101100001010111,1,1,0,0.95,0.10101009905338287,1,1
1,5,14,2,011010111111111101100001010111,1,1,0,0.56,0.2520325183868408,1,1
1,5,14,4,011010111111111101100001010111,1,1,0,0.37,0.1111111119389534,1,1
1,5,14,6,011010111111111101100001010111,1,1,0,0.44,0.0,1,1
1,5,14,7,011010111111111101100001010111,1,0,1,0.06,0.0,1,1
1,5,14,8,011010111111111101100001010111,1,1,0,0.81,0.7654321193695068,2,2
1,5,14,9,011010111111111101100001010111,1,1,0,0.14,0.0,1,1
1,5,14,10,011010111111111101100001010111,1,1,0,0.37,0.0,1,1
1,5,14,11,011010111111111101100001010111,1,1,0,0.85,0.0,2,2
1,5,14,12,011010111111111101100001010111,1,1,0,0.85,0.0,2,2
1,5,14,13,011010111111111101100001010111,1,1,0,0.62,0.8536585569381714,1,1
1,5,14,14,011010111111111101100001010111,1,1,0,0.68,0.01315789483487606,1,1
1,5,14,15,011010111111111101100001010111,1,1,0,0.5,0.2133333384990692,1,1
1,5,14,17,011010111111111101100001010111,1,1,0,0.38,0.0,1,1
1,5,14,18,011010111111111101100001010111,1,1,0,0.72,0.0,1,1
1,5,14,23,011010111111111101100001010111,1,1,0,0.54,0.0,1,1
1,5,14,25,011010111111111101100001010111,1,1,0,0.45,0.029411764815449715,2,2
1,5,14,27,011010111111111101100001010111,1,1,0,0.79,0.6811594367027283,2,2
1,5,14,28,011010111111111101100001010111,1,1,0,0.4,0.0,1,1
1,5,14,29,011010111111111101100001010111,1,1,0,0.17,0.1190476194024086,1,1
1,5,15,2,001001001001110010100100000100,1,1,0,0.56,0.2520325183868408,1,1
1,5,15,5,001001001001110010100100000100,1,1,0,0.8,0.0416666679084301,2,2
1,5,15,8,001001001001110010100100000100,1,1,0,0.81,0.7654321193695068,2,2
1,5,15,11,001001001001110010100100000100,1,1,0,0.85,0.0,2,2
1,5,15,12,001001001001110010100100000100,1,1,0,0.85,0.0,2,2
1,5,15,13,001001001001110010100100000100,1,1,0,0.62,0.8536585569381714,1,1
1,5,15,16,001001001001110010100100000100,1,1,0,0.34,0.40789473056793213,1,1
1,5,15,18,001001001001110010100100000100,1,1,0,0.72,0.0,1,1
1,5,15,21,001001001001110010100100000100,1,1,0,0.84,0.21229049563407898,1,1
1,5,15,27,001001001001110010100100000100,1,1,0,0.79,0.6811594367027283,2,2
1,5,16,2,001111101111111000110101011110,1,1,0,0.56,0.2520325183868408,1,1
1,5,16,3,001111101111111000110101011110,1,1,0,0.73,0.4545454680919647,2,2
1,5,16,4,001111101111111000110101011110,1,1,0,0.37,0.1111111119389534,1,1
1,5,16,5,001111101111111000110101011110,1,1,0,0.8,0.0416666679084301,2,2
1,5,16,6,001111101111111000110101011110,1,1,0,0.44,0.0,1,1
1,5,16,8,001111101111111000110101011110,1,1,0,0.81,0.7654321193695068,2,2
1,5,16,9,001111101111111000110101011110,1,1,0,0.14,0.0,1,1
1,5,16,10,001111101111111000110101011110,1,1,0,0.37,0.0,1,1
1,5,16,11,001111101111111000110101011110,1,1,0,0.85,0.0,2,2
1,5,16,12,001111101111111000110101011110,1,1,0,0.85,0.0,2,2
1,5,16,13,001111101111111000110101011110,1,1,0,0.62,0.8536585569381714,1,1
1,5,16,14,001111101111111000110101011110,1,1,0,0.68,0.01315789483487606,1,1
1,5,16,18,001111101111111000110101011110,1,1,0,0.72,0.0,1,1
1,5,16,19,001111101111111000110101011110,1,1,0,0.8,0.06293706595897675,1,1
1,5,16,21,001111101111111000110101011110,1,1,0,0.84,0.21229049563407898,1,1
1,5,16,23,001111101111111000110101011110,1,1,0,0.54,0.0,1,1
1,5,16,25,001111101111111000110101011110,1,1,0,0.45,0.029411764815449715,2,2
1,5,16,26,001111101111111000110101011110,1,1,0,0.49,0.02631578966975212,1,1
1,5,16,27,001111101111111000110101011110,1,1,0,0.79,0.6811594367027283,2,2
1,5,16,28,001111101111111000110101011110,1,1,0,0.4,0.0,1,1
1,5,17,5,000001110001001111000101010001,1,1,0,0.8,0.0416666679084301,2,2
1,5,17,6,000001110001001111000101010001,1,1,0,0.44,0.0,1,1
1,5,17,7,000001110001001111000101010001,1,0,1,0.06,0.0,1,1
1,5,17,11,000001110001001111000101010001,1,1,0,0.85,0.0,2,2
1,5,17,14,000001110001001111000101010001,1,1,0,0.68,0.01315789483487606,1,1
1,5,17,15,000001110001001111000101010001,1,1,0,0.5,0.2133333384990692,1,1
1,5,17,16,000001110001001111000101010001,1,1,0,0.34,0.40789473056793213,1,1
1,5,17,17,000001110001001111000101010001,1,1,0,0.38,0.0,1,1
1,5,17,21,000001110001001111000101010001,1,1,0,0.84,0.21229049563407898,1,1
1,5,17,23,000001110001001111000101010001,1,1,0,0.54,0.0,1,1
1,5,17,25,000001110001001111000101010001,1,1,0,0.45,0.029411764815449715,2,2
1,5,17,29,000001110001001111000101010001,1,1,0,0.17,0.1190476194024086,1,1
1,5,18,0,111001111111101101100111011011,1,1,0,0.15,0.21212121844291687,1,1
1,5,18,1,111001111111101101100111011011,1,1,0,0.95,0.10101009905338287,1,1
1,5,18,2,111001111111101101100111011011,1,1,0,0.56,0.2520325183868408,1,1
1,5,18,5,111001111111101101100111011011,1,1,0,0.8,0.0416666679084301,2,2
1,5,18,6,111001111111101101100111011011,1,1,0,0.44,0.0,1,1
1,5,18,7,111001111111101101100111011011,1,0,1,0.06,0.0,1,1
1,5,18,8,111001111111101101100111011011,1,1,0,0.81,0.7654321193695068,2,2
1,5,18,9,111001111111101101100111011011,1,1,0,0.14,0.0,1,1
1,5,18,10,111001111111101101100111011011,1,1,0,0.37,0.0,1,1
1,5,18,11,111001111111101101100111011011,1,1,0,0.85,0.0,2,2
1,5,18,12,111001111111101101100111011011,1,1,0,0.85,0.0,2,2
1,5,18,14,111001111111101101100111011011,1,1,0,0.68,0.01315789483487606,1,1
1,5,18,15,111001111111101101100111011011,1,1,0,0.5,0.2133333384990692,1,1
1,5,18,17,111001111111101101100111011011,1,1,0,0.38,0.0,1,1
1,5,18,18,111001111111101101100111011011,1,1,0,0.72,0.0,1,1
1,5,18,21,111001111111101101100111011011,1,1,0,0.84,0.21229049563407898,1,1
1,5,18,22,111001111111101101100111011011,1,1,0,0.14,0.22857142984867096,1,1
1,5,18,23,111001111111101101100111011011,1,1,0,0.54,0.0,1,1
1,5,18,25,111001111111101101100111011011,1,1,0,0.45,0.029411764815449715,2,2
1,5,18,26,111001111111101101100111011011,1,1,0,0.49,0.02631578966975212,1,1
1,5,18,28,111001111111101101100111011011,1,1,0,0.4,0.0,1,1
1,5,18,29,111001111111101101100111011011,1,1,0,0.17,0.1190476194024086,1,1
1,5,19,2,001101101011100101010001010010,1,1,0,0.56,0.2520325183868408,1,1
1,5,19,3,001101101011100101010001010010,1,1,0,0.73,0.4545454680919647,2,2
1,5,19,5,001101101011100101010001010010,1,1,0,0.8,0.0416666679084301,2,2
1,5,19,6,001101101011100101010001010010,1,1,0,0.44,0.0,1,1
1,5,19,8,001101101011100101010001010010,1,1,0,0.81,0.7654321193695068,2,2
1,5,19,10,001101101011100101010001010010,1,1,0,0.37,0.0,1,1
1,5,19,11,001101101011100101010001010010,1,1,0,0.85,0.0,2,2
1,5,19,12,001101101011100101010001010010,1,1,0,0.85,0.0,2,2
1,5,19,15,001101101011100101010001010010,1,1,0,0.5,0.2133333384990692,1,1
1,5,19,17,001101101011100101010001010010,1,1,0,0.38,0.0,1,1
1,5,19,19,001101101011100101010001010010,1,1,0,0.8,0.06293706595897675,1,1
1,5,19,23,001101101011100101010001010010,1,1,0,0.54,0.0,1,1
1,5,19,25,001101101011100101010001010010,1,1,0,0.45,0.029411764815449715,2,2
1,5,19,28,001101101011100101010001010010,1,1,0,0.4,0.0,1,1
1,5,20,1,010101001001011000111101001011,1,1,0,0.95,0.10101009905338287,1,1
1,5,20,3,010101001001011000111101001011,1,1,0,0.73,0.4545454680919647,2,2
1,5,20,5,010101001001011000111101001011,1,1,0,0.8,0.0416666679084301,2,2
1,5,20,8,010101001001011000111101001011,1,1,0,0.81,0.7654321193695068,2,2
1,5,20,11,010101001001011000111101001011,1,1,0,0.85,0.0,2,2
1,5,20,13,010101001001011000111101001011,1,1,0,0.62,0.8536585569381714,1,1
1,5,20,14,010101001001011000111101001011,1,1,0,0.68,0.01315789483487606,1,1
1,5,20,18,010101001001011000111101001011,1,1,0,0.72,0.0,1,1
1,5,20,19,010101001001011000111101001011,1,1,0,0.8,0.06293706595897675,1,1
1,5,20,20,010101001001011000111101001011,1,1,0,0.84,0.29411765933036804,1,1
1,5,20,21,010101001001011000111101001011,1,1,0,0.84,0.21229049563407898,1,1
1,5,20,23,010101001001011000111101001011,1,1,0,0.54,0.0,1,1
1,5,20,26,010101001001011000111101001011,1,1,0,0.49,0.02631578966975212,1,1
1,5,20,28,010101001001011000111101001011,1,1,0,0.4,0.0,1,1
1,5,20,29,010101001001011000111101001011,1,1,0,0.17,0.1190476194024086,1,1
1,5,21,1,011100110001110110101100011000,1,1,0,0.95,0.10101009905338287,1,1
1,5,21,2,011100110001110110101100011000,1,1,0,0.56,0.2520325183868408,1,1
1,5,21,3,011100110001110110101100011000,1,1,0,0.73,0.4545454680919647,2,2
1,5,21,6,011100110001110110101100011000,1,1,0,0.44,0.0,1,1
1,5,21,7,011100110001110110101100011000,1,0,1,0.06,0.0,1,1
1,5,21,11,011100110001110110101100011000,1,1,0,0.85,0.0,2,2
1,5,21,12,011100110001110110101100011000,1,1,0,0.85,0.0,2,2
1,5,21,13,011100110001110110101100011000,1,1,0,0.62,0.8536585569381714,1,1
1,5,21,15,011100110001110110101100011000,1,1,0,0.5,0.2133333384990692,1,1
1,5,21,16,011100110001110110101100011000,1,1,0,0.34,0.40789473056793213,1,1
1,5,21,18,011100110001110110101100011000,1,1,0,0.72,0.0,1,1
1,5,21,20,011100110001110110101100011000,1,1,0,0.84,0.29411765933036804,1,1
1,5,21,21,011100110001110110101100011000,1,1,0,0.84,0.21229049563407898,1,1
1,5,21,25,011100110001110110101100011000,1,1,0,0.45,0.029411764815449715,2,2
1,5,21,26,011100110001110110101100011000,1,1,0,0.49,0.02631578966975212,1,1
2,1,0,3,000110110101110011010101111001,1,1,0,0.63,0.5454545617103577,3,3
2,1,0,4,000110110101110011010101111001,1,1,0,0.42,0.1111111119389534,1,1
2,1,0,6,000110110101110011010101111001,1,1,0,0.49,0.0,1,1
2,1,0,7,000110110101110011010101111001,1,1,0,0.11,0.0,1,1
2,1,0,9,000110110101110011010101111001,1,1,0,0.19,0.0,1,1
2,1,0,11,000110110101110011010101111001,1,1,0,0.75,0.0,3,3
2,1,0,12,000110110101110011010101111001,1,1,0,0.9,0.0,2,2
2,1,0,13,000110110101110011010101111001,1,1,0,0.52,0.9268292784690857,3,2
2,1,0,16,000110110101110011010101111001,1,1,0,0.39,0.5,1,1
2,1,0,17,000110110101110011010101111001,1,1,0,0.43,0.0,1,1
2,1,0,19,000110110101110011010101111001,1,1,0,0.7,0.0839160829782486,3,2
2,1,0,21,000110110101110011010101111001,1,1,0,0.74,0.21229049563407898,3,2
2,1,0,23,000110110101110011010101111001,1,1,0,0.44,0.0,3,2
2,1,0,24,000110110101110011010101111001,1,1,0,0.16,0.27586206793785095,1,1
2,1,0,25,000110110101110011010101111001,1,1,0,0.5,0.03921568766236305,2,2
2,1,0,26,000110110101110011010101111001,1,1,0,0.39,0.02631578966975212,3,2
2,1,0,29,000110110101110011010101111001,1,0,1,0.07,0.1547619104385376,3,2
2,1,1,2,001111101111111000110101000110,1,1,0,0.61,0.2520325183868408,1,1
2,1,1,3,001111101111111000110101000110,1,1,0,0.63,0.5454545617103577,3,3
2,1,1,4,001111101111111000110101000110,1,1,0,0.42,0.1111111119389534,1,1
2,1,1,5,001111101111111000110101000110,1,1,0,0.7,0.0416666679084301,3,3
2,1,1,6,001111101111111000110101000110,1,1,0,0.49,0.0,1,1
2,1,1,8,001111101111111000110101000110,1,1,0,0.71,0.8395061492919922,3,3
2,1,1,9,001111101111111000110101000110,1,1,0,0.19,0.0,1,1
2,1,1,10,001111101111111000110101000110,1,1,0,0.42,0.0,1,1
2,1,1,11,001111101111111000110101000110,1,1,0,0.75,0.0,3,3
2,1,1,12,001111101111111000110101000110,1,1,0,0.9,0.0,2,2
2,1,1,13,001111101111111000110101000110,1,1,0,0.52,0.9268292784690857,3,2
2,1,1,14,001111101111111000110101000110,1,1,0,0.58,0.01315789483487606,3,2
2,1,1,18,001111101111111000110101000110,1,1,0,0.62,0.0,3,2
2,1,1,19,001111101111111000110101000110,1,1,0,0.7,0.0839160829782486,3,2
2,1,1,21,001111101111111000110101000110,1,1,0,0.74,0.21229049563407898,3,2
2,1,1,23,001111101111111000110101000110,1,1,0,0.44,0.0,3,2
2,1,1,27,001111101111111000110101000110,1,1,0,0.84,0.695652186870575,2,2
2,1,1,28,001111101111111000110101000110,1,1,0,0.3,0.0,3,2
2,1,2,2,001001001000100000010010010110,1,1,0,0.61,0.2520325183868408,1,1
2,1,2,5,001001001000100000010010010110,1,1,0,0.7,0.0416666679084301,3,3
2,1,2,8,001001001000100000010010010110,1,1,0,0.71,0.8395061492919922,3,3
2,1,2,12,001001001000100000010010010110,1,1,0,0.9,0.0,2,2
2,1,2,19,001001001000100000010010010110,1,1,0,0.7,0.0839160829782486,3,2
2,1,2,22,001001001000100000010010010110,1,1,0,0.19,0.2142857164144516,1,1
2,1,2,25,001001001000100000010010010110,1,1,0,0.5,0.03921568766236305,2,2
2,1,2,27,001001001000100000010010010110,1,1,0,0.84,0.695652186870575,2,2
2,1,2,28,001001001000100000010010010110,1,1,0,0.3,0.0,3,2
2,1,3,0,101010111011100101110001111110,1,1,0,0.2,0.24242424964904785,1,1
2,1,3,2,101010111011100101110001111110,1,1,0,0.61,0.2520325183868408,1,1
2,1,3,4,101010111011100101110001111110,1,1,0,0.42,0.1111111119389534,1,1
2,1,3,6,101010111011100101110001111110,1,1,0,0.49,0.0,1,1
2,1,3,7,101010111011100101110001111110,1,1,0,0.11,0.0,1,1
2,1,3,8,101010111011100101110001111110,1,1,0,0.71,0.8395061492919922,3,3
2,1,3,10,101010111011100101110001111110,1,1,0,0.42,0.0,1,1
2,1,3,11,101010111011100101110001111110,1,1,0,0.75,0.0,3,3
2,1,3,12,101010111011100101110001111110,1,1,0,0.9,0.0,2,2
2,1,3,15,101010111011100101110001111110,1,1,0,0.55,0.2800000011920929,1,1
2,1,3,17,101010111011100101110001111110,1,1,0,0.43,0.0,1,1
2,1,3,18,101010111011100101110001111110,1,1,0,0.62,0.0,3,2
2,1,3,19,101010111011100101110001111110,1,1,0,0.7,0.0839160829782486,3,2
2,1,3,23,101010111011100101110001111110,1,1,0,0.44,0.0,3,2
2,1,3,24,101010111011100101110001111110,1,1,0,0.16,0.27586206793785095,1,1
2,1,3,25,101010111011100101110001111110,1,1,0,0.5,0.03921568766236305,2,2
2,1,3,26,101010111011100101110001111110,1,1,0,0.39,0.02631578966975212,3,2
2,1,3,27,101010111011100101110001111110,1,1,0,0.84,0.695652186870575,2,2
2,1,3,28,101010111011100101110001111110,1,1,0,0.3,0.0,3,2
2,1,4,1,011011011100001100011100011110,1,1,0,0.85,0.1111111119389534,3,2
2,1,4,2,011011011100001100011100011110,1,1,0,0.61,0.2520325183868408,1,1
2,1,4,4,011011011100001100011100011110,1,1,0,0.42,0.1111111119389534,1,1
2,1,4,5,011011011100001100011100011110,1,1,0,0.7,0.0416666679084301,3,3
2,1,4,7,011011011100001100011100011110,1,1,0,0.11,0.0,1,1
2,1,4,8,011011011100001100011100011110,1,1,0,0.71,0.8395061492919922,3,3
2,1,4,9,011011011100001100011100011110,1,1,0,0.19,0.0,1,1
2,1,4,14,011011011100001100011100011110,1,1,0,0.58,0.01315789483487606,3,2
2,1,4,15,011011011100001100011100011110,1,1,0,0.55,0.2800000011920929,1,1
2,1,4,19,011011011100001100011100011110,1,1,0,0.7,0.0839160829782486,3,2
2,1,4,20,011011011100001100011100011110,1,1,0,0.74,0.3529411852359772,3,2
2,1,4,21,011011011100001100011100011110,1,1,0,0.74,0.21229049563407898,3,2
2,1,4,25,011011011100001100011100011110,1,1,0,0.5,0.03921568766236305,2,2
2,1,4,26,011011011100001100011100011110,1,1,0,0.39,0.02631578966975212,3,2
2,1,4,27,011011011100001100011100011110,1,1,0,0.84,0.695652186870575,2,2
2,1,4,28,011011011100001100011100011110,1,1,0,0.3,0.0,3,2
2,1,5,2,001101101111111101100001010010,1,1,0,0.61,0.2520325183868408,1,1
2,1,5,3,001101101111111101100001010010,1,1,0,0.63,0.5454545617103577,3,3
2,1,5,5,001101101111111101100001010010,1,1,0,0.7,0.0416666679084301,3,3
2,1,5,6,001101101111111101100001010010,1,1,0,0.49,0.0,1,1
2,1,5,8,001101101111111101100001010010,1,1,0,0.71,0.8395061492919922,3,3
2,1,5,9,001101101111111101100001010010,1,1,0,0.19,0.0,1,1
2,1,5,10,001101101111111101100001010010,1,1,0,0.42,0.0,1,1
2,1,5,11,001101101111111101100001010010,1,1,0,0.75,0.0,3,3
2,1,5,12,001101101111111101100001010010,1,1,0,0.9,0.0,2,2
2,1,5,13,001101101111111101100001010010,1,1,0,0.52,0.9268292784690857,3,2
2,1,5,14,001101101111111101100001010010,1,1,0,0.58,0.01315789483487606,3,2
2,1,5,15,001101101111111101100001010010,1,1,0,0.55,0.2800000011920929,1,1
2,1,5,17,001101101111111101100001010010,1,1,0,0.43,0.0,1,1
2,1,5,18,001101101111111101100001010010,1,1,0,0.62,0.0,3,2
2,1,5,23,001101101111111101100001010010,1,1,0,0.44,0.0,3,2
2,1,5,25,001101101111111101100001010010,1,1,0,0.5,0.03921568766236305,2,2
2,1,5,28,001101101111111101100001010010,1,1,0,0.3,0.0,3,2
2,1,6,1,011011001010110110101100001000,1,1,0,0.85,0.1111111119389534,3,2
2,1,6,2,011011001010110110101100001000,1,1,0,0.61,0.2520325183868408,1,1
2,1,6,4,011011001010110110101100001000,1,1,0,0.42,0.1111111119389534,1,1
2,1,6,5,011011001010110110101100001000,1,1,0,0.7,0.0416666679084301,3,3
2,1,6,8,011011001010110110101100001000,1,1,0,0.71,0.8395061492919922,3,3
2,1,6,10,011011001010110110101100001000,1,1,0,0.42,0.0,1,1
2,1,6,12,011011001010110110101100001000,1,1,0,0.9,0.0,2,2
2,1,6,13,011011001010110110101100001000,1,1,0,0.52,0.9268292784690857,3,2
2,1,6,15,011011001010110110101100001000,1,1,0,0.55,0.2800000011920929,1,1
2,1,6,16,011011001010110110101100001000,1,1,0,0.39,0.5,1,1
2,1,6,18,011011001010110110101100001000,1,1,0,0.62,0.0,3,2
2,1,6,20,011011001010110110101100001000,1,1,0,0.74,0.3529411852359772,3,2
2,1,6,21,011011001010110110101100001000,1,1,0,0.74,0.21229049563407898,3,2
2,1,6,26,011011001010110110101100001000,1,1,0,0.39,0.02631578966975212,3,2
2,1,7,4,000010111110101101100110010011,1,1,0,0.42,0.1111111119389534,1,1
2,1,7,6,000010111110101101100110010011,1,1,0,0.49,0.0,1,1
2,1,7,7,000010111110101101100110010011,1,1,0,0.11,0.0,1,1
2,1,7,8,000010111110101101100110010011,1,1,0,0.71,0.8395061492919922,3,3
2,1,7,9,000010111110101101100110010011,1,1,0,0.19,0.0,1,1
2,1,7,10,000010111110101101100110010011,1,1,0,0.42,0.0,1,1
2,1,7,12,000010111110101101100110010011,1,1,0,0.9,0.0,2,2
2,1,7,14,000010111110101101100110010011,1,1,0,0.58,0.01315789483487606,3,2
2,1,7,15,000010111110101101100110010011,1,1,0,0.55,0.2800000011920929,1,1
2,1,7,17,000010111110101101100110010011,1,1,0,0.43,0.0,1,1
2,1,7,18,000010111110101101100110010011,1,1,0,0.62,0.0,3,2
2,1,7,21,000010111110101101100110010011,1,1,0,0.74,0.21229049563407898,3,2
2,1,7,22,000010111110101101100110010011,1,1,0,0.19,0.2142857164144516,1,1
2,1,7,25,000010111110101101100110010011,1,1,0,0.5,0.03921568766236305,2,2
2,1,7,28,000010111110101101100110010011,1,1,0,0.3,0.0,3,2
2,1,7,29,000010111110101101100110010011,1,0,1,0.07,0.1547619104385376,3,2
2,1,8,0,110011100111110000011100100101,1,1,0,0.2,0.24242424964904785,1,1
2,1,8,1,110011100111110000011100100101,1,1,0,0.85,0.1111111119389534,3,2
2,1,8,4,110011100111110000011100100101,1,1,0,0.42,0.1111111119389534,1,1
2,1,8,5,110011100111110000011100100101,1,1,0,0.7,0.0416666679084301,3,3
2,1,8,6,110011100111110000011100100101,1,1,0,0.49,0.0,1,1
2,1,8,9,110011100111110000011100100101,1,1,0,0.19,0.0,1,1
2,1,8,10,110011100111110000011100100101,1,1,0,0.42,0.0,1,1
2,1,8,11,110011100111110000011100100101,1,1,0,0.75,0.0,3,3
2,1,8,12,110011100111110000011100100101,1,1,0,0.9,0.0,2,2
2,1,8,13,110011100111110000011100100101,1,1,0,0.52,0.9268292784690857,3,2
2,1,8,19,110011100111110000011100100101,1,1,0,0.7,0.0839160829782486,3,2
2,1,8,20,110011100111110000011100100101,1,1,0,0.74,0.3529411852359772,3,2
2,1,8,21,110011100111110000011100100101,1,1,0,0.74,0.21229049563407898,3,2
2,1,8,24,110011100111110000011100100101,1,1,0,0.16,0.27586206793785095,1,1
2,1,8,27,110011100111110000011100100101,1,1,0,0.84,0.695652186870575,2,2
2,1,8,29,110011100111110000011100100101,1,0,1,0.07,0.1547619104385376,3,2
2,1,9,0,111111110001101111011111011010,1,1,0,0.2,0.24242424964904785,1,1
2,1,9,1,111111110001101111011111011010,1,1,0,0.85,0.1111111119389534,3,2
2,1,9,2,111111110001101111011111011010,1,1,0,0.61,0.2520325183868408,1,1
2,1,9,3,111111110001101111011111011010,1,1,0,0.63,0.5454545617103577,3,3
2,1,9,4,111111110001101111011111011010,1,1,0,0.42,0.1111111119389534,1,1
2,1,9,5,111111110001101111011111011010,1,1,0,0.7,0.0416666679084301,3,3
2,1,9,6,111111110001101111011111011010,1,1,0,0.49,0.0,1,1
2,1,9,7,111111110001101111011111011010,1,1,0,0.11,0.0,1,1
2,1,9,11,111111110001101111011111011010,1,1,0,0.75,0.0,3,3
2,1,9,12,111111110001101111011111011010,1,1,0,0.9,0.0,2,2
2,1,9,14,111111110001101111011111011010,1,1,0,0.58,0.01315789483487606,3,2
2,1,9,15,111111110001101111011111011010,1,1,0,0.55,0.2800000011920929,1,1
2,1,9,16,111111110001101111011111011010,1,1,0,0.39,0.5,1,1
2,1,9,17,111111110001101111011111011010,1,1,0,0.43,0.0,1,1
2,1,9,19,111111110001101111011111011010,1,1,0,0.7,0.0839160829782486,3,2
2,1,9,20,111111110001101111011111011010,1,1,0,0.74,0.3529411852359772,3,2
2,1,9,21,111111110001101111011111011010,1,1,0,0.74,0.21229049563407898,3,2
2,1,9,22,111111110001101111011111011010,1,1,0,0.19,0.2142857164144516,1,1
2,1,9,23,111111110001101111011111011010,1,1,0,0.44,0.0,3,2
2,1,9,25,111111110001101111011111011010,1,1,0,0.5,0.03921568766236305,2,2
2,1,9,26,111111110001101111011111011010,1,1,0,0.39,0.02631578966975212,3,2
2,1,9,28,111111110001101111011111011010,1,1,0,0.3,0.0,3,2
2,2,0,3,000110110101110011010101111001,1,1,0,0.63,0.5454545617103577,3,3
2,2,0,4,000110110101110011010101111001,1,1,0,0.42,0.1111111119389534,1,1
2,2,0,6,000110110101110011010101111001,1,1,0,0.49,0.0,1,1
2,2,0,7,000110110101110011010101111001,1,1,0,0.11,0.0,1,1
2,2,0,9,000110110101110011010101111001,1,1,0,0.19,0.0,1,1
2,2,0,11,000110110101110011010101111001,1,1,0,0.75,0.0,3,3
2,2,0,12,000110110101110011010101111001,1,1,0,0.9,0.0,2,2
2,2,0,13,000110110101110011010101111001,1,1,0,0.52,0.9268292784690857,3,2
2,2,0,16,000110110101110011010101111001,1,1,0,0.39,0.5,1,1
2,2,0,17,000110110101110011010101111001,1,1,0,0.43,0.0,1,1
2,2,0,19,000110110101110011010101111001,1,1,0,0.7,0.0839160829782486,3,2
2,2,0,21,000110110101110011010101111001,1,1,0,0.74,0.21229049563407898,3,2
2,2,0,23,000110110101110011010101111001,1,1,0,0.44,0.0,3,2
2,2,0,24,000110110101110011010101111001,1,1,0,0.16,0.27586206793785095,1,1
2,2,0,25,000110110101110011010101111001,1,1,0,0.5,0.03921568766236305,2,2
2,2,0,26,000110110101110011010101111001,1,1,0,0.39,0.02631578966975212,3,2
2,2,0,29,000110110101110011010101111001,1,0,1,0.07,0.1547619104385376,3,2
2,2,1,2,001111101111111000110101000110,1,1,0,0.61,0.2520325183868408,1,1
2,2,1,3,001111101111111000110101000110,1,1,0,0.63,0.5454545617103577,3,3
2,2,1,4,001111101111111000110101000110,1,1,0,0.42,0.1111111119389534,1,1
2,2,1,5,001111101111111000110101000110,1,1,0,0.7,0.0416666679084301,3,3
2,2,1,6,001111101111111000110101000110,1,1,0,0.49,0.0,1,1
2,2,1,8,001111101111111000110101000110,1,1,0,0.71,0.8395061492919922,3,3
2,2,1,9,001111101111111000110101000110,1,1,0,0.19,0.0,1,1
2,2,1,10,001111101111111000110101000110,1,1,0,0.42,0.0,1,1
2,2,1,11,001111101111111000110101000110,1,1,0,0.75,0.0,3,3
2,2,1,12,001111101111111000110101000110,1,1,0,0.9,0.0,2,2
2,2,1,13,001111101111111000110101000110,1,1,0,0.52,0.9268292784690857,3,2
2,2,1,14,001111101111111000110101000110,1,1,0,0.58,0.01315789483487606,3,2
2,2,1,18,001111101111111000110101000110,1,1,0,0.62,0.0,3,2
2,2,1,19,001111101111111000110101000110,1,1,0,0.7,0.0839160829782486,3,2
2,2,1,21,001111101111111000110101000110,1,1,0,0.74,0.21229049563407898,3,2
2,2,1,23,001111101111111000110101000110,1,1,0,0.44,0.0,3,2
2,2,1,27,001111101111111000110101000110,1,1,0,0.84,0.695652186870575,2,2
2,2,1,28,001111101111111000110101000110,1,1,0,0.3,0.0,3,2
2,2,2,2,001001001000100000010010010110,1,1,0,0.61,0.2520325183868408,1,1
2,2,2,5,001001001000100000010010010110,1,1,0,0.7,0.0416666679084301,3,3
2,2,2,8,001001001000100000010010010110,1,1,0,0.71,0.8395061492919922,3,3
2,2,2,12,001001001000100000010010010110,1,1,0,0.9,0.0,2,2
2,2,2,19,001001001000100000010010010110,1,1,0,0.7,0.0839160829782486,3,2
2,2,2,22,001001001000100000010010010110,1,1,0,0.19,0.2142857164144516,1,1
2,2,2,25,001001001000100000010010010110,1,1,0,0.5,0.03921568766236305,2,2
2,2,2,27,001001001000100000010010010110,1,1,0,0.84,0.695652186870575,2,2
2,2,2,28,001001001000100000010010010110,1,1,0,0.3,0.0,3,2
2,2,3,2,001101101111111101100001010010,1,1,0,0.61,0.2520325183868408,1,1
2,2,3,3,001101101111111101100001010010,1,1,0,0.63,0.5454545617103577,3,3
2,2,3,5,001101101111111101100001010010,1,1,0,0.7,0.0416666679084301,3,3
2,2,3,6,001101101111111101100001010010,1,1,0,0.49,0.0,1,1
2,2,3,8,001101101111111101100001010010,1,1,0,0.71,0.8395061492919922,3,3
2,2,3,9,001101101111111101100001010010,1,1,0,0.19,0.0,1,1
2,2,3,10,001101101111111101100001010010,1,1,0,0.42,0.0,1,1
2,2,3,11,001101101111111101100001010010,1,1,0,0.75,0.0,3,3
2,2,3,12,001101101111111101100001010010,1,1,0,0.9,0.0,2,2
2,2,3,13,001101101111111101100001010010,1,1,0,0.52,0.9268292784690857,3,2
2,2,3,14,001101101111111101100001010010,1,1,0,0.58,0.01315789483487606,3,2
2,2,3,15,001101101111111101100001010010,1,1,0,0.55,0.2800000011920929,1,1
2,2,3,17,001101101111111101100001010010,1,1,0,0.43,0.0,1,1
2,2,3,18,001101101111111101100001010010,1,1,0,0.62,0.0,3,2
2,2,3,23,001101101111111101100001010010,1,1,0,0.44,0.0,3,2
2,2,3,25,001101101111111101100001010010,1,1,0,0.5,0.03921568766236305,2,2
2,2,3,28,001101101111111101100001010010,1,1,0,0.3,0.0,3,2
2,2,4,1,011011001010110110101100001000,1,1,0,0.85,0.1111111119389534,3,2
2,2,4,2,011011001010110110101100001000,1,1,0,0.61,0.2520325183868408,1,1
2,2,4,4,011011001010110110101100001000,1,1,0,0.42,0.1111111119389534,1,1
2,2,4,5,011011001010110110101100001000,1,1,0,0.7,0.0416666679084301,3,3
2,2,4,8,011011001010110110101100001000,1,1,0,0.71,0.8395061492919922,3,3
2,2,4,10,011011001010110110101100001000,1,1,0,0.42,0.0,1,1
2,2,4,12,011011001010110110101100001000,1,1,0,0.9,0.0,2,2
2,2,4,13,011011001010110110101100001000,1,1,0,0.52,0.9268292784690857,3,2
2,2,4,15,011011001010110110101100001000,1,1,0,0.55,0.2800000011920929,1,1
2,2,4,16,011011001010110110101100001000,1,1,0,0.39,0.5,1,1
2,2,4,18,011011001010110110101100001000,1,1,0,0.62,0.0,3,2
2,2,4,20,011011001010110110101100001000,1,1,0,0.74,0.3529411852359772,3,2
2,2,4,21,011011001010110110101100001000,1,1,0,0.74,0.21229049563407898,3,2
2,2,4,26,011011001010110110101100001000,1,1,0,0.39,0.02631578966975212,3,2
2,2,5,4,000010111110101101100110010011,1,1,0,0.42,0.1111111119389534,1,1
2,2,5,6,000010111110101101100110010011,1,1,0,0.49,0.0,1,1
2,2,5,7,000010111110101101100110010011,1,1,0,0.11,0.0,1,1
2,2,5,8,000010111110101101100110010011,1,1,0,0.71,0.8395061492919922,3,3
2,2,5,9,000010111110101101100110010011,1,1,0,0.19,0.0,1,1
2,2,5,10,000010111110101101100110010011,1,1,0,0.42,0.0,1,1
2,2,5,12,000010111110101101100110010011,1,1,0,0.9,0.0,2,2
2,2,5,14,000010111110101101100110010011,1,1,0,0.58,0.01315789483487606,3,2
2,2,5,15,000010111110101101100110010011,1,1,0,0.55,0.2800000011920929,1,1
2,2,5,17,000010111110101101100110010011,1,1,0,0.43,0.0,1,1
2,2,5,18,000010111110101101100110010011,1,1,0,0.62,0.0,3,2
2,2,5,21,000010111110101101100110010011,1,1,0,0.74,0.21229049563407898,3,2
2,2,5,22,000010111110101101100110010011,1,1,0,0.19,0.2142857164144516,1,1
2,2,5,25,000010111110101101100110010011,1,1,0,0.5,0.03921568766236305,2,2
2,2,5,28,000010111110101101100110010011,1,1,0,0.3,0.0,3,2
2,2,5,29,000010111110101101100110010011,1,0,1,0.07,0.1547619104385376,3,2
2,2,6,0,110011100111110000011100100101,1,1,0,0.2,0.24242424964904785,1,1
2,2,6,1,110011100111110000011100100101,1,1,0,0.85,0.1111111119389534,3,2
2,2,6,4,110011100111110000011100100101,1,1,0,0.42,0.1111111119389534,1,1
2,2,6,5,110011100111110000011100100101,1,1,0,0.7,0.0416666679084301,3,3
2,2,6,6,110011100111110000011100100101,1,1,0,0.49,0.0,1,1
2,2,6,9,110011100111110000011100100101,1,1,0,0.19,0.0,1,1
2,2,6,10,110011100111110000011100100101,1,1,0,0.42,0.0,1,1
2,2,6,11,110011100111110000011100100101,1,1,0,0.75,0.0,3,3
2,2,6,12,110011100111110000011100100101,1,1,0,0.9,0.0,2,2
2,2,6,13,110011100111110000011100100101,1,1,0,0.52,0.9268292784690857,3,2
2,2,6,19,110011100111110000011100100101,1,1,0,0.7,0.0839160829782486,3,2
2,2,6,20,110011100111110000011100100101,1,1,0,0.74,0.3529411852359772,3,2
2,2,6,21,110011100111110000011100100101,1,1,0,0.74,0.21229049563407898,3,2
2,2,6,24,110011100111110000011100100101,1,1,0,0.16,0.27586206793785095,1,1
2,2,6,27,110011100111110000011100100101,1,1,0,0.84,0.695652186870575,2,2
2,2,6,29,110011100111110000011100100101,1,0,1,0.07,0.1547619104385376,3,2
2,2,7,0,111111110001101111011111011010,1,1,0,0.2,0.24242424964904785,1,1
2,2,7,1,111111110001101111011111011010,1,1,0,0.85,0.1111111119389534,3,2
2,2,7,2,111111110001101111011111011010,1,1,0,0.61,0.2520325183868408,1,1
2,2,7,3,111111110001101111011111011010,1,1,0,0.63,0.5454545617103577,3,3
2,2,7,4,111111110001101111011111011010,1,1,0,0.42,0.1111111119389534,1,1
2,2,7,5,111111110001101111011111011010,1,1,0,0.7,0.0416666679084301,3,3
2,2,7,6,111111110001101111011111011010,1,1,0,0.49,0.0,1,1
2,2,7,7,111111110001101111011111011010,1,1,0,0.11,0.0,1,1
2,2,7,11,111111110001101111011111011010,1,1,0,0.75,0.0,3,3
2,2,7,12,111111110001101111011111011010,1,1,0,0.9,0.0,2,2
2,2,7,14,111111110001101111011111011010,1,1,0,0.58,0.01315789483487606,3,2
2,2,7,15,111111110001101111011111011010,1,1,0,0.55,0.2800000011920929,1,1
2,2,7,16,111111110001101111011111011010,1,1,0,0.39,0.5,1,1
2,2,7,17,111111110001101111011111011010,1,1,0,0.43,0.0,1,1
2,2,7,19,111111110001101111011111011010,1,1,0,0.7,0.0839160829782486,3,2
2,2,7,20,111111110001101111011111011010,1,1,0,0.74,0.3529411852359772,3,2
2,2,7,21,111111110001101111011111011010,1,1,0,0.74,0.21229049563407898,3,2
2,2,7,22,111111110001101111011111011010,1,1,0,0.19,0.2142857164144516,1,1
2,2,7,23,111111110001101111011111011010,1,1,0,0.44,0.0,3,2
2,2,7,25,111111110001101111011111011010,1,1,0,0.5,0.03921568766236305,2,2
2,2,7,26,111111110001101111011111011010,1,1,0,0.39,0.02631578966975212,3,2
2,2,7,28,111111110001101111011111011010,1,1,0,0.3,0.0,3,2
2,2,8,1,010111111110101101100110010011,1,1,0,0.85,0.1111111119389534,3,2
2,2,8,3,010111111110101101100110010011,1,1,0,0.63,0.5454545617103577,3,3
2,2,8,4,010111111110101101100110010011,1,1,0,0.42,0.1111111119389534,1,1
2,2,8,5,010111111110101101100110010011,1,1,0,0.7,0.0416666679084301,3,3
2,2,8,6,010111111110101101100110010011,1,1,0,0.49,0.0,1,1
2,2,8,7,010111111110101101100110010011,1,1,0,0.11,0.0,1,1
2,2,8,8,010111111110101101100110010011,1,1,0,0.71,0.8395061492919922,3,3
2,2,8,9,010111111110101101100110010011,1,1,0,0.19,0.0,1,1
2,2,8,10,010111111110101101100110010011,1,1,0,0.42,0.0,1,1
2,2,8,12,010111111110101101100110010011,1,1,0,0.9,0.0,2,2
2,2,8,14,010111111110101101100110010011,1,1,0,0.58,0.01315789483487606,3,2
2,2,8,15,010111111110101101100110010011,1,1,0,0.55,0.2800000011920929,1,1
2,2,8,17,010111111110101101100110010011,1,1,0,0.43,0.0,1,1
2,2,8,18,010111111110101101100110010011,1,1,0,0.62,0.0,3,2
2,2,8,21,010111111110101101100110010011,1,1,0,0.74,0.21229049563407898,3,2
2,2,8,22,010111111110101101100110010011,1,1,0,0.19,0.2142857164144516,1,1
2,2,8,25,010111111110101101100110010011,1,1,0,0.5,0.03921568766236305,2,2
2,2,8,28,010111111110101101100110010011,1,1,0,0.3,0.0,3,2
2,2,8,29,010111111110101101100110010011,1,0,1,0.07,0.1547619104385376,3,2
2,2,9,1,010011001111110110101100001000,1,1,0,0.85,0.1111111119389534,3,2
2,2,9,4,010011001111110110101100001000,1,1,0,0.42,0.1111111119389534,1,1
2,2,9,5,010011001111110110101100001000,1,1,0,0.7,0.0416666679084301,3,3
2,2,9,8,010011001111110110101100001000,1,1,0,0.71,0.8395061492919922,3,3
2,2,9,9,010011001111110110101100001000,1,1,0,0.19,0.0,1,1
2,2,9,10,010011001111110110101100001000,1,1,0,0.42,0.0,1,1
2,2,9,11,010011001111110110101100001000,1,1,0,0.75,0.0,3,3
2,2,9,12,010011001111110110101100001000,1,1,0,0.9,0.0,2,2
2,2,9,13,010011001111110110101100001000,1,1,0,0.52,0.9268292784690857,3,2
2,2,9,15,010011001111110110101100001000,1,1,0,0.55,0.2800000011920929,1,1
2,2,9,16,010011001111110110101100001000,1,1,0,0.39,0.5,1,1
2,2,9,18,010011001111110110101100001000,1,1,0,0.62,0.0,3,2
2,2,9,20,010011001111110110101100001000,1,1,0,0.74,0.3529411852359772,3,2
2,2,9,21,010011001111110110101100001000,1,1,0,0.74,0.21229049563407898,3,2
2,2,9,26,010011001111110110101100001000,1,1,0,0.39,0.02631578966975212,3,2
2,2,10,3,000111101100101001010101000110,1,1,0,0.63,0.5454545617103577,3,3
2,2,10,4,000111101100101001010101000110,1,1,0,0.42,0.1111111119389534,1,1
2,2,10,5,000111101100101001010101000110,1,1,0,0.7,0.0416666679084301,3,3
2,2,10,6,000111101100101001010101000110,1,1,0,0.49,0.0,1,1
2,2,10,8,000111101100101001010101000110,1,1,0,0.71,0.8395061492919922,3,3
2,2,10,9,000111101100101001010101000110,1,1,0,0.19,0.0,1,1
2,2,10,12,000111101100101001010101000110,1,1,0,0.9,0.0,2,2
2,2,10,14,000111101100101001010101000110,1,1,0,0.58,0.01315789483487606,3,2
2,2,10,17,000111101100101001010101000110,1,1,0,0.43,0.0,1,1
2,2,10,19,000111101100101001010101000110,1,1,0,0.7,0.0839160829782486,3,2
2,2,10,21,000111101100101001010101000110,1,1,0,0.74,0.21229049563407898,3,2
2,2,10,23,000111101100101001010101000110,1,1,0,0.44,0.0,3,2
2,2,10,27,000111101100101001010101000110,1,1,0,0.84,0.695652186870575,2,2
2,2,10,28,000111101100101001010101000110,1,1,0,0.3,0.0,3,2
2,3,0,2,001101101111111101100001010010,1,1,0,0.61,0.2520325183868408,1,1
2,3,0,3,001101101111111101100001010010,1,1,0,0.63,0.5454545617103577,3,3
2,3,0,5,001101101111111101100001010010,1,1,0,0.7,0.0416666679084301,3,3
2,3,0,6,001101101111111101100001010010,1,1,0,0.49,0.0,1,1
2,3,0,8,001101101111111101100001010010,1,1,0,0.71,0.8395061492919922,3,3
2,3,0,9,001101101111111101100001010010,1,1,0,0.19,0.0,1,1
2,3,0,10,001101101111111101100001010010,1,1,0,0.42,0.0,1,1
2,3,0,11,001101101111111101100001010010,1,1,0,0.75,0.0,3,3
2,3,0,12,001101101111111101100001010010,1,1,0,0.9,0.0,2,2
2,3,0,13,001101101111111101100001010010,1,1,0,0.52,0.9268292784690857,3,2
2,3,0,14,001101101111111101100001010010,1,1,0,0.58,0.01315789483487606,3,2
2,3,0,15,001101101111111101100001010010,1,1,0,0.55,0.2800000011920929,1,1
2,3,0,17,001101101111111101100001010010,1,1,0,0.43,0.0,1,1
2,3,0,18,001101101111111101100001010010,1,1,0,0.62,0.0,3,2
2,3,0,23,001101101111111101100001010010,1,1,0,0.44,0.0,3,2
2,3,0,25,001101101111111101100001010010,1,1,0,0.5,0.03921568766236305,2,2
2,3,0,28,001101101111111101100001010010,1,1,0,0.3,0.0,3,2
2,3,1,4,000010111110101101100110010011,1,1,0,0.42,0.1111111119389534,1,1
2,3,1,6,000010111110101101100110010011,1,1,0,0.49,0.0,1,1
2,3,1,7,000010111110101101100110010011,1,1,0,0.11,0.0,1,1
2,3,1,8,000010111110101101100110010011,1,1,0,0.71,0.8395061492919922,3,3
2,3,1,9,000010111110101101100110010011,1,1,0,0.19,0.0,1,1
2,3,1,10,000010111110101101100110010011,1,1,0,0.42,0.0,1,1
2,3,1,12,000010111110101101100110010011,1,1,0,0.9,0.0,2,2
2,3,1,14,000010111110101101100110010011,1,1,0,0.58,0.01315789483487606,3,2
2,3,1,15,000010111110101101100110010011,1,1,0,0.55,0.2800000011920929,1,1
2,3,1,17,000010111110101101100110010011,1,1,0,0.43,0.0,1,1
2,3,1,18,000010111110101101100110010011,1,1,0,0.62,0.0,3,2
2,3,1,21,000010111110101101100110010011,1,1,0,0.74,0.21229049563407898,3,2
2,3,1,22,000010111110101101100110010011,1,1,0,0.19,0.2142857164144516,1,1
2,3,1,25,000010111110101101100110010011,1,1,0,0.5,0.03921568766236305,2,2
2,3,1,28,000010111110101101100110010011,1,1,0,0.3,0.0,3,2
2,3,1,29,000010111110101101100110010011,1,0,1,0.07,0.1547619104385376,3,2
2,3,2,0,110011100111110000011100100101,1,1,0,0.2,0.24242424964904785,1,1
2,3,2,1,110011100111110000011100100101,1,1,0,0.85,0.1111111119389534,3,2
2,3,2,4,110011100111110000011100100101,1,1,0,0.42,0.1111111119389534,1,1
2,3,2,5,110011100111110000011100100101,1,1,0,0.7,0.0416666679084301,3,3
2,3,2,6,110011100111110000011100100101,1,1,0,0.49,0.0,1,1
2,3,2,9,110011100111110000011100100101,1,1,0,0.19,0.0,1,1
2,3,2,10,110011100111110000011100100101,1,1,0,0.42,0.0,1,1
2,3,2,11,110011100111110000011100100101,1,1,0,0.75,0.0,3,3
2,3,2,12,110011100111110000011100100101,1,1,0,0.9,0.0,2,2
2,3,2,13,110011100111110000011100100101,1,1,0,0.52,0.9268292784690857,3,2
2,3,2,19,110011100111110000011100100101,1,1,0,0.7,0.0839160829782486,3,2
2,3,2,20,110011100111110000011100100101,1,1,0,0.74,0.3529411852359772,3,2
2,3,2,21,110011100111110000011100100101,1,1,0,0.74,0.21229049563407898,3,2
2,3,2,24,110011100111110000011100100101,1,1,0,0.16,0.27586206793785095,1,1
2,3,2,27,110011100111110000011100100101,1,1,0,0.84,0.695652186870575,2,2
2,3,2,29,110011100111110000011100100101,1,0,1,0.07,0.1547619104385376,3,2
2,3,3,0,111111110001101111011111011010,1,1,0,0.2,0.24242424964904785,1,1
2,3,3,1,111111110001101111011111011010,1,1,0,0.85,0.1111111119389534,3,2
2,3,3,2,111111110001101111011111011010,1,1,0,0.61,0.2520325183868408,1,1
2,3,3,3,111111110001101111011111011010,1,1,0,0.63,0.5454545617103577,3,3
2,3,3,4,111111110001101111011111011010,1,1,0,0.42,0.1111111119389534,1,1
2,3,3,5,111111110001101111011111011010,1,1,0,0.7,0.0416666679084301,3,3
2,3,3,6,111111110001101111011111011010,1,1,0,0.49,0.0,1,1
2,3,3,7,111111110001101111011111011010,1,1,0,0.11,0.0,1,1
2,3,3,11,111111110001101111011111011010,1,1,0,0.75,0.0,3,3
2,3,3,12,111111110001101111011111011010,1,1,0,0.9,0.0,2,2
2,3,3,14,111111110001101111011111011010,1,1,0,0.58,0.01315789483487606,3,2
2,3,3,15,111111110001101111011111011010,1,1,0,0.55,0.2800000011920929,1,1
2,3,3,16,111111110001101111011111011010,1,1,0,0.39,0.5,1,1
2,3,3,17,111111110001101111011111011010,1,1,0,0.43,0.0,1,1
2,3,3,19,111111110001101111011111011010,1,1,0,0.7,0.0839160829782486,3,2
2,3,3,20,111111110001101111011111011010,1,1,0,0.74,0.3529411852359772,3,2
2,3,3,21,111111110001101111011111011010,1,1,0,0.74,0.21229049563407898,3,2
2,3,3,22,111111110001101111011111011010,1,1,0,0.19,0.2142857164144516,1,1
2,3,3,23,111111110001101111011111011010,1,1,0,0.44,0.0,3,2
2,3,3,25,111111110001101111011111011010,1,1,0,0.5,0.03921568766236305,2,2
2,3,3,26,111111110001101111011111011010,1,1,0,0.39,0.02631578966975212,3,2
2,3,3,28,111111110001101111011111011010,1,1,0,0.3,0.0,3,2
2,3,4,1,010111111110101101100110010011,1,1,0,0.85,0.1111111119389534,3,2
2,3,4,3,010111111110101101100110010011,1,1,0,0.63,0.5454545617103577,3,3
2,3,4,4,010111111110101101100110010011,1,1,0,0.42,0.1111111119389534,1,1
2,3,4,5,010111111110101101100110010011,1,1,0,0.7,0.0416666679084301,3,3
2,3,4,6,010111111110101101100110010011,1,1,0,0.49,0.0,1,1
2,3,4,7,010111111110101101100110010011,1,1,0,0.11,0.0,1,1
2,3,4,8,010111111110101101100110010011,1,1,0,0.71,0.8395061492919922,3,3
2,3,4,9,010111111110101101100110010011,1,1,0,0.19,0.0,1,1
2,3,4,10,010111111110101101100110010011,1,1,0,0.42,0.0,1,1
2,3,4,12,010111111110101101100110010011,1,1,0,0.9,0.0,2,2
2,3,4,14,010111111110101101100110010011,1,1,0,0.58,0.01315789483487606,3,2
2,3,4,15,010111111110101101100110010011,1,1,0,0.55,0.2800000011920929,1,1
2,3,4,17,010111111110101101100110010011,1,1,0,0.43,0.0,1,1
2,3,4,18,010111111110101101100110010011,1,1,0,0.62,0.0,3,2
2,3,4,21,010111111110101101100110010011,1,1,0,0.74,0.21229049563407898,3,2
2,3,4,22,010111111110101101100110010011,1,1,0,0.19,0.2142857164144516,1,1
2,3,4,25,010111111110101101100110010011,1,1,0,0.5,0.03921568766236305,2,2
2,3,4,28,010111111110101101100110010011,1,1,0,0.3,0.0,3,2
2,3,4,29,010111111110101101100110010011,1,0,1,0.07,0.1547619104385376,3,2
2,3,5,1,010011001111110110101100001000,1,1,0,0.85,0.1111111119389534,3,2
2,3,5,4,010011001111110110101100001000,1,1,0,0.42,0.1111111119389534,1,1
2,3,5,5,010011001111110110101100001000,1,1,0,0.7,0.0416666679084301,3,3
2,3,5,8,010011001111110110101100001000,1,1,0,0.71,0.8395061492919922,3,3
2,3,5,9,010011001111110110101100001000,1,1,0,0.19,0.0,1,1
2,3,5,10,010011001111110110101100001000,1,1,0,0.42,0.0,1,1
2,3,5,11,010011001111110110101100001000,1,1,0,0.75,0.0,3,3
2,3,5,12,010011001111110110101100001000,1,1,0,0.9,0.0,2,2
2,3,5,13,010011001111110110101100001000,1,1,0,0.52,0.9268292784690857,3,2
2,3,5,15,010011001111110110101100001000,1,1,0,0.55,0.2800000011920929,1,1
2,3,5,16,010011001111110110101100001000,1,1,0,0.39,0.5,1,1
2,3,5,18,010011001111110110101100001000,1,1,0,0.62,0.0,3,2
2,3,5,20,010011001111110110101100001000,1,1,0,0.74,0.3529411852359772,3,2
2,3,5,21,010011001111110110101100001000,1,1,0,0.74,0.21229049563407898,3,2
2,3,5,26,010011001111110110101100001000,1,1,0,0.39,0.02631578966975212,3,2
2,3,6,3,000111101100101001010101000110,1,1,0,0.63,0.5454545617103577,3,3
2,3,6,4,000111101100101001010101000110,1,1,0,0.42,0.1111111119389534,1,1
2,3,6,5,000111101100101001010101000110,1,1,0,0.7,0.0416666679084301,3,3
2,3,6,6,000111101100101001010101000110,1,1,0,0.49,0.0,1,1
2,3,6,8,000111101100101001010101000110,1,1,0,0.71,0.8395061492919922,3,3
2,3,6,9,000111101100101001010101000110,1,1,0,0.19,0.0,1,1
2,3,6,12,000111101100101001010101000110,1,1,0,0.9,0.0,2,2
2,3,6,14,000111101100101001010101000110,1,1,0,0.58,0.01315789483487606,3,2
2,3,6,17,000111101100101001010101000110,1,1,0,0.43,0.0,1,1
2,3,6,19,000111101100101001010101000110,1,1,0,0.7,0.0839160829782486,3,2
2,3,6,21,000111101100101001010101000110,1,1,0,0.74,0.21229049563407898,3,2
2,3,6,23,000111101100101001010101000110,1,1,0,0.44,0.0,3,2
2,3,6,27,000111101100101001010101000110,1,1,0,0.84,0.695652186870575,2,2
2,3,6,28,000111101100101001010101000110,1,1,0,0.3,0.0,3,2
2,3,7,1,011011001111111101100110010011,1,1,0,0.85,0.1111111119389534,3,2
2,3,7,2,011011001111111101100110010011,1,1,0,0.61,0.2520325183868408,1,1
2,3,7,4,011011001111111101100110010011,1,1,0,0.42,0.1111111119389534,1,1
2,3,7,5,011011001111111101100110010011,1,1,0,0.7,0.0416666679084301,3,3
2,3,7,8,011011001111111101100110010011,1,1,0,0.71,0.8395061492919922,3,3
2,3,7,9,011011001111111101100110010011,1,1,0,0.19,0.0,1,1
2,3,7,10,011011001111111101100110010011,1,1,0,0.42,0.0,1,1
2,3,7,11,011011001111111101100110010011,1,1,0,0.75,0.0,3,3
2,3,7,12,011011001111111101100110010011,1,1,0,0.9,0.0,2,2
2,3,7,13,011011001111111101100110010011,1,1,0,0.52,0.9268292784690857,3,2
2,3,7,14,011011001111111101100110010011,1,1,0,0.58,0.01315789483487606,3,2
2,3,7,15,011011001111111101100110010011,1,1,0,0.55,0.2800000011920929,1,1
2,3,7,17,011011001111111101100110010011,1,1,0,0.43,0.0,1,1
2,3,7,18,011011001111111101100110010011,1,1,0,0.62,0.0,3,2
2,3,7,21,011011001111111101100110010011,1,1,0,0.74,0.21229049563407898,3,2
2,3,7,22,011011001111111101100110010011,1,1,0,0.19,0.2142857164144516,1,1
2,3,7,25,011011001111111101100110010011,1,1,0,0.5,0.03921568766236305,2,2
2,3,7,28,011011001111111101100110010011,1,1,0,0.3,0.0,3,2
2,3,7,29,011011001111111101100110010011,1,0,1,0.07,0.1547619104385376,3,2
2,3,8,4,000011101111111000110111110011,1,1,0,0.42,0.1111111119389534,1,1
2,3,8,5,000011101111111000110111110011,1,1,0,0.7,0.0416666679084301,3,3
2,3,8,6,000011101111111000110111110011,1,1,0,0.49,0.0,1,1
2,3,8,8,000011101111111000110111110011,1,1,0,0.71,0.8395061492919922,3,3
2,3,8,9,000011101111111000110111110011,1,1,0,0.19,0.0,1,1
2,3,8,10,000011101111111000110111110011,1,1,0,0.42,0.0,1,1
2,3,8,11,000011101111111000110111110011,1,1,0,0.75,0.0,3,3
2,3,8,12,000011101111111000110111110011,1,1,0,0.9,0.0,2,2
2,3,8,13,000011101111111000110111110011,1,1,0,0.52,0.9268292784690857,3,2
2,3,8,14,000011101111111000110111110011,1,1,0,0.58,0.01315789483487606,3,2
2,3,8,18,000011101111111000110111110011,1,1,0,0.62,0.0,3,2
2,3,8,19,000011101111111000110111110011,1,1,0,0.7,0.0839160829782486,3,2
2,3,8,21,000011101111111000110111110011,1,1,0,0.74,0.21229049563407898,3,2
2,3,8,22,000011101111111000110111110011,1,1,0,0.19,0.2142857164144516,1,1
2,3,8,23,000011101111111000110111110011,1,1,0,0.44,0.0,3,2
2,3,8,24,000011101111111000110111110011,1,1,0,0.16,0.27586206793785095,1,1
2,3,8,25,000011101111111000110111110011,1,1,0,0.5,0.03921568766236305,2,2
2,3,8,28,000011101111111000110111110011,1,1,0,0.3,0.0,3,2
2,3,8,29,000011101111111000110111110011,1,0,1,0.07,0.1547619104385376,3,2
2,3,9,2,001000010101001101100001010010,1,1,0,0.61,0.2520325183868408,1,1
2,3,9,7,001000010101001101100001010010,1,1,0,0.11,0.0,1,1
2,3,9,9,001000010101001101100001010010,1,1,0,0.19,0.0,1,1
2,3,9,11,001000010101001101100001010010,1,1,0,0.75,0.0,3,3
2,3,9,14,001000010101001101100001010010,1,1,0,0.58,0.01315789483487606,3,2
2,3,9,15,001000010101001101100001010010,1,1,0,0.55,0.2800000011920929,1,1
2,3,9,17,001000010101001101100001010010,1,1,0,0.43,0.0,1,1
2,3,9,18,001000010101001101100001010010,1,1,0,0.62,0.0,3,2
2,3,9,23,001000010101001101100001010010,1,1,0,0.44,0.0,3,2
2,3,9,25,001000010101001101100001010010,1,1,0,0.5,0.03921568766236305,2,2
2,3,9,28,001000010101001101100001010010,1,1,0,0.3,0.0,3,2
2,3,10,1,010111101100101001010101100110,1,1,0,0.85,0.1111111119389534,3,2
2,3,10,3,010111101100101001010101100110,1,1,0,0.63,0.5454545617103577,3,3
2,3,10,4,010111101100101001010101100110,1,1,0,0.42,0.1111111119389534,1,1
2,3,10,5,010111101100101001010101100110,1,1,0,0.7,0.0416666679084301,3,3
2,3,10,6,010111101100101001010101100110,1,1,0,0.49,0.0,1,1
2,3,10,8,010111101100101001010101100110,1,1,0,0.71,0.8395061492919922,3,3
2,3,10,9,010111101100101001010101100110,1,1,0,0.19,0.0,1,1
2,3,10,12,010111101100101001010101100110,1,1,0,0.9,0.0,2,2
2,3,10,14,010111101100101001010101100110,1,1,0,0.58,0.01315789483487606,3,2
2,3,10,17,010111101100101001010101100110,1,1,0,0.43,0.0,1,1
2,3,10,19,010111101100101001010101100110,1,1,0,0.7,0.0839160829782486,3,2
2,3,10,21,010111101100101001010101100110,1,1,0,0.74,0.21229049563407898,3,2
2,3,10,23,010111101100101001010101100110,1,1,0,0.44,0.0,3,2
2,3,10,24,010111101100101001010101100110,1,1,0,0.16,0.27586206793785095,1,1
2,3,10,27,010111101100101001010101100110,1,1,0,0.84,0.695652186870575,2,2
2,3,10,28,010111101100101001010101100110,1,1,0,0.3,0.0,3,2
2,3,11,1,010111111110100110101100001000,1,1,0,0.85,0.1111111119389534,3,2
2,3,11,3,010111111110100110101100001000,1,1,0,0.63,0.5454545617103577,3,3
2,3,11,4,010111111110100110101100001000,1,1,0,0.42,0.1111111119389534,1,1
2,3,11,5,010111111110100110101100001000,1,1,0,0.7,0.0416666679084301,3,3
2,3,11,6,010111111110100110101100001000,1,1,0,0.49,0.0,1,1
2,3,11,7,010111111110100110101100001000,1,1,0,0.11,0.0,1,1
2,3,11,8,010111111110100110101100001000,1,1,0,0.71,0.8395061492919922,3,3
2,3,11,9,010111111110100110101100001000,1,1,0,0.19,0.0,1,1
2,3,11,10,010111111110100110101100001000,1,1,0,0.42,0.0,1,1
2,3,11,12,010111111110100110101100001000,1,1,0,0.9,0.0,2,2
2,3,11,15,010111111110100110101100001000,1,1,0,0.55,0.2800000011920929,1,1
2,3,11,16,010111111110100110101100001000,1,1,0,0.39,0.5,1,1
2,3,11,18,010111111110100110101100001000,1,1,0,0.62,0.0,3,2
2,3,11,20,010111111110100110101100001000,1,1,0,0.74,0.3529411852359772,3,2
2,3,11,21,010111111110100110101100001000,1,1,0,0.74,0.21229049563407898,3,2
2,3,11,26,010111111110100110101100001000,1,1,0,0.39,0.02631578966975212,3,2
2,3,12,0,111110111111101101100110001111,1,1,0,0.2,0.24242424964904785,1,1
2,3,12,1,111110111111101101100110001111,1,1,0,0.85,0.1111111119389534,3,2
2,3,12,2,111110111111101101100110001111,1,1,0,0.61,0.2520325183868408,1,1
2,3,12,3,111110111111101101100110001111,1,1,0,0.63,0.5454545617103577,3,3
2,3,12,4,111110111111101101100110001111,1,1,0,0.42,0.1111111119389534,1,1
2,3,12,6,111110111111101101100110001111,1,1,0,0.49,0.0,1,1
2,3,12,7,111110111111101101100110001111,1,1,0,0.11,0.0,1,1
2,3,12,8,111110111111101101100110001111,1,1,0,0.71,0.8395061492919922,3,3
2,3,12,9,111110111111101101100110001111,1,1,0,0.19,0.0,1,1
2,3,12,10,111110111111101101100110001111,1,1,0,0.42,0.0,1,1
2,3,12,11,111110111111101101100110001111,1,1,0,0.75,0.0,3,3
2,3,12,12,111110111111101101100110001111,1,1,0,0.9,0.0,2,2
2,3,12,14,111110111111101101100110001111,1,1,0,0.58,0.01315789483487606,3,2
2,3,12,15,111110111111101101100110001111,1,1,0,0.55,0.2800000011920929,1,1
2,3,12,17,111110111111101101100110001111,1,1,0,0.43,0.0,1,1
2,3,12,18,111110111111101101100110001111,1,1,0,0.62,0.0,3,2
2,3,12,21,111110111111101101100110001111,1,1,0,0.74,0.21229049563407898,3,2
2,3,12,22,111110111111101101100110001111,1,1,0,0.19,0.2142857164144516,1,1
2,3,12,26,111110111111101101100110001111,1,1,0,0.39,0.02631578966975212,3,2
2,3,12,27,111110111111101101100110001111,1,1,0,0.84,0.695652186870575,2,2
2,3,12,28,111110111111101101100110001111,1,1,0,0.3,0.0,3,2
2,3,12,29,111110111111101101100110001111,1,0,1,0.07,0.1547619104385376,3,2
2,3,13,1,011011101000100000010000001000,1,1,0,0.85,0.1111111119389534,3,2
2,3,13,2,011011101000100000010000001000,1,1,0,0.61,0.2520325183868408,1,1
2,3,13,4,011011101000100000010000001000,1,1,0,0.42,0.1111111119389534,1,1
2,3,13,5,011011101000100000010000001000,1,1,0,0.7,0.0416666679084301,3,3
2,3,13,6,011011101000100000010000001000,1,1,0,0.49,0.0,1,1
2,3,13,8,011011101000100000010000001000,1,1,0,0.71,0.8395061492919922,3,3
2,3,13,12,011011101000100000010000001000,1,1,0,0.9,0.0,2,2
2,3,13,19,011011101000100000010000001000,1,1,0,0.7,0.0839160829782486,3,2
2,3,13,26,011011101000100000010000001000,1,1,0,0.39,0.02631578966975212,3,2
2,3,14,4,000010111110101101101100001000,1,1,0,0.42,0.1111111119389534,1,1
2,3,14,6,000010111110101101101100001000,1,1,0,0.49,0.0,1,1
2,3,14,7,000010111110101101101100001000,1,1,0,0.11,0.0,1,1
2,3,14,8,000010111110101101101100001000,1,1,0,0.71,0.8395061492919922,3,3
2,3,14,9,000010111110101101101100001000,1,1,0,0.19,0.0,1,1
2,3,14,10,000010111110101101101100001000,1,1,0,0.42,0.0,1,1
2,3,14,12,000010111110101101101100001000,1,1,0,0.9,0.0,2,2
2,3,14,14,000010111110101101101100001000,1,1,0,0.58,0.01315789483487606,3,2
2,3,14,15,000010111110101101101100001000,1,1,0,0.55,0.2800000011920929,1,1
2,3,14,17,000010111110101101101100001000,1,1,0,0.43,0.0,1,1
2,3,14,18,000010111110101101101100001000,1,1,0,0.62,0.0,3,2
2,3,14,20,000010111110101101101100001000,1,1,0,0.74,0.3529411852359772,3,2
2,3,14,21,000010111110101101101100001000,1,1,0,0.74,0.21229049563407898,3,2
2,3,14,26,000010111110101101101100001000,1,1,0,0.39,0.02631578966975212,3,2
2,3,15,2,001011001001000010011010000100,1,1,0,0.61,0.2520325183868408,1,1
2,3,15,4,001011001001000010011010000100,1,1,0,0.42,0.1111111119389534,1,1
2,3,15,5,001011001001000010011010000100,1,1,0,0.7,0.0416666679084301,3,3
2,3,15,8,001011001001000010011010000100,1,1,0,0.71,0.8395061492919922,3,3
2,3,15,11,001011001001000010011010000100,1,1,0,0.75,0.0,3,3
2,3,15,16,001011001001000010011010000100,1,1,0,0.39,0.5,1,1
2,3,15,19,001011001001000010011010000100,1,1,0,0.7,0.0839160829782486,3,2
2,3,15,20,001011001001000010011010000100,1,1,0,0.74,0.3529411852359772,3,2
2,3,15,22,001011001001000010011010000100,1,1,0,0.19,0.2142857164144516,1,1
2,3,15,27,001011001001000010011010000100,1,1,0,0.84,0.695652186870575,2,2
2,3,16,0,111111100001101111011111011010,1,1,0,0.2,0.24242424964904785,1,1
2,3,16,1,111111100001101111011111011010,1,1,0,0.85,0.1111111119389534,3,2
2,3,16,2,111111100001101111011111011010,1,1,0,0.61,0.2520325183868408,1,1
2,3,16,3,111111100001101111011111011010,1,1,0,0.63,0.5454545617103577,3,3
2,3,16,4,111111100001101111011111011010,1,1,0,0.42,0.1111111119389534,1,1
2,3,16,5,111111100001101111011111011010,1,1,0,0.7,0.0416666679084301,3,3
2,3,16,6,111111100001101111011111011010,1,1,0,0.49,0.0,1,1
2,3,16,11,111111100001101111011111011010,1,1,0,0.75,0.0,3,3
2,3,16,12,111111100001101111011111011010,1,1,0,0.9,0.0,2,2
2,3,16,14,111111100001101111011111011010,1,1,0,0.58,0.01315789483487606,3,2
2,3,16,15,111111100001101111011111011010,1,1,0,0.55,0.2800000011920929,1,1
2,3,16,16,111111100001101111011111011010,1,1,0,0.39,0.5,1,1
2,3,16,17,111111100001101111011111011010,1,1,0,0.43,0.0,1,1
2,3,16,19,111111100001101111011111011010,1,1,0,0.7,0.0839160829782486,3,2
2,3,16,20,111111100001101111011111011010,1,1,0,0.74,0.3529411852359772,3,2
2,3,16,21,111111100001101111011111011010,1,1,0,0.74,0.21229049563407898,3,2
2,3,16,22,111111100001101111011111011010,1,1,0,0.19,0.2142857164144516,1,1
2,3,16,23,111111100001101111011111011010,1,1,0,0.44,0.0,3,2
2,3,16,25,111111100001101111011111011010,1,1,0,0.5,0.03921568766236305,2,2
2,3,16,26,111111100001101111011111011010,1,1,0,0.39,0.02631578966975212,3,2
2,3,16,28,111111100001101111011111011010,1,1,0,0.3,0.0,3,2
2,4,0,2,001000010101001101100001010010,1,1,0,0.61,0.2520325183868408,1,1
2,4,0,7,001000010101001101100001010010,1,1,0,0.11,0.0,1,1
2,4,0,9,001000010101001101100001010010,1,1,0,0.19,0.0,1,1
2,4,0,11,001000010101001101100001010010,1,1,0,0.75,0.0,3,3
2,4,0,14,001000010101001101100001010010,1,1,0,0.58,0.01315789483487606,3,2
2,4,0,15,001000010101001101100001010010,1,1,0,0.55,0.2800000011920929,1,1
2,4,0,17,001000010101001101100001010010,1,1,0,0.43,0.0,1,1
2,4,0,18,001000010101001101100001010010,1,1,0,0.62,0.0,3,2
2,4,0,23,001000010101001101100001010010,1,1,0,0.44,0.0,3,2
2,4,0,25,001000010101001101100001010010,1,1,0,0.5,0.03921568766236305,2,2
2,4,0,28,001000010101001101100001010010,1,1,0,0.3,0.0,3,2
2,4,1,1,011011101000100000010000001000,1,1,0,0.85,0.1111111119389534,3,2
2,4,1,2,011011101000100000010000001000,1,1,0,0.61,0.2520325183868408,1,1
2,4,1,4,011011101000100000010000001000,1,1,0,0.42,0.1111111119389534,1,1
2,4,1,5,011011101000100000010000001000,1,1,0,0.7,0.0416666679084301,3,3
2,4,1,6,011011101000100000010000001000,1,1,0,0.49,0.0,1,1
2,4,1,8,011011101000100000010000001000,1,1,0,0.71,0.8395061492919922,3,3
2,4,1,12,011011101000100000010000001000,1,1,0,0.9,0.0,2,2
2,4,1,19,011011101000100000010000001000,1,1,0,0.7,0.0839160829782486,3,2
2,4,1,26,011011101000100000010000001000,1,1,0,0.39,0.02631578966975212,3,2
2,4,2,1,011011101100100000010000000000,1,1,0,0.85,0.1111111119389534,3,2
2,4,2,2,011011101100100000010000000000,1,1,0,0.61,0.2520325183868408,1,1
2,4,2,4,011011101100100000010000000000,1,1,0,0.42,0.1111111119389534,1,1
2,4,2,5,011011101100100000010000000000,1,1,0,0.7,0.0416666679084301,3,3
2,4,2,6,011011101100100000010000000000,1,1,0,0.49,0.0,1,1
2,4,2,8,011011101100100000010000000000,1,1,0,0.71,0.8395061492919922,3,3
2,4,2,9,011011101100100000010000000000,1,1,0,0.19,0.0,1,1
2,4,2,12,011011101100100000010000000000,1,1,0,0.9,0.0,2,2
2,4,2,19,011011101100100000010000000000,1,1,0,0.7,0.0839160829782486,3,2
2,4,3,1,011011101001101101100001010010,1,1,0,0.85,0.1111111119389534,3,2
2,4,3,2,011011101001101101100001010010,1,1,0,0.61,0.2520325183868408,1,1
2,4,3,4,011011101001101101100001010010,1,1,0,0.42,0.1111111119389534,1,1
2,4,3,5,011011101001101101100001010010,1,1,0,0.7,0.0416666679084301,3,3
2,4,3,6,011011101001101101100001010010,1,1,0,0.49,0.0,1,1
2,4,3,8,011011101001101101100001010010,1,1,0,0.71,0.8395061492919922,3,3
2,4,3,11,011011101001101101100001010010,1,1,0,0.75,0.0,3,3
2,4,3,12,011011101001101101100001010010,1,1,0,0.9,0.0,2,2
2,4,3,14,011011101001101101100001010010,1,1,0,0.58,0.01315789483487606,3,2
2,4,3,15,011011101001101101100001010010,1,1,0,0.55,0.2800000011920929,1,1
2,4,3,17,011011101001101101100001010010,1,1,0,0.43,0.0,1,1
2,4,3,18,011011101001101101100001010010,1,1,0,0.62,0.0,3,2
2,4,3,23,011011101001101101100001010010,1,1,0,0.44,0.0,3,2
2,4,3,25,011011101001101101100001010010,1,1,0,0.5,0.03921568766236305,2,2
2,4,3,28,011011101001101101100001010010,1,1,0,0.3,0.0,3,2
2,4,4,1,011011000001001101100001001001,1,1,0,0.85,0.1111111119389534,3,2
2,4,4,2,011011000001001101100001001001,1,1,0,0.61,0.2520325183868408,1,1
2,4,4,4,011011000001001101100001001001,1,1,0,0.42,0.1111111119389534,1,1
2,4,4,5,011011000001001101100001001001,1,1,0,0.7,0.0416666679084301,3,3
2,4,4,11,011011000001001101100001001001,1,1,0,0.75,0.0,3,3
2,4,4,14,011011000001001101100001001001,1,1,0,0.58,0.01315789483487606,3,2
2,4,4,15,011011000001001101100001001001,1,1,0,0.55,0.2800000011920929,1,1
2,4,4,17,011011000001001101100001001001,1,1,0,0.43,0.0,1,1
2,4,4,18,011011000001001101100001001001,1,1,0,0.62,0.0,3,2
2,4,4,23,011011000001001101100001001001,1,1,0,0.44,0.0,3,2
2,4,4,26,011011000001001101100001001001,1,1,0,0.39,0.02631578966975212,3,2
2,4,4,29,011011000001001101100001001001,1,0,1,0.07,0.1547619104385376,3,2
2,4,5,0,111111110001101000110111011010,1,1,0,0.2,0.24242424964904785,1,1
2,4,5,1,111111110001101000110111011010,1,1,0,0.85,0.1111111119389534,3,2
2,4,5,2,111111110001101000110111011010,1,1,0,0.61,0.2520325183868408,1,1
2,4,5,3,111111110001101000110111011010,1,1,0,0.63,0.5454545617103577,3,3
2,4,5,4,111111110001101000110111011010,1,1,0,0.42,0.1111111119389534,1,1
2,4,5,5,111111110001101000110111011010,1,1,0,0.7,0.0416666679084301,3,3
2,4,5,6,111111110001101000110111011010,1,1,0,0.49,0.0,1,1
2,4,5,7,111111110001101000110111011010,1,1,0,0.11,0.0,1,1
2,4,5,11,111111110001101000110111011010,1,1,0,0.75,0.0,3,3
2,4,5,12,111111110001101000110111011010,1,1,0,0.9,0.0,2,2
2,4,5,14,111111110001101000110111011010,1,1,0,0.58,0.01315789483487606,3,2
2,4,5,18,111111110001101000110111011010,1,1,0,0.62,0.0,3,2
2,4,5,19,111111110001101000110111011010,1,1,0,0.7,0.0839160829782486,3,2
2,4,5,21,111111110001101000110111011010,1,1,0,0.74,0.21229049563407898,3,2
2,4,5,22,111111110001101000110111011010,1,1,0,0.19,0.2142857164144516,1,1
2,4,5,23,111111110001101000110111011010,1,1,0,0.44,0.0,3,2
2,4,5,25,111111110001101000110111011010,1,1,0,0.5,0.03921568766236305,2,2
2,4,5,26,111111110001101000110111011010,1,1,0,0.39,0.02631578966975212,3,2
2,4,5,28,111111110001101000110111011010,1,1,0,0.3,0.0,3,2
2,5,0,2,001000010101001101100001010010,1,1,0,0.61,0.2520325183868408,1,1
2,5,0,7,001000010101001101100001010010,1,1,0,0.11,0.0,1,1
2,5,0,9,001000010101001101100001010010,1,1,0,0.19,0.0,1,1
2,5,0,11,001000010101001101100001010010,1,1,0,0.75,0.0,3,3
2,5,0,14,001000010101001101100001010010,1,1,0,0.58,0.01315789483487606,3,2
2,5,0,15,001000010101001101100001010010,1,1,0,0.55,0.2800000011920929,1,1
2,5,0,17,001000010101001101100001010010,1,1,0,0.43,0.0,1,1
2,5,0,18,001000010101001101100001010010,1,1,0,0.62,0.0,3,2
2,5,0,23,001000010101001101100001010010,1,1,0,0.44,0.0,3,2
2,5,0,25,001000010101001101100001010010,1,1,0,0.5,0.03921568766236305,2,2
2,5,0,28,001000010101001101100001010010,1,1,0,0.3,0.0,3,2
2,5,1,1,011011101000100000010000001000,1,1,0,0.85,0.1111111119389534,3,2
2,5,1,2,011011101000100000010000001000,1,1,0,0.61,0.2520325183868408,1,1
2,5,1,4,011011101000100000010000001000,1,1,0,0.42,0.1111111119389534,1,1
2,5,1,5,011011101000100000010000001000,1,1,0,0.7,0.0416666679084301,3,3
2,5,1,6,011011101000100000010000001000,1,1,0,0.49,0.0,1,1
2,5,1,8,011011101000100000010000001000,1,1,0,0.71,0.8395061492919922,3,3
2,5,1,12,011011101000100000010000001000,1,1,0,0.9,0.0,2,2
2,5,1,19,011011101000100000010000001000,1,1,0,0.7,0.0839160829782486,3,2
2,5,1,26,011011101000100000010000001000,1,1,0,0.39,0.02631578966975212,3,2
2,5,2,1,011011101100100000010000000000,1,1,0,0.85,0.1111111119389534,3,2
2,5,2,2,011011101100100000010000000000,1,1,0,0.61,0.2520325183868408,1,1
2,5,2,4,011011101100100000010000000000,1,1,0,0.42,0.1111111119389534,1,1
2,5,2,5,011011101100100000010000000000,1,1,0,0.7,0.0416666679084301,3,3
2,5,2,6,011011101100100000010000000000,1,1,0,0.49,0.0,1,1
2,5,2,8,011011101100100000010000000000,1,1,0,0.71,0.8395061492919922,3,3
2,5,2,9,011011101100100000010000000000,1,1,0,0.19,0.0,1,1
2,5,2,12,011011101100100000010000000000,1,1,0,0.9,0.0,2,2
2,5,2,19,011011101100100000010000000000,1,1,0,0.7,0.0839160829782486,3,2
2,5,3,1,011011101001101101100001010010,1,1,0,0.85,0.1111111119389534,3,2
2,5,3,2,011011101001101101100001010010,1,1,0,0.61,0.2520325183868408,1,1
2,5,3,4,011011101001101101100001010010,1,1,0,0.42,0.1111111119389534,1,1
2,5,3,5,011011101001101101100001010010,1,1,0,0.7,0.0416666679084301,3,3
2,5,3,6,011011101001101101100001010010,1,1,0,0.49,0.0,1,1
2,5,3,8,011011101001101101100001010010,1,1,0,0.71,0.8395061492919922,3,3
2,5,3,11,011011101001101101100001010010,1,1,0,0.75,0.0,3,3
2,5,3,12,011011101001101101100001010010,1,1,0,0.9,0.0,2,2
2,5,3,14,011011101001101101100001010010,1,1,0,0.58,0.01315789483487606,3,2
2,5,3,15,011011101001101101100001010010,1,1,0,0.55,0.2800000011920929,1,1
2,5,3,17,011011101001101101100001010010,1,1,0,0.43,0.0,1,1
2,5,3,18,011011101001101101100001010010,1,1,0,0.62,0.0,3,2
2,5,3,23,011011101001101101100001010010,1,1,0,0.44,0.0,3,2
2,5,3,25,011011101001101101100001010010,1,1,0,0.5,0.03921568766236305,2,2
2,5,3,28,011011101001101101100001010010,1,1,0,0.3,0.0,3,2
2,5,4,1,011011000001001101100001001001,1,1,0,0.85,0.1111111119389534,3,2
2,5,4,2,011011000001001101100001001001,1,1,0,0.61,0.2520325183868408,1,1
2,5,4,4,011011000001001101100001001001,1,1,0,0.42,0.1111111119389534,1,1
2,5,4,5,011011000001001101100001001001,1,1,0,0.7,0.0416666679084301,3,3
2,5,4,11,011011000001001101100001001001,1,1,0,0.75,0.0,3,3
2,5,4,14,011011000001001101100001001001,1,1,0,0.58,0.01315789483487606,3,2
2,5,4,15,011011000001001101100001001001,1,1,0,0.55,0.2800000011920929,1,1
2,5,4,17,011011000001001101100001001001,1,1,0,0.43,0.0,1,1
2,5,4,18,011011000001001101100001001001,1,1,0,0.62,0.0,3,2
2,5,4,23,011011000001001101100001001001,1,1,0,0.44,0.0,3,2
2,5,4,26,011011000001001101100001001001,1,1,0,0.39,0.02631578966975212,3,2
2,5,4,29,011011000001001101100001001001,1,0,1,0.07,0.1547619104385376,3,2
2,5,5,0,111111110001101000110111011010,1,1,0,0.2,0.24242424964904785,1,1
2,5,5,1,111111110001101000110111011010,1,1,0,0.85,0.1111111119389534,3,2
2,5,5,2,111111110001101000110111011010,1,1,0,0.61,0.2520325183868408,1,1
2,5,5,3,111111110001101000110111011010,1,1,0,0.63,0.5454545617103577,3,3
2,5,5,4,111111110001101000110111011010,1,1,0,0.42,0.1111111119389534,1,1
2,5,5,5,111111110001101000110111011010,1,1,0,0.7,0.0416666679084301,3,3
2,5,5,6,111111110001101000110111011010,1,1,0,0.49,0.0,1,1
2,5,5,7,111111110001101000110111011010,1,1,0,0.11,0.0,1,1
2,5,5,11,111111110001101000110111011010,1,1,0,0.75,0.0,3,3
2,5,5,12,111111110001101000110111011010,1,1,0,0.9,0.0,2,2
2,5,5,14,111111110001101000110111011010,1,1,0,0.58,0.01315789483487606,3,2
2,5,5,18,111111110001101000110111011010,1,1,0,0.62,0.0,3,2
2,5,5,19,111111110001101000110111011010,1,1,0,0.7,0.0839160829782486,3,2
2,5,5,21,111111110001101000110111011010,1,1,0,0.74,0.21229049563407898,3,2
2,5,5,22,111111110001101000110111011010,1,1,0,0.19,0.2142857164144516,1,1
2,5,5,23,111111110001101000110111011010,1,1,0,0.44,0.0,3,2
2,5,5,25,111111110001101000110111011010,1,1,0,0.5,0.03921568766236305,2,2
2,5,5,26,111111110001101000110111011010,1,1,0,0.39,0.02631578966975212,3,2
2,5,5,28,111111110001101000110111011010,1,1,0,0.3,0.0,3,2
2,5,6,2,001000010100001101110000001000,1,1,0,0.61,0.2520325183868408,1,1
2,5,6,7,001000010100001101110000001000,1,1,0,0.11,0.0,1,1
2,5,6,9,001000010100001101110000001000,1,1,0,0.19,0.0,1,1
2,5,6,14,001000010100001101110000001000,1,1,0,0.58,0.01315789483487606,3,2
2,5,6,15,001000010100001101110000001000,1,1,0,0.55,0.2800000011920929,1,1
2,5,6,17,001000010100001101110000001000,1,1,0,0.43,0.0,1,1
2,5,6,18,001000010100001101110000001000,1,1,0,0.62,0.0,3,2
2,5,6,19,001000010100001101110000001000,1,1,0,0.7,0.0839160829782486,3,2
2,5,6,26,001000010100001101110000001000,1,1,0,0.39,0.02631578966975212,3,2
2,5,7,1,011011101001101100010001010010,1,1,0,0.85,0.1111111119389534,3,2
2,5,7,2,011011101001101100010001010010,1,1,0,0.61,0.2520325183868408,1,1
2,5,7,4,011011101001101100010001010010,1,1,0,0.42,0.1111111119389534,1,1
2,5,7,5,011011101001101100010001010010,1,1,0,0.7,0.0416666679084301,3,3
2,5,7,6,011011101001101100010001010010,1,1,0,0.49,0.0,1,1
2,5,7,8,011011101001101100010001010010,1,1,0,0.71,0.8395061492919922,3,3
2,5,7,11,011011101001101100010001010010,1,1,0,0.75,0.0,3,3
2,5,7,12,011011101001101100010001010010,1,1,0,0.9,0.0,2,2
2,5,7,14,011011101001101100010001010010,1,1,0,0.58,0.01315789483487606,3,2
2,5,7,15,011011101001101100010001010010,1,1,0,0.55,0.2800000011920929,1,1
2,5,7,19,011011101001101100010001010010,1,1,0,0.7,0.0839160829782486,3,2
2,5,7,23,011011101001101100010001010010,1,1,0,0.44,0.0,3,2
2,5,7,25,011011101001101100010001010010,1,1,0,0.5,0.03921568766236305,2,2
2,5,7,28,011011101001101100010001010010,1,1,0,0.3,0.0,3,2
2,5,8,0,111011100001101000110111011010,1,1,0,0.2,0.24242424964904785,1,1
2,5,8,1,111011100001101000110111011010,1,1,0,0.85,0.1111111119389534,3,2
2,5,8,2,111011100001101000110111011010,1,1,0,0.61,0.2520325183868408,1,1
2,5,8,4,111011100001101000110111011010,1,1,0,0.42,0.1111111119389534,1,1
2,5,8,5,111011100001101000110111011010,1,1,0,0.7,0.0416666679084301,3,3
2,5,8,6,111011100001101000110111011010,1,1,0,0.49,0.0,1,1
2,5,8,11,111011100001101000110111011010,1,1,0,0.75,0.0,3,3
2,5,8,12,111011100001101000110111011010,1,1,0,0.9,0.0,2,2
2,5,8,14,111011100001101000110111011010,1,1,0,0.58,0.01315789483487606,3,2
2,5,8,18,111011100001101000110111011010,1,1,0,0.62,0.0,3,2
2,5,8,19,111011100001101000110111011010,1,1,0,0.7,0.0839160829782486,3,2
2,5,8,21,111011100001101000110111011010,1,1,0,0.74,0.21229049563407898,3,2
2,5,8,22,111011100001101000110111011010,1,1,0,0.19,0.2142857164144516,1,1
2,5,8,23,111011100001101000110111011010,1,1,0,0.44,0.0,3,2
2,5,8,25,111011100001101000110111011010,1,1,0,0.5,0.03921568766236305,2,2
2,5,8,26,111011100001101000110111011010,1,1,0,0.39,0.02631578966975212,3,2
2,5,8,28,111011100001101000110111011010,1,1,0,0.3,0.0,3,2
2,5,9,1,011011101000100001100000001000,1,1,0,0.85,0.1111111119389534,3,2
2,5,9,2,011011101000100001100000001000,1,1,0,0.61,0.2520325183868408,1,1
2,5,9,4,011011101000100001100000001000,1,1,0,0.42,0.1111111119389534,1,1
2,5,9,5,011011101000100001100000001000,1,1,0,0.7,0.0416666679084301,3,3
2,5,9,6,011011101000100001100000001000,1,1,0,0.49,0.0,1,1
2,5,9,8,011011101000100001100000001000,1,1,0,0.71,0.8395061492919922,3,3
2,5,9,12,011011101000100001100000001000,1,1,0,0.9,0.0,2,2
2,5,9,17,011011101000100001100000001000,1,1,0,0.43,0.0,1,1
2,5,9,18,011011101000100001100000001000,1,1,0,0.62,0.0,3,2
2,5,9,26,011011101000100001100000001000,1,1,0,0.39,0.02631578966975212,3,2
2,5,10,2,001000010101001101100001000010,1,1,0,0.61,0.2520325183868408,1,1
2,5,10,7,001000010101001101100001000010,1,1,0,0.11,0.0,1,1
2,5,10,9,001000010101001101100001000010,1,1,0,0.19,0.0,1,1
2,5,10,11,001000010101001101100001000010,1,1,0,0.75,0.0,3,3
2,5,10,14,001000010101001101100001000010,1,1,0,0.58,0.01315789483487606,3,2
2,5,10,15,001000010101001101100001000010,1,1,0,0.55,0.2800000011920929,1,1
2,5,10,17,001000010101001101100001000010,1,1,0,0.43,0.0,1,1
2,5,10,18,001000010101001101100001000010,1,1,0,0.62,0.0,3,2
2,5,10,23,001000010101001101100001000010,1,1,0,0.44,0.0,3,2
2,5,10,28,001000010101001101100001000010,1,1,0,0.3,0.0,3,2
2,5,11,0,111011110001101000110111011010,1,1,0,0.2,0.24242424964904785,1,1
2,5,11,1,111011110001101000110111011010,1,1,0,0.85,0.1111111119389534,3,2
2,5,11,2,111011110001101000110111011010,1,1,0,0.61,0.2520325183868408,1,1
2,5,11,4,111011110001101000110111011010,1,1,0,0.42,0.1111111119389534,1,1
2,5,11,5,111011110001101000110111011010,1,1,0,0.7,0.0416666679084301,3,3
2,5,11,6,111011110001101000110111011010,1,1,0,0.49,0.0,1,1
2,5,11,7,111011110001101000110111011010,1,1,0,0.11,0.0,1,1
2,5,11,11,111011110001101000110111011010,1,1,0,0.75,0.0,3,3
2,5,11,12,111011110001101000110111011010,1,1,0,0.9,0.0,2,2
2,5,11,14,111011110001101000110111011010,1,1,0,0.58,0.01315789483487606,3,2
2,5,11,18,111011110001101000110111011010,1,1,0,0.62,0.0,3,2
2,5,11,19,111011110001101000110111011010,1,1,0,0.7,0.0839160829782486,3,2
2,5,11,21,111011110001101000110111011010,1,1,0,0.74,0.21229049563407898,3,2
2,5,11,22,111011110001101000110111011010,1,1,0,0.19,0.2142857164144516,1,1
2,5,11,23,111011110001101000110111011010,1,1,0,0.44,0.0,3,2
2,5,11,25,111011110001101000110111011010,1,1,0,0.5,0.03921568766236305,2,2
2,5,11,26,111011110001101000110111011010,1,1,0,0.39,0.02631578966975212,3,2
2,5,11,28,111011110001101000110111011010,1,1,0,0.3,0.0,3,2
3,1,0,0,110111101100101001010111101111,1,1,0,0.25,0.8787878751754761,1,1
3,1,0,1,110111101100101001010111101111,1,1,0,0.75,0.28282827138900757,4,3
3,1,0,3,110111101100101001010111101111,1,1,0,0.68,0.3636363744735718,3,3
3,1,0,4,110111101100101001010111101111,1,1,0,0.32,0.0,4,2
3,1,0,5,110111101100101001010111101111,1,1,0,0.6,0.5833333134651184,4,4
3,1,0,6,110111101100101001010111101111,1,1,0,0.39,0.613043487071991,4,2
3,1,0,8,110111101100101001010111101111,1,1,0,0.61,0.32098764181137085,4,4
3,1,0,9,110111101100101001010111101111,1,1,0,0.24,0.24137930572032928,1,1
3,1,0,12,110111101100101001010111101111,1,1,0,0.8,0.28070175647735596,4,3
3,1,0,14,110111101100101001010111101111,1,1,0,0.63,0.05263157933950424,3,2
3,1,0,17,110111101100101001010111101111,1,1,0,0.48,1.0,1,1
3,1,0,19,110111101100101001010111101111,1,1,0,0.6,0.440559446811676,4,3
3,1,0,21,110111101100101001010111101111,1,1,0,0.79,0.21229049563407898,3,2
3,1,0,22,110111101100101001010111101111,1,1,0,0.24,0.6142857074737549,1,1
3,1,0,23,110111101100101001010111101111,1,1,0,0.49,0.3688524663448334,3,2
3,1,0,24,110111101100101001010111101111,1,1,0,0.21,0.2586206793785095,1,1
3,1,0,26,110111101100101001010111101111,1,1,0,0.29,0.0,4,3
3,1,0,27,110111101100101001010111101111,1,1,0,0.89,0.15217390656471252,2,2
3,1,0,28,110111101100101001010111101111,1,1,0,0.35,0.8275862336158752,3,2
3,1,0,29,110111101100101001010111101111,1,1,0,0.12,0.3333333432674408,3,2
3,1,1,3,000110110101110011010101111001,1,1,0,0.68,0.3636363744735718,3,3
3,1,1,4,000110110101110011010101111001,1,1,0,0.32,0.0,4,2
3,1,1,6,000110110101110011010101111001,1,1,0,0.39,0.613043487071991,4,2
3,1,1,7,000110110101110011010101111001,1,1,0,0.16,0.21311475336551666,1,1
3,1,1,9,000110110101110011010101111001,1,1,0,0.24,0.24137930572032928,1,1
3,1,1,11,000110110101110011010101111001,1,1,0,0.8,0.2142857164144516,3,3
3,1,1,12,000110110101110011010101111001,1,1,0,0.8,0.28070175647735596,4,3
3,1,1,13,000110110101110011010101111001,1,1,0,0.57,0.26829269528388977,3,2
3,1,1,16,000110110101110011010101111001,1,1,0,0.44,0.40789473056793213,1,1
3,1,1,17,000110110101110011010101111001,1,1,0,0.48,1.0,1,1
3,1,1,19,000110110101110011010101111001,1,1,0,0.6,0.440559446811676,4,3
3,1,1,21,000110110101110011010101111001,1,1,0,0.79,0.21229049563407898,3,2
3,1,1,23,000110110101110011010101111001,1,1,0,0.49,0.3688524663448334,3,2
3,1,1,24,000110110101110011010101111001,1,1,0,0.21,0.2586206793785095,1,1
3,1,1,25,000110110101110011010101111001,1,1,0,0.55,0.18627451360225677,2,2
3,1,1,26,000110110101110011010101111001,1,1,0,0.29,0.0,4,3
3,1,1,29,000110110101110011010101111001,1,1,0,0.12,0.3333333432674408,3,2
3,1,2,2,001111101111111000110101000110,1,1,0,0.51,0.2520325183868408,4,2
3,1,2,3,001111101111111000110101000110,1,1,0,0.68,0.3636363744735718,3,3
3,1,2,4,001111101111111000110101000110,1,1,0,0.32,0.0,4,2
3,1,2,5,001111101111111000110101000110,1,1,0,0.6,0.5833333134651184,4,4
3,1,2,6,001111101111111000110101000110,1,1,0,0.39,0.613043487071991,4,2
3,1,2,8,001111101111111000110101000110,1,1,0,0.61,0.32098764181137085,4,4
3,1,2,9,001111101111111000110101000110,1,1,0,0.24,0.24137930572032928,1,1
3,1,2,10,001111101111111000110101000110,1,1,0,0.47,0.9090909361839294,1,1
3,1,2,11,001111101111111000110101000110,1,1,0,0.8,0.2142857164144516,3,3
3,1,2,12,001111101111111000110101000110,1,1,0,0.8,0.28070175647735596,4,3
3,1,2,13,001111101111111000110101000110,1,1,0,0.57,0.26829269528388977,3,2
3,1,2,14,001111101111111000110101000110,1,1,0,0.63,0.05263157933950424,3,2
3,1,2,18,001111101111111000110101000110,1,1,0,0.67,0.4285714328289032,3,2
3,1,2,19,001111101111111000110101000110,1,1,0,0.6,0.440559446811676,4,3
3,1,2,21,001111101111111000110101000110,1,1,0,0.79,0.21229049563407898,3,2
3,1,2,23,001111101111111000110101000110,1,1,0,0.49,0.3688524663448334,3,2
3,1,2,27,001111101111111000110101000110,1,1,0,0.89,0.15217390656471252,2,2
3,1,2,28,001111101111111000110101000110,1,1,0,0.35,0.8275862336158752,3,2
3,1,3,0,110010101101011100000011100000,1,1,0,0.25,0.8787878751754761,1,1
3,1,3,1,110010101101011100000011100000,1,1,0,0.75,0.28282827138900757,4,3
3,1,3,4,110010101101011100000011100000,1,1,0,0.32,0.0,4,2
3,1,3,6,110010101101011100000011100000,1,1,0,0.39,0.613043487071991,4,2
3,1,3,8,110010101101011100000011100000,1,1,0,0.61,0.32098764181137085,4,4
3,1,3,9,110010101101011100000011100000,1,1,0,0.24,0.24137930572032928,1,1
3,1,3,11,110010101101011100000011100000,1,1,0,0.8,0.2142857164144516,3,3
3,1,3,13,110010101101011100000011100000,1,1,0,0.57,0.26829269528388977,3,2
3,1,3,14,110010101101011100000011100000,1,1,0,0.63,0.05263157933950424,3,2
3,1,3,15,110010101101011100000011100000,1,1,0,0.6,0.11999999731779099,1,1
3,1,3,22,110010101101011100000011100000,1,1,0,0.24,0.6142857074737549,1,1
3,1,3,23,110010101101011100000011100000,1,1,0,0.49,0.3688524663448334,3,2
3,1,3,24,110010101101011100000011100000,1,1,0,0.21,0.2586206793785095,1,1
3,1,4,0,111110111111110010100100001101,1,1,0,0.25,0.8787878751754761,1,1
3,1,4,1,111110111111110010100100001101,1,1,0,0.75,0.28282827138900757,4,3
3,1,4,2,111110111111110010100100001101,1,1,0,0.51,0.2520325183868408,4,2
3,1,4,3,111110111111110010100100001101,1,1,0,0.68,0.3636363744735718,3,3
3,1,4,4,111110111111110010100100001101,1,1,0,0.32,0.0,4,2
3,1,4,6,111110111111110010100100001101,1,1,0,0.39,0.613043487071991,4,2
3,1,4,7,111110111111110010100100001101,1,1,0,0.16,0.21311475336551666,1,1
3,1,4,8,111110111111110010100100001101,1,1,0,0.61,0.32098764181137085,4,4
3,1,4,9,111110111111110010100100001101,1,1,0,0.24,0.24137930572032928,1,1
3,1,4,10,111110111111110010100100001101,1,1,0,0.47,0.9090909361839294,1,1
3,1,4,11,111110111111110010100100001101,1,1,0,0.8,0.2142857164144516,3,3
3,1,4,12,111110111111110010100100001101,1,1,0,0.8,0.28070175647735596,4,3
3,1,4,13,111110111111110010100100001101,1,1,0,0.57,0.26829269528388977,3,2
3,1,4,16,111110111111110010100100001101,1,1,0,0.44,0.40789473056793213,1,1
3,1,4,18,111110111111110010100100001101,1,1,0,0.67,0.4285714328289032,3,2
3,1,4,21,111110111111110010100100001101,1,1,0,0.79,0.21229049563407898,3,2
3,1,4,26,111110111111110010100100001101,1,1,0,0.29,0.0,4,3
3,1,4,27,111110111111110010100100001101,1,1,0,0.89,0.15217390656471252,2,2
3,1,4,29,111110111111110010100100001101,1,1,0,0.12,0.3333333432674408,3,2
3,1,5,0,110111100100011100100011110101,1,1,0,0.25,0.8787878751754761,1,1
3,1,5,1,110111100100011100100011110101,1,1,0,0.75,0.28282827138900757,4,3
3,1,5,3,110111100100011100100011110101,1,1,0,0.68,0.3636363744735718,3,3
3,1,5,4,110111100100011100100011110101,1,1,0,0.32,0.0,4,2
3,1,5,5,110111100100011100100011110101,1,1,0,0.6,0.5833333134651184,4,4
3,1,5,6,110111100100011100100011110101,1,1,0,0.39,0.613043487071991,4,2
3,1,5,9,110111100100011100100011110101,1,1,0,0.24,0.24137930572032928,1,1
3,1,5,13,110111100100011100100011110101,1,1,0,0.57,0.26829269528388977,3,2
3,1,5,14,110111100100011100100011110101,1,1,0,0.63,0.05263157933950424,3,2
3,1,5,15,110111100100011100100011110101,1,1,0,0.6,0.11999999731779099,1,1
3,1,5,18,110111100100011100100011110101,1,1,0,0.67,0.4285714328289032,3,2
3,1,5,22,110111100100011100100011110101,1,1,0,0.24,0.6142857074737549,1,1
3,1,5,23,110111100100011100100011110101,1,1,0,0.49,0.3688524663448334,3,2
3,1,5,24,110111100100011100100011110101,1,1,0,0.21,0.2586206793785095,1,1
3,1,5,25,110111100100011100100011110101,1,1,0,0.55,0.18627451360225677,2,2
3,1,5,27,110111100100011100100011110101,1,1,0,0.89,0.15217390656471252,2,2
3,1,5,29,110111100100011100100011110101,1,1,0,0.12,0.3333333432674408,3,2
3,1,6,1,011011011100001100011100011110,1,1,0,0.75,0.28282827138900757,4,3
3,1,6,2,011011011100001100011100011110,1,1,0,0.51,0.2520325183868408,4,2
3,1,6,4,011011011100001100011100011110,1,1,0,0.32,0.0,4,2
3,1,6,5,011011011100001100011100011110,1,1,0,0.6,0.5833333134651184,4,4
3,1,6,7,011011011100001100011100011110,1,1,0,0.16,0.21311475336551666,1,1
3,1,6,8,011011011100001100011100011110,1,1,0,0.61,0.32098764181137085,4,4
3,1,6,9,011011011100001100011100011110,1,1,0,0.24,0.24137930572032928,1,1
3,1,6,14,011011011100001100011100011110,1,1,0,0.63,0.05263157933950424,3,2
3,1,6,15,011011011100001100011100011110,1,1,0,0.6,0.11999999731779099,1,1
3,1,6,19,011011011100001100011100011110,1,1,0,0.6,0.440559446811676,4,3
3,1,6,20,011011011100001100011100011110,1,1,0,0.79,0.23529411852359772,3,2
3,1,6,21,011011011100001100011100011110,1,1,0,0.79,0.21229049563407898,3,2
3,1,6,25,011011011100001100011100011110,1,1,0,0.55,0.18627451360225677,2,2
3,1,6,26,011011011100001100011100011110,1,1,0,0.29,0.0,4,3
3,1,6,27,011011011100001100011100011110,1,1,0,0.89,0.15217390656471252,2,2
3,1,6,28,011011011100001100011100011110,1,1,0,0.35,0.8275862336158752,3,2
3,1,7,2,001101101111111101100001010010,1,1,0,0.51,0.2520325183868408,4,2
3,1,7,3,001101101111111101100001010010,1,1,0,0.68,0.3636363744735718,3,3
3,1,7,5,001101101111111101100001010010,1,1,0,0.6,0.5833333134651184,4,4
3,1,7,6,001101101111111101100001010010,1,1,0,0.39,0.613043487071991,4,2
3,1,7,8,001101101111111101100001010010,1,1,0,0.61,0.32098764181137085,4,4
3,1,7,9,001101101111111101100001010010,1,1,0,0.24,0.24137930572032928,1,1
3,1,7,10,001101101111111101100001010010,1,1,0,0.47,0.9090909361839294,1,1
3,1,7,11,001101101111111101100001010010,1,1,0,0.8,0.2142857164144516,3,3
3,1,7,12,001101101111111101100001010010,1,1,0,0.8,0.28070175647735596,4,3
3,1,7,13,001101101111111101100001010010,1,1,0,0.57,0.26829269528388977,3,2
3,1,7,14,001101101111111101100001010010,1,1,0,0.63,0.05263157933950424,3,2
3,1,7,15,001101101111111101100001010010,1,1,0,0.6,0.11999999731779099,1,1
3,1,7,17,001101101111111101100001010010,1,1,0,0.48,1.0,1,1
3,1,7,18,001101101111111101100001010010,1,1,0,0.67,0.4285714328289032,3,2
3,1,7,23,001101101111111101100001010010,1,1,0,0.49,0.3688524663448334,3,2
3,1,7,25,001101101111111101100001010010,1,1,0,0.55,0.18627451360225677,2,2
3,1,7,28,001101101111111101100001010010,1,1,0,0.35,0.8275862336158752,3,2
3,1,8,1,011011001010110110101100001000,1,1,0,0.75,0.28282827138900757,4,3
3,1,8,2,011011001010110110101100001000,1,1,0,0.51,0.2520325183868408,4,2
3,1,8,4,011011001010110110101100001000,1,1,0,0.32,0.0,4,2
3,1,8,5,011011001010110110101100001000,1,1,0,0.6,0.5833333134651184,4,4
3,1,8,8,011011001010110110101100001000,1,1,0,0.61,0.32098764181137085,4,4
3,1,8,10,011011001010110110101100001000,1,1,0,0.47,0.9090909361839294,1,1
3,1,8,12,011011001010110110101100001000,1,1,0,0.8,0.28070175647735596,4,3
3,1,8,13,011011001010110110101100001000,1,1,0,0.57,0.26829269528388977,3,2
3,1,8,15,011011001010110110101100001000,1,1,0,0.6,0.11999999731779099,1,1
3,1,8,16,011011001010110110101100001000,1,1,0,0.44,0.40789473056793213,1,1
3,1,8,18,011011001010110110101100001000,1,1,0,0.67,0.4285714328289032,3,2
3,1,8,20,011011001010110110101100001000,1,1,0,0.79,0.23529411852359772,3,2
3,1,8,21,011011001010110110101100001000,1,1,0,0.79,0.21229049563407898,3,2
3,1,8,26,011011001010110110101100001000,1,1,0,0.29,0.0,4,3
3,1,9,0,110011100111110000011100100101,1,1,0,0.25,0.8787878751754761,1,1
3,1,9,1,110011100111110000011100100101,1,1,0,0.75,0.28282827138900757,4,3
3,1,9,4,110011100111110000011100100101,1,1,0,0.32,0.0,4,2
3,1,9,5,110011100111110000011100100101,1,1,0,0.6,0.5833333134651184,4,4
3,1,9,6,110011100111110000011100100101,1,1,0,0.39,0.613043487071991,4,2
3,1,9,9,110011100111110000011100100101,1,1,0,0.24,0.24137930572032928,1,1
3,1,9,10,110011100111110000011100100101,1,1,0,0.47,0.9090909361839294,1,1
3,1,9,11,110011100111110000011100100101,1,1,0,0.8,0.2142857164144516,3,3
3,1,9,12,110011100111110000011100100101,1,1,0,0.8,0.28070175647735596,4,3
3,1,9,13,110011100111110000011100100101,1,1,0,0.57,0.26829269528388977,3,2
3,1,9,19,110011100111110000011100100101,1,1,0,0.6,0.440559446811676,4,3
3,1,9,20,110011100111110000011100100101,1,1,0,0.79,0.23529411852359772,3,2
3,1,9,21,110011100111110000011100100101,1,1,0,0.79,0.21229049563407898,3,2
3,1,9,24,110011100111110000011100100101,1,1,0,0.21,0.2586206793785095,1,1
3,1,9,27,110011100111110000011100100101,1,1,0,0.89,0.15217390656471252,2,2
3,1,9,29,110011100111110000011100100101,1,1,0,0.12,0.3333333432674408,3,2
3,2,0,3,000110110101110011010101111001,1,1,0,0.68,0.3636363744735718,3,3
3,2,0,4,000110110101110011010101111001,1,1,0,0.32,0.0,4,2
3,2,0,6,000110110101110011010101111001,1,1,0,0.39,0.613043487071991,4,2
3,2,0,7,000110110101110011010101111001,1,1,0,0.16,0.21311475336551666,1,1
3,2,0,9,000110110101110011010101111001,1,1,0,0.24,0.24137930572032928,1,1
3,2,0,11,000110110101110011010101111001,1,1,0,0.8,0.2142857164144516,3,3
3,2,0,12,000110110101110011010101111001,1,1,0,0.8,0.28070175647735596,4,3
3,2,0,13,000110110101110011010101111001,1,1,0,0.57,0.26829269528388977,3,2
3,2,0,16,000110110101110011010101111001,1,1,0,0.44,0.40789473056793213,1,1
3,2,0,17,000110110101110011010101111001,1,1,0,0.48,1.0,1,1
3,2,0,19,000110110101110011010101111001,1,1,0,0.6,0.440559446811676,4,3
3,2,0,21,000110110101110011010101111001,1,1,0,0.79,0.21229049563407898,3,2
3,2,0,23,000110110101110011010101111001,1,1,0,0.49,0.3688524663448334,3,2
3,2,0,24,000110110101110011010101111001,1,1,0,0.21,0.2586206793785095,1,1
3,2,0,25,000110110101110011010101111001,1,1,0,0.55,0.18627451360225677,2,2
3,2,0,26,000110110101110011010101111001,1,1,0,0.29,0.0,4,3
3,2,0,29,000110110101110011010101111001,1,1,0,0.12,0.3333333432674408,3,2
3,2,1,2,001111101111111000110101000110,1,1,0,0.51,0.2520325183868408,4,2
3,2,1,3,001111101111111000110101000110,1,1,0,0.68,0.3636363744735718,3,3
3,2,1,4,001111101111111000110101000110,1,1,0,0.32,0.0,4,2
3,2,1,5,001111101111111000110101000110,1,1,0,0.6,0.5833333134651184,4,4
3,2,1,6,001111101111111000110101000110,1,1,0,0.39,0.613043487071991,4,2
3,2,1,8,001111101111111000110101000110,1,1,0,0.61,0.32098764181137085,4,4
3,2,1,9,001111101111111000110101000110,1,1,0,0.24,0.24137930572032928,1,1
3,2,1,10,001111101111111000110101000110,1,1,0,0.47,0.9090909361839294,1,1
3,2,1,11,001111101111111000110101000110,1,1,0,0.8,0.2142857164144516,3,3
3,2,1,12,001111101111111000110101000110,1,1,0,0.8,0.28070175647735596,4,3
3,2,1,13,001111101111111000110101000110,1,1,0,0.57,0.26829269528388977,3,2
3,2,1,14,001111101111111000110101000110,1,1,0,0.63,0.05263157933950424,3,2
3,2,1,18,001111101111111000110101000110,1,1,0,0.67,0.4285714328289032,3,2
3,2,1,19,001111101111111000110101000110,1,1,0,0.6,0.440559446811676,4,3
3,2,1,21,001111101111111000110101000110,1,1,0,0.79,0.21229049563407898,3,2
3,2,1,23,001111101111111000110101000110,1,1,0,0.49,0.3688524663448334,3,2
3,2,1,27,001111101111111000110101000110,1,1,0,0.89,0.15217390656471252,2,2
3,2,1,28,001111101111111000110101000110,1,1,0,0.35,0.8275862336158752,3,2
3,2,2,0,110010101101011100000011100000,1,1,0,0.25,0.8787878751754761,1,1
3,2,2,1,110010101101011100000011100000,1,1,0,0.75,0.28282827138900757,4,3
3,2,2,4,110010101101011100000011100000,1,1,0,0.32,0.0,4,2
3,2,2,6,110010101101011100000011100000,1,1,0,0.39,0.613043487071991,4,2
3,2,2,8,110010101101011100000011100000,1,1,0,0.61,0.32098764181137085,4,4
3,2,2,9,110010101101011100000011100000,1,1,0,0.24,0.24137930572032928,1,1
3,2,2,11,110010101101011100000011100000,1,1,0,0.8,0.2142857164144516,3,3
3,2,2,13,110010101101011100000011100000,1,1,0,0.57,0.26829269528388977,3,2
3,2,2,14,110010101101011100000011100000,1,1,0,0.63,0.05263157933950424,3,2
3,2,2,15,110010101101011100000011100000,1,1,0,0.6,0.11999999731779099,1,1
3,2,2,22,110010101101011100000011100000,1,1,0,0.24,0.6142857074737549,1,1
3,2,2,23,110010101101011100000011100000,1,1,0,0.49,0.3688524663448334,3,2
3,2,2,24,110010101101011100000011100000,1,1,0,0.21,0.2586206793785095,1,1
3,2,3,0,111110111111110010100100001101,1,1,0,0.25,0.8787878751754761,1,1
3,2,3,1,111110111111110010100100001101,1,1,0,0.75,0.28282827138900757,4,3
3,2,3,2,111110111111110010100100001101,1,1,0,0.51,0.2520325183868408,4,2
3,2,3,3,111110111111110010100100001101,1,1,0,0.68,0.3636363744735718,3,3
3,2,3,4,111110111111110010100100001101,1,1,0,0.32,0.0,4,2
3,2,3,6,111110111111110010100100001101,1,1,0,0.39,0.613043487071991,4,2
3,2,3,7,111110111111110010100100001101,1,1,0,0.16,0.21311475336551666,1,1
3,2,3,8,111110111111110010100100001101,1,1,0,0.61,0.32098764181137085,4,4
3,2,3,9,111110111111110010100100001101,1,1,0,0.24,0.24137930572032928,1,1
3,2,3,10,111110111111110010100100001101,1,1,0,0.47,0.9090909361839294,1,1
3,2,3,11,111110111111110010100100001101,1,1,0,0.8,0.2142857164144516,3,3
3,2,3,12,111110111111110010100100001101,1,1,0,0.8,0.28070175647735596,4,3
3,2,3,13,111110111111110010100100001101,1,1,0,0.57,0.26829269528388977,3,2
3,2,3,16,111110111111110010100100001101,1,1,0,0.44,0.40789473056793213,1,1
3,2,3,18,111110111111110010100100001101,1,1,0,0.67,0.4285714328289032,3,2
3,2,3,21,111110111111110010100100001101,1,1,0,0.79,0.21229049563407898,3,2
3,2,3,26,111110111111110010100100001101,1,1,0,0.29,0.0,4,3
3,2,3,27,111110111111110010100100001101,1,1,0,0.89,0.15217390656471252,2,2
3,2,3,29,111110111111110010100100001101,1,1,0,0.12,0.3333333432674408,3,2
3,2,4,0,110111100100011100100011110101,1,1,0,0.25,0.8787878751754761,1,1
3,2,4,1,110111100100011100100011110101,1,1,0,0.75,0.28282827138900757,4,3
3,2,4,3,110111100100011100100011110101,1,1,0,0.68,0.3636363744735718,3,3
3,2,4,4,110111100100011100100011110101,1,1,0,0.32,0.0,4,2
3,2,4,5,110111100100011100100011110101,1,1,0,0.6,0.5833333134651184,4,4
3,2,4,6,110111100100011100100011110101,1,1,0,0.39,0.613043487071991,4,2
3,2,4,9,110111100100011100100011110101,1,1,0,0.24,0.24137930572032928,1,1
3,2,4,13,110111100100011100100011110101,1,1,0,0.57,0.26829269528388977,3,2
3,2,4,14,110111100100011100100011110101,1,1,0,0.63,0.05263157933950424,3,2
3,2,4,15,110111100100011100100011110101,1,1,0,0.6,0.11999999731779099,1,1
3,2,4,18,110111100100011100100011110101,1,1,0,0.67,0.4285714328289032,3,2
3,2,4,22,110111100100011100100011110101,1,1,0,0.24,0.6142857074737549,1,1
3,2,4,23,110111100100011100100011110101,1,1,0,0.49,0.3688524663448334,3,2
3,2,4,24,110111100100011100100011110101,1,1,0,0.21,0.2586206793785095,1,1
3,2,4,25,110111100100011100100011110101,1,1,0,0.55,0.18627451360225677,2,2
3,2,4,27,110111100100011100100011110101,1,1,0,0.89,0.15217390656471252,2,2
3,2,4,29,110111100100011100100011110101,1,1,0,0.12,0.3333333432674408,3,2
3,2,5,1,011011011100001100011100011110,1,1,0,0.75,0.28282827138900757,4,3
3,2,5,2,011011011100001100011100011110,1,1,0,0.51,0.2520325183868408,4,2
3,2,5,4,011011011100001100011100011110,1,1,0,0.32,0.0,4,2
3,2,5,5,011011011100001100011100011110,1,1,0,0.6,0.5833333134651184,4,4
3,2,5,7,011011011100001100011100011110,1,1,0,0.16,0.21311475336551666,1,1
3,2,5,8,011011011100001100011100011110,1,1,0,0.61,0.32098764181137085,4,4
3,2,5,9,011011011100001100011100011110,1,1,0,0.24,0.24137930572032928,1,1
3,2,5,14,011011011100001100011100011110,1,1,0,0.63,0.05263157933950424,3,2
3,2,5,15,011011011100001100011100011110,1,1,0,0.6,0.11999999731779099,1,1
3,2,5,19,011011011100001100011100011110,1,1,0,0.6,0.440559446811676,4,3
3,2,5,20,011011011100001100011100011110,1,1,0,0.79,0.23529411852359772,3,2
3,2,5,21,011011011100001100011100011110,1,1,0,0.79,0.21229049563407898,3,2
3,2,5,25,011011011100001100011100011110,1,1,0,0.55,0.18627451360225677,2,2
3,2,5,26,011011011100001100011100011110,1,1,0,0.29,0.0,4,3
3,2,5,27,011011011100001100011100011110,1,1,0,0.89,0.15217390656471252,2,2
3,2,5,28,011011011100001100011100011110,1,1,0,0.35,0.8275862336158752,3,2
3,2,6,2,001101101111111101100001010010,1,1,0,0.51,0.2520325183868408,4,2
3,2,6,3,001101101111111101100001010010,1,1,0,0.68,0.3636363744735718,3,3
3,2,6,5,001101101111111101100001010010,1,1,0,0.6,0.5833333134651184,4,4
3,2,6,6,001101101111111101100001010010,1,1,0,0.39,0.613043487071991,4,2
3,2,6,8,001101101111111101100001010010,1,1,0,0.61,0.32098764181137085,4,4
3,2,6,9,001101101111111101100001010010,1,1,0,0.24,0.24137930572032928,1,1
3,2,6,10,001101101111111101100001010010,1,1,0,0.47,0.9090909361839294,1,1
3,2,6,11,001101101111111101100001010010,1,1,0,0.8,0.2142857164144516,3,3
3,2,6,12,001101101111111101100001010010,1,1,0,0.8,0.28070175647735596,4,3
3,2,6,13,001101101111111101100001010010,1,1,0,0.57,0.26829269528388977,3,2
3,2,6,14,001101101111111101100001010010,1,1,0,0.63,0.05263157933950424,3,2
3,2,6,15,001101101111111101100001010010,1,1,0,0.6,0.11999999731779099,1,1
3,2,6,17,001101101111111101100001010010,1,1,0,0.48,1.0,1,1
3,2,6,18,001101101111111101100001010010,1,1,0,0.67,0.4285714328289032,3,2
3,2,6,23,001101101111111101100001010010,1,1,0,0.49,0.3688524663448334,3,2
3,2,6,25,001101101111111101100001010010,1,1,0,0.55,0.18627451360225677,2,2
3,2,6,28,001101101111111101100001010010,1,1,0,0.35,0.8275862336158752,3,2
3,2,7,1,011011001010110110101100001000,1,1,0,0.75,0.28282827138900757,4,3
3,2,7,2,011011001010110110101100001000,1,1,0,0.51,0.2520325183868408,4,2
3,2,7,4,011011001010110110101100001000,1,1,0,0.32,0.0,4,2
3,2,7,5,011011001010110110101100001000,1,1,0,0.6,0.5833333134651184,4,4
3,2,7,8,011011001010110110101100001000,1,1,0,0.61,0.32098764181137085,4,4
3,2,7,10,011011001010110110101100001000,1,1,0,0.47,0.9090909361839294,1,1
3,2,7,12,011011001010110110101100001000,1,1,0,0.8,0.28070175647735596,4,3
3,2,7,13,011011001010110110101100001000,1,1,0,0.57,0.26829269528388977,3,2
3,2,7,15,011011001010110110101100001000,1,1,0,0.6,0.11999999731779099,1,1
3,2,7,16,011011001010110110101100001000,1,1,0,0.44,0.40789473056793213,1,1
3,2,7,18,011011001010110110101100001000,1,1,0,0.67,0.4285714328289032,3,2
3,2,7,20,011011001010110110101100001000,1,1,0,0.79,0.23529411852359772,3,2
3,2,7,21,011011001010110110101100001000,1,1,0,0.79,0.21229049563407898,3,2
3,2,7,26,011011001010110110101100001000,1,1,0,0.29,0.0,4,3
3,2,8,0,110011100111110000011100100101,1,1,0,0.25,0.8787878751754761,1,1
3,2,8,1,110011100111110000011100100101,1,1,0,0.75,0.28282827138900757,4,3
3,2,8,4,110011100111110000011100100101,1,1,0,0.32,0.0,4,2
3,2,8,5,110011100111110000011100100101,1,1,0,0.6,0.5833333134651184,4,4
3,2,8,6,110011100111110000011100100101,1,1,0,0.39,0.613043487071991,4,2
3,2,8,9,110011100111110000011100100101,1,1,0,0.24,0.24137930572032928,1,1
3,2,8,10,110011100111110000011100100101,1,1,0,0.47,0.9090909361839294,1,1
3,2,8,11,110011100111110000011100100101,1,1,0,0.8,0.2142857164144516,3,3
3,2,8,12,110011100111110000011100100101,1,1,0,0.8,0.28070175647735596,4,3
3,2,8,13,110011100111110000011100100101,1,1,0,0.57,0.26829269528388977,3,2
3,2,8,19,110011100111110000011100100101,1,1,0,0.6,0.440559446811676,4,3
3,2,8,20,110011100111110000011100100101,1,1,0,0.79,0.23529411852359772,3,2
3,2,8,21,110011100111110000011100100101,1,1,0,0.79,0.21229049563407898,3,2
3,2,8,24,110011100111110000011100100101,1,1,0,0.21,0.2586206793785095,1,1
3,2,8,27,110011100111110000011100100101,1,1,0,0.89,0.15217390656471252,2,2
3,2,8,29,110011100111110000011100100101,1,1,0,0.12,0.3333333432674408,3,2
3,2,9,1,010011011011101100011100011110,1,1,0,0.75,0.28282827138900757,4,3
3,2,9,4,010011011011101100011100011110,1,1,0,0.32,0.0,4,2
3,2,9,5,010011011011101100011100011110,1,1,0,0.6,0.5833333134651184,4,4
3,2,9,7,010011011011101100011100011110,1,1,0,0.16,0.21311475336551666,1,1
3,2,9,8,010011011011101100011100011110,1,1,0,0.61,0.32098764181137085,4,4
3,2,9,10,010011011011101100011100011110,1,1,0,0.47,0.9090909361839294,1,1
3,2,9,11,010011011011101100011100011110,1,1,0,0.8,0.2142857164144516,3,3
3,2,9,12,010011011011101100011100011110,1,1,0,0.8,0.28070175647735596,4,3
3,2,9,14,010011011011101100011100011110,1,1,0,0.63,0.05263157933950424,3,2
3,2,9,15,010011011011101100011100011110,1,1,0,0.6,0.11999999731779099,1,1
3,2,9,19,010011011011101100011100011110,1,1,0,0.6,0.440559446811676,4,3
3,2,9,20,010011011011101100011100011110,1,1,0,0.79,0.23529411852359772,3,2
3,2,9,21,010011011011101100011100011110,1,1,0,0.79,0.21229049563407898,3,2
3,2,9,25,010011011011101100011100011110,1,1,0,0.55,0.18627451360225677,2,2
3,2,9,26,010011011011101100011100011110,1,1,0,0.29,0.0,4,3
3,2,9,27,010011011011101100011100011110,1,1,0,0.89,0.15217390656471252,2,2
3,2,9,28,010011011011101100011100011110,1,1,0,0.35,0.8275862336158752,3,2
3,2,10,0,111000111010001000001101101001,1,1,0,0.25,0.8787878751754761,1,1
3,2,10,1,111000111010001000001101101001,1,1,0,0.75,0.28282827138900757,4,3
3,2,10,2,111000111010001000001101101001,1,1,0,0.51,0.2520325183868408,4,2
3,2,10,6,111000111010001000001101101001,1,1,0,0.39,0.613043487071991,4,2
3,2,10,7,111000111010001000001101101001,1,1,0,0.16,0.21311475336551666,1,1
3,2,10,8,111000111010001000001101101001,1,1,0,0.61,0.32098764181137085,4,4
3,2,10,10,111000111010001000001101101001,1,1,0,0.47,0.9090909361839294,1,1
3,2,10,14,111000111010001000001101101001,1,1,0,0.63,0.05263157933950424,3,2
3,2,10,20,111000111010001000001101101001,1,1,0,0.79,0.23529411852359772,3,2
3,2,10,21,111000111010001000001101101001,1,1,0,0.79,0.21229049563407898,3,2
3,2,10,23,111000111010001000001101101001,1,1,0,0.49,0.3688524663448334,3,2
3,2,10,24,111000111010001000001101101001,1,1,0,0.21,0.2586206793785095,1,1
3,2,10,26,111000111010001000001101101001,1,1,0,0.29,0.0,4,3
3,2,10,29,111000111010001000001101101001,1,1,0,0.12,0.3333333432674408,3,2
3,2,11,0,111111110000101100011100011010,1,1,0,0.25,0.8787878751754761,1,1
3,2,11,1,111111110000101100011100011010,1,1,0,0.75,0.28282827138900757,4,3
3,2,11,2,111111110000101100011100011010,1,1,0,0.51,0.2520325183868408,4,2
3,2,11,3,111111110000101100011100011010,1,1,0,0.68,0.3636363744735718,3,3
3,2,11,4,111111110000101100011100011010,1,1,0,0.32,0.0,4,2
3,2,11,5,111111110000101100011100011010,1,1,0,0.6,0.5833333134651184,4,4
3,2,11,6,111111110000101100011100011010,1,1,0,0.39,0.613043487071991,4,2
3,2,11,7,111111110000101100011100011010,1,1,0,0.16,0.21311475336551666,1,1
3,2,11,12,111111110000101100011100011010,1,1,0,0.8,0.28070175647735596,4,3
3,2,11,14,111111110000101100011100011010,1,1,0,0.63,0.05263157933950424,3,2
3,2,11,15,111111110000101100011100011010,1,1,0,0.6,0.11999999731779099,1,1
3,2,11,19,111111110000101100011100011010,1,1,0,0.6,0.440559446811676,4,3
3,2,11,20,111111110000101100011100011010,1,1,0,0.79,0.23529411852359772,3,2
3,2,11,21,111111110000101100011100011010,1,1,0,0.79,0.21229049563407898,3,2
3,2,11,25,111111110000101100011100011010,1,1,0,0.55,0.18627451360225677,2,2
3,2,11,26,111111110000101100011100011010,1,1,0,0.29,0.0,4,3
3,2,11,28,111111110000101100011100011010,1,1,0,0.35,0.8275862336158752,3,2
3,2,12,1,010110110101110111010110101111,1,1,0,0.75,0.28282827138900757,4,3
3,2,12,3,010110110101110111010110101111,1,1,0,0.68,0.3636363744735718,3,3
3,2,12,4,010110110101110111010110101111,1,1,0,0.32,0.0,4,2
3,2,12,6,010110110101110111010110101111,1,1,0,0.39,0.613043487071991,4,2
3,2,12,7,010110110101110111010110101111,1,1,0,0.16,0.21311475336551666,1,1
3,2,12,9,010110110101110111010110101111,1,1,0,0.24,0.24137930572032928,1,1
3,2,12,11,010110110101110111010110101111,1,1,0,0.8,0.2142857164144516,3,3
3,2,12,12,010110110101110111010110101111,1,1,0,0.8,0.28070175647735596,4,3
3,2,12,13,010110110101110111010110101111,1,1,0,0.57,0.26829269528388977,3,2
3,2,12,15,010110110101110111010110101111,1,1,0,0.6,0.11999999731779099,1,1
3,2,12,16,010110110101110111010110101111,1,1,0,0.44,0.40789473056793213,1,1
3,2,12,17,010110110101110111010110101111,1,1,0,0.48,1.0,1,1
3,2,12,19,010110110101110111010110101111,1,1,0,0.6,0.440559446811676,4,3
3,2,12,21,010110110101110111010110101111,1,1,0,0.79,0.21229049563407898,3,2
3,2,12,22,010110110101110111010110101111,1,1,0,0.24,0.6142857074737549,1,1
3,2,12,24,010110110101110111010110101111,1,1,0,0.21,0.2586206793785095,1,1
3,2,12,26,010110110101110111010110101111,1,1,0,0.29,0.0,4,3
3,2,12,27,010110110101110111010110101111,1,1,0,0.89,0.15217390656471252,2,2
3,2,12,28,010110110101110111010110101111,1,1,0,0.35,0.8275862336158752,3,2
3,2,12,29,010110110101110111010110101111,1,1,0,0.12,0.3333333432674408,3,2
3,2,13,0,111000111010001000110101000100,1,1,0,0.25,0.8787878751754761,1,1
3,2,13,1,111000111010001000110101000100,1,1,0,0.75,0.28282827138900757,4,3
3,2,13,2,111000111010001000110101000100,1,1,0,0.51,0.2520325183868408,4,2
3,2,13,6,111000111010001000110101000100,1,1,0,0.39,0.613043487071991,4,2
3,2,13,7,111000111010001000110101000100,1,1,0,0.16,0.21311475336551666,1,1
3,2,13,8,111000111010001000110101000100,1,1,0,0.61,0.32098764181137085,4,4
3,2,13,10,111000111010001000110101000100,1,1,0,0.47,0.9090909361839294,1,1
3,2,13,14,111000111010001000110101000100,1,1,0,0.63,0.05263157933950424,3,2
3,2,13,18,111000111010001000110101000100,1,1,0,0.67,0.4285714328289032,3,2
3,2,13,19,111000111010001000110101000100,1,1,0,0.6,0.440559446811676,4,3
3,2,13,21,111000111010001000110101000100,1,1,0,0.79,0.21229049563407898,3,2
3,2,13,23,111000111010001000110101000100,1,1,0,0.49,0.3688524663448334,3,2
3,2,13,27,111000111010001000110101000100,1,1,0,0.89,0.15217390656471252,2,2
3,2,14,1,010011101110100110000110110011,1,1,0,0.75,0.28282827138900757,4,3
3,2,14,4,010011101110100110000110110011,1,1,0,0.32,0.0,4,2
3,2,14,5,010011101110100110000110110011,1,1,0,0.6,0.5833333134651184,4,4
3,2,14,6,010011101110100110000110110011,1,1,0,0.39,0.613043487071991,4,2
3,2,14,8,010011101110100110000110110011,1,1,0,0.61,0.32098764181137085,4,4
3,2,14,9,010011101110100110000110110011,1,1,0,0.24,0.24137930572032928,1,1
3,2,14,10,010011101110100110000110110011,1,1,0,0.47,0.9090909361839294,1,1
3,2,14,12,010011101110100110000110110011,1,1,0,0.8,0.28070175647735596,4,3
3,2,14,15,010011101110100110000110110011,1,1,0,0.6,0.11999999731779099,1,1
3,2,14,16,010011101110100110000110110011,1,1,0,0.44,0.40789473056793213,1,1
3,2,14,21,010011101110100110000110110011,1,1,0,0.79,0.21229049563407898,3,2
3,2,14,22,010011101110100110000110110011,1,1,0,0.24,0.6142857074737549,1,1
3,2,14,24,010011101110100110000110110011,1,1,0,0.21,0.2586206793785095,1,1
3,2,14,25,010011101110100110000110110011,1,1,0,0.55,0.18627451360225677,2,2
3,2,14,28,010011101110100110000110110011,1,1,0,0.35,0.8275862336158752,3,2
3,2,14,29,010011101110100110000110110011,1,1,0,0.12,0.3333333432674408,3,2
3,2,15,2,001110111111111010100001010010,1,1,0,0.51,0.2520325183868408,4,2
3,2,15,3,001110111111111010100001010010,1,1,0,0.68,0.3636363744735718,3,3
3,2,15,4,001110111111111010100001010010,1,1,0,0.32,0.0,4,2
3,2,15,6,001110111111111010100001010010,1,1,0,0.39,0.613043487071991,4,2
3,2,15,7,001110111111111010100001010010,1,1,0,0.16,0.21311475336551666,1,1
3,2,15,8,001110111111111010100001010010,1,1,0,0.61,0.32098764181137085,4,4
3,2,15,9,001110111111111010100001010010,1,1,0,0.24,0.24137930572032928,1,1
3,2,15,10,001110111111111010100001010010,1,1,0,0.47,0.9090909361839294,1,1
3,2,15,11,001110111111111010100001010010,1,1,0,0.8,0.2142857164144516,3,3
3,2,15,12,001110111111111010100001010010,1,1,0,0.8,0.28070175647735596,4,3
3,2,15,13,001110111111111010100001010010,1,1,0,0.57,0.26829269528388977,3,2
3,2,15,14,001110111111111010100001010010,1,1,0,0.63,0.05263157933950424,3,2
3,2,15,16,001110111111111010100001010010,1,1,0,0.44,0.40789473056793213,1,1
3,2,15,18,001110111111111010100001010010,1,1,0,0.67,0.4285714328289032,3,2
3,2,15,23,001110111111111010100001010010,1,1,0,0.49,0.3688524663448334,3,2
3,2,15,25,001110111111111010100001010010,1,1,0,0.55,0.18627451360225677,2,2
3,2,15,28,001110111111111010100001010010,1,1,0,0.35,0.8275862336158752,3,2
3,2,16,0,101000011110110110101100001000,1,1,0,0.25,0.8787878751754761,1,1
3,2,16,2,101000011110110110101100001000,1,1,0,0.51,0.2520325183868408,4,2
3,2,16,7,101000011110110110101100001000,1,1,0,0.16,0.21311475336551666,1,1
3,2,16,8,101000011110110110101100001000,1,1,0,0.61,0.32098764181137085,4,4
3,2,16,9,101000011110110110101100001000,1,1,0,0.24,0.24137930572032928,1,1
3,2,16,10,101000011110110110101100001000,1,1,0,0.47,0.9090909361839294,1,1
3,2,16,12,101000011110110110101100001000,1,1,0,0.8,0.28070175647735596,4,3
3,2,16,13,101000011110110110101100001000,1,1,0,0.57,0.26829269528388977,3,2
3,2,16,15,101000011110110110101100001000,1,1,0,0.6,0.11999999731779099,1,1
3,2,16,16,101000011110110110101100001000,1,1,0,0.44,0.40789473056793213,1,1
3,2,16,18,101000011110110110101100001000,1,1,0,0.67,0.4285714328289032,3,2
3,2,16,20,101000011110110110101100001000,1,1,0,0.79,0.23529411852359772,3,2
3,2,16,21,101000011110110110101100001000,1,1,0,0.79,0.21229049563407898,3,2
3,2,16,26,101000011110110110101100001000,1,1,0,0.29,0.0,4,3
3,2,17,2,001110001111001110011001111001,1,1,0,0.51,0.2520325183868408,4,2
3,2,17,3,001110001111001110011001111001,1,1,0,0.68,0.3636363744735718,3,3
3,2,17,4,001110001111001110011001111001,1,1,0,0.32,0.0,4,2
3,2,17,8,001110001111001110011001111001,1,1,0,0.61,0.32098764181137085,4,4
3,2,17,9,001110001111001110011001111001,1,1,0,0.24,0.24137930572032928,1,1
3,2,17,10,001110001111001110011001111001,1,1,0,0.47,0.9090909361839294,1,1
3,2,17,11,001110001111001110011001111001,1,1,0,0.8,0.2142857164144516,3,3
3,2,17,14,001110001111001110011001111001,1,1,0,0.63,0.05263157933950424,3,2
3,2,17,15,001110001111001110011001111001,1,1,0,0.6,0.11999999731779099,1,1
3,2,17,16,001110001111001110011001111001,1,1,0,0.44,0.40789473056793213,1,1
3,2,17,19,001110001111001110011001111001,1,1,0,0.6,0.440559446811676,4,3
3,2,17,20,001110001111001110011001111001,1,1,0,0.79,0.23529411852359772,3,2
3,2,17,23,001110001111001110011001111001,1,1,0,0.49,0.3688524663448334,3,2
3,2,17,24,001110001111001110011001111001,1,1,0,0.21,0.2586206793785095,1,1
3,2,17,25,001110001111001110011001111001,1,1,0,0.55,0.18627451360225677,2,2
3,2,17,26,001110001111001110011001111001,1,1,0,0.29,0.0,4,3
3,2,17,29,001110001111001110011001111001,1,1,0,0.12,0.3333333432674408,3,2
3,2,18,2,001110101001001111000001010010,1,1,0,0.51,0.2520325183868408,4,2
3,2,18,3,001110101001001111000001010010,1,1,0,0.68,0.3636363744735718,3,3
3,2,18,4,001110101001001111000001010010,1,1,0,0.32,0.0,4,2
3,2,18,6,001110101001001111000001010010,1,1,0,0.39,0.613043487071991,4,2
3,2,18,8,001110101001001111000001010010,1,1,0,0.61,0.32098764181137085,4,4
3,2,18,11,001110101001001111000001010010,1,1,0,0.8,0.2142857164144516,3,3
3,2,18,14,001110101001001111000001010010,1,1,0,0.63,0.05263157933950424,3,2
3,2,18,15,001110101001001111000001010010,1,1,0,0.6,0.11999999731779099,1,1
3,2,18,16,001110101001001111000001010010,1,1,0,0.44,0.40789473056793213,1,1
3,2,18,17,001110101001001111000001010010,1,1,0,0.48,1.0,1,1
3,2,18,23,001110101001001111000001010010,1,1,0,0.49,0.3688524663448334,3,2
3,2,18,25,001110101001001111000001010010,1,1,0,0.55,0.18627451360225677,2,2
3,2,18,28,001110101001001111000001010010,1,1,0,0.35,0.8275862336158752,3,2
3,3,0,3,000110110101110011010101111001,1,1,0,0.68,0.3636363744735718,3,3
3,3,0,4,000110110101110011010101111001,1,1,0,0.32,0.0,4,2
3,3,0,6,000110110101110011010101111001,1,1,0,0.39,0.613043487071991,4,2
3,3,0,7,000110110101110011010101111001,1,1,0,0.16,0.21311475336551666,1,1
3,3,0,9,000110110101110011010101111001,1,1,0,0.24,0.24137930572032928,1,1
3,3,0,11,000110110101110011010101111001,1,1,0,0.8,0.2142857164144516,3,3
3,3,0,12,000110110101110011010101111001,1,1,0,0.8,0.28070175647735596,4,3
3,3,0,13,000110110101110011010101111001,1,1,0,0.57,0.26829269528388977,3,2
3,3,0,16,000110110101110011010101111001,1,1,0,0.44,0.40789473056793213,1,1
3,3,0,17,000110110101110011010101111001,1,1,0,0.48,1.0,1,1
3,3,0,19,000110110101110011010101111001,1,1,0,0.6,0.440559446811676,4,3
3,3,0,21,000110110101110011010101111001,1,1,0,0.79,0.21229049563407898,3,2
3,3,0,23,000110110101110011010101111001,1,1,0,0.49,0.3688524663448334,3,2
3,3,0,24,000110110101110011010101111001,1,1,0,0.21,0.2586206793785095,1,1
3,3,0,25,000110110101110011010101111001,1,1,0,0.55,0.18627451360225677,2,2
3,3,0,26,000110110101110011010101111001,1,1,0,0.29,0.0,4,3
3,3,0,29,000110110101110011010101111001,1,1,0,0.12,0.3333333432674408,3,2
3,3,1,2,001111101111111000110101000110,1,1,0,0.51,0.2520325183868408,4,2
3,3,1,3,001111101111111000110101000110,1,1,0,0.68,0.3636363744735718,3,3
3,3,1,4,001111101111111000110101000110,1,1,0,0.32,0.0,4,2
3,3,1,5,001111101111111000110101000110,1,1,0,0.6,0.5833333134651184,4,4
3,3,1,6,001111101111111000110101000110,1,1,0,0.39,0.613043487071991,4,2
3,3,1,8,001111101111111000110101000110,1,1,0,0.61,0.32098764181137085,4,4
3,3,1,9,001111101111111000110101000110,1,1,0,0.24,0.24137930572032928,1,1
3,3,1,10,001111101111111000110101000110,1,1,0,0.47,0.9090909361839294,1,1
3,3,1,11,001111101111111000110101000110,1,1,0,0.8,0.2142857164144516,3,3
3,3,1,12,001111101111111000110101000110,1,1,0,0.8,0.28070175647735596,4,3
3,3,1,13,001111101111111000110101000110,1,1,0,0.57,0.26829269528388977,3,2
3,3,1,14,001111101111111000110101000110,1,1,0,0.63,0.05263157933950424,3,2
3,3,1,18,001111101111111000110101000110,1,1,0,0.67,0.4285714328289032,3,2
3,3,1,19,001111101111111000110101000110,1,1,0,0.6,0.440559446811676,4,3
3,3,1,21,001111101111111000110101000110,1,1,0,0.79,0.21229049563407898,3,2
3,3,1,23,001111101111111000110101000110,1,1,0,0.49,0.3688524663448334,3,2
3,3,1,27,001111101111111000110101000110,1,1,0,0.89,0.15217390656471252,2,2
3,3,1,28,001111101111111000110101000110,1,1,0,0.35,0.8275862336158752,3,2
3,3,2,0,110111100100011100100011110101,1,1,0,0.25,0.8787878751754761,1,1
3,3,2,1,110111100100011100100011110101,1,1,0,0.75,0.28282827138900757,4,3
3,3,2,3,110111100100011100100011110101,1,1,0,0.68,0.3636363744735718,3,3
3,3,2,4,110111100100011100100011110101,1,1,0,0.32,0.0,4,2
3,3,2,5,110111100100011100100011110101,1,1,0,0.6,0.5833333134651184,4,4
3,3,2,6,110111100100011100100011110101,1,1,0,0.39,0.613043487071991,4,2
3,3,2,9,110111100100011100100011110101,1,1,0,0.24,0.24137930572032928,1,1
3,3,2,13,110111100100011100100011110101,1,1,0,0.57,0.26829269528388977,3,2
3,3,2,14,110111100100011100100011110101,1,1,0,0.63,0.05263157933950424,3,2
3,3,2,15,110111100100011100100011110101,1,1,0,0.6,0.11999999731779099,1,1
3,3,2,18,110111100100011100100011110101,1,1,0,0.67,0.4285714328289032,3,2
3,3,2,22,110111100100011100100011110101,1,1,0,0.24,0.6142857074737549,1,1
3,3,2,23,110111100100011100100011110101,1,1,0,0.49,0.3688524663448334,3,2
3,3,2,24,110111100100011100100011110101,1,1,0,0.21,0.2586206793785095,1,1
3,3,2,25,110111100100011100100011110101,1,1,0,0.55,0.18627451360225677,2,2
3,3,2,27,110111100100011100100011110101,1,1,0,0.89,0.15217390656471252,2,2
3,3,2,29,110111100100011100100011110101,1,1,0,0.12,0.3333333432674408,3,2
3,3,3,1,011011011100001100011100011110,1,1,0,0.75,0.28282827138900757,4,3
3,3,3,2,011011011100001100011100011110,1,1,0,0.51,0.2520325183868408,4,2
3,3,3,4,011011011100001100011100011110,1,1,0,0.32,0.0,4,2
3,3,3,5,011011011100001100011100011110,1,1,0,0.6,0.5833333134651184,4,4
3,3,3,7,011011011100001100011100011110,1,1,0,0.16,0.21311475336551666,1,1
3,3,3,8,011011011100001100011100011110,1,1,0,0.61,0.32098764181137085,4,4
3,3,3,9,011011011100001100011100011110,1,1,0,0.24,0.24137930572032928,1,1
3,3,3,14,011011011100001100011100011110,1,1,0,0.63,0.05263157933950424,3,2
3,3,3,15,011011011100001100011100011110,1,1,0,0.6,0.11999999731779099,1,1
3,3,3,19,011011011100001100011100011110,1,1,0,0.6,0.440559446811676,4,3
3,3,3,20,011011011100001100011100011110,1,1,0,0.79,0.23529411852359772,3,2
3,3,3,21,011011011100001100011100011110,1,1,0,0.79,0.21229049563407898,3,2
3,3,3,25,011011011100001100011100011110,1,1,0,0.55,0.18627451360225677,2,2
3,3,3,26,011011011100001100011100011110,1,1,0,0.29,0.0,4,3
3,3,3,27,011011011100001100011100011110,1,1,0,0.89,0.15217390656471252,2,2
3,3,3,28,011011011100001100011100011110,1,1,0,0.35,0.8275862336158752,3,2
3,3,4,2,001101101111111101100001010010,1,1,0,0.51,0.2520325183868408,4,2
3,3,4,3,001101101111111101100001010010,1,1,0,0.68,0.3636363744735718,3,3
3,3,4,5,001101101111111101100001010010,1,1,0,0.6,0.5833333134651184,4,4
3,3,4,6,001101101111111101100001010010,1,1,0,0.39,0.613043487071991,4,2
3,3,4,8,001101101111111101100001010010,1,1,0,0.61,0.32098764181137085,4,4
3,3,4,9,001101101111111101100001010010,1,1,0,0.24,0.24137930572032928,1,1
3,3,4,10,001101101111111101100001010010,1,1,0,0.47,0.9090909361839294,1,1
3,3,4,11,001101101111111101100001010010,1,1,0,0.8,0.2142857164144516,3,3
3,3,4,12,001101101111111101100001010010,1,1,0,0.8,0.28070175647735596,4,3
3,3,4,13,001101101111111101100001010010,1,1,0,0.57,0.26829269528388977,3,2
3,3,4,14,001101101111111101100001010010,1,1,0,0.63,0.05263157933950424,3,2
3,3,4,15,001101101111111101100001010010,1,1,0,0.6,0.11999999731779099,1,1
3,3,4,17,001101101111111101100001010010,1,1,0,0.48,1.0,1,1
3,3,4,18,001101101111111101100001010010,1,1,0,0.67,0.4285714328289032,3,2
3,3,4,23,001101101111111101100001010010,1,1,0,0.49,0.3688524663448334,3,2
3,3,4,25,001101101111111101100001010010,1,1,0,0.55,0.18627451360225677,2,2
3,3,4,28,001101101111111101100001010010,1,1,0,0.35,0.8275862336158752,3,2
3,3,5,1,011011001010110110101100001000,1,1,0,0.75,0.28282827138900757,4,3
3,3,5,2,011011001010110110101100001000,1,1,0,0.51,0.2520325183868408,4,2
3,3,5,4,011011001010110110101100001000,1,1,0,0.32,0.0,4,2
3,3,5,5,011011001010110110101100001000,1,1,0,0.6,0.5833333134651184,4,4
3,3,5,8,011011001010110110101100001000,1,1,0,0.61,0.32098764181137085,4,4
3,3,5,10,011011001010110110101100001000,1,1,0,0.47,0.9090909361839294,1,1
3,3,5,12,011011001010110110101100001000,1,1,0,0.8,0.28070175647735596,4,3
3,3,5,13,011011001010110110101100001000,1,1,0,0.57,0.26829269528388977,3,2
3,3,5,15,011011001010110110101100001000,1,1,0,0.6,0.11999999731779099,1,1
3,3,5,16,011011001010110110101100001000,1,1,0,0.44,0.40789473056793213,1,1
3,3,5,18,011011001010110110101100001000,1,1,0,0.67,0.4285714328289032,3,2
3,3,5,20,011011001010110110101100001000,1,1,0,0.79,0.23529411852359772,3,2
3,3,5,21,011011001010110110101100001000,1,1,0,0.79,0.21229049563407898,3,2
3,3,5,26,011011001010110110101100001000,1,1,0,0.29,0.0,4,3
3,3,6,1,010011011011101100011100011110,1,1,0,0.75,0.28282827138900757,4,3
3,3,6,4,010011011011101100011100011110,1,1,0,0.32,0.0,4,2
3,3,6,5,010011011011101100011100011110,1,1,0,0.6,0.5833333134651184,4,4
3,3,6,7,010011011011101100011100011110,1,1,0,0.16,0.21311475336551666,1,1
3,3,6,8,010011011011101100011100011110,1,1,0,0.61,0.32098764181137085,4,4
3,3,6,10,010011011011101100011100011110,1,1,0,0.47,0.9090909361839294,1,1
3,3,6,11,010011011011101100011100011110,1,1,0,0.8,0.2142857164144516,3,3
3,3,6,12,010011011011101100011100011110,1,1,0,0.8,0.28070175647735596,4,3
3,3,6,14,010011011011101100011100011110,1,1,0,0.63,0.05263157933950424,3,2
3,3,6,15,010011011011101100011100011110,1,1,0,0.6,0.11999999731779099,1,1
3,3,6,19,010011011011101100011100011110,1,1,0,0.6,0.440559446811676,4,3
3,3,6,20,010011011011101100011100011110,1,1,0,0.79,0.23529411852359772,3,2
3,3,6,21,010011011011101100011100011110,1,1,0,0.79,0.21229049563407898,3,2
3,3,6,25,010011011011101100011100011110,1,1,0,0.55,0.18627451360225677,2,2
3,3,6,26,010011011011101100011100011110,1,1,0,0.29,0.0,4,3
3,3,6,27,010011011011101100011100011110,1,1,0,0.89,0.15217390656471252,2,2
3,3,6,28,010011011011101100011100011110,1,1,0,0.35,0.8275862336158752,3,2
3,3,7,0,111000111010001000001101101001,1,1,0,0.25,0.8787878751754761,1,1
3,3,7,1,111000111010001000001101101001,1,1,0,0.75,0.28282827138900757,4,3
3,3,7,2,111000111010001000001101101001,1,1,0,0.51,0.2520325183868408,4,2
3,3,7,6,111000111010001000001101101001,1,1,0,0.39,0.613043487071991,4,2
3,3,7,7,111000111010001000001101101001,1,1,0,0.16,0.21311475336551666,1,1
3,3,7,8,111000111010001000001101101001,1,1,0,0.61,0.32098764181137085,4,4
3,3,7,10,111000111010001000001101101001,1,1,0,0.47,0.9090909361839294,1,1
3,3,7,14,111000111010001000001101101001,1,1,0,0.63,0.05263157933950424,3,2
3,3,7,20,111000111010001000001101101001,1,1,0,0.79,0.23529411852359772,3,2
3,3,7,21,111000111010001000001101101001,1,1,0,0.79,0.21229049563407898,3,2
3,3,7,23,111000111010001000001101101001,1,1,0,0.49,0.3688524663448334,3,2
3,3,7,24,111000111010001000001101101001,1,1,0,0.21,0.2586206793785095,1,1
3,3,7,26,111000111010001000001101101001,1,1,0,0.29,0.0,4,3
3,3,7,29,111000111010001000001101101001,1,1,0,0.12,0.3333333432674408,3,2
3,3,8,2,001110111111111010100001010010,1,1,0,0.51,0.2520325183868408,4,2
3,3,8,3,001110111111111010100001010010,1,1,0,0.68,0.3636363744735718,3,3
3,3,8,4,001110111111111010100001010010,1,1,0,0.32,0.0,4,2
3,3,8,6,001110111111111010100001010010,1,1,0,0.39,0.613043487071991,4,2
3,3,8,7,001110111111111010100001010010,1,1,0,0.16,0.21311475336551666,1,1
3,3,8,8,001110111111111010100001010010,1,1,0,0.61,0.32098764181137085,4,4
3,3,8,9,001110111111111010100001010010,1,1,0,0.24,0.24137930572032928,1,1
3,3,8,10,001110111111111010100001010010,1,1,0,0.47,0.9090909361839294,1,1
3,3,8,11,001110111111111010100001010010,1,1,0,0.8,0.2142857164144516,3,3
3,3,8,12,001110111111111010100001010010,1,1,0,0.8,0.28070175647735596,4,3
3,3,8,13,001110111111111010100001010010,1,1,0,0.57,0.26829269528388977,3,2
3,3,8,14,001110111111111010100001010010,1,1,0,0.63,0.05263157933950424,3,2
3,3,8,16,001110111111111010100001010010,1,1,0,0.44,0.40789473056793213,1,1
3,3,8,18,001110111111111010100001010010,1,1,0,0.67,0.4285714328289032,3,2
3,3,8,23,001110111111111010100001010010,1,1,0,0.49,0.3688524663448334,3,2
3,3,8,25,001110111111111010100001010010,1,1,0,0.55,0.18627451360225677,2,2
3,3,8,28,001110111111111010100001010010,1,1,0,0.35,0.8275862336158752,3,2
3,3,9,2,001110101001001111000001010010,1,1,0,0.51,0.2520325183868408,4,2
3,3,9,3,001110101001001111000001010010,1,1,0,0.68,0.3636363744735718,3,3
3,3,9,4,001110101001001111000001010010,1,1,0,0.32,0.0,4,2
3,3,9,6,001110101001001111000001010010,1,1,0,0.39,0.613043487071991,4,2
3,3,9,8,001110101001001111000001010010,1,1,0,0.61,0.32098764181137085,4,4
3,3,9,11,001110101001001111000001010010,1,1,0,0.8,0.2142857164144516,3,3
3,3,9,14,001110101001001111000001010010,1,1,0,0.63,0.05263157933950424,3,2
3,3,9,15,001110101001001111000001010010,1,1,0,0.6,0.11999999731779099,1,1
3,3,9,16,001110101001001111000001010010,1,1,0,0.44,0.40789473056793213,1,1
3,3,9,17,001110101001001111000001010010,1,1,0,0.48,1.0,1,1
3,3,9,23,001110101001001111000001010010,1,1,0,0.49,0.3688524663448334,3,2
3,3,9,25,001110101001001111000001010010,1,1,0,0.55,0.18627451360225677,2,2
3,3,9,28,001110101001001111000001010010,1,1,0,0.35,0.8275862336158752,3,2
3,3,10,2,001101111010010110101101010010,1,1,0,0.51,0.2520325183868408,4,2
3,3,10,3,001101111010010110101101010010,1,1,0,0.68,0.3636363744735718,3,3
3,3,10,5,001101111010010110101101010010,1,1,0,0.6,0.5833333134651184,4,4
3,3,10,6,001101111010010110101101010010,1,1,0,0.39,0.613043487071991,4,2
3,3,10,7,001101111010010110101101010010,1,1,0,0.16,0.21311475336551666,1,1
3,3,10,8,001101111010010110101101010010,1,1,0,0.61,0.32098764181137085,4,4
3,3,10,10,001101111010010110101101010010,1,1,0,0.47,0.9090909361839294,1,1
3,3,10,13,001101111010010110101101010010,1,1,0,0.57,0.26829269528388977,3,2
3,3,10,15,001101111010010110101101010010,1,1,0,0.6,0.11999999731779099,1,1
3,3,10,16,001101111010010110101101010010,1,1,0,0.44,0.40789473056793213,1,1
3,3,10,18,001101111010010110101101010010,1,1,0,0.67,0.4285714328289032,3,2
3,3,10,20,001101111010010110101101010010,1,1,0,0.79,0.23529411852359772,3,2
3,3,10,21,001101111010010110101101010010,1,1,0,0.79,0.21229049563407898,3,2
3,3,10,23,001101111010010110101101010010,1,1,0,0.49,0.3688524663448334,3,2
3,3,10,25,001101111010010110101101010010,1,1,0,0.55,0.18627451360225677,2,2
3,3,10,28,001101111010010110101101010010,1,1,0,0.35,0.8275862336158752,3,2
3,3,11,2,001101101111101000110001000110,1,1,0,0.51,0.2520325183868408,4,2
3,3,11,3,001101101111101000110001000110,1,1,0,0.68,0.3636363744735718,3,3
3,3,11,5,001101101111101000110001000110,1,1,0,0.6,0.5833333134651184,4,4
3,3,11,6,001101101111101000110001000110,1,1,0,0.39,0.613043487071991,4,2
3,3,11,8,001101101111101000110001000110,1,1,0,0.61,0.32098764181137085,4,4
3,3,11,9,001101101111101000110001000110,1,1,0,0.24,0.24137930572032928,1,1
3,3,11,10,001101101111101000110001000110,1,1,0,0.47,0.9090909361839294,1,1
3,3,11,11,001101101111101000110001000110,1,1,0,0.8,0.2142857164144516,3,3
3,3,11,12,001101101111101000110001000110,1,1,0,0.8,0.28070175647735596,4,3
3,3,11,14,001101101111101000110001000110,1,1,0,0.63,0.05263157933950424,3,2
3,3,11,18,001101101111101000110001000110,1,1,0,0.67,0.4285714328289032,3,2
3,3,11,19,001101101111101000110001000110,1,1,0,0.6,0.440559446811676,4,3
3,3,11,23,001101101111101000110001000110,1,1,0,0.49,0.3688524663448334,3,2
3,3,11,27,001101101111101000110001000110,1,1,0,0.89,0.15217390656471252,2,2
3,3,11,28,001101101111101000110001000110,1,1,0,0.35,0.8275862336158752,3,2
3,3,12,0,110010101101010000111000100101,1,1,0,0.25,0.8787878751754761,1,1
3,3,12,1,110010101101010000111000100101,1,1,0,0.75,0.28282827138900757,4,3
3,3,12,4,110010101101010000111000100101,1,1,0,0.32,0.0,4,2
3,3,12,6,110010101101010000111000100101,1,1,0,0.39,0.613043487071991,4,2
3,3,12,8,110010101101010000111000100101,1,1,0,0.61,0.32098764181137085,4,4
3,3,12,9,110010101101010000111000100101,1,1,0,0.24,0.24137930572032928,1,1
3,3,12,11,110010101101010000111000100101,1,1,0,0.8,0.2142857164144516,3,3
3,3,12,13,110010101101010000111000100101,1,1,0,0.57,0.26829269528388977,3,2
3,3,12,18,110010101101010000111000100101,1,1,0,0.67,0.4285714328289032,3,2
3,3,12,19,110010101101010000111000100101,1,1,0,0.6,0.440559446811676,4,3
3,3,12,20,110010101101010000111000100101,1,1,0,0.79,0.23529411852359772,3,2
3,3,12,24,110010101101010000111000100101,1,1,0,0.21,0.2586206793785095,1,1
3,3,12,27,110010101101010000111000100101,1,1,0,0.89,0.15217390656471252,2,2
3,3,12,29,110010101101010000111000100101,1,1,0,0.12,0.3333333432674408,3,2
3,3,13,2,001110110110110000011101010010,1,1,0,0.51,0.2520325183868408,4,2
3,3,13,3,001110110110110000011101010010,1,1,0,0.68,0.3636363744735718,3,3
3,3,13,4,001110110110110000011101010010,1,1,0,0.32,0.0,4,2
3,3,13,6,001110110110110000011101010010,1,1,0,0.39,0.613043487071991,4,2
3,3,13,7,001110110110110000011101010010,1,1,0,0.16,0.21311475336551666,1,1
3,3,13,9,001110110110110000011101010010,1,1,0,0.24,0.24137930572032928,1,1
3,3,13,10,001110110110110000011101010010,1,1,0,0.47,0.9090909361839294,1,1
3,3,13,12,001110110110110000011101010010,1,1,0,0.8,0.28070175647735596,4,3
3,3,13,13,001110110110110000011101010010,1,1,0,0.57,0.26829269528388977,3,2
3,3,13,19,001110110110110000011101010010,1,1,0,0.6,0.440559446811676,4,3
3,3,13,20,001110110110110000011101010010,1,1,0,0.79,0.23529411852359772,3,2
3,3,13,21,001110110110110000011101010010,1,1,0,0.79,0.21229049563407898,3,2
3,3,13,23,001110110110110000011101010010,1,1,0,0.49,0.3688524663448334,3,2
3,3,13,25,001110110110110000011101010010,1,1,0,0.55,0.18627451360225677,2,2
3,3,13,28,001110110110110000011101010010,1,1,0,0.35,0.8275862336158752,3,2
3,3,14,1,010011011011101100011101011110,1,1,0,0.75,0.28282827138900757,4,3
3,3,14,4,010011011011101100011101011110,1,1,0,0.32,0.0,4,2
3,3,14,5,010011011011101100011101011110,1,1,0,0.6,0.5833333134651184,4,4
3,3,14,7,010011011011101100011101011110,1,1,0,0.16,0.21311475336551666,1,1
3,3,14,8,010011011011101100011101011110,1,1,0,0.61,0.32098764181137085,4,4
3,3,14,10,010011011011101100011101011110,1,1,0,0.47,0.9090909361839294,1,1
3,3,14,11,010011011011101100011101011110,1,1,0,0.8,0.2142857164144516,3,3
3,3,14,12,010011011011101100011101011110,1,1,0,0.8,0.28070175647735596,4,3
3,3,14,14,010011011011101100011101011110,1,1,0,0.63,0.05263157933950424,3,2
3,3,14,15,010011011011101100011101011110,1,1,0,0.6,0.11999999731779099,1,1
3,3,14,19,010011011011101100011101011110,1,1,0,0.6,0.440559446811676,4,3
3,3,14,20,010011011011101100011101011110,1,1,0,0.79,0.23529411852359772,3,2
3,3,14,21,010011011011101100011101011110,1,1,0,0.79,0.21229049563407898,3,2
3,3,14,23,010011011011101100011101011110,1,1,0,0.49,0.3688524663448334,3,2
3,3,14,25,010011011011101100011101011110,1,1,0,0.55,0.18627451360225677,2,2
3,3,14,26,010011011011101100011101011110,1,1,0,0.29,0.0,4,3
3,3,14,27,010011011011101100011101011110,1,1,0,0.89,0.15217390656471252,2,2
3,3,14,28,010011011011101100011101011110,1,1,0,0.35,0.8275862336158752,3,2
3,3,15,1,010110110101110100011100011110,1,1,0,0.75,0.28282827138900757,4,3
3,3,15,3,010110110101110100011100011110,1,1,0,0.68,0.3636363744735718,3,3
3,3,15,4,010110110101110100011100011110,1,1,0,0.32,0.0,4,2
3,3,15,6,010110110101110100011100011110,1,1,0,0.39,0.613043487071991,4,2
3,3,15,7,010110110101110100011100011110,1,1,0,0.16,0.21311475336551666,1,1
3,3,15,9,010110110101110100011100011110,1,1,0,0.24,0.24137930572032928,1,1
3,3,15,11,010110110101110100011100011110,1,1,0,0.8,0.2142857164144516,3,3
3,3,15,12,010110110101110100011100011110,1,1,0,0.8,0.28070175647735596,4,3
3,3,15,13,010110110101110100011100011110,1,1,0,0.57,0.26829269528388977,3,2
3,3,15,15,010110110101110100011100011110,1,1,0,0.6,0.11999999731779099,1,1
3,3,15,19,010110110101110100011100011110,1,1,0,0.6,0.440559446811676,4,3
3,3,15,20,010110110101110100011100011110,1,1,0,0.79,0.23529411852359772,3,2
3,3,15,21,010110110101110100011100011110,1,1,0,0.79,0.21229049563407898,3,2
3,3,15,25,010110110101110100011100011110,1,1,0,0.55,0.18627451360225677,2,2
3,3,15,26,010110110101110100011100011110,1,1,0,0.29,0.0,4,3
3,3,15,27,010110110101110100011100011110,1,1,0,0.89,0.15217390656471252,2,2
3,3,15,28,010110110101110100011100011110,1,1,0,0.35,0.8275862336158752,3,2
3,3,16,1,011011001010110110101100001010,1,1,0,0.75,0.28282827138900757,4,3
3,3,16,2,011011001010110110101100001010,1,1,0,0.51,0.2520325183868408,4,2
3,3,16,4,011011001010110110101100001010,1,1,0,0.32,0.0,4,2
3,3,16,5,011011001010110110101100001010,1,1,0,0.6,0.5833333134651184,4,4
3,3,16,8,011011001010110110101100001010,1,1,0,0.61,0.32098764181137085,4,4
3,3,16,10,011011001010110110101100001010,1,1,0,0.47,0.9090909361839294,1,1
3,3,16,12,011011001010110110101100001010,1,1,0,0.8,0.28070175647735596,4,3
3,3,16,13,011011001010110110101100001010,1,1,0,0.57,0.26829269528388977,3,2
3,3,16,15,011011001010110110101100001010,1,1,0,0.6,0.11999999731779099,1,1
3,3,16,16,011011001010110110101100001010,1,1,0,0.44,0.40789473056793213,1,1
3,3,16,18,011011001010110110101100001010,1,1,0,0.67,0.4285714328289032,3,2
3,3,16,20,011011001010110110101100001010,1,1,0,0.79,0.23529411852359772,3,2
3,3,16,21,011011001010110110101100001010,1,1,0,0.79,0.21229049563407898,3,2
3,3,16,26,011011001010110110101100001010,1,1,0,0.29,0.0,4,3
3,3,16,28,011011001010110110101100001010,1,1,0,0.35,0.8275862336158752,3,2
3,3,17,2,001111011101001100011100000110,1,1,0,0.51,0.2520325183868408,4,2
3,3,17,3,001111011101001100011100000110,1,1,0,0.68,0.3636363744735718,3,3
3,3,17,4,001111011101001100011100000110,1,1,0,0.32,0.0,4,2
3,3,17,5,001111011101001100011100000110,1,1,0,0.6,0.5833333134651184,4,4
3,3,17,7,001111011101001100011100000110,1,1,0,0.16,0.21311475336551666,1,1
3,3,17,8,001111011101001100011100000110,1,1,0,0.61,0.32098764181137085,4,4
3,3,17,9,001111011101001100011100000110,1,1,0,0.24,0.24137930572032928,1,1
3,3,17,11,001111011101001100011100000110,1,1,0,0.8,0.2142857164144516,3,3
3,3,17,14,001111011101001100011100000110,1,1,0,0.63,0.05263157933950424,3,2
3,3,17,15,001111011101001100011100000110,1,1,0,0.6,0.11999999731779099,1,1
3,3,17,19,001111011101001100011100000110,1,1,0,0.6,0.440559446811676,4,3
3,3,17,20,001111011101001100011100000110,1,1,0,0.79,0.23529411852359772,3,2
3,3,17,21,001111011101001100011100000110,1,1,0,0.79,0.21229049563407898,3,2
3,3,17,27,001111011101001100011100000110,1,1,0,0.89,0.15217390656471252,2,2
3,3,17,28,001111011101001100011100000110,1,1,0,0.35,0.8275862336158752,3,2
3,3,18,1,011011101111111101100000100000,1,1,0,0.75,0.28282827138900757,4,3
3,3,18,2,011011101111111101100000100000,1,1,0,0.51,0.2520325183868408,4,2
3,3,18,4,011011101111111101100000100000,1,1,0,0.32,0.0,4,2
3,3,18,5,011011101111111101100000100000,1,1,0,0.6,0.5833333134651184,4,4
3,3,18,6,011011101111111101100000100000,1,1,0,0.39,0.613043487071991,4,2
3,3,18,8,011011101111111101100000100000,1,1,0,0.61,0.32098764181137085,4,4
3,3,18,9,011011101111111101100000100000,1,1,0,0.24,0.24137930572032928,1,1
3,3,18,10,011011101111111101100000100000,1,1,0,0.47,0.9090909361839294,1,1
3,3,18,11,011011101111111101100000100000,1,1,0,0.8,0.2142857164144516,3,3
3,3,18,12,011011101111111101100000100000,1,1,0,0.8,0.28070175647735596,4,3
3,3,18,13,011011101111111101100000100000,1,1,0,0.57,0.26829269528388977,3,2
3,3,18,14,011011101111111101100000100000,1,1,0,0.63,0.05263157933950424,3,2
3,3,18,15,011011101111111101100000100000,1,1,0,0.6,0.11999999731779099,1,1
3,3,18,17,011011101111111101100000100000,1,1,0,0.48,1.0,1,1
3,3,18,18,011011101111111101100000100000,1,1,0,0.67,0.4285714328289032,3,2
3,3,18,24,011011101111111101100000100000,1,1,0,0.21,0.2586206793785095,1,1
3,3,19,1,011101101111111101000001010010,1,1,0,0.75,0.28282827138900757,4,3
3,3,19,2,011101101111111101000001010010,1,1,0,0.51,0.2520325183868408,4,2
3,3,19,3,011101101111111101000001010010,1,1,0,0.68,0.3636363744735718,3,3
3,3,19,5,011101101111111101000001010010,1,1,0,0.6,0.5833333134651184,4,4
3,3,19,6,011101101111111101000001010010,1,1,0,0.39,0.613043487071991,4,2
3,3,19,8,011101101111111101000001010010,1,1,0,0.61,0.32098764181137085,4,4
3,3,19,9,011101101111111101000001010010,1,1,0,0.24,0.24137930572032928,1,1
3,3,19,10,011101101111111101000001010010,1,1,0,0.47,0.9090909361839294,1,1
3,3,19,11,011101101111111101000001010010,1,1,0,0.8,0.2142857164144516,3,3
3,3,19,12,011101101111111101000001010010,1,1,0,0.8,0.28070175647735596,4,3
3,3,19,13,011101101111111101000001010010,1,1,0,0.57,0.26829269528388977,3,2
3,3,19,14,011101101111111101000001010010,1,1,0,0.63,0.05263157933950424,3,2
3,3,19,15,011101101111111101000001010010,1,1,0,0.6,0.11999999731779099,1,1
3,3,19,17,011101101111111101000001010010,1,1,0,0.48,1.0,1,1
3,3,19,23,011101101111111101000001010010,1,1,0,0.49,0.3688524663448334,3,2
3,3,19,25,011101101111111101000001010010,1,1,0,0.55,0.18627451360225677,2,2
3,3,19,28,011101101111111101000001010010,1,1,0,0.35,0.8275862336158752,3,2
3,3,20,1,011111001000110111101100001000,1,1,0,0.75,0.28282827138900757,4,3
3,3,20,2,011111001000110111101100001000,1,1,0,0.51,0.2520325183868408,4,2
3,3,20,3,011111001000110111101100001000,1,1,0,0.68,0.3636363744735718,3,3
3,3,20,4,011111001000110111101100001000,1,1,0,0.32,0.0,4,2
3,3,20,5,011111001000110111101100001000,1,1,0,0.6,0.5833333134651184,4,4
3,3,20,8,011111001000110111101100001000,1,1,0,0.61,0.32098764181137085,4,4
3,3,20,12,011111001000110111101100001000,1,1,0,0.8,0.28070175647735596,4,3
3,3,20,13,011111001000110111101100001000,1,1,0,0.57,0.26829269528388977,3,2
3,3,20,15,011111001000110111101100001000,1,1,0,0.6,0.11999999731779099,1,1
3,3,20,16,011111001000110111101100001000,1,1,0,0.44,0.40789473056793213,1,1
3,3,20,17,011111001000110111101100001000,1,1,0,0.48,1.0,1,1
3,3,20,18,011111001000110111101100001000,1,1,0,0.67,0.4285714328289032,3,2
3,3,20,20,011111001000110111101100001000,1,1,0,0.79,0.23529411852359772,3,2
3,3,20,21,011111001000110111101100001000,1,1,0,0.79,0.21229049563407898,3,2
3,3,20,26,011111001000110111101100001000,1,1,0,0.29,0.0,4,3
3,3,21,2,001110101111111000110101000100,1,1,0,0.51,0.2520325183868408,4,2
3,3,21,3,001110101111111000110101000100,1,1,0,0.68,0.3636363744735718,3,3
3,3,21,4,001110101111111000110101000100,1,1,0,0.32,0.0,4,2
3,3,21,6,001110101111111000110101000100,1,1,0,0.39,0.613043487071991,4,2
3,3,21,8,001110101111111000110101000100,1,1,0,0.61,0.32098764181137085,4,4
3,3,21,9,001110101111111000110101000100,1,1,0,0.24,0.24137930572032928,1,1
3,3,21,10,001110101111111000110101000100,1,1,0,0.47,0.9090909361839294,1,1
3,3,21,11,001110101111111000110101000100,1,1,0,0.8,0.2142857164144516,3,3
3,3,21,12,001110101111111000110101000100,1,1,0,0.8,0.28070175647735596,4,3
3,3,21,13,001110101111111000110101000100,1,1,0,0.57,0.26829269528388977,3,2
3,3,21,14,001110101111111000110101000100,1,1,0,0.63,0.05263157933950424,3,2
3,3,21,18,001110101111111000110101000100,1,1,0,0.67,0.4285714328289032,3,2
3,3,21,19,001110101111111000110101000100,1,1,0,0.6,0.440559446811676,4,3
3,3,21,21,001110101111111000110101000100,1,1,0,0.79,0.21229049563407898,3,2
3,3,21,23,001110101111111000110101000100,1,1,0,0.49,0.3688524663448334,3,2
3,3,21,27,001110101111111000110101000100,1,1,0,0.89,0.15217390656471252,2,2
3,4,0,2,001111101111111000110101000110,1,1,0,0.51,0.2520325183868408,4,2
3,4,0,3,001111101111111000110101000110,1,1,0,0.68,0.3636363744735718,3,3
3,4,0,4,001111101111111000110101000110,1,1,0,0.32,0.0,4,2
3,4,0,5,001111101111111000110101000110,1,1,0,0.6,0.5833333134651184,4,4
3,4,0,6,001111101111111000110101000110,1,1,0,0.39,0.613043487071991,4,2
3,4,0,8,001111101111111000110101000110,1,1,0,0.61,0.32098764181137085,4,4
3,4,0,9,001111101111111000110101000110,1,1,0,0.24,0.24137930572032928,1,1
3,4,0,10,001111101111111000110101000110,1,1,0,0.47,0.9090909361839294,1,1
3,4,0,11,001111101111111000110101000110,1,1,0,0.8,0.2142857164144516,3,3
3,4,0,12,001111101111111000110101000110,1,1,0,0.8,0.28070175647735596,4,3
3,4,0,13,001111101111111000110101000110,1,1,0,0.57,0.26829269528388977,3,2
3,4,0,14,001111101111111000110101000110,1,1,0,0.63,0.05263157933950424,3,2
3,4,0,18,001111101111111000110101000110,1,1,0,0.67,0.4285714328289032,3,2
3,4,0,19,001111101111111000110101000110,1,1,0,0.6,0.440559446811676,4,3
3,4,0,21,001111101111111000110101000110,1,1,0,0.79,0.21229049563407898,3,2
3,4,0,23,001111101111111000110101000110,1,1,0,0.49,0.3688524663448334,3,2
3,4,0,27,001111101111111000110101000110,1,1,0,0.89,0.15217390656471252,2,2
3,4,0,28,001111101111111000110101000110,1,1,0,0.35,0.8275862336158752,3,2
3,4,1,1,011011011100001100011100011110,1,1,0,0.75,0.28282827138900757,4,3
3,4,1,2,011011011100001100011100011110,1,1,0,0.51,0.2520325183868408,4,2
3,4,1,4,011011011100001100011100011110,1,1,0,0.32,0.0,4,2
3,4,1,5,011011011100001100011100011110,1,1,0,0.6,0.5833333134651184,4,4
3,4,1,7,011011011100001100011100011110,1,1,0,0.16,0.21311475336551666,1,1
3,4,1,8,011011011100001100011100011110,1,1,0,0.61,0.32098764181137085,4,4
3,4,1,9,011011011100001100011100011110,1,1,0,0.24,0.24137930572032928,1,1
3,4,1,14,011011011100001100011100011110,1,1,0,0.63,0.05263157933950424,3,2
3,4,1,15,011011011100001100011100011110,1,1,0,0.6,0.11999999731779099,1,1
3,4,1,19,011011011100001100011100011110,1,1,0,0.6,0.440559446811676,4,3
3,4,1,20,011011011100001100011100011110,1,1,0,0.79,0.23529411852359772,3,2
3,4,1,21,011011011100001100011100011110,1,1,0,0.79,0.21229049563407898,3,2
3,4,1,25,011011011100001100011100011110,1,1,0,0.55,0.18627451360225677,2,2
3,4,1,26,011011011100001100011100011110,1,1,0,0.29,0.0,4,3
3,4,1,27,011011011100001100011100011110,1,1,0,0.89,0.15217390656471252,2,2
3,4,1,28,011011011100001100011100011110,1,1,0,0.35,0.8275862336158752,3,2
3,4,2,2,001101101111111101100001010010,1,1,0,0.51,0.2520325183868408,4,2
3,4,2,3,001101101111111101100001010010,1,1,0,0.68,0.3636363744735718,3,3
3,4,2,5,001101101111111101100001010010,1,1,0,0.6,0.5833333134651184,4,4
3,4,2,6,001101101111111101100001010010,1,1,0,0.39,0.613043487071991,4,2
3,4,2,8,001101101111111101100001010010,1,1,0,0.61,0.32098764181137085,4,4
3,4,2,9,001101101111111101100001010010,1,1,0,0.24,0.24137930572032928,1,1
3,4,2,10,001101101111111101100001010010,1,1,0,0.47,0.9090909361839294,1,1
3,4,2,11,001101101111111101100001010010,1,1,0,0.8,0.2142857164144516,3,3
3,4,2,12,001101101111111101100001010010,1,1,0,0.8,0.28070175647735596,4,3
3,4,2,13,001101101111111101100001010010,1,1,0,0.57,0.26829269528388977,3,2
3,4,2,14,001101101111111101100001010010,1,1,0,0.63,0.05263157933950424,3,2
3,4,2,15,001101101111111101100001010010,1,1,0,0.6,0.11999999731779099,1,1
3,4,2,17,001101101111111101100001010010,1,1,0,0.48,1.0,1,1
3,4,2,18,001101101111111101100001010010,1,1,0,0.67,0.4285714328289032,3,2
3,4,2,23,001101101111111101100001010010,1,1,0,0.49,0.3688524663448334,3,2
3,4,2,25,001101101111111101100001010010,1,1,0,0.55,0.18627451360225677,2,2
3,4,2,28,001101101111111101100001010010,1,1,0,0.35,0.8275862336158752,3,2
3,4,3,1,011011001010110110101100001000,1,1,0,0.75,0.28282827138900757,4,3
3,4,3,2,011011001010110110101100001000,1,1,0,0.51,0.2520325183868408,4,2
3,4,3,4,011011001010110110101100001000,1,1,0,0.32,0.0,4,2
3,4,3,5,011011001010110110101100001000,1,1,0,0.6,0.5833333134651184,4,4
3,4,3,8,011011001010110110101100001000,1,1,0,0.61,0.32098764181137085,4,4
3,4,3,10,011011001010110110101100001000,1,1,0,0.47,0.9090909361839294,1,1
3,4,3,12,011011001010110110101100001000,1,1,0,0.8,0.28070175647735596,4,3
3,4,3,13,011011001010110110101100001000,1,1,0,0.57,0.26829269528388977,3,2
3,4,3,15,011011001010110110101100001000,1,1,0,0.6,0.11999999731779099,1,1
3,4,3,16,011011001010110110101100001000,1,1,0,0.44,0.40789473056793213,1,1
3,4,3,18,011011001010110110101100001000,1,1,0,0.67,0.4285714328289032,3,2
3,4,3,20,011011001010110110101100001000,1,1,0,0.79,0.23529411852359772,3,2
3,4,3,21,011011001010110110101100001000,1,1,0,0.79,0.21229049563407898,3,2
3,4,3,26,011011001010110110101100001000,1,1,0,0.29,0.0,4,3
3,4,4,1,010011011011101100011100011110,1,1,0,0.75,0.28282827138900757,4,3
3,4,4,4,010011011011101100011100011110,1,1,0,0.32,0.0,4,2
3,4,4,5,010011011011101100011100011110,1,1,0,0.6,0.5833333134651184,4,4
3,4,4,7,010011011011101100011100011110,1,1,0,0.16,0.21311475336551666,1,1
3,4,4,8,010011011011101100011100011110,1,1,0,0.61,0.32098764181137085,4,4
3,4,4,10,010011011011101100011100011110,1,1,0,0.47,0.9090909361839294,1,1
3,4,4,11,010011011011101100011100011110,1,1,0,0.8,0.2142857164144516,3,3
3,4,4,12,010011011011101100011100011110,1,1,0,0.8,0.28070175647735596,4,3
3,4,4,14,010011011011101100011100011110,1,1,0,0.63,0.05263157933950424,3,2
3,4,4,15,010011011011101100011100011110,1,1,0,0.6,0.11999999731779099,1,1
3,4,4,19,010011011011101100011100011110,1,1,0,0.6,0.440559446811676,4,3
3,4,4,20,010011011011101100011100011110,1,1,0,0.79,0.23529411852359772,3,2
3,4,4,21,010011011011101100011100011110,1,1,0,0.79,0.21229049563407898,3,2
3,4,4,25,010011011011101100011100011110,1,1,0,0.55,0.18627451360225677,2,2
3,4,4,26,010011011011101100011100011110,1,1,0,0.29,0.0,4,3
3,4,4,27,010011011011101100011100011110,1,1,0,0.89,0.15217390656471252,2,2
3,4,4,28,010011011011101100011100011110,1,1,0,0.35,0.8275862336158752,3,2
3,4,5,0,111000111010001000001101101001,1,1,0,0.25,0.8787878751754761,1,1
3,4,5,1,111000111010001000001101101001,1,1,0,0.75,0.28282827138900757,4,3
3,4,5,2,111000111010001000001101101001,1,1,0,0.51,0.2520325183868408,4,2
3,4,5,6,111000111010001000001101101001,1,1,0,0.39,0.613043487071991,4,2
3,4,5,7,111000111010001000001101101001,1,1,0,0.16,0.21311475336551666,1,1
3,4,5,8,111000111010001000001101101001,1,1,0,0.61,0.32098764181137085,4,4
3,4,5,10,111000111010001000001101101001,1,1,0,0.47,0.9090909361839294,1,1
3,4,5,14,111000111010001000001101101001,1,1,0,0.63,0.05263157933950424,3,2
3,4,5,20,111000111010001000001101101001,1,1,0,0.79,0.23529411852359772,3,2
3,4,5,21,111000111010001000001101101001,1,1,0,0.79,0.21229049563407898,3,2
3,4,5,23,111000111010001000001101101001,1,1,0,0.49,0.3688524663448334,3,2
3,4,5,24,111000111010001000001101101001,1,1,0,0.21,0.2586206793785095,1,1
3,4,5,26,111000111010001000001101101001,1,1,0,0.29,0.0,4,3
3,4,5,29,111000111010001000001101101001,1,1,0,0.12,0.3333333432674408,3,2
3,4,6,2,001101101111101000110001000110,1,1,0,0.51,0.2520325183868408,4,2
3,4,6,3,001101101111101000110001000110,1,1,0,0.68,0.3636363744735718,3,3
3,4,6,5,001101101111101000110001000110,1,1,0,0.6,0.5833333134651184,4,4
3,4,6,6,001101101111101000110001000110,1,1,0,0.39,0.613043487071991,4,2
3,4,6,8,001101101111101000110001000110,1,1,0,0.61,0.32098764181137085,4,4
3,4,6,9,001101101111101000110001000110,1,1,0,0.24,0.24137930572032928,1,1
3,4,6,10,001101101111101000110001000110,1,1,0,0.47,0.9090909361839294,1,1
3,4,6,11,001101101111101000110001000110,1,1,0,0.8,0.2142857164144516,3,3
3,4,6,12,001101101111101000110001000110,1,1,0,0.8,0.28070175647735596,4,3
3,4,6,14,001101101111101000110001000110,1,1,0,0.63,0.05263157933950424,3,2
3,4,6,18,001101101111101000110001000110,1,1,0,0.67,0.4285714328289032,3,2
3,4,6,19,001101101111101000110001000110,1,1,0,0.6,0.440559446811676,4,3
3,4,6,23,001101101111101000110001000110,1,1,0,0.49,0.3688524663448334,3,2
3,4,6,27,001101101111101000110001000110,1,1,0,0.89,0.15217390656471252,2,2
3,4,6,28,001101101111101000110001000110,1,1,0,0.35,0.8275862336158752,3,2
3,4,7,1,010011011011101100011101011110,1,1,0,0.75,0.28282827138900757,4,3
3,4,7,4,010011011011101100011101011110,1,1,0,0.32,0.0,4,2
3,4,7,5,010011011011101100011101011110,1,1,0,0.6,0.5833333134651184,4,4
3,4,7,7,010011011011101100011101011110,1,1,0,0.16,0.21311475336551666,1,1
3,4,7,8,010011011011101100011101011110,1,1,0,0.61,0.32098764181137085,4,4
3,4,7,10,010011011011101100011101011110,1,1,0,0.47,0.9090909361839294,1,1
3,4,7,11,010011011011101100011101011110,1,1,0,0.8,0.2142857164144516,3,3
3,4,7,12,010011011011101100011101011110,1,1,0,0.8,0.28070175647735596,4,3
3,4,7,14,010011011011101100011101011110,1,1,0,0.63,0.05263157933950424,3,2
3,4,7,15,010011011011101100011101011110,1,1,0,0.6,0.11999999731779099,1,1
3,4,7,19,010011011011101100011101011110,1,1,0,0.6,0.440559446811676,4,3
3,4,7,20,010011011011101100011101011110,1,1,0,0.79,0.23529411852359772,3,2
3,4,7,21,010011011011101100011101011110,1,1,0,0.79,0.21229049563407898,3,2
3,4,7,23,010011011011101100011101011110,1,1,0,0.49,0.3688524663448334,3,2
3,4,7,25,010011011011101100011101011110,1,1,0,0.55,0.18627451360225677,2,2
3,4,7,26,010011011011101100011101011110,1,1,0,0.29,0.0,4,3
3,4,7,27,010011011011101100011101011110,1,1,0,0.89,0.15217390656471252,2,2
3,4,7,28,010011011011101100011101011110,1,1,0,0.35,0.8275862336158752,3,2
3,4,8,1,010110110101110100011100011110,1,1,0,0.75,0.28282827138900757,4,3
3,4,8,3,010110110101110100011100011110,1,1,0,0.68,0.3636363744735718,3,3
3,4,8,4,010110110101110100011100011110,1,1,0,0.32,0.0,4,2
3,4,8,6,010110110101110100011100011110,1,1,0,0.39,0.613043487071991,4,2
3,4,8,7,010110110101110100011100011110,1,1,0,0.16,0.21311475336551666,1,1
3,4,8,9,010110110101110100011100011110,1,1,0,0.24,0.24137930572032928,1,1
3,4,8,11,010110110101110100011100011110,1,1,0,0.8,0.2142857164144516,3,3
3,4,8,12,010110110101110100011100011110,1,1,0,0.8,0.28070175647735596,4,3
3,4,8,13,010110110101110100011100011110,1,1,0,0.57,0.26829269528388977,3,2
3,4,8,15,010110110101110100011100011110,1,1,0,0.6,0.11999999731779099,1,1
3,4,8,19,010110110101110100011100011110,1,1,0,0.6,0.440559446811676,4,3
3,4,8,20,010110110101110100011100011110,1,1,0,0.79,0.23529411852359772,3,2
3,4,8,21,010110110101110100011100011110,1,1,0,0.79,0.21229049563407898,3,2
3,4,8,25,010110110101110100011100011110,1,1,0,0.55,0.18627451360225677,2,2
3,4,8,26,010110110101110100011100011110,1,1,0,0.29,0.0,4,3
3,4,8,27,010110110101110100011100011110,1,1,0,0.89,0.15217390656471252,2,2
3,4,8,28,010110110101110100011100011110,1,1,0,0.35,0.8275862336158752,3,2
3,4,9,1,011011001010110110101100001010,1,1,0,0.75,0.28282827138900757,4,3
3,4,9,2,011011001010110110101100001010,1,1,0,0.51,0.2520325183868408,4,2
3,4,9,4,011011001010110110101100001010,1,1,0,0.32,0.0,4,2
3,4,9,5,011011001010110110101100001010,1,1,0,0.6,0.5833333134651184,4,4
3,4,9,8,011011001010110110101100001010,1,1,0,0.61,0.32098764181137085,4,4
3,4,9,10,011011001010110110101100001010,1,1,0,0.47,0.9090909361839294,1,1
3,4,9,12,011011001010110110101100001010,1,1,0,0.8,0.28070175647735596,4,3
3,4,9,13,011011001010110110101100001010,1,1,0,0.57,0.26829269528388977,3,2
3,4,9,15,011011001010110110101100001010,1,1,0,0.6,0.11999999731779099,1,1
3,4,9,16,011011001010110110101100001010,1,1,0,0.44,0.40789473056793213,1,1
3,4,9,18,011011001010110110101100001010,1,1,0,0.67,0.4285714328289032,3,2
3,4,9,20,011011001010110110101100001010,1,1,0,0.79,0.23529411852359772,3,2
3,4,9,21,011011001010110110101100001010,1,1,0,0.79,0.21229049563407898,3,2
3,4,9,26,011011001010110110101100001010,1,1,0,0.29,0.0,4,3
3,4,9,28,011011001010110110101100001010,1,1,0,0.35,0.8275862336158752,3,2
3,4,10,2,001111011101001100011100000110,1,1,0,0.51,0.2520325183868408,4,2
3,4,10,3,001111011101001100011100000110,1,1,0,0.68,0.3636363744735718,3,3
3,4,10,4,001111011101001100011100000110,1,1,0,0.32,0.0,4,2
3,4,10,5,001111011101001100011100000110,1,1,0,0.6,0.5833333134651184,4,4
3,4,10,7,001111011101001100011100000110,1,1,0,0.16,0.21311475336551666,1,1
3,4,10,8,001111011101001100011100000110,1,1,0,0.61,0.32098764181137085,4,4
3,4,10,9,001111011101001100011100000110,1,1,0,0.24,0.24137930572032928,1,1
3,4,10,11,001111011101001100011100000110,1,1,0,0.8,0.2142857164144516,3,3
3,4,10,14,001111011101001100011100000110,1,1,0,0.63,0.05263157933950424,3,2
3,4,10,15,001111011101001100011100000110,1,1,0,0.6,0.11999999731779099,1,1
3,4,10,19,001111011101001100011100000110,1,1,0,0.6,0.440559446811676,4,3
3,4,10,20,001111011101001100011100000110,1,1,0,0.79,0.23529411852359772,3,2
3,4,10,21,001111011101001100011100000110,1,1,0,0.79,0.21229049563407898,3,2
3,4,10,27,001111011101001100011100000110,1,1,0,0.89,0.15217390656471252,2,2
3,4,10,28,001111011101001100011100000110,1,1,0,0.35,0.8275862336158752,3,2
3,4,11,1,011011101111111101100000100000,1,1,0,0.75,0.28282827138900757,4,3
3,4,11,2,011011101111111101100000100000,1,1,0,0.51,0.2520325183868408,4,2
3,4,11,4,011011101111111101100000100000,1,1,0,0.32,0.0,4,2
3,4,11,5,011011101111111101100000100000,1,1,0,0.6,0.5833333134651184,4,4
3,4,11,6,011011101111111101100000100000,1,1,0,0.39,0.613043487071991,4,2
3,4,11,8,011011101111111101100000100000,1,1,0,0.61,0.32098764181137085,4,4
3,4,11,9,011011101111111101100000100000,1,1,0,0.24,0.24137930572032928,1,1
3,4,11,10,011011101111111101100000100000,1,1,0,0.47,0.9090909361839294,1,1
3,4,11,11,011011101111111101100000100000,1,1,0,0.8,0.2142857164144516,3,3
3,4,11,12,011011101111111101100000100000,1,1,0,0.8,0.28070175647735596,4,3
3,4,11,13,011011101111111101100000100000,1,1,0,0.57,0.26829269528388977,3,2
3,4,11,14,011011101111111101100000100000,1,1,0,0.63,0.05263157933950424,3,2
3,4,11,15,011011101111111101100000100000,1,1,0,0.6,0.11999999731779099,1,1
3,4,11,17,011011101111111101100000100000,1,1,0,0.48,1.0,1,1
3,4,11,18,011011101111111101100000100000,1,1,0,0.67,0.4285714328289032,3,2
3,4,11,24,011011101111111101100000100000,1,1,0,0.21,0.2586206793785095,1,1
3,4,12,1,011101101111111101000001010010,1,1,0,0.75,0.28282827138900757,4,3
3,4,12,2,011101101111111101000001010010,1,1,0,0.51,0.2520325183868408,4,2
3,4,12,3,011101101111111101000001010010,1,1,0,0.68,0.3636363744735718,3,3
3,4,12,5,011101101111111101000001010010,1,1,0,0.6,0.5833333134651184,4,4
3,4,12,6,011101101111111101000001010010,1,1,0,0.39,0.613043487071991,4,2
3,4,12,8,011101101111111101000001010010,1,1,0,0.61,0.32098764181137085,4,4
3,4,12,9,011101101111111101000001010010,1,1,0,0.24,0.24137930572032928,1,1
3,4,12,10,011101101111111101000001010010,1,1,0,0.47,0.9090909361839294,1,1
3,4,12,11,011101101111111101000001010010,1,1,0,0.8,0.2142857164144516,3,3
3,4,12,12,011101101111111101000001010010,1,1,0,0.8,0.28070175647735596,4,3
3,4,12,13,011101101111111101000001010010,1,1,0,0.57,0.26829269528388977,3,2
3,4,12,14,011101101111111101000001010010,1,1,0,0.63,0.05263157933950424,3,2
3,4,12,15,011101101111111101000001010010,1,1,0,0.6,0.11999999731779099,1,1
3,4,12,17,011101101111111101000001010010,1,1,0,0.48,1.0,1,1
3,4,12,23,011101101111111101000001010010,1,1,0,0.49,0.3688524663448334,3,2
3,4,12,25,011101101111111101000001010010,1,1,0,0.55,0.18627451360225677,2,2
3,4,12,28,011101101111111101000001010010,1,1,0,0.35,0.8275862336158752,3,2
3,4,13,1,011111001000110111101100001000,1,1,0,0.75,0.28282827138900757,4,3
3,4,13,2,011111001000110111101100001000,1,1,0,0.51,0.2520325183868408,4,2
3,4,13,3,011111001000110111101100001000,1,1,0,0.68,0.3636363744735718,3,3
3,4,13,4,011111001000110111101100001000,1,1,0,0.32,0.0,4,2
3,4,13,5,011111001000110111101100001000,1,1,0,0.6,0.5833333134651184,4,4
3,4,13,8,011111001000110111101100001000,1,1,0,0.61,0.32098764181137085,4,4
3,4,13,12,011111001000110111101100001000,1,1,0,0.8,0.28070175647735596,4,3
3,4,13,13,011111001000110111101100001000,1,1,0,0.57,0.26829269528388977,3,2
3,4,13,15,011111001000110111101100001000,1,1,0,0.6,0.11999999731779099,1,1
3,4,13,16,011111001000110111101100001000,1,1,0,0.44,0.40789473056793213,1,1
3,4,13,17,011111001000110111101100001000,1,1,0,0.48,1.0,1,1
3,4,13,18,011111001000110111101100001000,1,1,0,0.67,0.4285714328289032,3,2
3,4,13,20,011111001000110111101100001000,1,1,0,0.79,0.23529411852359772,3,2
3,4,13,21,011111001000110111101100001000,1,1,0,0.79,0.21229049563407898,3,2
3,4,13,26,011111001000110111101100001000,1,1,0,0.29,0.0,4,3
3,4,14,2,001110101111111000110101000100,1,1,0,0.51,0.2520325183868408,4,2
3,4,14,3,001110101111111000110101000100,1,1,0,0.68,0.3636363744735718,3,3
3,4,14,4,001110101111111000110101000100,1,1,0,0.32,0.0,4,2
3,4,14,6,001110101111111000110101000100,1,1,0,0.39,0.613043487071991,4,2
3,4,14,8,001110101111111000110101000100,1,1,0,0.61,0.32098764181137085,4,4
3,4,14,9,001110101111111000110101000100,1,1,0,0.24,0.24137930572032928,1,1
3,4,14,10,001110101111111000110101000100,1,1,0,0.47,0.9090909361839294,1,1
3,4,14,11,001110101111111000110101000100,1,1,0,0.8,0.2142857164144516,3,3
3,4,14,12,001110101111111000110101000100,1,1,0,0.8,0.28070175647735596,4,3
3,4,14,13,001110101111111000110101000100,1,1,0,0.57,0.26829269528388977,3,2
3,4,14,14,001110101111111000110101000100,1,1,0,0.63,0.05263157933950424,3,2
3,4,14,18,001110101111111000110101000100,1,1,0,0.67,0.4285714328289032,3,2
3,4,14,19,001110101111111000110101000100,1,1,0,0.6,0.440559446811676,4,3
3,4,14,21,001110101111111000110101000100,1,1,0,0.79,0.21229049563407898,3,2
3,4,14,23,001110101111111000110101000100,1,1,0,0.49,0.3688524663448334,3,2
3,4,14,27,001110101111111000110101000100,1,1,0,0.89,0.15217390656471252,2,2
3,4,15,1,011111011101001100011100000110,1,1,0,0.75,0.28282827138900757,4,3
3,4,15,2,011111011101001100011100000110,1,1,0,0.51,0.2520325183868408,4,2
3,4,15,3,011111011101001100011100000110,1,1,0,0.68,0.3636363744735718,3,3
3,4,15,4,011111011101001100011100000110,1,1,0,0.32,0.0,4,2
3,4,15,5,011111011101001100011100000110,1,1,0,0.6,0.5833333134651184,4,4
3,4,15,7,011111011101001100011100000110,1,1,0,0.16,0.21311475336551666,1,1
3,4,15,8,011111011101001100011100000110,1,1,0,0.61,0.32098764181137085,4,4
3,4,15,9,011111011101001100011100000110,1,1,0,0.24,0.24137930572032928,1,1
3,4,15,11,011111011101001100011100000110,1,1,0,0.8,0.2142857164144516,3,3
3,4,15,14,011111011101001100011100000110,1,1,0,0.63,0.05263157933950424,3,2
3,4,15,15,011111011101001100011100000110,1,1,0,0.6,0.11999999731779099,1,1
3,4,15,19,011111011101001100011100000110,1,1,0,0.6,0.440559446811676,4,3
3,4,15,20,011111011101001100011100000110,1,1,0,0.79,0.23529411852359772,3,2
3,4,15,21,011111011101001100011100000110,1,1,0,0.79,0.21229049563407898,3,2
3,4,15,27,011111011101001100011100000110,1,1,0,0.89,0.15217390656471252,2,2
3,4,15,28,011111011101001100011100000110,1,1,0,0.35,0.8275862336158752,3,2
3,4,16,0,111010111110001000001101101001,1,1,0,0.25,0.8787878751754761,1,1
3,4,16,1,111010111110001000001101101001,1,1,0,0.75,0.28282827138900757,4,3
3,4,16,2,111010111110001000001101101001,1,1,0,0.51,0.2520325183868408,4,2
3,4,16,4,111010111110001000001101101001,1,1,0,0.32,0.0,4,2
3,4,16,6,111010111110001000001101101001,1,1,0,0.39,0.613043487071991,4,2
3,4,16,7,111010111110001000001101101001,1,1,0,0.16,0.21311475336551666,1,1
3,4,16,8,111010111110001000001101101001,1,1,0,0.61,0.32098764181137085,4,4
3,4,16,9,111010111110001000001101101001,1,1,0,0.24,0.24137930572032928,1,1
3,4,16,10,111010111110001000001101101001,1,1,0,0.47,0.9090909361839294,1,1
3,4,16,14,111010111110001000001101101001,1,1,0,0.63,0.05263157933950424,3,2
3,4,16,20,111010111110001000001101101001,1,1,0,0.79,0.23529411852359772,3,2
3,4,16,21,111010111110001000001101101001,1,1,0,0.79,0.21229049563407898,3,2
3,4,16,23,111010111110001000001101101001,1,1,0,0.49,0.3688524663448334,3,2
3,4,16,24,111010111110001000001101101001,1,1,0,0.21,0.2586206793785095,1,1
3,4,16,26,111010111110001000001101101001,1,1,0,0.29,0.0,4,3
3,4,16,29,111010111110001000001101101001,1,1,0,0.12,0.3333333432674408,3,2
3,4,17,1,010011101111111000110111000011,1,1,0,0.75,0.28282827138900757,4,3
3,4,17,4,010011101111111000110111000011,1,1,0,0.32,0.0,4,2
3,4,17,5,010011101111111000110111000011,1,1,0,0.6,0.5833333134651184,4,4
3,4,17,6,010011101111111000110111000011,1,1,0,0.39,0.613043487071991,4,2
3,4,17,8,010011101111111000110111000011,1,1,0,0.61,0.32098764181137085,4,4
3,4,17,9,010011101111111000110111000011,1,1,0,0.24,0.24137930572032928,1,1
3,4,17,10,010011101111111000110111000011,1,1,0,0.47,0.9090909361839294,1,1
3,4,17,11,010011101111111000110111000011,1,1,0,0.8,0.2142857164144516,3,3
3,4,17,12,010011101111111000110111000011,1,1,0,0.8,0.28070175647735596,4,3
3,4,17,13,010011101111111000110111000011,1,1,0,0.57,0.26829269528388977,3,2
3,4,17,14,010011101111111000110111000011,1,1,0,0.63,0.05263157933950424,3,2
3,4,17,18,010011101111111000110111000011,1,1,0,0.67,0.4285714328289032,3,2
3,4,17,19,010011101111111000110111000011,1,1,0,0.6,0.440559446811676,4,3
3,4,17,21,010011101111111000110111000011,1,1,0,0.79,0.21229049563407898,3,2
3,4,17,22,010011101111111000110111000011,1,1,0,0.24,0.6142857074737549,1,1
3,4,17,23,010011101111111000110111000011,1,1,0,0.49,0.3688524663448334,3,2
3,4,17,28,010011101111111000110111000011,1,1,0,0.35,0.8275862336158752,3,2
3,4,17,29,010011101111111000110111000011,1,1,0,0.12,0.3333333432674408,3,2
3,4,18,1,010011111011101100011101011010,1,1,0,0.75,0.28282827138900757,4,3
3,4,18,4,010011111011101100011101011010,1,1,0,0.32,0.0,4,2
3,4,18,5,010011111011101100011101011010,1,1,0,0.6,0.5833333134651184,4,4
3,4,18,6,010011111011101100011101011010,1,1,0,0.39,0.613043487071991,4,2
3,4,18,7,010011111011101100011101011010,1,1,0,0.16,0.21311475336551666,1,1
3,4,18,8,010011111011101100011101011010,1,1,0,0.61,0.32098764181137085,4,4
3,4,18,10,010011111011101100011101011010,1,1,0,0.47,0.9090909361839294,1,1
3,4,18,11,010011111011101100011101011010,1,1,0,0.8,0.2142857164144516,3,3
3,4,18,12,010011111011101100011101011010,1,1,0,0.8,0.28070175647735596,4,3
3,4,18,14,010011111011101100011101011010,1,1,0,0.63,0.05263157933950424,3,2
3,4,18,15,010011111011101100011101011010,1,1,0,0.6,0.11999999731779099,1,1
3,4,18,19,010011111011101100011101011010,1,1,0,0.6,0.440559446811676,4,3
3,4,18,20,010011111011101100011101011010,1,1,0,0.79,0.23529411852359772,3,2
3,4,18,21,010011111011101100011101011010,1,1,0,0.79,0.21229049563407898,3,2
3,4,18,23,010011111011101100011101011010,1,1,0,0.49,0.3688524663448334,3,2
3,4,18,25,010011111011101100011101011010,1,1,0,0.55,0.18627451360225677,2,2
3,4,18,26,010011111011101100011101011010,1,1,0,0.29,0.0,4,3
3,4,18,28,010011111011101100011101011010,1,1,0,0.35,0.8275862336158752,3,2
3,4,19,3,000110110101110000000001101001,1,1,0,0.68,0.3636363744735718,3,3
3,4,19,4,000110110101110000000001101001,1,1,0,0.32,0.0,4,2
3,4,19,6,000110110101110000000001101001,1,1,0,0.39,0.613043487071991,4,2
3,4,19,7,000110110101110000000001101001,1,1,0,0.16,0.21311475336551666,1,1
3,4,19,9,000110110101110000000001101001,1,1,0,0.24,0.24137930572032928,1,1
3,4,19,11,000110110101110000000001101001,1,1,0,0.8,0.2142857164144516,3,3
3,4,19,12,000110110101110000000001101001,1,1,0,0.8,0.28070175647735596,4,3
3,4,19,13,000110110101110000000001101001,1,1,0,0.57,0.26829269528388977,3,2
3,4,19,23,000110110101110000000001101001,1,1,0,0.49,0.3688524663448334,3,2
3,4,19,24,000110110101110000000001101001,1,1,0,0.21,0.2586206793785095,1,1
3,4,19,26,000110110101110000000001101001,1,1,0,0.29,0.0,4,3
3,4,19,29,000110110101110000000001101001,1,1,0,0.12,0.3333333432674408,3,2
3,4,20,1,011000111010001000001101101000,1,1,0,0.75,0.28282827138900757,4,3
3,4,20,2,011000111010001000001101101000,1,1,0,0.51,0.2520325183868408,4,2
3,4,20,6,011000111010001000001101101000,1,1,0,0.39,0.613043487071991,4,2
3,4,20,7,011000111010001000001101101000,1,1,0,0.16,0.21311475336551666,1,1
3,4,20,8,011000111010001000001101101000,1,1,0,0.61,0.32098764181137085,4,4
3,4,20,10,011000111010001000001101101000,1,1,0,0.47,0.9090909361839294,1,1
3,4,20,14,011000111010001000001101101000,1,1,0,0.63,0.05263157933950424,3,2
3,4,20,20,011000111010001000001101101000,1,1,0,0.79,0.23529411852359772,3,2
3,4,20,21,011000111010001000001101101000,1,1,0,0.79,0.21229049563407898,3,2
3,4,20,23,011000111010001000001101101000,1,1,0,0.49,0.3688524663448334,3,2
3,4,20,24,011000111010001000001101101000,1,1,0,0.21,0.2586206793785095,1,1
3,4,20,26,011000111010001000001101101000,1,1,0,0.29,0.0,4,3
3,5,0,2,001111101111111000110101000110,1,1,0,0.51,0.2520325183868408,4,2
3,5,0,3,001111101111111000110101000110,1,1,0,0.68,0.3636363744735718,3,3
3,5,0,4,001111101111111000110101000110,1,1,0,0.32,0.0,4,2
3,5,0,5,001111101111111000110101000110,1,1,0,0.6,0.5833333134651184,4,4
3,5,0,6,001111101111111000110101000110,1,1,0,0.39,0.613043487071991,4,2
3,5,0,8,001111101111111000110101000110,1,1,0,0.61,0.32098764181137085,4,4
3,5,0,9,001111101111111000110101000110,1,1,0,0.24,0.24137930572032928,1,1
3,5,0,10,001111101111111000110101000110,1,1,0,0.47,0.9090909361839294,1,1
3,5,0,11,001111101111111000110101000110,1,1,0,0.8,0.2142857164144516,3,3
3,5,0,12,001111101111111000110101000110,1,1,0,0.8,0.28070175647735596,4,3
3,5,0,13,001111101111111000110101000110,1,1,0,0.57,0.26829269528388977,3,2
3,5,0,14,001111101111111000110101000110,1,1,0,0.63,0.05263157933950424,3,2
3,5,0,18,001111101111111000110101000110,1,1,0,0.67,0.4285714328289032,3,2
3,5,0,19,001111101111111000110101000110,1,1,0,0.6,0.440559446811676,4,3
3,5,0,21,001111101111111000110101000110,1,1,0,0.79,0.21229049563407898,3,2
3,5,0,23,001111101111111000110101000110,1,1,0,0.49,0.3688524663448334,3,2
3,5,0,27,001111101111111000110101000110,1,1,0,0.89,0.15217390656471252,2,2
3,5,0,28,001111101111111000110101000110,1,1,0,0.35,0.8275862336158752,3,2
3,5,1,1,011011011100001100011100011110,1,1,0,0.75,0.28282827138900757,4,3
3,5,1,2,011011011100001100011100011110,1,1,0,0.51,0.2520325183868408,4,2
3,5,1,4,011011011100001100011100011110,1,1,0,0.32,0.0,4,2
3,5,1,5,011011011100001100011100011110,1,1,0,0.6,0.5833333134651184,4,4
3,5,1,7,011011011100001100011100011110,1,1,0,0.16,0.21311475336551666,1,1
3,5,1,8,011011011100001100011100011110,1,1,0,0.61,0.32098764181137085,4,4
3,5,1,9,011011011100001100011100011110,1,1,0,0.24,0.24137930572032928,1,1
3,5,1,14,011011011100001100011100011110,1,1,0,0.63,0.05263157933950424,3,2
3,5,1,15,011011011100001100011100011110,1,1,0,0.6,0.11999999731779099,1,1
3,5,1,19,011011011100001100011100011110,1,1,0,0.6,0.440559446811676,4,3
3,5,1,20,011011011100001100011100011110,1,1,0,0.79,0.23529411852359772,3,2
3,5,1,21,011011011100001100011100011110,1,1,0,0.79,0.21229049563407898,3,2
3,5,1,25,011011011100001100011100011110,1,1,0,0.55,0.18627451360225677,2,2
3,5,1,26,011011011100001100011100011110,1,1,0,0.29,0.0,4,3
3,5,1,27,011011011100001100011100011110,1,1,0,0.89,0.15217390656471252,2,2
3,5,1,28,011011011100001100011100011110,1,1,0,0.35,0.8275862336158752,3,2
3,5,2,2,001101101111111101100001010010,1,1,0,0.51,0.2520325183868408,4,2
3,5,2,3,001101101111111101100001010010,1,1,0,0.68,0.3636363744735718,3,3
3,5,2,5,001101101111111101100001010010,1,1,0,0.6,0.5833333134651184,4,4
3,5,2,6,001101101111111101100001010010,1,1,0,0.39,0.613043487071991,4,2
3,5,2,8,001101101111111101100001010010,1,1,0,0.61,0.32098764181137085,4,4
3,5,2,9,001101101111111101100001010010,1,1,0,0.24,0.24137930572032928,1,1
3,5,2,10,001101101111111101100001010010,1,1,0,0.47,0.9090909361839294,1,1
3,5,2,11,001101101111111101100001010010,1,1,0,0.8,0.2142857164144516,3,3
3,5,2,12,001101101111111101100001010010,1,1,0,0.8,0.28070175647735596,4,3
3,5,2,13,001101101111111101100001010010,1,1,0,0.57,0.26829269528388977,3,2
3,5,2,14,001101101111111101100001010010,1,1,0,0.63,0.05263157933950424,3,2
3,5,2,15,001101101111111101100001010010,1,1,0,0.6,0.11999999731779099,1,1
3,5,2,17,001101101111111101100001010010,1,1,0,0.48,1.0,1,1
3,5,2,18,001101101111111101100001010010,1,1,0,0.67,0.4285714328289032,3,2
3,5,2,23,001101101111111101100001010010,1,1,0,0.49,0.3688524663448334,3,2
3,5,2,25,001101101111111101100001010010,1,1,0,0.55,0.18627451360225677,2,2
3,5,2,28,001101101111111101100001010010,1,1,0,0.35,0.8275862336158752,3,2
3,5,3,1,011011001010110110101100001000,1,1,0,0.75,0.28282827138900757,4,3
3,5,3,2,011011001010110110101100001000,1,1,0,0.51,0.2520325183868408,4,2
3,5,3,4,011011001010110110101100001000,1,1,0,0.32,0.0,4,2
3,5,3,5,011011001010110110101100001000,1,1,0,0.6,0.5833333134651184,4,4
3,5,3,8,011011001010110110101100001000,1,1,0,0.61,0.32098764181137085,4,4
3,5,3,10,011011001010110110101100001000,1,1,0,0.47,0.9090909361839294,1,1
3,5,3,12,011011001010110110101100001000,1,1,0,0.8,0.28070175647735596,4,3
3,5,3,13,011011001010110110101100001000,1,1,0,0.57,0.26829269528388977,3,2
3,5,3,15,011011001010110110101100001000,1,1,0,0.6,0.11999999731779099,1,1
3,5,3,16,011011001010110110101100001000,1,1,0,0.44,0.40789473056793213,1,1
3,5,3,18,011011001010110110101100001000,1,1,0,0.67,0.4285714328289032,3,2
3,5,3,20,011011001010110110101100001000,1,1,0,0.79,0.23529411852359772,3,2
3,5,3,21,011011001010110110101100001000,1,1,0,0.79,0.21229049563407898,3,2
3,5,3,26,011011001010110110101100001000,1,1,0,0.29,0.0,4,3
3,5,4,1,010011011011101100011100011110,1,1,0,0.75,0.28282827138900757,4,3
3,5,4,4,010011011011101100011100011110,1,1,0,0.32,0.0,4,2
3,5,4,5,010011011011101100011100011110,1,1,0,0.6,0.5833333134651184,4,4
3,5,4,7,010011011011101100011100011110,1,1,0,0.16,0.21311475336551666,1,1
3,5,4,8,010011011011101100011100011110,1,1,0,0.61,0.32098764181137085,4,4
3,5,4,10,010011011011101100011100011110,1,1,0,0.47,0.9090909361839294,1,1
3,5,4,11,010011011011101100011100011110,1,1,0,0.8,0.2142857164144516,3,3
3,5,4,12,010011011011101100011100011110,1,1,0,0.8,0.28070175647735596,4,3
3,5,4,14,010011011011101100011100011110,1,1,0,0.63,0.05263157933950424,3,2
3,5,4,15,010011011011101100011100011110,1,1,0,0.6,0.11999999731779099,1,1
3,5,4,19,010011011011101100011100011110,1,1,0,0.6,0.440559446811676,4,3
3,5,4,20,010011011011101100011100011110,1,1,0,0.79,0.23529411852359772,3,2
3,5,4,21,010011011011101100011100011110,1,1,0,0.79,0.21229049563407898,3,2
3,5,4,25,010011011011101100011100011110,1,1,0,0.55,0.18627451360225677,2,2
3,5,4,26,010011011011101100011100011110,1,1,0,0.29,0.0,4,3
3,5,4,27,010011011011101100011100011110,1,1,0,0.89,0.15217390656471252,2,2
3,5,4,28,010011011011101100011100011110,1,1,0,0.35,0.8275862336158752,3,2
3,5,5,2,001101101111101000110001000110,1,1,0,0.51,0.2520325183868408,4,2
3,5,5,3,001101101111101000110001000110,1,1,0,0.68,0.3636363744735718,3,3
3,5,5,5,001101101111101000110001000110,1,1,0,0.6,0.5833333134651184,4,4
3,5,5,6,001101101111101000110001000110,1,1,0,0.39,0.613043487071991,4,2
3,5,5,8,001101101111101000110001000110,1,1,0,0.61,0.32098764181137085,4,4
3,5,5,9,001101101111101000110001000110,1,1,0,0.24,0.24137930572032928,1,1
3,5,5,10,001101101111101000110001000110,1,1,0,0.47,0.9090909361839294,1,1
3,5,5,11,001101101111101000110001000110,1,1,0,0.8,0.2142857164144516,3,3
3,5,5,12,001101101111101000110001000110,1,1,0,0.8,0.28070175647735596,4,3
3,5,5,14,001101101111101000110001000110,1,1,0,0.63,0.05263157933950424,3,2
3,5,5,18,001101101111101000110001000110,1,1,0,0.67,0.4285714328289032,3,2
3,5,5,19,001101101111101000110001000110,1,1,0,0.6,0.440559446811676,4,3
3,5,5,23,001101101111101000110001000110,1,1,0,0.49,0.3688524663448334,3,2
3,5,5,27,001101101111101000110001000110,1,1,0,0.89,0.15217390656471252,2,2
3,5,5,28,001101101111101000110001000110,1,1,0,0.35,0.8275862336158752,3,2
3,5,6,1,010011011011101100011101011110,1,1,0,0.75,0.28282827138900757,4,3
3,5,6,4,010011011011101100011101011110,1,1,0,0.32,0.0,4,2
3,5,6,5,010011011011101100011101011110,1,1,0,0.6,0.5833333134651184,4,4
3,5,6,7,010011011011101100011101011110,1,1,0,0.16,0.21311475336551666,1,1
3,5,6,8,010011011011101100011101011110,1,1,0,0.61,0.32098764181137085,4,4
3,5,6,10,010011011011101100011101011110,1,1,0,0.47,0.9090909361839294,1,1
3,5,6,11,010011011011101100011101011110,1,1,0,0.8,0.2142857164144516,3,3
3,5,6,12,010011011011101100011101011110,1,1,0,0.8,0.28070175647735596,4,3
3,5,6,14,010011011011101100011101011110,1,1,0,0.63,0.05263157933950424,3,2
3,5,6,15,010011011011101100011101011110,1,1,0,0.6,0.11999999731779099,1,1
3,5,6,19,010011011011101100011101011110,1,1,0,0.6,0.440559446811676,4,3
3,5,6,20,010011011011101100011101011110,1,1,0,0.79,0.23529411852359772,3,2
3,5,6,21,010011011011101100011101011110,1,1,0,0.79,0.21229049563407898,3,2
3,5,6,23,010011011011101100011101011110,1,1,0,0.49,0.3688524663448334,3,2
3,5,6,25,010011011011101100011101011110,1,1,0,0.55,0.18627451360225677,2,2
3,5,6,26,010011011011101100011101011110,1,1,0,0.29,0.0,4,3
3,5,6,27,010011011011101100011101011110,1,1,0,0.89,0.15217390656471252,2,2
3,5,6,28,010011011011101100011101011110,1,1,0,0.35,0.8275862336158752,3,2
3,5,7,1,010110110101110100011100011110,1,1,0,0.75,0.28282827138900757,4,3
3,5,7,3,010110110101110100011100011110,1,1,0,0.68,0.3636363744735718,3,3
3,5,7,4,010110110101110100011100011110,1,1,0,0.32,0.0,4,2
3,5,7,6,010110110101110100011100011110,1,1,0,0.39,0.613043487071991,4,2
3,5,7,7,010110110101110100011100011110,1,1,0,0.16,0.21311475336551666,1,1
3,5,7,9,010110110101110100011100011110,1,1,0,0.24,0.24137930572032928,1,1
3,5,7,11,010110110101110100011100011110,1,1,0,0.8,0.2142857164144516,3,3
3,5,7,12,010110110101110100011100011110,1,1,0,0.8,0.28070175647735596,4,3
3,5,7,13,010110110101110100011100011110,1,1,0,0.57,0.26829269528388977,3,2
3,5,7,15,010110110101110100011100011110,1,1,0,0.6,0.11999999731779099,1,1
3,5,7,19,010110110101110100011100011110,1,1,0,0.6,0.440559446811676,4,3
3,5,7,20,010110110101110100011100011110,1,1,0,0.79,0.23529411852359772,3,2
3,5,7,21,010110110101110100011100011110,1,1,0,0.79,0.21229049563407898,3,2
3,5,7,25,010110110101110100011100011110,1,1,0,0.55,0.18627451360225677,2,2
3,5,7,26,010110110101110100011100011110,1,1,0,0.29,0.0,4,3
3,5,7,27,010110110101110100011100011110,1,1,0,0.89,0.15217390656471252,2,2
3,5,7,28,010110110101110100011100011110,1,1,0,0.35,0.8275862336158752,3,2
3,5,8,1,011011001010110110101100001010,1,1,0,0.75,0.28282827138900757,4,3
3,5,8,2,011011001010110110101100001010,1,1,0,0.51,0.2520325183868408,4,2
3,5,8,4,011011001010110110101100001010,1,1,0,0.32,0.0,4,2
3,5,8,5,011011001010110110101100001010,1,1,0,0.6,0.5833333134651184,4,4
3,5,8,8,011011001010110110101100001010,1,1,0,0.61,0.32098764181137085,4,4
3,5,8,10,011011001010110110101100001010,1,1,0,0.47,0.9090909361839294,1,1
3,5,8,12,011011001010110110101100001010,1,1,0,0.8,0.28070175647735596,4,3
3,5,8,13,011011001010110110101100001010,1,1,0,0.57,0.26829269528388977,3,2
3,5,8,15,011011001010110110101100001010,1,1,0,0.6,0.11999999731779099,1,1
3,5,8,16,011011001010110110101100001010,1,1,0,0.44,0.40789473056793213,1,1
3,5,8,18,011011001010110110101100001010,1,1,0,0.67,0.4285714328289032,3,2
3,5,8,20,011011001010110110101100001010,1,1,0,0.79,0.23529411852359772,3,2
3,5,8,21,011011001010110110101100001010,1,1,0,0.79,0.21229049563407898,3,2
3,5,8,26,011011001010110110101100001010,1,1,0,0.29,0.0,4,3
3,5,8,28,011011001010110110101100001010,1,1,0,0.35,0.8275862336158752,3,2
3,5,9,1,011011101111111101100000100000,1,1,0,0.75,0.28282827138900757,4,3
3,5,9,2,011011101111111101100000100000,1,1,0,0.51,0.2520325183868408,4,2
3,5,9,4,011011101111111101100000100000,1,1,0,0.32,0.0,4,2
3,5,9,5,011011101111111101100000100000,1,1,0,0.6,0.5833333134651184,4,4
3,5,9,6,011011101111111101100000100000,1,1,0,0.39,0.613043487071991,4,2
3,5,9,8,011011101111111101100000100000,1,1,0,0.61,0.32098764181137085,4,4
3,5,9,9,011011101111111101100000100000,1,1,0,0.24,0.24137930572032928,1,1
3,5,9,10,011011101111111101100000100000,1,1,0,0.47,0.9090909361839294,1,1
3,5,9,11,011011101111111101100000100000,1,1,0,0.8,0.2142857164144516,3,3
3,5,9,12,011011101111111101100000100000,1,1,0,0.8,0.28070175647735596,4,3
3,5,9,13,011011101111111101100000100000,1,1,0,0.57,0.26829269528388977,3,2
3,5,9,14,011011101111111101100000100000,1,1,0,0.63,0.05263157933950424,3,2
3,5,9,15,011011101111111101100000100000,1,1,0,0.6,0.11999999731779099,1,1
3,5,9,17,011011101111111101100000100000,1,1,0,0.48,1.0,1,1
3,5,9,18,011011101111111101100000100000,1,1,0,0.67,0.4285714328289032,3,2
3,5,9,24,011011101111111101100000100000,1,1,0,0.21,0.2586206793785095,1,1
3,5,10,1,011101101111111101000001010010,1,1,0,0.75,0.28282827138900757,4,3
3,5,10,2,011101101111111101000001010010,1,1,0,0.51,0.2520325183868408,4,2
3,5,10,3,011101101111111101000001010010,1,1,0,0.68,0.3636363744735718,3,3
3,5,10,5,011101101111111101000001010010,1,1,0,0.6,0.5833333134651184,4,4
3,5,10,6,011101101111111101000001010010,1,1,0,0.39,0.613043487071991,4,2
3,5,10,8,011101101111111101000001010010,1,1,0,0.61,0.32098764181137085,4,4
3,5,10,9,011101101111111101000001010010,1,1,0,0.24,0.24137930572032928,1,1
3,5,10,10,011101101111111101000001010010,1,1,0,0.47,0.9090909361839294,1,1
3,5,10,11,011101101111111101000001010010,1,1,0,0.8,0.2142857164144516,3,3
3,5,10,12,011101101111111101000001010010,1,1,0,0.8,0.28070175647735596,4,3
3,5,10,13,011101101111111101000001010010,1,1,0,0.57,0.26829269528388977,3,2
3,5,10,14,011101101111111101000001010010,1,1,0,0.63,0.05263157933950424,3,2
3,5,10,15,011101101111111101000001010010,1,1,0,0.6,0.11999999731779099,1,1
3,5,10,17,011101101111111101000001010010,1,1,0,0.48,1.0,1,1
3,5,10,23,011101101111111101000001010010,1,1,0,0.49,0.3688524663448334,3,2
3,5,10,25,011101101111111101000001010010,1,1,0,0.55,0.18627451360225677,2,2
3,5,10,28,011101101111111101000001010010,1,1,0,0.35,0.8275862336158752,3,2
3,5,11,1,011111001000110111101100001000,1,1,0,0.75,0.28282827138900757,4,3
3,5,11,2,011111001000110111101100001000,1,1,0,0.51,0.2520325183868408,4,2
3,5,11,3,011111001000110111101100001000,1,1,0,0.68,0.3636363744735718,3,3
3,5,11,4,011111001000110111101100001000,1,1,0,0.32,0.0,4,2
3,5,11,5,011111001000110111101100001000,1,1,0,0.6,0.5833333134651184,4,4
3,5,11,8,011111001000110111101100001000,1,1,0,0.61,0.32098764181137085,4,4
3,5,11,12,011111001000110111101100001000,1,1,0,0.8,0.28070175647735596,4,3
3,5,11,13,011111001000110111101100001000,1,1,0,0.57,0.26829269528388977,3,2
3,5,11,15,011111001000110111101100001000,1,1,0,0.6,0.11999999731779099,1,1
3,5,11,16,011111001000110111101100001000,1,1,0,0.44,0.40789473056793213,1,1
3,5,11,17,011111001000110111101100001000,1,1,0,0.48,1.0,1,1
3,5,11,18,011111001000110111101100001000,1,1,0,0.67,0.4285714328289032,3,2
3,5,11,20,011111001000110111101100001000,1,1,0,0.79,0.23529411852359772,3,2
3,5,11,21,011111001000110111101100001000,1,1,0,0.79,0.21229049563407898,3,2
3,5,11,26,011111001000110111101100001000,1,1,0,0.29,0.0,4,3
3,5,12,2,001110101111111000110101000100,1,1,0,0.51,0.2520325183868408,4,2
3,5,12,3,001110101111111000110101000100,1,1,0,0.68,0.3636363744735718,3,3
3,5,12,4,001110101111111000110101000100,1,1,0,0.32,0.0,4,2
3,5,12,6,001110101111111000110101000100,1,1,0,0.39,0.613043487071991,4,2
3,5,12,8,001110101111111000110101000100,1,1,0,0.61,0.32098764181137085,4,4
3,5,12,9,001110101111111000110101000100,1,1,0,0.24,0.24137930572032928,1,1
3,5,12,10,001110101111111000110101000100,1,1,0,0.47,0.9090909361839294,1,1
3,5,12,11,001110101111111000110101000100,1,1,0,0.8,0.2142857164144516,3,3
3,5,12,12,001110101111111000110101000100,1,1,0,0.8,0.28070175647735596,4,3
3,5,12,13,001110101111111000110101000100,1,1,0,0.57,0.26829269528388977,3,2
3,5,12,14,001110101111111000110101000100,1,1,0,0.63,0.05263157933950424,3,2
3,5,12,18,001110101111111000110101000100,1,1,0,0.67,0.4285714328289032,3,2
3,5,12,19,001110101111111000110101000100,1,1,0,0.6,0.440559446811676,4,3
3,5,12,21,001110101111111000110101000100,1,1,0,0.79,0.21229049563407898,3,2
3,5,12,23,001110101111111000110101000100,1,1,0,0.49,0.3688524663448334,3,2
3,5,12,27,001110101111111000110101000100,1,1,0,0.89,0.15217390656471252,2,2
3,5,13,1,011111011101001100011100000110,1,1,0,0.75,0.28282827138900757,4,3
3,5,13,2,011111011101001100011100000110,1,1,0,0.51,0.2520325183868408,4,2
3,5,13,3,011111011101001100011100000110,1,1,0,0.68,0.3636363744735718,3,3
3,5,13,4,011111011101001100011100000110,1,1,0,0.32,0.0,4,2
3,5,13,5,011111011101001100011100000110,1,1,0,0.6,0.5833333134651184,4,4
3,5,13,7,011111011101001100011100000110,1,1,0,0.16,0.21311475336551666,1,1
3,5,13,8,011111011101001100011100000110,1,1,0,0.61,0.32098764181137085,4,4
3,5,13,9,011111011101001100011100000110,1,1,0,0.24,0.24137930572032928,1,1
3,5,13,11,011111011101001100011100000110,1,1,0,0.8,0.2142857164144516,3,3
3,5,13,14,011111011101001100011100000110,1,1,0,0.63,0.05263157933950424,3,2
3,5,13,15,011111011101001100011100000110,1,1,0,0.6,0.11999999731779099,1,1
3,5,13,19,011111011101001100011100000110,1,1,0,0.6,0.440559446811676,4,3
3,5,13,20,011111011101001100011100000110,1,1,0,0.79,0.23529411852359772,3,2
3,5,13,21,011111011101001100011100000110,1,1,0,0.79,0.21229049563407898,3,2
3,5,13,27,011111011101001100011100000110,1,1,0,0.89,0.15217390656471252,2,2
3,5,13,28,011111011101001100011100000110,1,1,0,0.35,0.8275862336158752,3,2
3,5,14,1,010011101111111000110111000011,1,1,0,0.75,0.28282827138900757,4,3
3,5,14,4,010011101111111000110111000011,1,1,0,0.32,0.0,4,2
3,5,14,5,010011101111111000110111000011,1,1,0,0.6,0.5833333134651184,4,4
3,5,14,6,010011101111111000110111000011,1,1,0,0.39,0.613043487071991,4,2
3,5,14,8,010011101111111000110111000011,1,1,0,0.61,0.32098764181137085,4,4
3,5,14,9,010011101111111000110111000011,1,1,0,0.24,0.24137930572032928,1,1
3,5,14,10,010011101111111000110111000011,1,1,0,0.47,0.9090909361839294,1,1
3,5,14,11,010011101111111000110111000011,1,1,0,0.8,0.2142857164144516,3,3
3,5,14,12,010011101111111000110111000011,1,1,0,0.8,0.28070175647735596,4,3
3,5,14,13,010011101111111000110111000011,1,1,0,0.57,0.26829269528388977,3,2
3,5,14,14,010011101111111000110111000011,1,1,0,0.63,0.05263157933950424,3,2
3,5,14,18,010011101111111000110111000011,1,1,0,0.67,0.4285714328289032,3,2
3,5,14,19,010011101111111000110111000011,1,1,0,0.6,0.440559446811676,4,3
3,5,14,21,010011101111111000110111000011,1,1,0,0.79,0.21229049563407898,3,2
3,5,14,22,010011101111111000110111000011,1,1,0,0.24,0.6142857074737549,1,1
3,5,14,23,010011101111111000110111000011,1,1,0,0.49,0.3688524663448334,3,2
3,5,14,28,010011101111111000110111000011,1,1,0,0.35,0.8275862336158752,3,2
3,5,14,29,010011101111111000110111000011,1,1,0,0.12,0.3333333432674408,3,2
3,5,15,1,010011111011101100011101011010,1,1,0,0.75,0.28282827138900757,4,3
3,5,15,4,010011111011101100011101011010,1,1,0,0.32,0.0,4,2
3,5,15,5,010011111011101100011101011010,1,1,0,0.6,0.5833333134651184,4,4
3,5,15,6,010011111011101100011101011010,1,1,0,0.39,0.613043487071991,4,2
3,5,15,7,010011111011101100011101011010,1,1,0,0.16,0.21311475336551666,1,1
3,5,15,8,010011111011101100011101011010,1,1,0,0.61,0.32098764181137085,4,4
3,5,15,10,010011111011101100011101011010,1,1,0,0.47,0.9090909361839294,1,1
3,5,15,11,010011111011101100011101011010,1,1,0,0.8,0.2142857164144516,3,3
3,5,15,12,010011111011101100011101011010,1,1,0,0.8,0.28070175647735596,4,3
3,5,15,14,010011111011101100011101011010,1,1,0,0.63,0.05263157933950424,3,2
3,5,15,15,010011111011101100011101011010,1,1,0,0.6,0.11999999731779099,1,1
3,5,15,19,010011111011101100011101011010,1,1,0,0.6,0.440559446811676,4,3
3,5,15,20,010011111011101100011101011010,1,1,0,0.79,0.23529411852359772,3,2
3,5,15,21,010011111011101100011101011010,1,1,0,0.79,0.21229049563407898,3,2
3,5,15,23,010011111011101100011101011010,1,1,0,0.49,0.3688524663448334,3,2
3,5,15,25,010011111011101100011101011010,1,1,0,0.55,0.18627451360225677,2,2
3,5,15,26,010011111011101100011101011010,1,1,0,0.29,0.0,4,3
3,5,15,28,010011111011101100011101011010,1,1,0,0.35,0.8275862336158752,3,2
3,5,16,1,011000111010001000001101101000,1,1,0,0.75,0.28282827138900757,4,3
3,5,16,2,011000111010001000001101101000,1,1,0,0.51,0.2520325183868408,4,2
3,5,16,6,011000111010001000001101101000,1,1,0,0.39,0.613043487071991,4,2
3,5,16,7,011000111010001000001101101000,1,1,0,0.16,0.21311475336551666,1,1
3,5,16,8,011000111010001000001101101000,1,1,0,0.61,0.32098764181137085,4,4
3,5,16,10,011000111010001000001101101000,1,1,0,0.47,0.9090909361839294,1,1
3,5,16,14,011000111010001000001101101000,1,1,0,0.63,0.05263157933950424,3,2
3,5,16,20,011000111010001000001101101000,1,1,0,0.79,0.23529411852359772,3,2
3,5,16,21,011000111010001000001101101000,1,1,0,0.79,0.21229049563407898,3,2
3,5,16,23,011000111010001000001101101000,1,1,0,0.49,0.3688524663448334,3,2
3,5,16,24,011000111010001000001101101000,1,1,0,0.21,0.2586206793785095,1,1
3,5,16,26,011000111010001000001101101000,1,1,0,0.29,0.0,4,3
3,5,17,1,011111011100001100011100000100,1,1,0,0.75,0.28282827138900757,4,3
3,5,17,2,011111011100001100011100000100,1,1,0,0.51,0.2520325183868408,4,2
3,5,17,3,011111011100001100011100000100,1,1,0,0.68,0.3636363744735718,3,3
3,5,17,4,011111011100001100011100000100,1,1,0,0.32,0.0,4,2
3,5,17,5,011111011100001100011100000100,1,1,0,0.6,0.5833333134651184,4,4
3,5,17,7,011111011100001100011100000100,1,1,0,0.16,0.21311475336551666,1,1
3,5,17,8,011111011100001100011100000100,1,1,0,0.61,0.32098764181137085,4,4
3,5,17,9,011111011100001100011100000100,1,1,0,0.24,0.24137930572032928,1,1
3,5,17,14,011111011100001100011100000100,1,1,0,0.63,0.05263157933950424,3,2
3,5,17,15,011111011100001100011100000100,1,1,0,0.6,0.11999999731779099,1,1
3,5,17,19,011111011100001100011100000100,1,1,0,0.6,0.440559446811676,4,3
3,5,17,20,011111011100001100011100000100,1,1,0,0.79,0.23529411852359772,3,2
3,5,17,21,011111011100001100011100000100,1,1,0,0.79,0.21229049563407898,3,2
3,5,17,27,011111011100001100011100000100,1,1,0,0.89,0.15217390656471252,2,2
3,5,18,1,011111011101001100011101111110,1,1,0,0.75,0.28282827138900757,4,3
3,5,18,2,011111011101001100011101111110,1,1,0,0.51,0.2520325183868408,4,2
3,5,18,3,011111011101001100011101111110,1,1,0,0.68,0.3636363744735718,3,3
3,5,18,4,011111011101001100011101111110,1,1,0,0.32,0.0,4,2
3,5,18,5,011111011101001100011101111110,1,1,0,0.6,0.5833333134651184,4,4
3,5,18,7,011111011101001100011101111110,1,1,0,0.16,0.21311475336551666,1,1
3,5,18,8,011111011101001100011101111110,1,1,0,0.61,0.32098764181137085,4,4
3,5,18,9,011111011101001100011101111110,1,1,0,0.24,0.24137930572032928,1,1
3,5,18,11,011111011101001100011101111110,1,1,0,0.8,0.2142857164144516,3,3
3,5,18,14,011111011101001100011101111110,1,1,0,0.63,0.05263157933950424,3,2
3,5,18,15,011111011101001100011101111110,1,1,0,0.6,0.11999999731779099,1,1
3,5,18,19,011111011101001100011101111110,1,1,0,0.6,0.440559446811676,4,3
3,5,18,20,011111011101001100011101111110,1,1,0,0.79,0.23529411852359772,3,2
3,5,18,21,011111011101001100011101111110,1,1,0,0.79,0.21229049563407898,3,2
3,5,18,23,011111011101001100011101111110,1,1,0,0.49,0.3688524663448334,3,2
3,5,18,24,011111011101001100011101111110,1,1,0,0.21,0.2586206793785095,1,1
3,5,18,25,011111011101001100011101111110,1,1,0,0.55,0.18627451360225677,2,2
3,5,18,26,011111011101001100011101111110,1,1,0,0.29,0.0,4,3
3,5,18,27,011111011101001100011101111110,1,1,0,0.89,0.15217390656471252,2,2
3,5,18,28,011111011101001100011101111110,1,1,0,0.35,0.8275862336158752,3,2
3,5,19,2,001011011101101000111001000110,1,1,0,0.51,0.2520325183868408,4,2
3,5,19,4,001011011101101000111001000110,1,1,0,0.32,0.0,4,2
3,5,19,5,001011011101101000111001000110,1,1,0,0.6,0.5833333134651184,4,4
3,5,19,7,001011011101101000111001000110,1,1,0,0.16,0.21311475336551666,1,1
3,5,19,8,001011011101101000111001000110,1,1,0,0.61,0.32098764181137085,4,4
3,5,19,9,001011011101101000111001000110,1,1,0,0.24,0.24137930572032928,1,1
3,5,19,11,001011011101101000111001000110,1,1,0,0.8,0.2142857164144516,3,3
3,5,19,12,001011011101101000111001000110,1,1,0,0.8,0.28070175647735596,4,3
3,5,19,14,001011011101101000111001000110,1,1,0,0.63,0.05263157933950424,3,2
3,5,19,18,001011011101101000111001000110,1,1,0,0.67,0.4285714328289032,3,2
3,5,19,19,001011011101101000111001000110,1,1,0,0.6,0.440559446811676,4,3
3,5,19,20,001011011101101000111001000110,1,1,0,0.79,0.23529411852359772,3,2
3,5,19,23,001011011101101000111001000110,1,1,0,0.49,0.3688524663448334,3,2
3,5,19,27,001011011101101000111001000110,1,1,0,0.89,0.15217390656471252,2,2
3,5,19,28,001011011101101000111001000110,1,1,0,0.35,0.8275862336158752,3,2
3,5,20,1,011010110101110010001101101000,1,1,0,0.75,0.28282827138900757,4,3
3,5,20,2,011010110101110010001101101000,1,1,0,0.51,0.2520325183868408,4,2
3,5,20,4,011010110101110010001101101000,1,1,0,0.32,0.0,4,2
3,5,20,6,011010110101110010001101101000,1,1,0,0.39,0.613043487071991,4,2
3,5,20,7,011010110101110010001101101000,1,1,0,0.16,0.21311475336551666,1,1
3,5,20,9,011010110101110010001101101000,1,1,0,0.24,0.24137930572032928,1,1
3,5,20,11,011010110101110010001101101000,1,1,0,0.8,0.2142857164144516,3,3
3,5,20,12,011010110101110010001101101000,1,1,0,0.8,0.28070175647735596,4,3
3,5,20,13,011010110101110010001101101000,1,1,0,0.57,0.26829269528388977,3,2
3,5,20,16,011010110101110010001101101000,1,1,0,0.44,0.40789473056793213,1,1
3,5,20,20,011010110101110010001101101000,1,1,0,0.79,0.23529411852359772,3,2
3,5,20,21,011010110101110010001101101000,1,1,0,0.79,0.21229049563407898,3,2
3,5,20,23,011010110101110010001101101000,1,1,0,0.49,0.3688524663448334,3,2
3,5,20,24,011010110101110010001101101000,1,1,0,0.21,0.2586206793785095,1,1
3,5,20,26,011010110101110010001101101000,1,1,0,0.29,0.0,4,3
3,5,21,2,001111101011101100011100110100,1,1,0,0.51,0.2520325183868408,4,2
3,5,21,3,001111101011101100011100110100,1,1,0,0.68,0.3636363744735718,3,3
3,5,21,4,001111101011101100011100110100,1,1,0,0.32,0.0,4,2
3,5,21,5,001111101011101100011100110100,1,1,0,0.6,0.5833333134651184,4,4
3,5,21,6,001111101011101100011100110100,1,1,0,0.39,0.613043487071991,4,2
3,5,21,8,001111101011101100011100110100,1,1,0,0.61,0.32098764181137085,4,4
3,5,21,10,001111101011101100011100110100,1,1,0,0.47,0.9090909361839294,1,1
3,5,21,11,001111101011101100011100110100,1,1,0,0.8,0.2142857164144516,3,3
3,5,21,12,001111101011101100011100110100,1,1,0,0.8,0.28070175647735596,4,3
3,5,21,14,001111101011101100011100110100,1,1,0,0.63,0.05263157933950424,3,2
3,5,21,15,001111101011101100011100110100,1,1,0,0.6,0.11999999731779099,1,1
3,5,21,19,001111101011101100011100110100,1,1,0,0.6,0.440559446811676,4,3
3,5,21,20,001111101011101100011100110100,1,1,0,0.79,0.23529411852359772,3,2
3,5,21,21,001111101011101100011100110100,1,1,0,0.79,0.21229049563407898,3,2
3,5,21,24,001111101011101100011100110100,1,1,0,0.21,0.2586206793785095,1,1
3,5,21,25,001111101011101100011100110100,1,1,0,0.55,0.18627451360225677,2,2
3,5,21,27,001111101011101100011100110100,1,1,0,0.89,0.15217390656471252,2,2
3,5,22,1,010111001111111000110111000010,1,1,0,0.75,0.28282827138900757,4,3
3,5,22,3,010111001111111000110111000010,1,1,0,0.68,0.3636363744735718,3,3
3,5,22,4,010111001111111000110111000010,1,1,0,0.32,0.0,4,2
3,5,22,5,010111001111111000110111000010,1,1,0,0.6,0.5833333134651184,4,4
3,5,22,8,010111001111111000110111000010,1,1,0,0.61,0.32098764181137085,4,4
3,5,22,9,010111001111111000110111000010,1,1,0,0.24,0.24137930572032928,1,1
3,5,22,10,010111001111111000110111000010,1,1,0,0.47,0.9090909361839294,1,1
3,5,22,11,010111001111111000110111000010,1,1,0,0.8,0.2142857164144516,3,3
3,5,22,12,010111001111111000110111000010,1,1,0,0.8,0.28070175647735596,4,3
3,5,22,13,010111001111111000110111000010,1,1,0,0.57,0.26829269528388977,3,2
3,5,22,14,010111001111111000110111000010,1,1,0,0.63,0.05263157933950424,3,2
3,5,22,18,010111001111111000110111000010,1,1,0,0.67,0.4285714328289032,3,2
3,5,22,19,010111001111111000110111000010,1,1,0,0.6,0.440559446811676,4,3
3,5,22,21,010111001111111000110111000010,1,1,0,0.79,0.21229049563407898,3,2
3,5,22,22,010111001111111000110111000010,1,1,0,0.24,0.6142857074737549,1,1
3,5,22,23,010111001111111000110111000010,1,1,0,0.49,0.3688524663448334,3,2
3,5,22,28,010111001111111000110111000010,1,1,0,0.35,0.8275862336158752,3,2
3,5,23,1,011101101100001100011100011110,1,1,0,0.75,0.28282827138900757,4,3
3,5,23,2,011101101100001100011100011110,1,1,0,0.51,0.2520325183868408,4,2
3,5,23,3,011101101100001100011100011110,1,1,0,0.68,0.3636363744735718,3,3
3,5,23,5,011101101100001100011100011110,1,1,0,0.6,0.5833333134651184,4,4
3,5,23,6,011101101100001100011100011110,1,1,0,0.39,0.613043487071991,4,2
3,5,23,8,011101101100001100011100011110,1,1,0,0.61,0.32098764181137085,4,4
3,5,23,9,011101101100001100011100011110,1,1,0,0.24,0.24137930572032928,1,1
3,5,23,14,011101101100001100011100011110,1,1,0,0.63,0.05263157933950424,3,2
3,5,23,15,011101101100001100011100011110,1,1,0,0.6,0.11999999731779099,1,1
3,5,23,19,011101101100001100011100011110,1,1,0,0.6,0.440559446811676,4,3
3,5,23,20,011101101100001100011100011110,1,1,0,0.79,0.23529411852359772,3,2
3,5,23,21,011101101100001100011100011110,1,1,0,0.79,0.21229049563407898,3,2
3,5,23,25,011101101100001100011100011110,1,1,0,0.55,0.18627451360225677,2,2
3,5,23,26,011101101100001100011100011110,1,1,0,0.29,0.0,4,3
3,5,23,27,011101101100001100011100011110,1,1,0,0.89,0.15217390656471252,2,2
3,5,23,28,011101101100001100011100011110,1,1,0,0.35,0.8275862336158752,3,2
3,5,24,1,011111001000110110001000001000,1,1,0,0.75,0.28282827138900757,4,3
3,5,24,2,011111001000110110001000001000,1,1,0,0.51,0.2520325183868408,4,2
3,5,24,3,011111001000110110001000001000,1,1,0,0.68,0.3636363744735718,3,3
3,5,24,4,011111001000110110001000001000,1,1,0,0.32,0.0,4,2
3,5,24,5,011111001000110110001000001000,1,1,0,0.6,0.5833333134651184,4,4
3,5,24,8,011111001000110110001000001000,1,1,0,0.61,0.32098764181137085,4,4
3,5,24,12,011111001000110110001000001000,1,1,0,0.8,0.28070175647735596,4,3
3,5,24,13,011111001000110110001000001000,1,1,0,0.57,0.26829269528388977,3,2
3,5,24,15,011111001000110110001000001000,1,1,0,0.6,0.11999999731779099,1,1
3,5,24,16,011111001000110110001000001000,1,1,0,0.44,0.40789473056793213,1,1
3,5,24,20,011111001000110110001000001000,1,1,0,0.79,0.23529411852359772,3,2
3,5,24,26,011111001000110110001000001000,1,1,0,0.29,0.0,4,3
3,5,25,1,010110010101010000000000001001,1,1,0,0.75,0.28282827138900757,4,3
3,5,25,3,010110010101010000000000001001,1,1,0,0.68,0.3636363744735718,3,3
3,5,25,4,010110010101010000000000001001,1,1,0,0.32,0.0,4,2
3,5,25,7,010110010101010000000000001001,1,1,0,0.16,0.21311475336551666,1,1
3,5,25,9,010110010101010000000000001001,1,1,0,0.24,0.24137930572032928,1,1
3,5,25,11,010110010101010000000000001001,1,1,0,0.8,0.2142857164144516,3,3
3,5,25,13,010110010101010000000000001001,1,1,0,0.57,0.26829269528388977,3,2
3,5,25,26,010110010101010000000000001001,1,1,0,0.29,0.0,4,3
3,5,25,29,010110010101010000000000001001,1,1,0,0.12,0.3333333432674408,3,2
4,1,0,3,000110110101110011010101111001,1,1,0,0.58,0.5454545617103577,5,4
4,1,0,4,000110110101110011010101111001,1,1,0,0.22,0.1111111119389534,5,3
4,1,0,6,000110110101110011010101111001,1,1,0,0.29,0.6695652008056641,5,3
4,1,0,7,000110110101110011010101111001,1,1,0,0.21,0.0,1,1
4,1,0,9,000110110101110011010101111001,1,1,0,0.29,0.25287356972694397,1,1
4,1,0,11,000110110101110011010101111001,1,1,0,0.7,0.2142857164144516,5,4
4,1,0,12,000110110101110011010101111001,1,1,0,0.7,0.12280701845884323,5,4
4,1,0,13,000110110101110011010101111001,1,1,0,0.62,0.9024389982223511,3,2
4,1,0,16,000110110101110011010101111001,1,1,0,0.49,0.6578947305679321,1,1
4,1,0,17,000110110101110011010101111001,1,1,0,0.53,0.7142857313156128,1,1
4,1,0,19,000110110101110011010101111001,1,1,0,0.5,0.3916083872318268,5,4
4,1,0,21,000110110101110011010101111001,1,1,0,0.69,0.4134078323841095,5,3
4,1,0,23,000110110101110011010101111001,1,1,0,0.54,0.4262295067310333,3,2
4,1,0,24,000110110101110011010101111001,1,1,0,0.11,0.3965517282485962,5,2
4,1,0,25,000110110101110011010101111001,1,1,0,0.45,0.1568627506494522,5,3
4,1,0,26,000110110101110011010101111001,1,1,0,0.34,0.02631578966975212,4,3
4,1,0,29,000110110101110011010101111001,1,1,0,0.17,0.4166666567325592,3,2
4,1,1,2,001111101111111000110101000110,1,1,0,0.41,0.2926829159259796,5,3
4,1,1,3,001111101111111000110101000110,1,1,0,0.58,0.5454545617103577,5,4
4,1,1,4,001111101111111000110101000110,1,1,0,0.22,0.1111111119389534,5,3
4,1,1,5,001111101111111000110101000110,1,1,0,0.5,0.75,5,5
4,1,1,6,001111101111111000110101000110,1,1,0,0.29,0.6695652008056641,5,3
4,1,1,8,001111101111111000110101000110,1,1,0,0.51,0.8395061492919922,5,5
4,1,1,9,001111101111111000110101000110,1,1,0,0.29,0.25287356972694397,1,1
4,1,1,10,001111101111111000110101000110,1,1,0,0.37,0.8181818127632141,5,2
4,1,1,11,001111101111111000110101000110,1,1,0,0.7,0.2142857164144516,5,4
4,1,1,12,001111101111111000110101000110,1,1,0,0.7,0.12280701845884323,5,4
4,1,1,13,001111101111111000110101000110,1,1,0,0.62,0.9024389982223511,3,2
4,1,1,14,001111101111111000110101000110,1,1,0,0.53,0.3552631437778473,5,3
4,1,1,18,001111101111111000110101000110,1,1,0,0.72,0.4523809552192688,3,2
4,1,1,19,001111101111111000110101000110,1,1,0,0.5,0.3916083872318268,5,4
4,1,1,21,001111101111111000110101000110,1,1,0,0.69,0.4134078323841095,5,3
4,1,1,23,001111101111111000110101000110,1,1,0,0.54,0.4262295067310333,3,2
4,1,1,27,001111101111111000110101000110,1,1,0,0.79,0.6594203114509583,5,3
4,1,1,28,001111101111111000110101000110,1,1,0,0.4,0.8965517282485962,3,2
4,1,2,0,111110111111110010100100001101,1,1,0,0.3,0.8030303120613098,1,1
4,1,2,1,111110111111110010100100001101,1,1,0,0.8,0.20202019810676575,4,3
4,1,2,2,111110111111110010100100001101,1,1,0,0.41,0.2926829159259796,5,3
4,1,2,3,111110111111110010100100001101,1,1,0,0.58,0.5454545617103577,5,4
4,1,2,4,111110111111110010100100001101,1,1,0,0.22,0.1111111119389534,5,3
4,1,2,6,111110111111110010100100001101,1,1,0,0.29,0.6695652008056641,5,3
4,1,2,7,111110111111110010100100001101,1,1,0,0.21,0.0,1,1
4,1,2,8,111110111111110010100100001101,1,1,0,0.51,0.8395061492919922,5,5
4,1,2,9,111110111111110010100100001101,1,1,0,0.29,0.25287356972694397,1,1
4,1,2,10,111110111111110010100100001101,1,1,0,0.37,0.8181818127632141,5,2
4,1,2,11,111110111111110010100100001101,1,1,0,0.7,0.2142857164144516,5,4
4,1,2,12,111110111111110010100100001101,1,1,0,0.7,0.12280701845884323,5,4
4,1,2,13,111110111111110010100100001101,1,1,0,0.62,0.9024389982223511,3,2
4,1,2,16,111110111111110010100100001101,1,1,0,0.49,0.6578947305679321,1,1
4,1,2,18,111110111111110010100100001101,1,1,0,0.72,0.4523809552192688,3,2
4,1,2,21,111110111111110010100100001101,1,1,0,0.69,0.4134078323841095,5,3
4,1,2,26,111110111111110010100100001101,1,1,0,0.34,0.02631578966975212,4,3
4,1,2,27,111110111111110010100100001101,1,1,0,0.79,0.6594203114509583,5,3
4,1,2,29,111110111111110010100100001101,1,1,0,0.17,0.4166666567325592,3,2
4,1,3,0,100111011110011000001101101010,1,1,0,0.3,0.8030303120613098,1,1
4,1,3,3,100111011110011000001101101010,1,1,0,0.58,0.5454545617103577,5,4
4,1,3,4,100111011110011000001101101010,1,1,0,0.22,0.1111111119389534,5,3
4,1,3,5,100111011110011000001101101010,1,1,0,0.5,0.75,5,5
4,1,3,7,100111011110011000001101101010,1,1,0,0.21,0.0,1,1
4,1,3,8,100111011110011000001101101010,1,1,0,0.51,0.8395061492919922,5,5
4,1,3,9,100111011110011000001101101010,1,1,0,0.29,0.25287356972694397,1,1
4,1,3,10,100111011110011000001101101010,1,1,0,0.37,0.8181818127632141,5,2
4,1,3,13,100111011110011000001101101010,1,1,0,0.62,0.9024389982223511,3,2
4,1,3,14,100111011110011000001101101010,1,1,0,0.53,0.3552631437778473,5,3
4,1,3,20,100111011110011000001101101010,1,1,0,0.69,0.3529411852359772,5,3
4,1,3,21,100111011110011000001101101010,1,1,0,0.69,0.4134078323841095,5,3
4,1,3,23,100111011110011000001101101010,1,1,0,0.54,0.4262295067310333,3,2
4,1,3,24,100111011110011000001101101010,1,1,0,0.11,0.3965517282485962,5,2
4,1,3,26,100111011110011000001101101010,1,1,0,0.34,0.02631578966975212,4,3
4,1,3,28,100111011110011000001101101010,1,1,0,0.4,0.8965517282485962,3,2
4,1,4,1,011011011100001100011100011110,1,1,0,0.8,0.20202019810676575,4,3
4,1,4,2,011011011100001100011100011110,1,1,0,0.41,0.2926829159259796,5,3
4,1,4,4,011011011100001100011100011110,1,1,0,0.22,0.1111111119389534,5,3
4,1,4,5,011011011100001100011100011110,1,1,0,0.5,0.75,5,5
4,1,4,7,011011011100001100011100011110,1,1,0,0.21,0.0,1,1
4,1,4,8,011011011100001100011100011110,1,1,0,0.51,0.8395061492919922,5,5
4,1,4,9,011011011100001100011100011110,1,1,0,0.29,0.25287356972694397,1,1
4,1,4,14,011011011100001100011100011110,1,1,0,0.53,0.3552631437778473,5,3
4,1,4,15,011011011100001100011100011110,1,1,0,0.5,0.47999998927116394,5,2
4,1,4,19,011011011100001100011100011110,1,1,0,0.5,0.3916083872318268,5,4
4,1,4,20,011011011100001100011100011110,1,1,0,0.69,0.3529411852359772,5,3
4,1,4,21,011011011100001100011100011110,1,1,0,0.69,0.4134078323841095,5,3
4,1,4,25,011011011100001100011100011110,1,1,0,0.45,0.1568627506494522,5,3
4,1,4,26,011011011100001100011100011110,1,1,0,0.34,0.02631578966975212,4,3
4,1,4,27,011011011100001100011100011110,1,1,0,0.79,0.6594203114509583,5,3
4,1,4,28,011011011100001100011100011110,1,1,0,0.4,0.8965517282485962,3,2
4,1,5,1,011011001010110110101100001000,1,1,0,0.8,0.20202019810676575,4,3
4,1,5,2,011011001010110110101100001000,1,1,0,0.41,0.2926829159259796,5,3
4,1,5,4,011011001010110110101100001000,1,1,0,0.22,0.1111111119389534,5,3
4,1,5,5,011011001010110110101100001000,1,1,0,0.5,0.75,5,5
4,1,5,8,011011001010110110101100001000,1,1,0,0.51,0.8395061492919922,5,5
4,1,5,10,011011001010110110101100001000,1,1,0,0.37,0.8181818127632141,5,2
4,1,5,12,011011001010110110101100001000,1,1,0,0.7,0.12280701845884323,5,4
4,1,5,13,011011001010110110101100001000,1,1,0,0.62,0.9024389982223511,3,2
4,1,5,15,011011001010110110101100001000,1,1,0,0.5,0.47999998927116394,5,2
4,1,5,16,011011001010110110101100001000,1,1,0,0.49,0.6578947305679321,1,1
4,1,5,18,011011001010110110101100001000,1,1,0,0.72,0.4523809552192688,3,2
4,1,5,20,011011001010110110101100001000,1,1,0,0.69,0.3529411852359772,5,3
4,1,5,21,011011001010110110101100001000,1,1,0,0.69,0.4134078323841095,5,3
4,1,5,26,011011001010110110101100001000,1,1,0,0.34,0.02631578966975212,4,3
4,1,6,4,000010111110101101100110010011,1,1,0,0.22,0.1111111119389534,5,3
4,1,6,6,000010111110101101100110010011,1,1,0,0.29,0.6695652008056641,5,3
4,1,6,7,000010111110101101100110010011,1,1,0,0.21,0.0,1,1
4,1,6,8,000010111110101101100110010011,1,1,0,0.51,0.8395061492919922,5,5
4,1,6,9,000010111110101101100110010011,1,1,0,0.29,0.25287356972694397,1,1
4,1,6,10,000010111110101101100110010011,1,1,0,0.37,0.8181818127632141,5,2
4,1,6,12,000010111110101101100110010011,1,1,0,0.7,0.12280701845884323,5,4
4,1,6,14,000010111110101101100110010011,1,1,0,0.53,0.3552631437778473,5,3
4,1,6,15,000010111110101101100110010011,1,1,0,0.5,0.47999998927116394,5,2
4,1,6,17,000010111110101101100110010011,1,1,0,0.53,0.7142857313156128,1,1
4,1,6,18,000010111110101101100110010011,1,1,0,0.72,0.4523809552192688,3,2
4,1,6,21,000010111110101101100110010011,1,1,0,0.69,0.4134078323841095,5,3
4,1,6,22,000010111110101101100110010011,1,1,0,0.29,0.6142857074737549,1,1
4,1,6,25,000010111110101101100110010011,1,1,0,0.45,0.1568627506494522,5,3
4,1,6,28,000010111110101101100110010011,1,1,0,0.4,0.8965517282485962,3,2
4,1,6,29,000010111110101101100110010011,1,1,0,0.17,0.4166666567325592,3,2
4,1,7,0,111111110001101111011111011010,1,1,0,0.3,0.8030303120613098,1,1
4,1,7,1,111111110001101111011111011010,1,1,0,0.8,0.20202019810676575,4,3
4,1,7,2,111111110001101111011111011010,1,1,0,0.41,0.2926829159259796,5,3
4,1,7,3,111111110001101111011111011010,1,1,0,0.58,0.5454545617103577,5,4
4,1,7,4,111111110001101111011111011010,1,1,0,0.22,0.1111111119389534,5,3
4,1,7,5,111111110001101111011111011010,1,1,0,0.5,0.75,5,5
4,1,7,6,111111110001101111011111011010,1,1,0,0.29,0.6695652008056641,5,3
4,1,7,7,111111110001101111011111011010,1,1,0,0.21,0.0,1,1
4,1,7,11,111111110001101111011111011010,1,1,0,0.7,0.2142857164144516,5,4
4,1,7,12,111111110001101111011111011010,1,1,0,0.7,0.12280701845884323,5,4
4,1,7,14,111111110001101111011111011010,1,1,0,0.53,0.3552631437778473,5,3
4,1,7,15,111111110001101111011111011010,1,1,0,0.5,0.47999998927116394,5,2
4,1,7,16,111111110001101111011111011010,1,1,0,0.49,0.6578947305679321,1,1
4,1,7,17,111111110001101111011111011010,1,1,0,0.53,0.7142857313156128,1,1
4,1,7,19,111111110001101111011111011010,1,1,0,0.5,0.3916083872318268,5,4
4,1,7,20,111111110001101111011111011010,1,1,0,0.69,0.3529411852359772,5,3
4,1,7,21,111111110001101111011111011010,1,1,0,0.69,0.4134078323841095,5,3
4,1,7,22,111111110001101111011111011010,1,1,0,0.29,0.6142857074737549,1,1
4,1,7,23,111111110001101111011111011010,1,1,0,0.54,0.4262295067310333,3,2
4,1,7,25,111111110001101111011111011010,1,1,0,0.45,0.1568627506494522,5,3
4,1,7,26,111111110001101111011111011010,1,1,0,0.34,0.02631578966975212,4,3
4,1,7,28,111111110001101111011111011010,1,1,0,0.4,0.8965517282485962,3,2
4,2,0,3,000110110101110011010101111001,1,1,0,0.58,0.5454545617103577,5,4
4,2,0,4,000110110101110011010101111001,1,1,0,0.22,0.1111111119389534,5,3
4,2,0,6,000110110101110011010101111001,1,1,0,0.29,0.6695652008056641,5,3
4,2,0,7,000110110101110011010101111001,1,1,0,0.21,0.0,1,1
4,2,0,9,000110110101110011010101111001,1,1,0,0.29,0.25287356972694397,1,1
4,2,0,11,000110110101110011010101111001,1,1,0,0.7,0.2142857164144516,5,4
4,2,0,12,000110110101110011010101111001,1,1,0,0.7,0.12280701845884323,5,4
4,2,0,13,000110110101110011010101111001,1,1,0,0.62,0.9024389982223511,3,2
4,2,0,16,000110110101110011010101111001,1,1,0,0.49,0.6578947305679321,1,1
4,2,0,17,000110110101110011010101111001,1,1,0,0.53,0.7142857313156128,1,1
4,2,0,19,000110110101110011010101111001,1,1,0,0.5,0.3916083872318268,5,4
4,2,0,21,000110110101110011010101111001,1,1,0,0.69,0.4134078323841095,5,3
4,2,0,23,000110110101110011010101111001,1,1,0,0.54,0.4262295067310333,3,2
4,2,0,24,000110110101110011010101111001,1,1,0,0.11,0.3965517282485962,5,2
4,2,0,25,000110110101110011010101111001,1,1,0,0.45,0.1568627506494522,5,3
4,2,0,26,000110110101110011010101111001,1,1,0,0.34,0.02631578966975212,4,3
4,2,0,29,000110110101110011010101111001,1,1,0,0.17,0.4166666567325592,3,2
4,2,1,2,001111101111111000110101000110,1,1,0,0.41,0.2926829159259796,5,3
4,2,1,3,001111101111111000110101000110,1,1,0,0.58,0.5454545617103577,5,4
4,2,1,4,001111101111111000110101000110,1,1,0,0.22,0.1111111119389534,5,3
4,2,1,5,001111101111111000110101000110,1,1,0,0.5,0.75,5,5
4,2,1,6,001111101111111000110101000110,1,1,0,0.29,0.6695652008056641,5,3
4,2,1,8,001111101111111000110101000110,1,1,0,0.51,0.8395061492919922,5,5
4,2,1,9,001111101111111000110101000110,1,1,0,0.29,0.25287356972694397,1,1
4,2,1,10,001111101111111000110101000110,1,1,0,0.37,0.8181818127632141,5,2
4,2,1,11,001111101111111000110101000110,1,1,0,0.7,0.2142857164144516,5,4
4,2,1,12,001111101111111000110101000110,1,1,0,0.7,0.12280701845884323,5,4
4,2,1,13,001111101111111000110101000110,1,1,0,0.62,0.9024389982223511,3,2
4,2,1,14,001111101111111000110101000110,1,1,0,0.53,0.3552631437778473,5,3
4,2,1,18,001111101111111000110101000110,1,1,0,0.72,0.4523809552192688,3,2
4,2,1,19,001111101111111000110101000110,1,1,0,0.5,0.3916083872318268,5,4
4,2,1,21,001111101111111000110101000110,1,1,0,0.69,0.4134078323841095,5,3
4,2,1,23,001111101111111000110101000110,1,1,0,0.54,0.4262295067310333,3,2
4,2,1,27,001111101111111000110101000110,1,1,0,0.79,0.6594203114509583,5,3
4,2,1,28,001111101111111000110101000110,1,1,0,0.4,0.8965517282485962,3,2
4,2,2,0,111110111111110010100100001101,1,1,0,0.3,0.8030303120613098,1,1
4,2,2,1,111110111111110010100100001101,1,1,0,0.8,0.20202019810676575,4,3
4,2,2,2,111110111111110010100100001101,1,1,0,0.41,0.2926829159259796,5,3
4,2,2,3,111110111111110010100100001101,1,1,0,0.58,0.5454545617103577,5,4
4,2,2,4,111110111111110010100100001101,1,1,0,0.22,0.1111111119389534,5,3
4,2,2,6,111110111111110010100100001101,1,1,0,0.29,0.6695652008056641,5,3
4,2,2,7,111110111111110010100100001101,1,1,0,0.21,0.0,1,1
4,2,2,8,111110111111110010100100001101,1,1,0,0.51,0.8395061492919922,5,5
4,2,2,9,111110111111110010100100001101,1,1,0,0.29,0.25287356972694397,1,1
4,2,2,10,111110111111110010100100001101,1,1,0,0.37,0.8181818127632141,5,2
4,2,2,11,111110111111110010100100001101,1,1,0,0.7,0.2142857164144516,5,4
4,2,2,12,111110111111110010100100001101,1,1,0,0.7,0.12280701845884323,5,4
4,2,2,13,111110111111110010100100001101,1,1,0,0.62,0.9024389982223511,3,2
4,2,2,16,111110111111110010100100001101,1,1,0,0.49,0.6578947305679321,1,1
4,2,2,18,111110111111110010100100001101,1,1,0,0.72,0.4523809552192688,3,2
4,2,2,21,111110111111110010100100001101,1,1,0,0.69,0.4134078323841095,5,3
4,2,2,26,111110111111110010100100001101,1,1,0,0.34,0.02631578966975212,4,3
4,2,2,27,111110111111110010100100001101,1,1,0,0.79,0.6594203114509583,5,3
4,2,2,29,111110111111110010100100001101,1,1,0,0.17,0.4166666567325592,3,2
4,2,3,1,011011001010110110101100001000,1,1,0,0.8,0.20202019810676575,4,3
4,2,3,2,011011001010110110101100001000,1,1,0,0.41,0.2926829159259796,5,3
4,2,3,4,011011001010110110101100001000,1,1,0,0.22,0.1111111119389534,5,3
4,2,3,5,011011001010110110101100001000,1,1,0,0.5,0.75,5,5
4,2,3,8,011011001010110110101100001000,1,1,0,0.51,0.8395061492919922,5,5
4,2,3,10,011011001010110110101100001000,1,1,0,0.37,0.8181818127632141,5,2
4,2,3,12,011011001010110110101100001000,1,1,0,0.7,0.12280701845884323,5,4
4,2,3,13,011011001010110110101100001000,1,1,0,0.62,0.9024389982223511,3,2
4,2,3,15,011011001010110110101100001000,1,1,0,0.5,0.47999998927116394,5,2
4,2,3,16,011011001010110110101100001000,1,1,0,0.49,0.6578947305679321,1,1
4,2,3,18,011011001010110110101100001000,1,1,0,0.72,0.4523809552192688,3,2
4,2,3,20,011011001010110110101100001000,1,1,0,0.69,0.3529411852359772,5,3
4,2,3,21,011011001010110110101100001000,1,1,0,0.69,0.4134078323841095,5,3
4,2,3,26,011011001010110110101100001000,1,1,0,0.34,0.02631578966975212,4,3
4,2,4,0,111111110001101111011111011010,1,1,0,0.3,0.8030303120613098,1,1
4,2,4,1,111111110001101111011111011010,1,1,0,0.8,0.20202019810676575,4,3
4,2,4,2,111111110001101111011111011010,1,1,0,0.41,0.2926829159259796,5,3
4,2,4,3,111111110001101111011111011010,1,1,0,0.58,0.5454545617103577,5,4
4,2,4,4,111111110001101111011111011010,1,1,0,0.22,0.1111111119389534,5,3
4,2,4,5,111111110001101111011111011010,1,1,0,0.5,0.75,5,5
4,2,4,6,111111110001101111011111011010,1,1,0,0.29,0.6695652008056641,5,3
4,2,4,7,111111110001101111011111011010,1,1,0,0.21,0.0,1,1
4,2,4,11,111111110001101111011111011010,1,1,0,0.7,0.2142857164144516,5,4
4,2,4,12,111111110001101111011111011010,1,1,0,0.7,0.12280701845884323,5,4
4,2,4,14,111111110001101111011111011010,1,1,0,0.53,0.3552631437778473,5,3
4,2,4,15,111111110001101111011111011010,1,1,0,0.5,0.47999998927116394,5,2
4,2,4,16,111111110001101111011111011010,1,1,0,0.49,0.6578947305679321,1,1
4,2,4,17,111111110001101111011111011010,1,1,0,0.53,0.7142857313156128,1,1
4,2,4,19,111111110001101111011111011010,1,1,0,0.5,0.3916083872318268,5,4
4,2,4,20,111111110001101111011111011010,1,1,0,0.69,0.3529411852359772,5,3
4,2,4,21,111111110001101111011111011010,1,1,0,0.69,0.4134078323841095,5,3
4,2,4,22,111111110001101111011111011010,1,1,0,0.29,0.6142857074737549,1,1
4,2,4,23,111111110001101111011111011010,1,1,0,0.54,0.4262295067310333,3,2
4,2,4,25,111111110001101111011111011010,1,1,0,0.45,0.1568627506494522,5,3
4,2,4,26,111111110001101111011111011010,1,1,0,0.34,0.02631578966975212,4,3
4,2,4,28,111111110001101111011111011010,1,1,0,0.4,0.8965517282485962,3,2
4,2,5,1,011011011100001100011000101100,1,1,0,0.8,0.20202019810676575,4,3
4,2,5,2,011011011100001100011000101100,1,1,0,0.41,0.2926829159259796,5,3
4,2,5,4,011011011100001100011000101100,1,1,0,0.22,0.1111111119389534,5,3
4,2,5,5,011011011100001100011000101100,1,1,0,0.5,0.75,5,5
4,2,5,7,011011011100001100011000101100,1,1,0,0.21,0.0,1,1
4,2,5,8,011011011100001100011000101100,1,1,0,0.51,0.8395061492919922,5,5
4,2,5,9,011011011100001100011000101100,1,1,0,0.29,0.25287356972694397,1,1
4,2,5,14,011011011100001100011000101100,1,1,0,0.53,0.3552631437778473,5,3
4,2,5,15,011011011100001100011000101100,1,1,0,0.5,0.47999998927116394,5,2
4,2,5,19,011011011100001100011000101100,1,1,0,0.5,0.3916083872318268,5,4
4,2,5,20,011011011100001100011000101100,1,1,0,0.69,0.3529411852359772,5,3
4,2,5,24,011011011100001100011000101100,1,1,0,0.11,0.3965517282485962,5,2
4,2,5,26,011011011100001100011000101100,1,1,0,0.34,0.02631578966975212,4,3
4,2,5,27,011011011100001100011000101100,1,1,0,0.79,0.6594203114509583,5,3
4,2,6,4,000010101101011100000101111000,1,1,0,0.22,0.1111111119389534,5,3
4,2,6,6,000010101101011100000101111000,1,1,0,0.29,0.6695652008056641,5,3
4,2,6,8,000010101101011100000101111000,1,1,0,0.51,0.8395061492919922,5,5
4,2,6,9,000010101101011100000101111000,1,1,0,0.29,0.25287356972694397,1,1
4,2,6,11,000010101101011100000101111000,1,1,0,0.7,0.2142857164144516,5,4
4,2,6,13,000010101101011100000101111000,1,1,0,0.62,0.9024389982223511,3,2
4,2,6,14,000010101101011100000101111000,1,1,0,0.53,0.3552631437778473,5,3
4,2,6,15,000010101101011100000101111000,1,1,0,0.5,0.47999998927116394,5,2
4,2,6,21,000010101101011100000101111000,1,1,0,0.69,0.4134078323841095,5,3
4,2,6,23,000010101101011100000101111000,1,1,0,0.54,0.4262295067310333,3,2
4,2,6,24,000010101101011100000101111000,1,1,0,0.11,0.3965517282485962,5,2
4,2,6,25,000010101101011100000101111000,1,1,0,0.45,0.1568627506494522,5,3
4,2,6,26,000010101101011100000101111000,1,1,0,0.34,0.02631578966975212,4,3
4,2,7,0,111011100111110000100100001101,1,1,0,0.3,0.8030303120613098,1,1
4,2,7,1,111011100111110000100100001101,1,1,0,0.8,0.20202019810676575,4,3
4,2,7,2,111011100111110000100100001101,1,1,0,0.41,0.2926829159259796,5,3
4,2,7,4,111011100111110000100100001101,1,1,0,0.22,0.1111111119389534,5,3
4,2,7,5,111011100111110000100100001101,1,1,0,0.5,0.75,5,5
4,2,7,6,111011100111110000100100001101,1,1,0,0.29,0.6695652008056641,5,3
4,2,7,9,111011100111110000100100001101,1,1,0,0.29,0.25287356972694397,1,1
4,2,7,10,111011100111110000100100001101,1,1,0,0.37,0.8181818127632141,5,2
4,2,7,11,111011100111110000100100001101,1,1,0,0.7,0.2142857164144516,5,4
4,2,7,12,111011100111110000100100001101,1,1,0,0.7,0.12280701845884323,5,4
4,2,7,13,111011100111110000100100001101,1,1,0,0.62,0.9024389982223511,3,2
4,2,7,18,111011100111110000100100001101,1,1,0,0.72,0.4523809552192688,3,2
4,2,7,21,111011100111110000100100001101,1,1,0,0.69,0.4134078323841095,5,3
4,2,7,26,111011100111110000100100001101,1,1,0,0.34,0.02631578966975212,4,3
4,2,7,27,111011100111110000100100001101,1,1,0,0.79,0.6594203114509583,5,3
4,2,7,29,111011100111110000100100001101,1,1,0,0.17,0.4166666567325592,3,2
4,2,8,3,000110110101100010000101111001,1,1,0,0.58,0.5454545617103577,5,4
4,2,8,4,000110110101100010000101111001,1,1,0,0.22,0.1111111119389534,5,3
4,2,8,6,000110110101100010000101111001,1,1,0,0.29,0.6695652008056641,5,3
4,2,8,7,000110110101100010000101111001,1,1,0,0.21,0.0,1,1
4,2,8,9,000110110101100010000101111001,1,1,0,0.29,0.25287356972694397,1,1
4,2,8,11,000110110101100010000101111001,1,1,0,0.7,0.2142857164144516,5,4
4,2,8,12,000110110101100010000101111001,1,1,0,0.7,0.12280701845884323,5,4
4,2,8,16,000110110101100010000101111001,1,1,0,0.49,0.6578947305679321,1,1
4,2,8,21,000110110101100010000101111001,1,1,0,0.69,0.4134078323841095,5,3
4,2,8,23,000110110101100010000101111001,1,1,0,0.54,0.4262295067310333,3,2
4,2,8,24,000110110101100010000101111001,1,1,0,0.11,0.3965517282485962,5,2
4,2,8,25,000110110101100010000101111001,1,1,0,0.45,0.1568627506494522,5,3
4,2,8,26,000110110101100010000101111001,1,1,0,0.34,0.02631578966975212,4,3
4,2,8,29,000110110101100010000101111001,1,1,0,0.17,0.4166666567325592,3,2
4,2,9,1,011011001010110100101100000000,1,1,0,0.8,0.20202019810676575,4,3
4,2,9,2,011011001010110100101100000000,1,1,0,0.41,0.2926829159259796,5,3
4,2,9,4,011011001010110100101100000000,1,1,0,0.22,0.1111111119389534,5,3
4,2,9,5,011011001010110100101100000000,1,1,0,0.5,0.75,5,5
4,2,9,8,011011001010110100101100000000,1,1,0,0.51,0.8395061492919922,5,5
4,2,9,10,011011001010110100101100000000,1,1,0,0.37,0.8181818127632141,5,2
4,2,9,12,011011001010110100101100000000,1,1,0,0.7,0.12280701845884323,5,4
4,2,9,13,011011001010110100101100000000,1,1,0,0.62,0.9024389982223511,3,2
4,2,9,15,011011001010110100101100000000,1,1,0,0.5,0.47999998927116394,5,2
4,2,9,18,011011001010110100101100000000,1,1,0,0.72,0.4523809552192688,3,2
4,2,9,20,011011001010110100101100000000,1,1,0,0.69,0.3529411852359772,5,3
4,2,9,21,011011001010110100101100000000,1,1,0,0.69,0.4134078323841095,5,3
4,2,10,0,101001000110110000111100010101,1,1,0,0.3,0.8030303120613098,1,1
4,2,10,2,101001000110110000111100010101,1,1,0,0.41,0.2926829159259796,5,3
4,2,10,5,101001000110110000111100010101,1,1,0,0.5,0.75,5,5
4,2,10,9,101001000110110000111100010101,1,1,0,0.29,0.25287356972694397,1,1
4,2,10,10,101001000110110000111100010101,1,1,0,0.37,0.8181818127632141,5,2
4,2,10,12,101001000110110000111100010101,1,1,0,0.7,0.12280701845884323,5,4
4,2,10,13,101001000110110000111100010101,1,1,0,0.62,0.9024389982223511,3,2
4,2,10,18,101001000110110000111100010101,1,1,0,0.72,0.4523809552192688,3,2
4,2,10,19,101001000110110000111100010101,1,1,0,0.5,0.3916083872318268,5,4
4,2,10,20,101001000110110000111100010101,1,1,0,0.69,0.3529411852359772,5,3
4,2,10,21,101001000110110000111100010101,1,1,0,0.69,0.4134078323841095,5,3
4,2,10,25,101001000110110000111100010101,1,1,0,0.45,0.1568627506494522,5,3
4,2,10,27,101001000110110000111100010101,1,1,0,0.79,0.6594203114509583,5,3
4,2,10,29,101001000110110000111100010101,1,1,0,0.17,0.4166666567325592,3,2
4,2,11,0,111000010101101011111000001101,1,1,0,0.3,0.8030303120613098,1,1
4,2,11,1,111000010101101011111000001101,1,1,0,0.8,0.20202019810676575,4,3
4,2,11,2,111000010101101011111000001101,1,1,0,0.41,0.2926829159259796,5,3
4,2,11,7,111000010101101011111000001101,1,1,0,0.21,0.0,1,1
4,2,11,9,111000010101101011111000001101,1,1,0,0.29,0.25287356972694397,1,1
4,2,11,11,111000010101101011111000001101,1,1,0,0.7,0.2142857164144516,5,4
4,2,11,12,111000010101101011111000001101,1,1,0,0.7,0.12280701845884323,5,4
4,2,11,14,111000010101101011111000001101,1,1,0,0.53,0.3552631437778473,5,3
4,2,11,16,111000010101101011111000001101,1,1,0,0.49,0.6578947305679321,1,1
4,2,11,17,111000010101101011111000001101,1,1,0,0.53,0.7142857313156128,1,1
4,2,11,18,111000010101101011111000001101,1,1,0,0.72,0.4523809552192688,3,2
4,2,11,19,111000010101101011111000001101,1,1,0,0.5,0.3916083872318268,5,4
4,2,11,20,111000010101101011111000001101,1,1,0,0.69,0.3529411852359772,5,3
4,2,11,26,111000010101101011111000001101,1,1,0,0.34,0.02631578966975212,4,3
4,2,11,27,111000010101101011111000001101,1,1,0,0.79,0.6594203114509583,5,3
4,2,11,29,111000010101101011111000001101,1,1,0,0.17,0.4166666567325592,3,2
4,2,12,0,110011100111100000011100100100,1,1,0,0.3,0.8030303120613098,1,1
4,2,12,1,110011100111100000011100100100,1,1,0,0.8,0.20202019810676575,4,3
4,2,12,4,110011100111100000011100100100,1,1,0,0.22,0.1111111119389534,5,3
4,2,12,5,110011100111100000011100100100,1,1,0,0.5,0.75,5,5
4,2,12,6,110011100111100000011100100100,1,1,0,0.29,0.6695652008056641,5,3
4,2,12,9,110011100111100000011100100100,1,1,0,0.29,0.25287356972694397,1,1
4,2,12,10,110011100111100000011100100100,1,1,0,0.37,0.8181818127632141,5,2
4,2,12,11,110011100111100000011100100100,1,1,0,0.7,0.2142857164144516,5,4
4,2,12,12,110011100111100000011100100100,1,1,0,0.7,0.12280701845884323,5,4
4,2,12,19,110011100111100000011100100100,1,1,0,0.5,0.3916083872318268,5,4
4,2,12,20,110011100111100000011100100100,1,1,0,0.69,0.3529411852359772,5,3
4,2,12,21,110011100111100000011100100100,1,1,0,0.69,0.4134078323841095,5,3
4,2,12,24,110011100111100000011100100100,1,1,0,0.11,0.3965517282485962,5,2
4,2,12,27,110011100111100000011100100100,1,1,0,0.79,0.6594203114509583,5,3
4,3,0,2,001111101111111000110101000110,1,1,0,0.41,0.2926829159259796,5,3
4,3,0,3,001111101111111000110101000110,1,1,0,0.58,0.5454545617103577,5,4
4,3,0,4,001111101111111000110101000110,1,1,0,0.22,0.1111111119389534,5,3
4,3,0,5,001111101111111000110101000110,1,1,0,0.5,0.75,5,5
4,3,0,6,001111101111111000110101000110,1,1,0,0.29,0.6695652008056641,5,3
4,3,0,8,001111101111111000110101000110,1,1,0,0.51,0.8395061492919922,5,5
4,3,0,9,001111101111111000110101000110,1,1,0,0.29,0.25287356972694397,1,1
4,3,0,10,001111101111111000110101000110,1,1,0,0.37,0.8181818127632141,5,2
4,3,0,11,001111101111111000110101000110,1,1,0,0.7,0.2142857164144516,5,4
4,3,0,12,001111101111111000110101000110,1,1,0,0.7,0.12280701845884323,5,4
4,3,0,13,001111101111111000110101000110,1,1,0,0.62,0.9024389982223511,3,2
4,3,0,14,001111101111111000110101000110,1,1,0,0.53,0.3552631437778473,5,3
4,3,0,18,001111101111111000110101000110,1,1,0,0.72,0.4523809552192688,3,2
4,3,0,19,001111101111111000110101000110,1,1,0,0.5,0.3916083872318268,5,4
4,3,0,21,001111101111111000110101000110,1,1,0,0.69,0.4134078323841095,5,3
4,3,0,23,001111101111111000110101000110,1,1,0,0.54,0.4262295067310333,3,2
4,3,0,27,001111101111111000110101000110,1,1,0,0.79,0.6594203114509583,5,3
4,3,0,28,001111101111111000110101000110,1,1,0,0.4,0.8965517282485962,3,2
4,3,1,0,111011100111110000100100001101,1,1,0,0.3,0.8030303120613098,1,1
4,3,1,1,111011100111110000100100001101,1,1,0,0.8,0.20202019810676575,4,3
4,3,1,2,111011100111110000100100001101,1,1,0,0.41,0.2926829159259796,5,3
4,3,1,4,111011100111110000100100001101,1,1,0,0.22,0.1111111119389534,5,3
4,3,1,5,111011100111110000100100001101,1,1,0,0.5,0.75,5,5
4,3,1,6,111011100111110000100100001101,1,1,0,0.29,0.6695652008056641,5,3
4,3,1,9,111011100111110000100100001101,1,1,0,0.29,0.25287356972694397,1,1
4,3,1,10,111011100111110000100100001101,1,1,0,0.37,0.8181818127632141,5,2
4,3,1,11,111011100111110000100100001101,1,1,0,0.7,0.2142857164144516,5,4
4,3,1,12,111011100111110000100100001101,1,1,0,0.7,0.12280701845884323,5,4
4,3,1,13,111011100111110000100100001101,1,1,0,0.62,0.9024389982223511,3,2
4,3,1,18,111011100111110000100100001101,1,1,0,0.72,0.4523809552192688,3,2
4,3,1,21,111011100111110000100100001101,1,1,0,0.69,0.4134078323841095,5,3
4,3,1,26,111011100111110000100100001101,1,1,0,0.34,0.02631578966975212,4,3
4,3,1,27,111011100111110000100100001101,1,1,0,0.79,0.6594203114509583,5,3
4,3,1,29,111011100111110000100100001101,1,1,0,0.17,0.4166666567325592,3,2
4,3,2,3,000110110101100010000101111001,1,1,0,0.58,0.5454545617103577,5,4
4,3,2,4,000110110101100010000101111001,1,1,0,0.22,0.1111111119389534,5,3
4,3,2,6,000110110101100010000101111001,1,1,0,0.29,0.6695652008056641,5,3
4,3,2,7,000110110101100010000101111001,1,1,0,0.21,0.0,1,1
4,3,2,9,000110110101100010000101111001,1,1,0,0.29,0.25287356972694397,1,1
4,3,2,11,000110110101100010000101111001,1,1,0,0.7,0.2142857164144516,5,4
4,3,2,12,000110110101100010000101111001,1,1,0,0.7,0.12280701845884323,5,4
4,3,2,16,000110110101100010000101111001,1,1,0,0.49,0.6578947305679321,1,1
4,3,2,21,000110110101100010000101111001,1,1,0,0.69,0.4134078323841095,5,3
4,3,2,23,000110110101100010000101111001,1,1,0,0.54,0.4262295067310333,3,2
4,3,2,24,000110110101100010000101111001,1,1,0,0.11,0.3965517282485962,5,2
4,3,2,25,000110110101100010000101111001,1,1,0,0.45,0.1568627506494522,5,3
4,3,2,26,000110110101100010000101111001,1,1,0,0.34,0.02631578966975212,4,3
4,3,2,29,000110110101100010000101111001,1,1,0,0.17,0.4166666567325592,3,2
4,3,3,1,011011001010110100101100000000,1,1,0,0.8,0.20202019810676575,4,3
4,3,3,2,011011001010110100101100000000,1,1,0,0.41,0.2926829159259796,5,3
4,3,3,4,011011001010110100101100000000,1,1,0,0.22,0.1111111119389534,5,3
4,3,3,5,011011001010110100101100000000,1,1,0,0.5,0.75,5,5
4,3,3,8,011011001010110100101100000000,1,1,0,0.51,0.8395061492919922,5,5
4,3,3,10,011011001010110100101100000000,1,1,0,0.37,0.8181818127632141,5,2
4,3,3,12,011011001010110100101100000000,1,1,0,0.7,0.12280701845884323,5,4
4,3,3,13,011011001010110100101100000000,1,1,0,0.62,0.9024389982223511,3,2
4,3,3,15,011011001010110100101100000000,1,1,0,0.5,0.47999998927116394,5,2
4,3,3,18,011011001010110100101100000000,1,1,0,0.72,0.4523809552192688,3,2
4,3,3,20,011011001010110100101100000000,1,1,0,0.69,0.3529411852359772,5,3
4,3,3,21,011011001010110100101100000000,1,1,0,0.69,0.4134078323841095,5,3
4,3,4,0,101001000110110000111100010101,1,1,0,0.3,0.8030303120613098,1,1
4,3,4,2,101001000110110000111100010101,1,1,0,0.41,0.2926829159259796,5,3
4,3,4,5,101001000110110000111100010101,1,1,0,0.5,0.75,5,5
4,3,4,9,101001000110110000111100010101,1,1,0,0.29,0.25287356972694397,1,1
4,3,4,10,101001000110110000111100010101,1,1,0,0.37,0.8181818127632141,5,2
4,3,4,12,101001000110110000111100010101,1,1,0,0.7,0.12280701845884323,5,4
4,3,4,13,101001000110110000111100010101,1,1,0,0.62,0.9024389982223511,3,2
4,3,4,18,101001000110110000111100010101,1,1,0,0.72,0.4523809552192688,3,2
4,3,4,19,101001000110110000111100010101,1,1,0,0.5,0.3916083872318268,5,4
4,3,4,20,101001000110110000111100010101,1,1,0,0.69,0.3529411852359772,5,3
4,3,4,21,101001000110110000111100010101,1,1,0,0.69,0.4134078323841095,5,3
4,3,4,25,101001000110110000111100010101,1,1,0,0.45,0.1568627506494522,5,3
4,3,4,27,101001000110110000111100010101,1,1,0,0.79,0.6594203114509583,5,3
4,3,4,29,101001000110110000111100010101,1,1,0,0.17,0.4166666567325592,3,2
4,3,5,0,110011100111100000011100100100,1,1,0,0.3,0.8030303120613098,1,1
4,3,5,1,110011100111100000011100100100,1,1,0,0.8,0.20202019810676575,4,3
4,3,5,4,110011100111100000011100100100,1,1,0,0.22,0.1111111119389534,5,3
4,3,5,5,110011100111100000011100100100,1,1,0,0.5,0.75,5,5
4,3,5,6,110011100111100000011100100100,1,1,0,0.29,0.6695652008056641,5,3
4,3,5,9,110011100111100000011100100100,1,1,0,0.29,0.25287356972694397,1,1
4,3,5,10,110011100111100000011100100100,1,1,0,0.37,0.8181818127632141,5,2
4,3,5,11,110011100111100000011100100100,1,1,0,0.7,0.2142857164144516,5,4
4,3,5,12,110011100111100000011100100100,1,1,0,0.7,0.12280701845884323,5,4
4,3,5,19,110011100111100000011100100100,1,1,0,0.5,0.3916083872318268,5,4
4,3,5,20,110011100111100000011100100100,1,1,0,0.69,0.3529411852359772,5,3
4,3,5,21,110011100111100000011100100100,1,1,0,0.69,0.4134078323841095,5,3
4,3,5,24,110011100111100000011100100100,1,1,0,0.11,0.3965517282485962,5,2
4,3,5,27,110011100111100000011100100100,1,1,0,0.79,0.6594203114509583,5,3
4,3,6,1,011001011111110100101100000000,1,1,0,0.8,0.20202019810676575,4,3
4,3,6,2,011001011111110100101100000000,1,1,0,0.41,0.2926829159259796,5,3
4,3,6,5,011001011111110100101100000000,1,1,0,0.5,0.75,5,5
4,3,6,7,011001011111110100101100000000,1,1,0,0.21,0.0,1,1
4,3,6,8,011001011111110100101100000000,1,1,0,0.51,0.8395061492919922,5,5
4,3,6,9,011001011111110100101100000000,1,1,0,0.29,0.25287356972694397,1,1
4,3,6,10,011001011111110100101100000000,1,1,0,0.37,0.8181818127632141,5,2
4,3,6,11,011001011111110100101100000000,1,1,0,0.7,0.2142857164144516,5,4
4,3,6,12,011001011111110100101100000000,1,1,0,0.7,0.12280701845884323,5,4
4,3,6,13,011001011111110100101100000000,1,1,0,0.62,0.9024389982223511,3,2
4,3,6,15,011001011111110100101100000000,1,1,0,0.5,0.47999998927116394,5,2
4,3,6,18,011001011111110100101100000000,1,1,0,0.72,0.4523809552192688,3,2
4,3,6,20,011001011111110100101100000000,1,1,0,0.69,0.3529411852359772,5,3
4,3,6,21,011001011111110100101100000000,1,1,0,0.69,0.4134078323841095,5,3
4,3,7,1,011000010101100010011010001000,1,1,0,0.8,0.20202019810676575,4,3
4,3,7,2,011000010101100010011010001000,1,1,0,0.41,0.2926829159259796,5,3
4,3,7,7,011000010101100010011010001000,1,1,0,0.21,0.0,1,1
4,3,7,9,011000010101100010011010001000,1,1,0,0.29,0.25287356972694397,1,1
4,3,7,11,011000010101100010011010001000,1,1,0,0.7,0.2142857164144516,5,4
4,3,7,12,011000010101100010011010001000,1,1,0,0.7,0.12280701845884323,5,4
4,3,7,16,011000010101100010011010001000,1,1,0,0.49,0.6578947305679321,1,1
4,3,7,19,011000010101100010011010001000,1,1,0,0.5,0.3916083872318268,5,4
4,3,7,20,011000010101100010011010001000,1,1,0,0.69,0.3529411852359772,5,3
4,3,7,22,011000010101100010011010001000,1,1,0,0.29,0.6142857074737549,1,1
4,3,7,26,011000010101100010011010001000,1,1,0,0.34,0.02631578966975212,4,3
4,3,8,1,011010111110101001100100011110,1,1,0,0.8,0.20202019810676575,4,3
4,3,8,2,011010111110101001100100011110,1,1,0,0.41,0.2926829159259796,5,3
4,3,8,4,011010111110101001100100011110,1,1,0,0.22,0.1111111119389534,5,3
4,3,8,6,011010111110101001100100011110,1,1,0,0.29,0.6695652008056641,5,3
4,3,8,7,011010111110101001100100011110,1,1,0,0.21,0.0,1,1
4,3,8,8,011010111110101001100100011110,1,1,0,0.51,0.8395061492919922,5,5
4,3,8,9,011010111110101001100100011110,1,1,0,0.29,0.25287356972694397,1,1
4,3,8,10,011010111110101001100100011110,1,1,0,0.37,0.8181818127632141,5,2
4,3,8,12,011010111110101001100100011110,1,1,0,0.7,0.12280701845884323,5,4
4,3,8,14,011010111110101001100100011110,1,1,0,0.53,0.3552631437778473,5,3
4,3,8,17,011010111110101001100100011110,1,1,0,0.53,0.7142857313156128,1,1
4,3,8,18,011010111110101001100100011110,1,1,0,0.72,0.4523809552192688,3,2
4,3,8,21,011010111110101001100100011110,1,1,0,0.69,0.4134078323841095,5,3
4,3,8,25,011010111110101001100100011110,1,1,0,0.45,0.1568627506494522,5,3
4,3,8,26,011010111110101001100100011110,1,1,0,0.34,0.02631578966975212,4,3
4,3,8,27,011010111110101001100100011110,1,1,0,0.79,0.6594203114509583,5,3
4,3,8,28,011010111110101001100100011110,1,1,0,0.4,0.8965517282485962,3,2
4,3,9,7,000000010101101011111000001101,1,1,0,0.21,0.0,1,1
4,3,9,9,000000010101101011111000001101,1,1,0,0.29,0.25287356972694397,1,1
4,3,9,11,000000010101101011111000001101,1,1,0,0.7,0.2142857164144516,5,4
4,3,9,12,000000010101101011111000001101,1,1,0,0.7,0.12280701845884323,5,4
4,3,9,14,000000010101101011111000001101,1,1,0,0.53,0.3552631437778473,5,3
4,3,9,16,000000010101101011111000001101,1,1,0,0.49,0.6578947305679321,1,1
4,3,9,17,000000010101101011111000001101,1,1,0,0.53,0.7142857313156128,1,1
4,3,9,18,000000010101101011111000001101,1,1,0,0.72,0.4523809552192688,3,2
4,3,9,19,000000010101101011111000001101,1,1,0,0.5,0.3916083872318268,5,4
4,3,9,20,000000010101101011111000001101,1,1,0,0.69,0.3529411852359772,5,3
4,3,9,26,000000010101101011111000001101,1,1,0,0.34,0.02631578966975212,4,3
4,3,9,27,000000010101101011111000001101,1,1,0,0.79,0.6594203114509583,5,3
4,3,9,29,000000010101101011111000001101,1,1,0,0.17,0.4166666567325592,3,2
4,3,10,1,011111110001000010101100101000,1,1,0,0.8,0.20202019810676575,4,3
4,3,10,2,011111110001000010101100101000,1,1,0,0.41,0.2926829159259796,5,3
4,3,10,3,011111110001000010101100101000,1,1,0,0.58,0.5454545617103577,5,4
4,3,10,4,011111110001000010101100101000,1,1,0,0.22,0.1111111119389534,5,3
4,3,10,5,011111110001000010101100101000,1,1,0,0.5,0.75,5,5
4,3,10,6,011111110001000010101100101000,1,1,0,0.29,0.6695652008056641,5,3
4,3,10,7,011111110001000010101100101000,1,1,0,0.21,0.0,1,1
4,3,10,11,011111110001000010101100101000,1,1,0,0.7,0.2142857164144516,5,4
4,3,10,16,011111110001000010101100101000,1,1,0,0.49,0.6578947305679321,1,1
4,3,10,18,011111110001000010101100101000,1,1,0,0.72,0.4523809552192688,3,2
4,3,10,20,011111110001000010101100101000,1,1,0,0.69,0.3529411852359772,5,3
4,3,10,21,011111110001000010101100101000,1,1,0,0.69,0.4134078323841095,5,3
4,3,10,24,011111110001000010101100101000,1,1,0,0.11,0.3965517282485962,5,2
4,3,10,26,011111110001000010101100101000,1,1,0,0.34,0.02631578966975212,4,3
4,3,11,1,010101001001001111001100000000,1,1,0,0.8,0.20202019810676575,4,3
4,3,11,3,010101001001001111001100000000,1,1,0,0.58,0.5454545617103577,5,4
4,3,11,5,010101001001001111001100000000,1,1,0,0.5,0.75,5,5
4,3,11,8,010101001001001111001100000000,1,1,0,0.51,0.8395061492919922,5,5
4,3,11,11,010101001001001111001100000000,1,1,0,0.7,0.2142857164144516,5,4
4,3,11,14,010101001001001111001100000000,1,1,0,0.53,0.3552631437778473,5,3
4,3,11,15,010101001001001111001100000000,1,1,0,0.5,0.47999998927116394,5,2
4,3,11,16,010101001001001111001100000000,1,1,0,0.49,0.6578947305679321,1,1
4,3,11,17,010101001001001111001100000000,1,1,0,0.53,0.7142857313156128,1,1
4,3,11,20,010101001001001111001100000000,1,1,0,0.69,0.3529411852359772,5,3
4,3,11,21,010101001001001111001100000000,1,1,0,0.69,0.4134078323841095,5,3
4,4,0,1,011011001010110100101100000000,1,1,0,0.8,0.20202019810676575,4,3
4,4,0,2,011011001010110100101100000000,1,1,0,0.41,0.2926829159259796,5,3
4,4,0,4,011011001010110100101100000000,1,1,0,0.22,0.1111111119389534,5,3
4,4,0,5,011011001010110100101100000000,1,1,0,0.5,0.75,5,5
4,4,0,8,011011001010110100101100000000,1,1,0,0.51,0.8395061492919922,5,5
4,4,0,10,011011001010110100101100000000,1,1,0,0.37,0.8181818127632141,5,2
4,4,0,12,011011001010110100101100000000,1,1,0,0.7,0.12280701845884323,5,4
4,4,0,13,011011001010110100101100000000,1,1,0,0.62,0.9024389982223511,3,2
4,4,0,15,011011001010110100101100000000,1,1,0,0.5,0.47999998927116394,5,2
4,4,0,18,011011001010110100101100000000,1,1,0,0.72,0.4523809552192688,3,2
4,4,0,20,011011001010110100101100000000,1,1,0,0.69,0.3529411852359772,5,3
4,4,0,21,011011001010110100101100000000,1,1,0,0.69,0.4134078323841095,5,3
4,4,1,1,011001011111110100101100000000,1,1,0,0.8,0.20202019810676575,4,3
4,4,1,2,011001011111110100101100000000,1,1,0,0.41,0.2926829159259796,5,3
4,4,1,5,011001011111110100101100000000,1,1,0,0.5,0.75,5,5
4,4,1,7,011001011111110100101100000000,1,1,0,0.21,0.0,1,1
4,4,1,8,011001011111110100101100000000,1,1,0,0.51,0.8395061492919922,5,5
4,4,1,9,011001011111110100101100000000,1,1,0,0.29,0.25287356972694397,1,1
4,4,1,10,011001011111110100101100000000,1,1,0,0.37,0.8181818127632141,5,2
4,4,1,11,011001011111110100101100000000,1,1,0,0.7,0.2142857164144516,5,4
4,4,1,12,011001011111110100101100000000,1,1,0,0.7,0.12280701845884323,5,4
4,4,1,13,011001011111110100101100000000,1,1,0,0.62,0.9024389982223511,3,2
4,4,1,15,011001011111110100101100000000,1,1,0,0.5,0.47999998927116394,5,2
4,4,1,18,011001011111110100101100000000,1,1,0,0.72,0.4523809552192688,3,2
4,4,1,20,011001011111110100101100000000,1,1,0,0.69,0.3529411852359772,5,3
4,4,1,21,011001011111110100101100000000,1,1,0,0.69,0.4134078323841095,5,3
4,4,2,1,011000010101100010011010001000,1,1,0,0.8,0.20202019810676575,4,3
4,4,2,2,011000010101100010011010001000,1,1,0,0.41,0.2926829159259796,5,3
4,4,2,7,011000010101100010011010001000,1,1,0,0.21,0.0,1,1
4,4,2,9,011000010101100010011010001000,1,1,0,0.29,0.25287356972694397,1,1
4,4,2,11,011000010101100010011010001000,1,1,0,0.7,0.2142857164144516,5,4
4,4,2,12,011000010101100010011010001000,1,1,0,0.7,0.12280701845884323,5,4
4,4,2,16,011000010101100010011010001000,1,1,0,0.49,0.6578947305679321,1,1
4,4,2,19,011000010101100010011010001000,1,1,0,0.5,0.3916083872318268,5,4
4,4,2,20,011000010101100010011010001000,1,1,0,0.69,0.3529411852359772,5,3
4,4,2,22,011000010101100010011010001000,1,1,0,0.29,0.6142857074737549,1,1
4,4,2,26,011000010101100010011010001000,1,1,0,0.34,0.02631578966975212,4,3
4,4,3,7,000000010101101011111000001101,1,1,0,0.21,0.0,1,1
4,4,3,9,000000010101101011111000001101,1,1,0,0.29,0.25287356972694397,1,1
4,4,3,11,000000010101101011111000001101,1,1,0,0.7,0.2142857164144516,5,4
4,4,3,12,000000010101101011111000001101,1,1,0,0.7,0.12280701845884323,5,4
4,4,3,14,000000010101101011111000001101,1,1,0,0.53,0.3552631437778473,5,3
4,4,3,16,000000010101101011111000001101,1,1,0,0.49,0.6578947305679321,1,1
4,4,3,17,000000010101101011111000001101,1,1,0,0.53,0.7142857313156128,1,1
4,4,3,18,000000010101101011111000001101,1,1,0,0.72,0.4523809552192688,3,2
4,4,3,19,000000010101101011111000001101,1,1,0,0.5,0.3916083872318268,5,4
4,4,3,20,000000010101101011111000001101,1,1,0,0.69,0.3529411852359772,5,3
4,4,3,26,000000010101101011111000001101,1,1,0,0.34,0.02631578966975212,4,3
4,4,3,27,000000010101101011111000001101,1,1,0,0.79,0.6594203114509583,5,3
4,4,3,29,000000010101101011111000001101,1,1,0,0.17,0.4166666567325592,3,2
4,4,4,1,011111110001000010101100101000,1,1,0,0.8,0.20202019810676575,4,3
4,4,4,2,011111110001000010101100101000,1,1,0,0.41,0.2926829159259796,5,3
4,4,4,3,011111110001000010101100101000,1,1,0,0.58,0.5454545617103577,5,4
4,4,4,4,011111110001000010101100101000,1,1,0,0.22,0.1111111119389534,5,3
4,4,4,5,011111110001000010101100101000,1,1,0,0.5,0.75,5,5
4,4,4,6,011111110001000010101100101000,1,1,0,0.29,0.6695652008056641,5,3
4,4,4,7,011111110001000010101100101000,1,1,0,0.21,0.0,1,1
4,4,4,11,011111110001000010101100101000,1,1,0,0.7,0.2142857164144516,5,4
4,4,4,16,011111110001000010101100101000,1,1,0,0.49,0.6578947305679321,1,1
4,4,4,18,011111110001000010101100101000,1,1,0,0.72,0.4523809552192688,3,2
4,4,4,20,011111110001000010101100101000,1,1,0,0.69,0.3529411852359772,5,3
4,4,4,21,011111110001000010101100101000,1,1,0,0.69,0.4134078323841095,5,3
4,4,4,24,011111110001000010101100101000,1,1,0,0.11,0.3965517282485962,5,2
4,4,4,26,011111110001000010101100101000,1,1,0,0.34,0.02631578966975212,4,3
4,4,5,1,010101001001001111001100000000,1,1,0,0.8,0.20202019810676575,4,3
4,4,5,3,010101001001001111001100000000,1,1,0,0.58,0.5454545617103577,5,4
4,4,5,5,010101001001001111001100000000,1,1,0,0.5,0.75,5,5
4,4,5,8,010101001001001111001100000000,1,1,0,0.51,0.8395061492919922,5,5
4,4,5,11,010101001001001111001100000000,1,1,0,0.7,0.2142857164144516,5,4
4,4,5,14,010101001001001111001100000000,1,1,0,0.53,0.3552631437778473,5,3
4,4,5,15,010101001001001111001100000000,1,1,0,0.5,0.47999998927116394,5,2
4,4,5,16,010101001001001111001100000000,1,1,0,0.49,0.6578947305679321,1,1
4,4,5,17,010101001001001111001100000000,1,1,0,0.53,0.7142857313156128,1,1
4,4,5,20,010101001001001111001100000000,1,1,0,0.69,0.3529411852359772,5,3
4,4,5,21,010101001001001111001100000000,1,1,0,0.69,0.4134078323841095,5,3
4,4,6,0,111010110111100010000100001101,1,1,0,0.3,0.8030303120613098,1,1
4,4,6,1,111010110111100010000100001101,1,1,0,0.8,0.20202019810676575,4,3
4,4,6,2,111010110111100010000100001101,1,1,0,0.41,0.2926829159259796,5,3
4,4,6,4,111010110111100010000100001101,1,1,0,0.22,0.1111111119389534,5,3
4,4,6,6,111010110111100010000100001101,1,1,0,0.29,0.6695652008056641,5,3
4,4,6,7,111010110111100010000100001101,1,1,0,0.21,0.0,1,1
4,4,6,9,111010110111100010000100001101,1,1,0,0.29,0.25287356972694397,1,1
4,4,6,10,111010110111100010000100001101,1,1,0,0.37,0.8181818127632141,5,2
4,4,6,11,111010110111100010000100001101,1,1,0,0.7,0.2142857164144516,5,4
4,4,6,12,111010110111100010000100001101,1,1,0,0.7,0.12280701845884323,5,4
4,4,6,16,111010110111100010000100001101,1,1,0,0.49,0.6578947305679321,1,1
4,4,6,21,111010110111100010000100001101,1,1,0,0.69,0.4134078323841095,5,3
4,4,6,26,111010110111100010000100001101,1,1,0,0.34,0.02631578966975212,4,3
4,4,6,27,111010110111100010000100001101,1,1,0,0.79,0.6594203114509583,5,3
4,4,6,29,111010110111100010000100001101,1,1,0,0.17,0.4166666567325592,3,2
4,4,7,1,011110110001000010101100101000,1,1,0,0.8,0.20202019810676575,4,3
4,4,7,2,011110110001000010101100101000,1,1,0,0.41,0.2926829159259796,5,3
4,4,7,3,011110110001000010101100101000,1,1,0,0.58,0.5454545617103577,5,4
4,4,7,4,011110110001000010101100101000,1,1,0,0.22,0.1111111119389534,5,3
4,4,7,6,011110110001000010101100101000,1,1,0,0.29,0.6695652008056641,5,3
4,4,7,7,011110110001000010101100101000,1,1,0,0.21,0.0,1,1
4,4,7,11,011110110001000010101100101000,1,1,0,0.7,0.2142857164144516,5,4
4,4,7,16,011110110001000010101100101000,1,1,0,0.49,0.6578947305679321,1,1
4,4,7,18,011110110001000010101100101000,1,1,0,0.72,0.4523809552192688,3,2
4,4,7,20,011110110001000010101100101000,1,1,0,0.69,0.3529411852359772,5,3
4,4,7,21,011110110001000010101100101000,1,1,0,0.69,0.4134078323841095,5,3
4,4,7,24,011110110001000010101100101000,1,1,0,0.11,0.3965517282485962,5,2
4,4,7,26,011110110001000010101100101000,1,1,0,0.34,0.02631578966975212,4,3
4,4,8,1,011010010111100010011010001100,1,1,0,0.8,0.20202019810676575,4,3
4,4,8,2,011010010111100010011010001100,1,1,0,0.41,0.2926829159259796,5,3
4,4,8,4,011010010111100010011010001100,1,1,0,0.22,0.1111111119389534,5,3
4,4,8,7,011010010111100010011010001100,1,1,0,0.21,0.0,1,1
4,4,8,9,011010010111100010011010001100,1,1,0,0.29,0.25287356972694397,1,1
4,4,8,10,011010010111100010011010001100,1,1,0,0.37,0.8181818127632141,5,2
4,4,8,11,011010010111100010011010001100,1,1,0,0.7,0.2142857164144516,5,4
4,4,8,12,011010010111100010011010001100,1,1,0,0.7,0.12280701845884323,5,4
4,4,8,16,011010010111100010011010001100,1,1,0,0.49,0.6578947305679321,1,1
4,4,8,19,011010010111100010011010001100,1,1,0,0.5,0.3916083872318268,5,4
4,4,8,20,011010010111100010011010001100,1,1,0,0.69,0.3529411852359772,5,3
4,4,8,22,011010010111100010011010001100,1,1,0,0.29,0.6142857074737549,1,1
4,4,8,26,011010010111100010011010001100,1,1,0,0.34,0.02631578966975212,4,3
4,4,8,27,011010010111100010011010001100,1,1,0,0.79,0.6594203114509583,5,3
4,4,9,1,010110110101100010000101111001,1,1,0,0.8,0.20202019810676575,4,3
4,4,9,3,010110110101100010000101111001,1,1,0,0.58,0.5454545617103577,5,4
4,4,9,4,010110110101100010000101111001,1,1,0,0.22,0.1111111119389534,5,3
4,4,9,6,010110110101100010000101111001,1,1,0,0.29,0.6695652008056641,5,3
4,4,9,7,010110110101100010000101111001,1,1,0,0.21,0.0,1,1
4,4,9,9,010110110101100010000101111001,1,1,0,0.29,0.25287356972694397,1,1
4,4,9,11,010110110101100010000101111001,1,1,0,0.7,0.2142857164144516,5,4
4,4,9,12,010110110101100010000101111001,1,1,0,0.7,0.12280701845884323,5,4
4,4,9,16,010110110101100010000101111001,1,1,0,0.49,0.6578947305679321,1,1
4,4,9,21,010110110101100010000101111001,1,1,0,0.69,0.4134078323841095,5,3
4,4,9,23,010110110101100010000101111001,1,1,0,0.54,0.4262295067310333,3,2
4,4,9,24,010110110101100010000101111001,1,1,0,0.11,0.3965517282485962,5,2
4,4,9,25,010110110101100010000101111001,1,1,0,0.45,0.1568627506494522,5,3
4,4,9,26,010110110101100010000101111001,1,1,0,0.34,0.02631578966975212,4,3
4,4,9,29,010110110101100010000101111001,1,1,0,0.17,0.4166666567325592,3,2
4,4,10,1,011011001111111000110101000000,1,1,0,0.8,0.20202019810676575,4,3
4,4,10,2,011011001111111000110101000000,1,1,0,0.41,0.2926829159259796,5,3
4,4,10,4,011011001111111000110101000000,1,1,0,0.22,0.1111111119389534,5,3
4,4,10,5,011011001111111000110101000000,1,1,0,0.5,0.75,5,5
4,4,10,8,011011001111111000110101000000,1,1,0,0.51,0.8395061492919922,5,5
4,4,10,9,011011001111111000110101000000,1,1,0,0.29,0.25287356972694397,1,1
4,4,10,10,011011001111111000110101000000,1,1,0,0.37,0.8181818127632141,5,2
4,4,10,11,011011001111111000110101000000,1,1,0,0.7,0.2142857164144516,5,4
4,4,10,12,011011001111111000110101000000,1,1,0,0.7,0.12280701845884323,5,4
4,4,10,13,011011001111111000110101000000,1,1,0,0.62,0.9024389982223511,3,2
4,4,10,14,011011001111111000110101000000,1,1,0,0.53,0.3552631437778473,5,3
4,4,10,18,011011001111111000110101000000,1,1,0,0.72,0.4523809552192688,3,2
4,4,10,19,011011001111111000110101000000,1,1,0,0.5,0.3916083872318268,5,4
4,4,10,21,011011001111111000110101000000,1,1,0,0.69,0.4134078323841095,5,3
4,4,10,23,011011001111111000110101000000,1,1,0,0.54,0.4262295067310333,3,2
4,4,11,1,010101001001010110101111000000,1,1,0,0.8,0.20202019810676575,4,3
4,4,11,3,010101001001010110101111000000,1,1,0,0.58,0.5454545617103577,5,4
4,4,11,5,010101001001010110101111000000,1,1,0,0.5,0.75,5,5
4,4,11,8,010101001001010110101111000000,1,1,0,0.51,0.8395061492919922,5,5
4,4,11,11,010101001001010110101111000000,1,1,0,0.7,0.2142857164144516,5,4
4,4,11,13,010101001001010110101111000000,1,1,0,0.62,0.9024389982223511,3,2
4,4,11,15,010101001001010110101111000000,1,1,0,0.5,0.47999998927116394,5,2
4,4,11,16,010101001001010110101111000000,1,1,0,0.49,0.6578947305679321,1,1
4,4,11,18,010101001001010110101111000000,1,1,0,0.72,0.4523809552192688,3,2
4,4,11,20,010101001001010110101111000000,1,1,0,0.69,0.3529411852359772,5,3
4,4,11,21,010101001001010110101111000000,1,1,0,0.69,0.4134078323841095,5,3
4,4,11,22,010101001001010110101111000000,1,1,0,0.29,0.6142857074737549,1,1
4,4,11,23,010101001001010110101111000000,1,1,0,0.54,0.4262295067310333,3,2
4,4,12,1,011110110001100010011010001000,1,1,0,0.8,0.20202019810676575,4,3
4,4,12,2,011110110001100010011010001000,1,1,0,0.41,0.2926829159259796,5,3
4,4,12,3,011110110001100010011010001000,1,1,0,0.58,0.5454545617103577,5,4
4,4,12,4,011110110001100010011010001000,1,1,0,0.22,0.1111111119389534,5,3
4,4,12,6,011110110001100010011010001000,1,1,0,0.29,0.6695652008056641,5,3
4,4,12,7,011110110001100010011010001000,1,1,0,0.21,0.0,1,1
4,4,12,11,011110110001100010011010001000,1,1,0,0.7,0.2142857164144516,5,4
4,4,12,12,011110110001100010011010001000,1,1,0,0.7,0.12280701845884323,5,4
4,4,12,16,011110110001100010011010001000,1,1,0,0.49,0.6578947305679321,1,1
4,4,12,19,011110110001100010011010001000,1,1,0,0.5,0.3916083872318268,5,4
4,4,12,20,011110110001100010011010001000,1,1,0,0.69,0.3529411852359772,5,3
4,4,12,22,011110110001100010011010001000,1,1,0,0.29,0.6142857074737549,1,1
4,4,12,26,011110110001100010011010001000,1,1,0,0.34,0.02631578966975212,4,3
4,4,13,1,011110110001000010101100101100,1,1,0,0.8,0.20202019810676575,4,3
4,4,13,2,011110110001000010101100101100,1,1,0,0.41,0.2926829159259796,5,3
4,4,13,3,011110110001000010101100101100,1,1,0,0.58,0.5454545617103577,5,4
4,4,13,4,011110110001000010101100101100,1,1,0,0.22,0.1111111119389534,5,3
4,4,13,6,011110110001000010101100101100,1,1,0,0.29,0.6695652008056641,5,3
4,4,13,7,011110110001000010101100101100,1,1,0,0.21,0.0,1,1
4,4,13,11,011110110001000010101100101100,1,1,0,0.7,0.2142857164144516,5,4
4,4,13,16,011110110001000010101100101100,1,1,0,0.49,0.6578947305679321,1,1
4,4,13,18,011110110001000010101100101100,1,1,0,0.72,0.4523809552192688,3,2
4,4,13,20,011110110001000010101100101100,1,1,0,0.69,0.3529411852359772,5,3
4,4,13,21,011110110001000010101100101100,1,1,0,0.69,0.4134078323841095,5,3
4,4,13,24,011110110001000010101100101100,1,1,0,0.11,0.3965517282485962,5,2
4,4,13,26,011110110001000010101100101100,1,1,0,0.34,0.02631578966975212,4,3
4,4,13,27,011110110001000010101100101100,1,1,0,0.79,0.6594203114509583,5,3
4,5,0,1,011011001010110100101100000000,1,1,0,0.8,0.20202019810676575,4,3
4,5,0,2,011011001010110100101100000000,1,1,0,0.41,0.2926829159259796,5,3
4,5,0,4,011011001010110100101100000000,1,1,0,0.22,0.1111111119389534,5,3
4,5,0,5,011011001010110100101100000000,1,1,0,0.5,0.75,5,5
4,5,0,8,011011001010110100101100000000,1,1,0,0.51,0.8395061492919922,5,5
4,5,0,10,011011001010110100101100000000,1,1,0,0.37,0.8181818127632141,5,2
4,5,0,12,011011001010110100101100000000,1,1,0,0.7,0.12280701845884323,5,4
4,5,0,13,011011001010110100101100000000,1,1,0,0.62,0.9024389982223511,3,2
4,5,0,15,011011001010110100101100000000,1,1,0,0.5,0.47999998927116394,5,2
4,5,0,18,011011001010110100101100000000,1,1,0,0.72,0.4523809552192688,3,2
4,5,0,20,011011001010110100101100000000,1,1,0,0.69,0.3529411852359772,5,3
4,5,0,21,011011001010110100101100000000,1,1,0,0.69,0.4134078323841095,5,3
4,5,1,1,011001011111110100101100000000,1,1,0,0.8,0.20202019810676575,4,3
4,5,1,2,011001011111110100101100000000,1,1,0,0.41,0.2926829159259796,5,3
4,5,1,5,011001011111110100101100000000,1,1,0,0.5,0.75,5,5
4,5,1,7,011001011111110100101100000000,1,1,0,0.21,0.0,1,1
4,5,1,8,011001011111110100101100000000,1,1,0,0.51,0.8395061492919922,5,5
4,5,1,9,011001011111110100101100000000,1,1,0,0.29,0.25287356972694397,1,1
4,5,1,10,011001011111110100101100000000,1,1,0,0.37,0.8181818127632141,5,2
4,5,1,11,011001011111110100101100000000,1,1,0,0.7,0.2142857164144516,5,4
4,5,1,12,011001011111110100101100000000,1,1,0,0.7,0.12280701845884323,5,4
4,5,1,13,011001011111110100101100000000,1,1,0,0.62,0.9024389982223511,3,2
4,5,1,15,011001011111110100101100000000,1,1,0,0.5,0.47999998927116394,5,2
4,5,1,18,011001011111110100101100000000,1,1,0,0.72,0.4523809552192688,3,2
4,5,1,20,011001011111110100101100000000,1,1,0,0.69,0.3529411852359772,5,3
4,5,1,21,011001011111110100101100000000,1,1,0,0.69,0.4134078323841095,5,3
4,5,2,1,011000010101100010011010001000,1,1,0,0.8,0.20202019810676575,4,3
4,5,2,2,011000010101100010011010001000,1,1,0,0.41,0.2926829159259796,5,3
4,5,2,7,011000010101100010011010001000,1,1,0,0.21,0.0,1,1
4,5,2,9,011000010101100010011010001000,1,1,0,0.29,0.25287356972694397,1,1
4,5,2,11,011000010101100010011010001000,1,1,0,0.7,0.2142857164144516,5,4
4,5,2,12,011000010101100010011010001000,1,1,0,0.7,0.12280701845884323,5,4
4,5,2,16,011000010101100010011010001000,1,1,0,0.49,0.6578947305679321,1,1
4,5,2,19,011000010101100010011010001000,1,1,0,0.5,0.3916083872318268,5,4
4,5,2,20,011000010101100010011010001000,1,1,0,0.69,0.3529411852359772,5,3
4,5,2,22,011000010101100010011010001000,1,1,0,0.29,0.6142857074737549,1,1
4,5,2,26,011000010101100010011010001000,1,1,0,0.34,0.02631578966975212,4,3
4,5,3,7,000000010101101011111000001101,1,1,0,0.21,0.0,1,1
4,5,3,9,000000010101101011111000001101,1,1,0,0.29,0.25287356972694397,1,1
4,5,3,11,000000010101101011111000001101,1,1,0,0.7,0.2142857164144516,5,4
4,5,3,12,000000010101101011111000001101,1,1,0,0.7,0.12280701845884323,5,4
4,5,3,14,000000010101101011111000001101,1,1,0,0.53,0.3552631437778473,5,3
4,5,3,16,000000010101101011111000001101,1,1,0,0.49,0.6578947305679321,1,1
4,5,3,17,000000010101101011111000001101,1,1,0,0.53,0.7142857313156128,1,1
4,5,3,18,000000010101101011111000001101,1,1,0,0.72,0.4523809552192688,3,2
4,5,3,19,000000010101101011111000001101,1,1,0,0.5,0.3916083872318268,5,4
4,5,3,20,000000010101101011111000001101,1,1,0,0.69,0.3529411852359772,5,3
4,5,3,26,000000010101101011111000001101,1,1,0,0.34,0.02631578966975212,4,3
4,5,3,27,000000010101101011111000001101,1,1,0,0.79,0.6594203114509583,5,3
4,5,3,29,000000010101101011111000001101,1,1,0,0.17,0.4166666567325592,3,2
4,5,4,1,011111110001000010101100101000,1,1,0,0.8,0.20202019810676575,4,3
4,5,4,2,011111110001000010101100101000,1,1,0,0.41,0.2926829159259796,5,3
4,5,4,3,011111110001000010101100101000,1,1,0,0.58,0.5454545617103577,5,4
4,5,4,4,011111110001000010101100101000,1,1,0,0.22,0.1111111119389534,5,3
4,5,4,5,011111110001000010101100101000,1,1,0,0.5,0.75,5,5
4,5,4,6,011111110001000010101100101000,1,1,0,0.29,0.6695652008056641,5,3
4,5,4,7,011111110001000010101100101000,1,1,0,0.21,0.0,1,1
4,5,4,11,011111110001000010101100101000,1,1,0,0.7,0.2142857164144516,5,4
4,5,4,16,011111110001000010101100101000,1,1,0,0.49,0.6578947305679321,1,1
4,5,4,18,011111110001000010101100101000,1,1,0,0.72,0.4523809552192688,3,2
4,5,4,20,011111110001000010101100101000,1,1,0,0.69,0.3529411852359772,5,3
4,5,4,21,011111110001000010101100101000,1,1,0,0.69,0.4134078323841095,5,3
4,5,4,24,011111110001000010101100101000,1,1,0,0.11,0.3965517282485962,5,2
4,5,4,26,011111110001000010101100101000,1,1,0,0.34,0.02631578966975212,4,3
4,5,5,1,010101001001001111001100000000,1,1,0,0.8,0.20202019810676575,4,3
4,5,5,3,010101001001001111001100000000,1,1,0,0.58,0.5454545617103577,5,4
4,5,5,5,010101001001001111001100000000,1,1,0,0.5,0.75,5,5
4,5,5,8,010101001001001111001100000000,1,1,0,0.51,0.8395061492919922,5,5
4,5,5,11,010101001001001111001100000000,1,1,0,0.7,0.2142857164144516,5,4
4,5,5,14,010101001001001111001100000000,1,1,0,0.53,0.3552631437778473,5,3
4,5,5,15,010101001001001111001100000000,1,1,0,0.5,0.47999998927116394,5,2
4,5,5,16,010101001001001111001100000000,1,1,0,0.49,0.6578947305679321,1,1
4,5,5,17,010101001001001111001100000000,1,1,0,0.53,0.7142857313156128,1,1
4,5,5,20,010101001001001111001100000000,1,1,0,0.69,0.3529411852359772,5,3
4,5,5,21,010101001001001111001100000000,1,1,0,0.69,0.4134078323841095,5,3
4,5,6,0,111010110111100010000100001101,1,1,0,0.3,0.8030303120613098,1,1
4,5,6,1,111010110111100010000100001101,1,1,0,0.8,0.20202019810676575,4,3
4,5,6,2,111010110111100010000100001101,1,1,0,0.41,0.2926829159259796,5,3
4,5,6,4,111010110111100010000100001101,1,1,0,0.22,0.1111111119389534,5,3
4,5,6,6,111010110111100010000100001101,1,1,0,0.29,0.6695652008056641,5,3
4,5,6,7,111010110111100010000100001101,1,1,0,0.21,0.0,1,1
4,5,6,9,111010110111100010000100001101,1,1,0,0.29,0.25287356972694397,1,1
4,5,6,10,111010110111100010000100001101,1,1,0,0.37,0.8181818127632141,5,2
4,5,6,11,111010110111100010000100001101,1,1,0,0.7,0.2142857164144516,5,4
4,5,6,12,111010110111100010000100001101,1,1,0,0.7,0.12280701845884323,5,4
4,5,6,16,111010110111100010000100001101,1,1,0,0.49,0.6578947305679321,1,1
4,5,6,21,111010110111100010000100001101,1,1,0,0.69,0.4134078323841095,5,3
4,5,6,26,111010110111100010000100001101,1,1,0,0.34,0.02631578966975212,4,3
4,5,6,27,111010110111100010000100001101,1,1,0,0.79,0.6594203114509583,5,3
4,5,6,29,111010110111100010000100001101,1,1,0,0.17,0.4166666567325592,3,2
4,5,7,1,011110110001000010101100101000,1,1,0,0.8,0.20202019810676575,4,3
4,5,7,2,011110110001000010101100101000,1,1,0,0.41,0.2926829159259796,5,3
4,5,7,3,011110110001000010101100101000,1,1,0,0.58,0.5454545617103577,5,4
4,5,7,4,011110110001000010101100101000,1,1,0,0.22,0.1111111119389534,5,3
4,5,7,6,011110110001000010101100101000,1,1,0,0.29,0.6695652008056641,5,3
4,5,7,7,011110110001000010101100101000,1,1,0,0.21,0.0,1,1
4,5,7,11,011110110001000010101100101000,1,1,0,0.7,0.2142857164144516,5,4
4,5,7,16,011110110001000010101100101000,1,1,0,0.49,0.6578947305679321,1,1
4,5,7,18,011110110001000010101100101000,1,1,0,0.72,0.4523809552192688,3,2
4,5,7,20,011110110001000010101100101000,1,1,0,0.69,0.3529411852359772,5,3
4,5,7,21,011110110001000010101100101000,1,1,0,0.69,0.4134078323841095,5,3
4,5,7,24,011110110001000010101100101000,1,1,0,0.11,0.3965517282485962,5,2
4,5,7,26,011110110001000010101100101000,1,1,0,0.34,0.02631578966975212,4,3
4,5,8,1,010110110101100010000101111001,1,1,0,0.8,0.20202019810676575,4,3
4,5,8,3,010110110101100010000101111001,1,1,0,0.58,0.5454545617103577,5,4
4,5,8,4,010110110101100010000101111001,1,1,0,0.22,0.1111111119389534,5,3
4,5,8,6,010110110101100010000101111001,1,1,0,0.29,0.6695652008056641,5,3
4,5,8,7,010110110101100010000101111001,1,1,0,0.21,0.0,1,1
4,5,8,9,010110110101100010000101111001,1,1,0,0.29,0.25287356972694397,1,1
4,5,8,11,010110110101100010000101111001,1,1,0,0.7,0.2142857164144516,5,4
4,5,8,12,010110110101100010000101111001,1,1,0,0.7,0.12280701845884323,5,4
4,5,8,16,010110110101100010000101111001,1,1,0,0.49,0.6578947305679321,1,1
4,5,8,21,010110110101100010000101111001,1,1,0,0.69,0.4134078323841095,5,3
4,5,8,23,010110110101100010000101111001,1,1,0,0.54,0.4262295067310333,3,2
4,5,8,24,010110110101100010000101111001,1,1,0,0.11,0.3965517282485962,5,2
4,5,8,25,010110110101100010000101111001,1,1,0,0.45,0.1568627506494522,5,3
4,5,8,26,010110110101100010000101111001,1,1,0,0.34,0.02631578966975212,4,3
4,5,8,29,010110110101100010000101111001,1,1,0,0.17,0.4166666567325592,3,2
4,5,9,1,011011001111111000110101000000,1,1,0,0.8,0.20202019810676575,4,3
4,5,9,2,011011001111111000110101000000,1,1,0,0.41,0.2926829159259796,5,3
4,5,9,4,011011001111111000110101000000,1,1,0,0.22,0.1111111119389534,5,3
4,5,9,5,011011001111111000110101000000,1,1,0,0.5,0.75,5,5
4,5,9,8,011011001111111000110101000000,1,1,0,0.51,0.8395061492919922,5,5
4,5,9,9,011011001111111000110101000000,1,1,0,0.29,0.25287356972694397,1,1
4,5,9,10,011011001111111000110101000000,1,1,0,0.37,0.8181818127632141,5,2
4,5,9,11,011011001111111000110101000000,1,1,0,0.7,0.2142857164144516,5,4
4,5,9,12,011011001111111000110101000000,1,1,0,0.7,0.12280701845884323,5,4
4,5,9,13,011011001111111000110101000000,1,1,0,0.62,0.9024389982223511,3,2
4,5,9,14,011011001111111000110101000000,1,1,0,0.53,0.3552631437778473,5,3
4,5,9,18,011011001111111000110101000000,1,1,0,0.72,0.4523809552192688,3,2
4,5,9,19,011011001111111000110101000000,1,1,0,0.5,0.3916083872318268,5,4
4,5,9,21,011011001111111000110101000000,1,1,0,0.69,0.4134078323841095,5,3
4,5,9,23,011011001111111000110101000000,1,1,0,0.54,0.4262295067310333,3,2
4,5,10,1,011110110001100010011010001000,1,1,0,0.8,0.20202019810676575,4,3
4,5,10,2,011110110001100010011010001000,1,1,0,0.41,0.2926829159259796,5,3
4,5,10,3,011110110001100010011010001000,1,1,0,0.58,0.5454545617103577,5,4
4,5,10,4,011110110001100010011010001000,1,1,0,0.22,0.1111111119389534,5,3
4,5,10,6,011110110001100010011010001000,1,1,0,0.29,0.6695652008056641,5,3
4,5,10,7,011110110001100010011010001000,1,1,0,0.21,0.0,1,1
4,5,10,11,011110110001100010011010001000,1,1,0,0.7,0.2142857164144516,5,4
4,5,10,12,011110110001100010011010001000,1,1,0,0.7,0.12280701845884323,5,4
4,5,10,16,011110110001100010011010001000,1,1,0,0.49,0.6578947305679321,1,1
4,5,10,19,011110110001100010011010001000,1,1,0,0.5,0.3916083872318268,5,4
4,5,10,20,011110110001100010011010001000,1,1,0,0.69,0.3529411852359772,5,3
4,5,10,22,011110110001100010011010001000,1,1,0,0.29,0.6142857074737549,1,1
4,5,10,26,011110110001100010011010001000,1,1,0,0.34,0.02631578966975212,4,3
4,5,11,1,011110110001000010101100101100,1,1,0,0.8,0.20202019810676575,4,3
4,5,11,2,011110110001000010101100101100,1,1,0,0.41,0.2926829159259796,5,3
4,5,11,3,011110110001000010101100101100,1,1,0,0.58,0.5454545617103577,5,4
4,5,11,4,011110110001000010101100101100,1,1,0,0.22,0.1111111119389534,5,3
4,5,11,6,011110110001000010101100101100,1,1,0,0.29,0.6695652008056641,5,3
4,5,11,7,011110110001000010101100101100,1,1,0,0.21,0.0,1,1
4,5,11,11,011110110001000010101100101100,1,1,0,0.7,0.2142857164144516,5,4
4,5,11,16,011110110001000010101100101100,1,1,0,0.49,0.6578947305679321,1,1
4,5,11,18,011110110001000010101100101100,1,1,0,0.72,0.4523809552192688,3,2
4,5,11,20,011110110001000010101100101100,1,1,0,0.69,0.3529411852359772,5,3
4,5,11,21,011110110001000010101100101100,1,1,0,0.69,0.4134078323841095,5,3
4,5,11,24,011110110001000010101100101100,1,1,0,0.11,0.3965517282485962,5,2
4,5,11,26,011110110001000010101100101100,1,1,0,0.34,0.02631578966975212,4,3
4,5,11,27,011110110001000010101100101100,1,1,0,0.79,0.6594203114509583,5,3
4,5,12,1,010011000111110010101100101000,1,1,0,0.8,0.20202019810676575,4,3
4,5,12,4,010011000111110010101100101000,1,1,0,0.22,0.1111111119389534,5,3
4,5,12,5,010011000111110010101100101000,1,1,0,0.5,0.75,5,5
4,5,12,9,010011000111110010101100101000,1,1,0,0.29,0.25287356972694397,1,1
4,5,12,10,010011000111110010101100101000,1,1,0,0.37,0.8181818127632141,5,2
4,5,12,11,010011000111110010101100101000,1,1,0,0.7,0.2142857164144516,5,4
4,5,12,12,010011000111110010101100101000,1,1,0,0.7,0.12280701845884323,5,4
4,5,12,13,010011000111110010101100101000,1,1,0,0.62,0.9024389982223511,3,2
4,5,12,16,010011000111110010101100101000,1,1,0,0.49,0.6578947305679321,1,1
4,5,12,18,010011000111110010101100101000,1,1,0,0.72,0.4523809552192688,3,2
4,5,12,20,010011000111110010101100101000,1,1,0,0.69,0.3529411852359772,5,3
4,5,12,21,010011000111110010101100101000,1,1,0,0.69,0.4134078323841095,5,3
4,5,12,24,010011000111110010101100101000,1,1,0,0.11,0.3965517282485962,5,2
4,5,12,26,010011000111110010101100101000,1,1,0,0.34,0.02631578966975212,4,3
4,5,13,1,011000010101101011111000001100,1,1,0,0.8,0.20202019810676575,4,3
4,5,13,2,011000010101101011111000001100,1,1,0,0.41,0.2926829159259796,5,3
4,5,13,7,011000010101101011111000001100,1,1,0,0.21,0.0,1,1
4,5,13,9,011000010101101011111000001100,1,1,0,0.29,0.25287356972694397,1,1
4,5,13,11,011000010101101011111000001100,1,1,0,0.7,0.2142857164144516,5,4
4,5,13,12,011000010101101011111000001100,1,1,0,0.7,0.12280701845884323,5,4
4,5,13,14,011000010101101011111000001100,1,1,0,0.53,0.3552631437778473,5,3
4,5,13,16,011000010101101011111000001100,1,1,0,0.49,0.6578947305679321,1,1
4,5,13,17,011000010101101011111000001100,1,1,0,0.53,0.7142857313156128,1,1
4,5,13,18,011000010101101011111000001100,1,1,0,0.72,0.4523809552192688,3,2
4,5,13,19,011000010101101011111000001100,1,1,0,0.5,0.3916083872318268,5,4
4,5,13,20,011000010101101011111000001100,1,1,0,0.69,0.3529411852359772,5,3
4,5,13,26,011000010101101011111000001100,1,1,0,0.34,0.02631578966975212,4,3
4,5,13,27,011000010101101011111000001100,1,1,0,0.79,0.6594203114509583,5,3
4,5,14,1,010101001001011100101111000000,1,1,0,0.8,0.20202019810676575,4,3
4,5,14,3,010101001001011100101111000000,1,1,0,0.58,0.5454545617103577,5,4
4,5,14,5,010101001001011100101111000000,1,1,0,0.5,0.75,5,5
4,5,14,8,010101001001011100101111000000,1,1,0,0.51,0.8395061492919922,5,5
4,5,14,11,010101001001011100101111000000,1,1,0,0.7,0.2142857164144516,5,4
4,5,14,13,010101001001011100101111000000,1,1,0,0.62,0.9024389982223511,3,2
4,5,14,14,010101001001011100101111000000,1,1,0,0.53,0.3552631437778473,5,3
4,5,14,15,010101001001011100101111000000,1,1,0,0.5,0.47999998927116394,5,2
4,5,14,18,010101001001011100101111000000,1,1,0,0.72,0.4523809552192688,3,2
4,5,14,20,010101001001011100101111000000,1,1,0,0.69,0.3529411852359772,5,3
4,5,14,21,010101001001011100101111000000,1,1,0,0.69,0.4134078323841095,5,3
4,5,14,22,010101001001011100101111000000,1,1,0,0.29,0.6142857074737549,1,1
4,5,14,23,010101001001011100101111000000,1,1,0,0.54,0.4262295067310333,3,2
4,5,15,1,011001001010110110101100001000,1,1,0,0.8,0.20202019810676575,4,3
4,5,15,2,011001001010110110101100001000,1,1,0,0.41,0.2926829159259796,5,3
4,5,15,5,011001001010110110101100001000,1,1,0,0.5,0.75,5,5
4,5,15,8,011001001010110110101100001000,1,1,0,0.51,0.8395061492919922,5,5
4,5,15,10,011001001010110110101100001000,1,1,0,0.37,0.8181818127632141,5,2
4,5,15,12,011001001010110110101100001000,1,1,0,0.7,0.12280701845884323,5,4
4,5,15,13,011001001010110110101100001000,1,1,0,0.62,0.9024389982223511,3,2
4,5,15,15,011001001010110110101100001000,1,1,0,0.5,0.47999998927116394,5,2
4,5,15,16,011001001010110110101100001000,1,1,0,0.49,0.6578947305679321,1,1
4,5,15,18,011001001010110110101100001000,1,1,0,0.72,0.4523809552192688,3,2
4,5,15,20,011001001010110110101100001000,1,1,0,0.69,0.3529411852359772,5,3
4,5,15,21,011001001010110110101100001000,1,1,0,0.69,0.4134078323841095,5,3
4,5,15,26,011001001010110110101100001000,1,1,0,0.34,0.02631578966975212,4,3
4,5,16,1,011110110010110100101100001000,1,1,0,0.8,0.20202019810676575,4,3
4,5,16,2,011110110010110100101100001000,1,1,0,0.41,0.2926829159259796,5,3
4,5,16,3,011110110010110100101100001000,1,1,0,0.58,0.5454545617103577,5,4
4,5,16,4,011110110010110100101100001000,1,1,0,0.22,0.1111111119389534,5,3
4,5,16,6,011110110010110100101100001000,1,1,0,0.29,0.6695652008056641,5,3
4,5,16,7,011110110010110100101100001000,1,1,0,0.21,0.0,1,1
4,5,16,10,011110110010110100101100001000,1,1,0,0.37,0.8181818127632141,5,2
4,5,16,12,011110110010110100101100001000,1,1,0,0.7,0.12280701845884323,5,4
4,5,16,13,011110110010110100101100001000,1,1,0,0.62,0.9024389982223511,3,2
4,5,16,15,011110110010110100101100001000,1,1,0,0.5,0.47999998927116394,5,2
4,5,16,18,011110110010110100101100001000,1,1,0,0.72,0.4523809552192688,3,2
4,5,16,20,011110110010110100101100001000,1,1,0,0.69,0.3529411852359772,5,3
4,5,16,21,011110110010110100101100001000,1,1,0,0.69,0.4134078323841095,5,3
4,5,16,26,011110110010110100101100001000,1,1,0,0.34,0.02631578966975212,4,3
4,5,17,0,111011010101110100101100001101,1,1,0,0.3,0.8030303120613098,1,1
4,5,17,1,111011010101110100101100001101,1,1,0,0.8,0.20202019810676575,4,3
4,5,17,2,111011010101110100101100001101,1,1,0,0.41,0.2926829159259796,5,3
4,5,17,4,111011010101110100101100001101,1,1,0,0.22,0.1111111119389534,5,3
4,5,17,5,111011010101110100101100001101,1,1,0,0.5,0.75,5,5
4,5,17,7,111011010101110100101100001101,1,1,0,0.21,0.0,1,1
4,5,17,9,111011010101110100101100001101,1,1,0,0.29,0.25287356972694397,1,1
4,5,17,11,111011010101110100101100001101,1,1,0,0.7,0.2142857164144516,5,4
4,5,17,12,111011010101110100101100001101,1,1,0,0.7,0.12280701845884323,5,4
4,5,17,13,111011010101110100101100001101,1,1,0,0.62,0.9024389982223511,3,2
4,5,17,15,111011010101110100101100001101,1,1,0,0.5,0.47999998927116394,5,2
4,5,17,18,111011010101110100101100001101,1,1,0,0.72,0.4523809552192688,3,2
4,5,17,20,111011010101110100101100001101,1,1,0,0.69,0.3529411852359772,5,3
4,5,17,21,111011010101110100101100001101,1,1,0,0.69,0.4134078323841095,5,3
4,5,17,26,111011010101110100101100001101,1,1,0,0.34,0.02631578966975212,4,3
4,5,17,27,111011010101110100101100001101,1,1,0,0.79,0.6594203114509583,5,3
4,5,17,29,111011010101110100101100001101,1,1,0,0.17,0.4166666567325592,3,2
4,5,18,1,011010110101100010110101000000,1,1,0,0.8,0.20202019810676575,4,3
4,5,18,2,011010110101100010110101000000,1,1,0,0.41,0.2926829159259796,5,3
4,5,18,4,011010110101100010110101000000,1,1,0,0.22,0.1111111119389534,5,3
4,5,18,6,011010110101100010110101000000,1,1,0,0.29,0.6695652008056641,5,3
4,5,18,7,011010110101100010110101000000,1,1,0,0.21,0.0,1,1
4,5,18,9,011010110101100010110101000000,1,1,0,0.29,0.25287356972694397,1,1
4,5,18,11,011010110101100010110101000000,1,1,0,0.7,0.2142857164144516,5,4
4,5,18,12,011010110101100010110101000000,1,1,0,0.7,0.12280701845884323,5,4
4,5,18,16,011010110101100010110101000000,1,1,0,0.49,0.6578947305679321,1,1
4,5,18,18,011010110101100010110101000000,1,1,0,0.72,0.4523809552192688,3,2
4,5,18,19,011010110101100010110101000000,1,1,0,0.5,0.3916083872318268,5,4
4,5,18,21,011010110101100010110101000000,1,1,0,0.69,0.4134078323841095,5,3
4,5,18,23,011010110101100010110101000000,1,1,0,0.54,0.4262295067310333,3,2
4,5,19,1,011010010100100010011010001000,1,1,0,0.8,0.20202019810676575,4,3
4,5,19,2,011010010100100010011010001000,1,1,0,0.41,0.2926829159259796,5,3
4,5,19,4,011010010100100010011010001000,1,1,0,0.22,0.1111111119389534,5,3
4,5,19,7,011010010100100010011010001000,1,1,0,0.21,0.0,1,1
4,5,19,9,011010010100100010011010001000,1,1,0,0.29,0.25287356972694397,1,1
4,5,19,12,011010010100100010011010001000,1,1,0,0.7,0.12280701845884323,5,4
4,5,19,16,011010010100100010011010001000,1,1,0,0.49,0.6578947305679321,1,1
4,5,19,19,011010010100100010011010001000,1,1,0,0.5,0.3916083872318268,5,4
4,5,19,20,011010010100100010011010001000,1,1,0,0.69,0.3529411852359772,5,3
4,5,19,22,011010010100100010011010001000,1,1,0,0.29,0.6142857074737549,1,1
4,5,19,26,011010010100100010011010001000,1,1,0,0.34,0.02631578966975212,4,3
4,5,20,1,011011001001000010101100100000,1,1,0,0.8,0.20202019810676575,4,3
4,5,20,2,011011001001000010101100100000,1,1,0,0.41,0.2926829159259796,5,3
4,5,20,4,011011001001000010101100100000,1,1,0,0.22,0.1111111119389534,5,3
4,5,20,5,011011001001000010101100100000,1,1,0,0.5,0.75,5,5
4,5,20,8,011011001001000010101100100000,1,1,0,0.51,0.8395061492919922,5,5
4,5,20,11,011011001001000010101100100000,1,1,0,0.7,0.2142857164144516,5,4
4,5,20,16,011011001001000010101100100000,1,1,0,0.49,0.6578947305679321,1,1
4,5,20,18,011011001001000010101100100000,1,1,0,0.72,0.4523809552192688,3,2
4,5,20,20,011011001001000010101100100000,1,1,0,0.69,0.3529411852359772,5,3
4,5,20,21,011011001001000010101100100000,1,1,0,0.69,0.4134078323841095,5,3
4,5,20,24,011011001001000010101100100000,1,1,0,0.11,0.3965517282485962,5,2
4,5,21,1,011001110111110000100100000100,1,1,0,0.8,0.20202019810676575,4,3
4,5,21,2,011001110111110000100100000100,1,1,0,0.41,0.2926829159259796,5,3
4,5,21,5,011001110111110000100100000100,1,1,0,0.5,0.75,5,5
4,5,21,6,011001110111110000100100000100,1,1,0,0.29,0.6695652008056641,5,3
4,5,21,7,011001110111110000100100000100,1,1,0,0.21,0.0,1,1
4,5,21,9,011001110111110000100100000100,1,1,0,0.29,0.25287356972694397,1,1
4,5,21,10,011001110111110000100100000100,1,1,0,0.37,0.8181818127632141,5,2
4,5,21,11,011001110111110000100100000100,1,1,0,0.7,0.2142857164144516,5,4
4,5,21,12,011001110111110000100100000100,1,1,0,0.7,0.12280701845884323,5,4
4,5,21,13,011001110111110000100100000100,1,1,0,0.62,0.9024389982223511,3,2
4,5,21,18,011001110111110000100100000100,1,1,0,0.72,0.4523809552192688,3,2
4,5,21,21,011001110111110000100100000100,1,1,0,0.69,0.4134078323841095,5,3
4,5,21,27,011001110111110000100100000100,1,1,0,0.79,0.6594203114509583,5,3
5,1,0,0,110101001000010110000110111100,1,1,0,0.35,0.3787878751754761,1,1
5,1,0,1,110101001000010110000110111100,1,1,0,0.7,0.7575757503509521,6,4
5,1,0,3,110101001000010110000110111100,1,1,0,0.63,0.5454545617103577,5,4
5,1,0,5,110101001000010110000110111100,1,1,0,0.55,0.75,5,5
5,1,0,8,110101001000010110000110111100,1,1,0,0.56,0.654321014881134,5,5
5,1,0,13,110101001000010110000110111100,1,1,0,0.67,0.6341463327407837,3,2
5,1,0,15,110101001000010110000110111100,1,1,0,0.55,0.36000001430511475,5,2
5,1,0,16,110101001000010110000110111100,1,1,0,0.39,0.6578947305679321,6,2
5,1,0,21,110101001000010110000110111100,1,1,0,0.74,0.40223464369773865,5,3
5,1,0,22,110101001000010110000110111100,1,1,0,0.34,0.6142857074737549,1,1
5,1,0,24,110101001000010110000110111100,1,1,0,0.16,0.2068965584039688,5,2
5,1,0,25,110101001000010110000110111100,1,1,0,0.5,0.0882352963089943,5,3
5,1,0,26,110101001000010110000110111100,1,1,0,0.24,0.2631579041481018,6,4
5,1,0,27,110101001000010110000110111100,1,1,0,0.69,0.8405796885490417,6,4
5,1,1,3,000110110101110011010101111001,1,1,0,0.63,0.5454545617103577,5,4
5,1,1,4,000110110101110011010101111001,1,1,0,0.27,0.75,5,3
5,1,1,6,000110110101110011010101111001,1,1,0,0.34,0.656521737575531,5,3
5,1,1,7,000110110101110011010101111001,1,1,0,0.11,0.6557376980781555,6,2
5,1,1,9,000110110101110011010101111001,1,1,0,0.19,0.7816091775894165,6,2
5,1,1,11,000110110101110011010101111001,1,1,0,0.6,0.9285714030265808,6,5
5,1,1,12,000110110101110011010101111001,1,1,0,0.6,0.2982456088066101,6,5
5,1,1,13,000110110101110011010101111001,1,1,0,0.67,0.6341463327407837,3,2
5,1,1,16,000110110101110011010101111001,1,1,0,0.39,0.6578947305679321,6,2
5,1,1,17,000110110101110011010101111001,1,1,0,0.43,0.2142857164144516,6,2
5,1,1,19,000110110101110011010101111001,1,1,0,0.4,0.1678321659564972,6,5
5,1,1,21,000110110101110011010101111001,1,1,0,0.74,0.40223464369773865,5,3
5,1,1,23,000110110101110011010101111001,1,1,0,0.59,0.8524590134620667,3,2
5,1,1,24,000110110101110011010101111001,1,1,0,0.16,0.2068965584039688,5,2
5,1,1,25,000110110101110011010101111001,1,1,0,0.5,0.0882352963089943,5,3
5,1,1,26,000110110101110011010101111001,1,1,0,0.24,0.2631579041481018,6,4
5,1,1,29,000110110101110011010101111001,1,1,0,0.22,0.3214285671710968,3,2
5,1,2,2,001111101111111000110101000110,1,1,0,0.31,0.8048780560493469,6,4
5,1,2,3,001111101111111000110101000110,1,1,0,0.63,0.5454545617103577,5,4
5,1,2,4,001111101111111000110101000110,1,1,0,0.27,0.75,5,3
5,1,2,5,001111101111111000110101000110,1,1,0,0.55,0.75,5,5
5,1,2,6,001111101111111000110101000110,1,1,0,0.34,0.656521737575531,5,3
5,1,2,8,001111101111111000110101000110,1,1,0,0.56,0.654321014881134,5,5
5,1,2,9,001111101111111000110101000110,1,1,0,0.19,0.7816091775894165,6,2
5,1,2,10,001111101111111000110101000110,1,1,0,0.42,0.8181818127632141,5,2
5,1,2,11,001111101111111000110101000110,1,1,0,0.6,0.9285714030265808,6,5
5,1,2,12,001111101111111000110101000110,1,1,0,0.6,0.2982456088066101,6,5
5,1,2,13,001111101111111000110101000110,1,1,0,0.67,0.6341463327407837,3,2
5,1,2,14,001111101111111000110101000110,1,1,0,0.43,0.3815789520740509,6,4
5,1,2,18,001111101111111000110101000110,1,1,0,0.62,0.6904761791229248,6,3
5,1,2,19,001111101111111000110101000110,1,1,0,0.4,0.1678321659564972,6,5
5,1,2,21,001111101111111000110101000110,1,1,0,0.74,0.40223464369773865,5,3
5,1,2,23,001111101111111000110101000110,1,1,0,0.59,0.8524590134620667,3,2
5,1,2,27,001111101111111000110101000110,1,1,0,0.69,0.8405796885490417,6,4
5,1,2,28,001111101111111000110101000110,1,1,0,0.45,0.8620689511299133,3,2
5,1,3,0,110110010010110111110101100001,1,1,0,0.35,0.3787878751754761,1,1
5,1,3,1,110110010010110111110101100001,1,1,0,0.7,0.7575757503509521,6,4
5,1,3,3,110110010010110111110101100001,1,1,0,0.63,0.5454545617103577,5,4
5,1,3,4,110110010010110111110101100001,1,1,0,0.27,0.75,5,3
5,1,3,7,110110010010110111110101100001,1,1,0,0.11,0.6557376980781555,6,2
5,1,3,10,110110010010110111110101100001,1,1,0,0.42,0.8181818127632141,5,2
5,1,3,12,110110010010110111110101100001,1,1,0,0.6,0.2982456088066101,6,5
5,1,3,13,110110010010110111110101100001,1,1,0,0.67,0.6341463327407837,3,2
5,1,3,15,110110010010110111110101100001,1,1,0,0.55,0.36000001430511475,5,2
5,1,3,16,110110010010110111110101100001,1,1,0,0.39,0.6578947305679321,6,2
5,1,3,17,110110010010110111110101100001,1,1,0,0.43,0.2142857164144516,6,2
5,1,3,18,110110010010110111110101100001,1,1,0,0.62,0.6904761791229248,6,3
5,1,3,19,110110010010110111110101100001,1,1,0,0.4,0.1678321659564972,6,5
5,1,3,21,110110010010110111110101100001,1,1,0,0.74,0.40223464369773865,5,3
5,1,3,23,110110010010110111110101100001,1,1,0,0.59,0.8524590134620667,3,2
5,1,3,24,110110010010110111110101100001,1,1,0,0.16,0.2068965584039688,5,2
5,1,3,29,110110010010110111110101100001,1,1,0,0.22,0.3214285671710968,3,2
5,1,4,0,111110111111110010100100001101,1,1,0,0.35,0.3787878751754761,1,1
5,1,4,1,111110111111110010100100001101,1,1,0,0.7,0.7575757503509521,6,4
5,1,4,2,111110111111110010100100001101,1,1,0,0.31,0.8048780560493469,6,4
5,1,4,3,111110111111110010100100001101,1,1,0,0.63,0.5454545617103577,5,4
5,1,4,4,111110111111110010100100001101,1,1,0,0.27,0.75,5,3
5,1,4,6,111110111111110010100100001101,1,1,0,0.34,0.656521737575531,5,3
5,1,4,7,111110111111110010100100001101,1,1,0,0.11,0.6557376980781555,6,2
5,1,4,8,111110111111110010100100001101,1,1,0,0.56,0.654321014881134,5,5
5,1,4,9,111110111111110010100100001101,1,1,0,0.19,0.7816091775894165,6,2
5,1,4,10,111110111111110010100100001101,1,1,0,0.42,0.8181818127632141,5,2
5,1,4,11,111110111111110010100100001101,1,1,0,0.6,0.9285714030265808,6,5
5,1,4,12,111110111111110010100100001101,1,1,0,0.6,0.2982456088066101,6,5
5,1,4,13,111110111111110010100100001101,1,1,0,0.67,0.6341463327407837,3,2
5,1,4,16,111110111111110010100100001101,1,1,0,0.39,0.6578947305679321,6,2
5,1,4,18,111110111111110010100100001101,1,1,0,0.62,0.6904761791229248,6,3
5,1,4,21,111110111111110010100100001101,1,1,0,0.74,0.40223464369773865,5,3
5,1,4,26,111110111111110010100100001101,1,1,0,0.24,0.2631579041481018,6,4
5,1,4,27,111110111111110010100100001101,1,1,0,0.69,0.8405796885490417,6,4
5,1,4,29,111110111111110010100100001101,1,1,0,0.22,0.3214285671710968,3,2
5,1,5,0,100110101001001111001110110110,1,1,0,0.35,0.3787878751754761,1,1
5,1,5,3,100110101001001111001110110110,1,1,0,0.63,0.5454545617103577,5,4
5,1,5,4,100110101001001111001110110110,1,1,0,0.27,0.75,5,3
5,1,5,6,100110101001001111001110110110,1,1,0,0.34,0.656521737575531,5,3
5,1,5,8,100110101001001111001110110110,1,1,0,0.56,0.654321014881134,5,5
5,1,5,11,100110101001001111001110110110,1,1,0,0.6,0.9285714030265808,6,5
5,1,5,14,100110101001001111001110110110,1,1,0,0.43,0.3815789520740509,6,4
5,1,5,15,100110101001001111001110110110,1,1,0,0.55,0.36000001430511475,5,2
5,1,5,16,100110101001001111001110110110,1,1,0,0.39,0.6578947305679321,6,2
5,1,5,17,100110101001001111001110110110,1,1,0,0.43,0.2142857164144516,6,2
5,1,5,20,100110101001001111001110110110,1,1,0,0.59,0.7941176295280457,6,4
5,1,5,21,100110101001001111001110110110,1,1,0,0.74,0.40223464369773865,5,3
5,1,5,22,100110101001001111001110110110,1,1,0,0.34,0.6142857074737549,1,1
5,1,5,24,100110101001001111001110110110,1,1,0,0.16,0.2068965584039688,5,2
5,1,5,25,100110101001001111001110110110,1,1,0,0.5,0.0882352963089943,5,3
5,1,5,27,100110101001001111001110110110,1,1,0,0.69,0.8405796885490417,6,4
5,1,5,28,100110101001001111001110110110,1,1,0,0.45,0.8620689511299133,3,2
5,1,6,0,100111011110011000001101101010,1,1,0,0.35,0.3787878751754761,1,1
5,1,6,3,100111011110011000001101101010,1,1,0,0.63,0.5454545617103577,5,4
5,1,6,4,100111011110011000001101101010,1,1,0,0.27,0.75,5,3
5,1,6,5,100111011110011000001101101010,1,1,0,0.55,0.75,5,5
5,1,6,7,100111011110011000001101101010,1,1,0,0.11,0.6557376980781555,6,2
5,1,6,8,100111011110011000001101101010,1,1,0,0.56,0.654321014881134,5,5
5,1,6,9,100111011110011000001101101010,1,1,0,0.19,0.7816091775894165,6,2
5,1,6,10,100111011110011000001101101010,1,1,0,0.42,0.8181818127632141,5,2
5,1,6,13,100111011110011000001101101010,1,1,0,0.67,0.6341463327407837,3,2
5,1,6,14,100111011110011000001101101010,1,1,0,0.43,0.3815789520740509,6,4
5,1,6,20,100111011110011000001101101010,1,1,0,0.59,0.7941176295280457,6,4
5,1,6,21,100111011110011000001101101010,1,1,0,0.74,0.40223464369773865,5,3
5,1,6,23,100111011110011000001101101010,1,1,0,0.59,0.8524590134620667,3,2
5,1,6,24,100111011110011000001101101010,1,1,0,0.16,0.2068965584039688,5,2
5,1,6,26,100111011110011000001101101010,1,1,0,0.24,0.2631579041481018,6,4
5,1,6,28,100111011110011000001101101010,1,1,0,0.45,0.8620689511299133,3,2
5,1,7,2,001001001000100000010010010110,1,1,0,0.31,0.8048780560493469,6,4
5,1,7,5,001001001000100000010010010110,1,1,0,0.55,0.75,5,5
5,1,7,8,001001001000100000010010010110,1,1,0,0.56,0.654321014881134,5,5
5,1,7,12,001001001000100000010010010110,1,1,0,0.6,0.2982456088066101,6,5
5,1,7,19,001001001000100000010010010110,1,1,0,0.4,0.1678321659564972,6,5
5,1,7,22,001001001000100000010010010110,1,1,0,0.34,0.6142857074737549,1,1
5,1,7,25,001001001000100000010010010110,1,1,0,0.5,0.0882352963089943,5,3
5,1,7,27,001001001000100000010010010110,1,1,0,0.69,0.8405796885490417,6,4
5,1,7,28,001001001000100000010010010110,1,1,0,0.45,0.8620689511299133,3,2
5,1,8,0,111000111010001001110010000100,1,1,0,0.35,0.3787878751754761,1,1
5,1,8,1,111000111010001001110010000100,1,1,0,0.7,0.7575757503509521,6,4
5,1,8,2,111000111010001001110010000100,1,1,0,0.31,0.8048780560493469,6,4
5,1,8,6,111000111010001001110010000100,1,1,0,0.34,0.656521737575531,5,3
5,1,8,7,111000111010001001110010000100,1,1,0,0.11,0.6557376980781555,6,2
5,1,8,8,111000111010001001110010000100,1,1,0,0.56,0.654321014881134,5,5
5,1,8,10,111000111010001001110010000100,1,1,0,0.42,0.8181818127632141,5,2
5,1,8,14,111000111010001001110010000100,1,1,0,0.43,0.3815789520740509,6,4
5,1,8,17,111000111010001001110010000100,1,1,0,0.43,0.2142857164144516,6,2
5,1,8,18,111000111010001001110010000100,1,1,0,0.62,0.6904761791229248,6,3
5,1,8,19,111000111010001001110010000100,1,1,0,0.4,0.1678321659564972,6,5
5,1,8,22,111000111010001001110010000100,1,1,0,0.34,0.6142857074737549,1,1
5,1,8,27,111000111010001001110010000100,1,1,0,0.69,0.8405796885490417,6,4
5,1,9,0,100100000001010110101110001010,1,1,0,0.35,0.3787878751754761,1,1
5,1,9,3,100100000001010110101110001010,1,1,0,0.63,0.5454545617103577,5,4
5,1,9,11,100100000001010110101110001010,1,1,0,0.6,0.9285714030265808,6,5
5,1,9,13,100100000001010110101110001010,1,1,0,0.67,0.6341463327407837,3,2
5,1,9,15,100100000001010110101110001010,1,1,0,0.55,0.36000001430511475,5,2
5,1,9,16,100100000001010110101110001010,1,1,0,0.39,0.6578947305679321,6,2
5,1,9,18,100100000001010110101110001010,1,1,0,0.62,0.6904761791229248,6,3
5,1,9,20,100100000001010110101110001010,1,1,0,0.59,0.7941176295280457,6,4
5,1,9,21,100100000001010110101110001010,1,1,0,0.74,0.40223464369773865,5,3
5,1,9,22,100100000001010110101110001010,1,1,0,0.34,0.6142857074737549,1,1
5,1,9,26,100100000001010110101110001010,1,1,0,0.24,0.2631579041481018,6,4
5,1,9,28,100100000001010110101110001010,1,1,0,0.45,0.8620689511299133,3,2
5,1,10,2,001101101111111101100001010010,1,1,0,0.31,0.8048780560493469,6,4
5,1,10,3,001101101111111101100001010010,1,1,0,0.63,0.5454545617103577,5,4
5,1,10,5,001101101111111101100001010010,1,1,0,0.55,0.75,5,5
5,1,10,6,001101101111111101100001010010,1,1,0,0.34,0.656521737575531,5,3
5,1,10,8,001101101111111101100001010010,1,1,0,0.56,0.654321014881134,5,5
5,1,10,9,001101101111111101100001010010,1,1,0,0.19,0.7816091775894165,6,2
5,1,10,10,001101101111111101100001010010,1,1,0,0.42,0.8181818127632141,5,2
5,1,10,11,001101101111111101100001010010,1,1,0,0.6,0.9285714030265808,6,5
5,1,10,12,001101101111111101100001010010,1,1,0,0.6,0.2982456088066101,6,5
5,1,10,13,001101101111111101100001010010,1,1,0,0.67,0.6341463327407837,3,2
5,1,10,14,001101101111111101100001010010,1,1,0,0.43,0.3815789520740509,6,4
5,1,10,15,001101101111111101100001010010,1,1,0,0.55,0.36000001430511475,5,2
5,1,10,17,001101101111111101100001010010,1,1,0,0.43,0.2142857164144516,6,2
5,1,10,18,001101101111111101100001010010,1,1,0,0.62,0.6904761791229248,6,3
5,1,10,23,001101101111111101100001010010,1,1,0,0.59,0.8524590134620667,3,2
5,1,10,25,001101101111111101100001010010,1,1,0,0.5,0.0882352963089943,5,3
5,1,10,28,001101101111111101100001010010,1,1,0,0.45,0.8620689511299133,3,2
5,1,11,1,011011001010110110101100001000,1,1,0,0.7,0.7575757503509521,6,4
5,1,11,2,011011001010110110101100001000,1,1,0,0.31,0.8048780560493469,6,4
5,1,11,4,011011001010110110101100001000,1,1,0,0.27,0.75,5,3
5,1,11,5,011011001010110110101100001000,1,1,0,0.55,0.75,5,5
5,1,11,8,011011001010110110101100001000,1,1,0,0.56,0.654321014881134,5,5
5,1,11,10,011011001010110110101100001000,1,1,0,0.42,0.8181818127632141,5,2
5,1,11,12,011011001010110110101100001000,1,1,0,0.6,0.2982456088066101,6,5
5,1,11,13,011011001010110110101100001000,1,1,0,0.67,0.6341463327407837,3,2
5,1,11,15,011011001010110110101100001000,1,1,0,0.55,0.36000001430511475,5,2
5,1,11,16,011011001010110110101100001000,1,1,0,0.39,0.6578947305679321,6,2
5,1,11,18,011011001010110110101100001000,1,1,0,0.62,0.6904761791229248,6,3
5,1,11,20,011011001010110110101100001000,1,1,0,0.59,0.7941176295280457,6,4
5,1,11,21,011011001010110110101100001000,1,1,0,0.74,0.40223464369773865,5,3
5,1,11,26,011011001010110110101100001000,1,1,0,0.24,0.2631579041481018,6,4
5,1,12,4,000010111110101101100110010011,1,1,0,0.27,0.75,5,3
5,1,12,6,000010111110101101100110010011,1,1,0,0.34,0.656521737575531,5,3
5,1,12,7,000010111110101101100110010011,1,1,0,0.11,0.6557376980781555,6,2
5,1,12,8,000010111110101101100110010011,1,1,0,0.56,0.654321014881134,5,5
5,1,12,9,000010111110101101100110010011,1,1,0,0.19,0.7816091775894165,6,2
5,1,12,10,000010111110101101100110010011,1,1,0,0.42,0.8181818127632141,5,2
5,1,12,12,000010111110101101100110010011,1,1,0,0.6,0.2982456088066101,6,5
5,1,12,14,000010111110101101100110010011,1,1,0,0.43,0.3815789520740509,6,4
5,1,12,15,000010111110101101100110010011,1,1,0,0.55,0.36000001430511475,5,2
5,1,12,17,000010111110101101100110010011,1,1,0,0.43,0.2142857164144516,6,2
5,1,12,18,000010111110101101100110010011,1,1,0,0.62,0.6904761791229248,6,3
5,1,12,21,000010111110101101100110010011,1,1,0,0.74,0.40223464369773865,5,3
5,1,12,22,000010111110101101100110010011,1,1,0,0.34,0.6142857074737549,1,1
5,1,12,25,000010111110101101100110010011,1,1,0,0.5,0.0882352963089943,5,3
5,1,12,28,000010111110101101100110010011,1,1,0,0.45,0.8620689511299133,3,2
5,1,12,29,000010111110101101100110010011,1,1,0,0.22,0.3214285671710968,3,2
5,2,0,2,001111101111111000110101000110,1,1,0,0.31,0.8048780560493469,6,4
5,2,0,3,001111101111111000110101000110,1,1,0,0.63,0.5454545617103577,5,4
5,2,0,4,001111101111111000110101000110,1,1,0,0.27,0.75,5,3
5,2,0,5,001111101111111000110101000110,1,1,0,0.55,0.75,5,5
5,2,0,6,001111101111111000110101000110,1,1,0,0.34,0.656521737575531,5,3
5,2,0,8,001111101111111000110101000110,1,1,0,0.56,0.654321014881134,5,5
5,2,0,9,001111101111111000110101000110,1,1,0,0.19,0.7816091775894165,6,2
5,2,0,10,001111101111111000110101000110,1,1,0,0.42,0.8181818127632141,5,2
5,2,0,11,001111101111111000110101000110,1,1,0,0.6,0.9285714030265808,6,5
5,2,0,12,001111101111111000110101000110,1,1,0,0.6,0.2982456088066101,6,5
5,2,0,13,001111101111111000110101000110,1,1,0,0.67,0.6341463327407837,3,2
5,2,0,14,001111101111111000110101000110,1,1,0,0.43,0.3815789520740509,6,4
5,2,0,18,001111101111111000110101000110,1,1,0,0.62,0.6904761791229248,6,3
5,2,0,19,001111101111111000110101000110,1,1,0,0.4,0.1678321659564972,6,5
5,2,0,21,001111101111111000110101000110,1,1,0,0.74,0.40223464369773865,5,3
5,2,0,23,001111101111111000110101000110,1,1,0,0.59,0.8524590134620667,3,2
5,2,0,27,001111101111111000110101000110,1,1,0,0.69,0.8405796885490417,6,4
5,2,0,28,001111101111111000110101000110,1,1,0,0.45,0.8620689511299133,3,2
5,2,1,0,110110010010110111110101100001,1,1,0,0.35,0.3787878751754761,1,1
5,2,1,1,110110010010110111110101100001,1,1,0,0.7,0.7575757503509521,6,4
5,2,1,3,110110010010110111110101100001,1,1,0,0.63,0.5454545617103577,5,4
5,2,1,4,110110010010110111110101100001,1,1,0,0.27,0.75,5,3
5,2,1,7,110110010010110111110101100001,1,1,0,0.11,0.6557376980781555,6,2
5,2,1,10,110110010010110111110101100001,1,1,0,0.42,0.8181818127632141,5,2
5,2,1,12,110110010010110111110101100001,1,1,0,0.6,0.2982456088066101,6,5
5,2,1,13,110110010010110111110101100001,1,1,0,0.67,0.6341463327407837,3,2
5,2,1,15,110110010010110111110101100001,1,1,0,0.55,0.36000001430511475,5,2
5,2,1,16,110110010010110111110101100001,1,1,0,0.39,0.6578947305679321,6,2
5,2,1,17,110110010010110111110101100001,1,1,0,0.43,0.2142857164144516,6,2
5,2,1,18,110110010010110111110101100001,1,1,0,0.62,0.6904761791229248,6,3
5,2,1,19,110110010010110111110101100001,1,1,0,0.4,0.1678321659564972,6,5
5,2,1,21,110110010010110111110101100001,1,1,0,0.74,0.40223464369773865,5,3
5,2,1,23,110110010010110111110101100001,1,1,0,0.59,0.8524590134620667,3,2
5,2,1,24,110110010010110111110101100001,1,1,0,0.16,0.2068965584039688,5,2
5,2,1,29,110110010010110111110101100001,1,1,0,0.22,0.3214285671710968,3,2
5,2,2,0,100110101001001111001110110110,1,1,0,0.35,0.3787878751754761,1,1
5,2,2,3,100110101001001111001110110110,1,1,0,0.63,0.5454545617103577,5,4
5,2,2,4,100110101001001111001110110110,1,1,0,0.27,0.75,5,3
5,2,2,6,100110101001001111001110110110,1,1,0,0.34,0.656521737575531,5,3
5,2,2,8,100110101001001111001110110110,1,1,0,0.56,0.654321014881134,5,5
5,2,2,11,100110101001001111001110110110,1,1,0,0.6,0.9285714030265808,6,5
5,2,2,14,100110101001001111001110110110,1,1,0,0.43,0.3815789520740509,6,4
5,2,2,15,100110101001001111001110110110,1,1,0,0.55,0.36000001430511475,5,2
5,2,2,16,100110101001001111001110110110,1,1,0,0.39,0.6578947305679321,6,2
5,2,2,17,100110101001001111001110110110,1,1,0,0.43,0.2142857164144516,6,2
5,2,2,20,100110101001001111001110110110,1,1,0,0.59,0.7941176295280457,6,4
5,2,2,21,100110101001001111001110110110,1,1,0,0.74,0.40223464369773865,5,3
5,2,2,22,100110101001001111001110110110,1,1,0,0.34,0.6142857074737549,1,1
5,2,2,24,100110101001001111001110110110,1,1,0,0.16,0.2068965584039688,5,2
5,2,2,25,100110101001001111001110110110,1,1,0,0.5,0.0882352963089943,5,3
5,2,2,27,100110101001001111001110110110,1,1,0,0.69,0.8405796885490417,6,4
5,2,2,28,100110101001001111001110110110,1,1,0,0.45,0.8620689511299133,3,2
5,2,3,2,001101101111111101100001010010,1,1,0,0.31,0.8048780560493469,6,4
5,2,3,3,001101101111111101100001010010,1,1,0,0.63,0.5454545617103577,5,4
5,2,3,5,001101101111111101100001010010,1,1,0,0.55,0.75,5,5
5,2,3,6,001101101111111101100001010010,1,1,0,0.34,0.656521737575531,5,3
5,2,3,8,001101101111111101100001010010,1,1,0,0.56,0.654321014881134,5,5
5,2,3,9,001101101111111101100001010010,1,1,0,0.19,0.7816091775894165,6,2
5,2,3,10,001101101111111101100001010010,1,1,0,0.42,0.8181818127632141,5,2
5,2,3,11,001101101111111101100001010010,1,1,0,0.6,0.9285714030265808,6,5
5,2,3,12,001101101111111101100001010010,1,1,0,0.6,0.2982456088066101,6,5
5,2,3,13,001101101111111101100001010010,1,1,0,0.67,0.6341463327407837,3,2
5,2,3,14,001101101111111101100001010010,1,1,0,0.43,0.3815789520740509,6,4
5,2,3,15,001101101111111101100001010010,1,1,0,0.55,0.36000001430511475,5,2
5,2,3,17,001101101111111101100001010010,1,1,0,0.43,0.2142857164144516,6,2
5,2,3,18,001101101111111101100001010010,1,1,0,0.62,0.6904761791229248,6,3
5,2,3,23,001101101111111101100001010010,1,1,0,0.59,0.8524590134620667,3,2
5,2,3,25,001101101111111101100001010010,1,1,0,0.5,0.0882352963089943,5,3
5,2,3,28,001101101111111101100001010010,1,1,0,0.45,0.8620689511299133,3,2
5,2,4,4,000010111110101101100110010011,1,1,0,0.27,0.75,5,3
5,2,4,6,000010111110101101100110010011,1,1,0,0.34,0.656521737575531,5,3
5,2,4,7,000010111110101101100110010011,1,1,0,0.11,0.6557376980781555,6,2
5,2,4,8,000010111110101101100110010011,1,1,0,0.56,0.654321014881134,5,5
5,2,4,9,000010111110101101100110010011,1,1,0,0.19,0.7816091775894165,6,2
5,2,4,10,000010111110101101100110010011,1,1,0,0.42,0.8181818127632141,5,2
5,2,4,12,000010111110101101100110010011,1,1,0,0.6,0.2982456088066101,6,5
5,2,4,14,000010111110101101100110010011,1,1,0,0.43,0.3815789520740509,6,4
5,2,4,15,000010111110101101100110010011,1,1,0,0.55,0.36000001430511475,5,2
5,2,4,17,000010111110101101100110010011,1,1,0,0.43,0.2142857164144516,6,2
5,2,4,18,000010111110101101100110010011,1,1,0,0.62,0.6904761791229248,6,3
5,2,4,21,000010111110101101100110010011,1,1,0,0.74,0.40223464369773865,5,3
5,2,4,22,000010111110101101100110010011,1,1,0,0.34,0.6142857074737549,1,1
5,2,4,25,000010111110101101100110010011,1,1,0,0.5,0.0882352963089943,5,3
5,2,4,28,000010111110101101100110010011,1,1,0,0.45,0.8620689511299133,3,2
5,2,4,29,000010111110101101100110010011,1,1,0,0.22,0.3214285671710968,3,2
5,2,5,0,110110110101110011010110111101,1,1,0,0.35,0.3787878751754761,1,1
5,2,5,1,110110110101110011010110111101,1,1,0,0.7,0.7575757503509521,6,4
5,2,5,3,110110110101110011010110111101,1,1,0,0.63,0.5454545617103577,5,4
5,2,5,4,110110110101110011010110111101,1,1,0,0.27,0.75,5,3
5,2,5,6,110110110101110011010110111101,1,1,0,0.34,0.656521737575531,5,3
5,2,5,7,110110110101110011010110111101,1,1,0,0.11,0.6557376980781555,6,2
5,2,5,9,110110110101110011010110111101,1,1,0,0.19,0.7816091775894165,6,2
5,2,5,11,110110110101110011010110111101,1,1,0,0.6,0.9285714030265808,6,5
5,2,5,12,110110110101110011010110111101,1,1,0,0.6,0.2982456088066101,6,5
5,2,5,13,110110110101110011010110111101,1,1,0,0.67,0.6341463327407837,3,2
5,2,5,16,110110110101110011010110111101,1,1,0,0.39,0.6578947305679321,6,2
5,2,5,17,110110110101110011010110111101,1,1,0,0.43,0.2142857164144516,6,2
5,2,5,19,110110110101110011010110111101,1,1,0,0.4,0.1678321659564972,6,5
5,2,5,21,110110110101110011010110111101,1,1,0,0.74,0.40223464369773865,5,3
5,2,5,22,110110110101110011010110111101,1,1,0,0.34,0.6142857074737549,1,1
5,2,5,24,110110110101110011010110111101,1,1,0,0.16,0.2068965584039688,5,2
5,2,5,25,110110110101110011010110111101,1,1,0,0.5,0.0882352963089943,5,3
5,2,5,26,110110110101110011010110111101,1,1,0,0.24,0.2631579041481018,6,4
5,2,5,27,110110110101110011010110111101,1,1,0,0.69,0.8405796885490417,6,4
5,2,5,29,110110110101110011010110111101,1,1,0,0.22,0.3214285671710968,3,2
5,2,6,0,111000011111110110101100111010,1,1,0,0.35,0.3787878751754761,1,1
5,2,6,1,111000011111110110101100111010,1,1,0,0.7,0.7575757503509521,6,4
5,2,6,2,111000011111110110101100111010,1,1,0,0.31,0.8048780560493469,6,4
5,2,6,7,111000011111110110101100111010,1,1,0,0.11,0.6557376980781555,6,2
5,2,6,8,111000011111110110101100111010,1,1,0,0.56,0.654321014881134,5,5
5,2,6,9,111000011111110110101100111010,1,1,0,0.19,0.7816091775894165,6,2
5,2,6,10,111000011111110110101100111010,1,1,0,0.42,0.8181818127632141,5,2
5,2,6,11,111000011111110110101100111010,1,1,0,0.6,0.9285714030265808,6,5
5,2,6,12,111000011111110110101100111010,1,1,0,0.6,0.2982456088066101,6,5
5,2,6,13,111000011111110110101100111010,1,1,0,0.67,0.6341463327407837,3,2
5,2,6,15,111000011111110110101100111010,1,1,0,0.55,0.36000001430511475,5,2
5,2,6,16,111000011111110110101100111010,1,1,0,0.39,0.6578947305679321,6,2
5,2,6,18,111000011111110110101100111010,1,1,0,0.62,0.6904761791229248,6,3
5,2,6,20,111000011111110110101100111010,1,1,0,0.59,0.7941176295280457,6,4
5,2,6,21,111000011111110110101100111010,1,1,0,0.74,0.40223464369773865,5,3
5,2,6,24,111000011111110110101100111010,1,1,0,0.16,0.2068965584039688,5,2
5,2,6,25,111000011111110110101100111010,1,1,0,0.5,0.0882352963089943,5,3
5,2,6,26,111000011111110110101100111010,1,1,0,0.24,0.2631579041481018,6,4
5,2,6,28,111000011111110110101100111010,1,1,0,0.45,0.8620689511299133,3,2
5,2,7,0,110101001000000111010110111100,1,1,0,0.35,0.3787878751754761,1,1
5,2,7,1,110101001000000111010110111100,1,1,0,0.7,0.7575757503509521,6,4
5,2,7,3,110101001000000111010110111100,1,1,0,0.63,0.5454545617103577,5,4
5,2,7,5,110101001000000111010110111100,1,1,0,0.55,0.75,5,5
5,2,7,8,110101001000000111010110111100,1,1,0,0.56,0.654321014881134,5,5
5,2,7,15,110101001000000111010110111100,1,1,0,0.55,0.36000001430511475,5,2
5,2,7,16,110101001000000111010110111100,1,1,0,0.39,0.6578947305679321,6,2
5,2,7,17,110101001000000111010110111100,1,1,0,0.43,0.2142857164144516,6,2
5,2,7,19,110101001000000111010110111100,1,1,0,0.4,0.1678321659564972,6,5
5,2,7,21,110101001000000111010110111100,1,1,0,0.74,0.40223464369773865,5,3
5,2,7,22,110101001000000111010110111100,1,1,0,0.34,0.6142857074737549,1,1
5,2,7,24,110101001000000111010110111100,1,1,0,0.16,0.2068965584039688,5,2
5,2,7,25,110101001000000111010110111100,1,1,0,0.5,0.0882352963089943,5,3
5,2,7,26,110101001000000111010110111100,1,1,0,0.24,0.2631579041481018,6,4
5,2,7,27,110101001000000111010110111100,1,1,0,0.69,0.8405796885490417,6,4
5,2,8,0,110011100100011100100100000101,1,1,0,0.35,0.3787878751754761,1,1
5,2,8,1,110011100100011100100100000101,1,1,0,0.7,0.7575757503509521,6,4
5,2,8,4,110011100100011100100100000101,1,1,0,0.27,0.75,5,3
5,2,8,5,110011100100011100100100000101,1,1,0,0.55,0.75,5,5
5,2,8,6,110011100100011100100100000101,1,1,0,0.34,0.656521737575531,5,3
5,2,8,9,110011100100011100100100000101,1,1,0,0.19,0.7816091775894165,6,2
5,2,8,13,110011100100011100100100000101,1,1,0,0.67,0.6341463327407837,3,2
5,2,8,14,110011100100011100100100000101,1,1,0,0.43,0.3815789520740509,6,4
5,2,8,15,110011100100011100100100000101,1,1,0,0.55,0.36000001430511475,5,2
5,2,8,18,110011100100011100100100000101,1,1,0,0.62,0.6904761791229248,6,3
5,2,8,21,110011100100011100100100000101,1,1,0,0.74,0.40223464369773865,5,3
5,2,8,27,110011100100011100100100000101,1,1,0,0.69,0.8405796885490417,6,4
5,2,8,29,110011100100011100100100000101,1,1,0,0.22,0.3214285671710968,3,2
5,2,9,1,010100000000010110000101011001,1,1,0,0.7,0.7575757503509521,6,4
5,2,9,3,010100000000010110000101011001,1,1,0,0.63,0.5454545617103577,5,4
5,2,9,13,010100000000010110000101011001,1,1,0,0.67,0.6341463327407837,3,2
5,2,9,15,010100000000010110000101011001,1,1,0,0.55,0.36000001430511475,5,2
5,2,9,16,010100000000010110000101011001,1,1,0,0.39,0.6578947305679321,6,2
5,2,9,21,010100000000010110000101011001,1,1,0,0.74,0.40223464369773865,5,3
5,2,9,23,010100000000010110000101011001,1,1,0,0.59,0.8524590134620667,3,2
5,2,9,25,010100000000010110000101011001,1,1,0,0.5,0.0882352963089943,5,3
5,2,9,26,010100000000010110000101011001,1,1,0,0.24,0.2631579041481018,6,4
5,2,9,29,010100000000010110000101011001,1,1,0,0.22,0.3214285671710968,3,2
5,2,10,0,110101111101110000011100100111,1,1,0,0.35,0.3787878751754761,1,1
5,2,10,1,110101111101110000011100100111,1,1,0,0.7,0.7575757503509521,6,4
5,2,10,3,110101111101110000011100100111,1,1,0,0.63,0.5454545617103577,5,4
5,2,10,5,110101111101110000011100100111,1,1,0,0.55,0.75,5,5
5,2,10,6,110101111101110000011100100111,1,1,0,0.34,0.656521737575531,5,3
5,2,10,7,110101111101110000011100100111,1,1,0,0.11,0.6557376980781555,6,2
5,2,10,8,110101111101110000011100100111,1,1,0,0.56,0.654321014881134,5,5
5,2,10,9,110101111101110000011100100111,1,1,0,0.19,0.7816091775894165,6,2
5,2,10,11,110101111101110000011100100111,1,1,0,0.6,0.9285714030265808,6,5
5,2,10,12,110101111101110000011100100111,1,1,0,0.6,0.2982456088066101,6,5
5,2,10,13,110101111101110000011100100111,1,1,0,0.67,0.6341463327407837,3,2
5,2,10,19,110101111101110000011100100111,1,1,0,0.4,0.1678321659564972,6,5
5,2,10,20,110101111101110000011100100111,1,1,0,0.59,0.7941176295280457,6,4
5,2,10,21,110101111101110000011100100111,1,1,0,0.74,0.40223464369773865,5,3
5,2,10,24,110101111101110000011100100111,1,1,0,0.16,0.2068965584039688,5,2
5,2,10,27,110101111101110000011100100111,1,1,0,0.69,0.8405796885490417,6,4
5,2,10,28,110101111101110000011100100111,1,1,0,0.45,0.8620689511299133,3,2
5,2,10,29,110101111101110000011100100111,1,1,0,0.22,0.3214285671710968,3,2
5,2,11,0,110110010010110111110101100000,1,1,0,0.35,0.3787878751754761,1,1
5,2,11,1,110110010010110111110101100000,1,1,0,0.7,0.7575757503509521,6,4
5,2,11,3,110110010010110111110101100000,1,1,0,0.63,0.5454545617103577,5,4
5,2,11,4,110110010010110111110101100000,1,1,0,0.27,0.75,5,3
5,2,11,7,110110010010110111110101100000,1,1,0,0.11,0.6557376980781555,6,2
5,2,11,10,110110010010110111110101100000,1,1,0,0.42,0.8181818127632141,5,2
5,2,11,12,110110010010110111110101100000,1,1,0,0.6,0.2982456088066101,6,5
5,2,11,13,110110010010110111110101100000,1,1,0,0.67,0.6341463327407837,3,2
5,2,11,15,110110010010110111110101100000,1,1,0,0.55,0.36000001430511475,5,2
5,2,11,16,110110010010110111110101100000,1,1,0,0.39,0.6578947305679321,6,2
5,2,11,17,110110010010110111110101100000,1,1,0,0.43,0.2142857164144516,6,2
5,2,11,18,110110010010110111110101100000,1,1,0,0.62,0.6904761791229248,6,3
5,2,11,19,110110010010110111110101100000,1,1,0,0.4,0.1678321659564972,6,5
5,2,11,21,110110010010110111110101100000,1,1,0,0.74,0.40223464369773865,5,3
5,2,11,23,110110010010110111110101100000,1,1,0,0.59,0.8524590134620667,3,2
5,2,11,24,110110010010110111110101100000,1,1,0,0.16,0.2068965584039688,5,2
5,3,0,2,001111101111111000110101000110,1,1,0,0.31,0.8048780560493469,6,4
5,3,0,3,001111101111111000110101000110,1,1,0,0.63,0.5454545617103577,5,4
5,3,0,4,001111101111111000110101000110,1,1,0,0.27,0.75,5,3
5,3,0,5,001111101111111000110101000110,1,1,0,0.55,0.75,5,5
5,3,0,6,001111101111111000110101000110,1,1,0,0.34,0.656521737575531,5,3
5,3,0,8,001111101111111000110101000110,1,1,0,0.56,0.654321014881134,5,5
5,3,0,9,001111101111111000110101000110,1,1,0,0.19,0.7816091775894165,6,2
5,3,0,10,001111101111111000110101000110,1,1,0,0.42,0.8181818127632141,5,2
5,3,0,11,001111101111111000110101000110,1,1,0,0.6,0.9285714030265808,6,5
5,3,0,12,001111101111111000110101000110,1,1,0,0.6,0.2982456088066101,6,5
5,3,0,13,001111101111111000110101000110,1,1,0,0.67,0.6341463327407837,3,2
5,3,0,14,001111101111111000110101000110,1,1,0,0.43,0.3815789520740509,6,4
5,3,0,18,001111101111111000110101000110,1,1,0,0.62,0.6904761791229248,6,3
5,3,0,19,001111101111111000110101000110,1,1,0,0.4,0.1678321659564972,6,5
5,3,0,21,001111101111111000110101000110,1,1,0,0.74,0.40223464369773865,5,3
5,3,0,23,001111101111111000110101000110,1,1,0,0.59,0.8524590134620667,3,2
5,3,0,27,001111101111111000110101000110,1,1,0,0.69,0.8405796885490417,6,4
5,3,0,28,001111101111111000110101000110,1,1,0,0.45,0.8620689511299133,3,2
5,3,1,0,111000011111110110101100111010,1,1,0,0.35,0.3787878751754761,1,1
5,3,1,1,111000011111110110101100111010,1,1,0,0.7,0.7575757503509521,6,4
5,3,1,2,111000011111110110101100111010,1,1,0,0.31,0.8048780560493469,6,4
5,3,1,7,111000011111110110101100111010,1,1,0,0.11,0.6557376980781555,6,2
5,3,1,8,111000011111110110101100111010,1,1,0,0.56,0.654321014881134,5,5
5,3,1,9,111000011111110110101100111010,1,1,0,0.19,0.7816091775894165,6,2
5,3,1,10,111000011111110110101100111010,1,1,0,0.42,0.8181818127632141,5,2
5,3,1,11,111000011111110110101100111010,1,1,0,0.6,0.9285714030265808,6,5
5,3,1,12,111000011111110110101100111010,1,1,0,0.6,0.2982456088066101,6,5
5,3,1,13,111000011111110110101100111010,1,1,0,0.67,0.6341463327407837,3,2
5,3,1,15,111000011111110110101100111010,1,1,0,0.55,0.36000001430511475,5,2
5,3,1,16,111000011111110110101100111010,1,1,0,0.39,0.6578947305679321,6,2
5,3,1,18,111000011111110110101100111010,1,1,0,0.62,0.6904761791229248,6,3
5,3,1,20,111000011111110110101100111010,1,1,0,0.59,0.7941176295280457,6,4
5,3,1,21,111000011111110110101100111010,1,1,0,0.74,0.40223464369773865,5,3
5,3,1,24,111000011111110110101100111010,1,1,0,0.16,0.2068965584039688,5,2
5,3,1,25,111000011111110110101100111010,1,1,0,0.5,0.0882352963089943,5,3
5,3,1,26,111000011111110110101100111010,1,1,0,0.24,0.2631579041481018,6,4
5,3,1,28,111000011111110110101100111010,1,1,0,0.45,0.8620689511299133,3,2
5,3,2,0,110101001000000111010110111100,1,1,0,0.35,0.3787878751754761,1,1
5,3,2,1,110101001000000111010110111100,1,1,0,0.7,0.7575757503509521,6,4
5,3,2,3,110101001000000111010110111100,1,1,0,0.63,0.5454545617103577,5,4
5,3,2,5,110101001000000111010110111100,1,1,0,0.55,0.75,5,5
5,3,2,8,110101001000000111010110111100,1,1,0,0.56,0.654321014881134,5,5
5,3,2,15,110101001000000111010110111100,1,1,0,0.55,0.36000001430511475,5,2
5,3,2,16,110101001000000111010110111100,1,1,0,0.39,0.6578947305679321,6,2
5,3,2,17,110101001000000111010110111100,1,1,0,0.43,0.2142857164144516,6,2
5,3,2,19,110101001000000111010110111100,1,1,0,0.4,0.1678321659564972,6,5
5,3,2,21,110101001000000111010110111100,1,1,0,0.74,0.40223464369773865,5,3
5,3,2,22,110101001000000111010110111100,1,1,0,0.34,0.6142857074737549,1,1
5,3,2,24,110101001000000111010110111100,1,1,0,0.16,0.2068965584039688,5,2
5,3,2,25,110101001000000111010110111100,1,1,0,0.5,0.0882352963089943,5,3
5,3,2,26,110101001000000111010110111100,1,1,0,0.24,0.2631579041481018,6,4
5,3,2,27,110101001000000111010110111100,1,1,0,0.69,0.8405796885490417,6,4
5,3,3,0,110011100100011100100100000101,1,1,0,0.35,0.3787878751754761,1,1
5,3,3,1,110011100100011100100100000101,1,1,0,0.7,0.7575757503509521,6,4
5,3,3,4,110011100100011100100100000101,1,1,0,0.27,0.75,5,3
5,3,3,5,110011100100011100100100000101,1,1,0,0.55,0.75,5,5
5,3,3,6,110011100100011100100100000101,1,1,0,0.34,0.656521737575531,5,3
5,3,3,9,110011100100011100100100000101,1,1,0,0.19,0.7816091775894165,6,2
5,3,3,13,110011100100011100100100000101,1,1,0,0.67,0.6341463327407837,3,2
5,3,3,14,110011100100011100100100000101,1,1,0,0.43,0.3815789520740509,6,4
5,3,3,15,110011100100011100100100000101,1,1,0,0.55,0.36000001430511475,5,2
5,3,3,18,110011100100011100100100000101,1,1,0,0.62,0.6904761791229248,6,3
5,3,3,21,110011100100011100100100000101,1,1,0,0.74,0.40223464369773865,5,3
5,3,3,27,110011100100011100100100000101,1,1,0,0.69,0.8405796885490417,6,4
5,3,3,29,110011100100011100100100000101,1,1,0,0.22,0.3214285671710968,3,2
5,3,4,1,010100000000010110000101011001,1,1,0,0.7,0.7575757503509521,6,4
5,3,4,3,010100000000010110000101011001,1,1,0,0.63,0.5454545617103577,5,4
5,3,4,13,010100000000010110000101011001,1,1,0,0.67,0.6341463327407837,3,2
5,3,4,15,010100000000010110000101011001,1,1,0,0.55,0.36000001430511475,5,2
5,3,4,16,010100000000010110000101011001,1,1,0,0.39,0.6578947305679321,6,2
5,3,4,21,010100000000010110000101011001,1,1,0,0.74,0.40223464369773865,5,3
5,3,4,23,010100000000010110000101011001,1,1,0,0.59,0.8524590134620667,3,2
5,3,4,25,010100000000010110000101011001,1,1,0,0.5,0.0882352963089943,5,3
5,3,4,26,010100000000010110000101011001,1,1,0,0.24,0.2631579041481018,6,4
5,3,4,29,010100000000010110000101011001,1,1,0,0.22,0.3214285671710968,3,2
5,3,5,1,010110101001001011001110111001,1,1,0,0.7,0.7575757503509521,6,4
5,3,5,3,010110101001001011001110111001,1,1,0,0.63,0.5454545617103577,5,4
5,3,5,4,010110101001001011001110111001,1,1,0,0.27,0.75,5,3
5,3,5,6,010110101001001011001110111001,1,1,0,0.34,0.656521737575531,5,3
5,3,5,8,010110101001001011001110111001,1,1,0,0.56,0.654321014881134,5,5
5,3,5,11,010110101001001011001110111001,1,1,0,0.6,0.9285714030265808,6,5
5,3,5,14,010110101001001011001110111001,1,1,0,0.43,0.3815789520740509,6,4
5,3,5,16,010110101001001011001110111001,1,1,0,0.39,0.6578947305679321,6,2
5,3,5,17,010110101001001011001110111001,1,1,0,0.43,0.2142857164144516,6,2
5,3,5,20,010110101001001011001110111001,1,1,0,0.59,0.7941176295280457,6,4
5,3,5,21,010110101001001011001110111001,1,1,0,0.74,0.40223464369773865,5,3
5,3,5,22,010110101001001011001110111001,1,1,0,0.34,0.6142857074737549,1,1
5,3,5,24,010110101001001011001110111001,1,1,0,0.16,0.2068965584039688,5,2
5,3,5,25,010110101001001011001110111001,1,1,0,0.5,0.0882352963089943,5,3
5,3,5,26,010110101001001011001110111001,1,1,0,0.24,0.2631579041481018,6,4
5,3,5,29,010110101001001011001110111001,1,1,0,0.22,0.3214285671710968,3,2
5,3,6,2,001010010101011011111110110010,1,1,0,0.31,0.8048780560493469,6,4
5,3,6,4,001010010101011011111110110010,1,1,0,0.27,0.75,5,3
5,3,6,7,001010010101011011111110110010,1,1,0,0.11,0.6557376980781555,6,2
5,3,6,9,001010010101011011111110110010,1,1,0,0.19,0.7816091775894165,6,2
5,3,6,11,001010010101011011111110110010,1,1,0,0.6,0.9285714030265808,6,5
5,3,6,13,001010010101011011111110110010,1,1,0,0.67,0.6341463327407837,3,2
5,3,6,14,001010010101011011111110110010,1,1,0,0.43,0.3815789520740509,6,4
5,3,6,16,001010010101011011111110110010,1,1,0,0.39,0.6578947305679321,6,2
5,3,6,17,001010010101011011111110110010,1,1,0,0.43,0.2142857164144516,6,2
5,3,6,18,001010010101011011111110110010,1,1,0,0.62,0.6904761791229248,6,3
5,3,6,19,001010010101011011111110110010,1,1,0,0.4,0.1678321659564972,6,5
5,3,6,20,001010010101011011111110110010,1,1,0,0.59,0.7941176295280457,6,4
5,3,6,21,001010010101011011111110110010,1,1,0,0.74,0.40223464369773865,5,3
5,3,6,22,001010010101011011111110110010,1,1,0,0.34,0.6142857074737549,1,1
5,3,6,24,001010010101011011111110110010,1,1,0,0.16,0.2068965584039688,5,2
5,3,6,25,001010010101011011111110110010,1,1,0,0.5,0.0882352963089943,5,3
5,3,6,28,001010010101011011111110110010,1,1,0,0.45,0.8620689511299133,3,2
5,3,7,0,110101001000011000001110011100,1,1,0,0.35,0.3787878751754761,1,1
5,3,7,1,110101001000011000001110011100,1,1,0,0.7,0.7575757503509521,6,4
5,3,7,3,110101001000011000001110011100,1,1,0,0.63,0.5454545617103577,5,4
5,3,7,5,110101001000011000001110011100,1,1,0,0.55,0.75,5,5
5,3,7,8,110101001000011000001110011100,1,1,0,0.56,0.654321014881134,5,5
5,3,7,13,110101001000011000001110011100,1,1,0,0.67,0.6341463327407837,3,2
5,3,7,14,110101001000011000001110011100,1,1,0,0.43,0.3815789520740509,6,4
5,3,7,20,110101001000011000001110011100,1,1,0,0.59,0.7941176295280457,6,4
5,3,7,21,110101001000011000001110011100,1,1,0,0.74,0.40223464369773865,5,3
5,3,7,22,110101001000011000001110011100,1,1,0,0.34,0.6142857074737549,1,1
5,3,7,25,110101001000011000001110011100,1,1,0,0.5,0.0882352963089943,5,3
5,3,7,26,110101001000011000001110011100,1,1,0,0.24,0.2631579041481018,6,4
5,3,7,27,110101001000011000001110011100,1,1,0,0.69,0.8405796885490417,6,4
5,3,8,1,011000011111110110101100001000,1,1,0,0.7,0.7575757503509521,6,4
5,3,8,2,011000011111110110101100001000,1,1,0,0.31,0.8048780560493469,6,4
5,3,8,7,011000011111110110101100001000,1,1,0,0.11,0.6557376980781555,6,2
5,3,8,8,011000011111110110101100001000,1,1,0,0.56,0.654321014881134,5,5
5,3,8,9,011000011111110110101100001000,1,1,0,0.19,0.7816091775894165,6,2
5,3,8,10,011000011111110110101100001000,1,1,0,0.42,0.8181818127632141,5,2
5,3,8,11,011000011111110110101100001000,1,1,0,0.6,0.9285714030265808,6,5
5,3,8,12,011000011111110110101100001000,1,1,0,0.6,0.2982456088066101,6,5
5,3,8,13,011000011111110110101100001000,1,1,0,0.67,0.6341463327407837,3,2
5,3,8,15,011000011111110110101100001000,1,1,0,0.55,0.36000001430511475,5,2
5,3,8,16,011000011111110110101100001000,1,1,0,0.39,0.6578947305679321,6,2
5,3,8,18,011000011111110110101100001000,1,1,0,0.62,0.6904761791229248,6,3
5,3,8,20,011000011111110110101100001000,1,1,0,0.59,0.7941176295280457,6,4
5,3,8,21,011000011111110110101100001000,1,1,0,0.74,0.40223464369773865,5,3
5,3,8,26,011000011111110110101100001000,1,1,0,0.24,0.2631579041481018,6,4
5,3,9,0,100110000010110011100101101010,1,1,0,0.35,0.3787878751754761,1,1
5,3,9,3,100110000010110011100101101010,1,1,0,0.63,0.5454545617103577,5,4
5,3,9,4,100110000010110011100101101010,1,1,0,0.27,0.75,5,3
5,3,9,10,100110000010110011100101101010,1,1,0,0.42,0.8181818127632141,5,2
5,3,9,12,100110000010110011100101101010,1,1,0,0.6,0.2982456088066101,6,5
5,3,9,13,100110000010110011100101101010,1,1,0,0.67,0.6341463327407837,3,2
5,3,9,16,100110000010110011100101101010,1,1,0,0.39,0.6578947305679321,6,2
5,3,9,17,100110000010110011100101101010,1,1,0,0.43,0.2142857164144516,6,2
5,3,9,18,100110000010110011100101101010,1,1,0,0.62,0.6904761791229248,6,3
5,3,9,21,100110000010110011100101101010,1,1,0,0.74,0.40223464369773865,5,3
5,3,9,23,100110000010110011100101101010,1,1,0,0.59,0.8524590134620667,3,2
5,3,9,24,100110000010110011100101101010,1,1,0,0.16,0.2068965584039688,5,2
5,3,9,26,100110000010110011100101101010,1,1,0,0.24,0.2631579041481018,6,4
5,3,9,28,100110000010110011100101101010,1,1,0,0.45,0.8620689511299133,3,2
5,3,10,0,100100000001010110000101010110,1,1,0,0.35,0.3787878751754761,1,1
5,3,10,3,100100000001010110000101010110,1,1,0,0.63,0.5454545617103577,5,4
5,3,10,11,100100000001010110000101010110,1,1,0,0.6,0.9285714030265808,6,5
5,3,10,13,100100000001010110000101010110,1,1,0,0.67,0.6341463327407837,3,2
5,3,10,15,100100000001010110000101010110,1,1,0,0.55,0.36000001430511475,5,2
5,3,10,16,100100000001010110000101010110,1,1,0,0.39,0.6578947305679321,6,2
5,3,10,21,100100000001010110000101010110,1,1,0,0.74,0.40223464369773865,5,3
5,3,10,23,100100000001010110000101010110,1,1,0,0.59,0.8524590134620667,3,2
5,3,10,25,100100000001010110000101010110,1,1,0,0.5,0.0882352963089943,5,3
5,3,10,27,100100000001010110000101010110,1,1,0,0.69,0.8405796885490417,6,4
5,3,10,28,100100000001010110000101010110,1,1,0,0.45,0.8620689511299133,3,2
5,3,11,0,110101101111111000110110111100,1,1,0,0.35,0.3787878751754761,1,1
5,3,11,1,110101101111111000110110111100,1,1,0,0.7,0.7575757503509521,6,4
5,3,11,3,110101101111111000110110111100,1,1,0,0.63,0.5454545617103577,5,4
5,3,11,5,110101101111111000110110111100,1,1,0,0.55,0.75,5,5
5,3,11,6,110101101111111000110110111100,1,1,0,0.34,0.656521737575531,5,3
5,3,11,8,110101101111111000110110111100,1,1,0,0.56,0.654321014881134,5,5
5,3,11,9,110101101111111000110110111100,1,1,0,0.19,0.7816091775894165,6,2
5,3,11,10,110101101111111000110110111100,1,1,0,0.42,0.8181818127632141,5,2
5,3,11,11,110101101111111000110110111100,1,1,0,0.6,0.9285714030265808,6,5
5,3,11,12,110101101111111000110110111100,1,1,0,0.6,0.2982456088066101,6,5
5,3,11,13,110101101111111000110110111100,1,1,0,0.67,0.6341463327407837,3,2
5,3,11,14,110101101111111000110110111100,1,1,0,0.43,0.3815789520740509,6,4
5,3,11,18,110101101111111000110110111100,1,1,0,0.62,0.6904761791229248,6,3
5,3,11,19,110101101111111000110110111100,1,1,0,0.4,0.1678321659564972,6,5
5,3,11,21,110101101111111000110110111100,1,1,0,0.74,0.40223464369773865,5,3
5,3,11,22,110101101111111000110110111100,1,1,0,0.34,0.6142857074737549,1,1
5,3,11,24,110101101111111000110110111100,1,1,0,0.16,0.2068965584039688,5,2
5,3,11,25,110101101111111000110110111100,1,1,0,0.5,0.0882352963089943,5,3
5,3,11,26,110101101111111000110110111100,1,1,0,0.24,0.2631579041481018,6,4
5,3,11,27,110101101111111000110110111100,1,1,0,0.69,0.8405796885490417,6,4
5,3,12,1,010100000000000111001101011001,1,1,0,0.7,0.7575757503509521,6,4
5,3,12,3,010100000000000111001101011001,1,1,0,0.63,0.5454545617103577,5,4
5,3,12,15,010100000000000111001101011001,1,1,0,0.55,0.36000001430511475,5,2
5,3,12,16,010100000000000111001101011001,1,1,0,0.39,0.6578947305679321,6,2
5,3,12,17,010100000000000111001101011001,1,1,0,0.43,0.2142857164144516,6,2
5,3,12,20,010100000000000111001101011001,1,1,0,0.59,0.7941176295280457,6,4
5,3,12,21,010100000000000111001101011001,1,1,0,0.74,0.40223464369773865,5,3
5,3,12,23,010100000000000111001101011001,1,1,0,0.59,0.8524590134620667,3,2
5,3,12,25,010100000000000111001101011001,1,1,0,0.5,0.0882352963089943,5,3
5,3,12,26,010100000000000111001101011001,1,1,0,0.24,0.2631579041481018,6,4
5,3,12,29,010100000000000111001101011001,1,1,0,0.22,0.3214285671710968,3,2
5,3,13,1,010101001000000111010101000110,1,1,0,0.7,0.7575757503509521,6,4
5,3,13,3,010101001000000111010101000110,1,1,0,0.63,0.5454545617103577,5,4
5,3,13,5,010101001000000111010101000110,1,1,0,0.55,0.75,5,5
5,3,13,8,010101001000000111010101000110,1,1,0,0.56,0.654321014881134,5,5
5,3,13,15,010101001000000111010101000110,1,1,0,0.55,0.36000001430511475,5,2
5,3,13,16,010101001000000111010101000110,1,1,0,0.39,0.6578947305679321,6,2
5,3,13,17,010101001000000111010101000110,1,1,0,0.43,0.2142857164144516,6,2
5,3,13,19,010101001000000111010101000110,1,1,0,0.4,0.1678321659564972,6,5
5,3,13,21,010101001000000111010101000110,1,1,0,0.74,0.40223464369773865,5,3
5,3,13,23,010101001000000111010101000110,1,1,0,0.59,0.8524590134620667,3,2
5,3,13,27,010101001000000111010101000110,1,1,0,0.69,0.8405796885490417,6,4
5,3,13,28,010101001000000111010101000110,1,1,0,0.45,0.8620689511299133,3,2
5,4,0,2,001111101111111000110101000110,1,1,0,0.31,0.8048780560493469,6,4
5,4,0,3,001111101111111000110101000110,1,1,0,0.63,0.5454545617103577,5,4
5,4,0,4,001111101111111000110101000110,1,1,0,0.27,0.75,5,3
5,4,0,5,001111101111111000110101000110,1,1,0,0.55,0.75,5,5
5,4,0,6,001111101111111000110101000110,1,1,0,0.34,0.656521737575531,5,3
5,4,0,8,001111101111111000110101000110,1,1,0,0.56,0.654321014881134,5,5
5,4,0,9,001111101111111000110101000110,1,1,0,0.19,0.7816091775894165,6,2
5,4,0,10,001111101111111000110101000110,1,1,0,0.42,0.8181818127632141,5,2
5,4,0,11,001111101111111000110101000110,1,1,0,0.6,0.9285714030265808,6,5
5,4,0,12,001111101111111000110101000110,1,1,0,0.6,0.2982456088066101,6,5
5,4,0,13,001111101111111000110101000110,1,1,0,0.67,0.6341463327407837,3,2
5,4,0,14,001111101111111000110101000110,1,1,0,0.43,0.3815789520740509,6,4
5,4,0,18,001111101111111000110101000110,1,1,0,0.62,0.6904761791229248,6,3
5,4,0,19,001111101111111000110101000110,1,1,0,0.4,0.1678321659564972,6,5
5,4,0,21,001111101111111000110101000110,1,1,0,0.74,0.40223464369773865,5,3
5,4,0,23,001111101111111000110101000110,1,1,0,0.59,0.8524590134620667,3,2
5,4,0,27,001111101111111000110101000110,1,1,0,0.69,0.8405796885490417,6,4
5,4,0,28,001111101111111000110101000110,1,1,0,0.45,0.8620689511299133,3,2
5,4,1,0,111000011111110110101100111010,1,1,0,0.35,0.3787878751754761,1,1
5,4,1,1,111000011111110110101100111010,1,1,0,0.7,0.7575757503509521,6,4
5,4,1,2,111000011111110110101100111010,1,1,0,0.31,0.8048780560493469,6,4
5,4,1,7,111000011111110110101100111010,1,1,0,0.11,0.6557376980781555,6,2
5,4,1,8,111000011111110110101100111010,1,1,0,0.56,0.654321014881134,5,5
5,4,1,9,111000011111110110101100111010,1,1,0,0.19,0.7816091775894165,6,2
5,4,1,10,111000011111110110101100111010,1,1,0,0.42,0.8181818127632141,5,2
5,4,1,11,111000011111110110101100111010,1,1,0,0.6,0.9285714030265808,6,5
5,4,1,12,111000011111110110101100111010,1,1,0,0.6,0.2982456088066101,6,5
5,4,1,13,111000011111110110101100111010,1,1,0,0.67,0.6341463327407837,3,2
5,4,1,15,111000011111110110101100111010,1,1,0,0.55,0.36000001430511475,5,2
5,4,1,16,111000011111110110101100111010,1,1,0,0.39,0.6578947305679321,6,2
5,4,1,18,111000011111110110101100111010,1,1,0,0.62,0.6904761791229248,6,3
5,4,1,20,111000011111110110101100111010,1,1,0,0.59,0.7941176295280457,6,4
5,4,1,21,111000011111110110101100111010,1,1,0,0.74,0.40223464369773865,5,3
5,4,1,24,111000011111110110101100111010,1,1,0,0.16,0.2068965584039688,5,2
5,4,1,25,111000011111110110101100111010,1,1,0,0.5,0.0882352963089943,5,3
5,4,1,26,111000011111110110101100111010,1,1,0,0.24,0.2631579041481018,6,4
5,4,1,28,111000011111110110101100111010,1,1,0,0.45,0.8620689511299133,3,2
5,4,2,0,110101001000000111010110111100,1,1,0,0.35,0.3787878751754761,1,1
5,4,2,1,110101001000000111010110111100,1,1,0,0.7,0.7575757503509521,6,4
5,4,2,3,110101001000000111010110111100,1,1,0,0.63,0.5454545617103577,5,4
5,4,2,5,110101001000000111010110111100,1,1,0,0.55,0.75,5,5
5,4,2,8,110101001000000111010110111100,1,1,0,0.56,0.654321014881134,5,5
5,4,2,15,110101001000000111010110111100,1,1,0,0.55,0.36000001430511475,5,2
5,4,2,16,110101001000000111010110111100,1,1,0,0.39,0.6578947305679321,6,2
5,4,2,17,110101001000000111010110111100,1,1,0,0.43,0.2142857164144516,6,2
5,4,2,19,110101001000000111010110111100,1,1,0,0.4,0.1678321659564972,6,5
5,4,2,21,110101001000000111010110111100,1,1,0,0.74,0.40223464369773865,5,3
5,4,2,22,110101001000000111010110111100,1,1,0,0.34,0.6142857074737549,1,1
5,4,2,24,110101001000000111010110111100,1,1,0,0.16,0.2068965584039688,5,2
5,4,2,25,110101001000000111010110111100,1,1,0,0.5,0.0882352963089943,5,3
5,4,2,26,110101001000000111010110111100,1,1,0,0.24,0.2631579041481018,6,4
5,4,2,27,110101001000000111010110111100,1,1,0,0.69,0.8405796885490417,6,4
5,4,3,0,110011100100011100100100000101,1,1,0,0.35,0.3787878751754761,1,1
5,4,3,1,110011100100011100100100000101,1,1,0,0.7,0.7575757503509521,6,4
5,4,3,4,110011100100011100100100000101,1,1,0,0.27,0.75,5,3
5,4,3,5,110011100100011100100100000101,1,1,0,0.55,0.75,5,5
5,4,3,6,110011100100011100100100000101,1,1,0,0.34,0.656521737575531,5,3
5,4,3,9,110011100100011100100100000101,1,1,0,0.19,0.7816091775894165,6,2
5,4,3,13,110011100100011100100100000101,1,1,0,0.67,0.6341463327407837,3,2
5,4,3,14,110011100100011100100100000101,1,1,0,0.43,0.3815789520740509,6,4
5,4,3,15,110011100100011100100100000101,1,1,0,0.55,0.36000001430511475,5,2
5,4,3,18,110011100100011100100100000101,1,1,0,0.62,0.6904761791229248,6,3
5,4,3,21,110011100100011100100100000101,1,1,0,0.74,0.40223464369773865,5,3
5,4,3,27,110011100100011100100100000101,1,1,0,0.69,0.8405796885490417,6,4
5,4,3,29,110011100100011100100100000101,1,1,0,0.22,0.3214285671710968,3,2
5,4,4,1,010100000000010110000101011001,1,1,0,0.7,0.7575757503509521,6,4
5,4,4,3,010100000000010110000101011001,1,1,0,0.63,0.5454545617103577,5,4
5,4,4,13,010100000000010110000101011001,1,1,0,0.67,0.6341463327407837,3,2
5,4,4,15,010100000000010110000101011001,1,1,0,0.55,0.36000001430511475,5,2
5,4,4,16,010100000000010110000101011001,1,1,0,0.39,0.6578947305679321,6,2
5,4,4,21,010100000000010110000101011001,1,1,0,0.74,0.40223464369773865,5,3
5,4,4,23,010100000000010110000101011001,1,1,0,0.59,0.8524590134620667,3,2
5,4,4,25,010100000000010110000101011001,1,1,0,0.5,0.0882352963089943,5,3
5,4,4,26,010100000000010110000101011001,1,1,0,0.24,0.2631579041481018,6,4
5,4,4,29,010100000000010110000101011001,1,1,0,0.22,0.3214285671710968,3,2
5,4,5,2,001010010101011011111110110010,1,1,0,0.31,0.8048780560493469,6,4
5,4,5,4,001010010101011011111110110010,1,1,0,0.27,0.75,5,3
5,4,5,7,001010010101011011111110110010,1,1,0,0.11,0.6557376980781555,6,2
5,4,5,9,001010010101011011111110110010,1,1,0,0.19,0.7816091775894165,6,2
5,4,5,11,001010010101011011111110110010,1,1,0,0.6,0.9285714030265808,6,5
5,4,5,13,001010010101011011111110110010,1,1,0,0.67,0.6341463327407837,3,2
5,4,5,14,001010010101011011111110110010,1,1,0,0.43,0.3815789520740509,6,4
5,4,5,16,001010010101011011111110110010,1,1,0,0.39,0.6578947305679321,6,2
5,4,5,17,001010010101011011111110110010,1,1,0,0.43,0.2142857164144516,6,2
5,4,5,18,001010010101011011111110110010,1,1,0,0.62,0.6904761791229248,6,3
5,4,5,19,001010010101011011111110110010,1,1,0,0.4,0.1678321659564972,6,5
5,4,5,20,001010010101011011111110110010,1,1,0,0.59,0.7941176295280457,6,4
5,4,5,21,001010010101011011111110110010,1,1,0,0.74,0.40223464369773865,5,3
5,4,5,22,001010010101011011111110110010,1,1,0,0.34,0.6142857074737549,1,1
5,4,5,24,001010010101011011111110110010,1,1,0,0.16,0.2068965584039688,5,2
5,4,5,25,001010010101011011111110110010,1,1,0,0.5,0.0882352963089943,5,3
5,4,5,28,001010010101011011111110110010,1,1,0,0.45,0.8620689511299133,3,2
5,4,6,0,110101001000011000001110011100,1,1,0,0.35,0.3787878751754761,1,1
5,4,6,1,110101001000011000001110011100,1,1,0,0.7,0.7575757503509521,6,4
5,4,6,3,110101001000011000001110011100,1,1,0,0.63,0.5454545617103577,5,4
5,4,6,5,110101001000011000001110011100,1,1,0,0.55,0.75,5,5
5,4,6,8,110101001000011000001110011100,1,1,0,0.56,0.654321014881134,5,5
5,4,6,13,110101001000011000001110011100,1,1,0,0.67,0.6341463327407837,3,2
5,4,6,14,110101001000011000001110011100,1,1,0,0.43,0.3815789520740509,6,4
5,4,6,20,110101001000011000001110011100,1,1,0,0.59,0.7941176295280457,6,4
5,4,6,21,110101001000011000001110011100,1,1,0,0.74,0.40223464369773865,5,3
5,4,6,22,110101001000011000001110011100,1,1,0,0.34,0.6142857074737549,1,1
5,4,6,25,110101001000011000001110011100,1,1,0,0.5,0.0882352963089943,5,3
5,4,6,26,110101001000011000001110011100,1,1,0,0.24,0.2631579041481018,6,4
5,4,6,27,110101001000011000001110011100,1,1,0,0.69,0.8405796885490417,6,4
5,4,7,1,011000011111110110101100001000,1,1,0,0.7,0.7575757503509521,6,4
5,4,7,2,011000011111110110101100001000,1,1,0,0.31,0.8048780560493469,6,4
5,4,7,7,011000011111110110101100001000,1,1,0,0.11,0.6557376980781555,6,2
5,4,7,8,011000011111110110101100001000,1,1,0,0.56,0.654321014881134,5,5
5,4,7,9,011000011111110110101100001000,1,1,0,0.19,0.7816091775894165,6,2
5,4,7,10,011000011111110110101100001000,1,1,0,0.42,0.8181818127632141,5,2
5,4,7,11,011000011111110110101100001000,1,1,0,0.6,0.9285714030265808,6,5
5,4,7,12,011000011111110110101100001000,1,1,0,0.6,0.2982456088066101,6,5
5,4,7,13,011000011111110110101100001000,1,1,0,0.67,0.6341463327407837,3,2
5,4,7,15,011000011111110110101100001000,1,1,0,0.55,0.36000001430511475,5,2
5,4,7,16,011000011111110110101100001000,1,1,0,0.39,0.6578947305679321,6,2
5,4,7,18,011000011111110110101100001000,1,1,0,0.62,0.6904761791229248,6,3
5,4,7,20,011000011111110110101100001000,1,1,0,0.59,0.7941176295280457,6,4
5,4,7,21,011000011111110110101100001000,1,1,0,0.74,0.40223464369773865,5,3
5,4,7,26,011000011111110110101100001000,1,1,0,0.24,0.2631579041481018,6,4
5,4,8,0,100110000010110011100101101010,1,1,0,0.35,0.3787878751754761,1,1
5,4,8,3,100110000010110011100101101010,1,1,0,0.63,0.5454545617103577,5,4
5,4,8,4,100110000010110011100101101010,1,1,0,0.27,0.75,5,3
5,4,8,10,100110000010110011100101101010,1,1,0,0.42,0.8181818127632141,5,2
5,4,8,12,100110000010110011100101101010,1,1,0,0.6,0.2982456088066101,6,5
5,4,8,13,100110000010110011100101101010,1,1,0,0.67,0.6341463327407837,3,2
5,4,8,16,100110000010110011100101101010,1,1,0,0.39,0.6578947305679321,6,2
5,4,8,17,100110000010110011100101101010,1,1,0,0.43,0.2142857164144516,6,2
5,4,8,18,100110000010110011100101101010,1,1,0,0.62,0.6904761791229248,6,3
5,4,8,21,100110000010110011100101101010,1,1,0,0.74,0.40223464369773865,5,3
5,4,8,23,100110000010110011100101101010,1,1,0,0.59,0.8524590134620667,3,2
5,4,8,24,100110000010110011100101101010,1,1,0,0.16,0.2068965584039688,5,2
5,4,8,26,100110000010110011100101101010,1,1,0,0.24,0.2631579041481018,6,4
5,4,8,28,100110000010110011100101101010,1,1,0,0.45,0.8620689511299133,3,2
5,4,9,1,010100000000000111001101011001,1,1,0,0.7,0.7575757503509521,6,4
5,4,9,3,010100000000000111001101011001,1,1,0,0.63,0.5454545617103577,5,4
5,4,9,15,010100000000000111001101011001,1,1,0,0.55,0.36000001430511475,5,2
5,4,9,16,010100000000000111001101011001,1,1,0,0.39,0.6578947305679321,6,2
5,4,9,17,010100000000000111001101011001,1,1,0,0.43,0.2142857164144516,6,2
5,4,9,20,010100000000000111001101011001,1,1,0,0.59,0.7941176295280457,6,4
5,4,9,21,010100000000000111001101011001,1,1,0,0.74,0.40223464369773865,5,3
5,4,9,23,010100000000000111001101011001,1,1,0,0.59,0.8524590134620667,3,2
5,4,9,25,010100000000000111001101011001,1,1,0,0.5,0.0882352963089943,5,3
5,4,9,26,010100000000000111001101011001,1,1,0,0.24,0.2631579041481018,6,4
5,4,9,29,010100000000000111001101011001,1,1,0,0.22,0.3214285671710968,3,2
5,4,10,1,010101001000000111010101000110,1,1,0,0.7,0.7575757503509521,6,4
5,4,10,3,010101001000000111010101000110,1,1,0,0.63,0.5454545617103577,5,4
5,4,10,5,010101001000000111010101000110,1,1,0,0.55,0.75,5,5
5,4,10,8,010101001000000111010101000110,1,1,0,0.56,0.654321014881134,5,5
5,4,10,15,010101001000000111010101000110,1,1,0,0.55,0.36000001430511475,5,2
5,4,10,16,010101001000000111010101000110,1,1,0,0.39,0.6578947305679321,6,2
5,4,10,17,010101001000000111010101000110,1,1,0,0.43,0.2142857164144516,6,2
5,4,10,19,010101001000000111010101000110,1,1,0,0.4,0.1678321659564972,6,5
5,4,10,21,010101001000000111010101000110,1,1,0,0.74,0.40223464369773865,5,3
5,4,10,23,010101001000000111010101000110,1,1,0,0.59,0.8524590134620667,3,2
5,4,10,27,010101001000000111010101000110,1,1,0,0.69,0.8405796885490417,6,4
5,4,10,28,010101001000000111010101000110,1,1,0,0.45,0.8620689511299133,3,2
5,4,11,1,010100000000010110000110011001,1,1,0,0.7,0.7575757503509521,6,4
5,4,11,3,010100000000010110000110011001,1,1,0,0.63,0.5454545617103577,5,4
5,4,11,13,010100000000010110000110011001,1,1,0,0.67,0.6341463327407837,3,2
5,4,11,15,010100000000010110000110011001,1,1,0,0.55,0.36000001430511475,5,2
5,4,11,16,010100000000010110000110011001,1,1,0,0.39,0.6578947305679321,6,2
5,4,11,21,010100000000010110000110011001,1,1,0,0.74,0.40223464369773865,5,3
5,4,11,22,010100000000010110000110011001,1,1,0,0.34,0.6142857074737549,1,1
5,4,11,25,010100000000010110000110011001,1,1,0,0.5,0.0882352963089943,5,3
5,4,11,26,010100000000010110000110011001,1,1,0,0.24,0.2631579041481018,6,4
5,4,11,29,010100000000010110000110011001,1,1,0,0.22,0.3214285671710968,3,2
5,4,12,1,010100000101110011010101011001,1,1,0,0.7,0.7575757503509521,6,4
5,4,12,3,010100000101110011010101011001,1,1,0,0.63,0.5454545617103577,5,4
5,4,12,9,010100000101110011010101011001,1,1,0,0.19,0.7816091775894165,6,2
5,4,12,11,010100000101110011010101011001,1,1,0,0.6,0.9285714030265808,6,5
5,4,12,12,010100000101110011010101011001,1,1,0,0.6,0.2982456088066101,6,5
5,4,12,13,010100000101110011010101011001,1,1,0,0.67,0.6341463327407837,3,2
5,4,12,16,010100000101110011010101011001,1,1,0,0.39,0.6578947305679321,6,2
5,4,12,17,010100000101110011010101011001,1,1,0,0.43,0.2142857164144516,6,2
5,4,12,19,010100000101110011010101011001,1,1,0,0.4,0.1678321659564972,6,5
5,4,12,21,010100000101110011010101011001,1,1,0,0.74,0.40223464369773865,5,3
5,4,12,23,010100000101110011010101011001,1,1,0,0.59,0.8524590134620667,3,2
5,4,12,25,010100000101110011010101011001,1,1,0,0.5,0.0882352963089943,5,3
5,4,12,26,010100000101110011010101011001,1,1,0,0.24,0.2631579041481018,6,4
5,4,12,29,010100000101110011010101011001,1,1,0,0.22,0.3214285671710968,3,2
5,4,13,0,100100000000010110100101010110,1,1,0,0.35,0.3787878751754761,1,1
5,4,13,3,100100000000010110100101010110,1,1,0,0.63,0.5454545617103577,5,4
5,4,13,13,100100000000010110100101010110,1,1,0,0.67,0.6341463327407837,3,2
5,4,13,15,100100000000010110100101010110,1,1,0,0.55,0.36000001430511475,5,2
5,4,13,16,100100000000010110100101010110,1,1,0,0.39,0.6578947305679321,6,2
5,4,13,18,100100000000010110100101010110,1,1,0,0.62,0.6904761791229248,6,3
5,4,13,21,100100000000010110100101010110,1,1,0,0.74,0.40223464369773865,5,3
5,4,13,23,100100000000010110100101010110,1,1,0,0.59,0.8524590134620667,3,2
5,4,13,25,100100000000010110100101010110,1,1,0,0.5,0.0882352963089943,5,3
5,4,13,27,100100000000010110100101010110,1,1,0,0.69,0.8405796885490417,6,4
5,4,13,28,100100000000010110100101010110,1,1,0,0.45,0.8620689511299133,3,2
5,4,14,1,010111000000000111110101000110,1,1,0,0.7,0.7575757503509521,6,4
5,4,14,3,010111000000000111110101000110,1,1,0,0.63,0.5454545617103577,5,4
5,4,14,4,010111000000000111110101000110,1,1,0,0.27,0.75,5,3
5,4,14,5,010111000000000111110101000110,1,1,0,0.55,0.75,5,5
5,4,14,15,010111000000000111110101000110,1,1,0,0.55,0.36000001430511475,5,2
5,4,14,16,010111000000000111110101000110,1,1,0,0.39,0.6578947305679321,6,2
5,4,14,17,010111000000000111110101000110,1,1,0,0.43,0.2142857164144516,6,2
5,4,14,18,010111000000000111110101000110,1,1,0,0.62,0.6904761791229248,6,3
5,4,14,19,010111000000000111110101000110,1,1,0,0.4,0.1678321659564972,6,5
5,4,14,21,010111000000000111110101000110,1,1,0,0.74,0.40223464369773865,5,3
5,4,14,23,010111000000000111110101000110,1,1,0,0.59,0.8524590134620667,3,2
5,4,14,27,010111000000000111110101000110,1,1,0,0.69,0.8405796885490417,6,4
5,4,14,28,010111000000000111110101000110,1,1,0,0.45,0.8620689511299133,3,2
5,4,15,1,010110101111111000110101001000,1,1,0,0.7,0.7575757503509521,6,4
5,4,15,3,010110101111111000110101001000,1,1,0,0.63,0.5454545617103577,5,4
5,4,15,4,010110101111111000110101001000,1,1,0,0.27,0.75,5,3
5,4,15,6,010110101111111000110101001000,1,1,0,0.34,0.656521737575531,5,3
5,4,15,8,010110101111111000110101001000,1,1,0,0.56,0.654321014881134,5,5
5,4,15,9,010110101111111000110101001000,1,1,0,0.19,0.7816091775894165,6,2
5,4,15,10,010110101111111000110101001000,1,1,0,0.42,0.8181818127632141,5,2
5,4,15,11,010110101111111000110101001000,1,1,0,0.6,0.9285714030265808,6,5
5,4,15,12,010110101111111000110101001000,1,1,0,0.6,0.2982456088066101,6,5
5,4,15,13,010110101111111000110101001000,1,1,0,0.67,0.6341463327407837,3,2
5,4,15,14,010110101111111000110101001000,1,1,0,0.43,0.3815789520740509,6,4
5,4,15,18,010110101111111000110101001000,1,1,0,0.62,0.6904761791229248,6,3
5,4,15,19,010110101111111000110101001000,1,1,0,0.4,0.1678321659564972,6,5
5,4,15,21,010110101111111000110101001000,1,1,0,0.74,0.40223464369773865,5,3
5,4,15,23,010110101111111000110101001000,1,1,0,0.59,0.8524590134620667,3,2
5,4,15,26,010110101111111000110101001000,1,1,0,0.24,0.2631579041481018,6,4
5,4,16,0,110101001000010110100100111100,1,1,0,0.35,0.3787878751754761,1,1
5,4,16,1,110101001000010110100100111100,1,1,0,0.7,0.7575757503509521,6,4
5,4,16,3,110101001000010110100100111100,1,1,0,0.63,0.5454545617103577,5,4
5,4,16,5,110101001000010110100100111100,1,1,0,0.55,0.75,5,5
5,4,16,8,110101001000010110100100111100,1,1,0,0.56,0.654321014881134,5,5
5,4,16,13,110101001000010110100100111100,1,1,0,0.67,0.6341463327407837,3,2
5,4,16,15,110101001000010110100100111100,1,1,0,0.55,0.36000001430511475,5,2
5,4,16,16,110101001000010110100100111100,1,1,0,0.39,0.6578947305679321,6,2
5,4,16,18,110101001000010110100100111100,1,1,0,0.62,0.6904761791229248,6,3
5,4,16,21,110101001000010110100100111100,1,1,0,0.74,0.40223464369773865,5,3
5,4,16,24,110101001000010110100100111100,1,1,0,0.16,0.2068965584039688,5,2
5,4,16,25,110101001000010110100100111100,1,1,0,0.5,0.0882352963089943,5,3
5,4,16,26,110101001000010110100100111100,1,1,0,0.24,0.2631579041481018,6,4
5,4,16,27,110101001000010110100100111100,1,1,0,0.69,0.8405796885490417,6,4
5,4,17,2,001010010110111011111110110010,1,1,0,0.31,0.8048780560493469,6,4
5,4,17,4,001010010110111011111110110010,1,1,0,0.27,0.75,5,3
5,4,17,7,001010010110111011111110110010,1,1,0,0.11,0.6557376980781555,6,2
5,4,17,9,001010010110111011111110110010,1,1,0,0.19,0.7816091775894165,6,2
5,4,17,10,001010010110111011111110110010,1,1,0,0.42,0.8181818127632141,5,2
5,4,17,12,001010010110111011111110110010,1,1,0,0.6,0.2982456088066101,6,5
5,4,17,13,001010010110111011111110110010,1,1,0,0.67,0.6341463327407837,3,2
5,4,17,14,001010010110111011111110110010,1,1,0,0.43,0.3815789520740509,6,4
5,4,17,16,001010010110111011111110110010,1,1,0,0.39,0.6578947305679321,6,2
5,4,17,17,001010010110111011111110110010,1,1,0,0.43,0.2142857164144516,6,2
5,4,17,18,001010010110111011111110110010,1,1,0,0.62,0.6904761791229248,6,3
5,4,17,19,001010010110111011111110110010,1,1,0,0.4,0.1678321659564972,6,5
5,4,17,20,001010010110111011111110110010,1,1,0,0.59,0.7941176295280457,6,4
5,4,17,21,001010010110111011111110110010,1,1,0,0.74,0.40223464369773865,5,3
5,4,17,22,001010010110111011111110110010,1,1,0,0.34,0.6142857074737549,1,1
5,4,17,24,001010010110111011111110110010,1,1,0,0.16,0.2068965584039688,5,2
5,4,17,25,001010010110111011111110110010,1,1,0,0.5,0.0882352963089943,5,3
5,4,17,28,001010010110111011111110110010,1,1,0,0.45,0.8620689511299133,3,2
5,5,0,2,001111101111111000110101000110,1,1,0,0.31,0.8048780560493469,6,4
5,5,0,3,001111101111111000110101000110,1,1,0,0.63,0.5454545617103577,5,4
5,5,0,4,001111101111111000110101000110,1,1,0,0.27,0.75,5,3
5,5,0,5,001111101111111000110101000110,1,1,0,0.55,0.75,5,5
5,5,0,6,001111101111111000110101000110,1,1,0,0.34,0.656521737575531,5,3
5,5,0,8,001111101111111000110101000110,1,1,0,0.56,0.654321014881134,5,5
5,5,0,9,001111101111111000110101000110,1,1,0,0.19,0.7816091775894165,6,2
5,5,0,10,001111101111111000110101000110,1,1,0,0.42,0.8181818127632141,5,2
5,5,0,11,001111101111111000110101000110,1,1,0,0.6,0.9285714030265808,6,5
5,5,0,12,001111101111111000110101000110,1,1,0,0.6,0.2982456088066101,6,5
5,5,0,13,001111101111111000110101000110,1,1,0,0.67,0.6341463327407837,3,2
5,5,0,14,001111101111111000110101000110,1,1,0,0.43,0.3815789520740509,6,4
5,5,0,18,001111101111111000110101000110,1,1,0,0.62,0.6904761791229248,6,3
5,5,0,19,001111101111111000110101000110,1,1,0,0.4,0.1678321659564972,6,5
5,5,0,21,001111101111111000110101000110,1,1,0,0.74,0.40223464369773865,5,3
5,5,0,23,001111101111111000110101000110,1,1,0,0.59,0.8524590134620667,3,2
5,5,0,27,001111101111111000110101000110,1,1,0,0.69,0.8405796885490417,6,4
5,5,0,28,001111101111111000110101000110,1,1,0,0.45,0.8620689511299133,3,2
5,5,1,0,110011100100011100100100000101,1,1,0,0.35,0.3787878751754761,1,1
5,5,1,1,110011100100011100100100000101,1,1,0,0.7,0.7575757503509521,6,4
5,5,1,4,110011100100011100100100000101,1,1,0,0.27,0.75,5,3
5,5,1,5,110011100100011100100100000101,1,1,0,0.55,0.75,5,5
5,5,1,6,110011100100011100100100000101,1,1,0,0.34,0.656521737575531,5,3
5,5,1,9,110011100100011100100100000101,1,1,0,0.19,0.7816091775894165,6,2
5,5,1,13,110011100100011100100100000101,1,1,0,0.67,0.6341463327407837,3,2
5,5,1,14,110011100100011100100100000101,1,1,0,0.43,0.3815789520740509,6,4
5,5,1,15,110011100100011100100100000101,1,1,0,0.55,0.36000001430511475,5,2
5,5,1,18,110011100100011100100100000101,1,1,0,0.62,0.6904761791229248,6,3
5,5,1,21,110011100100011100100100000101,1,1,0,0.74,0.40223464369773865,5,3
5,5,1,27,110011100100011100100100000101,1,1,0,0.69,0.8405796885490417,6,4
5,5,1,29,110011100100011100100100000101,1,1,0,0.22,0.3214285671710968,3,2
5,5,2,1,010100000000010110000101011001,1,1,0,0.7,0.7575757503509521,6,4
5,5,2,3,010100000000010110000101011001,1,1,0,0.63,0.5454545617103577,5,4
5,5,2,13,010100000000010110000101011001,1,1,0,0.67,0.6341463327407837,3,2
5,5,2,15,010100000000010110000101011001,1,1,0,0.55,0.36000001430511475,5,2
5,5,2,16,010100000000010110000101011001,1,1,0,0.39,0.6578947305679321,6,2
5,5,2,21,010100000000010110000101011001,1,1,0,0.74,0.40223464369773865,5,3
5,5,2,23,010100000000010110000101011001,1,1,0,0.59,0.8524590134620667,3,2
5,5,2,25,010100000000010110000101011001,1,1,0,0.5,0.0882352963089943,5,3
5,5,2,26,010100000000010110000101011001,1,1,0,0.24,0.2631579041481018,6,4
5,5,2,29,010100000000010110000101011001,1,1,0,0.22,0.3214285671710968,3,2
5,5,3,2,001010010101011011111110110010,1,1,0,0.31,0.8048780560493469,6,4
5,5,3,4,001010010101011011111110110010,1,1,0,0.27,0.75,5,3
5,5,3,7,001010010101011011111110110010,1,1,0,0.11,0.6557376980781555,6,2
5,5,3,9,001010010101011011111110110010,1,1,0,0.19,0.7816091775894165,6,2
5,5,3,11,001010010101011011111110110010,1,1,0,0.6,0.9285714030265808,6,5
5,5,3,13,001010010101011011111110110010,1,1,0,0.67,0.6341463327407837,3,2
5,5,3,14,001010010101011011111110110010,1,1,0,0.43,0.3815789520740509,6,4
5,5,3,16,001010010101011011111110110010,1,1,0,0.39,0.6578947305679321,6,2
5,5,3,17,001010010101011011111110110010,1,1,0,0.43,0.2142857164144516,6,2
5,5,3,18,001010010101011011111110110010,1,1,0,0.62,0.6904761791229248,6,3
5,5,3,19,001010010101011011111110110010,1,1,0,0.4,0.1678321659564972,6,5
5,5,3,20,001010010101011011111110110010,1,1,0,0.59,0.7941176295280457,6,4
5,5,3,21,001010010101011011111110110010,1,1,0,0.74,0.40223464369773865,5,3
5,5,3,22,001010010101011011111110110010,1,1,0,0.34,0.6142857074737549,1,1
5,5,3,24,001010010101011011111110110010,1,1,0,0.16,0.2068965584039688,5,2
5,5,3,25,001010010101011011111110110010,1,1,0,0.5,0.0882352963089943,5,3
5,5,3,28,001010010101011011111110110010,1,1,0,0.45,0.8620689511299133,3,2
5,5,4,0,110101001000011000001110011100,1,1,0,0.35,0.3787878751754761,1,1
5,5,4,1,110101001000011000001110011100,1,1,0,0.7,0.7575757503509521,6,4
5,5,4,3,110101001000011000001110011100,1,1,0,0.63,0.5454545617103577,5,4
5,5,4,5,110101001000011000001110011100,1,1,0,0.55,0.75,5,5
5,5,4,8,110101001000011000001110011100,1,1,0,0.56,0.654321014881134,5,5
5,5,4,13,110101001000011000001110011100,1,1,0,0.67,0.6341463327407837,3,2
5,5,4,14,110101001000011000001110011100,1,1,0,0.43,0.3815789520740509,6,4
5,5,4,20,110101001000011000001110011100,1,1,0,0.59,0.7941176295280457,6,4
5,5,4,21,110101001000011000001110011100,1,1,0,0.74,0.40223464369773865,5,3
5,5,4,22,110101001000011000001110011100,1,1,0,0.34,0.6142857074737549,1,1
5,5,4,25,110101001000011000001110011100,1,1,0,0.5,0.0882352963089943,5,3
5,5,4,26,110101001000011000001110011100,1,1,0,0.24,0.2631579041481018,6,4
5,5,4,27,110101001000011000001110011100,1,1,0,0.69,0.8405796885490417,6,4
5,5,5,1,011000011111110110101100001000,1,1,0,0.7,0.7575757503509521,6,4
5,5,5,2,011000011111110110101100001000,1,1,0,0.31,0.8048780560493469,6,4
5,5,5,7,011000011111110110101100001000,1,1,0,0.11,0.6557376980781555,6,2
5,5,5,8,011000011111110110101100001000,1,1,0,0.56,0.654321014881134,5,5
5,5,5,9,011000011111110110101100001000,1,1,0,0.19,0.7816091775894165,6,2
5,5,5,10,011000011111110110101100001000,1,1,0,0.42,0.8181818127632141,5,2
5,5,5,11,011000011111110110101100001000,1,1,0,0.6,0.9285714030265808,6,5
5,5,5,12,011000011111110110101100001000,1,1,0,0.6,0.2982456088066101,6,5
5,5,5,13,011000011111110110101100001000,1,1,0,0.67,0.6341463327407837,3,2
5,5,5,15,011000011111110110101100001000,1,1,0,0.55,0.36000001430511475,5,2
5,5,5,16,011000011111110110101100001000,1,1,0,0.39,0.6578947305679321,6,2
5,5,5,18,011000011111110110101100001000,1,1,0,0.62,0.6904761791229248,6,3
5,5,5,20,011000011111110110101100001000,1,1,0,0.59,0.7941176295280457,6,4
5,5,5,21,011000011111110110101100001000,1,1,0,0.74,0.40223464369773865,5,3
5,5,5,26,011000011111110110101100001000,1,1,0,0.24,0.2631579041481018,6,4
5,5,6,0,100110000010110011100101101010,1,1,0,0.35,0.3787878751754761,1,1
5,5,6,3,100110000010110011100101101010,1,1,0,0.63,0.5454545617103577,5,4
5,5,6,4,100110000010110011100101101010,1,1,0,0.27,0.75,5,3
5,5,6,10,100110000010110011100101101010,1,1,0,0.42,0.8181818127632141,5,2
5,5,6,12,100110000010110011100101101010,1,1,0,0.6,0.2982456088066101,6,5
5,5,6,13,100110000010110011100101101010,1,1,0,0.67,0.6341463327407837,3,2
5,5,6,16,100110000010110011100101101010,1,1,0,0.39,0.6578947305679321,6,2
5,5,6,17,100110000010110011100101101010,1,1,0,0.43,0.2142857164144516,6,2
5,5,6,18,100110000010110011100101101010,1,1,0,0.62,0.6904761791229248,6,3
5,5,6,21,100110000010110011100101101010,1,1,0,0.74,0.40223464369773865,5,3
5,5,6,23,100110000010110011100101101010,1,1,0,0.59,0.8524590134620667,3,2
5,5,6,24,100110000010110011100101101010,1,1,0,0.16,0.2068965584039688,5,2
5,5,6,26,100110000010110011100101101010,1,1,0,0.24,0.2631579041481018,6,4
5,5,6,28,100110000010110011100101101010,1,1,0,0.45,0.8620689511299133,3,2
5,5,7,1,010100000000000111001101011001,1,1,0,0.7,0.7575757503509521,6,4
5,5,7,3,010100000000000111001101011001,1,1,0,0.63,0.5454545617103577,5,4
5,5,7,15,010100000000000111001101011001,1,1,0,0.55,0.36000001430511475,5,2
5,5,7,16,010100000000000111001101011001,1,1,0,0.39,0.6578947305679321,6,2
5,5,7,17,010100000000000111001101011001,1,1,0,0.43,0.2142857164144516,6,2
5,5,7,20,010100000000000111001101011001,1,1,0,0.59,0.7941176295280457,6,4
5,5,7,21,010100000000000111001101011001,1,1,0,0.74,0.40223464369773865,5,3
5,5,7,23,010100000000000111001101011001,1,1,0,0.59,0.8524590134620667,3,2
5,5,7,25,010100000000000111001101011001,1,1,0,0.5,0.0882352963089943,5,3
5,5,7,26,010100000000000111001101011001,1,1,0,0.24,0.2631579041481018,6,4
5,5,7,29,010100000000000111001101011001,1,1,0,0.22,0.3214285671710968,3,2
5,5,8,1,010100000000010110000110011001,1,1,0,0.7,0.7575757503509521,6,4
5,5,8,3,010100000000010110000110011001,1,1,0,0.63,0.5454545617103577,5,4
5,5,8,13,010100000000010110000110011001,1,1,0,0.67,0.6341463327407837,3,2
5,5,8,15,010100000000010110000110011001,1,1,0,0.55,0.36000001430511475,5,2
5,5,8,16,010100000000010110000110011001,1,1,0,0.39,0.6578947305679321,6,2
5,5,8,21,010100000000010110000110011001,1,1,0,0.74,0.40223464369773865,5,3
5,5,8,22,010100000000010110000110011001,1,1,0,0.34,0.6142857074737549,1,1
5,5,8,25,010100000000010110000110011001,1,1,0,0.5,0.0882352963089943,5,3
5,5,8,26,010100000000010110000110011001,1,1,0,0.24,0.2631579041481018,6,4
5,5,8,29,010100000000010110000110011001,1,1,0,0.22,0.3214285671710968,3,2
5,5,9,1,010100000101110011010101011001,1,1,0,0.7,0.7575757503509521,6,4
5,5,9,3,010100000101110011010101011001,1,1,0,0.63,0.5454545617103577,5,4
5,5,9,9,010100000101110011010101011001,1,1,0,0.19,0.7816091775894165,6,2
5,5,9,11,010100000101110011010101011001,1,1,0,0.6,0.9285714030265808,6,5
5,5,9,12,010100000101110011010101011001,1,1,0,0.6,0.2982456088066101,6,5
5,5,9,13,010100000101110011010101011001,1,1,0,0.67,0.6341463327407837,3,2
5,5,9,16,010100000101110011010101011001,1,1,0,0.39,0.6578947305679321,6,2
5,5,9,17,010100000101110011010101011001,1,1,0,0.43,0.2142857164144516,6,2
5,5,9,19,010100000101110011010101011001,1,1,0,0.4,0.1678321659564972,6,5
5,5,9,21,010100000101110011010101011001,1,1,0,0.74,0.40223464369773865,5,3
5,5,9,23,010100000101110011010101011001,1,1,0,0.59,0.8524590134620667,3,2
5,5,9,25,010100000101110011010101011001,1,1,0,0.5,0.0882352963089943,5,3
5,5,9,26,010100000101110011010101011001,1,1,0,0.24,0.2631579041481018,6,4
5,5,9,29,010100000101110011010101011001,1,1,0,0.22,0.3214285671710968,3,2
5,5,10,0,100100000000010110100101010110,1,1,0,0.35,0.3787878751754761,1,1
5,5,10,3,100100000000010110100101010110,1,1,0,0.63,0.5454545617103577,5,4
5,5,10,13,100100000000010110100101010110,1,1,0,0.67,0.6341463327407837,3,2
5,5,10,15,100100000000010110100101010110,1,1,0,0.55,0.36000001430511475,5,2
5,5,10,16,100100000000010110100101010110,1,1,0,0.39,0.6578947305679321,6,2
5,5,10,18,100100000000010110100101010110,1,1,0,0.62,0.6904761791229248,6,3
5,5,10,21,100100000000010110100101010110,1,1,0,0.74,0.40223464369773865,5,3
5,5,10,23,100100000000010110100101010110,1,1,0,0.59,0.8524590134620667,3,2
5,5,10,25,100100000000010110100101010110,1,1,0,0.5,0.0882352963089943,5,3
5,5,10,27,100100000000010110100101010110,1,1,0,0.69,0.8405796885490417,6,4
5,5,10,28,100100000000010110100101010110,1,1,0,0.45,0.8620689511299133,3,2
5,5,11,1,010110101111111000110101001000,1,1,0,0.7,0.7575757503509521,6,4
5,5,11,3,010110101111111000110101001000,1,1,0,0.63,0.5454545617103577,5,4
5,5,11,4,010110101111111000110101001000,1,1,0,0.27,0.75,5,3
5,5,11,6,010110101111111000110101001000,1,1,0,0.34,0.656521737575531,5,3
5,5,11,8,010110101111111000110101001000,1,1,0,0.56,0.654321014881134,5,5
5,5,11,9,010110101111111000110101001000,1,1,0,0.19,0.7816091775894165,6,2
5,5,11,10,010110101111111000110101001000,1,1,0,0.42,0.8181818127632141,5,2
5,5,11,11,010110101111111000110101001000,1,1,0,0.6,0.9285714030265808,6,5
5,5,11,12,010110101111111000110101001000,1,1,0,0.6,0.2982456088066101,6,5
5,5,11,13,010110101111111000110101001000,1,1,0,0.67,0.6341463327407837,3,2
5,5,11,14,010110101111111000110101001000,1,1,0,0.43,0.3815789520740509,6,4
5,5,11,18,010110101111111000110101001000,1,1,0,0.62,0.6904761791229248,6,3
5,5,11,19,010110101111111000110101001000,1,1,0,0.4,0.1678321659564972,6,5
5,5,11,21,010110101111111000110101001000,1,1,0,0.74,0.40223464369773865,5,3
5,5,11,23,010110101111111000110101001000,1,1,0,0.59,0.8524590134620667,3,2
5,5,11,26,010110101111111000110101001000,1,1,0,0.24,0.2631579041481018,6,4
5,5,12,2,001010010110111011111110110010,1,1,0,0.31,0.8048780560493469,6,4
5,5,12,4,001010010110111011111110110010,1,1,0,0.27,0.75,5,3
5,5,12,7,001010010110111011111110110010,1,1,0,0.11,0.6557376980781555,6,2
5,5,12,9,001010010110111011111110110010,1,1,0,0.19,0.7816091775894165,6,2
5,5,12,10,001010010110111011111110110010,1,1,0,0.42,0.8181818127632141,5,2
5,5,12,12,001010010110111011111110110010,1,1,0,0.6,0.2982456088066101,6,5
5,5,12,13,001010010110111011111110110010,1,1,0,0.67,0.6341463327407837,3,2
5,5,12,14,001010010110111011111110110010,1,1,0,0.43,0.3815789520740509,6,4
5,5,12,16,001010010110111011111110110010,1,1,0,0.39,0.6578947305679321,6,2
5,5,12,17,001010010110111011111110110010,1,1,0,0.43,0.2142857164144516,6,2
5,5,12,18,001010010110111011111110110010,1,1,0,0.62,0.6904761791229248,6,3
5,5,12,19,001010010110111011111110110010,1,1,0,0.4,0.1678321659564972,6,5
5,5,12,20,001010010110111011111110110010,1,1,0,0.59,0.7941176295280457,6,4
5,5,12,21,001010010110111011111110110010,1,1,0,0.74,0.40223464369773865,5,3
5,5,12,22,001010010110111011111110110010,1,1,0,0.34,0.6142857074737549,1,1
5,5,12,24,001010010110111011111110110010,1,1,0,0.16,0.2068965584039688,5,2
5,5,12,25,001010010110111011111110110010,1,1,0,0.5,0.0882352963089943,5,3
5,5,12,28,001010010110111011111110110010,1,1,0,0.45,0.8620689511299133,3,2
5,5,13,0,110100000001010110001110011100,1,1,0,0.35,0.3787878751754761,1,1
5,5,13,1,110100000001010110001110011100,1,1,0,0.7,0.7575757503509521,6,4
5,5,13,3,110100000001010110001110011100,1,1,0,0.63,0.5454545617103577,5,4
5,5,13,11,110100000001010110001110011100,1,1,0,0.6,0.9285714030265808,6,5
5,5,13,13,110100000001010110001110011100,1,1,0,0.67,0.6341463327407837,3,2
5,5,13,15,110100000001010110001110011100,1,1,0,0.55,0.36000001430511475,5,2
5,5,13,16,110100000001010110001110011100,1,1,0,0.39,0.6578947305679321,6,2
5,5,13,20,110100000001010110001110011100,1,1,0,0.59,0.7941176295280457,6,4
5,5,13,21,110100000001010110001110011100,1,1,0,0.74,0.40223464369773865,5,3
5,5,13,22,110100000001010110001110011100,1,1,0,0.34,0.6142857074737549,1,1
5,5,13,25,110100000001010110001110011100,1,1,0,0.5,0.0882352963089943,5,3
5,5,13,26,110100000001010110001110011100,1,1,0,0.24,0.2631579041481018,6,4
5,5,13,27,110100000001010110001110011100,1,1,0,0.69,0.8405796885490417,6,4
5,5,14,2,001010010110111011110100111010,1,1,0,0.31,0.8048780560493469,6,4
5,5,14,4,001010010110111011110100111010,1,1,0,0.27,0.75,5,3
5,5,14,7,001010010110111011110100111010,1,1,0,0.11,0.6557376980781555,6,2
5,5,14,9,001010010110111011110100111010,1,1,0,0.19,0.7816091775894165,6,2
5,5,14,10,001010010110111011110100111010,1,1,0,0.42,0.8181818127632141,5,2
5,5,14,12,001010010110111011110100111010,1,1,0,0.6,0.2982456088066101,6,5
5,5,14,13,001010010110111011110100111010,1,1,0,0.67,0.6341463327407837,3,2
5,5,14,14,001010010110111011110100111010,1,1,0,0.43,0.3815789520740509,6,4
5,5,14,16,001010010110111011110100111010,1,1,0,0.39,0.6578947305679321,6,2
5,5,14,17,001010010110111011110100111010,1,1,0,0.43,0.2142857164144516,6,2
5,5,14,18,001010010110111011110100111010,1,1,0,0.62,0.6904761791229248,6,3
5,5,14,19,001010010110111011110100111010,1,1,0,0.4,0.1678321659564972,6,5
5,5,14,21,001010010110111011110100111010,1,1,0,0.74,0.40223464369773865,5,3
5,5,14,24,001010010110111011110100111010,1,1,0,0.16,0.2068965584039688,5,2
5,5,14,25,001010010110111011110100111010,1,1,0,0.5,0.0882352963089943,5,3
5,5,14,26,001010010110111011110100111010,1,1,0,0.24,0.2631579041481018,6,4
5,5,14,28,001010010110111011110100111010,1,1,0,0.45,0.8620689511299133,3,2
5,5,15,1,011110111111111000100101000110,1,1,0,0.7,0.7575757503509521,6,4
5,5,15,2,011110111111111000100101000110,1,1,0,0.31,0.8048780560493469,6,4
5,5,15,3,011110111111111000100101000110,1,1,0,0.63,0.5454545617103577,5,4
5,5,15,4,011110111111111000100101000110,1,1,0,0.27,0.75,5,3
5,5,15,6,011110111111111000100101000110,1,1,0,0.34,0.656521737575531,5,3
5,5,15,7,011110111111111000100101000110,1,1,0,0.11,0.6557376980781555,6,2
5,5,15,8,011110111111111000100101000110,1,1,0,0.56,0.654321014881134,5,5
5,5,15,9,011110111111111000100101000110,1,1,0,0.19,0.7816091775894165,6,2
5,5,15,10,011110111111111000100101000110,1,1,0,0.42,0.8181818127632141,5,2
5,5,15,11,011110111111111000100101000110,1,1,0,0.6,0.9285714030265808,6,5
5,5,15,12,011110111111111000100101000110,1,1,0,0.6,0.2982456088066101,6,5
5,5,15,13,011110111111111000100101000110,1,1,0,0.67,0.6341463327407837,3,2
5,5,15,14,011110111111111000100101000110,1,1,0,0.43,0.3815789520740509,6,4
5,5,15,18,011110111111111000100101000110,1,1,0,0.62,0.6904761791229248,6,3
5,5,15,21,011110111111111000100101000110,1,1,0,0.74,0.40223464369773865,5,3
5,5,15,23,011110111111111000100101000110,1,1,0,0.59,0.8524590134620667,3,2
5,5,15,27,011110111111111000100101000110,1,1,0,0.69,0.8405796885490417,6,4
5,5,15,28,011110111111111000100101000110,1,1,0,0.45,0.8620689511299133,3,2
5,5,16,3,000100001000000111010100010110,1,1,0,0.63,0.5454545617103577,5,4
5,5,16,8,000100001000000111010100010110,1,1,0,0.56,0.654321014881134,5,5
5,5,16,15,000100001000000111010100010110,1,1,0,0.55,0.36000001430511475,5,2
5,5,16,16,000100001000000111010100010110,1,1,0,0.39,0.6578947305679321,6,2
5,5,16,17,000100001000000111010100010110,1,1,0,0.43,0.2142857164144516,6,2
5,5,16,19,000100001000000111010100010110,1,1,0,0.4,0.1678321659564972,6,5
5,5,16,21,000100001000000111010100010110,1,1,0,0.74,0.40223464369773865,5,3
5,5,16,25,000100001000000111010100010110,1,1,0,0.5,0.0882352963089943,5,3
5,5,16,27,000100001000000111010100010110,1,1,0,0.69,0.8405796885490417,6,4
5,5,16,28,000100001000000111010100010110,1,1,0,0.45,0.8620689511299133,3,2
5,5,17,0,100100000000010110110101111000,1,1,0,0.35,0.3787878751754761,1,1
5,5,17,3,100100000000010110110101111000,1,1,0,0.63,0.5454545617103577,5,4
5,5,17,13,100100000000010110110101111000,1,1,0,0.67,0.6341463327407837,3,2
5,5,17,15,100100000000010110110101111000,1,1,0,0.55,0.36000001430511475,5,2
5,5,17,16,100100000000010110110101111000,1,1,0,0.39,0.6578947305679321,6,2
5,5,17,18,100100000000010110110101111000,1,1,0,0.62,0.6904761791229248,6,3
5,5,17,19,100100000000010110110101111000,1,1,0,0.4,0.1678321659564972,6,5
5,5,17,21,100100000000010110110101111000,1,1,0,0.74,0.40223464369773865,5,3
5,5,17,23,100100000000010110110101111000,1,1,0,0.59,0.8524590134620667,3,2
5,5,17,24,100100000000010110110101111000,1,1,0,0.16,0.2068965584039688,5,2
5,5,17,25,100100000000010110110101111000,1,1,0,0.5,0.0882352963089943,5,3
5,5,17,26,100100000000010110110101111000,1,1,0,0.24,0.2631579041481018,6,4
5,5,18,0,111000011101110110101100111010,1,1,0,0.35,0.3787878751754761,1,1
5,5,18,1,111000011101110110101100111010,1,1,0,0.7,0.7575757503509521,6,4
5,5,18,2,111000011101110110101100111010,1,1,0,0.31,0.8048780560493469,6,4
5,5,18,7,111000011101110110101100111010,1,1,0,0.11,0.6557376980781555,6,2
5,5,18,8,111000011101110110101100111010,1,1,0,0.56,0.654321014881134,5,5
5,5,18,9,111000011101110110101100111010,1,1,0,0.19,0.7816091775894165,6,2
5,5,18,11,111000011101110110101100111010,1,1,0,0.6,0.9285714030265808,6,5
5,5,18,12,111000011101110110101100111010,1,1,0,0.6,0.2982456088066101,6,5
5,5,18,13,111000011101110110101100111010,1,1,0,0.67,0.6341463327407837,3,2
5,5,18,15,111000011101110110101100111010,1,1,0,0.55,0.36000001430511475,5,2
5,5,18,16,111000011101110110101100111010,1,1,0,0.39,0.6578947305679321,6,2
5,5,18,18,111000011101110110101100111010,1,1,0,0.62,0.6904761791229248,6,3
5,5,18,20,111000011101110110101100111010,1,1,0,0.59,0.7941176295280457,6,4
5,5,18,21,111000011101110110101100111010,1,1,0,0.74,0.40223464369773865,5,3
5,5,18,24,111000011101110110101100111010,1,1,0,0.16,0.2068965584039688,5,2
5,5,18,25,111000011101110110101100111010,1,1,0,0.5,0.0882352963089943,5,3
5,5,18,26,111000011101110110101100111010,1,1,0,0.24,0.2631579041481018,6,4
5,5,18,28,111000011101110110101100111010,1,1,0,0.45,0.8620689511299133,3,2
5,5,19,0,100101001000011000000101011110,1,1,0,0.35,0.3787878751754761,1,1
5,5,19,3,100101001000011000000101011110,1,1,0,0.63,0.5454545617103577,5,4
5,5,19,5,100101001000011000000101011110,1,1,0,0.55,0.75,5,5
5,5,19,8,100101001000011000000101011110,1,1,0,0.56,0.654321014881134,5,5
5,5,19,13,100101001000011000000101011110,1,1,0,0.67,0.6341463327407837,3,2
5,5,19,14,100101001000011000000101011110,1,1,0,0.43,0.3815789520740509,6,4
5,5,19,21,100101001000011000000101011110,1,1,0,0.74,0.40223464369773865,5,3
5,5,19,23,100101001000011000000101011110,1,1,0,0.59,0.8524590134620667,3,2
5,5,19,25,100101001000011000000101011110,1,1,0,0.5,0.0882352963089943,5,3
5,5,19,26,100101001000011000000101011110,1,1,0,0.24,0.2631579041481018,6,4
5,5,19,27,100101001000011000000101011110,1,1,0,0.69,0.8405796885490417,6,4
5,5,19,28,100101001000011000000101011110,1,1,0,0.45,0.8620689511299133,3,2
5,5,20,1,010111000000000101110000000100,1,1,0,0.7,0.7575757503509521,6,4
5,5,20,3,010111000000000101110000000100,1,1,0,0.63,0.5454545617103577,5,4
5,5,20,4,010111000000000101110000000100,1,1,0,0.27,0.75,5,3
5,5,20,5,010111000000000101110000000100,1,1,0,0.55,0.75,5,5
5,5,20,15,010111000000000101110000000100,1,1,0,0.55,0.36000001430511475,5,2
5,5,20,17,010111000000000101110000000100,1,1,0,0.43,0.2142857164144516,6,2
5,5,20,18,010111000000000101110000000100,1,1,0,0.62,0.6904761791229248,6,3
5,5,20,19,010111000000000101110000000100,1,1,0,0.4,0.1678321659564972,6,5
5,5,20,27,010111000000000101110000000100,1,1,0,0.69,0.8405796885490417,6,4
5,5,21,0,110101001001010110100110110000,1,1,0,0.35,0.3787878751754761,1,1
5,5,21,1,110101001001010110100110110000,1,1,0,0.7,0.7575757503509521,6,4
5,5,21,3,110101001001010110100110110000,1,1,0,0.63,0.5454545617103577,5,4
5,5,21,5,110101001001010110100110110000,1,1,0,0.55,0.75,5,5
5,5,21,8,110101001001010110100110110000,1,1,0,0.56,0.654321014881134,5,5
5,5,21,11,110101001001010110100110110000,1,1,0,0.6,0.9285714030265808,6,5
5,5,21,13,110101001001010110100110110000,1,1,0,0.67,0.6341463327407837,3,2
5,5,21,15,110101001001010110100110110000,1,1,0,0.55,0.36000001430511475,5,2
5,5,21,16,110101001001010110100110110000,1,1,0,0.39,0.6578947305679321,6,2
5,5,21,18,110101001001010110100110110000,1,1,0,0.62,0.6904761791229248,6,3
5,5,21,21,110101001001010110100110110000,1,1,0,0.74,0.40223464369773865,5,3
5,5,21,22,110101001001010110100110110000,1,1,0,0.34,0.6142857074737549,1,1
5,5,21,24,110101001001010110100110110000,1,1,0,0.16,0.2068965584039688,5,2
5,5,21,25,110101001001010110100110110000,1,1,0,0.5,0.0882352963089943,5,3
5,5,22,1,010100000010110111100101000101,1,1,0,0.7,0.7575757503509521,6,4
5,5,22,3,010100000010110111100101000101,1,1,0,0.63,0.5454545617103577,5,4
5,5,22,10,010100000010110111100101000101,1,1,0,0.42,0.8181818127632141,5,2
5,5,22,12,010100000010110111100101000101,1,1,0,0.6,0.2982456088066101,6,5
5,5,22,13,010100000010110111100101000101,1,1,0,0.67,0.6341463327407837,3,2
5,5,22,15,010100000010110111100101000101,1,1,0,0.55,0.36000001430511475,5,2
5,5,22,16,010100000010110111100101000101,1,1,0,0.39,0.6578947305679321,6,2
5,5,22,17,010100000010110111100101000101,1,1,0,0.43,0.2142857164144516,6,2
5,5,22,18,010100000010110111100101000101,1,1,0,0.62,0.6904761791229248,6,3
5,5,22,21,010100000010110111100101000101,1,1,0,0.74,0.40223464369773865,5,3
5,5,22,23,010100000010110111100101000101,1,1,0,0.59,0.8524590134620667,3,2
5,5,22,27,010100000010110111100101000101,1,1,0,0.69,0.8405796885490417,6,4
5,5,22,29,010100000010110111100101000101,1,1,0,0.22,0.3214285671710968,3,2
5,5,23,0,110101001000010110101110110100,1,1,0,0.35,0.3787878751754761,1,1
5,5,23,1,110101001000010110101110110100,1,1,0,0.7,0.7575757503509521,6,4
5,5,23,3,110101001000010110101110110100,1,1,0,0.63,0.5454545617103577,5,4
5,5,23,5,110101001000010110101110110100,1,1,0,0.55,0.75,5,5
5,5,23,8,110101001000010110101110110100,1,1,0,0.56,0.654321014881134,5,5
5,5,23,13,110101001000010110101110110100,1,1,0,0.67,0.6341463327407837,3,2
5,5,23,15,110101001000010110101110110100,1,1,0,0.55,0.36000001430511475,5,2
5,5,23,16,110101001000010110101110110100,1,1,0,0.39,0.6578947305679321,6,2
5,5,23,18,110101001000010110101110110100,1,1,0,0.62,0.6904761791229248,6,3
5,5,23,20,110101001000010110101110110100,1,1,0,0.59,0.7941176295280457,6,4
5,5,23,21,110101001000010110101110110100,1,1,0,0.74,0.40223464369773865,5,3
5,5,23,22,110101001000010110101110110100,1,1,0,0.34,0.6142857074737549,1,1
5,5,23,24,110101001000010110101110110100,1,1,0,0.16,0.2068965584039688,5,2
5,5,23,25,110101001000010110101110110100,1,1,0,0.5,0.0882352963089943,5,3
5,5,23,27,110101001000010110101110110100,1,1,0,0.69,0.8405796885490417,6,4
5,5,24,2,001010010110111011111110111010,1,1,0,0.31,0.8048780560493469,6,4
5,5,24,4,001010010110111011111110111010,1,1,0,0.27,0.75,5,3
5,5,24,7,001010010110111011111110111010,1,1,0,0.11,0.6557376980781555,6,2
5,5,24,9,001010010110111011111110111010,1,1,0,0.19,0.7816091775894165,6,2
5,5,24,10,001010010110111011111110111010,1,1,0,0.42,0.8181818127632141,5,2
5,5,24,12,001010010110111011111110111010,1,1,0,0.6,0.2982456088066101,6,5
5,5,24,13,001010010110111011111110111010,1,1,0,0.67,0.6341463327407837,3,2
5,5,24,14,001010010110111011111110111010,1,1,0,0.43,0.3815789520740509,6,4
5,5,24,16,001010010110111011111110111010,1,1,0,0.39,0.6578947305679321,6,2
5,5,24,17,001010010110111011111110111010,1,1,0,0.43,0.2142857164144516,6,2
5,5,24,18,001010010110111011111110111010,1,1,0,0.62,0.6904761791229248,6,3
5,5,24,19,001010010110111011111110111010,1,1,0,0.4,0.1678321659564972,6,5
5,5,24,20,001010010110111011111110111010,1,1,0,0.59,0.7941176295280457,6,4
5,5,24,21,001010010110111011111110111010,1,1,0,0.74,0.40223464369773865,5,3
5,5,24,22,001010010110111011111110111010,1,1,0,0.34,0.6142857074737549,1,1
5,5,24,24,001010010110111011111110111010,1,1,0,0.16,0.2068965584039688,5,2
5,5,24,25,001010010110111011111110111010,1,1,0,0.5,0.0882352963089943,5,3
5,5,24,26,001010010110111011111110111010,1,1,0,0.24,0.2631579041481018,6,4
5,5,24,28,001010010110111011111110111010,1,1,0,0.45,0.8620689511299133,3,2
5,5,25,1,011000010000000111110101001000,1,1,0,0.7,0.7575757503509521,6,4
5,5,25,2,011000010000000111110101001000,1,1,0,0.31,0.8048780560493469,6,4
5,5,25,7,011000010000000111110101001000,1,1,0,0.11,0.6557376980781555,6,2
5,5,25,15,011000010000000111110101001000,1,1,0,0.55,0.36000001430511475,5,2
5,5,25,16,011000010000000111110101001000,1,1,0,0.39,0.6578947305679321,6,2
5,5,25,17,011000010000000111110101001000,1,1,0,0.43,0.2142857164144516,6,2
5,5,25,18,011000010000000111110101001000,1,1,0,0.62,0.6904761791229248,6,3
5,5,25,19,011000010000000111110101001000,1,1,0,0.4,0.1678321659564972,6,5
5,5,25,21,011000010000000111110101001000,1,1,0,0.74,0.40223464369773865,5,3
5,5,25,23,011000010000000111110101001000,1,1,0,0.59,0.8524590134620667,3,2
5,5,25,26,011000010000000111110101001000,1,1,0,0.24,0.2631579041481018,6,4
6,1,0,0,110111101100101001010111101111,1,1,0,0.4,0.25757575035095215,1,1
6,1,0,1,110111101100101001010111101111,1,1,0,0.6,0.2222222238779068,7,5
6,1,0,3,110111101100101001010111101111,1,1,0,0.53,0.9090909361839294,7,5
6,1,0,4,110111101100101001010111101111,1,1,0,0.32,0.6944444179534912,5,3
6,1,0,5,110111101100101001010111101111,1,1,0,0.6,0.7916666865348816,5,5
6,1,0,6,110111101100101001010111101111,1,1,0,0.39,0.6173912882804871,5,3
6,1,0,8,110111101100101001010111101111,1,1,0,0.61,0.8518518805503845,5,5
6,1,0,9,110111101100101001010111101111,1,1,0,0.24,0.39080458879470825,6,2
6,1,0,12,110111101100101001010111101111,1,1,0,0.5,0.35087719559669495,7,6
6,1,0,14,110111101100101001010111101111,1,1,0,0.48,0.14473684132099152,6,4
6,1,0,17,110111101100101001010111101111,1,1,0,0.33,0.0,7,3
6,1,0,19,110111101100101001010111101111,1,1,0,0.45,0.09090909361839294,6,5
6,1,0,21,110111101100101001010111101111,1,1,0,0.64,0.6648044586181641,7,4
6,1,0,22,110111101100101001010111101111,1,1,0,0.39,0.3857142925262451,1,1
6,1,0,23,110111101100101001010111101111,1,1,0,0.49,0.8606557250022888,7,3
6,1,0,24,110111101100101001010111101111,1,1,0,0.21,0.6896551847457886,5,2
6,1,0,26,110111101100101001010111101111,1,1,0,0.29,0.42105263471603394,6,4
6,1,0,27,110111101100101001010111101111,1,1,0,0.59,0.9130434989929199,7,5
6,1,0,28,110111101100101001010111101111,1,1,0,0.5,0.8965517282485962,3,2
6,1,0,29,110111101100101001010111101111,1,1,0,0.12,0.488095223903656,7,3
6,1,1,2,001111101111111000110101000110,1,1,0,0.36,0.3252032399177551,6,4
6,1,1,3,001111101111111000110101000110,1,1,0,0.53,0.9090909361839294,7,5
6,1,1,4,001111101111111000110101000110,1,1,0,0.32,0.6944444179534912,5,3
6,1,1,5,001111101111111000110101000110,1,1,0,0.6,0.7916666865348816,5,5
6,1,1,6,001111101111111000110101000110,1,1,0,0.39,0.6173912882804871,5,3
6,1,1,8,001111101111111000110101000110,1,1,0,0.61,0.8518518805503845,5,5
6,1,1,9,001111101111111000110101000110,1,1,0,0.24,0.39080458879470825,6,2
6,1,1,10,001111101111111000110101000110,1,1,0,0.32,0.8181818127632141,7,3
6,1,1,11,001111101111111000110101000110,1,1,0,0.65,0.9285714030265808,6,5
6,1,1,12,001111101111111000110101000110,1,1,0,0.5,0.35087719559669495,7,6
6,1,1,13,001111101111111000110101000110,1,1,0,0.57,0.9756097793579102,7,3
6,1,1,14,001111101111111000110101000110,1,1,0,0.48,0.14473684132099152,6,4
6,1,1,18,001111101111111000110101000110,1,1,0,0.52,0.4047619104385376,7,4
6,1,1,19,001111101111111000110101000110,1,1,0,0.45,0.09090909361839294,6,5
6,1,1,21,001111101111111000110101000110,1,1,0,0.64,0.6648044586181641,7,4
6,1,1,23,001111101111111000110101000110,1,1,0,0.49,0.8606557250022888,7,3
6,1,1,27,001111101111111000110101000110,1,1,0,0.59,0.9130434989929199,7,5
6,1,1,28,001111101111111000110101000110,1,1,0,0.5,0.8965517282485962,3,2
6,1,2,0,111110111111110010100100001101,1,1,0,0.4,0.25757575035095215,1,1
6,1,2,1,111110111111110010100100001101,1,1,0,0.6,0.2222222238779068,7,5
6,1,2,2,111110111111110010100100001101,1,1,0,0.36,0.3252032399177551,6,4
6,1,2,3,111110111111110010100100001101,1,1,0,0.53,0.9090909361839294,7,5
6,1,2,4,111110111111110010100100001101,1,1,0,0.32,0.6944444179534912,5,3
6,1,2,6,111110111111110010100100001101,1,1,0,0.39,0.6173912882804871,5,3
6,1,2,7,111110111111110010100100001101,1,1,0,0.16,0.2786885201931,6,2
6,1,2,8,111110111111110010100100001101,1,1,0,0.61,0.8518518805503845,5,5
6,1,2,9,111110111111110010100100001101,1,1,0,0.24,0.39080458879470825,6,2
6,1,2,10,111110111111110010100100001101,1,1,0,0.32,0.8181818127632141,7,3
6,1,2,11,111110111111110010100100001101,1,1,0,0.65,0.9285714030265808,6,5
6,1,2,12,111110111111110010100100001101,1,1,0,0.5,0.35087719559669495,7,6
6,1,2,13,111110111111110010100100001101,1,1,0,0.57,0.9756097793579102,7,3
6,1,2,16,111110111111110010100100001101,1,1,0,0.29,0.7894737124443054,7,3
6,1,2,18,111110111111110010100100001101,1,1,0,0.52,0.4047619104385376,7,4
6,1,2,21,111110111111110010100100001101,1,1,0,0.64,0.6648044586181641,7,4
6,1,2,26,111110111111110010100100001101,1,1,0,0.29,0.42105263471603394,6,4
6,1,2,27,111110111111110010100100001101,1,1,0,0.59,0.9130434989929199,7,5
6,1,2,29,111110111111110010100100001101,1,1,0,0.12,0.488095223903656,7,3
6,1,3,0,100110101001001111001110110110,1,1,0,0.4,0.25757575035095215,1,1
6,1,3,3,100110101001001111001110110110,1,1,0,0.53,0.9090909361839294,7,5
6,1,3,4,100110101001001111001110110110,1,1,0,0.32,0.6944444179534912,5,3
6,1,3,6,100110101001001111001110110110,1,1,0,0.39,0.6173912882804871,5,3
6,1,3,8,100110101001001111001110110110,1,1,0,0.61,0.8518518805503845,5,5
6,1,3,11,100110101001001111001110110110,1,1,0,0.65,0.9285714030265808,6,5
6,1,3,14,100110101001001111001110110110,1,1,0,0.48,0.14473684132099152,6,4
6,1,3,15,100110101001001111001110110110,1,1,0,0.45,0.3199999928474426,7,3
6,1,3,16,100110101001001111001110110110,1,1,0,0.29,0.7894737124443054,7,3
6,1,3,17,100110101001001111001110110110,1,1,0,0.33,0.0,7,3
6,1,3,20,100110101001001111001110110110,1,1,0,0.64,0.970588207244873,6,4
6,1,3,21,100110101001001111001110110110,1,1,0,0.64,0.6648044586181641,7,4
6,1,3,22,100110101001001111001110110110,1,1,0,0.39,0.3857142925262451,1,1
6,1,3,24,100110101001001111001110110110,1,1,0,0.21,0.6896551847457886,5,2
6,1,3,25,100110101001001111001110110110,1,1,0,0.55,0.06862745434045792,5,3
6,1,3,27,100110101001001111001110110110,1,1,0,0.59,0.9130434989929199,7,5
6,1,3,28,100110101001001111001110110110,1,1,0,0.5,0.8965517282485962,3,2
6,1,4,2,001001001000100000010010010110,1,1,0,0.36,0.3252032399177551,6,4
6,1,4,5,001001001000100000010010010110,1,1,0,0.6,0.7916666865348816,5,5
6,1,4,8,001001001000100000010010010110,1,1,0,0.61,0.8518518805503845,5,5
6,1,4,12,001001001000100000010010010110,1,1,0,0.5,0.35087719559669495,7,6
6,1,4,19,001001001000100000010010010110,1,1,0,0.45,0.09090909361839294,6,5
6,1,4,22,001001001000100000010010010110,1,1,0,0.39,0.3857142925262451,1,1
6,1,4,25,001001001000100000010010010110,1,1,0,0.55,0.06862745434045792,5,3
6,1,4,27,001001001000100000010010010110,1,1,0,0.59,0.9130434989929199,7,5
6,1,4,28,001001001000100000010010010110,1,1,0,0.5,0.8965517282485962,3,2
6,1,5,0,111000111010001001110010000100,1,1,0,0.4,0.25757575035095215,1,1
6,1,5,1,111000111010001001110010000100,1,1,0,0.6,0.2222222238779068,7,5
6,1,5,2,111000111010001001110010000100,1,1,0,0.36,0.3252032399177551,6,4
6,1,5,6,111000111010001001110010000100,1,1,0,0.39,0.6173912882804871,5,3
6,1,5,7,111000111010001001110010000100,1,1,0,0.16,0.2786885201931,6,2
6,1,5,8,111000111010001001110010000100,1,1,0,0.61,0.8518518805503845,5,5
6,1,5,10,111000111010001001110010000100,1,1,0,0.32,0.8181818127632141,7,3
6,1,5,14,111000111010001001110010000100,1,1,0,0.48,0.14473684132099152,6,4
6,1,5,17,111000111010001001110010000100,1,1,0,0.33,0.0,7,3
6,1,5,18,111000111010001001110010000100,1,1,0,0.52,0.4047619104385376,7,4
6,1,5,19,111000111010001001110010000100,1,1,0,0.45,0.09090909361839294,6,5
6,1,5,22,111000111010001001110010000100,1,1,0,0.39,0.3857142925262451,1,1
6,1,5,27,111000111010001001110010000100,1,1,0,0.59,0.9130434989929199,7,5
6,1,6,0,100100000001010110101110001010,1,1,0,0.4,0.25757575035095215,1,1
6,1,6,3,100100000001010110101110001010,1,1,0,0.53,0.9090909361839294,7,5
6,1,6,11,100100000001010110101110001010,1,1,0,0.65,0.9285714030265808,6,5
6,1,6,13,100100000001010110101110001010,1,1,0,0.57,0.9756097793579102,7,3
6,1,6,15,100100000001010110101110001010,1,1,0,0.45,0.3199999928474426,7,3
6,1,6,16,100100000001010110101110001010,1,1,0,0.29,0.7894737124443054,7,3
6,1,6,18,100100000001010110101110001010,1,1,0,0.52,0.4047619104385376,7,4
6,1,6,20,100100000001010110101110001010,1,1,0,0.64,0.970588207244873,6,4
6,1,6,21,100100000001010110101110001010,1,1,0,0.64,0.6648044586181641,7,4
6,1,6,22,100100000001010110101110001010,1,1,0,0.39,0.3857142925262451,1,1
6,1,6,26,100100000001010110101110001010,1,1,0,0.29,0.42105263471603394,6,4
6,1,6,28,100100000001010110101110001010,1,1,0,0.5,0.8965517282485962,3,2
6,1,7,0,101101000110110000111000100101,1,1,0,0.4,0.25757575035095215,1,1
6,1,7,2,101101000110110000111000100101,1,1,0,0.36,0.3252032399177551,6,4
6,1,7,3,101101000110110000111000100101,1,1,0,0.53,0.9090909361839294,7,5
6,1,7,5,101101000110110000111000100101,1,1,0,0.6,0.7916666865348816,5,5
6,1,7,9,101101000110110000111000100101,1,1,0,0.24,0.39080458879470825,6,2
6,1,7,10,101101000110110000111000100101,1,1,0,0.32,0.8181818127632141,7,3
6,1,7,12,101101000110110000111000100101,1,1,0,0.5,0.35087719559669495,7,6
6,1,7,13,101101000110110000111000100101,1,1,0,0.57,0.9756097793579102,7,3
6,1,7,18,101101000110110000111000100101,1,1,0,0.52,0.4047619104385376,7,4
6,1,7,19,101101000110110000111000100101,1,1,0,0.45,0.09090909361839294,6,5
6,1,7,20,101101000110110000111000100101,1,1,0,0.64,0.970588207244873,6,4
6,1,7,24,101101000110110000111000100101,1,1,0,0.21,0.6896551847457886,5,2
6,1,7,27,101101000110110000111000100101,1,1,0,0.59,0.9130434989929199,7,5
6,1,7,29,101101000110110000111000100101,1,1,0,0.12,0.488095223903656,7,3
6,1,8,1,011011011100001100011100011110,1,1,0,0.6,0.2222222238779068,7,5
6,1,8,2,011011011100001100011100011110,1,1,0,0.36,0.3252032399177551,6,4
6,1,8,4,011011011100001100011100011110,1,1,0,0.32,0.6944444179534912,5,3
6,1,8,5,011011011100001100011100011110,1,1,0,0.6,0.7916666865348816,5,5
6,1,8,7,011011011100001100011100011110,1,1,0,0.16,0.2786885201931,6,2
6,1,8,8,011011011100001100011100011110,1,1,0,0.61,0.8518518805503845,5,5
6,1,8,9,011011011100001100011100011110,1,1,0,0.24,0.39080458879470825,6,2
6,1,8,14,011011011100001100011100011110,1,1,0,0.48,0.14473684132099152,6,4
6,1,8,15,011011011100001100011100011110,1,1,0,0.45,0.3199999928474426,7,3
6,1,8,19,011011011100001100011100011110,1,1,0,0.45,0.09090909361839294,6,5
6,1,8,20,011011011100001100011100011110,1,1,0,0.64,0.970588207244873,6,4
6,1,8,21,011011011100001100011100011110,1,1,0,0.64,0.6648044586181641,7,4
6,1,8,25,011011011100001100011100011110,1,1,0,0.55,0.06862745434045792,5,3
6,1,8,26,011011011100001100011100011110,1,1,0,0.29,0.42105263471603394,6,4
6,1,8,27,011011011100001100011100011110,1,1,0,0.59,0.9130434989929199,7,5
6,1,8,28,011011011100001100011100011110,1,1,0,0.5,0.8965517282485962,3,2
6,1,9,2,001101101111111101100001010010,1,1,0,0.36,0.3252032399177551,6,4
6,1,9,3,001101101111111101100001010010,1,1,0,0.53,0.9090909361839294,7,5
6,1,9,5,001101101111111101100001010010,1,1,0,0.6,0.7916666865348816,5,5
6,1,9,6,001101101111111101100001010010,1,1,0,0.39,0.6173912882804871,5,3
6,1,9,8,001101101111111101100001010010,1,1,0,0.61,0.8518518805503845,5,5
6,1,9,9,001101101111111101100001010010,1,1,0,0.24,0.39080458879470825,6,2
6,1,9,10,001101101111111101100001010010,1,1,0,0.32,0.8181818127632141,7,3
6,1,9,11,001101101111111101100001010010,1,1,0,0.65,0.9285714030265808,6,5
6,1,9,12,001101101111111101100001010010,1,1,0,0.5,0.35087719559669495,7,6
6,1,9,13,001101101111111101100001010010,1,1,0,0.57,0.9756097793579102,7,3
6,1,9,14,001101101111111101100001010010,1,1,0,0.48,0.14473684132099152,6,4
6,1,9,15,001101101111111101100001010010,1,1,0,0.45,0.3199999928474426,7,3
6,1,9,17,001101101111111101100001010010,1,1,0,0.33,0.0,7,3
6,1,9,18,001101101111111101100001010010,1,1,0,0.52,0.4047619104385376,7,4
6,1,9,23,001101101111111101100001010010,1,1,0,0.49,0.8606557250022888,7,3
6,1,9,25,001101101111111101100001010010,1,1,0,0.55,0.06862745434045792,5,3
6,1,9,28,001101101111111101100001010010,1,1,0,0.5,0.8965517282485962,3,2
6,1,10,1,011011001010110110101100001000,1,1,0,0.6,0.2222222238779068,7,5
6,1,10,2,011011001010110110101100001000,1,1,0,0.36,0.3252032399177551,6,4
6,1,10,4,011011001010110110101100001000,1,1,0,0.32,0.6944444179534912,5,3
6,1,10,5,011011001010110110101100001000,1,1,0,0.6,0.7916666865348816,5,5
6,1,10,8,011011001010110110101100001000,1,1,0,0.61,0.8518518805503845,5,5
6,1,10,10,011011001010110110101100001000,1,1,0,0.32,0.8181818127632141,7,3
6,1,10,12,011011001010110110101100001000,1,1,0,0.5,0.35087719559669495,7,6
6,1,10,13,011011001010110110101100001000,1,1,0,0.57,0.9756097793579102,7,3
6,1,10,15,011011001010110110101100001000,1,1,0,0.45,0.3199999928474426,7,3
6,1,10,16,011011001010110110101100001000,1,1,0,0.29,0.7894737124443054,7,3
6,1,10,18,011011001010110110101100001000,1,1,0,0.52,0.4047619104385376,7,4
6,1,10,20,011011001010110110101100001000,1,1,0,0.64,0.970588207244873,6,4
6,1,10,21,011011001010110110101100001000,1,1,0,0.64,0.6648044586181641,7,4
6,1,10,26,011011001010110110101100001000,1,1,0,0.29,0.42105263471603394,6,4
6,1,11,4,000010111110101101100110010011,1,1,0,0.32,0.6944444179534912,5,3
6,1,11,6,000010111110101101100110010011,1,1,0,0.39,0.6173912882804871,5,3
6,1,11,7,000010111110101101100110010011,1,1,0,0.16,0.2786885201931,6,2
6,1,11,8,000010111110101101100110010011,1,1,0,0.61,0.8518518805503845,5,5
6,1,11,9,000010111110101101100110010011,1,1,0,0.24,0.39080458879470825,6,2
6,1,11,10,000010111110101101100110010011,1,1,0,0.32,0.8181818127632141,7,3
6,1,11,12,000010111110101101100110010011,1,1,0,0.5,0.35087719559669495,7,6
6,1,11,14,000010111110101101100110010011,1,1,0,0.48,0.14473684132099152,6,4
6,1,11,15,000010111110101101100110010011,1,1,0,0.45,0.3199999928474426,7,3
6,1,11,17,000010111110101101100110010011,1,1,0,0.33,0.0,7,3
6,1,11,18,000010111110101101100110010011,1,1,0,0.52,0.4047619104385376,7,4
6,1,11,21,000010111110101101100110010011,1,1,0,0.64,0.6648044586181641,7,4
6,1,11,22,000010111110101101100110010011,1,1,0,0.39,0.3857142925262451,1,1
6,1,11,25,000010111110101101100110010011,1,1,0,0.55,0.06862745434045792,5,3
6,1,11,28,000010111110101101100110010011,1,1,0,0.5,0.8965517282485962,3,2
6,1,11,29,000010111110101101100110010011,1,1,0,0.12,0.488095223903656,7,3
6,1,12,0,111111110001101111011111011010,1,1,0,0.4,0.25757575035095215,1,1
6,1,12,1,111111110001101111011111011010,1,1,0,0.6,0.2222222238779068,7,5
6,1,12,2,111111110001101111011111011010,1,1,0,0.36,0.3252032399177551,6,4
6,1,12,3,111111110001101111011111011010,1,1,0,0.53,0.9090909361839294,7,5
6,1,12,4,111111110001101111011111011010,1,1,0,0.32,0.6944444179534912,5,3
6,1,12,5,111111110001101111011111011010,1,1,0,0.6,0.7916666865348816,5,5
6,1,12,6,111111110001101111011111011010,1,1,0,0.39,0.6173912882804871,5,3
6,1,12,7,111111110001101111011111011010,1,1,0,0.16,0.2786885201931,6,2
6,1,12,11,111111110001101111011111011010,1,1,0,0.65,0.9285714030265808,6,5
6,1,12,12,111111110001101111011111011010,1,1,0,0.5,0.35087719559669495,7,6
6,1,12,14,111111110001101111011111011010,1,1,0,0.48,0.14473684132099152,6,4
6,1,12,15,111111110001101111011111011010,1,1,0,0.45,0.3199999928474426,7,3
6,1,12,16,111111110001101111011111011010,1,1,0,0.29,0.7894737124443054,7,3
6,1,12,17,111111110001101111011111011010,1,1,0,0.33,0.0,7,3
6,1,12,19,111111110001101111011111011010,1,1,0,0.45,0.09090909361839294,6,5
6,1,12,20,111111110001101111011111011010,1,1,0,0.64,0.970588207244873,6,4
6,1,12,21,111111110001101111011111011010,1,1,0,0.64,0.6648044586181641,7,4
6,1,12,22,111111110001101111011111011010,1,1,0,0.39,0.3857142925262451,1,1
6,1,12,23,111111110001101111011111011010,1,1,0,0.49,0.8606557250022888,7,3
6,1,12,25,111111110001101111011111011010,1,1,0,0.55,0.06862745434045792,5,3
6,1,12,26,111111110001101111011111011010,1,1,0,0.29,0.42105263471603394,6,4
6,1,12,28,111111110001101111011111011010,1,1,0,0.5,0.8965517282485962,3,2
6,2,0,2,001111101111111000110101000110,1,1,0,0.36,0.3252032399177551,6,4
6,2,0,3,001111101111111000110101000110,1,1,0,0.53,0.9090909361839294,7,5
6,2,0,4,001111101111111000110101000110,1,1,0,0.32,0.6944444179534912,5,3
6,2,0,5,001111101111111000110101000110,1,1,0,0.6,0.7916666865348816,5,5
6,2,0,6,001111101111111000110101000110,1,1,0,0.39,0.6173912882804871,5,3
6,2,0,8,001111101111111000110101000110,1,1,0,0.61,0.8518518805503845,5,5
6,2,0,9,001111101111111000110101000110,1,1,0,0.24,0.39080458879470825,6,2
6,2,0,10,001111101111111000110101000110,1,1,0,0.32,0.8181818127632141,7,3
6,2,0,11,001111101111111000110101000110,1,1,0,0.65,0.9285714030265808,6,5
6,2,0,12,001111101111111000110101000110,1,1,0,0.5,0.35087719559669495,7,6
6,2,0,13,001111101111111000110101000110,1,1,0,0.57,0.9756097793579102,7,3
6,2,0,14,001111101111111000110101000110,1,1,0,0.48,0.14473684132099152,6,4
6,2,0,18,001111101111111000110101000110,1,1,0,0.52,0.4047619104385376,7,4
6,2,0,19,001111101111111000110101000110,1,1,0,0.45,0.09090909361839294,6,5
6,2,0,21,001111101111111000110101000110,1,1,0,0.64,0.6648044586181641,7,4
6,2,0,23,001111101111111000110101000110,1,1,0,0.49,0.8606557250022888,7,3
6,2,0,27,001111101111111000110101000110,1,1,0,0.59,0.9130434989929199,7,5
6,2,0,28,001111101111111000110101000110,1,1,0,0.5,0.8965517282485962,3,2
6,2,1,0,111110111111110010100100001101,1,1,0,0.4,0.25757575035095215,1,1
6,2,1,1,111110111111110010100100001101,1,1,0,0.6,0.2222222238779068,7,5
6,2,1,2,111110111111110010100100001101,1,1,0,0.36,0.3252032399177551,6,4
6,2,1,3,111110111111110010100100001101,1,1,0,0.53,0.9090909361839294,7,5
6,2,1,4,111110111111110010100100001101,1,1,0,0.32,0.6944444179534912,5,3
6,2,1,6,111110111111110010100100001101,1,1,0,0.39,0.6173912882804871,5,3
6,2,1,7,111110111111110010100100001101,1,1,0,0.16,0.2786885201931,6,2
6,2,1,8,111110111111110010100100001101,1,1,0,0.61,0.8518518805503845,5,5
6,2,1,9,111110111111110010100100001101,1,1,0,0.24,0.39080458879470825,6,2
6,2,1,10,111110111111110010100100001101,1,1,0,0.32,0.8181818127632141,7,3
6,2,1,11,111110111111110010100100001101,1,1,0,0.65,0.9285714030265808,6,5
6,2,1,12,111110111111110010100100001101,1,1,0,0.5,0.35087719559669495,7,6
6,2,1,13,111110111111110010100100001101,1,1,0,0.57,0.9756097793579102,7,3
6,2,1,16,111110111111110010100100001101,1,1,0,0.29,0.7894737124443054,7,3
6,2,1,18,111110111111110010100100001101,1,1,0,0.52,0.4047619104385376,7,4
6,2,1,21,111110111111110010100100001101,1,1,0,0.64,0.6648044586181641,7,4
6,2,1,26,111110111111110010100100001101,1,1,0,0.29,0.42105263471603394,6,4
6,2,1,27,111110111111110010100100001101,1,1,0,0.59,0.9130434989929199,7,5
6,2,1,29,111110111111110010100100001101,1,1,0,0.12,0.488095223903656,7,3
6,2,2,2,001001001000100000010010010110,1,1,0,0.36,0.3252032399177551,6,4
6,2,2,5,001001001000100000010010010110,1,1,0,0.6,0.7916666865348816,5,5
6,2,2,8,001001001000100000010010010110,1,1,0,0.61,0.8518518805503845,5,5
6,2,2,12,001001001000100000010010010110,1,1,0,0.5,0.35087719559669495,7,6
6,2,2,19,001001001000100000010010010110,1,1,0,0.45,0.09090909361839294,6,5
6,2,2,22,001001001000100000010010010110,1,1,0,0.39,0.3857142925262451,1,1
6,2,2,25,001001001000100000010010010110,1,1,0,0.55,0.06862745434045792,5,3
6,2,2,27,001001001000100000010010010110,1,1,0,0.59,0.9130434989929199,7,5
6,2,2,28,001001001000100000010010010110,1,1,0,0.5,0.8965517282485962,3,2
6,2,3,0,111000111010001001110010000100,1,1,0,0.4,0.25757575035095215,1,1
6,2,3,1,111000111010001001110010000100,1,1,0,0.6,0.2222222238779068,7,5
6,2,3,2,111000111010001001110010000100,1,1,0,0.36,0.3252032399177551,6,4
6,2,3,6,111000111010001001110010000100,1,1,0,0.39,0.6173912882804871,5,3
6,2,3,7,111000111010001001110010000100,1,1,0,0.16,0.2786885201931,6,2
6,2,3,8,111000111010001001110010000100,1,1,0,0.61,0.8518518805503845,5,5
6,2,3,10,111000111010001001110010000100,1,1,0,0.32,0.8181818127632141,7,3
6,2,3,14,111000111010001001110010000100,1,1,0,0.48,0.14473684132099152,6,4
6,2,3,17,111000111010001001110010000100,1,1,0,0.33,0.0,7,3
6,2,3,18,111000111010001001110010000100,1,1,0,0.52,0.4047619104385376,7,4
6,2,3,19,111000111010001001110010000100,1,1,0,0.45,0.09090909361839294,6,5
6,2,3,22,111000111010001001110010000100,1,1,0,0.39,0.3857142925262451,1,1
6,2,3,27,111000111010001001110010000100,1,1,0,0.59,0.9130434989929199,7,5
6,2,4,1,011011011100001100011100011110,1,1,0,0.6,0.2222222238779068,7,5
6,2,4,2,011011011100001100011100011110,1,1,0,0.36,0.3252032399177551,6,4
6,2,4,4,011011011100001100011100011110,1,1,0,0.32,0.6944444179534912,5,3
6,2,4,5,011011011100001100011100011110,1,1,0,0.6,0.7916666865348816,5,5
6,2,4,7,011011011100001100011100011110,1,1,0,0.16,0.2786885201931,6,2
6,2,4,8,011011011100001100011100011110,1,1,0,0.61,0.8518518805503845,5,5
6,2,4,9,011011011100001100011100011110,1,1,0,0.24,0.39080458879470825,6,2
6,2,4,14,011011011100001100011100011110,1,1,0,0.48,0.14473684132099152,6,4
6,2,4,15,011011011100001100011100011110,1,1,0,0.45,0.3199999928474426,7,3
6,2,4,19,011011011100001100011100011110,1,1,0,0.45,0.09090909361839294,6,5
6,2,4,20,011011011100001100011100011110,1,1,0,0.64,0.970588207244873,6,4
6,2,4,21,011011011100001100011100011110,1,1,0,0.64,0.6648044586181641,7,4
6,2,4,25,011011011100001100011100011110,1,1,0,0.55,0.06862745434045792,5,3
6,2,4,26,011011011100001100011100011110,1,1,0,0.29,0.42105263471603394,6,4
6,2,4,27,011011011100001100011100011110,1,1,0,0.59,0.9130434989929199,7,5
6,2,4,28,011011011100001100011100011110,1,1,0,0.5,0.8965517282485962,3,2
6,2,5,1,011011001010110110101100001000,1,1,0,0.6,0.2222222238779068,7,5
6,2,5,2,011011001010110110101100001000,1,1,0,0.36,0.3252032399177551,6,4
6,2,5,4,011011001010110110101100001000,1,1,0,0.32,0.6944444179534912,5,3
6,2,5,5,011011001010110110101100001000,1,1,0,0.6,0.7916666865348816,5,5
6,2,5,8,011011001010110110101100001000,1,1,0,0.61,0.8518518805503845,5,5
6,2,5,10,011011001010110110101100001000,1,1,0,0.32,0.8181818127632141,7,3
6,2,5,12,011011001010110110101100001000,1,1,0,0.5,0.35087719559669495,7,6
6,2,5,13,011011001010110110101100001000,1,1,0,0.57,0.9756097793579102,7,3
6,2,5,15,011011001010110110101100001000,1,1,0,0.45,0.3199999928474426,7,3
6,2,5,16,011011001010110110101100001000,1,1,0,0.29,0.7894737124443054,7,3
6,2,5,18,011011001010110110101100001000,1,1,0,0.52,0.4047619104385376,7,4
6,2,5,20,011011001010110110101100001000,1,1,0,0.64,0.970588207244873,6,4
6,2,5,21,011011001010110110101100001000,1,1,0,0.64,0.6648044586181641,7,4
6,2,5,26,011011001010110110101100001000,1,1,0,0.29,0.42105263471603394,6,4
6,2,6,4,000010111110101101100110010011,1,1,0,0.32,0.6944444179534912,5,3
6,2,6,6,000010111110101101100110010011,1,1,0,0.39,0.6173912882804871,5,3
6,2,6,7,000010111110101101100110010011,1,1,0,0.16,0.2786885201931,6,2
6,2,6,8,000010111110101101100110010011,1,1,0,0.61,0.8518518805503845,5,5
6,2,6,9,000010111110101101100110010011,1,1,0,0.24,0.39080458879470825,6,2
6,2,6,10,000010111110101101100110010011,1,1,0,0.32,0.8181818127632141,7,3
6,2,6,12,000010111110101101100110010011,1,1,0,0.5,0.35087719559669495,7,6
6,2,6,14,000010111110101101100110010011,1,1,0,0.48,0.14473684132099152,6,4
6,2,6,15,000010111110101101100110010011,1,1,0,0.45,0.3199999928474426,7,3
6,2,6,17,000010111110101101100110010011,1,1,0,0.33,0.0,7,3
6,2,6,18,000010111110101101100110010011,1,1,0,0.52,0.4047619104385376,7,4
6,2,6,21,000010111110101101100110010011,1,1,0,0.64,0.6648044586181641,7,4
6,2,6,22,000010111110101101100110010011,1,1,0,0.39,0.3857142925262451,1,1
6,2,6,25,000010111110101101100110010011,1,1,0,0.55,0.06862745434045792,5,3
6,2,6,28,000010111110101101100110010011,1,1,0,0.5,0.8965517282485962,3,2
6,2,6,29,000010111110101101100110010011,1,1,0,0.12,0.488095223903656,7,3
6,2,7,0,111111110001101111011111011010,1,1,0,0.4,0.25757575035095215,1,1
6,2,7,1,111111110001101111011111011010,1,1,0,0.6,0.2222222238779068,7,5
6,2,7,2,111111110001101111011111011010,1,1,0,0.36,0.3252032399177551,6,4
6,2,7,3,111111110001101111011111011010,1,1,0,0.53,0.9090909361839294,7,5
6,2,7,4,111111110001101111011111011010,1,1,0,0.32,0.6944444179534912,5,3
6,2,7,5,111111110001101111011111011010,1,1,0,0.6,0.7916666865348816,5,5
6,2,7,6,111111110001101111011111011010,1,1,0,0.39,0.6173912882804871,5,3
6,2,7,7,111111110001101111011111011010,1,1,0,0.16,0.2786885201931,6,2
6,2,7,11,111111110001101111011111011010,1,1,0,0.65,0.9285714030265808,6,5
6,2,7,12,111111110001101111011111011010,1,1,0,0.5,0.35087719559669495,7,6
6,2,7,14,111111110001101111011111011010,1,1,0,0.48,0.14473684132099152,6,4
6,2,7,15,111111110001101111011111011010,1,1,0,0.45,0.3199999928474426,7,3
6,2,7,16,111111110001101111011111011010,1,1,0,0.29,0.7894737124443054,7,3
6,2,7,17,111111110001101111011111011010,1,1,0,0.33,0.0,7,3
6,2,7,19,111111110001101111011111011010,1,1,0,0.45,0.09090909361839294,6,5
6,2,7,20,111111110001101111011111011010,1,1,0,0.64,0.970588207244873,6,4
6,2,7,21,111111110001101111011111011010,1,1,0,0.64,0.6648044586181641,7,4
6,2,7,22,111111110001101111011111011010,1,1,0,0.39,0.3857142925262451,1,1
6,2,7,23,111111110001101111011111011010,1,1,0,0.49,0.8606557250022888,7,3
6,2,7,25,111111110001101111011111011010,1,1,0,0.55,0.06862745434045792,5,3
6,2,7,26,111111110001101111011111011010,1,1,0,0.29,0.42105263471603394,6,4
6,2,7,28,111111110001101111011111011010,1,1,0,0.5,0.8965517282485962,3,2
6,2,8,2,001001101111111101100000010110,1,1,0,0.36,0.3252032399177551,6,4
6,2,8,5,001001101111111101100000010110,1,1,0,0.6,0.7916666865348816,5,5
6,2,8,6,001001101111111101100000010110,1,1,0,0.39,0.6173912882804871,5,3
6,2,8,8,001001101111111101100000010110,1,1,0,0.61,0.8518518805503845,5,5
6,2,8,9,001001101111111101100000010110,1,1,0,0.24,0.39080458879470825,6,2
6,2,8,10,001001101111111101100000010110,1,1,0,0.32,0.8181818127632141,7,3
6,2,8,11,001001101111111101100000010110,1,1,0,0.65,0.9285714030265808,6,5
6,2,8,12,001001101111111101100000010110,1,1,0,0.5,0.35087719559669495,7,6
6,2,8,13,001001101111111101100000010110,1,1,0,0.57,0.9756097793579102,7,3
6,2,8,14,001001101111111101100000010110,1,1,0,0.48,0.14473684132099152,6,4
6,2,8,15,001001101111111101100000010110,1,1,0,0.45,0.3199999928474426,7,3
6,2,8,17,001001101111111101100000010110,1,1,0,0.33,0.0,7,3
6,2,8,18,001001101111111101100000010110,1,1,0,0.52,0.4047619104385376,7,4
6,2,8,25,001001101111111101100000010110,1,1,0,0.55,0.06862745434045792,5,3
6,2,8,27,001001101111111101100000010110,1,1,0,0.59,0.9130434989929199,7,5
6,2,8,28,001001101111111101100000010110,1,1,0,0.5,0.8965517282485962,3,2
6,2,9,0,111110111111110011100100111101,1,1,0,0.4,0.25757575035095215,1,1
6,2,9,1,111110111111110011100100111101,1,1,0,0.6,0.2222222238779068,7,5
6,2,9,2,111110111111110011100100111101,1,1,0,0.36,0.3252032399177551,6,4
6,2,9,3,111110111111110011100100111101,1,1,0,0.53,0.9090909361839294,7,5
6,2,9,4,111110111111110011100100111101,1,1,0,0.32,0.6944444179534912,5,3
6,2,9,6,111110111111110011100100111101,1,1,0,0.39,0.6173912882804871,5,3
6,2,9,7,111110111111110011100100111101,1,1,0,0.16,0.2786885201931,6,2
6,2,9,8,111110111111110011100100111101,1,1,0,0.61,0.8518518805503845,5,5
6,2,9,9,111110111111110011100100111101,1,1,0,0.24,0.39080458879470825,6,2
6,2,9,10,111110111111110011100100111101,1,1,0,0.32,0.8181818127632141,7,3
6,2,9,11,111110111111110011100100111101,1,1,0,0.65,0.9285714030265808,6,5
6,2,9,12,111110111111110011100100111101,1,1,0,0.5,0.35087719559669495,7,6
6,2,9,13,111110111111110011100100111101,1,1,0,0.57,0.9756097793579102,7,3
6,2,9,16,111110111111110011100100111101,1,1,0,0.29,0.7894737124443054,7,3
6,2,9,17,111110111111110011100100111101,1,1,0,0.33,0.0,7,3
6,2,9,18,111110111111110011100100111101,1,1,0,0.52,0.4047619104385376,7,4
6,2,9,21,111110111111110011100100111101,1,1,0,0.64,0.6648044586181641,7,4
6,2,9,24,111110111111110011100100111101,1,1,0,0.21,0.6896551847457886,5,2
6,2,9,25,111110111111110011100100111101,1,1,0,0.55,0.06862745434045792,5,3
6,2,9,26,111110111111110011100100111101,1,1,0,0.29,0.42105263471603394,6,4
6,2,9,27,111110111111110011100100111101,1,1,0,0.59,0.9130434989929199,7,5
6,2,9,29,111110111111110011100100111101,1,1,0,0.12,0.488095223903656,7,3
6,2,10,0,100111011110011101100110010011,1,1,0,0.4,0.25757575035095215,1,1
6,2,10,3,100111011110011101100110010011,1,1,0,0.53,0.9090909361839294,7,5
6,2,10,4,100111011110011101100110010011,1,1,0,0.32,0.6944444179534912,5,3
6,2,10,5,100111011110011101100110010011,1,1,0,0.6,0.7916666865348816,5,5
6,2,10,7,100111011110011101100110010011,1,1,0,0.16,0.2786885201931,6,2
6,2,10,8,100111011110011101100110010011,1,1,0,0.61,0.8518518805503845,5,5
6,2,10,9,100111011110011101100110010011,1,1,0,0.24,0.39080458879470825,6,2
6,2,10,10,100111011110011101100110010011,1,1,0,0.32,0.8181818127632141,7,3
6,2,10,13,100111011110011101100110010011,1,1,0,0.57,0.9756097793579102,7,3
6,2,10,14,100111011110011101100110010011,1,1,0,0.48,0.14473684132099152,6,4
6,2,10,15,100111011110011101100110010011,1,1,0,0.45,0.3199999928474426,7,3
6,2,10,17,100111011110011101100110010011,1,1,0,0.33,0.0,7,3
6,2,10,18,100111011110011101100110010011,1,1,0,0.52,0.4047619104385376,7,4
6,2,10,21,100111011110011101100110010011,1,1,0,0.64,0.6648044586181641,7,4
6,2,10,22,100111011110011101100110010011,1,1,0,0.39,0.3857142925262451,1,1
6,2,10,25,100111011110011101100110010011,1,1,0,0.55,0.06862745434045792,5,3
6,2,10,28,100111011110011101100110010011,1,1,0,0.5,0.8965517282485962,3,2
6,2,10,29,100111011110011101100110010011,1,1,0,0.12,0.488095223903656,7,3
6,2,11,0,111000111011001111000011010010,1,1,0,0.4,0.25757575035095215,1,1
6,2,11,1,111000111011001111000011010010,1,1,0,0.6,0.2222222238779068,7,5
6,2,11,2,111000111011001111000011010010,1,1,0,0.36,0.3252032399177551,6,4
6,2,11,6,111000111011001111000011010010,1,1,0,0.39,0.6173912882804871,5,3
6,2,11,7,111000111011001111000011010010,1,1,0,0.16,0.2786885201931,6,2
6,2,11,8,111000111011001111000011010010,1,1,0,0.61,0.8518518805503845,5,5
6,2,11,10,111000111011001111000011010010,1,1,0,0.32,0.8181818127632141,7,3
6,2,11,11,111000111011001111000011010010,1,1,0,0.65,0.9285714030265808,6,5
6,2,11,14,111000111011001111000011010010,1,1,0,0.48,0.14473684132099152,6,4
6,2,11,15,111000111011001111000011010010,1,1,0,0.45,0.3199999928474426,7,3
6,2,11,16,111000111011001111000011010010,1,1,0,0.29,0.7894737124443054,7,3
6,2,11,17,111000111011001111000011010010,1,1,0,0.33,0.0,7,3
6,2,11,22,111000111011001111000011010010,1,1,0,0.39,0.3857142925262451,1,1
6,2,11,23,111000111011001111000011010010,1,1,0,0.49,0.8606557250022888,7,3
6,2,11,25,111000111011001111000011010010,1,1,0,0.55,0.06862745434045792,5,3
6,2,11,28,111000111011001111000011010010,1,1,0,0.5,0.8965517282485962,3,2
6,2,12,0,111011110101010000001101101000,1,1,0,0.4,0.25757575035095215,1,1
6,2,12,1,111011110101010000001101101000,1,1,0,0.6,0.2222222238779068,7,5
6,2,12,2,111011110101010000001101101000,1,1,0,0.36,0.3252032399177551,6,4
6,2,12,4,111011110101010000001101101000,1,1,0,0.32,0.6944444179534912,5,3
6,2,12,5,111011110101010000001101101000,1,1,0,0.6,0.7916666865348816,5,5
6,2,12,6,111011110101010000001101101000,1,1,0,0.39,0.6173912882804871,5,3
6,2,12,7,111011110101010000001101101000,1,1,0,0.16,0.2786885201931,6,2
6,2,12,9,111011110101010000001101101000,1,1,0,0.24,0.39080458879470825,6,2
6,2,12,11,111011110101010000001101101000,1,1,0,0.65,0.9285714030265808,6,5
6,2,12,13,111011110101010000001101101000,1,1,0,0.57,0.9756097793579102,7,3
6,2,12,20,111011110101010000001101101000,1,1,0,0.64,0.970588207244873,6,4
6,2,12,21,111011110101010000001101101000,1,1,0,0.64,0.6648044586181641,7,4
6,2,12,23,111011110101010000001101101000,1,1,0,0.49,0.8606557250022888,7,3
6,2,12,24,111011110101010000001101101000,1,1,0,0.21,0.6896551847457886,5,2
6,2,12,26,111011110101010000001101101000,1,1,0,0.29,0.42105263471603394,6,4
6,2,13,0,111000000001011001110010000100,1,1,0,0.4,0.25757575035095215,1,1
6,2,13,1,111000000001011001110010000100,1,1,0,0.6,0.2222222238779068,7,5
6,2,13,2,111000000001011001110010000100,1,1,0,0.36,0.3252032399177551,6,4
6,2,13,11,111000000001011001110010000100,1,1,0,0.65,0.9285714030265808,6,5
6,2,13,13,111000000001011001110010000100,1,1,0,0.57,0.9756097793579102,7,3
6,2,13,14,111000000001011001110010000100,1,1,0,0.48,0.14473684132099152,6,4
6,2,13,17,111000000001011001110010000100,1,1,0,0.33,0.0,7,3
6,2,13,18,111000000001011001110010000100,1,1,0,0.52,0.4047619104385376,7,4
6,2,13,19,111000000001011001110010000100,1,1,0,0.45,0.09090909361839294,6,5
6,2,13,22,111000000001011001110010000100,1,1,0,0.39,0.3857142925262451,1,1
6,2,13,27,111000000001011001110010000100,1,1,0,0.59,0.9130434989929199,7,5
6,2,14,2,001101001000101000010111010010,1,1,0,0.36,0.3252032399177551,6,4
6,2,14,3,001101001000101000010111010010,1,1,0,0.53,0.9090909361839294,7,5
6,2,14,5,001101001000101000010111010010,1,1,0,0.6,0.7916666865348816,5,5
6,2,14,8,001101001000101000010111010010,1,1,0,0.61,0.8518518805503845,5,5
6,2,14,12,001101001000101000010111010010,1,1,0,0.5,0.35087719559669495,7,6
6,2,14,14,001101001000101000010111010010,1,1,0,0.48,0.14473684132099152,6,4
6,2,14,19,001101001000101000010111010010,1,1,0,0.45,0.09090909361839294,6,5
6,2,14,21,001101001000101000010111010010,1,1,0,0.64,0.6648044586181641,7,4
6,2,14,22,001101001000101000010111010010,1,1,0,0.39,0.3857142925262451,1,1
6,2,14,23,001101001000101000010111010010,1,1,0,0.49,0.8606557250022888,7,3
6,2,14,25,001101001000101000010111010010,1,1,0,0.55,0.06862745434045792,5,3
6,2,14,28,001101001000101000010111010010,1,1,0,0.5,0.8965517282485962,3,2
6,2,15,1,010111101100101001010110100111,1,1,0,0.6,0.2222222238779068,7,5
6,2,15,3,010111101100101001010110100111,1,1,0,0.53,0.9090909361839294,7,5
6,2,15,4,010111101100101001010110100111,1,1,0,0.32,0.6944444179534912,5,3
6,2,15,5,010111101100101001010110100111,1,1,0,0.6,0.7916666865348816,5,5
6,2,15,6,010111101100101001010110100111,1,1,0,0.39,0.6173912882804871,5,3
6,2,15,8,010111101100101001010110100111,1,1,0,0.61,0.8518518805503845,5,5
6,2,15,9,010111101100101001010110100111,1,1,0,0.24,0.39080458879470825,6,2
6,2,15,12,010111101100101001010110100111,1,1,0,0.5,0.35087719559669495,7,6
6,2,15,14,010111101100101001010110100111,1,1,0,0.48,0.14473684132099152,6,4
6,2,15,17,010111101100101001010110100111,1,1,0,0.33,0.0,7,3
6,2,15,19,010111101100101001010110100111,1,1,0,0.45,0.09090909361839294,6,5
6,2,15,21,010111101100101001010110100111,1,1,0,0.64,0.6648044586181641,7,4
6,2,15,22,010111101100101001010110100111,1,1,0,0.39,0.3857142925262451,1,1
6,2,15,24,010111101100101001010110100111,1,1,0,0.21,0.6896551847457886,5,2
6,2,15,27,010111101100101001010110100111,1,1,0,0.59,0.9130434989929199,7,5
6,2,15,28,010111101100101001010110100111,1,1,0,0.5,0.8965517282485962,3,2
6,2,15,29,010111101100101001010110100111,1,1,0,0.12,0.488095223903656,7,3
6,2,16,1,011110010000001001110010000100,1,1,0,0.6,0.2222222238779068,7,5
6,2,16,2,011110010000001001110010000100,1,1,0,0.36,0.3252032399177551,6,4
6,2,16,3,011110010000001001110010000100,1,1,0,0.53,0.9090909361839294,7,5
6,2,16,4,011110010000001001110010000100,1,1,0,0.32,0.6944444179534912,5,3
6,2,16,7,011110010000001001110010000100,1,1,0,0.16,0.2786885201931,6,2
6,2,16,14,011110010000001001110010000100,1,1,0,0.48,0.14473684132099152,6,4
6,2,16,17,011110010000001001110010000100,1,1,0,0.33,0.0,7,3
6,2,16,18,011110010000001001110010000100,1,1,0,0.52,0.4047619104385376,7,4
6,2,16,19,011110010000001001110010000100,1,1,0,0.45,0.09090909361839294,6,5
6,2,16,22,011110010000001001110010000100,1,1,0,0.39,0.3857142925262451,1,1
6,2,16,27,011110010000001001110010000100,1,1,0,0.59,0.9130434989929199,7,5
6,2,17,4,000010011110101101101010110011,1,1,0,0.32,0.6944444179534912,5,3
6,2,17,7,000010011110101101101010110011,1,1,0,0.16,0.2786885201931,6,2
6,2,17,8,000010011110101101101010110011,1,1,0,0.61,0.8518518805503845,5,5
6,2,17,9,000010011110101101101010110011,1,1,0,0.24,0.39080458879470825,6,2
6,2,17,10,000010011110101101101010110011,1,1,0,0.32,0.8181818127632141,7,3
6,2,17,12,000010011110101101101010110011,1,1,0,0.5,0.35087719559669495,7,6
6,2,17,14,000010011110101101101010110011,1,1,0,0.48,0.14473684132099152,6,4
6,2,17,15,000010011110101101101010110011,1,1,0,0.45,0.3199999928474426,7,3
6,2,17,17,000010011110101101101010110011,1,1,0,0.33,0.0,7,3
6,2,17,18,000010011110101101101010110011,1,1,0,0.52,0.4047619104385376,7,4
6,2,17,20,000010011110101101101010110011,1,1,0,0.64,0.970588207244873,6,4
6,2,17,22,000010011110101101101010110011,1,1,0,0.39,0.3857142925262451,1,1
6,2,17,24,000010011110101101101010110011,1,1,0,0.21,0.6896551847457886,5,2
6,2,17,25,000010011110101101101010110011,1,1,0,0.55,0.06862745434045792,5,3
6,2,17,28,000010011110101101101010110011,1,1,0,0.5,0.8965517282485962,3,2
6,2,17,29,000010011110101101101010110011,1,1,0,0.12,0.488095223903656,7,3
6,2,18,0,101000010101001011110001111110,1,1,0,0.4,0.25757575035095215,1,1
6,2,18,2,101000010101001011110001111110,1,1,0,0.36,0.3252032399177551,6,4
6,2,18,7,101000010101001011110001111110,1,1,0,0.16,0.2786885201931,6,2
6,2,18,9,101000010101001011110001111110,1,1,0,0.24,0.39080458879470825,6,2
6,2,18,11,101000010101001011110001111110,1,1,0,0.65,0.9285714030265808,6,5
6,2,18,14,101000010101001011110001111110,1,1,0,0.48,0.14473684132099152,6,4
6,2,18,16,101000010101001011110001111110,1,1,0,0.29,0.7894737124443054,7,3
6,2,18,17,101000010101001011110001111110,1,1,0,0.33,0.0,7,3
6,2,18,18,101000010101001011110001111110,1,1,0,0.52,0.4047619104385376,7,4
6,2,18,19,101000010101001011110001111110,1,1,0,0.45,0.09090909361839294,6,5
6,2,18,23,101000010101001011110001111110,1,1,0,0.49,0.8606557250022888,7,3
6,2,18,24,101000010101001011110001111110,1,1,0,0.21,0.6896551847457886,5,2
6,2,18,25,101000010101001011110001111110,1,1,0,0.55,0.06862745434045792,5,3
6,2,18,26,101000010101001011110001111110,1,1,0,0.29,0.42105263471603394,6,4
6,2,18,27,101000010101001011110001111110,1,1,0,0.59,0.9130434989929199,7,5
6,2,18,28,101000010101001011110001111110,1,1,0,0.5,0.8965517282485962,3,2
6,2,19,2,001111110010111000100101000110,1,1,0,0.36,0.3252032399177551,6,4
6,2,19,3,001111110010111000100101000110,1,1,0,0.53,0.9090909361839294,7,5
6,2,19,4,001111110010111000100101000110,1,1,0,0.32,0.6944444179534912,5,3
6,2,19,5,001111110010111000100101000110,1,1,0,0.6,0.7916666865348816,5,5
6,2,19,6,001111110010111000100101000110,1,1,0,0.39,0.6173912882804871,5,3
6,2,19,7,001111110010111000100101000110,1,1,0,0.16,0.2786885201931,6,2
6,2,19,10,001111110010111000100101000110,1,1,0,0.32,0.8181818127632141,7,3
6,2,19,12,001111110010111000100101000110,1,1,0,0.5,0.35087719559669495,7,6
6,2,19,13,001111110010111000100101000110,1,1,0,0.57,0.9756097793579102,7,3
6,2,19,14,001111110010111000100101000110,1,1,0,0.48,0.14473684132099152,6,4
6,2,19,18,001111110010111000100101000110,1,1,0,0.52,0.4047619104385376,7,4
6,2,19,21,001111110010111000100101000110,1,1,0,0.64,0.6648044586181641,7,4
6,2,19,23,001111110010111000100101000110,1,1,0,0.49,0.8606557250022888,7,3
6,2,19,27,001111110010111000100101000110,1,1,0,0.59,0.9130434989929199,7,5
6,2,19,28,001111110010111000100101000110,1,1,0,0.5,0.8965517282485962,3,2
6,3,0,2,001111101111111000110101000110,1,1,0,0.36,0.3252032399177551,6,4
6,3,0,3,001111101111111000110101000110,1,1,0,0.53,0.9090909361839294,7,5
6,3,0,4,001111101111111000110101000110,1,1,0,0.32,0.6944444179534912,5,3
6,3,0,5,001111101111111000110101000110,1,1,0,0.6,0.7916666865348816,5,5
6,3,0,6,001111101111111000110101000110,1,1,0,0.39,0.6173912882804871,5,3
6,3,0,8,001111101111111000110101000110,1,1,0,0.61,0.8518518805503845,5,5
6,3,0,9,001111101111111000110101000110,1,1,0,0.24,0.39080458879470825,6,2
6,3,0,10,001111101111111000110101000110,1,1,0,0.32,0.8181818127632141,7,3
6,3,0,11,001111101111111000110101000110,1,1,0,0.65,0.9285714030265808,6,5
6,3,0,12,001111101111111000110101000110,1,1,0,0.5,0.35087719559669495,7,6
6,3,0,13,001111101111111000110101000110,1,1,0,0.57,0.9756097793579102,7,3
6,3,0,14,001111101111111000110101000110,1,1,0,0.48,0.14473684132099152,6,4
6,3,0,18,001111101111111000110101000110,1,1,0,0.52,0.4047619104385376,7,4
6,3,0,19,001111101111111000110101000110,1,1,0,0.45,0.09090909361839294,6,5
6,3,0,21,001111101111111000110101000110,1,1,0,0.64,0.6648044586181641,7,4
6,3,0,23,001111101111111000110101000110,1,1,0,0.49,0.8606557250022888,7,3
6,3,0,27,001111101111111000110101000110,1,1,0,0.59,0.9130434989929199,7,5
6,3,0,28,001111101111111000110101000110,1,1,0,0.5,0.8965517282485962,3,2
6,3,1,0,111110111111110010100100001101,1,1,0,0.4,0.25757575035095215,1,1
6,3,1,1,111110111111110010100100001101,1,1,0,0.6,0.2222222238779068,7,5
6,3,1,2,111110111111110010100100001101,1,1,0,0.36,0.3252032399177551,6,4
6,3,1,3,111110111111110010100100001101,1,1,0,0.53,0.9090909361839294,7,5
6,3,1,4,111110111111110010100100001101,1,1,0,0.32,0.6944444179534912,5,3
6,3,1,6,111110111111110010100100001101,1,1,0,0.39,0.6173912882804871,5,3
6,3,1,7,111110111111110010100100001101,1,1,0,0.16,0.2786885201931,6,2
6,3,1,8,111110111111110010100100001101,1,1,0,0.61,0.8518518805503845,5,5
6,3,1,9,111110111111110010100100001101,1,1,0,0.24,0.39080458879470825,6,2
6,3,1,10,111110111111110010100100001101,1,1,0,0.32,0.8181818127632141,7,3
6,3,1,11,111110111111110010100100001101,1,1,0,0.65,0.9285714030265808,6,5
6,3,1,12,111110111111110010100100001101,1,1,0,0.5,0.35087719559669495,7,6
6,3,1,13,111110111111110010100100001101,1,1,0,0.57,0.9756097793579102,7,3
6,3,1,16,111110111111110010100100001101,1,1,0,0.29,0.7894737124443054,7,3
6,3,1,18,111110111111110010100100001101,1,1,0,0.52,0.4047619104385376,7,4
6,3,1,21,111110111111110010100100001101,1,1,0,0.64,0.6648044586181641,7,4
6,3,1,26,111110111111110010100100001101,1,1,0,0.29,0.42105263471603394,6,4
6,3,1,27,111110111111110010100100001101,1,1,0,0.59,0.9130434989929199,7,5
6,3,1,29,111110111111110010100100001101,1,1,0,0.12,0.488095223903656,7,3
6,3,2,0,111000111010001001110010000100,1,1,0,0.4,0.25757575035095215,1,1
6,3,2,1,111000111010001001110010000100,1,1,0,0.6,0.2222222238779068,7,5
6,3,2,2,111000111010001001110010000100,1,1,0,0.36,0.3252032399177551,6,4
6,3,2,6,111000111010001001110010000100,1,1,0,0.39,0.6173912882804871,5,3
6,3,2,7,111000111010001001110010000100,1,1,0,0.16,0.2786885201931,6,2
6,3,2,8,111000111010001001110010000100,1,1,0,0.61,0.8518518805503845,5,5
6,3,2,10,111000111010001001110010000100,1,1,0,0.32,0.8181818127632141,7,3
6,3,2,14,111000111010001001110010000100,1,1,0,0.48,0.14473684132099152,6,4
6,3,2,17,111000111010001001110010000100,1,1,0,0.33,0.0,7,3
6,3,2,18,111000111010001001110010000100,1,1,0,0.52,0.4047619104385376,7,4
6,3,2,19,111000111010001001110010000100,1,1,0,0.45,0.09090909361839294,6,5
6,3,2,22,111000111010001001110010000100,1,1,0,0.39,0.3857142925262451,1,1
6,3,2,27,111000111010001001110010000100,1,1,0,0.59,0.9130434989929199,7,5
6,3,3,4,000010111110101101100110010011,1,1,0,0.32,0.6944444179534912,5,3
6,3,3,6,000010111110101101100110010011,1,1,0,0.39,0.6173912882804871,5,3
6,3,3,7,000010111110101101100110010011,1,1,0,0.16,0.2786885201931,6,2
6,3,3,8,000010111110101101100110010011,1,1,0,0.61,0.8518518805503845,5,5
6,3,3,9,000010111110101101100110010011,1,1,0,0.24,0.39080458879470825,6,2
6,3,3,10,000010111110101101100110010011,1,1,0,0.32,0.8181818127632141,7,3
6,3,3,12,000010111110101101100110010011,1,1,0,0.5,0.35087719559669495,7,6
6,3,3,14,000010111110101101100110010011,1,1,0,0.48,0.14473684132099152,6,4
6,3,3,15,000010111110101101100110010011,1,1,0,0.45,0.3199999928474426,7,3
6,3,3,17,000010111110101101100110010011,1,1,0,0.33,0.0,7,3
6,3,3,18,000010111110101101100110010011,1,1,0,0.52,0.4047619104385376,7,4
6,3,3,21,000010111110101101100110010011,1,1,0,0.64,0.6648044586181641,7,4
6,3,3,22,000010111110101101100110010011,1,1,0,0.39,0.3857142925262451,1,1
6,3,3,25,000010111110101101100110010011,1,1,0,0.55,0.06862745434045792,5,3
6,3,3,28,000010111110101101100110010011,1,1,0,0.5,0.8965517282485962,3,2
6,3,3,29,000010111110101101100110010011,1,1,0,0.12,0.488095223903656,7,3
6,3,4,2,001001101111111101100000010110,1,1,0,0.36,0.3252032399177551,6,4
6,3,4,5,001001101111111101100000010110,1,1,0,0.6,0.7916666865348816,5,5
6,3,4,6,001001101111111101100000010110,1,1,0,0.39,0.6173912882804871,5,3
6,3,4,8,001001101111111101100000010110,1,1,0,0.61,0.8518518805503845,5,5
6,3,4,9,001001101111111101100000010110,1,1,0,0.24,0.39080458879470825,6,2
6,3,4,10,001001101111111101100000010110,1,1,0,0.32,0.8181818127632141,7,3
6,3,4,11,001001101111111101100000010110,1,1,0,0.65,0.9285714030265808,6,5
6,3,4,12,001001101111111101100000010110,1,1,0,0.5,0.35087719559669495,7,6
6,3,4,13,001001101111111101100000010110,1,1,0,0.57,0.9756097793579102,7,3
6,3,4,14,001001101111111101100000010110,1,1,0,0.48,0.14473684132099152,6,4
6,3,4,15,001001101111111101100000010110,1,1,0,0.45,0.3199999928474426,7,3
6,3,4,17,001001101111111101100000010110,1,1,0,0.33,0.0,7,3
6,3,4,18,001001101111111101100000010110,1,1,0,0.52,0.4047619104385376,7,4
6,3,4,25,001001101111111101100000010110,1,1,0,0.55,0.06862745434045792,5,3
6,3,4,27,001001101111111101100000010110,1,1,0,0.59,0.9130434989929199,7,5
6,3,4,28,001001101111111101100000010110,1,1,0,0.5,0.8965517282485962,3,2
6,3,5,0,111000111011001111000011010010,1,1,0,0.4,0.25757575035095215,1,1
6,3,5,1,111000111011001111000011010010,1,1,0,0.6,0.2222222238779068,7,5
6,3,5,2,111000111011001111000011010010,1,1,0,0.36,0.3252032399177551,6,4
6,3,5,6,111000111011001111000011010010,1,1,0,0.39,0.6173912882804871,5,3
6,3,5,7,111000111011001111000011010010,1,1,0,0.16,0.2786885201931,6,2
6,3,5,8,111000111011001111000011010010,1,1,0,0.61,0.8518518805503845,5,5
6,3,5,10,111000111011001111000011010010,1,1,0,0.32,0.8181818127632141,7,3
6,3,5,11,111000111011001111000011010010,1,1,0,0.65,0.9285714030265808,6,5
6,3,5,14,111000111011001111000011010010,1,1,0,0.48,0.14473684132099152,6,4
6,3,5,15,111000111011001111000011010010,1,1,0,0.45,0.3199999928474426,7,3
6,3,5,16,111000111011001111000011010010,1,1,0,0.29,0.7894737124443054,7,3
6,3,5,17,111000111011001111000011010010,1,1,0,0.33,0.0,7,3
6,3,5,22,111000111011001111000011010010,1,1,0,0.39,0.3857142925262451,1,1
6,3,5,23,111000111011001111000011010010,1,1,0,0.49,0.8606557250022888,7,3
6,3,5,25,111000111011001111000011010010,1,1,0,0.55,0.06862745434045792,5,3
6,3,5,28,111000111011001111000011010010,1,1,0,0.5,0.8965517282485962,3,2
6,3,6,0,111000000001011001110010000100,1,1,0,0.4,0.25757575035095215,1,1
6,3,6,1,111000000001011001110010000100,1,1,0,0.6,0.2222222238779068,7,5
6,3,6,2,111000000001011001110010000100,1,1,0,0.36,0.3252032399177551,6,4
6,3,6,11,111000000001011001110010000100,1,1,0,0.65,0.9285714030265808,6,5
6,3,6,13,111000000001011001110010000100,1,1,0,0.57,0.9756097793579102,7,3
6,3,6,14,111000000001011001110010000100,1,1,0,0.48,0.14473684132099152,6,4
6,3,6,17,111000000001011001110010000100,1,1,0,0.33,0.0,7,3
6,3,6,18,111000000001011001110010000100,1,1,0,0.52,0.4047619104385376,7,4
6,3,6,19,111000000001011001110010000100,1,1,0,0.45,0.09090909361839294,6,5
6,3,6,22,111000000001011001110010000100,1,1,0,0.39,0.3857142925262451,1,1
6,3,6,27,111000000001011001110010000100,1,1,0,0.59,0.9130434989929199,7,5
6,3,7,1,011110010000001001110010000100,1,1,0,0.6,0.2222222238779068,7,5
6,3,7,2,011110010000001001110010000100,1,1,0,0.36,0.3252032399177551,6,4
6,3,7,3,011110010000001001110010000100,1,1,0,0.53,0.9090909361839294,7,5
6,3,7,4,011110010000001001110010000100,1,1,0,0.32,0.6944444179534912,5,3
6,3,7,7,011110010000001001110010000100,1,1,0,0.16,0.2786885201931,6,2
6,3,7,14,011110010000001001110010000100,1,1,0,0.48,0.14473684132099152,6,4
6,3,7,17,011110010000001001110010000100,1,1,0,0.33,0.0,7,3
6,3,7,18,011110010000001001110010000100,1,1,0,0.52,0.4047619104385376,7,4
6,3,7,19,011110010000001001110010000100,1,1,0,0.45,0.09090909361839294,6,5
6,3,7,22,011110010000001001110010000100,1,1,0,0.39,0.3857142925262451,1,1
6,3,7,27,011110010000001001110010000100,1,1,0,0.59,0.9130434989929199,7,5
6,3,8,4,000010011110101101101010110011,1,1,0,0.32,0.6944444179534912,5,3
6,3,8,7,000010011110101101101010110011,1,1,0,0.16,0.2786885201931,6,2
6,3,8,8,000010011110101101101010110011,1,1,0,0.61,0.8518518805503845,5,5
6,3,8,9,000010011110101101101010110011,1,1,0,0.24,0.39080458879470825,6,2
6,3,8,10,000010011110101101101010110011,1,1,0,0.32,0.8181818127632141,7,3
6,3,8,12,000010011110101101101010110011,1,1,0,0.5,0.35087719559669495,7,6
6,3,8,14,000010011110101101101010110011,1,1,0,0.48,0.14473684132099152,6,4
6,3,8,15,000010011110101101101010110011,1,1,0,0.45,0.3199999928474426,7,3
6,3,8,17,000010011110101101101010110011,1,1,0,0.33,0.0,7,3
6,3,8,18,000010011110101101101010110011,1,1,0,0.52,0.4047619104385376,7,4
6,3,8,20,000010011110101101101010110011,1,1,0,0.64,0.970588207244873,6,4
6,3,8,22,000010011110101101101010110011,1,1,0,0.39,0.3857142925262451,1,1
6,3,8,24,000010011110101101101010110011,1,1,0,0.21,0.6896551847457886,5,2
6,3,8,25,000010011110101101101010110011,1,1,0,0.55,0.06862745434045792,5,3
6,3,8,28,000010011110101101101010110011,1,1,0,0.5,0.8965517282485962,3,2
6,3,8,29,000010011110101101101010110011,1,1,0,0.12,0.488095223903656,7,3
6,3,9,0,101000010101001011110001111110,1,1,0,0.4,0.25757575035095215,1,1
6,3,9,2,101000010101001011110001111110,1,1,0,0.36,0.3252032399177551,6,4
6,3,9,7,101000010101001011110001111110,1,1,0,0.16,0.2786885201931,6,2
6,3,9,9,101000010101001011110001111110,1,1,0,0.24,0.39080458879470825,6,2
6,3,9,11,101000010101001011110001111110,1,1,0,0.65,0.9285714030265808,6,5
6,3,9,14,101000010101001011110001111110,1,1,0,0.48,0.14473684132099152,6,4
6,3,9,16,101000010101001011110001111110,1,1,0,0.29,0.7894737124443054,7,3
6,3,9,17,101000010101001011110001111110,1,1,0,0.33,0.0,7,3
6,3,9,18,101000010101001011110001111110,1,1,0,0.52,0.4047619104385376,7,4
6,3,9,19,101000010101001011110001111110,1,1,0,0.45,0.09090909361839294,6,5
6,3,9,23,101000010101001011110001111110,1,1,0,0.49,0.8606557250022888,7,3
6,3,9,24,101000010101001011110001111110,1,1,0,0.21,0.6896551847457886,5,2
6,3,9,25,101000010101001011110001111110,1,1,0,0.55,0.06862745434045792,5,3
6,3,9,26,101000010101001011110001111110,1,1,0,0.29,0.42105263471603394,6,4
6,3,9,27,101000010101001011110001111110,1,1,0,0.59,0.9130434989929199,7,5
6,3,9,28,101000010101001011110001111110,1,1,0,0.5,0.8965517282485962,3,2
6,3,10,2,001111110010111000100101000110,1,1,0,0.36,0.3252032399177551,6,4
6,3,10,3,001111110010111000100101000110,1,1,0,0.53,0.9090909361839294,7,5
6,3,10,4,001111110010111000100101000110,1,1,0,0.32,0.6944444179534912,5,3
6,3,10,5,001111110010111000100101000110,1,1,0,0.6,0.7916666865348816,5,5
6,3,10,6,001111110010111000100101000110,1,1,0,0.39,0.6173912882804871,5,3
6,3,10,7,001111110010111000100101000110,1,1,0,0.16,0.2786885201931,6,2
6,3,10,10,001111110010111000100101000110,1,1,0,0.32,0.8181818127632141,7,3
6,3,10,12,001111110010111000100101000110,1,1,0,0.5,0.35087719559669495,7,6
6,3,10,13,001111110010111000100101000110,1,1,0,0.57,0.9756097793579102,7,3
6,3,10,14,001111110010111000100101000110,1,1,0,0.48,0.14473684132099152,6,4
6,3,10,18,001111110010111000100101000110,1,1,0,0.52,0.4047619104385376,7,4
6,3,10,21,001111110010111000100101000110,1,1,0,0.64,0.6648044586181641,7,4
6,3,10,23,001111110010111000100101000110,1,1,0,0.49,0.8606557250022888,7,3
6,3,10,27,001111110010111000100101000110,1,1,0,0.59,0.9130434989929199,7,5
6,3,10,28,001111110010111000100101000110,1,1,0,0.5,0.8965517282485962,3,2
6,3,11,2,001000111011011000100101000110,1,1,0,0.36,0.3252032399177551,6,4
6,3,11,6,001000111011011000100101000110,1,1,0,0.39,0.6173912882804871,5,3
6,3,11,7,001000111011011000100101000110,1,1,0,0.16,0.2786885201931,6,2
6,3,11,8,001000111011011000100101000110,1,1,0,0.61,0.8518518805503845,5,5
6,3,11,10,001000111011011000100101000110,1,1,0,0.32,0.8181818127632141,7,3
6,3,11,11,001000111011011000100101000110,1,1,0,0.65,0.9285714030265808,6,5
6,3,11,13,001000111011011000100101000110,1,1,0,0.57,0.9756097793579102,7,3
6,3,11,14,001000111011011000100101000110,1,1,0,0.48,0.14473684132099152,6,4
6,3,11,18,001000111011011000100101000110,1,1,0,0.52,0.4047619104385376,7,4
6,3,11,21,001000111011011000100101000110,1,1,0,0.64,0.6648044586181641,7,4
6,3,11,23,001000111011011000100101000110,1,1,0,0.49,0.8606557250022888,7,3
6,3,11,27,001000111011011000100101000110,1,1,0,0.59,0.9130434989929199,7,5
6,3,11,28,001000111011011000100101000110,1,1,0,0.5,0.8965517282485962,3,2
6,3,12,0,111110000001011101110000001101,1,1,0,0.4,0.25757575035095215,1,1
6,3,12,1,111110000001011101110000001101,1,1,0,0.6,0.2222222238779068,7,5
6,3,12,2,111110000001011101110000001101,1,1,0,0.36,0.3252032399177551,6,4
6,3,12,3,111110000001011101110000001101,1,1,0,0.53,0.9090909361839294,7,5
6,3,12,4,111110000001011101110000001101,1,1,0,0.32,0.6944444179534912,5,3
6,3,12,11,111110000001011101110000001101,1,1,0,0.65,0.9285714030265808,6,5
6,3,12,13,111110000001011101110000001101,1,1,0,0.57,0.9756097793579102,7,3
6,3,12,14,111110000001011101110000001101,1,1,0,0.48,0.14473684132099152,6,4
6,3,12,15,111110000001011101110000001101,1,1,0,0.45,0.3199999928474426,7,3
6,3,12,17,111110000001011101110000001101,1,1,0,0.33,0.0,7,3
6,3,12,18,111110000001011101110000001101,1,1,0,0.52,0.4047619104385376,7,4
6,3,12,19,111110000001011101110000001101,1,1,0,0.45,0.09090909361839294,6,5
6,3,12,26,111110000001011101110000001101,1,1,0,0.29,0.42105263471603394,6,4
6,3,12,27,111110000001011101110000001101,1,1,0,0.59,0.9130434989929199,7,5
6,3,12,29,111110000001011101110000001101,1,1,0,0.12,0.488095223903656,7,3
6,3,13,0,101001001000100000000101000110,1,1,0,0.4,0.25757575035095215,1,1
6,3,13,2,101001001000100000000101000110,1,1,0,0.36,0.3252032399177551,6,4
6,3,13,5,101001001000100000000101000110,1,1,0,0.6,0.7916666865348816,5,5
6,3,13,8,101001001000100000000101000110,1,1,0,0.61,0.8518518805503845,5,5
6,3,13,12,101001001000100000000101000110,1,1,0,0.5,0.35087719559669495,7,6
6,3,13,21,101001001000100000000101000110,1,1,0,0.64,0.6648044586181641,7,4
6,3,13,23,101001001000100000000101000110,1,1,0,0.49,0.8606557250022888,7,3
6,3,13,27,101001001000100000000101000110,1,1,0,0.59,0.9130434989929199,7,5
6,3,13,28,101001001000100000000101000110,1,1,0,0.5,0.8965517282485962,3,2
6,3,14,4,000010011110101001110010110011,1,1,0,0.32,0.6944444179534912,5,3
6,3,14,7,000010011110101001110010110011,1,1,0,0.16,0.2786885201931,6,2
6,3,14,8,000010011110101001110010110011,1,1,0,0.61,0.8518518805503845,5,5
6,3,14,9,000010011110101001110010110011,1,1,0,0.24,0.39080458879470825,6,2
6,3,14,10,000010011110101001110010110011,1,1,0,0.32,0.8181818127632141,7,3
6,3,14,12,000010011110101001110010110011,1,1,0,0.5,0.35087719559669495,7,6
6,3,14,14,000010011110101001110010110011,1,1,0,0.48,0.14473684132099152,6,4
6,3,14,17,000010011110101001110010110011,1,1,0,0.33,0.0,7,3
6,3,14,18,000010011110101001110010110011,1,1,0,0.52,0.4047619104385376,7,4
6,3,14,19,000010011110101001110010110011,1,1,0,0.45,0.09090909361839294,6,5
6,3,14,22,000010011110101001110010110011,1,1,0,0.39,0.3857142925262451,1,1
6,3,14,24,000010011110101001110010110011,1,1,0,0.21,0.6896551847457886,5,2
6,3,14,25,000010011110101001110010110011,1,1,0,0.55,0.06862745434045792,5,3
6,3,14,28,000010011110101001110010110011,1,1,0,0.5,0.8965517282485962,3,2
6,3,14,29,000010011110101001110010110011,1,1,0,0.12,0.488095223903656,7,3
6,3,15,2,001101101111011110101101010010,1,1,0,0.36,0.3252032399177551,6,4
6,3,15,3,001101101111011110101101010010,1,1,0,0.53,0.9090909361839294,7,5
6,3,15,5,001101101111011110101101010010,1,1,0,0.6,0.7916666865348816,5,5
6,3,15,6,001101101111011110101101010010,1,1,0,0.39,0.6173912882804871,5,3
6,3,15,8,001101101111011110101101010010,1,1,0,0.61,0.8518518805503845,5,5
6,3,15,9,001101101111011110101101010010,1,1,0,0.24,0.39080458879470825,6,2
6,3,15,10,001101101111011110101101010010,1,1,0,0.32,0.8181818127632141,7,3
6,3,15,11,001101101111011110101101010010,1,1,0,0.65,0.9285714030265808,6,5
6,3,15,13,001101101111011110101101010010,1,1,0,0.57,0.9756097793579102,7,3
6,3,15,14,001101101111011110101101010010,1,1,0,0.48,0.14473684132099152,6,4
6,3,15,15,001101101111011110101101010010,1,1,0,0.45,0.3199999928474426,7,3
6,3,15,16,001101101111011110101101010010,1,1,0,0.29,0.7894737124443054,7,3
6,3,15,18,001101101111011110101101010010,1,1,0,0.52,0.4047619104385376,7,4
6,3,15,20,001101101111011110101101010010,1,1,0,0.64,0.970588207244873,6,4
6,3,15,21,001101101111011110101101010010,1,1,0,0.64,0.6648044586181641,7,4
6,3,15,23,001101101111011110101101010010,1,1,0,0.49,0.8606557250022888,7,3
6,3,15,25,001101101111011110101101010010,1,1,0,0.55,0.06862745434045792,5,3
6,3,15,28,001101101111011110101101010010,1,1,0,0.5,0.8965517282485962,3,2
6,3,16,1,011101001000101000110111010010,1,1,0,0.6,0.2222222238779068,7,5
6,3,16,2,011101001000101000110111010010,1,1,0,0.36,0.3252032399177551,6,4
6,3,16,3,011101001000101000110111010010,1,1,0,0.53,0.9090909361839294,7,5
6,3,16,5,011101001000101000110111010010,1,1,0,0.6,0.7916666865348816,5,5
6,3,16,8,011101001000101000110111010010,1,1,0,0.61,0.8518518805503845,5,5
6,3,16,12,011101001000101000110111010010,1,1,0,0.5,0.35087719559669495,7,6
6,3,16,14,011101001000101000110111010010,1,1,0,0.48,0.14473684132099152,6,4
6,3,16,18,011101001000101000110111010010,1,1,0,0.52,0.4047619104385376,7,4
6,3,16,19,011101001000101000110111010010,1,1,0,0.45,0.09090909361839294,6,5
6,3,16,21,011101001000101000110111010010,1,1,0,0.64,0.6648044586181641,7,4
6,3,16,22,011101001000101000110111010010,1,1,0,0.39,0.3857142925262451,1,1
6,3,16,23,011101001000101000110111010010,1,1,0,0.49,0.8606557250022888,7,3
6,3,16,25,011101001000101000110111010010,1,1,0,0.55,0.06862745434045792,5,3
6,3,16,28,011101001000101000110111010010,1,1,0,0.5,0.8965517282485962,3,2
6,3,17,0,111000111111111010100110000000,1,1,0,0.4,0.25757575035095215,1,1
6,3,17,1,111000111111111010100110000000,1,1,0,0.6,0.2222222238779068,7,5
6,3,17,2,111000111111111010100110000000,1,1,0,0.36,0.3252032399177551,6,4
6,3,17,6,111000111111111010100110000000,1,1,0,0.39,0.6173912882804871,5,3
6,3,17,7,111000111111111010100110000000,1,1,0,0.16,0.2786885201931,6,2
6,3,17,8,111000111111111010100110000000,1,1,0,0.61,0.8518518805503845,5,5
6,3,17,9,111000111111111010100110000000,1,1,0,0.24,0.39080458879470825,6,2
6,3,17,10,111000111111111010100110000000,1,1,0,0.32,0.8181818127632141,7,3
6,3,17,11,111000111111111010100110000000,1,1,0,0.65,0.9285714030265808,6,5
6,3,17,12,111000111111111010100110000000,1,1,0,0.5,0.35087719559669495,7,6
6,3,17,13,111000111111111010100110000000,1,1,0,0.57,0.9756097793579102,7,3
6,3,17,14,111000111111111010100110000000,1,1,0,0.48,0.14473684132099152,6,4
6,3,17,16,111000111111111010100110000000,1,1,0,0.29,0.7894737124443054,7,3
6,3,17,18,111000111111111010100110000000,1,1,0,0.52,0.4047619104385376,7,4
6,3,17,21,111000111111111010100110000000,1,1,0,0.64,0.6648044586181641,7,4
6,3,17,22,111000111111111010100110000000,1,1,0,0.39,0.3857142925262451,1,1
6,4,0,2,001111101111111000110101000110,1,1,0,0.36,0.3252032399177551,6,4
6,4,0,3,001111101111111000110101000110,1,1,0,0.53,0.9090909361839294,7,5
6,4,0,4,001111101111111000110101000110,1,1,0,0.32,0.6944444179534912,5,3
6,4,0,5,001111101111111000110101000110,1,1,0,0.6,0.7916666865348816,5,5
6,4,0,6,001111101111111000110101000110,1,1,0,0.39,0.6173912882804871,5,3
6,4,0,8,001111101111111000110101000110,1,1,0,0.61,0.8518518805503845,5,5
6,4,0,9,001111101111111000110101000110,1,1,0,0.24,0.39080458879470825,6,2
6,4,0,10,001111101111111000110101000110,1,1,0,0.32,0.8181818127632141,7,3
6,4,0,11,001111101111111000110101000110,1,1,0,0.65,0.9285714030265808,6,5
6,4,0,12,001111101111111000110101000110,1,1,0,0.5,0.35087719559669495,7,6
6,4,0,13,001111101111111000110101000110,1,1,0,0.57,0.9756097793579102,7,3
6,4,0,14,001111101111111000110101000110,1,1,0,0.48,0.14473684132099152,6,4
6,4,0,18,001111101111111000110101000110,1,1,0,0.52,0.4047619104385376,7,4
6,4,0,19,001111101111111000110101000110,1,1,0,0.45,0.09090909361839294,6,5
6,4,0,21,001111101111111000110101000110,1,1,0,0.64,0.6648044586181641,7,4
6,4,0,23,001111101111111000110101000110,1,1,0,0.49,0.8606557250022888,7,3
6,4,0,27,001111101111111000110101000110,1,1,0,0.59,0.9130434989929199,7,5
6,4,0,28,001111101111111000110101000110,1,1,0,0.5,0.8965517282485962,3,2
6,4,1,2,001001101111111101100000010110,1,1,0,0.36,0.3252032399177551,6,4
6,4,1,5,001001101111111101100000010110,1,1,0,0.6,0.7916666865348816,5,5
6,4,1,6,001001101111111101100000010110,1,1,0,0.39,0.6173912882804871,5,3
6,4,1,8,001001101111111101100000010110,1,1,0,0.61,0.8518518805503845,5,5
6,4,1,9,001001101111111101100000010110,1,1,0,0.24,0.39080458879470825,6,2
6,4,1,10,001001101111111101100000010110,1,1,0,0.32,0.8181818127632141,7,3
6,4,1,11,001001101111111101100000010110,1,1,0,0.65,0.9285714030265808,6,5
6,4,1,12,001001101111111101100000010110,1,1,0,0.5,0.35087719559669495,7,6
6,4,1,13,001001101111111101100000010110,1,1,0,0.57,0.9756097793579102,7,3
6,4,1,14,001001101111111101100000010110,1,1,0,0.48,0.14473684132099152,6,4
6,4,1,15,001001101111111101100000010110,1,1,0,0.45,0.3199999928474426,7,3
6,4,1,17,001001101111111101100000010110,1,1,0,0.33,0.0,7,3
6,4,1,18,001001101111111101100000010110,1,1,0,0.52,0.4047619104385376,7,4
6,4,1,25,001001101111111101100000010110,1,1,0,0.55,0.06862745434045792,5,3
6,4,1,27,001001101111111101100000010110,1,1,0,0.59,0.9130434989929199,7,5
6,4,1,28,001001101111111101100000010110,1,1,0,0.5,0.8965517282485962,3,2
6,4,2,0,111000000001011001110010000100,1,1,0,0.4,0.25757575035095215,1,1
6,4,2,1,111000000001011001110010000100,1,1,0,0.6,0.2222222238779068,7,5
6,4,2,2,111000000001011001110010000100,1,1,0,0.36,0.3252032399177551,6,4
6,4,2,11,111000000001011001110010000100,1,1,0,0.65,0.9285714030265808,6,5
6,4,2,13,111000000001011001110010000100,1,1,0,0.57,0.9756097793579102,7,3
6,4,2,14,111000000001011001110010000100,1,1,0,0.48,0.14473684132099152,6,4
6,4,2,17,111000000001011001110010000100,1,1,0,0.33,0.0,7,3
6,4,2,18,111000000001011001110010000100,1,1,0,0.52,0.4047619104385376,7,4
6,4,2,19,111000000001011001110010000100,1,1,0,0.45,0.09090909361839294,6,5
6,4,2,22,111000000001011001110010000100,1,1,0,0.39,0.3857142925262451,1,1
6,4,2,27,111000000001011001110010000100,1,1,0,0.59,0.9130434989929199,7,5
6,4,3,1,011110010000001001110010000100,1,1,0,0.6,0.2222222238779068,7,5
6,4,3,2,011110010000001001110010000100,1,1,0,0.36,0.3252032399177551,6,4
6,4,3,3,011110010000001001110010000100,1,1,0,0.53,0.9090909361839294,7,5
6,4,3,4,011110010000001001110010000100,1,1,0,0.32,0.6944444179534912,5,3
6,4,3,7,011110010000001001110010000100,1,1,0,0.16,0.2786885201931,6,2
6,4,3,14,011110010000001001110010000100,1,1,0,0.48,0.14473684132099152,6,4
6,4,3,17,011110010000001001110010000100,1,1,0,0.33,0.0,7,3
6,4,3,18,011110010000001001110010000100,1,1,0,0.52,0.4047619104385376,7,4
6,4,3,19,011110010000001001110010000100,1,1,0,0.45,0.09090909361839294,6,5
6,4,3,22,011110010000001001110010000100,1,1,0,0.39,0.3857142925262451,1,1
6,4,3,27,011110010000001001110010000100,1,1,0,0.59,0.9130434989929199,7,5
6,4,4,4,000010011110101101101010110011,1,1,0,0.32,0.6944444179534912,5,3
6,4,4,7,000010011110101101101010110011,1,1,0,0.16,0.2786885201931,6,2
6,4,4,8,000010011110101101101010110011,1,1,0,0.61,0.8518518805503845,5,5
6,4,4,9,000010011110101101101010110011,1,1,0,0.24,0.39080458879470825,6,2
6,4,4,10,000010011110101101101010110011,1,1,0,0.32,0.8181818127632141,7,3
6,4,4,12,000010011110101101101010110011,1,1,0,0.5,0.35087719559669495,7,6
6,4,4,14,000010011110101101101010110011,1,1,0,0.48,0.14473684132099152,6,4
6,4,4,15,000010011110101101101010110011,1,1,0,0.45,0.3199999928474426,7,3
6,4,4,17,000010011110101101101010110011,1,1,0,0.33,0.0,7,3
6,4,4,18,000010011110101101101010110011,1,1,0,0.52,0.4047619104385376,7,4
6,4,4,20,000010011110101101101010110011,1,1,0,0.64,0.970588207244873,6,4
6,4,4,22,000010011110101101101010110011,1,1,0,0.39,0.3857142925262451,1,1
6,4,4,24,000010011110101101101010110011,1,1,0,0.21,0.6896551847457886,5,2
6,4,4,25,000010011110101101101010110011,1,1,0,0.55,0.06862745434045792,5,3
6,4,4,28,000010011110101101101010110011,1,1,0,0.5,0.8965517282485962,3,2
6,4,4,29,000010011110101101101010110011,1,1,0,0.12,0.488095223903656,7,3
6,4,5,2,001111110010111000100101000110,1,1,0,0.36,0.3252032399177551,6,4
6,4,5,3,001111110010111000100101000110,1,1,0,0.53,0.9090909361839294,7,5
6,4,5,4,001111110010111000100101000110,1,1,0,0.32,0.6944444179534912,5,3
6,4,5,5,001111110010111000100101000110,1,1,0,0.6,0.7916666865348816,5,5
6,4,5,6,001111110010111000100101000110,1,1,0,0.39,0.6173912882804871,5,3
6,4,5,7,001111110010111000100101000110,1,1,0,0.16,0.2786885201931,6,2
6,4,5,10,001111110010111000100101000110,1,1,0,0.32,0.8181818127632141,7,3
6,4,5,12,001111110010111000100101000110,1,1,0,0.5,0.35087719559669495,7,6
6,4,5,13,001111110010111000100101000110,1,1,0,0.57,0.9756097793579102,7,3
6,4,5,14,001111110010111000100101000110,1,1,0,0.48,0.14473684132099152,6,4
6,4,5,18,001111110010111000100101000110,1,1,0,0.52,0.4047619104385376,7,4
6,4,5,21,001111110010111000100101000110,1,1,0,0.64,0.6648044586181641,7,4
6,4,5,23,001111110010111000100101000110,1,1,0,0.49,0.8606557250022888,7,3
6,4,5,27,001111110010111000100101000110,1,1,0,0.59,0.9130434989929199,7,5
6,4,5,28,001111110010111000100101000110,1,1,0,0.5,0.8965517282485962,3,2
6,4,6,2,001000111011011000100101000110,1,1,0,0.36,0.3252032399177551,6,4
6,4,6,6,001000111011011000100101000110,1,1,0,0.39,0.6173912882804871,5,3
6,4,6,7,001000111011011000100101000110,1,1,0,0.16,0.2786885201931,6,2
6,4,6,8,001000111011011000100101000110,1,1,0,0.61,0.8518518805503845,5,5
6,4,6,10,001000111011011000100101000110,1,1,0,0.32,0.8181818127632141,7,3
6,4,6,11,001000111011011000100101000110,1,1,0,0.65,0.9285714030265808,6,5
6,4,6,13,001000111011011000100101000110,1,1,0,0.57,0.9756097793579102,7,3
6,4,6,14,001000111011011000100101000110,1,1,0,0.48,0.14473684132099152,6,4
6,4,6,18,001000111011011000100101000110,1,1,0,0.52,0.4047619104385376,7,4
6,4,6,21,001000111011011000100101000110,1,1,0,0.64,0.6648044586181641,7,4
6,4,6,23,001000111011011000100101000110,1,1,0,0.49,0.8606557250022888,7,3
6,4,6,27,001000111011011000100101000110,1,1,0,0.59,0.9130434989929199,7,5
6,4,6,28,001000111011011000100101000110,1,1,0,0.5,0.8965517282485962,3,2
6,4,7,0,101001001000100000000101000110,1,1,0,0.4,0.25757575035095215,1,1
6,4,7,2,101001001000100000000101000110,1,1,0,0.36,0.3252032399177551,6,4
6,4,7,5,101001001000100000000101000110,1,1,0,0.6,0.7916666865348816,5,5
6,4,7,8,101001001000100000000101000110,1,1,0,0.61,0.8518518805503845,5,5
6,4,7,12,101001001000100000000101000110,1,1,0,0.5,0.35087719559669495,7,6
6,4,7,21,101001001000100000000101000110,1,1,0,0.64,0.6648044586181641,7,4
6,4,7,23,101001001000100000000101000110,1,1,0,0.49,0.8606557250022888,7,3
6,4,7,27,101001001000100000000101000110,1,1,0,0.59,0.9130434989929199,7,5
6,4,7,28,101001001000100000000101000110,1,1,0,0.5,0.8965517282485962,3,2
6,4,8,2,001101101111011110101101010010,1,1,0,0.36,0.3252032399177551,6,4
6,4,8,3,001101101111011110101101010010,1,1,0,0.53,0.9090909361839294,7,5
6,4,8,5,001101101111011110101101010010,1,1,0,0.6,0.7916666865348816,5,5
6,4,8,6,001101101111011110101101010010,1,1,0,0.39,0.6173912882804871,5,3
6,4,8,8,001101101111011110101101010010,1,1,0,0.61,0.8518518805503845,5,5
6,4,8,9,001101101111011110101101010010,1,1,0,0.24,0.39080458879470825,6,2
6,4,8,10,001101101111011110101101010010,1,1,0,0.32,0.8181818127632141,7,3
6,4,8,11,001101101111011110101101010010,1,1,0,0.65,0.9285714030265808,6,5
6,4,8,13,001101101111011110101101010010,1,1,0,0.57,0.9756097793579102,7,3
6,4,8,14,001101101111011110101101010010,1,1,0,0.48,0.14473684132099152,6,4
6,4,8,15,001101101111011110101101010010,1,1,0,0.45,0.3199999928474426,7,3
6,4,8,16,001101101111011110101101010010,1,1,0,0.29,0.7894737124443054,7,3
6,4,8,18,001101101111011110101101010010,1,1,0,0.52,0.4047619104385376,7,4
6,4,8,20,001101101111011110101101010010,1,1,0,0.64,0.970588207244873,6,4
6,4,8,21,001101101111011110101101010010,1,1,0,0.64,0.6648044586181641,7,4
6,4,8,23,001101101111011110101101010010,1,1,0,0.49,0.8606557250022888,7,3
6,4,8,25,001101101111011110101101010010,1,1,0,0.55,0.06862745434045792,5,3
6,4,8,28,001101101111011110101101010010,1,1,0,0.5,0.8965517282485962,3,2
6,4,9,1,011101001000101000110111010010,1,1,0,0.6,0.2222222238779068,7,5
6,4,9,2,011101001000101000110111010010,1,1,0,0.36,0.3252032399177551,6,4
6,4,9,3,011101001000101000110111010010,1,1,0,0.53,0.9090909361839294,7,5
6,4,9,5,011101001000101000110111010010,1,1,0,0.6,0.7916666865348816,5,5
6,4,9,8,011101001000101000110111010010,1,1,0,0.61,0.8518518805503845,5,5
6,4,9,12,011101001000101000110111010010,1,1,0,0.5,0.35087719559669495,7,6
6,4,9,14,011101001000101000110111010010,1,1,0,0.48,0.14473684132099152,6,4
6,4,9,18,011101001000101000110111010010,1,1,0,0.52,0.4047619104385376,7,4
6,4,9,19,011101001000101000110111010010,1,1,0,0.45,0.09090909361839294,6,5
6,4,9,21,011101001000101000110111010010,1,1,0,0.64,0.6648044586181641,7,4
6,4,9,22,011101001000101000110111010010,1,1,0,0.39,0.3857142925262451,1,1
6,4,9,23,011101001000101000110111010010,1,1,0,0.49,0.8606557250022888,7,3
6,4,9,25,011101001000101000110111010010,1,1,0,0.55,0.06862745434045792,5,3
6,4,9,28,011101001000101000110111010010,1,1,0,0.5,0.8965517282485962,3,2
6,4,10,0,111000111111111010100110000000,1,1,0,0.4,0.25757575035095215,1,1
6,4,10,1,111000111111111010100110000000,1,1,0,0.6,0.2222222238779068,7,5
6,4,10,2,111000111111111010100110000000,1,1,0,0.36,0.3252032399177551,6,4
6,4,10,6,111000111111111010100110000000,1,1,0,0.39,0.6173912882804871,5,3
6,4,10,7,111000111111111010100110000000,1,1,0,0.16,0.2786885201931,6,2
6,4,10,8,111000111111111010100110000000,1,1,0,0.61,0.8518518805503845,5,5
6,4,10,9,111000111111111010100110000000,1,1,0,0.24,0.39080458879470825,6,2
6,4,10,10,111000111111111010100110000000,1,1,0,0.32,0.8181818127632141,7,3
6,4,10,11,111000111111111010100110000000,1,1,0,0.65,0.9285714030265808,6,5
6,4,10,12,111000111111111010100110000000,1,1,0,0.5,0.35087719559669495,7,6
6,4,10,13,111000111111111010100110000000,1,1,0,0.57,0.9756097793579102,7,3
6,4,10,14,111000111111111010100110000000,1,1,0,0.48,0.14473684132099152,6,4
6,4,10,16,111000111111111010100110000000,1,1,0,0.29,0.7894737124443054,7,3
6,4,10,18,111000111111111010100110000000,1,1,0,0.52,0.4047619104385376,7,4
6,4,10,21,111000111111111010100110000000,1,1,0,0.64,0.6648044586181641,7,4
6,4,10,22,111000111111111010100110000000,1,1,0,0.39,0.3857142925262451,1,1
6,4,11,3,000100001010111000100101000010,1,1,0,0.53,0.9090909361839294,7,5
6,4,11,8,000100001010111000100101000010,1,1,0,0.61,0.8518518805503845,5,5
6,4,11,10,000100001010111000100101000010,1,1,0,0.32,0.8181818127632141,7,3
6,4,11,12,000100001010111000100101000010,1,1,0,0.5,0.35087719559669495,7,6
6,4,11,13,000100001010111000100101000010,1,1,0,0.57,0.9756097793579102,7,3
6,4,11,14,000100001010111000100101000010,1,1,0,0.48,0.14473684132099152,6,4
6,4,11,18,000100001010111000100101000010,1,1,0,0.52,0.4047619104385376,7,4
6,4,11,21,000100001010111000100101000010,1,1,0,0.64,0.6648044586181641,7,4
6,4,11,23,000100001010111000100101000010,1,1,0,0.49,0.8606557250022888,7,3
6,4,11,28,000100001010111000100101000010,1,1,0,0.5,0.8965517282485962,3,2
6,4,12,1,010000101010011000100101000110,1,1,0,0.6,0.2222222238779068,7,5
6,4,12,6,010000101010011000100101000110,1,1,0,0.39,0.6173912882804871,5,3
6,4,12,8,010000101010011000100101000110,1,1,0,0.61,0.8518518805503845,5,5
6,4,12,10,010000101010011000100101000110,1,1,0,0.32,0.8181818127632141,7,3
6,4,12,13,010000101010011000100101000110,1,1,0,0.57,0.9756097793579102,7,3
6,4,12,14,010000101010011000100101000110,1,1,0,0.48,0.14473684132099152,6,4
6,4,12,18,010000101010011000100101000110,1,1,0,0.52,0.4047619104385376,7,4
6,4,12,21,010000101010011000100101000110,1,1,0,0.64,0.6648044586181641,7,4
6,4,12,23,010000101010011000100101000110,1,1,0,0.49,0.8606557250022888,7,3
6,4,12,27,010000101010011000100101000110,1,1,0,0.59,0.9130434989929199,7,5
6,4,12,28,010000101010011000100101000110,1,1,0,0.5,0.8965517282485962,3,2
6,4,13,1,010101010000101001110010000100,1,1,0,0.6,0.2222222238779068,7,5
6,4,13,3,010101010000101001110010000100,1,1,0,0.53,0.9090909361839294,7,5
6,4,13,5,010101010000101001110010000100,1,1,0,0.6,0.7916666865348816,5,5
6,4,13,7,010101010000101001110010000100,1,1,0,0.16,0.2786885201931,6,2
6,4,13,12,010101010000101001110010000100,1,1,0,0.5,0.35087719559669495,7,6
6,4,13,14,010101010000101001110010000100,1,1,0,0.48,0.14473684132099152,6,4
6,4,13,17,010101010000101001110010000100,1,1,0,0.33,0.0,7,3
6,4,13,18,010101010000101001110010000100,1,1,0,0.52,0.4047619104385376,7,4
6,4,13,19,010101010000101001110010000100,1,1,0,0.45,0.09090909361839294,6,5
6,4,13,22,010101010000101001110010000100,1,1,0,0.39,0.3857142925262451,1,1
6,4,13,27,010101010000101001110010000100,1,1,0,0.59,0.9130434989929199,7,5
6,4,14,1,011011011011111000100101001001,1,1,0,0.6,0.2222222238779068,7,5
6,4,14,2,011011011011111000100101001001,1,1,0,0.36,0.3252032399177551,6,4
6,4,14,4,011011011011111000100101001001,1,1,0,0.32,0.6944444179534912,5,3
6,4,14,5,011011011011111000100101001001,1,1,0,0.6,0.7916666865348816,5,5
6,4,14,7,011011011011111000100101001001,1,1,0,0.16,0.2786885201931,6,2
6,4,14,8,011011011011111000100101001001,1,1,0,0.61,0.8518518805503845,5,5
6,4,14,10,011011011011111000100101001001,1,1,0,0.32,0.8181818127632141,7,3
6,4,14,11,011011011011111000100101001001,1,1,0,0.65,0.9285714030265808,6,5
6,4,14,12,011011011011111000100101001001,1,1,0,0.5,0.35087719559669495,7,6
6,4,14,13,011011011011111000100101001001,1,1,0,0.57,0.9756097793579102,7,3
6,4,14,14,011011011011111000100101001001,1,1,0,0.48,0.14473684132099152,6,4
6,4,14,18,011011011011111000100101001001,1,1,0,0.52,0.4047619104385376,7,4
6,4,14,21,011011011011111000100101001001,1,1,0,0.64,0.6648044586181641,7,4
6,4,14,23,011011011011111000100101001001,1,1,0,0.49,0.8606557250022888,7,3
6,4,14,26,011011011011111000100101001001,1,1,0,0.29,0.42105263471603394,6,4
6,4,14,29,011011011011111000100101001001,1,1,0,0.12,0.488095223903656,7,3
6,4,15,0,100010011100101000110111010000,1,1,0,0.4,0.25757575035095215,1,1
6,4,15,4,100010011100101000110111010000,1,1,0,0.32,0.6944444179534912,5,3
6,4,15,7,100010011100101000110111010000,1,1,0,0.16,0.2786885201931,6,2
6,4,15,8,100010011100101000110111010000,1,1,0,0.61,0.8518518805503845,5,5
6,4,15,9,100010011100101000110111010000,1,1,0,0.24,0.39080458879470825,6,2
6,4,15,12,100010011100101000110111010000,1,1,0,0.5,0.35087719559669495,7,6
6,4,15,14,100010011100101000110111010000,1,1,0,0.48,0.14473684132099152,6,4
6,4,15,18,100010011100101000110111010000,1,1,0,0.52,0.4047619104385376,7,4
6,4,15,19,100010011100101000110111010000,1,1,0,0.45,0.09090909361839294,6,5
6,4,15,21,100010011100101000110111010000,1,1,0,0.64,0.6648044586181641,7,4
6,4,15,22,100010011100101000110111010000,1,1,0,0.39,0.3857142925262451,1,1
6,4,15,23,100010011100101000110111010000,1,1,0,0.49,0.8606557250022888,7,3
6,4,15,25,100010011100101000110111010000,1,1,0,0.55,0.06862745434045792,5,3
6,4,16,0,111000010000001001110010000100,1,1,0,0.4,0.25757575035095215,1,1
6,4,16,1,111000010000001001110010000100,1,1,0,0.6,0.2222222238779068,7,5
6,4,16,2,111000010000001001110010000100,1,1,0,0.36,0.3252032399177551,6,4
6,4,16,7,111000010000001001110010000100,1,1,0,0.16,0.2786885201931,6,2
6,4,16,14,111000010000001001110010000100,1,1,0,0.48,0.14473684132099152,6,4
6,4,16,17,111000010000001001110010000100,1,1,0,0.33,0.0,7,3
6,4,16,18,111000010000001001110010000100,1,1,0,0.52,0.4047619104385376,7,4
6,4,16,19,111000010000001001110010000100,1,1,0,0.45,0.09090909361839294,6,5
6,4,16,22,111000010000001001110010000100,1,1,0,0.39,0.3857142925262451,1,1
6,4,16,27,111000010000001001110010000100,1,1,0,0.59,0.9130434989929199,7,5
6,5,0,2,001111101111111000110101000110,1,1,0,0.36,0.3252032399177551,6,4
6,5,0,3,001111101111111000110101000110,1,1,0,0.53,0.9090909361839294,7,5
6,5,0,4,001111101111111000110101000110,1,1,0,0.32,0.6944444179534912,5,3
6,5,0,5,001111101111111000110101000110,1,1,0,0.6,0.7916666865348816,5,5
6,5,0,6,001111101111111000110101000110,1,1,0,0.39,0.6173912882804871,5,3
6,5,0,8,001111101111111000110101000110,1,1,0,0.61,0.8518518805503845,5,5
6,5,0,9,001111101111111000110101000110,1,1,0,0.24,0.39080458879470825,6,2
6,5,0,10,001111101111111000110101000110,1,1,0,0.32,0.8181818127632141,7,3
6,5,0,11,001111101111111000110101000110,1,1,0,0.65,0.9285714030265808,6,5
6,5,0,12,001111101111111000110101000110,1,1,0,0.5,0.35087719559669495,7,6
6,5,0,13,001111101111111000110101000110,1,1,0,0.57,0.9756097793579102,7,3
6,5,0,14,001111101111111000110101000110,1,1,0,0.48,0.14473684132099152,6,4
6,5,0,18,001111101111111000110101000110,1,1,0,0.52,0.4047619104385376,7,4
6,5,0,19,001111101111111000110101000110,1,1,0,0.45,0.09090909361839294,6,5
6,5,0,21,001111101111111000110101000110,1,1,0,0.64,0.6648044586181641,7,4
6,5,0,23,001111101111111000110101000110,1,1,0,0.49,0.8606557250022888,7,3
6,5,0,27,001111101111111000110101000110,1,1,0,0.59,0.9130434989929199,7,5
6,5,0,28,001111101111111000110101000110,1,1,0,0.5,0.8965517282485962,3,2
6,5,1,2,001001101111111101100000010110,1,1,0,0.36,0.3252032399177551,6,4
6,5,1,5,001001101111111101100000010110,1,1,0,0.6,0.7916666865348816,5,5
6,5,1,6,001001101111111101100000010110,1,1,0,0.39,0.6173912882804871,5,3
6,5,1,8,001001101111111101100000010110,1,1,0,0.61,0.8518518805503845,5,5
6,5,1,9,001001101111111101100000010110,1,1,0,0.24,0.39080458879470825,6,2
6,5,1,10,001001101111111101100000010110,1,1,0,0.32,0.8181818127632141,7,3
6,5,1,11,001001101111111101100000010110,1,1,0,0.65,0.9285714030265808,6,5
6,5,1,12,001001101111111101100000010110,1,1,0,0.5,0.35087719559669495,7,6
6,5,1,13,001001101111111101100000010110,1,1,0,0.57,0.9756097793579102,7,3
6,5,1,14,001001101111111101100000010110,1,1,0,0.48,0.14473684132099152,6,4
6,5,1,15,001001101111111101100000010110,1,1,0,0.45,0.3199999928474426,7,3
6,5,1,17,001001101111111101100000010110,1,1,0,0.33,0.0,7,3
6,5,1,18,001001101111111101100000010110,1,1,0,0.52,0.4047619104385376,7,4
6,5,1,25,001001101111111101100000010110,1,1,0,0.55,0.06862745434045792,5,3
6,5,1,27,001001101111111101100000010110,1,1,0,0.59,0.9130434989929199,7,5
6,5,1,28,001001101111111101100000010110,1,1,0,0.5,0.8965517282485962,3,2
6,5,2,0,111000000001011001110010000100,1,1,0,0.4,0.25757575035095215,1,1
6,5,2,1,111000000001011001110010000100,1,1,0,0.6,0.2222222238779068,7,5
6,5,2,2,111000000001011001110010000100,1,1,0,0.36,0.3252032399177551,6,4
6,5,2,11,111000000001011001110010000100,1,1,0,0.65,0.9285714030265808,6,5
6,5,2,13,111000000001011001110010000100,1,1,0,0.57,0.9756097793579102,7,3
6,5,2,14,111000000001011001110010000100,1,1,0,0.48,0.14473684132099152,6,4
6,5,2,17,111000000001011001110010000100,1,1,0,0.33,0.0,7,3
6,5,2,18,111000000001011001110010000100,1,1,0,0.52,0.4047619104385376,7,4
6,5,2,19,111000000001011001110010000100,1,1,0,0.45,0.09090909361839294,6,5
6,5,2,22,111000000001011001110010000100,1,1,0,0.39,0.3857142925262451,1,1
6,5,2,27,111000000001011001110010000100,1,1,0,0.59,0.9130434989929199,7,5
6,5,3,4,000010011110101101101010110011,1,1,0,0.32,0.6944444179534912,5,3
6,5,3,7,000010011110101101101010110011,1,1,0,0.16,0.2786885201931,6,2
6,5,3,8,000010011110101101101010110011,1,1,0,0.61,0.8518518805503845,5,5
6,5,3,9,000010011110101101101010110011,1,1,0,0.24,0.39080458879470825,6,2
6,5,3,10,000010011110101101101010110011,1,1,0,0.32,0.8181818127632141,7,3
6,5,3,12,000010011110101101101010110011,1,1,0,0.5,0.35087719559669495,7,6
6,5,3,14,000010011110101101101010110011,1,1,0,0.48,0.14473684132099152,6,4
6,5,3,15,000010011110101101101010110011,1,1,0,0.45,0.3199999928474426,7,3
6,5,3,17,000010011110101101101010110011,1,1,0,0.33,0.0,7,3
6,5,3,18,000010011110101101101010110011,1,1,0,0.52,0.4047619104385376,7,4
6,5,3,20,000010011110101101101010110011,1,1,0,0.64,0.970588207244873,6,4
6,5,3,22,000010011110101101101010110011,1,1,0,0.39,0.3857142925262451,1,1
6,5,3,24,000010011110101101101010110011,1,1,0,0.21,0.6896551847457886,5,2
6,5,3,25,000010011110101101101010110011,1,1,0,0.55,0.06862745434045792,5,3
6,5,3,28,000010011110101101101010110011,1,1,0,0.5,0.8965517282485962,3,2
6,5,3,29,000010011110101101101010110011,1,1,0,0.12,0.488095223903656,7,3
6,5,4,2,001111110010111000100101000110,1,1,0,0.36,0.3252032399177551,6,4
6,5,4,3,001111110010111000100101000110,1,1,0,0.53,0.9090909361839294,7,5
6,5,4,4,001111110010111000100101000110,1,1,0,0.32,0.6944444179534912,5,3
6,5,4,5,001111110010111000100101000110,1,1,0,0.6,0.7916666865348816,5,5
6,5,4,6,001111110010111000100101000110,1,1,0,0.39,0.6173912882804871,5,3
6,5,4,7,001111110010111000100101000110,1,1,0,0.16,0.2786885201931,6,2
6,5,4,10,001111110010111000100101000110,1,1,0,0.32,0.8181818127632141,7,3
6,5,4,12,001111110010111000100101000110,1,1,0,0.5,0.35087719559669495,7,6
6,5,4,13,001111110010111000100101000110,1,1,0,0.57,0.9756097793579102,7,3
6,5,4,14,001111110010111000100101000110,1,1,0,0.48,0.14473684132099152,6,4
6,5,4,18,001111110010111000100101000110,1,1,0,0.52,0.4047619104385376,7,4
6,5,4,21,001111110010111000100101000110,1,1,0,0.64,0.6648044586181641,7,4
6,5,4,23,001111110010111000100101000110,1,1,0,0.49,0.8606557250022888,7,3
6,5,4,27,001111110010111000100101000110,1,1,0,0.59,0.9130434989929199,7,5
6,5,4,28,001111110010111000100101000110,1,1,0,0.5,0.8965517282485962,3,2
6,5,5,2,001000111011011000100101000110,1,1,0,0.36,0.3252032399177551,6,4
6,5,5,6,001000111011011000100101000110,1,1,0,0.39,0.6173912882804871,5,3
6,5,5,7,001000111011011000100101000110,1,1,0,0.16,0.2786885201931,6,2
6,5,5,8,001000111011011000100101000110,1,1,0,0.61,0.8518518805503845,5,5
6,5,5,10,001000111011011000100101000110,1,1,0,0.32,0.8181818127632141,7,3
6,5,5,11,001000111011011000100101000110,1,1,0,0.65,0.9285714030265808,6,5
6,5,5,13,001000111011011000100101000110,1,1,0,0.57,0.9756097793579102,7,3
6,5,5,14,001000111011011000100101000110,1,1,0,0.48,0.14473684132099152,6,4
6,5,5,18,001000111011011000100101000110,1,1,0,0.52,0.4047619104385376,7,4
6,5,5,21,001000111011011000100101000110,1,1,0,0.64,0.6648044586181641,7,4
6,5,5,23,001000111011011000100101000110,1,1,0,0.49,0.8606557250022888,7,3
6,5,5,27,001000111011011000100101000110,1,1,0,0.59,0.9130434989929199,7,5
6,5,5,28,001000111011011000100101000110,1,1,0,0.5,0.8965517282485962,3,2
6,5,6,0,101001001000100000000101000110,1,1,0,0.4,0.25757575035095215,1,1
6,5,6,2,101001001000100000000101000110,1,1,0,0.36,0.3252032399177551,6,4
6,5,6,5,101001001000100000000101000110,1,1,0,0.6,0.7916666865348816,5,5
6,5,6,8,101001001000100000000101000110,1,1,0,0.61,0.8518518805503845,5,5
6,5,6,12,101001001000100000000101000110,1,1,0,0.5,0.35087719559669495,7,6
6,5,6,21,101001001000100000000101000110,1,1,0,0.64,0.6648044586181641,7,4
6,5,6,23,101001001000100000000101000110,1,1,0,0.49,0.8606557250022888,7,3
6,5,6,27,101001001000100000000101000110,1,1,0,0.59,0.9130434989929199,7,5
6,5,6,28,101001001000100000000101000110,1,1,0,0.5,0.8965517282485962,3,2
6,5,7,2,001101101111011110101101010010,1,1,0,0.36,0.3252032399177551,6,4
6,5,7,3,001101101111011110101101010010,1,1,0,0.53,0.9090909361839294,7,5
6,5,7,5,001101101111011110101101010010,1,1,0,0.6,0.7916666865348816,5,5
6,5,7,6,001101101111011110101101010010,1,1,0,0.39,0.6173912882804871,5,3
6,5,7,8,001101101111011110101101010010,1,1,0,0.61,0.8518518805503845,5,5
6,5,7,9,001101101111011110101101010010,1,1,0,0.24,0.39080458879470825,6,2
6,5,7,10,001101101111011110101101010010,1,1,0,0.32,0.8181818127632141,7,3
6,5,7,11,001101101111011110101101010010,1,1,0,0.65,0.9285714030265808,6,5
6,5,7,13,001101101111011110101101010010,1,1,0,0.57,0.9756097793579102,7,3
6,5,7,14,001101101111011110101101010010,1,1,0,0.48,0.14473684132099152,6,4
6,5,7,15,001101101111011110101101010010,1,1,0,0.45,0.3199999928474426,7,3
6,5,7,16,001101101111011110101101010010,1,1,0,0.29,0.7894737124443054,7,3
6,5,7,18,001101101111011110101101010010,1,1,0,0.52,0.4047619104385376,7,4
6,5,7,20,001101101111011110101101010010,1,1,0,0.64,0.970588207244873,6,4
6,5,7,21,001101101111011110101101010010,1,1,0,0.64,0.6648044586181641,7,4
6,5,7,23,001101101111011110101101010010,1,1,0,0.49,0.8606557250022888,7,3
6,5,7,25,001101101111011110101101010010,1,1,0,0.55,0.06862745434045792,5,3
6,5,7,28,001101101111011110101101010010,1,1,0,0.5,0.8965517282485962,3,2
6,5,8,1,011101001000101000110111010010,1,1,0,0.6,0.2222222238779068,7,5
6,5,8,2,011101001000101000110111010010,1,1,0,0.36,0.3252032399177551,6,4
6,5,8,3,011101001000101000110111010010,1,1,0,0.53,0.9090909361839294,7,5
6,5,8,5,011101001000101000110111010010,1,1,0,0.6,0.7916666865348816,5,5
6,5,8,8,011101001000101000110111010010,1,1,0,0.61,0.8518518805503845,5,5
6,5,8,12,011101001000101000110111010010,1,1,0,0.5,0.35087719559669495,7,6
6,5,8,14,011101001000101000110111010010,1,1,0,0.48,0.14473684132099152,6,4
6,5,8,18,011101001000101000110111010010,1,1,0,0.52,0.4047619104385376,7,4
6,5,8,19,011101001000101000110111010010,1,1,0,0.45,0.09090909361839294,6,5
6,5,8,21,011101001000101000110111010010,1,1,0,0.64,0.6648044586181641,7,4
6,5,8,22,011101001000101000110111010010,1,1,0,0.39,0.3857142925262451,1,1
6,5,8,23,011101001000101000110111010010,1,1,0,0.49,0.8606557250022888,7,3
6,5,8,25,011101001000101000110111010010,1,1,0,0.55,0.06862745434045792,5,3
6,5,8,28,011101001000101000110111010010,1,1,0,0.5,0.8965517282485962,3,2
6,5,9,0,111000111111111010100110000000,1,1,0,0.4,0.25757575035095215,1,1
6,5,9,1,111000111111111010100110000000,1,1,0,0.6,0.2222222238779068,7,5
6,5,9,2,111000111111111010100110000000,1,1,0,0.36,0.3252032399177551,6,4
6,5,9,6,111000111111111010100110000000,1,1,0,0.39,0.6173912882804871,5,3
6,5,9,7,111000111111111010100110000000,1,1,0,0.16,0.2786885201931,6,2
6,5,9,8,111000111111111010100110000000,1,1,0,0.61,0.8518518805503845,5,5
6,5,9,9,111000111111111010100110000000,1,1,0,0.24,0.39080458879470825,6,2
6,5,9,10,111000111111111010100110000000,1,1,0,0.32,0.8181818127632141,7,3
6,5,9,11,111000111111111010100110000000,1,1,0,0.65,0.9285714030265808,6,5
6,5,9,12,111000111111111010100110000000,1,1,0,0.5,0.35087719559669495,7,6
6,5,9,13,111000111111111010100110000000,1,1,0,0.57,0.9756097793579102,7,3
6,5,9,14,111000111111111010100110000000,1,1,0,0.48,0.14473684132099152,6,4
6,5,9,16,111000111111111010100110000000,1,1,0,0.29,0.7894737124443054,7,3
6,5,9,18,111000111111111010100110000000,1,1,0,0.52,0.4047619104385376,7,4
6,5,9,21,111000111111111010100110000000,1,1,0,0.64,0.6648044586181641,7,4
6,5,9,22,111000111111111010100110000000,1,1,0,0.39,0.3857142925262451,1,1
6,5,10,3,000100001010111000100101000010,1,1,0,0.53,0.9090909361839294,7,5
6,5,10,8,000100001010111000100101000010,1,1,0,0.61,0.8518518805503845,5,5
6,5,10,10,000100001010111000100101000010,1,1,0,0.32,0.8181818127632141,7,3
6,5,10,12,000100001010111000100101000010,1,1,0,0.5,0.35087719559669495,7,6
6,5,10,13,000100001010111000100101000010,1,1,0,0.57,0.9756097793579102,7,3
6,5,10,14,000100001010111000100101000010,1,1,0,0.48,0.14473684132099152,6,4
6,5,10,18,000100001010111000100101000010,1,1,0,0.52,0.4047619104385376,7,4
6,5,10,21,000100001010111000100101000010,1,1,0,0.64,0.6648044586181641,7,4
6,5,10,23,000100001010111000100101000010,1,1,0,0.49,0.8606557250022888,7,3
6,5,10,28,000100001010111000100101000010,1,1,0,0.5,0.8965517282485962,3,2
6,5,11,1,010000101010011000100101000110,1,1,0,0.6,0.2222222238779068,7,5
6,5,11,6,010000101010011000100101000110,1,1,0,0.39,0.6173912882804871,5,3
6,5,11,8,010000101010011000100101000110,1,1,0,0.61,0.8518518805503845,5,5
6,5,11,10,010000101010011000100101000110,1,1,0,0.32,0.8181818127632141,7,3
6,5,11,13,010000101010011000100101000110,1,1,0,0.57,0.9756097793579102,7,3
6,5,11,14,010000101010011000100101000110,1,1,0,0.48,0.14473684132099152,6,4
6,5,11,18,010000101010011000100101000110,1,1,0,0.52,0.4047619104385376,7,4
6,5,11,21,010000101010011000100101000110,1,1,0,0.64,0.6648044586181641,7,4
6,5,11,23,010000101010011000100101000110,1,1,0,0.49,0.8606557250022888,7,3
6,5,11,27,010000101010011000100101000110,1,1,0,0.59,0.9130434989929199,7,5
6,5,11,28,010000101010011000100101000110,1,1,0,0.5,0.8965517282485962,3,2
6,5,12,1,010101010000101001110010000100,1,1,0,0.6,0.2222222238779068,7,5
6,5,12,3,010101010000101001110010000100,1,1,0,0.53,0.9090909361839294,7,5
6,5,12,5,010101010000101001110010000100,1,1,0,0.6,0.7916666865348816,5,5
6,5,12,7,010101010000101001110010000100,1,1,0,0.16,0.2786885201931,6,2
6,5,12,12,010101010000101001110010000100,1,1,0,0.5,0.35087719559669495,7,6
6,5,12,14,010101010000101001110010000100,1,1,0,0.48,0.14473684132099152,6,4
6,5,12,17,010101010000101001110010000100,1,1,0,0.33,0.0,7,3
6,5,12,18,010101010000101001110010000100,1,1,0,0.52,0.4047619104385376,7,4
6,5,12,19,010101010000101001110010000100,1,1,0,0.45,0.09090909361839294,6,5
6,5,12,22,010101010000101001110010000100,1,1,0,0.39,0.3857142925262451,1,1
6,5,12,27,010101010000101001110010000100,1,1,0,0.59,0.9130434989929199,7,5
6,5,13,1,011011011011111000100101001001,1,1,0,0.6,0.2222222238779068,7,5
6,5,13,2,011011011011111000100101001001,1,1,0,0.36,0.3252032399177551,6,4
6,5,13,4,011011011011111000100101001001,1,1,0,0.32,0.6944444179534912,5,3
6,5,13,5,011011011011111000100101001001,1,1,0,0.6,0.7916666865348816,5,5
6,5,13,7,011011011011111000100101001001,1,1,0,0.16,0.2786885201931,6,2
6,5,13,8,011011011011111000100101001001,1,1,0,0.61,0.8518518805503845,5,5
6,5,13,10,011011011011111000100101001001,1,1,0,0.32,0.8181818127632141,7,3
6,5,13,11,011011011011111000100101001001,1,1,0,0.65,0.9285714030265808,6,5
6,5,13,12,011011011011111000100101001001,1,1,0,0.5,0.35087719559669495,7,6
6,5,13,13,011011011011111000100101001001,1,1,0,0.57,0.9756097793579102,7,3
6,5,13,14,011011011011111000100101001001,1,1,0,0.48,0.14473684132099152,6,4
6,5,13,18,011011011011111000100101001001,1,1,0,0.52,0.4047619104385376,7,4
6,5,13,21,011011011011111000100101001001,1,1,0,0.64,0.6648044586181641,7,4
6,5,13,23,011011011011111000100101001001,1,1,0,0.49,0.8606557250022888,7,3
6,5,13,26,011011011011111000100101001001,1,1,0,0.29,0.42105263471603394,6,4
6,5,13,29,011011011011111000100101001001,1,1,0,0.12,0.488095223903656,7,3
6,5,14,0,100010011100101000110111010000,1,1,0,0.4,0.25757575035095215,1,1
6,5,14,4,100010011100101000110111010000,1,1,0,0.32,0.6944444179534912,5,3
6,5,14,7,100010011100101000110111010000,1,1,0,0.16,0.2786885201931,6,2
6,5,14,8,100010011100101000110111010000,1,1,0,0.61,0.8518518805503845,5,5
6,5,14,9,100010011100101000110111010000,1,1,0,0.24,0.39080458879470825,6,2
6,5,14,12,100010011100101000110111010000,1,1,0,0.5,0.35087719559669495,7,6
6,5,14,14,100010011100101000110111010000,1,1,0,0.48,0.14473684132099152,6,4
6,5,14,18,100010011100101000110111010000,1,1,0,0.52,0.4047619104385376,7,4
6,5,14,19,100010011100101000110111010000,1,1,0,0.45,0.09090909361839294,6,5
6,5,14,21,100010011100101000110111010000,1,1,0,0.64,0.6648044586181641,7,4
6,5,14,22,100010011100101000110111010000,1,1,0,0.39,0.3857142925262451,1,1
6,5,14,23,100010011100101000110111010000,1,1,0,0.49,0.8606557250022888,7,3
6,5,14,25,100010011100101000110111010000,1,1,0,0.55,0.06862745434045792,5,3
6,5,15,0,111000010000001001110010000100,1,1,0,0.4,0.25757575035095215,1,1
6,5,15,1,111000010000001001110010000100,1,1,0,0.6,0.2222222238779068,7,5
6,5,15,2,111000010000001001110010000100,1,1,0,0.36,0.3252032399177551,6,4
6,5,15,7,111000010000001001110010000100,1,1,0,0.16,0.2786885201931,6,2
6,5,15,14,111000010000001001110010000100,1,1,0,0.48,0.14473684132099152,6,4
6,5,15,17,111000010000001001110010000100,1,1,0,0.33,0.0,7,3
6,5,15,18,111000010000001001110010000100,1,1,0,0.52,0.4047619104385376,7,4
6,5,15,19,111000010000001001110010000100,1,1,0,0.45,0.09090909361839294,6,5
6,5,15,22,111000010000001001110010000100,1,1,0,0.39,0.3857142925262451,1,1
6,5,15,27,111000010000001001110010000100,1,1,0,0.59,0.9130434989929199,7,5
6,5,16,1,011000101100100000010010010110,1,1,0,0.6,0.2222222238779068,7,5
6,5,16,2,011000101100100000010010010110,1,1,0,0.36,0.3252032399177551,6,4
6,5,16,6,011000101100100000010010010110,1,1,0,0.39,0.6173912882804871,5,3
6,5,16,8,011000101100100000010010010110,1,1,0,0.61,0.8518518805503845,5,5
6,5,16,9,011000101100100000010010010110,1,1,0,0.24,0.39080458879470825,6,2
6,5,16,12,011000101100100000010010010110,1,1,0,0.5,0.35087719559669495,7,6
6,5,16,19,011000101100100000010010010110,1,1,0,0.45,0.09090909361839294,6,5
6,5,16,22,011000101100100000010010010110,1,1,0,0.39,0.3857142925262451,1,1
6,5,16,25,011000101100100000010010010110,1,1,0,0.55,0.06862745434045792,5,3
6,5,16,27,011000101100100000010010010110,1,1,0,0.59,0.9130434989929199,7,5
6,5,16,28,011000101100100000010010010110,1,1,0,0.5,0.8965517282485962,3,2
6,5,17,2,001100001000111000101101000110,1,1,0,0.36,0.3252032399177551,6,4
6,5,17,3,001100001000111000101101000110,1,1,0,0.53,0.9090909361839294,7,5
6,5,17,8,001100001000111000101101000110,1,1,0,0.61,0.8518518805503845,5,5
6,5,17,12,001100001000111000101101000110,1,1,0,0.5,0.35087719559669495,7,6
6,5,17,13,001100001000111000101101000110,1,1,0,0.57,0.9756097793579102,7,3
6,5,17,14,001100001000111000101101000110,1,1,0,0.48,0.14473684132099152,6,4
6,5,17,18,001100001000111000101101000110,1,1,0,0.52,0.4047619104385376,7,4
6,5,17,20,001100001000111000101101000110,1,1,0,0.64,0.970588207244873,6,4
6,5,17,21,001100001000111000101101000110,1,1,0,0.64,0.6648044586181641,7,4
6,5,17,23,001100001000111000101101000110,1,1,0,0.49,0.8606557250022888,7,3
6,5,17,27,001100001000111000101101000110,1,1,0,0.59,0.9130434989929199,7,5
6,5,17,28,001100001000111000101101000110,1,1,0,0.5,0.8965517282485962,3,2
6,5,18,1,010000111111111010100101000110,1,1,0,0.6,0.2222222238779068,7,5
6,5,18,6,010000111111111010100101000110,1,1,0,0.39,0.6173912882804871,5,3
6,5,18,7,010000111111111010100101000110,1,1,0,0.16,0.2786885201931,6,2
6,5,18,8,010000111111111010100101000110,1,1,0,0.61,0.8518518805503845,5,5
6,5,18,9,010000111111111010100101000110,1,1,0,0.24,0.39080458879470825,6,2
6,5,18,10,010000111111111010100101000110,1,1,0,0.32,0.8181818127632141,7,3
6,5,18,11,010000111111111010100101000110,1,1,0,0.65,0.9285714030265808,6,5
6,5,18,12,010000111111111010100101000110,1,1,0,0.5,0.35087719559669495,7,6
6,5,18,13,010000111111111010100101000110,1,1,0,0.57,0.9756097793579102,7,3
6,5,18,14,010000111111111010100101000110,1,1,0,0.48,0.14473684132099152,6,4
6,5,18,16,010000111111111010100101000110,1,1,0,0.29,0.7894737124443054,7,3
6,5,18,18,010000111111111010100101000110,1,1,0,0.52,0.4047619104385376,7,4
6,5,18,21,010000111111111010100101000110,1,1,0,0.64,0.6648044586181641,7,4
6,5,18,23,010000111111111010100101000110,1,1,0,0.49,0.8606557250022888,7,3
6,5,18,27,010000111111111010100101000110,1,1,0,0.59,0.9130434989929199,7,5
6,5,18,28,010000111111111010100101000110,1,1,0,0.5,0.8965517282485962,3,2
6,5,19,0,111001010001011001110011010010,1,1,0,0.4,0.25757575035095215,1,1
6,5,19,1,111001010001011001110011010010,1,1,0,0.6,0.2222222238779068,7,5
6,5,19,2,111001010001011001110011010010,1,1,0,0.36,0.3252032399177551,6,4
6,5,19,5,111001010001011001110011010010,1,1,0,0.6,0.7916666865348816,5,5
6,5,19,7,111001010001011001110011010010,1,1,0,0.16,0.2786885201931,6,2
6,5,19,11,111001010001011001110011010010,1,1,0,0.65,0.9285714030265808,6,5
6,5,19,13,111001010001011001110011010010,1,1,0,0.57,0.9756097793579102,7,3
6,5,19,14,111001010001011001110011010010,1,1,0,0.48,0.14473684132099152,6,4
6,5,19,17,111001010001011001110011010010,1,1,0,0.33,0.0,7,3
6,5,19,18,111001010001011001110011010010,1,1,0,0.52,0.4047619104385376,7,4
6,5,19,19,111001010001011001110011010010,1,1,0,0.45,0.09090909361839294,6,5
6,5,19,22,111001010001011001110011010010,1,1,0,0.39,0.3857142925262451,1,1
6,5,19,23,111001010001011001110011010010,1,1,0,0.49,0.8606557250022888,7,3
6,5,19,25,111001010001011001110011010010,1,1,0,0.55,0.06862745434045792,5,3
6,5,19,28,111001010001011001110011010010,1,1,0,0.5,0.8965517282485962,3,2
6,5,20,1,011011011011111001100101001001,1,1,0,0.6,0.2222222238779068,7,5
6,5,20,2,011011011011111001100101001001,1,1,0,0.36,0.3252032399177551,6,4
6,5,20,4,011011011011111001100101001001,1,1,0,0.32,0.6944444179534912,5,3
6,5,20,5,011011011011111001100101001001,1,1,0,0.6,0.7916666865348816,5,5
6,5,20,7,011011011011111001100101001001,1,1,0,0.16,0.2786885201931,6,2
6,5,20,8,011011011011111001100101001001,1,1,0,0.61,0.8518518805503845,5,5
6,5,20,10,011011011011111001100101001001,1,1,0,0.32,0.8181818127632141,7,3
6,5,20,11,011011011011111001100101001001,1,1,0,0.65,0.9285714030265808,6,5
6,5,20,12,011011011011111001100101001001,1,1,0,0.5,0.35087719559669495,7,6
6,5,20,13,011011011011111001100101001001,1,1,0,0.57,0.9756097793579102,7,3
6,5,20,14,011011011011111001100101001001,1,1,0,0.48,0.14473684132099152,6,4
6,5,20,17,011011011011111001100101001001,1,1,0,0.33,0.0,7,3
6,5,20,18,011011011011111001100101001001,1,1,0,0.52,0.4047619104385376,7,4
6,5,20,21,011011011011111001100101001001,1,1,0,0.64,0.6648044586181641,7,4
6,5,20,23,011011011011111001100101001001,1,1,0,0.49,0.8606557250022888,7,3
6,5,20,26,011011011011111001100101001001,1,1,0,0.29,0.42105263471603394,6,4
6,5,20,29,011011011011111001100101001001,1,1,0,0.12,0.488095223903656,7,3
6,5,21,0,111000111010001001110010010100,1,1,0,0.4,0.25757575035095215,1,1
6,5,21,1,111000111010001001110010010100,1,1,0,0.6,0.2222222238779068,7,5
6,5,21,2,111000111010001001110010010100,1,1,0,0.36,0.3252032399177551,6,4
6,5,21,6,111000111010001001110010010100,1,1,0,0.39,0.6173912882804871,5,3
6,5,21,7,111000111010001001110010010100,1,1,0,0.16,0.2786885201931,6,2
6,5,21,8,111000111010001001110010010100,1,1,0,0.61,0.8518518805503845,5,5
6,5,21,10,111000111010001001110010010100,1,1,0,0.32,0.8181818127632141,7,3
6,5,21,14,111000111010001001110010010100,1,1,0,0.48,0.14473684132099152,6,4
6,5,21,17,111000111010001001110010010100,1,1,0,0.33,0.0,7,3
6,5,21,18,111000111010001001110010010100,1,1,0,0.52,0.4047619104385376,7,4
6,5,21,19,111000111010001001110010010100,1,1,0,0.45,0.09090909361839294,6,5
6,5,21,22,111000111010001001110010010100,1,1,0,0.39,0.3857142925262451,1,1
6,5,21,25,111000111010001001110010010100,1,1,0,0.55,0.06862745434045792,5,3
6,5,21,27,111000111010001001110010010100,1,1,0,0.59,0.9130434989929199,7,5
6,5,22,2,001001110010111000100101000110,1,1,0,0.36,0.3252032399177551,6,4
6,5,22,5,001001110010111000100101000110,1,1,0,0.6,0.7916666865348816,5,5
6,5,22,6,001001110010111000100101000110,1,1,0,0.39,0.6173912882804871,5,3
6,5,22,7,001001110010111000100101000110,1,1,0,0.16,0.2786885201931,6,2
6,5,22,10,001001110010111000100101000110,1,1,0,0.32,0.8181818127632141,7,3
6,5,22,12,001001110010111000100101000110,1,1,0,0.5,0.35087719559669495,7,6
6,5,22,13,001001110010111000100101000110,1,1,0,0.57,0.9756097793579102,7,3
6,5,22,14,001001110010111000100101000110,1,1,0,0.48,0.14473684132099152,6,4
6,5,22,18,001001110010111000100101000110,1,1,0,0.52,0.4047619104385376,7,4
6,5,22,21,001001110010111000100101000110,1,1,0,0.64,0.6648044586181641,7,4
6,5,22,23,001001110010111000100101000110,1,1,0,0.49,0.8606557250022888,7,3
6,5,22,27,001001110010111000100101000110,1,1,0,0.59,0.9130434989929199,7,5
6,5,22,28,001001110010111000100101000110,1,1,0,0.5,0.8965517282485962,3,2
7,1,0,2,001111101111111000110101000110,1,1,0,0.26,0.7886179089546204,8,5
7,1,0,3,001111101111111000110101000110,1,1,0,0.43,0.6363636255264282,8,6
7,1,0,4,001111101111111000110101000110,1,1,0,0.37,0.1944444477558136,5,3
7,1,0,5,001111101111111000110101000110,1,1,0,0.5,0.7916666865348816,8,6
7,1,0,6,001111101111111000110101000110,1,1,0,0.44,0.6608695387840271,5,3
7,1,0,8,001111101111111000110101000110,1,1,0,0.51,0.8641975522041321,8,6
7,1,0,9,001111101111111000110101000110,1,1,0,0.29,0.8045976758003235,6,2
7,1,0,10,001111101111111000110101000110,1,1,0,0.37,0.9090909361839294,7,3
7,1,0,11,001111101111111000110101000110,1,1,0,0.7,0.2142857164144516,6,5
7,1,0,12,001111101111111000110101000110,1,1,0,0.4,0.7368420958518982,8,7
7,1,0,13,001111101111111000110101000110,1,1,0,0.62,0.8780487775802612,7,3
7,1,0,14,001111101111111000110101000110,1,1,0,0.38,0.2368421107530594,8,5
7,1,0,18,001111101111111000110101000110,1,1,0,0.42,0.6904761791229248,8,5
7,1,0,19,001111101111111000110101000110,1,1,0,0.35,0.37062937021255493,8,6
7,1,0,21,001111101111111000110101000110,1,1,0,0.54,0.7206704020500183,8,5
7,1,0,23,001111101111111000110101000110,1,1,0,0.39,0.49180328845977783,8,4
7,1,0,27,001111101111111000110101000110,1,1,0,0.64,0.6521739363670349,7,5
7,1,0,28,001111101111111000110101000110,1,1,0,0.4,0.8620689511299133,8,3
7,1,1,2,001110010001001111000011010010,1,1,0,0.26,0.7886179089546204,8,5
7,1,1,3,001110010001001111000011010010,1,1,0,0.43,0.6363636255264282,8,6
7,1,1,4,001110010001001111000011010010,1,1,0,0.37,0.1944444477558136,5,3
7,1,1,7,001110010001001111000011010010,1,1,0,0.21,0.4754098355770111,6,2
7,1,1,11,001110010001001111000011010010,1,1,0,0.7,0.2142857164144516,6,5
7,1,1,14,001110010001001111000011010010,1,1,0,0.38,0.2368421107530594,8,5
7,1,1,15,001110010001001111000011010010,1,1,0,0.5,0.3333333432674408,7,3
7,1,1,16,001110010001001111000011010010,1,1,0,0.34,0.6447368264198303,7,3
7,1,1,17,001110010001001111000011010010,1,1,0,0.38,0.7142857313156128,7,3
7,1,1,22,001110010001001111000011010010,1,1,0,0.29,0.6285714507102966,8,2
7,1,1,23,001110010001001111000011010010,1,1,0,0.39,0.49180328845977783,8,4
7,1,1,25,001110010001001111000011010010,1,1,0,0.45,0.19607843458652496,8,4
7,1,1,28,001110010001001111000011010010,1,1,0,0.4,0.8620689511299133,8,3
7,1,2,0,111110111111110010100100001101,1,1,0,0.45,0.7878788113594055,1,1
7,1,2,1,111110111111110010100100001101,1,1,0,0.5,0.808080792427063,8,6
7,1,2,2,111110111111110010100100001101,1,1,0,0.26,0.7886179089546204,8,5
7,1,2,3,111110111111110010100100001101,1,1,0,0.43,0.6363636255264282,8,6
7,1,2,4,111110111111110010100100001101,1,1,0,0.37,0.1944444477558136,5,3
7,1,2,6,111110111111110010100100001101,1,1,0,0.44,0.6608695387840271,5,3
7,1,2,7,111110111111110010100100001101,1,1,0,0.21,0.4754098355770111,6,2
7,1,2,8,111110111111110010100100001101,1,1,0,0.51,0.8641975522041321,8,6
7,1,2,9,111110111111110010100100001101,1,1,0,0.29,0.8045976758003235,6,2
7,1,2,10,111110111111110010100100001101,1,1,0,0.37,0.9090909361839294,7,3
7,1,2,11,111110111111110010100100001101,1,1,0,0.7,0.2142857164144516,6,5
7,1,2,12,111110111111110010100100001101,1,1,0,0.4,0.7368420958518982,8,7
7,1,2,13,111110111111110010100100001101,1,1,0,0.62,0.8780487775802612,7,3
7,1,2,16,111110111111110010100100001101,1,1,0,0.34,0.6447368264198303,7,3
7,1,2,18,111110111111110010100100001101,1,1,0,0.42,0.6904761791229248,8,5
7,1,2,21,111110111111110010100100001101,1,1,0,0.54,0.7206704020500183,8,5
7,1,2,26,111110111111110010100100001101,1,1,0,0.34,0.15789473056793213,6,4
7,1,2,27,111110111111110010100100001101,1,1,0,0.64,0.6521739363670349,7,5
7,1,2,29,111110111111110010100100001101,1,1,0,0.17,0.6309523582458496,7,3
7,1,3,0,100110101001001111001110110110,1,1,0,0.45,0.7878788113594055,1,1
7,1,3,3,100110101001001111001110110110,1,1,0,0.43,0.6363636255264282,8,6
7,1,3,4,100110101001001111001110110110,1,1,0,0.37,0.1944444477558136,5,3
7,1,3,6,100110101001001111001110110110,1,1,0,0.44,0.6608695387840271,5,3
7,1,3,8,100110101001001111001110110110,1,1,0,0.51,0.8641975522041321,8,6
7,1,3,11,100110101001001111001110110110,1,1,0,0.7,0.2142857164144516,6,5
7,1,3,14,100110101001001111001110110110,1,1,0,0.38,0.2368421107530594,8,5
7,1,3,15,100110101001001111001110110110,1,1,0,0.5,0.3333333432674408,7,3
7,1,3,16,100110101001001111001110110110,1,1,0,0.34,0.6447368264198303,7,3
7,1,3,17,100110101001001111001110110110,1,1,0,0.38,0.7142857313156128,7,3
7,1,3,20,100110101001001111001110110110,1,1,0,0.69,0.3235294222831726,6,4
7,1,3,21,100110101001001111001110110110,1,1,0,0.54,0.7206704020500183,8,5
7,1,3,22,100110101001001111001110110110,1,1,0,0.29,0.6285714507102966,8,2
7,1,3,24,100110101001001111001110110110,1,1,0,0.26,0.7586206793785095,5,2
7,1,3,25,100110101001001111001110110110,1,1,0,0.45,0.19607843458652496,8,4
7,1,3,27,100110101001001111001110110110,1,1,0,0.64,0.6521739363670349,7,5
7,1,3,28,100110101001001111001110110110,1,1,0,0.4,0.8620689511299133,8,3
7,1,4,0,100100000001010110101110001010,1,1,0,0.45,0.7878788113594055,1,1
7,1,4,3,100100000001010110101110001010,1,1,0,0.43,0.6363636255264282,8,6
7,1,4,11,100100000001010110101110001010,1,1,0,0.7,0.2142857164144516,6,5
7,1,4,13,100100000001010110101110001010,1,1,0,0.62,0.8780487775802612,7,3
7,1,4,15,100100000001010110101110001010,1,1,0,0.5,0.3333333432674408,7,3
7,1,4,16,100100000001010110101110001010,1,1,0,0.34,0.6447368264198303,7,3
7,1,4,18,100100000001010110101110001010,1,1,0,0.42,0.6904761791229248,8,5
7,1,4,20,100100000001010110101110001010,1,1,0,0.69,0.3235294222831726,6,4
7,1,4,21,100100000001010110101110001010,1,1,0,0.54,0.7206704020500183,8,5
7,1,4,22,100100000001010110101110001010,1,1,0,0.29,0.6285714507102966,8,2
7,1,4,26,100100000001010110101110001010,1,1,0,0.34,0.15789473056793213,6,4
7,1,4,28,100100000001010110101110001010,1,1,0,0.4,0.8620689511299133,8,3
7,1,5,1,011011011100001100011100011110,1,1,0,0.5,0.808080792427063,8,6
7,1,5,2,011011011100001100011100011110,1,1,0,0.26,0.7886179089546204,8,5
7,1,5,4,011011011100001100011100011110,1,1,0,0.37,0.1944444477558136,5,3
7,1,5,5,011011011100001100011100011110,1,1,0,0.5,0.7916666865348816,8,6
7,1,5,7,011011011100001100011100011110,1,1,0,0.21,0.4754098355770111,6,2
7,1,5,8,011011011100001100011100011110,1,1,0,0.51,0.8641975522041321,8,6
7,1,5,9,011011011100001100011100011110,1,1,0,0.29,0.8045976758003235,6,2
7,1,5,14,011011011100001100011100011110,1,1,0,0.38,0.2368421107530594,8,5
7,1,5,15,011011011100001100011100011110,1,1,0,0.5,0.3333333432674408,7,3
7,1,5,19,011011011100001100011100011110,1,1,0,0.35,0.37062937021255493,8,6
7,1,5,20,011011011100001100011100011110,1,1,0,0.69,0.3235294222831726,6,4
7,1,5,21,011011011100001100011100011110,1,1,0,0.54,0.7206704020500183,8,5
7,1,5,25,011011011100001100011100011110,1,1,0,0.45,0.19607843458652496,8,4
7,1,5,26,011011011100001100011100011110,1,1,0,0.34,0.15789473056793213,6,4
7,1,5,27,011011011100001100011100011110,1,1,0,0.64,0.6521739363670349,7,5
7,1,5,28,011011011100001100011100011110,1,1,0,0.4,0.8620689511299133,8,3
7,1,6,1,011011001010110110101100001000,1,1,0,0.5,0.808080792427063,8,6
7,1,6,2,011011001010110110101100001000,1,1,0,0.26,0.7886179089546204,8,5
7,1,6,4,011011001010110110101100001000,1,1,0,0.37,0.1944444477558136,5,3
7,1,6,5,011011001010110110101100001000,1,1,0,0.5,0.7916666865348816,8,6
7,1,6,8,011011001010110110101100001000,1,1,0,0.51,0.8641975522041321,8,6
7,1,6,10,011011001010110110101100001000,1,1,0,0.37,0.9090909361839294,7,3
7,1,6,12,011011001010110110101100001000,1,1,0,0.4,0.7368420958518982,8,7
7,1,6,13,011011001010110110101100001000,1,1,0,0.62,0.8780487775802612,7,3
7,1,6,15,011011001010110110101100001000,1,1,0,0.5,0.3333333432674408,7,3
7,1,6,16,011011001010110110101100001000,1,1,0,0.34,0.6447368264198303,7,3
7,1,6,18,011011001010110110101100001000,1,1,0,0.42,0.6904761791229248,8,5
7,1,6,20,011011001010110110101100001000,1,1,0,0.69,0.3235294222831726,6,4
7,1,6,21,011011001010110110101100001000,1,1,0,0.54,0.7206704020500183,8,5
7,1,6,26,011011001010110110101100001000,1,1,0,0.34,0.15789473056793213,6,4
7,1,7,4,000010111110101101100110010011,1,1,0,0.37,0.1944444477558136,5,3
7,1,7,6,000010111110101101100110010011,1,1,0,0.44,0.6608695387840271,5,3
7,1,7,7,000010111110101101100110010011,1,1,0,0.21,0.4754098355770111,6,2
7,1,7,8,000010111110101101100110010011,1,1,0,0.51,0.8641975522041321,8,6
7,1,7,9,000010111110101101100110010011,1,1,0,0.29,0.8045976758003235,6,2
7,1,7,10,000010111110101101100110010011,1,1,0,0.37,0.9090909361839294,7,3
7,1,7,12,000010111110101101100110010011,1,1,0,0.4,0.7368420958518982,8,7
7,1,7,14,000010111110101101100110010011,1,1,0,0.38,0.2368421107530594,8,5
7,1,7,15,000010111110101101100110010011,1,1,0,0.5,0.3333333432674408,7,3
7,1,7,17,000010111110101101100110010011,1,1,0,0.38,0.7142857313156128,7,3
7,1,7,18,000010111110101101100110010011,1,1,0,0.42,0.6904761791229248,8,5
7,1,7,21,000010111110101101100110010011,1,1,0,0.54,0.7206704020500183,8,5
7,1,7,22,000010111110101101100110010011,1,1,0,0.29,0.6285714507102966,8,2
7,1,7,25,000010111110101101100110010011,1,1,0,0.45,0.19607843458652496,8,4
7,1,7,28,000010111110101101100110010011,1,1,0,0.4,0.8620689511299133,8,3
7,1,7,29,000010111110101101100110010011,1,1,0,0.17,0.6309523582458496,7,3
7,1,8,0,111111110001101111011111011010,1,1,0,0.45,0.7878788113594055,1,1
7,1,8,1,111111110001101111011111011010,1,1,0,0.5,0.808080792427063,8,6
7,1,8,2,111111110001101111011111011010,1,1,0,0.26,0.7886179089546204,8,5
7,1,8,3,111111110001101111011111011010,1,1,0,0.43,0.6363636255264282,8,6
7,1,8,4,111111110001101111011111011010,1,1,0,0.37,0.1944444477558136,5,3
7,1,8,5,111111110001101111011111011010,1,1,0,0.5,0.7916666865348816,8,6
7,1,8,6,111111110001101111011111011010,1,1,0,0.44,0.6608695387840271,5,3
7,1,8,7,111111110001101111011111011010,1,1,0,0.21,0.4754098355770111,6,2
7,1,8,11,111111110001101111011111011010,1,1,0,0.7,0.2142857164144516,6,5
7,1,8,12,111111110001101111011111011010,1,1,0,0.4,0.7368420958518982,8,7
7,1,8,14,111111110001101111011111011010,1,1,0,0.38,0.2368421107530594,8,5
7,1,8,15,111111110001101111011111011010,1,1,0,0.5,0.3333333432674408,7,3
7,1,8,16,111111110001101111011111011010,1,1,0,0.34,0.6447368264198303,7,3
7,1,8,17,111111110001101111011111011010,1,1,0,0.38,0.7142857313156128,7,3
7,1,8,19,111111110001101111011111011010,1,1,0,0.35,0.37062937021255493,8,6
7,1,8,20,111111110001101111011111011010,1,1,0,0.69,0.3235294222831726,6,4
7,1,8,21,111111110001101111011111011010,1,1,0,0.54,0.7206704020500183,8,5
7,1,8,22,111111110001101111011111011010,1,1,0,0.29,0.6285714507102966,8,2
7,1,8,23,111111110001101111011111011010,1,1,0,0.39,0.49180328845977783,8,4
7,1,8,25,111111110001101111011111011010,1,1,0,0.45,0.19607843458652496,8,4
7,1,8,26,111111110001101111011111011010,1,1,0,0.34,0.15789473056793213,6,4
7,1,8,28,111111110001101111011111011010,1,1,0,0.4,0.8620689511299133,8,3
7,2,0,2,001111101111111000110101000110,1,1,0,0.26,0.7886179089546204,8,5
7,2,0,3,001111101111111000110101000110,1,1,0,0.43,0.6363636255264282,8,6
7,2,0,4,001111101111111000110101000110,1,1,0,0.37,0.1944444477558136,5,3
7,2,0,5,001111101111111000110101000110,1,1,0,0.5,0.7916666865348816,8,6
7,2,0,6,001111101111111000110101000110,1,1,0,0.44,0.6608695387840271,5,3
7,2,0,8,001111101111111000110101000110,1,1,0,0.51,0.8641975522041321,8,6
7,2,0,9,001111101111111000110101000110,1,1,0,0.29,0.8045976758003235,6,2
7,2,0,10,001111101111111000110101000110,1,1,0,0.37,0.9090909361839294,7,3
7,2,0,11,001111101111111000110101000110,1,1,0,0.7,0.2142857164144516,6,5
7,2,0,12,001111101111111000110101000110,1,1,0,0.4,0.7368420958518982,8,7
7,2,0,13,001111101111111000110101000110,1,1,0,0.62,0.8780487775802612,7,3
7,2,0,14,001111101111111000110101000110,1,1,0,0.38,0.2368421107530594,8,5
7,2,0,18,001111101111111000110101000110,1,1,0,0.42,0.6904761791229248,8,5
7,2,0,19,001111101111111000110101000110,1,1,0,0.35,0.37062937021255493,8,6
7,2,0,21,001111101111111000110101000110,1,1,0,0.54,0.7206704020500183,8,5
7,2,0,23,001111101111111000110101000110,1,1,0,0.39,0.49180328845977783,8,4
7,2,0,27,001111101111111000110101000110,1,1,0,0.64,0.6521739363670349,7,5
7,2,0,28,001111101111111000110101000110,1,1,0,0.4,0.8620689511299133,8,3
7,2,1,2,001110010001001111000011010010,1,1,0,0.26,0.7886179089546204,8,5
7,2,1,3,001110010001001111000011010010,1,1,0,0.43,0.6363636255264282,8,6
7,2,1,4,001110010001001111000011010010,1,1,0,0.37,0.1944444477558136,5,3
7,2,1,7,001110010001001111000011010010,1,1,0,0.21,0.4754098355770111,6,2
7,2,1,11,001110010001001111000011010010,1,1,0,0.7,0.2142857164144516,6,5
7,2,1,14,001110010001001111000011010010,1,1,0,0.38,0.2368421107530594,8,5
7,2,1,15,001110010001001111000011010010,1,1,0,0.5,0.3333333432674408,7,3
7,2,1,16,001110010001001111000011010010,1,1,0,0.34,0.6447368264198303,7,3
7,2,1,17,001110010001001111000011010010,1,1,0,0.38,0.7142857313156128,7,3
7,2,1,22,001110010001001111000011010010,1,1,0,0.29,0.6285714507102966,8,2
7,2,1,23,001110010001001111000011010010,1,1,0,0.39,0.49180328845977783,8,4
7,2,1,25,001110010001001111000011010010,1,1,0,0.45,0.19607843458652496,8,4
7,2,1,28,001110010001001111000011010010,1,1,0,0.4,0.8620689511299133,8,3
7,2,2,1,011011011100001100011100011110,1,1,0,0.5,0.808080792427063,8,6
7,2,2,2,011011011100001100011100011110,1,1,0,0.26,0.7886179089546204,8,5
7,2,2,4,011011011100001100011100011110,1,1,0,0.37,0.1944444477558136,5,3
7,2,2,5,011011011100001100011100011110,1,1,0,0.5,0.7916666865348816,8,6
7,2,2,7,011011011100001100011100011110,1,1,0,0.21,0.4754098355770111,6,2
7,2,2,8,011011011100001100011100011110,1,1,0,0.51,0.8641975522041321,8,6
7,2,2,9,011011011100001100011100011110,1,1,0,0.29,0.8045976758003235,6,2
7,2,2,14,011011011100001100011100011110,1,1,0,0.38,0.2368421107530594,8,5
7,2,2,15,011011011100001100011100011110,1,1,0,0.5,0.3333333432674408,7,3
7,2,2,19,011011011100001100011100011110,1,1,0,0.35,0.37062937021255493,8,6
7,2,2,20,011011011100001100011100011110,1,1,0,0.69,0.3235294222831726,6,4
7,2,2,21,011011011100001100011100011110,1,1,0,0.54,0.7206704020500183,8,5
7,2,2,25,011011011100001100011100011110,1,1,0,0.45,0.19607843458652496,8,4
7,2,2,26,011011011100001100011100011110,1,1,0,0.34,0.15789473056793213,6,4
7,2,2,27,011011011100001100011100011110,1,1,0,0.64,0.6521739363670349,7,5
7,2,2,28,011011011100001100011100011110,1,1,0,0.4,0.8620689511299133,8,3
7,2,3,0,111111110001101111011111011010,1,1,0,0.45,0.7878788113594055,1,1
7,2,3,1,111111110001101111011111011010,1,1,0,0.5,0.808080792427063,8,6
7,2,3,2,111111110001101111011111011010,1,1,0,0.26,0.7886179089546204,8,5
7,2,3,3,111111110001101111011111011010,1,1,0,0.43,0.6363636255264282,8,6
7,2,3,4,111111110001101111011111011010,1,1,0,0.37,0.1944444477558136,5,3
7,2,3,5,111111110001101111011111011010,1,1,0,0.5,0.7916666865348816,8,6
7,2,3,6,111111110001101111011111011010,1,1,0,0.44,0.6608695387840271,5,3
7,2,3,7,111111110001101111011111011010,1,1,0,0.21,0.4754098355770111,6,2
7,2,3,11,111111110001101111011111011010,1,1,0,0.7,0.2142857164144516,6,5
7,2,3,12,111111110001101111011111011010,1,1,0,0.4,0.7368420958518982,8,7
7,2,3,14,111111110001101111011111011010,1,1,0,0.38,0.2368421107530594,8,5
7,2,3,15,111111110001101111011111011010,1,1,0,0.5,0.3333333432674408,7,3
7,2,3,16,111111110001101111011111011010,1,1,0,0.34,0.6447368264198303,7,3
7,2,3,17,111111110001101111011111011010,1,1,0,0.38,0.7142857313156128,7,3
7,2,3,19,111111110001101111011111011010,1,1,0,0.35,0.37062937021255493,8,6
7,2,3,20,111111110001101111011111011010,1,1,0,0.69,0.3235294222831726,6,4
7,2,3,21,111111110001101111011111011010,1,1,0,0.54,0.7206704020500183,8,5
7,2,3,22,111111110001101111011111011010,1,1,0,0.29,0.6285714507102966,8,2
7,2,3,23,111111110001101111011111011010,1,1,0,0.39,0.49180328845977783,8,4
7,2,3,25,111111110001101111011111011010,1,1,0,0.45,0.19607843458652496,8,4
7,2,3,26,111111110001101111011111011010,1,1,0,0.34,0.15789473056793213,6,4
7,2,3,28,111111110001101111011111011010,1,1,0,0.4,0.8620689511299133,8,3
7,2,4,1,011011001010110100101100001000,1,1,0,0.5,0.808080792427063,8,6
7,2,4,2,011011001010110100101100001000,1,1,0,0.26,0.7886179089546204,8,5
7,2,4,4,011011001010110100101100001000,1,1,0,0.37,0.1944444477558136,5,3
7,2,4,5,011011001010110100101100001000,1,1,0,0.5,0.7916666865348816,8,6
7,2,4,8,011011001010110100101100001000,1,1,0,0.51,0.8641975522041321,8,6
7,2,4,10,011011001010110100101100001000,1,1,0,0.37,0.9090909361839294,7,3
7,2,4,12,011011001010110100101100001000,1,1,0,0.4,0.7368420958518982,8,7
7,2,4,13,011011001010110100101100001000,1,1,0,0.62,0.8780487775802612,7,3
7,2,4,15,011011001010110100101100001000,1,1,0,0.5,0.3333333432674408,7,3
7,2,4,18,011011001010110100101100001000,1,1,0,0.42,0.6904761791229248,8,5
7,2,4,20,011011001010110100101100001000,1,1,0,0.69,0.3235294222831726,6,4
7,2,4,21,011011001010110100101100001000,1,1,0,0.54,0.7206704020500183,8,5
7,2,4,26,011011001010110100101100001000,1,1,0,0.34,0.15789473056793213,6,4
7,2,5,0,100100000001010110101110001000,1,1,0,0.45,0.7878788113594055,1,1
7,2,5,3,100100000001010110101110001000,1,1,0,0.43,0.6363636255264282,8,6
7,2,5,11,100100000001010110101110001000,1,1,0,0.7,0.2142857164144516,6,5
7,2,5,13,100100000001010110101110001000,1,1,0,0.62,0.8780487775802612,7,3
7,2,5,15,100100000001010110101110001000,1,1,0,0.5,0.3333333432674408,7,3
7,2,5,16,100100000001010110101110001000,1,1,0,0.34,0.6447368264198303,7,3
7,2,5,18,100100000001010110101110001000,1,1,0,0.42,0.6904761791229248,8,5
7,2,5,20,100100000001010110101110001000,1,1,0,0.69,0.3235294222831726,6,4
7,2,5,21,100100000001010110101110001000,1,1,0,0.54,0.7206704020500183,8,5
7,2,5,22,100100000001010110101110001000,1,1,0,0.29,0.6285714507102966,8,2
7,2,5,26,100100000001010110101110001000,1,1,0,0.34,0.15789473056793213,6,4
7,2,6,0,111111110001101110100100001101,1,1,0,0.45,0.7878788113594055,1,1
7,2,6,1,111111110001101110100100001101,1,1,0,0.5,0.808080792427063,8,6
7,2,6,2,111111110001101110100100001101,1,1,0,0.26,0.7886179089546204,8,5
7,2,6,3,111111110001101110100100001101,1,1,0,0.43,0.6363636255264282,8,6
7,2,6,4,111111110001101110100100001101,1,1,0,0.37,0.1944444477558136,5,3
7,2,6,5,111111110001101110100100001101,1,1,0,0.5,0.7916666865348816,8,6
7,2,6,6,111111110001101110100100001101,1,1,0,0.44,0.6608695387840271,5,3
7,2,6,7,111111110001101110100100001101,1,1,0,0.21,0.4754098355770111,6,2
7,2,6,11,111111110001101110100100001101,1,1,0,0.7,0.2142857164144516,6,5
7,2,6,12,111111110001101110100100001101,1,1,0,0.4,0.7368420958518982,8,7
7,2,6,14,111111110001101110100100001101,1,1,0,0.38,0.2368421107530594,8,5
7,2,6,15,111111110001101110100100001101,1,1,0,0.5,0.3333333432674408,7,3
7,2,6,16,111111110001101110100100001101,1,1,0,0.34,0.6447368264198303,7,3
7,2,6,18,111111110001101110100100001101,1,1,0,0.42,0.6904761791229248,8,5
7,2,6,21,111111110001101110100100001101,1,1,0,0.54,0.7206704020500183,8,5
7,2,6,26,111111110001101110100100001101,1,1,0,0.34,0.15789473056793213,6,4
7,2,6,27,111111110001101110100100001101,1,1,0,0.64,0.6521739363670349,7,5
7,2,6,29,111111110001101110100100001101,1,1,0,0.17,0.6309523582458496,7,3
7,2,7,0,100100000001010110101110010110,1,1,0,0.45,0.7878788113594055,1,1
7,2,7,3,100100000001010110101110010110,1,1,0,0.43,0.6363636255264282,8,6
7,2,7,11,100100000001010110101110010110,1,1,0,0.7,0.2142857164144516,6,5
7,2,7,13,100100000001010110101110010110,1,1,0,0.62,0.8780487775802612,7,3
7,2,7,15,100100000001010110101110010110,1,1,0,0.5,0.3333333432674408,7,3
7,2,7,16,100100000001010110101110010110,1,1,0,0.34,0.6447368264198303,7,3
7,2,7,18,100100000001010110101110010110,1,1,0,0.42,0.6904761791229248,8,5
7,2,7,20,100100000001010110101110010110,1,1,0,0.69,0.3235294222831726,6,4
7,2,7,21,100100000001010110101110010110,1,1,0,0.54,0.7206704020500183,8,5
7,2,7,22,100100000001010110101110010110,1,1,0,0.29,0.6285714507102966,8,2
7,2,7,25,100100000001010110101110010110,1,1,0,0.45,0.19607843458652496,8,4
7,2,7,27,100100000001010110101110010110,1,1,0,0.64,0.6521739363670349,7,5
7,2,7,28,100100000001010110101110010110,1,1,0,0.4,0.8620689511299133,8,3
7,2,8,3,000111100001001111001011110010,1,1,0,0.43,0.6363636255264282,8,6
7,2,8,4,000111100001001111001011110010,1,1,0,0.37,0.1944444477558136,5,3
7,2,8,5,000111100001001111001011110010,1,1,0,0.5,0.7916666865348816,8,6
7,2,8,6,000111100001001111001011110010,1,1,0,0.44,0.6608695387840271,5,3
7,2,8,11,000111100001001111001011110010,1,1,0,0.7,0.2142857164144516,6,5
7,2,8,14,000111100001001111001011110010,1,1,0,0.38,0.2368421107530594,8,5
7,2,8,15,000111100001001111001011110010,1,1,0,0.5,0.3333333432674408,7,3
7,2,8,16,000111100001001111001011110010,1,1,0,0.34,0.6447368264198303,7,3
7,2,8,17,000111100001001111001011110010,1,1,0,0.38,0.7142857313156128,7,3
7,2,8,20,000111100001001111001011110010,1,1,0,0.69,0.3235294222831726,6,4
7,2,8,22,000111100001001111001011110010,1,1,0,0.29,0.6285714507102966,8,2
7,2,8,23,000111100001001111001011110010,1,1,0,0.39,0.49180328845977783,8,4
7,2,8,24,000111100001001111001011110010,1,1,0,0.26,0.7586206793785095,5,2
7,2,8,25,000111100001001111001011110010,1,1,0,0.45,0.19607843458652496,8,4
7,2,8,28,000111100001001111001011110010,1,1,0,0.4,0.8620689511299133,8,3
7,2,9,0,100110111001001111011100111010,1,1,0,0.45,0.7878788113594055,1,1
7,2,9,3,100110111001001111011100111010,1,1,0,0.43,0.6363636255264282,8,6
7,2,9,4,100110111001001111011100111010,1,1,0,0.37,0.1944444477558136,5,3
7,2,9,6,100110111001001111011100111010,1,1,0,0.44,0.6608695387840271,5,3
7,2,9,7,100110111001001111011100111010,1,1,0,0.21,0.4754098355770111,6,2
7,2,9,8,100110111001001111011100111010,1,1,0,0.51,0.8641975522041321,8,6
7,2,9,11,100110111001001111011100111010,1,1,0,0.7,0.2142857164144516,6,5
7,2,9,14,100110111001001111011100111010,1,1,0,0.38,0.2368421107530594,8,5
7,2,9,15,100110111001001111011100111010,1,1,0,0.5,0.3333333432674408,7,3
7,2,9,16,100110111001001111011100111010,1,1,0,0.34,0.6447368264198303,7,3
7,2,9,17,100110111001001111011100111010,1,1,0,0.38,0.7142857313156128,7,3
7,2,9,19,100110111001001111011100111010,1,1,0,0.35,0.37062937021255493,8,6
7,2,9,20,100110111001001111011100111010,1,1,0,0.69,0.3235294222831726,6,4
7,2,9,21,100110111001001111011100111010,1,1,0,0.54,0.7206704020500183,8,5
7,2,9,24,100110111001001111011100111010,1,1,0,0.26,0.7586206793785095,5,2
7,2,9,25,100110111001001111011100111010,1,1,0,0.45,0.19607843458652496,8,4
7,2,9,26,100110111001001111011100111010,1,1,0,0.34,0.15789473056793213,6,4
7,2,9,28,100110111001001111011100111010,1,1,0,0.4,0.8620689511299133,8,3
7,3,0,2,001111101111111000110101000110,1,1,0,0.26,0.7886179089546204,8,5
7,3,0,3,001111101111111000110101000110,1,1,0,0.43,0.6363636255264282,8,6
7,3,0,4,001111101111111000110101000110,1,1,0,0.37,0.1944444477558136,5,3
7,3,0,5,001111101111111000110101000110,1,1,0,0.5,0.7916666865348816,8,6
7,3,0,6,001111101111111000110101000110,1,1,0,0.44,0.6608695387840271,5,3
7,3,0,8,001111101111111000110101000110,1,1,0,0.51,0.8641975522041321,8,6
7,3,0,9,001111101111111000110101000110,1,1,0,0.29,0.8045976758003235,6,2
7,3,0,10,001111101111111000110101000110,1,1,0,0.37,0.9090909361839294,7,3
7,3,0,11,001111101111111000110101000110,1,1,0,0.7,0.2142857164144516,6,5
7,3,0,12,001111101111111000110101000110,1,1,0,0.4,0.7368420958518982,8,7
7,3,0,13,001111101111111000110101000110,1,1,0,0.62,0.8780487775802612,7,3
7,3,0,14,001111101111111000110101000110,1,1,0,0.38,0.2368421107530594,8,5
7,3,0,18,001111101111111000110101000110,1,1,0,0.42,0.6904761791229248,8,5
7,3,0,19,001111101111111000110101000110,1,1,0,0.35,0.37062937021255493,8,6
7,3,0,21,001111101111111000110101000110,1,1,0,0.54,0.7206704020500183,8,5
7,3,0,23,001111101111111000110101000110,1,1,0,0.39,0.49180328845977783,8,4
7,3,0,27,001111101111111000110101000110,1,1,0,0.64,0.6521739363670349,7,5
7,3,0,28,001111101111111000110101000110,1,1,0,0.4,0.8620689511299133,8,3
7,3,1,2,001110010001001111000011010010,1,1,0,0.26,0.7886179089546204,8,5
7,3,1,3,001110010001001111000011010010,1,1,0,0.43,0.6363636255264282,8,6
7,3,1,4,001110010001001111000011010010,1,1,0,0.37,0.1944444477558136,5,3
7,3,1,7,001110010001001111000011010010,1,1,0,0.21,0.4754098355770111,6,2
7,3,1,11,001110010001001111000011010010,1,1,0,0.7,0.2142857164144516,6,5
7,3,1,14,001110010001001111000011010010,1,1,0,0.38,0.2368421107530594,8,5
7,3,1,15,001110010001001111000011010010,1,1,0,0.5,0.3333333432674408,7,3
7,3,1,16,001110010001001111000011010010,1,1,0,0.34,0.6447368264198303,7,3
7,3,1,17,001110010001001111000011010010,1,1,0,0.38,0.7142857313156128,7,3
7,3,1,22,001110010001001111000011010010,1,1,0,0.29,0.6285714507102966,8,2
7,3,1,23,001110010001001111000011010010,1,1,0,0.39,0.49180328845977783,8,4
7,3,1,25,001110010001001111000011010010,1,1,0,0.45,0.19607843458652496,8,4
7,3,1,28,001110010001001111000011010010,1,1,0,0.4,0.8620689511299133,8,3
7,3,2,1,011011011100001100011100011110,1,1,0,0.5,0.808080792427063,8,6
7,3,2,2,011011011100001100011100011110,1,1,0,0.26,0.7886179089546204,8,5
7,3,2,4,011011011100001100011100011110,1,1,0,0.37,0.1944444477558136,5,3
7,3,2,5,011011011100001100011100011110,1,1,0,0.5,0.7916666865348816,8,6
7,3,2,7,011011011100001100011100011110,1,1,0,0.21,0.4754098355770111,6,2
7,3,2,8,011011011100001100011100011110,1,1,0,0.51,0.8641975522041321,8,6
7,3,2,9,011011011100001100011100011110,1,1,0,0.29,0.8045976758003235,6,2
7,3,2,14,011011011100001100011100011110,1,1,0,0.38,0.2368421107530594,8,5
7,3,2,15,011011011100001100011100011110,1,1,0,0.5,0.3333333432674408,7,3
7,3,2,19,011011011100001100011100011110,1,1,0,0.35,0.37062937021255493,8,6
7,3,2,20,011011011100001100011100011110,1,1,0,0.69,0.3235294222831726,6,4
7,3,2,21,011011011100001100011100011110,1,1,0,0.54,0.7206704020500183,8,5
7,3,2,25,011011011100001100011100011110,1,1,0,0.45,0.19607843458652496,8,4
7,3,2,26,011011011100001100011100011110,1,1,0,0.34,0.15789473056793213,6,4
7,3,2,27,011011011100001100011100011110,1,1,0,0.64,0.6521739363670349,7,5
7,3,2,28,011011011100001100011100011110,1,1,0,0.4,0.8620689511299133,8,3
7,3,3,0,111111110001101111011111011010,1,1,0,0.45,0.7878788113594055,1,1
7,3,3,1,111111110001101111011111011010,1,1,0,0.5,0.808080792427063,8,6
7,3,3,2,111111110001101111011111011010,1,1,0,0.26,0.7886179089546204,8,5
7,3,3,3,111111110001101111011111011010,1,1,0,0.43,0.6363636255264282,8,6
7,3,3,4,111111110001101111011111011010,1,1,0,0.37,0.1944444477558136,5,3
7,3,3,5,111111110001101111011111011010,1,1,0,0.5,0.7916666865348816,8,6
7,3,3,6,111111110001101111011111011010,1,1,0,0.44,0.6608695387840271,5,3
7,3,3,7,111111110001101111011111011010,1,1,0,0.21,0.4754098355770111,6,2
7,3,3,11,111111110001101111011111011010,1,1,0,0.7,0.2142857164144516,6,5
7,3,3,12,111111110001101111011111011010,1,1,0,0.4,0.7368420958518982,8,7
7,3,3,14,111111110001101111011111011010,1,1,0,0.38,0.2368421107530594,8,5
7,3,3,15,111111110001101111011111011010,1,1,0,0.5,0.3333333432674408,7,3
7,3,3,16,111111110001101111011111011010,1,1,0,0.34,0.6447368264198303,7,3
7,3,3,17,111111110001101111011111011010,1,1,0,0.38,0.7142857313156128,7,3
7,3,3,19,111111110001101111011111011010,1,1,0,0.35,0.37062937021255493,8,6
7,3,3,20,111111110001101111011111011010,1,1,0,0.69,0.3235294222831726,6,4
7,3,3,21,111111110001101111011111011010,1,1,0,0.54,0.7206704020500183,8,5
7,3,3,22,111111110001101111011111011010,1,1,0,0.29,0.6285714507102966,8,2
7,3,3,23,111111110001101111011111011010,1,1,0,0.39,0.49180328845977783,8,4
7,3,3,25,111111110001101111011111011010,1,1,0,0.45,0.19607843458652496,8,4
7,3,3,26,111111110001101111011111011010,1,1,0,0.34,0.15789473056793213,6,4
7,3,3,28,111111110001101111011111011010,1,1,0,0.4,0.8620689511299133,8,3
7,3,4,1,011011001010110100101100001000,1,1,0,0.5,0.808080792427063,8,6
7,3,4,2,011011001010110100101100001000,1,1,0,0.26,0.7886179089546204,8,5
7,3,4,4,011011001010110100101100001000,1,1,0,0.37,0.1944444477558136,5,3
7,3,4,5,011011001010110100101100001000,1,1,0,0.5,0.7916666865348816,8,6
7,3,4,8,011011001010110100101100001000,1,1,0,0.51,0.8641975522041321,8,6
7,3,4,10,011011001010110100101100001000,1,1,0,0.37,0.9090909361839294,7,3
7,3,4,12,011011001010110100101100001000,1,1,0,0.4,0.7368420958518982,8,7
7,3,4,13,011011001010110100101100001000,1,1,0,0.62,0.8780487775802612,7,3
7,3,4,15,011011001010110100101100001000,1,1,0,0.5,0.3333333432674408,7,3
7,3,4,18,011011001010110100101100001000,1,1,0,0.42,0.6904761791229248,8,5
7,3,4,20,011011001010110100101100001000,1,1,0,0.69,0.3235294222831726,6,4
7,3,4,21,011011001010110100101100001000,1,1,0,0.54,0.7206704020500183,8,5
7,3,4,26,011011001010110100101100001000,1,1,0,0.34,0.15789473056793213,6,4
7,3,5,0,100100000001010110101110001000,1,1,0,0.45,0.7878788113594055,1,1
7,3,5,3,100100000001010110101110001000,1,1,0,0.43,0.6363636255264282,8,6
7,3,5,11,100100000001010110101110001000,1,1,0,0.7,0.2142857164144516,6,5
7,3,5,13,100100000001010110101110001000,1,1,0,0.62,0.8780487775802612,7,3
7,3,5,15,100100000001010110101110001000,1,1,0,0.5,0.3333333432674408,7,3
7,3,5,16,100100000001010110101110001000,1,1,0,0.34,0.6447368264198303,7,3
7,3,5,18,100100000001010110101110001000,1,1,0,0.42,0.6904761791229248,8,5
7,3,5,20,100100000001010110101110001000,1,1,0,0.69,0.3235294222831726,6,4
7,3,5,21,100100000001010110101110001000,1,1,0,0.54,0.7206704020500183,8,5
7,3,5,22,100100000001010110101110001000,1,1,0,0.29,0.6285714507102966,8,2
7,3,5,26,100100000001010110101110001000,1,1,0,0.34,0.15789473056793213,6,4
7,3,6,0,111111110001101110100100001101,1,1,0,0.45,0.7878788113594055,1,1
7,3,6,1,111111110001101110100100001101,1,1,0,0.5,0.808080792427063,8,6
7,3,6,2,111111110001101110100100001101,1,1,0,0.26,0.7886179089546204,8,5
7,3,6,3,111111110001101110100100001101,1,1,0,0.43,0.6363636255264282,8,6
7,3,6,4,111111110001101110100100001101,1,1,0,0.37,0.1944444477558136,5,3
7,3,6,5,111111110001101110100100001101,1,1,0,0.5,0.7916666865348816,8,6
7,3,6,6,111111110001101110100100001101,1,1,0,0.44,0.6608695387840271,5,3
7,3,6,7,111111110001101110100100001101,1,1,0,0.21,0.4754098355770111,6,2
7,3,6,11,111111110001101110100100001101,1,1,0,0.7,0.2142857164144516,6,5
7,3,6,12,111111110001101110100100001101,1,1,0,0.4,0.7368420958518982,8,7
7,3,6,14,111111110001101110100100001101,1,1,0,0.38,0.2368421107530594,8,5
7,3,6,15,111111110001101110100100001101,1,1,0,0.5,0.3333333432674408,7,3
7,3,6,16,111111110001101110100100001101,1,1,0,0.34,0.6447368264198303,7,3
7,3,6,18,111111110001101110100100001101,1,1,0,0.42,0.6904761791229248,8,5
7,3,6,21,111111110001101110100100001101,1,1,0,0.54,0.7206704020500183,8,5
7,3,6,26,111111110001101110100100001101,1,1,0,0.34,0.15789473056793213,6,4
7,3,6,27,111111110001101110100100001101,1,1,0,0.64,0.6521739363670349,7,5
7,3,6,29,111111110001101110100100001101,1,1,0,0.17,0.6309523582458496,7,3
7,3,7,0,100100000001010110101110010110,1,1,0,0.45,0.7878788113594055,1,1
7,3,7,3,100100000001010110101110010110,1,1,0,0.43,0.6363636255264282,8,6
7,3,7,11,100100000001010110101110010110,1,1,0,0.7,0.2142857164144516,6,5
7,3,7,13,100100000001010110101110010110,1,1,0,0.62,0.8780487775802612,7,3
7,3,7,15,100100000001010110101110010110,1,1,0,0.5,0.3333333432674408,7,3
7,3,7,16,100100000001010110101110010110,1,1,0,0.34,0.6447368264198303,7,3
7,3,7,18,100100000001010110101110010110,1,1,0,0.42,0.6904761791229248,8,5
7,3,7,20,100100000001010110101110010110,1,1,0,0.69,0.3235294222831726,6,4
7,3,7,21,100100000001010110101110010110,1,1,0,0.54,0.7206704020500183,8,5
7,3,7,22,100100000001010110101110010110,1,1,0,0.29,0.6285714507102966,8,2
7,3,7,25,100100000001010110101110010110,1,1,0,0.45,0.19607843458652496,8,4
7,3,7,27,100100000001010110101110010110,1,1,0,0.64,0.6521739363670349,7,5
7,3,7,28,100100000001010110101110010110,1,1,0,0.4,0.8620689511299133,8,3
7,3,8,3,000111100001001111001011110010,1,1,0,0.43,0.6363636255264282,8,6
7,3,8,4,000111100001001111001011110010,1,1,0,0.37,0.1944444477558136,5,3
7,3,8,5,000111100001001111001011110010,1,1,0,0.5,0.7916666865348816,8,6
7,3,8,6,000111100001001111001011110010,1,1,0,0.44,0.6608695387840271,5,3
7,3,8,11,000111100001001111001011110010,1,1,0,0.7,0.2142857164144516,6,5
7,3,8,14,000111100001001111001011110010,1,1,0,0.38,0.2368421107530594,8,5
7,3,8,15,000111100001001111001011110010,1,1,0,0.5,0.3333333432674408,7,3
7,3,8,16,000111100001001111001011110010,1,1,0,0.34,0.6447368264198303,7,3
7,3,8,17,000111100001001111001011110010,1,1,0,0.38,0.7142857313156128,7,3
7,3,8,20,000111100001001111001011110010,1,1,0,0.69,0.3235294222831726,6,4
7,3,8,22,000111100001001111001011110010,1,1,0,0.29,0.6285714507102966,8,2
7,3,8,23,000111100001001111001011110010,1,1,0,0.39,0.49180328845977783,8,4
7,3,8,24,000111100001001111001011110010,1,1,0,0.26,0.7586206793785095,5,2
7,3,8,25,000111100001001111001011110010,1,1,0,0.45,0.19607843458652496,8,4
7,3,8,28,000111100001001111001011110010,1,1,0,0.4,0.8620689511299133,8,3
7,3,9,0,100110111001001111011100111010,1,1,0,0.45,0.7878788113594055,1,1
7,3,9,3,100110111001001111011100111010,1,1,0,0.43,0.6363636255264282,8,6
7,3,9,4,100110111001001111011100111010,1,1,0,0.37,0.1944444477558136,5,3
7,3,9,6,100110111001001111011100111010,1,1,0,0.44,0.6608695387840271,5,3
7,3,9,7,100110111001001111011100111010,1,1,0,0.21,0.4754098355770111,6,2
7,3,9,8,100110111001001111011100111010,1,1,0,0.51,0.8641975522041321,8,6
7,3,9,11,100110111001001111011100111010,1,1,0,0.7,0.2142857164144516,6,5
7,3,9,14,100110111001001111011100111010,1,1,0,0.38,0.2368421107530594,8,5
7,3,9,15,100110111001001111011100111010,1,1,0,0.5,0.3333333432674408,7,3
7,3,9,16,100110111001001111011100111010,1,1,0,0.34,0.6447368264198303,7,3
7,3,9,17,100110111001001111011100111010,1,1,0,0.38,0.7142857313156128,7,3
7,3,9,19,100110111001001111011100111010,1,1,0,0.35,0.37062937021255493,8,6
7,3,9,20,100110111001001111011100111010,1,1,0,0.69,0.3235294222831726,6,4
7,3,9,21,100110111001001111011100111010,1,1,0,0.54,0.7206704020500183,8,5
7,3,9,24,100110111001001111011100111010,1,1,0,0.26,0.7586206793785095,5,2
7,3,9,25,100110111001001111011100111010,1,1,0,0.45,0.19607843458652496,8,4
7,3,9,26,100110111001001111011100111010,1,1,0,0.34,0.15789473056793213,6,4
7,3,9,28,100110111001001111011100111010,1,1,0,0.4,0.8620689511299133,8,3
7,3,10,0,111111001010110010101100001010,1,1,0,0.45,0.7878788113594055,1,1
7,3,10,1,111111001010110010101100001010,1,1,0,0.5,0.808080792427063,8,6
7,3,10,2,111111001010110010101100001010,1,1,0,0.26,0.7886179089546204,8,5
7,3,10,3,111111001010110010101100001010,1,1,0,0.43,0.6363636255264282,8,6
7,3,10,4,111111001010110010101100001010,1,1,0,0.37,0.1944444477558136,5,3
7,3,10,5,111111001010110010101100001010,1,1,0,0.5,0.7916666865348816,8,6
7,3,10,8,111111001010110010101100001010,1,1,0,0.51,0.8641975522041321,8,6
7,3,10,10,111111001010110010101100001010,1,1,0,0.37,0.9090909361839294,7,3
7,3,10,12,111111001010110010101100001010,1,1,0,0.4,0.7368420958518982,8,7
7,3,10,13,111111001010110010101100001010,1,1,0,0.62,0.8780487775802612,7,3
7,3,10,16,111111001010110010101100001010,1,1,0,0.34,0.6447368264198303,7,3
7,3,10,18,111111001010110010101100001010,1,1,0,0.42,0.6904761791229248,8,5
7,3,10,20,111111001010110010101100001010,1,1,0,0.69,0.3235294222831726,6,4
7,3,10,21,111111001010110010101100001010,1,1,0,0.54,0.7206704020500183,8,5
7,3,10,26,111111001010110010101100001010,1,1,0,0.34,0.15789473056793213,6,4
7,3,10,28,111111001010110010101100001010,1,1,0,0.4,0.8620689511299133,8,3
7,3,11,2,001110000001000110101010010110,1,1,0,0.26,0.7886179089546204,8,5
7,3,11,3,001110000001000110101010010110,1,1,0,0.43,0.6363636255264282,8,6
7,3,11,4,001110000001000110101010010110,1,1,0,0.37,0.1944444477558136,5,3
7,3,11,11,001110000001000110101010010110,1,1,0,0.7,0.2142857164144516,6,5
7,3,11,15,001110000001000110101010010110,1,1,0,0.5,0.3333333432674408,7,3
7,3,11,16,001110000001000110101010010110,1,1,0,0.34,0.6447368264198303,7,3
7,3,11,18,001110000001000110101010010110,1,1,0,0.42,0.6904761791229248,8,5
7,3,11,20,001110000001000110101010010110,1,1,0,0.69,0.3235294222831726,6,4
7,3,11,22,001110000001000110101010010110,1,1,0,0.29,0.6285714507102966,8,2
7,3,11,25,001110000001000110101010010110,1,1,0,0.45,0.19607843458652496,8,4
7,3,11,27,001110000001000110101010010110,1,1,0,0.64,0.6521739363670349,7,5
7,3,11,28,001110000001000110101010010110,1,1,0,0.4,0.8620689511299133,8,3
7,3,12,0,101011110001101111111111001000,1,1,0,0.45,0.7878788113594055,1,1
7,3,12,2,101011110001101111111111001000,1,1,0,0.26,0.7886179089546204,8,5
7,3,12,4,101011110001101111111111001000,1,1,0,0.37,0.1944444477558136,5,3
7,3,12,5,101011110001101111111111001000,1,1,0,0.5,0.7916666865348816,8,6
7,3,12,6,101011110001101111111111001000,1,1,0,0.44,0.6608695387840271,5,3
7,3,12,7,101011110001101111111111001000,1,1,0,0.21,0.4754098355770111,6,2
7,3,12,11,101011110001101111111111001000,1,1,0,0.7,0.2142857164144516,6,5
7,3,12,12,101011110001101111111111001000,1,1,0,0.4,0.7368420958518982,8,7
7,3,12,14,101011110001101111111111001000,1,1,0,0.38,0.2368421107530594,8,5
7,3,12,15,101011110001101111111111001000,1,1,0,0.5,0.3333333432674408,7,3
7,3,12,16,101011110001101111111111001000,1,1,0,0.34,0.6447368264198303,7,3
7,3,12,17,101011110001101111111111001000,1,1,0,0.38,0.7142857313156128,7,3
7,3,12,18,101011110001101111111111001000,1,1,0,0.42,0.6904761791229248,8,5
7,3,12,19,101011110001101111111111001000,1,1,0,0.35,0.37062937021255493,8,6
7,3,12,20,101011110001101111111111001000,1,1,0,0.69,0.3235294222831726,6,4
7,3,12,21,101011110001101111111111001000,1,1,0,0.54,0.7206704020500183,8,5
7,3,12,22,101011110001101111111111001000,1,1,0,0.29,0.6285714507102966,8,2
7,3,12,23,101011110001101111111111001000,1,1,0,0.39,0.49180328845977783,8,4
7,3,12,26,101011110001101111111111001000,1,1,0,0.34,0.15789473056793213,6,4
7,3,13,0,111111110001011100000100001101,1,1,0,0.45,0.7878788113594055,1,1
7,3,13,1,111111110001011100000100001101,1,1,0,0.5,0.808080792427063,8,6
7,3,13,2,111111110001011100000100001101,1,1,0,0.26,0.7886179089546204,8,5
7,3,13,3,111111110001011100000100001101,1,1,0,0.43,0.6363636255264282,8,6
7,3,13,4,111111110001011100000100001101,1,1,0,0.37,0.1944444477558136,5,3
7,3,13,5,111111110001011100000100001101,1,1,0,0.5,0.7916666865348816,8,6
7,3,13,6,111111110001011100000100001101,1,1,0,0.44,0.6608695387840271,5,3
7,3,13,7,111111110001011100000100001101,1,1,0,0.21,0.4754098355770111,6,2
7,3,13,11,111111110001011100000100001101,1,1,0,0.7,0.2142857164144516,6,5
7,3,13,13,111111110001011100000100001101,1,1,0,0.62,0.8780487775802612,7,3
7,3,13,14,111111110001011100000100001101,1,1,0,0.38,0.2368421107530594,8,5
7,3,13,15,111111110001011100000100001101,1,1,0,0.5,0.3333333432674408,7,3
7,3,13,21,111111110001011100000100001101,1,1,0,0.54,0.7206704020500183,8,5
7,3,13,26,111111110001011100000100001101,1,1,0,0.34,0.15789473056793213,6,4
7,3,13,27,111111110001011100000100001101,1,1,0,0.64,0.6521739363670349,7,5
7,3,13,29,111111110001011100000100001101,1,1,0,0.17,0.6309523582458496,7,3
7,3,14,0,100110010001001111000011010010,1,1,0,0.45,0.7878788113594055,1,1
7,3,14,3,100110010001001111000011010010,1,1,0,0.43,0.6363636255264282,8,6
7,3,14,4,100110010001001111000011010010,1,1,0,0.37,0.1944444477558136,5,3
7,3,14,7,100110010001001111000011010010,1,1,0,0.21,0.4754098355770111,6,2
7,3,14,11,100110010001001111000011010010,1,1,0,0.7,0.2142857164144516,6,5
7,3,14,14,100110010001001111000011010010,1,1,0,0.38,0.2368421107530594,8,5
7,3,14,15,100110010001001111000011010010,1,1,0,0.5,0.3333333432674408,7,3
7,3,14,16,100110010001001111000011010010,1,1,0,0.34,0.6447368264198303,7,3
7,3,14,17,100110010001001111000011010010,1,1,0,0.38,0.7142857313156128,7,3
7,3,14,22,100110010001001111000011010010,1,1,0,0.29,0.6285714507102966,8,2
7,3,14,23,100110010001001111000011010010,1,1,0,0.39,0.49180328845977783,8,4
7,3,14,25,100110010001001111000011010010,1,1,0,0.45,0.19607843458652496,8,4
7,3,14,28,100110010001001111000011010010,1,1,0,0.4,0.8620689511299133,8,3
7,3,15,0,100110110101010010101110110110,1,1,0,0.45,0.7878788113594055,1,1
7,3,15,3,100110110101010010101110110110,1,1,0,0.43,0.6363636255264282,8,6
7,3,15,4,100110110101010010101110110110,1,1,0,0.37,0.1944444477558136,5,3
7,3,15,6,100110110101010010101110110110,1,1,0,0.44,0.6608695387840271,5,3
7,3,15,7,100110110101010010101110110110,1,1,0,0.21,0.4754098355770111,6,2
7,3,15,9,100110110101010010101110110110,1,1,0,0.29,0.8045976758003235,6,2
7,3,15,11,100110110101010010101110110110,1,1,0,0.7,0.2142857164144516,6,5
7,3,15,13,100110110101010010101110110110,1,1,0,0.62,0.8780487775802612,7,3
7,3,15,16,100110110101010010101110110110,1,1,0,0.34,0.6447368264198303,7,3
7,3,15,18,100110110101010010101110110110,1,1,0,0.42,0.6904761791229248,8,5
7,3,15,20,100110110101010010101110110110,1,1,0,0.69,0.3235294222831726,6,4
7,3,15,21,100110110101010010101110110110,1,1,0,0.54,0.7206704020500183,8,5
7,3,15,22,100110110101010010101110110110,1,1,0,0.29,0.6285714507102966,8,2
7,3,15,24,100110110101010010101110110110,1,1,0,0.26,0.7586206793785095,5,2
7,3,15,25,100110110101010010101110110110,1,1,0,0.45,0.19607843458652496,8,4
7,3,15,27,100110110101010010101110110110,1,1,0,0.64,0.6521739363670349,7,5
7,3,15,28,100110110101010010101110110110,1,1,0,0.4,0.8620689511299133,8,3
7,3,16,0,100100000001111010100100001010,1,1,0,0.45,0.7878788113594055,1,1
7,3,16,3,100100000001111010100100001010,1,1,0,0.43,0.6363636255264282,8,6
7,3,16,11,100100000001111010100100001010,1,1,0,0.7,0.2142857164144516,6,5
7,3,16,12,100100000001111010100100001010,1,1,0,0.4,0.7368420958518982,8,7
7,3,16,13,100100000001111010100100001010,1,1,0,0.62,0.8780487775802612,7,3
7,3,16,14,100100000001111010100100001010,1,1,0,0.38,0.2368421107530594,8,5
7,3,16,16,100100000001111010100100001010,1,1,0,0.34,0.6447368264198303,7,3
7,3,16,18,100100000001111010100100001010,1,1,0,0.42,0.6904761791229248,8,5
7,3,16,21,100100000001111010100100001010,1,1,0,0.54,0.7206704020500183,8,5
7,3,16,26,100100000001111010100100001010,1,1,0,0.34,0.15789473056793213,6,4
7,3,16,28,100100000001111010100100001010,1,1,0,0.4,0.8620689511299133,8,3
7,3,17,0,100100000001010110101111010011,1,1,0,0.45,0.7878788113594055,1,1
7,3,17,3,100100000001010110101111010011,1,1,0,0.43,0.6363636255264282,8,6
7,3,17,11,100100000001010110101111010011,1,1,0,0.7,0.2142857164144516,6,5
7,3,17,13,100100000001010110101111010011,1,1,0,0.62,0.8780487775802612,7,3
7,3,17,15,100100000001010110101111010011,1,1,0,0.5,0.3333333432674408,7,3
7,3,17,16,100100000001010110101111010011,1,1,0,0.34,0.6447368264198303,7,3
7,3,17,18,100100000001010110101111010011,1,1,0,0.42,0.6904761791229248,8,5
7,3,17,20,100100000001010110101111010011,1,1,0,0.69,0.3235294222831726,6,4
7,3,17,21,100100000001010110101111010011,1,1,0,0.54,0.7206704020500183,8,5
7,3,17,22,100100000001010110101111010011,1,1,0,0.29,0.6285714507102966,8,2
7,3,17,23,100100000001010110101111010011,1,1,0,0.39,0.49180328845977783,8,4
7,3,17,25,100100000001010110101111010011,1,1,0,0.45,0.19607843458652496,8,4
7,3,17,28,100100000001010110101111010011,1,1,0,0.4,0.8620689511299133,8,3
7,3,17,29,100100000001010110101111010011,1,1,0,0.17,0.6309523582458496,7,3
7,3,18,2,001010001001001111000001010010,1,1,0,0.26,0.7886179089546204,8,5
7,3,18,4,001010001001001111000001010010,1,1,0,0.37,0.1944444477558136,5,3
7,3,18,8,001010001001001111000001010010,1,1,0,0.51,0.8641975522041321,8,6
7,3,18,11,001010001001001111000001010010,1,1,0,0.7,0.2142857164144516,6,5
7,3,18,14,001010001001001111000001010010,1,1,0,0.38,0.2368421107530594,8,5
7,3,18,15,001010001001001111000001010010,1,1,0,0.5,0.3333333432674408,7,3
7,3,18,16,001010001001001111000001010010,1,1,0,0.34,0.6447368264198303,7,3
7,3,18,17,001010001001001111000001010010,1,1,0,0.38,0.7142857313156128,7,3
7,3,18,23,001010001001001111000001010010,1,1,0,0.39,0.49180328845977783,8,4
7,3,18,25,001010001001001111000001010010,1,1,0,0.45,0.19607843458652496,8,4
7,3,18,28,001010001001001111000001010010,1,1,0,0.4,0.8620689511299133,8,3
7,4,0,2,001111101111111000110101000110,1,1,0,0.26,0.7886179089546204,8,5
7,4,0,3,001111101111111000110101000110,1,1,0,0.43,0.6363636255264282,8,6
7,4,0,4,001111101111111000110101000110,1,1,0,0.37,0.1944444477558136,5,3
7,4,0,5,001111101111111000110101000110,1,1,0,0.5,0.7916666865348816,8,6
7,4,0,6,001111101111111000110101000110,1,1,0,0.44,0.6608695387840271,5,3
7,4,0,8,001111101111111000110101000110,1,1,0,0.51,0.8641975522041321,8,6
7,4,0,9,001111101111111000110101000110,1,1,0,0.29,0.8045976758003235,6,2
7,4,0,10,001111101111111000110101000110,1,1,0,0.37,0.9090909361839294,7,3
7,4,0,11,001111101111111000110101000110,1,1,0,0.7,0.2142857164144516,6,5
7,4,0,12,001111101111111000110101000110,1,1,0,0.4,0.7368420958518982,8,7
7,4,0,13,001111101111111000110101000110,1,1,0,0.62,0.8780487775802612,7,3
7,4,0,14,001111101111111000110101000110,1,1,0,0.38,0.2368421107530594,8,5
7,4,0,18,001111101111111000110101000110,1,1,0,0.42,0.6904761791229248,8,5
7,4,0,19,001111101111111000110101000110,1,1,0,0.35,0.37062937021255493,8,6
7,4,0,21,001111101111111000110101000110,1,1,0,0.54,0.7206704020500183,8,5
7,4,0,23,001111101111111000110101000110,1,1,0,0.39,0.49180328845977783,8,4
7,4,0,27,001111101111111000110101000110,1,1,0,0.64,0.6521739363670349,7,5
7,4,0,28,001111101111111000110101000110,1,1,0,0.4,0.8620689511299133,8,3
7,4,1,2,001110010001001111000011010010,1,1,0,0.26,0.7886179089546204,8,5
7,4,1,3,001110010001001111000011010010,1,1,0,0.43,0.6363636255264282,8,6
7,4,1,4,001110010001001111000011010010,1,1,0,0.37,0.1944444477558136,5,3
7,4,1,7,001110010001001111000011010010,1,1,0,0.21,0.4754098355770111,6,2
7,4,1,11,001110010001001111000011010010,1,1,0,0.7,0.2142857164144516,6,5
7,4,1,14,001110010001001111000011010010,1,1,0,0.38,0.2368421107530594,8,5
7,4,1,15,001110010001001111000011010010,1,1,0,0.5,0.3333333432674408,7,3
7,4,1,16,001110010001001111000011010010,1,1,0,0.34,0.6447368264198303,7,3
7,4,1,17,001110010001001111000011010010,1,1,0,0.38,0.7142857313156128,7,3
7,4,1,22,001110010001001111000011010010,1,1,0,0.29,0.6285714507102966,8,2
7,4,1,23,001110010001001111000011010010,1,1,0,0.39,0.49180328845977783,8,4
7,4,1,25,001110010001001111000011010010,1,1,0,0.45,0.19607843458652496,8,4
7,4,1,28,001110010001001111000011010010,1,1,0,0.4,0.8620689511299133,8,3
7,4,2,1,011011011100001100011100011110,1,1,0,0.5,0.808080792427063,8,6
7,4,2,2,011011011100001100011100011110,1,1,0,0.26,0.7886179089546204,8,5
7,4,2,4,011011011100001100011100011110,1,1,0,0.37,0.1944444477558136,5,3
7,4,2,5,011011011100001100011100011110,1,1,0,0.5,0.7916666865348816,8,6
7,4,2,7,011011011100001100011100011110,1,1,0,0.21,0.4754098355770111,6,2
7,4,2,8,011011011100001100011100011110,1,1,0,0.51,0.8641975522041321,8,6
7,4,2,9,011011011100001100011100011110,1,1,0,0.29,0.8045976758003235,6,2
7,4,2,14,011011011100001100011100011110,1,1,0,0.38,0.2368421107530594,8,5
7,4,2,15,011011011100001100011100011110,1,1,0,0.5,0.3333333432674408,7,3
7,4,2,19,011011011100001100011100011110,1,1,0,0.35,0.37062937021255493,8,6
7,4,2,20,011011011100001100011100011110,1,1,0,0.69,0.3235294222831726,6,4
7,4,2,21,011011011100001100011100011110,1,1,0,0.54,0.7206704020500183,8,5
7,4,2,25,011011011100001100011100011110,1,1,0,0.45,0.19607843458652496,8,4
7,4,2,26,011011011100001100011100011110,1,1,0,0.34,0.15789473056793213,6,4
7,4,2,27,011011011100001100011100011110,1,1,0,0.64,0.6521739363670349,7,5
7,4,2,28,011011011100001100011100011110,1,1,0,0.4,0.8620689511299133,8,3
7,4,3,1,011011001010110100101100001000,1,1,0,0.5,0.808080792427063,8,6
7,4,3,2,011011001010110100101100001000,1,1,0,0.26,0.7886179089546204,8,5
7,4,3,4,011011001010110100101100001000,1,1,0,0.37,0.1944444477558136,5,3
7,4,3,5,011011001010110100101100001000,1,1,0,0.5,0.7916666865348816,8,6
7,4,3,8,011011001010110100101100001000,1,1,0,0.51,0.8641975522041321,8,6
7,4,3,10,011011001010110100101100001000,1,1,0,0.37,0.9090909361839294,7,3
7,4,3,12,011011001010110100101100001000,1,1,0,0.4,0.7368420958518982,8,7
7,4,3,13,011011001010110100101100001000,1,1,0,0.62,0.8780487775802612,7,3
7,4,3,15,011011001010110100101100001000,1,1,0,0.5,0.3333333432674408,7,3
7,4,3,18,011011001010110100101100001000,1,1,0,0.42,0.6904761791229248,8,5
7,4,3,20,011011001010110100101100001000,1,1,0,0.69,0.3235294222831726,6,4
7,4,3,21,011011001010110100101100001000,1,1,0,0.54,0.7206704020500183,8,5
7,4,3,26,011011001010110100101100001000,1,1,0,0.34,0.15789473056793213,6,4
7,4,4,0,100100000001010110101110001000,1,1,0,0.45,0.7878788113594055,1,1
7,4,4,3,100100000001010110101110001000,1,1,0,0.43,0.6363636255264282,8,6
7,4,4,11,100100000001010110101110001000,1,1,0,0.7,0.2142857164144516,6,5
7,4,4,13,100100000001010110101110001000,1,1,0,0.62,0.8780487775802612,7,3
7,4,4,15,100100000001010110101110001000,1,1,0,0.5,0.3333333432674408,7,3
7,4,4,16,100100000001010110101110001000,1,1,0,0.34,0.6447368264198303,7,3
7,4,4,18,100100000001010110101110001000,1,1,0,0.42,0.6904761791229248,8,5
7,4,4,20,100100000001010110101110001000,1,1,0,0.69,0.3235294222831726,6,4
7,4,4,21,100100000001010110101110001000,1,1,0,0.54,0.7206704020500183,8,5
7,4,4,22,100100000001010110101110001000,1,1,0,0.29,0.6285714507102966,8,2
7,4,4,26,100100000001010110101110001000,1,1,0,0.34,0.15789473056793213,6,4
7,4,5,0,111111110001101110100100001101,1,1,0,0.45,0.7878788113594055,1,1
7,4,5,1,111111110001101110100100001101,1,1,0,0.5,0.808080792427063,8,6
7,4,5,2,111111110001101110100100001101,1,1,0,0.26,0.7886179089546204,8,5
7,4,5,3,111111110001101110100100001101,1,1,0,0.43,0.6363636255264282,8,6
7,4,5,4,111111110001101110100100001101,1,1,0,0.37,0.1944444477558136,5,3
7,4,5,5,111111110001101110100100001101,1,1,0,0.5,0.7916666865348816,8,6
7,4,5,6,111111110001101110100100001101,1,1,0,0.44,0.6608695387840271,5,3
7,4,5,7,111111110001101110100100001101,1,1,0,0.21,0.4754098355770111,6,2
7,4,5,11,111111110001101110100100001101,1,1,0,0.7,0.2142857164144516,6,5
7,4,5,12,111111110001101110100100001101,1,1,0,0.4,0.7368420958518982,8,7
7,4,5,14,111111110001101110100100001101,1,1,0,0.38,0.2368421107530594,8,5
7,4,5,15,111111110001101110100100001101,1,1,0,0.5,0.3333333432674408,7,3
7,4,5,16,111111110001101110100100001101,1,1,0,0.34,0.6447368264198303,7,3
7,4,5,18,111111110001101110100100001101,1,1,0,0.42,0.6904761791229248,8,5
7,4,5,21,111111110001101110100100001101,1,1,0,0.54,0.7206704020500183,8,5
7,4,5,26,111111110001101110100100001101,1,1,0,0.34,0.15789473056793213,6,4
7,4,5,27,111111110001101110100100001101,1,1,0,0.64,0.6521739363670349,7,5
7,4,5,29,111111110001101110100100001101,1,1,0,0.17,0.6309523582458496,7,3
7,4,6,0,100100000001010110101110010110,1,1,0,0.45,0.7878788113594055,1,1
7,4,6,3,100100000001010110101110010110,1,1,0,0.43,0.6363636255264282,8,6
7,4,6,11,100100000001010110101110010110,1,1,0,0.7,0.2142857164144516,6,5
7,4,6,13,100100000001010110101110010110,1,1,0,0.62,0.8780487775802612,7,3
7,4,6,15,100100000001010110101110010110,1,1,0,0.5,0.3333333432674408,7,3
7,4,6,16,100100000001010110101110010110,1,1,0,0.34,0.6447368264198303,7,3
7,4,6,18,100100000001010110101110010110,1,1,0,0.42,0.6904761791229248,8,5
7,4,6,20,100100000001010110101110010110,1,1,0,0.69,0.3235294222831726,6,4
7,4,6,21,100100000001010110101110010110,1,1,0,0.54,0.7206704020500183,8,5
7,4,6,22,100100000001010110101110010110,1,1,0,0.29,0.6285714507102966,8,2
7,4,6,25,100100000001010110101110010110,1,1,0,0.45,0.19607843458652496,8,4
7,4,6,27,100100000001010110101110010110,1,1,0,0.64,0.6521739363670349,7,5
7,4,6,28,100100000001010110101110010110,1,1,0,0.4,0.8620689511299133,8,3
7,4,7,3,000111100001001111001011110010,1,1,0,0.43,0.6363636255264282,8,6
7,4,7,4,000111100001001111001011110010,1,1,0,0.37,0.1944444477558136,5,3
7,4,7,5,000111100001001111001011110010,1,1,0,0.5,0.7916666865348816,8,6
7,4,7,6,000111100001001111001011110010,1,1,0,0.44,0.6608695387840271,5,3
7,4,7,11,000111100001001111001011110010,1,1,0,0.7,0.2142857164144516,6,5
7,4,7,14,000111100001001111001011110010,1,1,0,0.38,0.2368421107530594,8,5
7,4,7,15,000111100001001111001011110010,1,1,0,0.5,0.3333333432674408,7,3
7,4,7,16,000111100001001111001011110010,1,1,0,0.34,0.6447368264198303,7,3
7,4,7,17,000111100001001111001011110010,1,1,0,0.38,0.7142857313156128,7,3
7,4,7,20,000111100001001111001011110010,1,1,0,0.69,0.3235294222831726,6,4
7,4,7,22,000111100001001111001011110010,1,1,0,0.29,0.6285714507102966,8,2
7,4,7,23,000111100001001111001011110010,1,1,0,0.39,0.49180328845977783,8,4
7,4,7,24,000111100001001111001011110010,1,1,0,0.26,0.7586206793785095,5,2
7,4,7,25,000111100001001111001011110010,1,1,0,0.45,0.19607843458652496,8,4
7,4,7,28,000111100001001111001011110010,1,1,0,0.4,0.8620689511299133,8,3
7,4,8,0,100110111001001111011100111010,1,1,0,0.45,0.7878788113594055,1,1
7,4,8,3,100110111001001111011100111010,1,1,0,0.43,0.6363636255264282,8,6
7,4,8,4,100110111001001111011100111010,1,1,0,0.37,0.1944444477558136,5,3
7,4,8,6,100110111001001111011100111010,1,1,0,0.44,0.6608695387840271,5,3
7,4,8,7,100110111001001111011100111010,1,1,0,0.21,0.4754098355770111,6,2
7,4,8,8,100110111001001111011100111010,1,1,0,0.51,0.8641975522041321,8,6
7,4,8,11,100110111001001111011100111010,1,1,0,0.7,0.2142857164144516,6,5
7,4,8,14,100110111001001111011100111010,1,1,0,0.38,0.2368421107530594,8,5
7,4,8,15,100110111001001111011100111010,1,1,0,0.5,0.3333333432674408,7,3
7,4,8,16,100110111001001111011100111010,1,1,0,0.34,0.6447368264198303,7,3
7,4,8,17,100110111001001111011100111010,1,1,0,0.38,0.7142857313156128,7,3
7,4,8,19,100110111001001111011100111010,1,1,0,0.35,0.37062937021255493,8,6
7,4,8,20,100110111001001111011100111010,1,1,0,0.69,0.3235294222831726,6,4
7,4,8,21,100110111001001111011100111010,1,1,0,0.54,0.7206704020500183,8,5
7,4,8,24,100110111001001111011100111010,1,1,0,0.26,0.7586206793785095,5,2
7,4,8,25,100110111001001111011100111010,1,1,0,0.45,0.19607843458652496,8,4
7,4,8,26,100110111001001111011100111010,1,1,0,0.34,0.15789473056793213,6,4
7,4,8,28,100110111001001111011100111010,1,1,0,0.4,0.8620689511299133,8,3
7,4,9,0,111111001010110010101100001010,1,1,0,0.45,0.7878788113594055,1,1
7,4,9,1,111111001010110010101100001010,1,1,0,0.5,0.808080792427063,8,6
7,4,9,2,111111001010110010101100001010,1,1,0,0.26,0.7886179089546204,8,5
7,4,9,3,111111001010110010101100001010,1,1,0,0.43,0.6363636255264282,8,6
7,4,9,4,111111001010110010101100001010,1,1,0,0.37,0.1944444477558136,5,3
7,4,9,5,111111001010110010101100001010,1,1,0,0.5,0.7916666865348816,8,6
7,4,9,8,111111001010110010101100001010,1,1,0,0.51,0.8641975522041321,8,6
7,4,9,10,111111001010110010101100001010,1,1,0,0.37,0.9090909361839294,7,3
7,4,9,12,111111001010110010101100001010,1,1,0,0.4,0.7368420958518982,8,7
7,4,9,13,111111001010110010101100001010,1,1,0,0.62,0.8780487775802612,7,3
7,4,9,16,111111001010110010101100001010,1,1,0,0.34,0.6447368264198303,7,3
7,4,9,18,111111001010110010101100001010,1,1,0,0.42,0.6904761791229248,8,5
7,4,9,20,111111001010110010101100001010,1,1,0,0.69,0.3235294222831726,6,4
7,4,9,21,111111001010110010101100001010,1,1,0,0.54,0.7206704020500183,8,5
7,4,9,26,111111001010110010101100001010,1,1,0,0.34,0.15789473056793213,6,4
7,4,9,28,111111001010110010101100001010,1,1,0,0.4,0.8620689511299133,8,3
7,4,10,2,001110000001000110101010010110,1,1,0,0.26,0.7886179089546204,8,5
7,4,10,3,001110000001000110101010010110,1,1,0,0.43,0.6363636255264282,8,6
7,4,10,4,001110000001000110101010010110,1,1,0,0.37,0.1944444477558136,5,3
7,4,10,11,001110000001000110101010010110,1,1,0,0.7,0.2142857164144516,6,5
7,4,10,15,001110000001000110101010010110,1,1,0,0.5,0.3333333432674408,7,3
7,4,10,16,001110000001000110101010010110,1,1,0,0.34,0.6447368264198303,7,3
7,4,10,18,001110000001000110101010010110,1,1,0,0.42,0.6904761791229248,8,5
7,4,10,20,001110000001000110101010010110,1,1,0,0.69,0.3235294222831726,6,4
7,4,10,22,001110000001000110101010010110,1,1,0,0.29,0.6285714507102966,8,2
7,4,10,25,001110000001000110101010010110,1,1,0,0.45,0.19607843458652496,8,4
7,4,10,27,001110000001000110101010010110,1,1,0,0.64,0.6521739363670349,7,5
7,4,10,28,001110000001000110101010010110,1,1,0,0.4,0.8620689511299133,8,3
7,4,11,0,111111110001011100000100001101,1,1,0,0.45,0.7878788113594055,1,1
7,4,11,1,111111110001011100000100001101,1,1,0,0.5,0.808080792427063,8,6
7,4,11,2,111111110001011100000100001101,1,1,0,0.26,0.7886179089546204,8,5
7,4,11,3,111111110001011100000100001101,1,1,0,0.43,0.6363636255264282,8,6
7,4,11,4,111111110001011100000100001101,1,1,0,0.37,0.1944444477558136,5,3
7,4,11,5,111111110001011100000100001101,1,1,0,0.5,0.7916666865348816,8,6
7,4,11,6,111111110001011100000100001101,1,1,0,0.44,0.6608695387840271,5,3
7,4,11,7,111111110001011100000100001101,1,1,0,0.21,0.4754098355770111,6,2
7,4,11,11,111111110001011100000100001101,1,1,0,0.7,0.2142857164144516,6,5
7,4,11,13,111111110001011100000100001101,1,1,0,0.62,0.8780487775802612,7,3
7,4,11,14,111111110001011100000100001101,1,1,0,0.38,0.2368421107530594,8,5
7,4,11,15,111111110001011100000100001101,1,1,0,0.5,0.3333333432674408,7,3
7,4,11,21,111111110001011100000100001101,1,1,0,0.54,0.7206704020500183,8,5
7,4,11,26,111111110001011100000100001101,1,1,0,0.34,0.15789473056793213,6,4
7,4,11,27,111111110001011100000100001101,1,1,0,0.64,0.6521739363670349,7,5
7,4,11,29,111111110001011100000100001101,1,1,0,0.17,0.6309523582458496,7,3
7,4,12,0,100110010001001111000011010010,1,1,0,0.45,0.7878788113594055,1,1
7,4,12,3,100110010001001111000011010010,1,1,0,0.43,0.6363636255264282,8,6
7,4,12,4,100110010001001111000011010010,1,1,0,0.37,0.1944444477558136,5,3
7,4,12,7,100110010001001111000011010010,1,1,0,0.21,0.4754098355770111,6,2
7,4,12,11,100110010001001111000011010010,1,1,0,0.7,0.2142857164144516,6,5
7,4,12,14,100110010001001111000011010010,1,1,0,0.38,0.2368421107530594,8,5
7,4,12,15,100110010001001111000011010010,1,1,0,0.5,0.3333333432674408,7,3
7,4,12,16,100110010001001111000011010010,1,1,0,0.34,0.6447368264198303,7,3
7,4,12,17,100110010001001111000011010010,1,1,0,0.38,0.7142857313156128,7,3
7,4,12,22,100110010001001111000011010010,1,1,0,0.29,0.6285714507102966,8,2
7,4,12,23,100110010001001111000011010010,1,1,0,0.39,0.49180328845977783,8,4
7,4,12,25,100110010001001111000011010010,1,1,0,0.45,0.19607843458652496,8,4
7,4,12,28,100110010001001111000011010010,1,1,0,0.4,0.8620689511299133,8,3
7,4,13,0,100100000001111010100100001010,1,1,0,0.45,0.7878788113594055,1,1
7,4,13,3,100100000001111010100100001010,1,1,0,0.43,0.6363636255264282,8,6
7,4,13,11,100100000001111010100100001010,1,1,0,0.7,0.2142857164144516,6,5
7,4,13,12,100100000001111010100100001010,1,1,0,0.4,0.7368420958518982,8,7
7,4,13,13,100100000001111010100100001010,1,1,0,0.62,0.8780487775802612,7,3
7,4,13,14,100100000001111010100100001010,1,1,0,0.38,0.2368421107530594,8,5
7,4,13,16,100100000001111010100100001010,1,1,0,0.34,0.6447368264198303,7,3
7,4,13,18,100100000001111010100100001010,1,1,0,0.42,0.6904761791229248,8,5
7,4,13,21,100100000001111010100100001010,1,1,0,0.54,0.7206704020500183,8,5
7,4,13,26,100100000001111010100100001010,1,1,0,0.34,0.15789473056793213,6,4
7,4,13,28,100100000001111010100100001010,1,1,0,0.4,0.8620689511299133,8,3
7,4,14,0,100100000001010110101111010011,1,1,0,0.45,0.7878788113594055,1,1
7,4,14,3,100100000001010110101111010011,1,1,0,0.43,0.6363636255264282,8,6
7,4,14,11,100100000001010110101111010011,1,1,0,0.7,0.2142857164144516,6,5
7,4,14,13,100100000001010110101111010011,1,1,0,0.62,0.8780487775802612,7,3
7,4,14,15,100100000001010110101111010011,1,1,0,0.5,0.3333333432674408,7,3
7,4,14,16,100100000001010110101111010011,1,1,0,0.34,0.6447368264198303,7,3
7,4,14,18,100100000001010110101111010011,1,1,0,0.42,0.6904761791229248,8,5
7,4,14,20,100100000001010110101111010011,1,1,0,0.69,0.3235294222831726,6,4
7,4,14,21,100100000001010110101111010011,1,1,0,0.54,0.7206704020500183,8,5
7,4,14,22,100100000001010110101111010011,1,1,0,0.29,0.6285714507102966,8,2
7,4,14,23,100100000001010110101111010011,1,1,0,0.39,0.49180328845977783,8,4
7,4,14,25,100100000001010110101111010011,1,1,0,0.45,0.19607843458652496,8,4
7,4,14,28,100100000001010110101111010011,1,1,0,0.4,0.8620689511299133,8,3
7,4,14,29,100100000001010110101111010011,1,1,0,0.17,0.6309523582458496,7,3
7,4,15,2,001010001001001111000001010010,1,1,0,0.26,0.7886179089546204,8,5
7,4,15,4,001010001001001111000001010010,1,1,0,0.37,0.1944444477558136,5,3
7,4,15,8,001010001001001111000001010010,1,1,0,0.51,0.8641975522041321,8,6
7,4,15,11,001010001001001111000001010010,1,1,0,0.7,0.2142857164144516,6,5
7,4,15,14,001010001001001111000001010010,1,1,0,0.38,0.2368421107530594,8,5
7,4,15,15,001010001001001111000001010010,1,1,0,0.5,0.3333333432674408,7,3
7,4,15,16,001010001001001111000001010010,1,1,0,0.34,0.6447368264198303,7,3
7,4,15,17,001010001001001111000001010010,1,1,0,0.38,0.7142857313156128,7,3
7,4,15,23,001010001001001111000001010010,1,1,0,0.39,0.49180328845977783,8,4
7,4,15,25,001010001001001111000001010010,1,1,0,0.45,0.19607843458652496,8,4
7,4,15,28,001010001001001111000001010010,1,1,0,0.4,0.8620689511299133,8,3
7,4,16,0,100100000001001111001001000010,1,1,0,0.45,0.7878788113594055,1,1
7,4,16,3,100100000001001111001001000010,1,1,0,0.43,0.6363636255264282,8,6
7,4,16,11,100100000001001111001001000010,1,1,0,0.7,0.2142857164144516,6,5
7,4,16,14,100100000001001111001001000010,1,1,0,0.38,0.2368421107530594,8,5
7,4,16,15,100100000001001111001001000010,1,1,0,0.5,0.3333333432674408,7,3
7,4,16,16,100100000001001111001001000010,1,1,0,0.34,0.6447368264198303,7,3
7,4,16,17,100100000001001111001001000010,1,1,0,0.38,0.7142857313156128,7,3
7,4,16,20,100100000001001111001001000010,1,1,0,0.69,0.3235294222831726,6,4
7,4,16,23,100100000001001111001001000010,1,1,0,0.39,0.49180328845977783,8,4
7,4,16,28,100100000001001111001001000010,1,1,0,0.4,0.8620689511299133,8,3
7,4,17,1,011000010101010110111010111000,1,1,0,0.5,0.808080792427063,8,6
7,4,17,2,011000010101010110111010111000,1,1,0,0.26,0.7886179089546204,8,5
7,4,17,7,011000010101010110111010111000,1,1,0,0.21,0.4754098355770111,6,2
7,4,17,9,011000010101010110111010111000,1,1,0,0.29,0.8045976758003235,6,2
7,4,17,11,011000010101010110111010111000,1,1,0,0.7,0.2142857164144516,6,5
7,4,17,13,011000010101010110111010111000,1,1,0,0.62,0.8780487775802612,7,3
7,4,17,15,011000010101010110111010111000,1,1,0,0.5,0.3333333432674408,7,3
7,4,17,16,011000010101010110111010111000,1,1,0,0.34,0.6447368264198303,7,3
7,4,17,18,011000010101010110111010111000,1,1,0,0.42,0.6904761791229248,8,5
7,4,17,19,011000010101010110111010111000,1,1,0,0.35,0.37062937021255493,8,6
7,4,17,20,011000010101010110111010111000,1,1,0,0.69,0.3235294222831726,6,4
7,4,17,22,011000010101010110111010111000,1,1,0,0.29,0.6285714507102966,8,2
7,4,17,24,011000010101010110111010111000,1,1,0,0.26,0.7586206793785095,5,2
7,4,17,25,011000010101010110111010111000,1,1,0,0.45,0.19607843458652496,8,4
7,4,17,26,011000010101010110111010111000,1,1,0,0.34,0.15789473056793213,6,4
7,4,18,1,011011001010110101101100011001,1,1,0,0.5,0.808080792427063,8,6
7,4,18,2,011011001010110101101100011001,1,1,0,0.26,0.7886179089546204,8,5
7,4,18,4,011011001010110101101100011001,1,1,0,0.37,0.1944444477558136,5,3
7,4,18,5,011011001010110101101100011001,1,1,0,0.5,0.7916666865348816,8,6
7,4,18,8,011011001010110101101100011001,1,1,0,0.51,0.8641975522041321,8,6
7,4,18,10,011011001010110101101100011001,1,1,0,0.37,0.9090909361839294,7,3
7,4,18,12,011011001010110101101100011001,1,1,0,0.4,0.7368420958518982,8,7
7,4,18,13,011011001010110101101100011001,1,1,0,0.62,0.8780487775802612,7,3
7,4,18,15,011011001010110101101100011001,1,1,0,0.5,0.3333333432674408,7,3
7,4,18,17,011011001010110101101100011001,1,1,0,0.38,0.7142857313156128,7,3
7,4,18,18,011011001010110101101100011001,1,1,0,0.42,0.6904761791229248,8,5
7,4,18,20,011011001010110101101100011001,1,1,0,0.69,0.3235294222831726,6,4
7,4,18,21,011011001010110101101100011001,1,1,0,0.54,0.7206704020500183,8,5
7,4,18,25,011011001010110101101100011001,1,1,0,0.45,0.19607843458652496,8,4
7,4,18,26,011011001010110101101100011001,1,1,0,0.34,0.15789473056793213,6,4
7,4,18,29,011011001010110101101100011001,1,1,0,0.17,0.6309523582458496,7,3
7,4,19,0,100100000001001111001111110000,1,1,0,0.45,0.7878788113594055,1,1
7,4,19,3,100100000001001111001111110000,1,1,0,0.43,0.6363636255264282,8,6
7,4,19,11,100100000001001111001111110000,1,1,0,0.7,0.2142857164144516,6,5
7,4,19,14,100100000001001111001111110000,1,1,0,0.38,0.2368421107530594,8,5
7,4,19,15,100100000001001111001111110000,1,1,0,0.5,0.3333333432674408,7,3
7,4,19,16,100100000001001111001111110000,1,1,0,0.34,0.6447368264198303,7,3
7,4,19,17,100100000001001111001111110000,1,1,0,0.38,0.7142857313156128,7,3
7,4,19,20,100100000001001111001111110000,1,1,0,0.69,0.3235294222831726,6,4
7,4,19,21,100100000001001111001111110000,1,1,0,0.54,0.7206704020500183,8,5
7,4,19,22,100100000001001111001111110000,1,1,0,0.29,0.6285714507102966,8,2
7,4,19,23,100100000001001111001111110000,1,1,0,0.39,0.49180328845977783,8,4
7,4,19,24,100100000001001111001111110000,1,1,0,0.26,0.7586206793785095,5,2
7,4,19,25,100100000001001111001111110000,1,1,0,0.45,0.19607843458652496,8,4
7,4,20,0,100100000000001011101110001010,1,1,0,0.45,0.7878788113594055,1,1
7,4,20,3,100100000000001011101110001010,1,1,0,0.43,0.6363636255264282,8,6
7,4,20,14,100100000000001011101110001010,1,1,0,0.38,0.2368421107530594,8,5
7,4,20,16,100100000000001011101110001010,1,1,0,0.34,0.6447368264198303,7,3
7,4,20,17,100100000000001011101110001010,1,1,0,0.38,0.7142857313156128,7,3
7,4,20,18,100100000000001011101110001010,1,1,0,0.42,0.6904761791229248,8,5
7,4,20,20,100100000000001011101110001010,1,1,0,0.69,0.3235294222831726,6,4
7,4,20,21,100100000000001011101110001010,1,1,0,0.54,0.7206704020500183,8,5
7,4,20,22,100100000000001011101110001010,1,1,0,0.29,0.6285714507102966,8,2
7,4,20,26,100100000000001011101110001010,1,1,0,0.34,0.15789473056793213,6,4
7,4,20,28,100100000000001011101110001010,1,1,0,0.4,0.8620689511299133,8,3
7,4,21,0,100110010001010110101110001010,1,1,0,0.45,0.7878788113594055,1,1
7,4,21,3,100110010001010110101110001010,1,1,0,0.43,0.6363636255264282,8,6
7,4,21,4,100110010001010110101110001010,1,1,0,0.37,0.1944444477558136,5,3
7,4,21,7,100110010001010110101110001010,1,1,0,0.21,0.4754098355770111,6,2
7,4,21,11,100110010001010110101110001010,1,1,0,0.7,0.2142857164144516,6,5
7,4,21,13,100110010001010110101110001010,1,1,0,0.62,0.8780487775802612,7,3
7,4,21,15,100110010001010110101110001010,1,1,0,0.5,0.3333333432674408,7,3
7,4,21,16,100110010001010110101110001010,1,1,0,0.34,0.6447368264198303,7,3
7,4,21,18,100110010001010110101110001010,1,1,0,0.42,0.6904761791229248,8,5
7,4,21,20,100110010001010110101110001010,1,1,0,0.69,0.3235294222831726,6,4
7,4,21,21,100110010001010110101110001010,1,1,0,0.54,0.7206704020500183,8,5
7,4,21,22,100110010001010110101110001010,1,1,0,0.29,0.6285714507102966,8,2
7,4,21,26,100110010001010110101110001010,1,1,0,0.34,0.15789473056793213,6,4
7,4,21,28,100110010001010110101110001010,1,1,0,0.4,0.8620689511299133,8,3
7,4,22,0,100111110001100110100100001110,1,1,0,0.45,0.7878788113594055,1,1
7,4,22,3,100111110001100110100100001110,1,1,0,0.43,0.6363636255264282,8,6
7,4,22,4,100111110001100110100100001110,1,1,0,0.37,0.1944444477558136,5,3
7,4,22,5,100111110001100110100100001110,1,1,0,0.5,0.7916666865348816,8,6
7,4,22,6,100111110001100110100100001110,1,1,0,0.44,0.6608695387840271,5,3
7,4,22,7,100111110001100110100100001110,1,1,0,0.21,0.4754098355770111,6,2
7,4,22,11,100111110001100110100100001110,1,1,0,0.7,0.2142857164144516,6,5
7,4,22,12,100111110001100110100100001110,1,1,0,0.4,0.7368420958518982,8,7
7,4,22,15,100111110001100110100100001110,1,1,0,0.5,0.3333333432674408,7,3
7,4,22,16,100111110001100110100100001110,1,1,0,0.34,0.6447368264198303,7,3
7,4,22,18,100111110001100110100100001110,1,1,0,0.42,0.6904761791229248,8,5
7,4,22,21,100111110001100110100100001110,1,1,0,0.54,0.7206704020500183,8,5
7,4,22,26,100111110001100110100100001110,1,1,0,0.34,0.15789473056793213,6,4
7,4,22,27,100111110001100110100100001110,1,1,0,0.64,0.6521739363670349,7,5
7,4,22,28,100111110001100110100100001110,1,1,0,0.4,0.8620689511299133,8,3
7,4,23,3,000100010001001101100011010010,1,1,0,0.43,0.6363636255264282,8,6
7,4,23,7,000100010001001101100011010010,1,1,0,0.21,0.4754098355770111,6,2
7,4,23,11,000100010001001101100011010010,1,1,0,0.7,0.2142857164144516,6,5
7,4,23,14,000100010001001101100011010010,1,1,0,0.38,0.2368421107530594,8,5
7,4,23,15,000100010001001101100011010010,1,1,0,0.5,0.3333333432674408,7,3
7,4,23,17,000100010001001101100011010010,1,1,0,0.38,0.7142857313156128,7,3
7,4,23,18,000100010001001101100011010010,1,1,0,0.42,0.6904761791229248,8,5
7,4,23,22,000100010001001101100011010010,1,1,0,0.29,0.6285714507102966,8,2
7,4,23,23,000100010001001101100011010010,1,1,0,0.39,0.49180328845977783,8,4
7,4,23,25,000100010001001101100011010010,1,1,0,0.45,0.19607843458652496,8,4
7,4,23,28,000100010001001101100011010010,1,1,0,0.4,0.8620689511299133,8,3
7,5,0,1,011011001010110100101100001000,1,1,0,0.5,0.808080792427063,8,6
7,5,0,2,011011001010110100101100001000,1,1,0,0.26,0.7886179089546204,8,5
7,5,0,4,011011001010110100101100001000,1,1,0,0.37,0.1944444477558136,5,3
7,5,0,5,011011001010110100101100001000,1,1,0,0.5,0.7916666865348816,8,6
7,5,0,8,011011001010110100101100001000,1,1,0,0.51,0.8641975522041321,8,6
7,5,0,10,011011001010110100101100001000,1,1,0,0.37,0.9090909361839294,7,3
7,5,0,12,011011001010110100101100001000,1,1,0,0.4,0.7368420958518982,8,7
7,5,0,13,011011001010110100101100001000,1,1,0,0.62,0.8780487775802612,7,3
7,5,0,15,011011001010110100101100001000,1,1,0,0.5,0.3333333432674408,7,3
7,5,0,18,011011001010110100101100001000,1,1,0,0.42,0.6904761791229248,8,5
7,5,0,20,011011001010110100101100001000,1,1,0,0.69,0.3235294222831726,6,4
7,5,0,21,011011001010110100101100001000,1,1,0,0.54,0.7206704020500183,8,5
7,5,0,26,011011001010110100101100001000,1,1,0,0.34,0.15789473056793213,6,4
7,5,1,0,100100000001010110101110001000,1,1,0,0.45,0.7878788113594055,1,1
7,5,1,3,100100000001010110101110001000,1,1,0,0.43,0.6363636255264282,8,6
7,5,1,11,100100000001010110101110001000,1,1,0,0.7,0.2142857164144516,6,5
7,5,1,13,100100000001010110101110001000,1,1,0,0.62,0.8780487775802612,7,3
7,5,1,15,100100000001010110101110001000,1,1,0,0.5,0.3333333432674408,7,3
7,5,1,16,100100000001010110101110001000,1,1,0,0.34,0.6447368264198303,7,3
7,5,1,18,100100000001010110101110001000,1,1,0,0.42,0.6904761791229248,8,5
7,5,1,20,100100000001010110101110001000,1,1,0,0.69,0.3235294222831726,6,4
7,5,1,21,100100000001010110101110001000,1,1,0,0.54,0.7206704020500183,8,5
7,5,1,22,100100000001010110101110001000,1,1,0,0.29,0.6285714507102966,8,2
7,5,1,26,100100000001010110101110001000,1,1,0,0.34,0.15789473056793213,6,4
7,5,2,0,100100000001010110101110010110,1,1,0,0.45,0.7878788113594055,1,1
7,5,2,3,100100000001010110101110010110,1,1,0,0.43,0.6363636255264282,8,6
7,5,2,11,100100000001010110101110010110,1,1,0,0.7,0.2142857164144516,6,5
7,5,2,13,100100000001010110101110010110,1,1,0,0.62,0.8780487775802612,7,3
7,5,2,15,100100000001010110101110010110,1,1,0,0.5,0.3333333432674408,7,3
7,5,2,16,100100000001010110101110010110,1,1,0,0.34,0.6447368264198303,7,3
7,5,2,18,100100000001010110101110010110,1,1,0,0.42,0.6904761791229248,8,5
7,5,2,20,100100000001010110101110010110,1,1,0,0.69,0.3235294222831726,6,4
7,5,2,21,100100000001010110101110010110,1,1,0,0.54,0.7206704020500183,8,5
7,5,2,22,100100000001010110101110010110,1,1,0,0.29,0.6285714507102966,8,2
7,5,2,25,100100000001010110101110010110,1,1,0,0.45,0.19607843458652496,8,4
7,5,2,27,100100000001010110101110010110,1,1,0,0.64,0.6521739363670349,7,5
7,5,2,28,100100000001010110101110010110,1,1,0,0.4,0.8620689511299133,8,3
7,5,3,0,100100000001000110101110001000,1,1,0,0.45,0.7878788113594055,1,1
7,5,3,3,100100000001000110101110001000,1,1,0,0.43,0.6363636255264282,8,6
7,5,3,11,100100000001000110101110001000,1,1,0,0.7,0.2142857164144516,6,5
7,5,3,15,100100000001000110101110001000,1,1,0,0.5,0.3333333432674408,7,3
7,5,3,16,100100000001000110101110001000,1,1,0,0.34,0.6447368264198303,7,3
7,5,3,18,100100000001000110101110001000,1,1,0,0.42,0.6904761791229248,8,5
7,5,3,20,100100000001000110101110001000,1,1,0,0.69,0.3235294222831726,6,4
7,5,3,21,100100000001000110101110001000,1,1,0,0.54,0.7206704020500183,8,5
7,5,3,22,100100000001000110101110001000,1,1,0,0.29,0.6285714507102966,8,2
7,5,3,26,100100000001000110101110001000,1,1,0,0.34,0.15789473056793213,6,4
7,5,4,0,100100001001111010101110000010,1,1,0,0.45,0.7878788113594055,1,1
7,5,4,3,100100001001111010101110000010,1,1,0,0.43,0.6363636255264282,8,6
7,5,4,8,100100001001111010101110000010,1,1,0,0.51,0.8641975522041321,8,6
7,5,4,11,100100001001111010101110000010,1,1,0,0.7,0.2142857164144516,6,5
7,5,4,12,100100001001111010101110000010,1,1,0,0.4,0.7368420958518982,8,7
7,5,4,13,100100001001111010101110000010,1,1,0,0.62,0.8780487775802612,7,3
7,5,4,14,100100001001111010101110000010,1,1,0,0.38,0.2368421107530594,8,5
7,5,4,16,100100001001111010101110000010,1,1,0,0.34,0.6447368264198303,7,3
7,5,4,18,100100001001111010101110000010,1,1,0,0.42,0.6904761791229248,8,5
7,5,4,20,100100001001111010101110000010,1,1,0,0.69,0.3235294222831726,6,4
7,5,4,21,100100001001111010101110000010,1,1,0,0.54,0.7206704020500183,8,5
7,5,4,22,100100001001111010101110000010,1,1,0,0.29,0.6285714507102966,8,2
7,5,4,28,100100001001111010101110000010,1,1,0,0.4,0.8620689511299133,8,3
7,5,5,2,001111110001101100100100001110,1,1,0,0.26,0.7886179089546204,8,5
7,5,5,3,001111110001101100100100001110,1,1,0,0.43,0.6363636255264282,8,6
7,5,5,4,001111110001101100100100001110,1,1,0,0.37,0.1944444477558136,5,3
7,5,5,5,001111110001101100100100001110,1,1,0,0.5,0.7916666865348816,8,6
7,5,5,6,001111110001101100100100001110,1,1,0,0.44,0.6608695387840271,5,3
7,5,5,7,001111110001101100100100001110,1,1,0,0.21,0.4754098355770111,6,2
7,5,5,11,001111110001101100100100001110,1,1,0,0.7,0.2142857164144516,6,5
7,5,5,12,001111110001101100100100001110,1,1,0,0.4,0.7368420958518982,8,7
7,5,5,14,001111110001101100100100001110,1,1,0,0.38,0.2368421107530594,8,5
7,5,5,15,001111110001101100100100001110,1,1,0,0.5,0.3333333432674408,7,3
7,5,5,18,001111110001101100100100001110,1,1,0,0.42,0.6904761791229248,8,5
7,5,5,21,001111110001101100100100001110,1,1,0,0.54,0.7206704020500183,8,5
7,5,5,26,001111110001101100100100001110,1,1,0,0.34,0.15789473056793213,6,4
7,5,5,27,001111110001101100100100001110,1,1,0,0.64,0.6521739363670349,7,5
7,5,5,28,001111110001101100100100001110,1,1,0,0.4,0.8620689511299133,8,3
7,5,6,3,000110000001010110101010010110,1,1,0,0.43,0.6363636255264282,8,6
7,5,6,4,000110000001010110101010010110,1,1,0,0.37,0.1944444477558136,5,3
7,5,6,11,000110000001010110101010010110,1,1,0,0.7,0.2142857164144516,6,5
7,5,6,13,000110000001010110101010010110,1,1,0,0.62,0.8780487775802612,7,3
7,5,6,15,000110000001010110101010010110,1,1,0,0.5,0.3333333432674408,7,3
7,5,6,16,000110000001010110101010010110,1,1,0,0.34,0.6447368264198303,7,3
7,5,6,18,000110000001010110101010010110,1,1,0,0.42,0.6904761791229248,8,5
7,5,6,20,000110000001010110101010010110,1,1,0,0.69,0.3235294222831726,6,4
7,5,6,22,000110000001010110101010010110,1,1,0,0.29,0.6285714507102966,8,2
7,5,6,25,000110000001010110101010010110,1,1,0,0.45,0.19607843458652496,8,4
7,5,6,27,000110000001010110101010010110,1,1,0,0.64,0.6521739363670349,7,5
7,5,6,28,000110000001010110101010010110,1,1,0,0.4,0.8620689511299133,8,3
7,5,7,1,011011010001000100001100001000,1,1,0,0.5,0.808080792427063,8,6
7,5,7,2,011011010001000100001100001000,1,1,0,0.26,0.7886179089546204,8,5
7,5,7,4,011011010001000100001100001000,1,1,0,0.37,0.1944444477558136,5,3
7,5,7,5,011011010001000100001100001000,1,1,0,0.5,0.7916666865348816,8,6
7,5,7,7,011011010001000100001100001000,1,1,0,0.21,0.4754098355770111,6,2
7,5,7,11,011011010001000100001100001000,1,1,0,0.7,0.2142857164144516,6,5
7,5,7,15,011011010001000100001100001000,1,1,0,0.5,0.3333333432674408,7,3
7,5,7,20,011011010001000100001100001000,1,1,0,0.69,0.3235294222831726,6,4
7,5,7,21,011011010001000100001100001000,1,1,0,0.54,0.7206704020500183,8,5
7,5,7,26,011011010001000100001100001000,1,1,0,0.34,0.15789473056793213,6,4
8,1,0,2,001111101111111000110101000110,1,1,0,0.16,0.8617886304855347,9,6
8,1,0,3,001111101111111000110101000110,1,1,0,0.48,1.0,8,6
8,1,0,4,001111101111111000110101000110,1,1,0,0.27,0.6944444179534912,9,4
8,1,0,5,001111101111111000110101000110,1,1,0,0.4,0.7916666865348816,9,7
8,1,0,6,001111101111111000110101000110,1,1,0,0.49,0.634782612323761,5,3
8,1,0,8,001111101111111000110101000110,1,1,0,0.56,0.8395061492919922,8,6
8,1,0,9,001111101111111000110101000110,1,1,0,0.34,0.8735632300376892,6,2
8,1,0,10,001111101111111000110101000110,1,1,0,0.42,0.8181818127632141,7,3
8,1,0,11,001111101111111000110101000110,1,1,0,0.6,0.7142857313156128,9,6
8,1,0,12,001111101111111000110101000110,1,1,0,0.45,0.6491228342056274,8,7
8,1,0,13,001111101111111000110101000110,1,1,0,0.67,0.9024389982223511,7,3
8,1,0,14,001111101111111000110101000110,1,1,0,0.43,0.32894736528396606,8,5
8,1,0,18,001111101111111000110101000110,1,1,0,0.47,0.6904761791229248,8,5
8,1,0,19,001111101111111000110101000110,1,1,0,0.4,0.0839160829782486,8,6
8,1,0,21,001111101111111000110101000110,1,1,0,0.44,0.7932960987091064,9,6
8,1,0,23,001111101111111000110101000110,1,1,0,0.44,0.8770492076873779,8,4
8,1,0,27,001111101111111000110101000110,1,1,0,0.69,0.8985507488250732,7,5
8,1,0,28,001111101111111000110101000110,1,1,0,0.45,0.8965517282485962,8,3
8,1,1,0,101000100000000010110001111110,1,1,0,0.5,0.22727273404598236,1,1
8,1,1,2,101000100000000010110001111110,1,1,0,0.16,0.8617886304855347,9,6
8,1,1,6,101000100000000010110001111110,1,1,0,0.49,0.634782612323761,5,3
8,1,1,16,101000100000000010110001111110,1,1,0,0.39,0.7105262875556946,7,3
8,1,1,18,101000100000000010110001111110,1,1,0,0.47,0.6904761791229248,8,5
8,1,1,19,101000100000000010110001111110,1,1,0,0.4,0.0839160829782486,8,6
8,1,1,23,101000100000000010110001111110,1,1,0,0.44,0.8770492076873779,8,4
8,1,1,24,101000100000000010110001111110,1,1,0,0.31,0.8103448152542114,5,2
8,1,1,25,101000100000000010110001111110,1,1,0,0.5,0.09803921729326248,8,4
8,1,1,26,101000100000000010110001111110,1,1,0,0.24,0.44736841320991516,9,5
8,1,1,27,101000100000000010110001111110,1,1,0,0.69,0.8985507488250732,7,5
8,1,1,28,101000100000000010110001111110,1,1,0,0.45,0.8965517282485962,8,3
8,1,2,0,111110111111110010100100001101,1,1,0,0.5,0.22727273404598236,1,1
8,1,2,1,111110111111110010100100001101,1,1,0,0.4,0.8282828330993652,9,7
8,1,2,2,111110111111110010100100001101,1,1,0,0.16,0.8617886304855347,9,6
8,1,2,3,111110111111110010100100001101,1,1,0,0.48,1.0,8,6
8,1,2,4,111110111111110010100100001101,1,1,0,0.27,0.6944444179534912,9,4
8,1,2,6,111110111111110010100100001101,1,1,0,0.49,0.634782612323761,5,3
8,1,2,7,111110111111110010100100001101,1,1,0,0.11,0.7377049326896667,9,3
8,1,2,8,111110111111110010100100001101,1,1,0,0.56,0.8395061492919922,8,6
8,1,2,9,111110111111110010100100001101,1,1,0,0.34,0.8735632300376892,6,2
8,1,2,10,111110111111110010100100001101,1,1,0,0.42,0.8181818127632141,7,3
8,1,2,11,111110111111110010100100001101,1,1,0,0.6,0.7142857313156128,9,6
8,1,2,12,111110111111110010100100001101,1,1,0,0.45,0.6491228342056274,8,7
8,1,2,13,111110111111110010100100001101,1,1,0,0.67,0.9024389982223511,7,3
8,1,2,16,111110111111110010100100001101,1,1,0,0.39,0.7105262875556946,7,3
8,1,2,18,111110111111110010100100001101,1,1,0,0.47,0.6904761791229248,8,5
8,1,2,21,111110111111110010100100001101,1,1,0,0.44,0.7932960987091064,9,6
8,1,2,26,111110111111110010100100001101,1,1,0,0.24,0.44736841320991516,9,5
8,1,2,27,111110111111110010100100001101,1,1,0,0.69,0.8985507488250732,7,5
8,1,2,29,111110111111110010100100001101,1,1,0,0.22,0.5595238208770752,7,3
8,1,3,0,100110101001001111001110110110,1,1,0,0.5,0.22727273404598236,1,1
8,1,3,3,100110101001001111001110110110,1,1,0,0.48,1.0,8,6
8,1,3,4,100110101001001111001110110110,1,1,0,0.27,0.6944444179534912,9,4
8,1,3,6,100110101001001111001110110110,1,1,0,0.49,0.634782612323761,5,3
8,1,3,8,100110101001001111001110110110,1,1,0,0.56,0.8395061492919922,8,6
8,1,3,11,100110101001001111001110110110,1,1,0,0.6,0.7142857313156128,9,6
8,1,3,14,100110101001001111001110110110,1,1,0,0.43,0.32894736528396606,8,5
8,1,3,15,100110101001001111001110110110,1,1,0,0.4,0.36000001430511475,9,4
8,1,3,16,100110101001001111001110110110,1,1,0,0.39,0.7105262875556946,7,3
8,1,3,17,100110101001001111001110110110,1,1,0,0.43,0.0,7,3
8,1,3,20,100110101001001111001110110110,1,1,0,0.59,0.8235294222831726,9,5
8,1,3,21,100110101001001111001110110110,1,1,0,0.44,0.7932960987091064,9,6
8,1,3,22,100110101001001111001110110110,1,1,0,0.34,0.41428571939468384,8,2
8,1,3,24,100110101001001111001110110110,1,1,0,0.31,0.8103448152542114,5,2
8,1,3,25,100110101001001111001110110110,1,1,0,0.5,0.09803921729326248,8,4
8,1,3,27,100110101001001111001110110110,1,1,0,0.69,0.8985507488250732,7,5
8,1,3,28,100110101001001111001110110110,1,1,0,0.45,0.8965517282485962,8,3
8,1,4,0,111000111010001001110010000100,1,1,0,0.5,0.22727273404598236,1,1
8,1,4,1,111000111010001001110010000100,1,1,0,0.4,0.8282828330993652,9,7
8,1,4,2,111000111010001001110010000100,1,1,0,0.16,0.8617886304855347,9,6
8,1,4,6,111000111010001001110010000100,1,1,0,0.49,0.634782612323761,5,3
8,1,4,7,111000111010001001110010000100,1,1,0,0.11,0.7377049326896667,9,3
8,1,4,8,111000111010001001110010000100,1,1,0,0.56,0.8395061492919922,8,6
8,1,4,10,111000111010001001110010000100,1,1,0,0.42,0.8181818127632141,7,3
8,1,4,14,111000111010001001110010000100,1,1,0,0.43,0.32894736528396606,8,5
8,1,4,17,111000111010001001110010000100,1,1,0,0.43,0.0,7,3
8,1,4,18,111000111010001001110010000100,1,1,0,0.47,0.6904761791229248,8,5
8,1,4,19,111000111010001001110010000100,1,1,0,0.4,0.0839160829782486,8,6
8,1,4,22,111000111010001001110010000100,1,1,0,0.34,0.41428571939468384,8,2
8,1,4,27,111000111010001001110010000100,1,1,0,0.69,0.8985507488250732,7,5
8,1,5,0,100100000001010110101110001010,1,1,0,0.5,0.22727273404598236,1,1
8,1,5,3,100100000001010110101110001010,1,1,0,0.48,1.0,8,6
8,1,5,11,100100000001010110101110001010,1,1,0,0.6,0.7142857313156128,9,6
8,1,5,13,100100000001010110101110001010,1,1,0,0.67,0.9024389982223511,7,3
8,1,5,15,100100000001010110101110001010,1,1,0,0.4,0.36000001430511475,9,4
8,1,5,16,100100000001010110101110001010,1,1,0,0.39,0.7105262875556946,7,3
8,1,5,18,100100000001010110101110001010,1,1,0,0.47,0.6904761791229248,8,5
8,1,5,20,100100000001010110101110001010,1,1,0,0.59,0.8235294222831726,9,5
8,1,5,21,100100000001010110101110001010,1,1,0,0.44,0.7932960987091064,9,6
8,1,5,22,100100000001010110101110001010,1,1,0,0.34,0.41428571939468384,8,2
8,1,5,26,100100000001010110101110001010,1,1,0,0.24,0.44736841320991516,9,5
8,1,5,28,100100000001010110101110001010,1,1,0,0.45,0.8965517282485962,8,3
8,1,6,1,011011011100001100011100011110,1,1,0,0.4,0.8282828330993652,9,7
8,1,6,2,011011011100001100011100011110,1,1,0,0.16,0.8617886304855347,9,6
8,1,6,4,011011011100001100011100011110,1,1,0,0.27,0.6944444179534912,9,4
8,1,6,5,011011011100001100011100011110,1,1,0,0.4,0.7916666865348816,9,7
8,1,6,7,011011011100001100011100011110,1,1,0,0.11,0.7377049326896667,9,3
8,1,6,8,011011011100001100011100011110,1,1,0,0.56,0.8395061492919922,8,6
8,1,6,9,011011011100001100011100011110,1,1,0,0.34,0.8735632300376892,6,2
8,1,6,14,011011011100001100011100011110,1,1,0,0.43,0.32894736528396606,8,5
8,1,6,15,011011011100001100011100011110,1,1,0,0.4,0.36000001430511475,9,4
8,1,6,19,011011011100001100011100011110,1,1,0,0.4,0.0839160829782486,8,6
8,1,6,20,011011011100001100011100011110,1,1,0,0.59,0.8235294222831726,9,5
8,1,6,21,011011011100001100011100011110,1,1,0,0.44,0.7932960987091064,9,6
8,1,6,25,011011011100001100011100011110,1,1,0,0.5,0.09803921729326248,8,4
8,1,6,26,011011011100001100011100011110,1,1,0,0.24,0.44736841320991516,9,5
8,1,6,27,011011011100001100011100011110,1,1,0,0.69,0.8985507488250732,7,5
8,1,6,28,011011011100001100011100011110,1,1,0,0.45,0.8965517282485962,8,3
8,1,7,0,101000010101001011111010110011,1,1,0,0.5,0.22727273404598236,1,1
8,1,7,2,101000010101001011111010110011,1,1,0,0.16,0.8617886304855347,9,6
8,1,7,7,101000010101001011111010110011,1,1,0,0.11,0.7377049326896667,9,3
8,1,7,9,101000010101001011111010110011,1,1,0,0.34,0.8735632300376892,6,2
8,1,7,11,101000010101001011111010110011,1,1,0,0.6,0.7142857313156128,9,6
8,1,7,14,101000010101001011111010110011,1,1,0,0.43,0.32894736528396606,8,5
8,1,7,16,101000010101001011111010110011,1,1,0,0.39,0.7105262875556946,7,3
8,1,7,17,101000010101001011111010110011,1,1,0,0.43,0.0,7,3
8,1,7,18,101000010101001011111010110011,1,1,0,0.47,0.6904761791229248,8,5
8,1,7,19,101000010101001011111010110011,1,1,0,0.4,0.0839160829782486,8,6
8,1,7,20,101000010101001011111010110011,1,1,0,0.59,0.8235294222831726,9,5
8,1,7,22,101000010101001011111010110011,1,1,0,0.34,0.41428571939468384,8,2
8,1,7,24,101000010101001011111010110011,1,1,0,0.31,0.8103448152542114,5,2
8,1,7,25,101000010101001011111010110011,1,1,0,0.5,0.09803921729326248,8,4
8,1,7,28,101000010101001011111010110011,1,1,0,0.45,0.8965517282485962,8,3
8,1,7,29,101000010101001011111010110011,1,1,0,0.22,0.5595238208770752,7,3
8,1,8,1,011011001010110110101100001000,1,1,0,0.4,0.8282828330993652,9,7
8,1,8,2,011011001010110110101100001000,1,1,0,0.16,0.8617886304855347,9,6
8,1,8,4,011011001010110110101100001000,1,1,0,0.27,0.6944444179534912,9,4
8,1,8,5,011011001010110110101100001000,1,1,0,0.4,0.7916666865348816,9,7
8,1,8,8,011011001010110110101100001000,1,1,0,0.56,0.8395061492919922,8,6
8,1,8,10,011011001010110110101100001000,1,1,0,0.42,0.8181818127632141,7,3
8,1,8,12,011011001010110110101100001000,1,1,0,0.45,0.6491228342056274,8,7
8,1,8,13,011011001010110110101100001000,1,1,0,0.67,0.9024389982223511,7,3
8,1,8,15,011011001010110110101100001000,1,1,0,0.4,0.36000001430511475,9,4
8,1,8,16,011011001010110110101100001000,1,1,0,0.39,0.7105262875556946,7,3
8,1,8,18,011011001010110110101100001000,1,1,0,0.47,0.6904761791229248,8,5
8,1,8,20,011011001010110110101100001000,1,1,0,0.59,0.8235294222831726,9,5
8,1,8,21,011011001010110110101100001000,1,1,0,0.44,0.7932960987091064,9,6
8,1,8,26,011011001010110110101100001000,1,1,0,0.24,0.44736841320991516,9,5
8,1,9,4,000010111110101101100110010011,1,1,0,0.27,0.6944444179534912,9,4
8,1,9,6,000010111110101101100110010011,1,1,0,0.49,0.634782612323761,5,3
8,1,9,7,000010111110101101100110010011,1,1,0,0.11,0.7377049326896667,9,3
8,1,9,8,000010111110101101100110010011,1,1,0,0.56,0.8395061492919922,8,6
8,1,9,9,000010111110101101100110010011,1,1,0,0.34,0.8735632300376892,6,2
8,1,9,10,000010111110101101100110010011,1,1,0,0.42,0.8181818127632141,7,3
8,1,9,12,000010111110101101100110010011,1,1,0,0.45,0.6491228342056274,8,7
8,1,9,14,000010111110101101100110010011,1,1,0,0.43,0.32894736528396606,8,5
8,1,9,15,000010111110101101100110010011,1,1,0,0.4,0.36000001430511475,9,4
8,1,9,17,000010111110101101100110010011,1,1,0,0.43,0.0,7,3
8,1,9,18,000010111110101101100110010011,1,1,0,0.47,0.6904761791229248,8,5
8,1,9,21,000010111110101101100110010011,1,1,0,0.44,0.7932960987091064,9,6
8,1,9,22,000010111110101101100110010011,1,1,0,0.34,0.41428571939468384,8,2
8,1,9,25,000010111110101101100110010011,1,1,0,0.5,0.09803921729326248,8,4
8,1,9,28,000010111110101101100110010011,1,1,0,0.45,0.8965517282485962,8,3
8,1,9,29,000010111110101101100110010011,1,1,0,0.22,0.5595238208770752,7,3
8,2,0,2,001111101111111000110101000110,1,1,0,0.16,0.8617886304855347,9,6
8,2,0,3,001111101111111000110101000110,1,1,0,0.48,1.0,8,6
8,2,0,4,001111101111111000110101000110,1,1,0,0.27,0.6944444179534912,9,4
8,2,0,5,001111101111111000110101000110,1,1,0,0.4,0.7916666865348816,9,7
8,2,0,6,001111101111111000110101000110,1,1,0,0.49,0.634782612323761,5,3
8,2,0,8,001111101111111000110101000110,1,1,0,0.56,0.8395061492919922,8,6
8,2,0,9,001111101111111000110101000110,1,1,0,0.34,0.8735632300376892,6,2
8,2,0,10,001111101111111000110101000110,1,1,0,0.42,0.8181818127632141,7,3
8,2,0,11,001111101111111000110101000110,1,1,0,0.6,0.7142857313156128,9,6
8,2,0,12,001111101111111000110101000110,1,1,0,0.45,0.6491228342056274,8,7
8,2,0,13,001111101111111000110101000110,1,1,0,0.67,0.9024389982223511,7,3
8,2,0,14,001111101111111000110101000110,1,1,0,0.43,0.32894736528396606,8,5
8,2,0,18,001111101111111000110101000110,1,1,0,0.47,0.6904761791229248,8,5
8,2,0,19,001111101111111000110101000110,1,1,0,0.4,0.0839160829782486,8,6
8,2,0,21,001111101111111000110101000110,1,1,0,0.44,0.7932960987091064,9,6
8,2,0,23,001111101111111000110101000110,1,1,0,0.44,0.8770492076873779,8,4
8,2,0,27,001111101111111000110101000110,1,1,0,0.69,0.8985507488250732,7,5
8,2,0,28,001111101111111000110101000110,1,1,0,0.45,0.8965517282485962,8,3
8,2,1,0,101000100000000010110001111110,1,1,0,0.5,0.22727273404598236,1,1
8,2,1,2,101000100000000010110001111110,1,1,0,0.16,0.8617886304855347,9,6
8,2,1,6,101000100000000010110001111110,1,1,0,0.49,0.634782612323761,5,3
8,2,1,16,101000100000000010110001111110,1,1,0,0.39,0.7105262875556946,7,3
8,2,1,18,101000100000000010110001111110,1,1,0,0.47,0.6904761791229248,8,5
8,2,1,19,101000100000000010110001111110,1,1,0,0.4,0.0839160829782486,8,6
8,2,1,23,101000100000000010110001111110,1,1,0,0.44,0.8770492076873779,8,4
8,2,1,24,101000100000000010110001111110,1,1,0,0.31,0.8103448152542114,5,2
8,2,1,25,101000100000000010110001111110,1,1,0,0.5,0.09803921729326248,8,4
8,2,1,26,101000100000000010110001111110,1,1,0,0.24,0.44736841320991516,9,5
8,2,1,27,101000100000000010110001111110,1,1,0,0.69,0.8985507488250732,7,5
8,2,1,28,101000100000000010110001111110,1,1,0,0.45,0.8965517282485962,8,3
8,2,2,0,111110111111110010100100001101,1,1,0,0.5,0.22727273404598236,1,1
8,2,2,1,111110111111110010100100001101,1,1,0,0.4,0.8282828330993652,9,7
8,2,2,2,111110111111110010100100001101,1,1,0,0.16,0.8617886304855347,9,6
8,2,2,3,111110111111110010100100001101,1,1,0,0.48,1.0,8,6
8,2,2,4,111110111111110010100100001101,1,1,0,0.27,0.6944444179534912,9,4
8,2,2,6,111110111111110010100100001101,1,1,0,0.49,0.634782612323761,5,3
8,2,2,7,111110111111110010100100001101,1,1,0,0.11,0.7377049326896667,9,3
8,2,2,8,111110111111110010100100001101,1,1,0,0.56,0.8395061492919922,8,6
8,2,2,9,111110111111110010100100001101,1,1,0,0.34,0.8735632300376892,6,2
8,2,2,10,111110111111110010100100001101,1,1,0,0.42,0.8181818127632141,7,3
8,2,2,11,111110111111110010100100001101,1,1,0,0.6,0.7142857313156128,9,6
8,2,2,12,111110111111110010100100001101,1,1,0,0.45,0.6491228342056274,8,7
8,2,2,13,111110111111110010100100001101,1,1,0,0.67,0.9024389982223511,7,3
8,2,2,16,111110111111110010100100001101,1,1,0,0.39,0.7105262875556946,7,3
8,2,2,18,111110111111110010100100001101,1,1,0,0.47,0.6904761791229248,8,5
8,2,2,21,111110111111110010100100001101,1,1,0,0.44,0.7932960987091064,9,6
8,2,2,26,111110111111110010100100001101,1,1,0,0.24,0.44736841320991516,9,5
8,2,2,27,111110111111110010100100001101,1,1,0,0.69,0.8985507488250732,7,5
8,2,2,29,111110111111110010100100001101,1,1,0,0.22,0.5595238208770752,7,3
8,2,3,0,100110101001001111001110110110,1,1,0,0.5,0.22727273404598236,1,1
8,2,3,3,100110101001001111001110110110,1,1,0,0.48,1.0,8,6
8,2,3,4,100110101001001111001110110110,1,1,0,0.27,0.6944444179534912,9,4
8,2,3,6,100110101001001111001110110110,1,1,0,0.49,0.634782612323761,5,3
8,2,3,8,100110101001001111001110110110,1,1,0,0.56,0.8395061492919922,8,6
8,2,3,11,100110101001001111001110110110,1,1,0,0.6,0.7142857313156128,9,6
8,2,3,14,100110101001001111001110110110,1,1,0,0.43,0.32894736528396606,8,5
8,2,3,15,100110101001001111001110110110,1,1,0,0.4,0.36000001430511475,9,4
8,2,3,16,100110101001001111001110110110,1,1,0,0.39,0.7105262875556946,7,3
8,2,3,17,100110101001001111001110110110,1,1,0,0.43,0.0,7,3
8,2,3,20,100110101001001111001110110110,1,1,0,0.59,0.8235294222831726,9,5
8,2,3,21,100110101001001111001110110110,1,1,0,0.44,0.7932960987091064,9,6
8,2,3,22,100110101001001111001110110110,1,1,0,0.34,0.41428571939468384,8,2
8,2,3,24,100110101001001111001110110110,1,1,0,0.31,0.8103448152542114,5,2
8,2,3,25,100110101001001111001110110110,1,1,0,0.5,0.09803921729326248,8,4
8,2,3,27,100110101001001111001110110110,1,1,0,0.69,0.8985507488250732,7,5
8,2,3,28,100110101001001111001110110110,1,1,0,0.45,0.8965517282485962,8,3
8,2,4,0,111000111010001001110010000100,1,1,0,0.5,0.22727273404598236,1,1
8,2,4,1,111000111010001001110010000100,1,1,0,0.4,0.8282828330993652,9,7
8,2,4,2,111000111010001001110010000100,1,1,0,0.16,0.8617886304855347,9,6
8,2,4,6,111000111010001001110010000100,1,1,0,0.49,0.634782612323761,5,3
8,2,4,7,111000111010001001110010000100,1,1,0,0.11,0.7377049326896667,9,3
8,2,4,8,111000111010001001110010000100,1,1,0,0.56,0.8395061492919922,8,6
8,2,4,10,111000111010001001110010000100,1,1,0,0.42,0.8181818127632141,7,3
8,2,4,14,111000111010001001110010000100,1,1,0,0.43,0.32894736528396606,8,5
8,2,4,17,111000111010001001110010000100,1,1,0,0.43,0.0,7,3
8,2,4,18,111000111010001001110010000100,1,1,0,0.47,0.6904761791229248,8,5
8,2,4,19,111000111010001001110010000100,1,1,0,0.4,0.0839160829782486,8,6
8,2,4,22,111000111010001001110010000100,1,1,0,0.34,0.41428571939468384,8,2
8,2,4,27,111000111010001001110010000100,1,1,0,0.69,0.8985507488250732,7,5
8,2,5,0,100100000001010110101110001010,1,1,0,0.5,0.22727273404598236,1,1
8,2,5,3,100100000001010110101110001010,1,1,0,0.48,1.0,8,6
8,2,5,11,100100000001010110101110001010,1,1,0,0.6,0.7142857313156128,9,6
8,2,5,13,100100000001010110101110001010,1,1,0,0.67,0.9024389982223511,7,3
8,2,5,15,100100000001010110101110001010,1,1,0,0.4,0.36000001430511475,9,4
8,2,5,16,100100000001010110101110001010,1,1,0,0.39,0.7105262875556946,7,3
8,2,5,18,100100000001010110101110001010,1,1,0,0.47,0.6904761791229248,8,5
8,2,5,20,100100000001010110101110001010,1,1,0,0.59,0.8235294222831726,9,5
8,2,5,21,100100000001010110101110001010,1,1,0,0.44,0.7932960987091064,9,6
8,2,5,22,100100000001010110101110001010,1,1,0,0.34,0.41428571939468384,8,2
8,2,5,26,100100000001010110101110001010,1,1,0,0.24,0.44736841320991516,9,5
8,2,5,28,100100000001010110101110001010,1,1,0,0.45,0.8965517282485962,8,3
8,2,6,1,011011011100001100011100011110,1,1,0,0.4,0.8282828330993652,9,7
8,2,6,2,011011011100001100011100011110,1,1,0,0.16,0.8617886304855347,9,6
8,2,6,4,011011011100001100011100011110,1,1,0,0.27,0.6944444179534912,9,4
8,2,6,5,011011011100001100011100011110,1,1,0,0.4,0.7916666865348816,9,7
8,2,6,7,011011011100001100011100011110,1,1,0,0.11,0.7377049326896667,9,3
8,2,6,8,011011011100001100011100011110,1,1,0,0.56,0.8395061492919922,8,6
8,2,6,9,011011011100001100011100011110,1,1,0,0.34,0.8735632300376892,6,2
8,2,6,14,011011011100001100011100011110,1,1,0,0.43,0.32894736528396606,8,5
8,2,6,15,011011011100001100011100011110,1,1,0,0.4,0.36000001430511475,9,4
8,2,6,19,011011011100001100011100011110,1,1,0,0.4,0.0839160829782486,8,6
8,2,6,20,011011011100001100011100011110,1,1,0,0.59,0.8235294222831726,9,5
8,2,6,21,011011011100001100011100011110,1,1,0,0.44,0.7932960987091064,9,6
8,2,6,25,011011011100001100011100011110,1,1,0,0.5,0.09803921729326248,8,4
8,2,6,26,011011011100001100011100011110,1,1,0,0.24,0.44736841320991516,9,5
8,2,6,27,011011011100001100011100011110,1,1,0,0.69,0.8985507488250732,7,5
8,2,6,28,011011011100001100011100011110,1,1,0,0.45,0.8965517282485962,8,3
8,2,7,0,101000010101001011111010110011,1,1,0,0.5,0.22727273404598236,1,1
8,2,7,2,101000010101001011111010110011,1,1,0,0.16,0.8617886304855347,9,6
8,2,7,7,101000010101001011111010110011,1,1,0,0.11,0.7377049326896667,9,3
8,2,7,9,101000010101001011111010110011,1,1,0,0.34,0.8735632300376892,6,2
8,2,7,11,101000010101001011111010110011,1,1,0,0.6,0.7142857313156128,9,6
8,2,7,14,101000010101001011111010110011,1,1,0,0.43,0.32894736528396606,8,5
8,2,7,16,101000010101001011111010110011,1,1,0,0.39,0.7105262875556946,7,3
8,2,7,17,101000010101001011111010110011,1,1,0,0.43,0.0,7,3
8,2,7,18,101000010101001011111010110011,1,1,0,0.47,0.6904761791229248,8,5
8,2,7,19,101000010101001011111010110011,1,1,0,0.4,0.0839160829782486,8,6
8,2,7,20,101000010101001011111010110011,1,1,0,0.59,0.8235294222831726,9,5
8,2,7,22,101000010101001011111010110011,1,1,0,0.34,0.41428571939468384,8,2
8,2,7,24,101000010101001011111010110011,1,1,0,0.31,0.8103448152542114,5,2
8,2,7,25,101000010101001011111010110011,1,1,0,0.5,0.09803921729326248,8,4
8,2,7,28,101000010101001011111010110011,1,1,0,0.45,0.8965517282485962,8,3
8,2,7,29,101000010101001011111010110011,1,1,0,0.22,0.5595238208770752,7,3
8,2,8,1,011011001010110110101100001000,1,1,0,0.4,0.8282828330993652,9,7
8,2,8,2,011011001010110110101100001000,1,1,0,0.16,0.8617886304855347,9,6
8,2,8,4,011011001010110110101100001000,1,1,0,0.27,0.6944444179534912,9,4
8,2,8,5,011011001010110110101100001000,1,1,0,0.4,0.7916666865348816,9,7
8,2,8,8,011011001010110110101100001000,1,1,0,0.56,0.8395061492919922,8,6
8,2,8,10,011011001010110110101100001000,1,1,0,0.42,0.8181818127632141,7,3
8,2,8,12,011011001010110110101100001000,1,1,0,0.45,0.6491228342056274,8,7
8,2,8,13,011011001010110110101100001000,1,1,0,0.67,0.9024389982223511,7,3
8,2,8,15,011011001010110110101100001000,1,1,0,0.4,0.36000001430511475,9,4
8,2,8,16,011011001010110110101100001000,1,1,0,0.39,0.7105262875556946,7,3
8,2,8,18,011011001010110110101100001000,1,1,0,0.47,0.6904761791229248,8,5
8,2,8,20,011011001010110110101100001000,1,1,0,0.59,0.8235294222831726,9,5
8,2,8,21,011011001010110110101100001000,1,1,0,0.44,0.7932960987091064,9,6
8,2,8,26,011011001010110110101100001000,1,1,0,0.24,0.44736841320991516,9,5
8,2,9,3,000110110101111011110101111001,1,1,0,0.48,1.0,8,6
8,2,9,4,000110110101111011110101111001,1,1,0,0.27,0.6944444179534912,9,4
8,2,9,6,000110110101111011110101111001,1,1,0,0.49,0.634782612323761,5,3
8,2,9,7,000110110101111011110101111001,1,1,0,0.11,0.7377049326896667,9,3
8,2,9,9,000110110101111011110101111001,1,1,0,0.34,0.8735632300376892,6,2
8,2,9,11,000110110101111011110101111001,1,1,0,0.6,0.7142857313156128,9,6
8,2,9,12,000110110101111011110101111001,1,1,0,0.45,0.6491228342056274,8,7
8,2,9,13,000110110101111011110101111001,1,1,0,0.67,0.9024389982223511,7,3
8,2,9,14,000110110101111011110101111001,1,1,0,0.43,0.32894736528396606,8,5
8,2,9,16,000110110101111011110101111001,1,1,0,0.39,0.7105262875556946,7,3
8,2,9,17,000110110101111011110101111001,1,1,0,0.43,0.0,7,3
8,2,9,18,000110110101111011110101111001,1,1,0,0.47,0.6904761791229248,8,5
8,2,9,19,000110110101111011110101111001,1,1,0,0.4,0.0839160829782486,8,6
8,2,9,21,000110110101111011110101111001,1,1,0,0.44,0.7932960987091064,9,6
8,2,9,23,000110110101111011110101111001,1,1,0,0.44,0.8770492076873779,8,4
8,2,9,24,000110110101111011110101111001,1,1,0,0.31,0.8103448152542114,5,2
8,2,9,25,000110110101111011110101111001,1,1,0,0.5,0.09803921729326248,8,4
8,2,9,26,000110110101111011110101111001,1,1,0,0.24,0.44736841320991516,9,5
8,2,9,29,000110110101111011110101111001,1,1,0,0.22,0.5595238208770752,7,3
8,2,10,0,111000111010001001110010000110,1,1,0,0.5,0.22727273404598236,1,1
8,2,10,1,111000111010001001110010000110,1,1,0,0.4,0.8282828330993652,9,7
8,2,10,2,111000111010001001110010000110,1,1,0,0.16,0.8617886304855347,9,6
8,2,10,6,111000111010001001110010000110,1,1,0,0.49,0.634782612323761,5,3
8,2,10,7,111000111010001001110010000110,1,1,0,0.11,0.7377049326896667,9,3
8,2,10,8,111000111010001001110010000110,1,1,0,0.56,0.8395061492919922,8,6
8,2,10,10,111000111010001001110010000110,1,1,0,0.42,0.8181818127632141,7,3
8,2,10,14,111000111010001001110010000110,1,1,0,0.43,0.32894736528396606,8,5
8,2,10,17,111000111010001001110010000110,1,1,0,0.43,0.0,7,3
8,2,10,18,111000111010001001110010000110,1,1,0,0.47,0.6904761791229248,8,5
8,2,10,19,111000111010001001110010000110,1,1,0,0.4,0.0839160829782486,8,6
8,2,10,22,111000111010001001110010000110,1,1,0,0.34,0.41428571939468384,8,2
8,2,10,27,111000111010001001110010000110,1,1,0,0.69,0.8985507488250732,7,5
8,2,10,28,111000111010001001110010000110,1,1,0,0.45,0.8965517282485962,8,3
8,2,11,0,100110111110101101100110011010,1,1,0,0.5,0.22727273404598236,1,1
8,2,11,3,100110111110101101100110011010,1,1,0,0.48,1.0,8,6
8,2,11,4,100110111110101101100110011010,1,1,0,0.27,0.6944444179534912,9,4
8,2,11,6,100110111110101101100110011010,1,1,0,0.49,0.634782612323761,5,3
8,2,11,7,100110111110101101100110011010,1,1,0,0.11,0.7377049326896667,9,3
8,2,11,8,100110111110101101100110011010,1,1,0,0.56,0.8395061492919922,8,6
8,2,11,9,100110111110101101100110011010,1,1,0,0.34,0.8735632300376892,6,2
8,2,11,10,100110111110101101100110011010,1,1,0,0.42,0.8181818127632141,7,3
8,2,11,12,100110111110101101100110011010,1,1,0,0.45,0.6491228342056274,8,7
8,2,11,14,100110111110101101100110011010,1,1,0,0.43,0.32894736528396606,8,5
8,2,11,15,100110111110101101100110011010,1,1,0,0.4,0.36000001430511475,9,4
8,2,11,17,100110111110101101100110011010,1,1,0,0.43,0.0,7,3
8,2,11,18,100110111110101101100110011010,1,1,0,0.47,0.6904761791229248,8,5
8,2,11,21,100110111110101101100110011010,1,1,0,0.44,0.7932960987091064,9,6
8,2,11,22,100110111110101101100110011010,1,1,0,0.34,0.41428571939468384,8,2
8,2,11,25,100110111110101101100110011010,1,1,0,0.5,0.09803921729326248,8,4
8,2,11,26,100110111110101101100110011010,1,1,0,0.24,0.44736841320991516,9,5
8,2,11,28,100110111110101101100110011010,1,1,0,0.45,0.8965517282485962,8,3
8,2,12,1,011000111010001001110010011001,1,1,0,0.4,0.8282828330993652,9,7
8,2,12,2,011000111010001001110010011001,1,1,0,0.16,0.8617886304855347,9,6
8,2,12,6,011000111010001001110010011001,1,1,0,0.49,0.634782612323761,5,3
8,2,12,7,011000111010001001110010011001,1,1,0,0.11,0.7377049326896667,9,3
8,2,12,8,011000111010001001110010011001,1,1,0,0.56,0.8395061492919922,8,6
8,2,12,10,011000111010001001110010011001,1,1,0,0.42,0.8181818127632141,7,3
8,2,12,14,011000111010001001110010011001,1,1,0,0.43,0.32894736528396606,8,5
8,2,12,17,011000111010001001110010011001,1,1,0,0.43,0.0,7,3
8,2,12,18,011000111010001001110010011001,1,1,0,0.47,0.6904761791229248,8,5
8,2,12,19,011000111010001001110010011001,1,1,0,0.4,0.0839160829782486,8,6
8,2,12,22,011000111010001001110010011001,1,1,0,0.34,0.41428571939468384,8,2
8,2,12,25,011000111010001001110010011001,1,1,0,0.5,0.09803921729326248,8,4
8,2,12,26,011000111010001001110010011001,1,1,0,0.24,0.44736841320991516,9,5
8,2,12,29,011000111010001001110010011001,1,1,0,0.22,0.5595238208770752,7,3
8,2,13,0,111111110001111000000111101010,1,1,0,0.5,0.22727273404598236,1,1
8,2,13,1,111111110001111000000111101010,1,1,0,0.4,0.8282828330993652,9,7
8,2,13,2,111111110001111000000111101010,1,1,0,0.16,0.8617886304855347,9,6
8,2,13,3,111111110001111000000111101010,1,1,0,0.48,1.0,8,6
8,2,13,4,111111110001111000000111101010,1,1,0,0.27,0.6944444179534912,9,4
8,2,13,5,111111110001111000000111101010,1,1,0,0.4,0.7916666865348816,9,7
8,2,13,6,111111110001111000000111101010,1,1,0,0.49,0.634782612323761,5,3
8,2,13,7,111111110001111000000111101010,1,1,0,0.11,0.7377049326896667,9,3
8,2,13,11,111111110001111000000111101010,1,1,0,0.6,0.7142857313156128,9,6
8,2,13,12,111111110001111000000111101010,1,1,0,0.45,0.6491228342056274,8,7
8,2,13,13,111111110001111000000111101010,1,1,0,0.67,0.9024389982223511,7,3
8,2,13,14,111111110001111000000111101010,1,1,0,0.43,0.32894736528396606,8,5
8,2,13,21,111111110001111000000111101010,1,1,0,0.44,0.7932960987091064,9,6
8,2,13,22,111111110001111000000111101010,1,1,0,0.34,0.41428571939468384,8,2
8,2,13,23,111111110001111000000111101010,1,1,0,0.44,0.8770492076873779,8,4
8,2,13,24,111111110001111000000111101010,1,1,0,0.31,0.8103448152542114,5,2
8,2,13,26,111111110001111000000111101010,1,1,0,0.24,0.44736841320991516,9,5
8,2,13,28,111111110001111000000111101010,1,1,0,0.45,0.8965517282485962,8,3
8,2,14,0,100100000001010100101110000010,1,1,0,0.5,0.22727273404598236,1,1
8,2,14,3,100100000001010100101110000010,1,1,0,0.48,1.0,8,6
8,2,14,11,100100000001010100101110000010,1,1,0,0.6,0.7142857313156128,9,6
8,2,14,13,100100000001010100101110000010,1,1,0,0.67,0.9024389982223511,7,3
8,2,14,15,100100000001010100101110000010,1,1,0,0.4,0.36000001430511475,9,4
8,2,14,18,100100000001010100101110000010,1,1,0,0.47,0.6904761791229248,8,5
8,2,14,20,100100000001010100101110000010,1,1,0,0.59,0.8235294222831726,9,5
8,2,14,21,100100000001010100101110000010,1,1,0,0.44,0.7932960987091064,9,6
8,2,14,22,100100000001010100101110000010,1,1,0,0.34,0.41428571939468384,8,2
8,2,14,28,100100000001010100101110000010,1,1,0,0.45,0.8965517282485962,8,3
8,2,15,0,100111100001001111001001011110,1,1,0,0.5,0.22727273404598236,1,1
8,2,15,3,100111100001001111001001011110,1,1,0,0.48,1.0,8,6
8,2,15,4,100111100001001111001001011110,1,1,0,0.27,0.6944444179534912,9,4
8,2,15,5,100111100001001111001001011110,1,1,0,0.4,0.7916666865348816,9,7
8,2,15,6,100111100001001111001001011110,1,1,0,0.49,0.634782612323761,5,3
8,2,15,11,100111100001001111001001011110,1,1,0,0.6,0.7142857313156128,9,6
8,2,15,14,100111100001001111001001011110,1,1,0,0.43,0.32894736528396606,8,5
8,2,15,15,100111100001001111001001011110,1,1,0,0.4,0.36000001430511475,9,4
8,2,15,16,100111100001001111001001011110,1,1,0,0.39,0.7105262875556946,7,3
8,2,15,17,100111100001001111001001011110,1,1,0,0.43,0.0,7,3
8,2,15,20,100111100001001111001001011110,1,1,0,0.59,0.8235294222831726,9,5
8,2,15,23,100111100001001111001001011110,1,1,0,0.44,0.8770492076873779,8,4
8,2,15,25,100111100001001111001001011110,1,1,0,0.5,0.09803921729326248,8,4
8,2,15,26,100111100001001111001001011110,1,1,0,0.24,0.44736841320991516,9,5
8,2,15,27,100111100001001111001001011110,1,1,0,0.69,0.8985507488250732,7,5
8,2,15,28,100111100001001111001001011110,1,1,0,0.45,0.8965517282485962,8,3
8,2,16,1,011111110001101110101100001000,1,1,0,0.4,0.8282828330993652,9,7
8,2,16,2,011111110001101110101100001000,1,1,0,0.16,0.8617886304855347,9,6
8,2,16,3,011111110001101110101100001000,1,1,0,0.48,1.0,8,6
8,2,16,4,011111110001101110101100001000,1,1,0,0.27,0.6944444179534912,9,4
8,2,16,5,011111110001101110101100001000,1,1,0,0.4,0.7916666865348816,9,7
8,2,16,6,011111110001101110101100001000,1,1,0,0.49,0.634782612323761,5,3
8,2,16,7,011111110001101110101100001000,1,1,0,0.11,0.7377049326896667,9,3
8,2,16,11,011111110001101110101100001000,1,1,0,0.6,0.7142857313156128,9,6
8,2,16,12,011111110001101110101100001000,1,1,0,0.45,0.6491228342056274,8,7
8,2,16,14,011111110001101110101100001000,1,1,0,0.43,0.32894736528396606,8,5
8,2,16,15,011111110001101110101100001000,1,1,0,0.4,0.36000001430511475,9,4
8,2,16,16,011111110001101110101100001000,1,1,0,0.39,0.7105262875556946,7,3
8,2,16,18,011111110001101110101100001000,1,1,0,0.47,0.6904761791229248,8,5
8,2,16,20,011111110001101110101100001000,1,1,0,0.59,0.8235294222831726,9,5
8,2,16,21,011111110001101110101100001000,1,1,0,0.44,0.7932960987091064,9,6
8,2,16,26,011111110001101110101100001000,1,1,0,0.24,0.44736841320991516,9,5
8,2,17,0,100110100101110011000111110100,1,1,0,0.5,0.22727273404598236,1,1
8,2,17,3,100110100101110011000111110100,1,1,0,0.48,1.0,8,6
8,2,17,4,100110100101110011000111110100,1,1,0,0.27,0.6944444179534912,9,4
8,2,17,6,100110100101110011000111110100,1,1,0,0.49,0.634782612323761,5,3
8,2,17,9,100110100101110011000111110100,1,1,0,0.34,0.8735632300376892,6,2
8,2,17,11,100110100101110011000111110100,1,1,0,0.6,0.7142857313156128,9,6
8,2,17,12,100110100101110011000111110100,1,1,0,0.45,0.6491228342056274,8,7
8,2,17,13,100110100101110011000111110100,1,1,0,0.67,0.9024389982223511,7,3
8,2,17,16,100110100101110011000111110100,1,1,0,0.39,0.7105262875556946,7,3
8,2,17,17,100110100101110011000111110100,1,1,0,0.43,0.0,7,3
8,2,17,21,100110100101110011000111110100,1,1,0,0.44,0.7932960987091064,9,6
8,2,17,22,100110100101110011000111110100,1,1,0,0.34,0.41428571939468384,8,2
8,2,17,23,100110100101110011000111110100,1,1,0,0.44,0.8770492076873779,8,4
8,2,17,24,100110100101110011000111110100,1,1,0,0.31,0.8103448152542114,5,2
8,2,17,25,100110100101110011000111110100,1,1,0,0.5,0.09803921729326248,8,4
8,2,17,27,100110100101110011000111110100,1,1,0,0.69,0.8985507488250732,7,5
8,2,18,0,100110101001001111001110110111,1,1,0,0.5,0.22727273404598236,1,1
8,2,18,3,100110101001001111001110110111,1,1,0,0.48,1.0,8,6
8,2,18,4,100110101001001111001110110111,1,1,0,0.27,0.6944444179534912,9,4
8,2,18,6,100110101001001111001110110111,1,1,0,0.49,0.634782612323761,5,3
8,2,18,8,100110101001001111001110110111,1,1,0,0.56,0.8395061492919922,8,6
8,2,18,11,100110101001001111001110110111,1,1,0,0.6,0.7142857313156128,9,6
8,2,18,14,100110101001001111001110110111,1,1,0,0.43,0.32894736528396606,8,5
8,2,18,15,100110101001001111001110110111,1,1,0,0.4,0.36000001430511475,9,4
8,2,18,16,100110101001001111001110110111,1,1,0,0.39,0.7105262875556946,7,3
8,2,18,17,100110101001001111001110110111,1,1,0,0.43,0.0,7,3
8,2,18,20,100110101001001111001110110111,1,1,0,0.59,0.8235294222831726,9,5
8,2,18,21,100110101001001111001110110111,1,1,0,0.44,0.7932960987091064,9,6
8,2,18,22,100110101001001111001110110111,1,1,0,0.34,0.41428571939468384,8,2
8,2,18,24,100110101001001111001110110111,1,1,0,0.31,0.8103448152542114,5,2
8,2,18,25,100110101001001111001110110111,1,1,0,0.5,0.09803921729326248,8,4
8,2,18,27,100110101001001111001110110111,1,1,0,0.69,0.8985507488250732,7,5
8,2,18,28,100110101001001111001110110111,1,1,0,0.45,0.8965517282485962,8,3
8,2,18,29,100110101001001111001110110111,1,1,0,0.22,0.5595238208770752,7,3
8,3,0,2,001111101111111000110101000110,1,1,0,0.16,0.8617886304855347,9,6
8,3,0,3,001111101111111000110101000110,1,1,0,0.48,1.0,8,6
8,3,0,4,001111101111111000110101000110,1,1,0,0.27,0.6944444179534912,9,4
8,3,0,5,001111101111111000110101000110,1,1,0,0.4,0.7916666865348816,9,7
8,3,0,6,001111101111111000110101000110,1,1,0,0.49,0.634782612323761,5,3
8,3,0,8,001111101111111000110101000110,1,1,0,0.56,0.8395061492919922,8,6
8,3,0,9,001111101111111000110101000110,1,1,0,0.34,0.8735632300376892,6,2
8,3,0,10,001111101111111000110101000110,1,1,0,0.42,0.8181818127632141,7,3
8,3,0,11,001111101111111000110101000110,1,1,0,0.6,0.7142857313156128,9,6
8,3,0,12,001111101111111000110101000110,1,1,0,0.45,0.6491228342056274,8,7
8,3,0,13,001111101111111000110101000110,1,1,0,0.67,0.9024389982223511,7,3
8,3,0,14,001111101111111000110101000110,1,1,0,0.43,0.32894736528396606,8,5
8,3,0,18,001111101111111000110101000110,1,1,0,0.47,0.6904761791229248,8,5
8,3,0,19,001111101111111000110101000110,1,1,0,0.4,0.0839160829782486,8,6
8,3,0,21,001111101111111000110101000110,1,1,0,0.44,0.7932960987091064,9,6
8,3,0,23,001111101111111000110101000110,1,1,0,0.44,0.8770492076873779,8,4
8,3,0,27,001111101111111000110101000110,1,1,0,0.69,0.8985507488250732,7,5
8,3,0,28,001111101111111000110101000110,1,1,0,0.45,0.8965517282485962,8,3
8,3,1,0,111000111010001001110010000100,1,1,0,0.5,0.22727273404598236,1,1
8,3,1,1,111000111010001001110010000100,1,1,0,0.4,0.8282828330993652,9,7
8,3,1,2,111000111010001001110010000100,1,1,0,0.16,0.8617886304855347,9,6
8,3,1,6,111000111010001001110010000100,1,1,0,0.49,0.634782612323761,5,3
8,3,1,7,111000111010001001110010000100,1,1,0,0.11,0.7377049326896667,9,3
8,3,1,8,111000111010001001110010000100,1,1,0,0.56,0.8395061492919922,8,6
8,3,1,10,111000111010001001110010000100,1,1,0,0.42,0.8181818127632141,7,3
8,3,1,14,111000111010001001110010000100,1,1,0,0.43,0.32894736528396606,8,5
8,3,1,17,111000111010001001110010000100,1,1,0,0.43,0.0,7,3
8,3,1,18,111000111010001001110010000100,1,1,0,0.47,0.6904761791229248,8,5
8,3,1,19,111000111010001001110010000100,1,1,0,0.4,0.0839160829782486,8,6
8,3,1,22,111000111010001001110010000100,1,1,0,0.34,0.41428571939468384,8,2
8,3,1,27,111000111010001001110010000100,1,1,0,0.69,0.8985507488250732,7,5
8,3,2,0,100100000001010110101110001010,1,1,0,0.5,0.22727273404598236,1,1
8,3,2,3,100100000001010110101110001010,1,1,0,0.48,1.0,8,6
8,3,2,11,100100000001010110101110001010,1,1,0,0.6,0.7142857313156128,9,6
8,3,2,13,100100000001010110101110001010,1,1,0,0.67,0.9024389982223511,7,3
8,3,2,15,100100000001010110101110001010,1,1,0,0.4,0.36000001430511475,9,4
8,3,2,16,100100000001010110101110001010,1,1,0,0.39,0.7105262875556946,7,3
8,3,2,18,100100000001010110101110001010,1,1,0,0.47,0.6904761791229248,8,5
8,3,2,20,100100000001010110101110001010,1,1,0,0.59,0.8235294222831726,9,5
8,3,2,21,100100000001010110101110001010,1,1,0,0.44,0.7932960987091064,9,6
8,3,2,22,100100000001010110101110001010,1,1,0,0.34,0.41428571939468384,8,2
8,3,2,26,100100000001010110101110001010,1,1,0,0.24,0.44736841320991516,9,5
8,3,2,28,100100000001010110101110001010,1,1,0,0.45,0.8965517282485962,8,3
8,3,3,3,000110110101111011110101111001,1,1,0,0.48,1.0,8,6
8,3,3,4,000110110101111011110101111001,1,1,0,0.27,0.6944444179534912,9,4
8,3,3,6,000110110101111011110101111001,1,1,0,0.49,0.634782612323761,5,3
8,3,3,7,000110110101111011110101111001,1,1,0,0.11,0.7377049326896667,9,3
8,3,3,9,000110110101111011110101111001,1,1,0,0.34,0.8735632300376892,6,2
8,3,3,11,000110110101111011110101111001,1,1,0,0.6,0.7142857313156128,9,6
8,3,3,12,000110110101111011110101111001,1,1,0,0.45,0.6491228342056274,8,7
8,3,3,13,000110110101111011110101111001,1,1,0,0.67,0.9024389982223511,7,3
8,3,3,14,000110110101111011110101111001,1,1,0,0.43,0.32894736528396606,8,5
8,3,3,16,000110110101111011110101111001,1,1,0,0.39,0.7105262875556946,7,3
8,3,3,17,000110110101111011110101111001,1,1,0,0.43,0.0,7,3
8,3,3,18,000110110101111011110101111001,1,1,0,0.47,0.6904761791229248,8,5
8,3,3,19,000110110101111011110101111001,1,1,0,0.4,0.0839160829782486,8,6
8,3,3,21,000110110101111011110101111001,1,1,0,0.44,0.7932960987091064,9,6
8,3,3,23,000110110101111011110101111001,1,1,0,0.44,0.8770492076873779,8,4
8,3,3,24,000110110101111011110101111001,1,1,0,0.31,0.8103448152542114,5,2
8,3,3,25,000110110101111011110101111001,1,1,0,0.5,0.09803921729326248,8,4
8,3,3,26,000110110101111011110101111001,1,1,0,0.24,0.44736841320991516,9,5
8,3,3,29,000110110101111011110101111001,1,1,0,0.22,0.5595238208770752,7,3
8,3,4,0,100110111110101101100110011010,1,1,0,0.5,0.22727273404598236,1,1
8,3,4,3,100110111110101101100110011010,1,1,0,0.48,1.0,8,6
8,3,4,4,100110111110101101100110011010,1,1,0,0.27,0.6944444179534912,9,4
8,3,4,6,100110111110101101100110011010,1,1,0,0.49,0.634782612323761,5,3
8,3,4,7,100110111110101101100110011010,1,1,0,0.11,0.7377049326896667,9,3
8,3,4,8,100110111110101101100110011010,1,1,0,0.56,0.8395061492919922,8,6
8,3,4,9,100110111110101101100110011010,1,1,0,0.34,0.8735632300376892,6,2
8,3,4,10,100110111110101101100110011010,1,1,0,0.42,0.8181818127632141,7,3
8,3,4,12,100110111110101101100110011010,1,1,0,0.45,0.6491228342056274,8,7
8,3,4,14,100110111110101101100110011010,1,1,0,0.43,0.32894736528396606,8,5
8,3,4,15,100110111110101101100110011010,1,1,0,0.4,0.36000001430511475,9,4
8,3,4,17,100110111110101101100110011010,1,1,0,0.43,0.0,7,3
8,3,4,18,100110111110101101100110011010,1,1,0,0.47,0.6904761791229248,8,5
8,3,4,21,100110111110101101100110011010,1,1,0,0.44,0.7932960987091064,9,6
8,3,4,22,100110111110101101100110011010,1,1,0,0.34,0.41428571939468384,8,2
8,3,4,25,100110111110101101100110011010,1,1,0,0.5,0.09803921729326248,8,4
8,3,4,26,100110111110101101100110011010,1,1,0,0.24,0.44736841320991516,9,5
8,3,4,28,100110111110101101100110011010,1,1,0,0.45,0.8965517282485962,8,3
8,3,5,1,011000111010001001110010011001,1,1,0,0.4,0.8282828330993652,9,7
8,3,5,2,011000111010001001110010011001,1,1,0,0.16,0.8617886304855347,9,6
8,3,5,6,011000111010001001110010011001,1,1,0,0.49,0.634782612323761,5,3
8,3,5,7,011000111010001001110010011001,1,1,0,0.11,0.7377049326896667,9,3
8,3,5,8,011000111010001001110010011001,1,1,0,0.56,0.8395061492919922,8,6
8,3,5,10,011000111010001001110010011001,1,1,0,0.42,0.8181818127632141,7,3
8,3,5,14,011000111010001001110010011001,1,1,0,0.43,0.32894736528396606,8,5
8,3,5,17,011000111010001001110010011001,1,1,0,0.43,0.0,7,3
8,3,5,18,011000111010001001110010011001,1,1,0,0.47,0.6904761791229248,8,5
8,3,5,19,011000111010001001110010011001,1,1,0,0.4,0.0839160829782486,8,6
8,3,5,22,011000111010001001110010011001,1,1,0,0.34,0.41428571939468384,8,2
8,3,5,25,011000111010001001110010011001,1,1,0,0.5,0.09803921729326248,8,4
8,3,5,26,011000111010001001110010011001,1,1,0,0.24,0.44736841320991516,9,5
8,3,5,29,011000111010001001110010011001,1,1,0,0.22,0.5595238208770752,7,3
8,3,6,0,100100000001010100101110000010,1,1,0,0.5,0.22727273404598236,1,1
8,3,6,3,100100000001010100101110000010,1,1,0,0.48,1.0,8,6
8,3,6,11,100100000001010100101110000010,1,1,0,0.6,0.7142857313156128,9,6
8,3,6,13,100100000001010100101110000010,1,1,0,0.67,0.9024389982223511,7,3
8,3,6,15,100100000001010100101110000010,1,1,0,0.4,0.36000001430511475,9,4
8,3,6,18,100100000001010100101110000010,1,1,0,0.47,0.6904761791229248,8,5
8,3,6,20,100100000001010100101110000010,1,1,0,0.59,0.8235294222831726,9,5
8,3,6,21,100100000001010100101110000010,1,1,0,0.44,0.7932960987091064,9,6
8,3,6,22,100100000001010100101110000010,1,1,0,0.34,0.41428571939468384,8,2
8,3,6,28,100100000001010100101110000010,1,1,0,0.45,0.8965517282485962,8,3
8,3,7,3,000100100001101011110101111001,1,1,0,0.48,1.0,8,6
8,3,7,6,000100100001101011110101111001,1,1,0,0.49,0.634782612323761,5,3
8,3,7,11,000100100001101011110101111001,1,1,0,0.6,0.7142857313156128,9,6
8,3,7,12,000100100001101011110101111001,1,1,0,0.45,0.6491228342056274,8,7
8,3,7,14,000100100001101011110101111001,1,1,0,0.43,0.32894736528396606,8,5
8,3,7,16,000100100001101011110101111001,1,1,0,0.39,0.7105262875556946,7,3
8,3,7,17,000100100001101011110101111001,1,1,0,0.43,0.0,7,3
8,3,7,18,000100100001101011110101111001,1,1,0,0.47,0.6904761791229248,8,5
8,3,7,19,000100100001101011110101111001,1,1,0,0.4,0.0839160829782486,8,6
8,3,7,21,000100100001101011110101111001,1,1,0,0.44,0.7932960987091064,9,6
8,3,7,23,000100100001101011110101111001,1,1,0,0.44,0.8770492076873779,8,4
8,3,7,24,000100100001101011110101111001,1,1,0,0.31,0.8103448152542114,5,2
8,3,7,25,000100100001101011110101111001,1,1,0,0.5,0.09803921729326248,8,4
8,3,7,26,000100100001101011110101111001,1,1,0,0.24,0.44736841320991516,9,5
8,3,7,29,000100100001101011110101111001,1,1,0,0.22,0.5595238208770752,7,3
8,3,8,4,000010101111111000110110010011,1,1,0,0.27,0.6944444179534912,9,4
8,3,8,6,000010101111111000110110010011,1,1,0,0.49,0.634782612323761,5,3
8,3,8,8,000010101111111000110110010011,1,1,0,0.56,0.8395061492919922,8,6
8,3,8,9,000010101111111000110110010011,1,1,0,0.34,0.8735632300376892,6,2
8,3,8,10,000010101111111000110110010011,1,1,0,0.42,0.8181818127632141,7,3
8,3,8,11,000010101111111000110110010011,1,1,0,0.6,0.7142857313156128,9,6
8,3,8,12,000010101111111000110110010011,1,1,0,0.45,0.6491228342056274,8,7
8,3,8,13,000010101111111000110110010011,1,1,0,0.67,0.9024389982223511,7,3
8,3,8,14,000010101111111000110110010011,1,1,0,0.43,0.32894736528396606,8,5
8,3,8,18,000010101111111000110110010011,1,1,0,0.47,0.6904761791229248,8,5
8,3,8,19,000010101111111000110110010011,1,1,0,0.4,0.0839160829782486,8,6
8,3,8,21,000010101111111000110110010011,1,1,0,0.44,0.7932960987091064,9,6
8,3,8,22,000010101111111000110110010011,1,1,0,0.34,0.41428571939468384,8,2
8,3,8,25,000010101111111000110110010011,1,1,0,0.5,0.09803921729326248,8,4
8,3,8,28,000010101111111000110110010011,1,1,0,0.45,0.8965517282485962,8,3
8,3,8,29,000010101111111000110110010011,1,1,0,0.22,0.5595238208770752,7,3
8,3,9,0,100110101001001101100110010110,1,1,0,0.5,0.22727273404598236,1,1
8,3,9,3,100110101001001101100110010110,1,1,0,0.48,1.0,8,6
8,3,9,4,100110101001001101100110010110,1,1,0,0.27,0.6944444179534912,9,4
8,3,9,6,100110101001001101100110010110,1,1,0,0.49,0.634782612323761,5,3
8,3,9,8,100110101001001101100110010110,1,1,0,0.56,0.8395061492919922,8,6
8,3,9,11,100110101001001101100110010110,1,1,0,0.6,0.7142857313156128,9,6
8,3,9,14,100110101001001101100110010110,1,1,0,0.43,0.32894736528396606,8,5
8,3,9,15,100110101001001101100110010110,1,1,0,0.4,0.36000001430511475,9,4
8,3,9,17,100110101001001101100110010110,1,1,0,0.43,0.0,7,3
8,3,9,18,100110101001001101100110010110,1,1,0,0.47,0.6904761791229248,8,5
8,3,9,21,100110101001001101100110010110,1,1,0,0.44,0.7932960987091064,9,6
8,3,9,22,100110101001001101100110010110,1,1,0,0.34,0.41428571939468384,8,2
8,3,9,25,100110101001001101100110010110,1,1,0,0.5,0.09803921729326248,8,4
8,3,9,27,100110101001001101100110010110,1,1,0,0.69,0.8985507488250732,7,5
8,3,9,28,100110101001001101100110010110,1,1,0,0.45,0.8965517282485962,8,3
8,3,10,0,100110101001000111011111011010,1,1,0,0.5,0.22727273404598236,1,1
8,3,10,3,100110101001000111011111011010,1,1,0,0.48,1.0,8,6
8,3,10,4,100110101001000111011111011010,1,1,0,0.27,0.6944444179534912,9,4
8,3,10,6,100110101001000111011111011010,1,1,0,0.49,0.634782612323761,5,3
8,3,10,8,100110101001000111011111011010,1,1,0,0.56,0.8395061492919922,8,6
8,3,10,11,100110101001000111011111011010,1,1,0,0.6,0.7142857313156128,9,6
8,3,10,15,100110101001000111011111011010,1,1,0,0.4,0.36000001430511475,9,4
8,3,10,16,100110101001000111011111011010,1,1,0,0.39,0.7105262875556946,7,3
8,3,10,17,100110101001000111011111011010,1,1,0,0.43,0.0,7,3
8,3,10,19,100110101001000111011111011010,1,1,0,0.4,0.0839160829782486,8,6
8,3,10,20,100110101001000111011111011010,1,1,0,0.59,0.8235294222831726,9,5
8,3,10,21,100110101001000111011111011010,1,1,0,0.44,0.7932960987091064,9,6
8,3,10,22,100110101001000111011111011010,1,1,0,0.34,0.41428571939468384,8,2
8,3,10,23,100110101001000111011111011010,1,1,0,0.44,0.8770492076873779,8,4
8,3,10,25,100110101001000111011111011010,1,1,0,0.5,0.09803921729326248,8,4
8,3,10,26,100110101001000111011111011010,1,1,0,0.24,0.44736841320991516,9,5
8,3,10,28,100110101001000111011111011010,1,1,0,0.45,0.8965517282485962,8,3
8,3,11,0,100111110001111100000101011110,1,1,0,0.5,0.22727273404598236,1,1
8,3,11,3,100111110001111100000101011110,1,1,0,0.48,1.0,8,6
8,3,11,4,100111110001111100000101011110,1,1,0,0.27,0.6944444179534912,9,4
8,3,11,5,100111110001111100000101011110,1,1,0,0.4,0.7916666865348816,9,7
8,3,11,6,100111110001111100000101011110,1,1,0,0.49,0.634782612323761,5,3
8,3,11,7,100111110001111100000101011110,1,1,0,0.11,0.7377049326896667,9,3
8,3,11,11,100111110001111100000101011110,1,1,0,0.6,0.7142857313156128,9,6
8,3,11,12,100111110001111100000101011110,1,1,0,0.45,0.6491228342056274,8,7
8,3,11,13,100111110001111100000101011110,1,1,0,0.67,0.9024389982223511,7,3
8,3,11,14,100111110001111100000101011110,1,1,0,0.43,0.32894736528396606,8,5
8,3,11,15,100111110001111100000101011110,1,1,0,0.4,0.36000001430511475,9,4
8,3,11,21,100111110001111100000101011110,1,1,0,0.44,0.7932960987091064,9,6
8,3,11,23,100111110001111100000101011110,1,1,0,0.44,0.8770492076873779,8,4
8,3,11,25,100111110001111100000101011110,1,1,0,0.5,0.09803921729326248,8,4
8,3,11,26,100111110001111100000101011110,1,1,0,0.24,0.44736841320991516,9,5
8,3,11,27,100111110001111100000101011110,1,1,0,0.69,0.8985507488250732,7,5
8,3,11,28,100111110001111100000101011110,1,1,0,0.45,0.8965517282485962,8,3
8,3,12,0,101000010101001011110010010111,1,1,0,0.5,0.22727273404598236,1,1
8,3,12,2,101000010101001011110010010111,1,1,0,0.16,0.8617886304855347,9,6
8,3,12,7,101000010101001011110010010111,1,1,0,0.11,0.7377049326896667,9,3
8,3,12,9,101000010101001011110010010111,1,1,0,0.34,0.8735632300376892,6,2
8,3,12,11,101000010101001011110010010111,1,1,0,0.6,0.7142857313156128,9,6
8,3,12,14,101000010101001011110010010111,1,1,0,0.43,0.32894736528396606,8,5
8,3,12,16,101000010101001011110010010111,1,1,0,0.39,0.7105262875556946,7,3
8,3,12,17,101000010101001011110010010111,1,1,0,0.43,0.0,7,3
8,3,12,18,101000010101001011110010010111,1,1,0,0.47,0.6904761791229248,8,5
8,3,12,19,101000010101001011110010010111,1,1,0,0.4,0.0839160829782486,8,6
8,3,12,22,101000010101001011110010010111,1,1,0,0.34,0.41428571939468384,8,2
8,3,12,25,101000010101001011110010010111,1,1,0,0.5,0.09803921729326248,8,4
8,3,12,27,101000010101001011110010010111,1,1,0,0.69,0.8985507488250732,7,5
8,3,12,28,101000010101001011110010010111,1,1,0,0.45,0.8965517282485962,8,3
8,3,12,29,101000010101001011110010010111,1,1,0,0.22,0.5595238208770752,7,3
8,3,13,0,101010111011100101101100111110,1,1,0,0.5,0.22727273404598236,1,1
8,3,13,2,101010111011100101101100111110,1,1,0,0.16,0.8617886304855347,9,6
8,3,13,4,101010111011100101101100111110,1,1,0,0.27,0.6944444179534912,9,4
8,3,13,6,101010111011100101101100111110,1,1,0,0.49,0.634782612323761,5,3
8,3,13,7,101010111011100101101100111110,1,1,0,0.11,0.7377049326896667,9,3
8,3,13,8,101010111011100101101100111110,1,1,0,0.56,0.8395061492919922,8,6
8,3,13,10,101010111011100101101100111110,1,1,0,0.42,0.8181818127632141,7,3
8,3,13,11,101010111011100101101100111110,1,1,0,0.6,0.7142857313156128,9,6
8,3,13,12,101010111011100101101100111110,1,1,0,0.45,0.6491228342056274,8,7
8,3,13,15,101010111011100101101100111110,1,1,0,0.4,0.36000001430511475,9,4
8,3,13,17,101010111011100101101100111110,1,1,0,0.43,0.0,7,3
8,3,13,18,101010111011100101101100111110,1,1,0,0.47,0.6904761791229248,8,5
8,3,13,20,101010111011100101101100111110,1,1,0,0.59,0.8235294222831726,9,5
8,3,13,21,101010111011100101101100111110,1,1,0,0.44,0.7932960987091064,9,6
8,3,13,24,101010111011100101101100111110,1,1,0,0.31,0.8103448152542114,5,2
8,3,13,25,101010111011100101101100111110,1,1,0,0.5,0.09803921729326248,8,4
8,3,13,26,101010111011100101101100111110,1,1,0,0.24,0.44736841320991516,9,5
8,3,13,27,101010111011100101101100111110,1,1,0,0.69,0.8985507488250732,7,5
8,3,13,28,101010111011100101101100111110,1,1,0,0.45,0.8965517282485962,8,3
8,3,14,0,110111110101111011111111011010,1,1,0,0.5,0.22727273404598236,1,1
8,3,14,1,110111110101111011111111011010,1,1,0,0.4,0.8282828330993652,9,7
8,3,14,3,110111110101111011111111011010,1,1,0,0.48,1.0,8,6
8,3,14,4,110111110101111011111111011010,1,1,0,0.27,0.6944444179534912,9,4
8,3,14,5,110111110101111011111111011010,1,1,0,0.4,0.7916666865348816,9,7
8,3,14,6,110111110101111011111111011010,1,1,0,0.49,0.634782612323761,5,3
8,3,14,7,110111110101111011111111011010,1,1,0,0.11,0.7377049326896667,9,3
8,3,14,9,110111110101111011111111011010,1,1,0,0.34,0.8735632300376892,6,2
8,3,14,11,110111110101111011111111011010,1,1,0,0.6,0.7142857313156128,9,6
8,3,14,12,110111110101111011111111011010,1,1,0,0.45,0.6491228342056274,8,7
8,3,14,13,110111110101111011111111011010,1,1,0,0.67,0.9024389982223511,7,3
8,3,14,14,110111110101111011111111011010,1,1,0,0.43,0.32894736528396606,8,5
8,3,14,16,110111110101111011111111011010,1,1,0,0.39,0.7105262875556946,7,3
8,3,14,17,110111110101111011111111011010,1,1,0,0.43,0.0,7,3
8,3,14,18,110111110101111011111111011010,1,1,0,0.47,0.6904761791229248,8,5
8,3,14,19,110111110101111011111111011010,1,1,0,0.4,0.0839160829782486,8,6
8,3,14,20,110111110101111011111111011010,1,1,0,0.59,0.8235294222831726,9,5
8,3,14,21,110111110101111011111111011010,1,1,0,0.44,0.7932960987091064,9,6
8,3,14,22,110111110101111011111111011010,1,1,0,0.34,0.41428571939468384,8,2
8,3,14,23,110111110101111011111111011010,1,1,0,0.44,0.8770492076873779,8,4
8,3,14,25,110111110101111011111111011010,1,1,0,0.5,0.09803921729326248,8,4
8,3,14,26,110111110101111011111111011010,1,1,0,0.24,0.44736841320991516,9,5
8,3,14,28,110111110101111011111111011010,1,1,0,0.45,0.8965517282485962,8,3
8,3,15,2,001111001110101101100101000110,1,1,0,0.16,0.8617886304855347,9,6
8,3,15,3,001111001110101101100101000110,1,1,0,0.48,1.0,8,6
8,3,15,4,001111001110101101100101000110,1,1,0,0.27,0.6944444179534912,9,4
8,3,15,5,001111001110101101100101000110,1,1,0,0.4,0.7916666865348816,9,7
8,3,15,8,001111001110101101100101000110,1,1,0,0.56,0.8395061492919922,8,6
8,3,15,9,001111001110101101100101000110,1,1,0,0.34,0.8735632300376892,6,2
8,3,15,10,001111001110101101100101000110,1,1,0,0.42,0.8181818127632141,7,3
8,3,15,12,001111001110101101100101000110,1,1,0,0.45,0.6491228342056274,8,7
8,3,15,14,001111001110101101100101000110,1,1,0,0.43,0.32894736528396606,8,5
8,3,15,15,001111001110101101100101000110,1,1,0,0.4,0.36000001430511475,9,4
8,3,15,17,001111001110101101100101000110,1,1,0,0.43,0.0,7,3
8,3,15,18,001111001110101101100101000110,1,1,0,0.47,0.6904761791229248,8,5
8,3,15,21,001111001110101101100101000110,1,1,0,0.44,0.7932960987091064,9,6
8,3,15,23,001111001110101101100101000110,1,1,0,0.44,0.8770492076873779,8,4
8,3,15,27,001111001110101101100101000110,1,1,0,0.69,0.8985507488250732,7,5
8,3,15,28,001111001110101101100101000110,1,1,0,0.45,0.8965517282485962,8,3
8,3,16,0,111011001010011110101101011010,1,1,0,0.5,0.22727273404598236,1,1
8,3,16,1,111011001010011110101101011010,1,1,0,0.4,0.8282828330993652,9,7
8,3,16,2,111011001010011110101101011010,1,1,0,0.16,0.8617886304855347,9,6
8,3,16,4,111011001010011110101101011010,1,1,0,0.27,0.6944444179534912,9,4
8,3,16,5,111011001010011110101101011010,1,1,0,0.4,0.7916666865348816,9,7
8,3,16,8,111011001010011110101101011010,1,1,0,0.56,0.8395061492919922,8,6
8,3,16,10,111011001010011110101101011010,1,1,0,0.42,0.8181818127632141,7,3
8,3,16,13,111011001010011110101101011010,1,1,0,0.67,0.9024389982223511,7,3
8,3,16,14,111011001010011110101101011010,1,1,0,0.43,0.32894736528396606,8,5
8,3,16,15,111011001010011110101101011010,1,1,0,0.4,0.36000001430511475,9,4
8,3,16,16,111011001010011110101101011010,1,1,0,0.39,0.7105262875556946,7,3
8,3,16,18,111011001010011110101101011010,1,1,0,0.47,0.6904761791229248,8,5
8,3,16,20,111011001010011110101101011010,1,1,0,0.59,0.8235294222831726,9,5
8,3,16,21,111011001010011110101101011010,1,1,0,0.44,0.7932960987091064,9,6
8,3,16,23,111011001010011110101101011010,1,1,0,0.44,0.8770492076873779,8,4
8,3,16,25,111011001010011110101101011010,1,1,0,0.5,0.09803921729326248,8,4
8,3,16,26,111011001010011110101101011010,1,1,0,0.24,0.44736841320991516,9,5
8,3,16,28,111011001010011110101101011010,1,1,0,0.45,0.8965517282485962,8,3
8,3,17,1,011000111010001001110010010110,1,1,0,0.4,0.8282828330993652,9,7
8,3,17,2,011000111010001001110010010110,1,1,0,0.16,0.8617886304855347,9,6
8,3,17,6,011000111010001001110010010110,1,1,0,0.49,0.634782612323761,5,3
8,3,17,7,011000111010001001110010010110,1,1,0,0.11,0.7377049326896667,9,3
8,3,17,8,011000111010001001110010010110,1,1,0,0.56,0.8395061492919922,8,6
8,3,17,10,011000111010001001110010010110,1,1,0,0.42,0.8181818127632141,7,3
8,3,17,14,011000111010001001110010010110,1,1,0,0.43,0.32894736528396606,8,5
8,3,17,17,011000111010001001110010010110,1,1,0,0.43,0.0,7,3
8,3,17,18,011000111010001001110010010110,1,1,0,0.47,0.6904761791229248,8,5
8,3,17,19,011000111010001001110010010110,1,1,0,0.4,0.0839160829782486,8,6
8,3,17,22,011000111010001001110010010110,1,1,0,0.34,0.41428571939468384,8,2
8,3,17,25,011000111010001001110010010110,1,1,0,0.5,0.09803921729326248,8,4
8,3,17,27,011000111010001001110010010110,1,1,0,0.69,0.8985507488250732,7,5
8,3,17,28,011000111010001001110010010110,1,1,0,0.45,0.8965517282485962,8,3
8,3,18,0,100100000001010100001110000010,1,1,0,0.5,0.22727273404598236,1,1
8,3,18,3,100100000001010100001110000010,1,1,0,0.48,1.0,8,6
8,3,18,11,100100000001010100001110000010,1,1,0,0.6,0.7142857313156128,9,6
8,3,18,13,100100000001010100001110000010,1,1,0,0.67,0.9024389982223511,7,3
8,3,18,15,100100000001010100001110000010,1,1,0,0.4,0.36000001430511475,9,4
8,3,18,20,100100000001010100001110000010,1,1,0,0.59,0.8235294222831726,9,5
8,3,18,21,100100000001010100001110000010,1,1,0,0.44,0.7932960987091064,9,6
8,3,18,22,100100000001010100001110000010,1,1,0,0.34,0.41428571939468384,8,2
8,3,18,28,100100000001010100001110000010,1,1,0,0.45,0.8965517282485962,8,3
8,3,19,0,101000000101001011111010110011,1,1,0,0.5,0.22727273404598236,1,1
8,3,19,2,101000000101001011111010110011,1,1,0,0.16,0.8617886304855347,9,6
8,3,19,9,101000000101001011111010110011,1,1,0,0.34,0.8735632300376892,6,2
8,3,19,11,101000000101001011111010110011,1,1,0,0.6,0.7142857313156128,9,6
8,3,19,14,101000000101001011111010110011,1,1,0,0.43,0.32894736528396606,8,5
8,3,19,16,101000000101001011111010110011,1,1,0,0.39,0.7105262875556946,7,3
8,3,19,17,101000000101001011111010110011,1,1,0,0.43,0.0,7,3
8,3,19,18,101000000101001011111010110011,1,1,0,0.47,0.6904761791229248,8,5
8,3,19,19,101000000101001011111010110011,1,1,0,0.4,0.0839160829782486,8,6
8,3,19,20,101000000101001011111010110011,1,1,0,0.59,0.8235294222831726,9,5
8,3,19,22,101000000101001011111010110011,1,1,0,0.34,0.41428571939468384,8,2
8,3,19,24,101000000101001011111010110011,1,1,0,0.31,0.8103448152542114,5,2
8,3,19,25,101000000101001011111010110011,1,1,0,0.5,0.09803921729326248,8,4
8,3,19,28,101000000101001011111010110011,1,1,0,0.45,0.8965517282485962,8,3
8,3,19,29,101000000101001011111010110011,1,1,0,0.22,0.5595238208770752,7,3
8,4,0,2,001111101111111000110101000110,1,1,0,0.16,0.8617886304855347,9,6
8,4,0,3,001111101111111000110101000110,1,1,0,0.48,1.0,8,6
8,4,0,4,001111101111111000110101000110,1,1,0,0.27,0.6944444179534912,9,4
8,4,0,5,001111101111111000110101000110,1,1,0,0.4,0.7916666865348816,9,7
8,4,0,6,001111101111111000110101000110,1,1,0,0.49,0.634782612323761,5,3
8,4,0,8,001111101111111000110101000110,1,1,0,0.56,0.8395061492919922,8,6
8,4,0,9,001111101111111000110101000110,1,1,0,0.34,0.8735632300376892,6,2
8,4,0,10,001111101111111000110101000110,1,1,0,0.42,0.8181818127632141,7,3
8,4,0,11,001111101111111000110101000110,1,1,0,0.6,0.7142857313156128,9,6
8,4,0,12,001111101111111000110101000110,1,1,0,0.45,0.6491228342056274,8,7
8,4,0,13,001111101111111000110101000110,1,1,0,0.67,0.9024389982223511,7,3
8,4,0,14,001111101111111000110101000110,1,1,0,0.43,0.32894736528396606,8,5
8,4,0,18,001111101111111000110101000110,1,1,0,0.47,0.6904761791229248,8,5
8,4,0,19,001111101111111000110101000110,1,1,0,0.4,0.0839160829782486,8,6
8,4,0,21,001111101111111000110101000110,1,1,0,0.44,0.7932960987091064,9,6
8,4,0,23,001111101111111000110101000110,1,1,0,0.44,0.8770492076873779,8,4
8,4,0,27,001111101111111000110101000110,1,1,0,0.69,0.8985507488250732,7,5
8,4,0,28,001111101111111000110101000110,1,1,0,0.45,0.8965517282485962,8,3
8,4,1,0,111000111010001001110010000100,1,1,0,0.5,0.22727273404598236,1,1
8,4,1,1,111000111010001001110010000100,1,1,0,0.4,0.8282828330993652,9,7
8,4,1,2,111000111010001001110010000100,1,1,0,0.16,0.8617886304855347,9,6
8,4,1,6,111000111010001001110010000100,1,1,0,0.49,0.634782612323761,5,3
8,4,1,7,111000111010001001110010000100,1,1,0,0.11,0.7377049326896667,9,3
8,4,1,8,111000111010001001110010000100,1,1,0,0.56,0.8395061492919922,8,6
8,4,1,10,111000111010001001110010000100,1,1,0,0.42,0.8181818127632141,7,3
8,4,1,14,111000111010001001110010000100,1,1,0,0.43,0.32894736528396606,8,5
8,4,1,17,111000111010001001110010000100,1,1,0,0.43,0.0,7,3
8,4,1,18,111000111010001001110010000100,1,1,0,0.47,0.6904761791229248,8,5
8,4,1,19,111000111010001001110010000100,1,1,0,0.4,0.0839160829782486,8,6
8,4,1,22,111000111010001001110010000100,1,1,0,0.34,0.41428571939468384,8,2
8,4,1,27,111000111010001001110010000100,1,1,0,0.69,0.8985507488250732,7,5
8,4,2,0,100100000001010110101110001010,1,1,0,0.5,0.22727273404598236,1,1
8,4,2,3,100100000001010110101110001010,1,1,0,0.48,1.0,8,6
8,4,2,11,100100000001010110101110001010,1,1,0,0.6,0.7142857313156128,9,6
8,4,2,13,100100000001010110101110001010,1,1,0,0.67,0.9024389982223511,7,3
8,4,2,15,100100000001010110101110001010,1,1,0,0.4,0.36000001430511475,9,4
8,4,2,16,100100000001010110101110001010,1,1,0,0.39,0.7105262875556946,7,3
8,4,2,18,100100000001010110101110001010,1,1,0,0.47,0.6904761791229248,8,5
8,4,2,20,100100000001010110101110001010,1,1,0,0.59,0.8235294222831726,9,5
8,4,2,21,100100000001010110101110001010,1,1,0,0.44,0.7932960987091064,9,6
8,4,2,22,100100000001010110101110001010,1,1,0,0.34,0.41428571939468384,8,2
8,4,2,26,100100000001010110101110001010,1,1,0,0.24,0.44736841320991516,9,5
8,4,2,28,100100000001010110101110001010,1,1,0,0.45,0.8965517282485962,8,3
8,4,3,0,100110111110101101100110011010,1,1,0,0.5,0.22727273404598236,1,1
8,4,3,3,100110111110101101100110011010,1,1,0,0.48,1.0,8,6
8,4,3,4,100110111110101101100110011010,1,1,0,0.27,0.6944444179534912,9,4
8,4,3,6,100110111110101101100110011010,1,1,0,0.49,0.634782612323761,5,3
8,4,3,7,100110111110101101100110011010,1,1,0,0.11,0.7377049326896667,9,3
8,4,3,8,100110111110101101100110011010,1,1,0,0.56,0.8395061492919922,8,6
8,4,3,9,100110111110101101100110011010,1,1,0,0.34,0.8735632300376892,6,2
8,4,3,10,100110111110101101100110011010,1,1,0,0.42,0.8181818127632141,7,3
8,4,3,12,100110111110101101100110011010,1,1,0,0.45,0.6491228342056274,8,7
8,4,3,14,100110111110101101100110011010,1,1,0,0.43,0.32894736528396606,8,5
8,4,3,15,100110111110101101100110011010,1,1,0,0.4,0.36000001430511475,9,4
8,4,3,17,100110111110101101100110011010,1,1,0,0.43,0.0,7,3
8,4,3,18,100110111110101101100110011010,1,1,0,0.47,0.6904761791229248,8,5
8,4,3,21,100110111110101101100110011010,1,1,0,0.44,0.7932960987091064,9,6
8,4,3,22,100110111110101101100110011010,1,1,0,0.34,0.41428571939468384,8,2
8,4,3,25,100110111110101101100110011010,1,1,0,0.5,0.09803921729326248,8,4
8,4,3,26,100110111110101101100110011010,1,1,0,0.24,0.44736841320991516,9,5
8,4,3,28,100110111110101101100110011010,1,1,0,0.45,0.8965517282485962,8,3
8,4,4,0,100100000001010100101110000010,1,1,0,0.5,0.22727273404598236,1,1
8,4,4,3,100100000001010100101110000010,1,1,0,0.48,1.0,8,6
8,4,4,11,100100000001010100101110000010,1,1,0,0.6,0.7142857313156128,9,6
8,4,4,13,100100000001010100101110000010,1,1,0,0.67,0.9024389982223511,7,3
8,4,4,15,100100000001010100101110000010,1,1,0,0.4,0.36000001430511475,9,4
8,4,4,18,100100000001010100101110000010,1,1,0,0.47,0.6904761791229248,8,5
8,4,4,20,100100000001010100101110000010,1,1,0,0.59,0.8235294222831726,9,5
8,4,4,21,100100000001010100101110000010,1,1,0,0.44,0.7932960987091064,9,6
8,4,4,22,100100000001010100101110000010,1,1,0,0.34,0.41428571939468384,8,2
8,4,4,28,100100000001010100101110000010,1,1,0,0.45,0.8965517282485962,8,3
8,4,5,4,000010101111111000110110010011,1,1,0,0.27,0.6944444179534912,9,4
8,4,5,6,000010101111111000110110010011,1,1,0,0.49,0.634782612323761,5,3
8,4,5,8,000010101111111000110110010011,1,1,0,0.56,0.8395061492919922,8,6
8,4,5,9,000010101111111000110110010011,1,1,0,0.34,0.8735632300376892,6,2
8,4,5,10,000010101111111000110110010011,1,1,0,0.42,0.8181818127632141,7,3
8,4,5,11,000010101111111000110110010011,1,1,0,0.6,0.7142857313156128,9,6
8,4,5,12,000010101111111000110110010011,1,1,0,0.45,0.6491228342056274,8,7
8,4,5,13,000010101111111000110110010011,1,1,0,0.67,0.9024389982223511,7,3
8,4,5,14,000010101111111000110110010011,1,1,0,0.43,0.32894736528396606,8,5
8,4,5,18,000010101111111000110110010011,1,1,0,0.47,0.6904761791229248,8,5
8,4,5,19,000010101111111000110110010011,1,1,0,0.4,0.0839160829782486,8,6
8,4,5,21,000010101111111000110110010011,1,1,0,0.44,0.7932960987091064,9,6
8,4,5,22,000010101111111000110110010011,1,1,0,0.34,0.41428571939468384,8,2
8,4,5,25,000010101111111000110110010011,1,1,0,0.5,0.09803921729326248,8,4
8,4,5,28,000010101111111000110110010011,1,1,0,0.45,0.8965517282485962,8,3
8,4,5,29,000010101111111000110110010011,1,1,0,0.22,0.5595238208770752,7,3
8,4,6,0,100110101001001101100110010110,1,1,0,0.5,0.22727273404598236,1,1
8,4,6,3,100110101001001101100110010110,1,1,0,0.48,1.0,8,6
8,4,6,4,100110101001001101100110010110,1,1,0,0.27,0.6944444179534912,9,4
8,4,6,6,100110101001001101100110010110,1,1,0,0.49,0.634782612323761,5,3
8,4,6,8,100110101001001101100110010110,1,1,0,0.56,0.8395061492919922,8,6
8,4,6,11,100110101001001101100110010110,1,1,0,0.6,0.7142857313156128,9,6
8,4,6,14,100110101001001101100110010110,1,1,0,0.43,0.32894736528396606,8,5
8,4,6,15,100110101001001101100110010110,1,1,0,0.4,0.36000001430511475,9,4
8,4,6,17,100110101001001101100110010110,1,1,0,0.43,0.0,7,3
8,4,6,18,100110101001001101100110010110,1,1,0,0.47,0.6904761791229248,8,5
8,4,6,21,100110101001001101100110010110,1,1,0,0.44,0.7932960987091064,9,6
8,4,6,22,100110101001001101100110010110,1,1,0,0.34,0.41428571939468384,8,2
8,4,6,25,100110101001001101100110010110,1,1,0,0.5,0.09803921729326248,8,4
8,4,6,27,100110101001001101100110010110,1,1,0,0.69,0.8985507488250732,7,5
8,4,6,28,100110101001001101100110010110,1,1,0,0.45,0.8965517282485962,8,3
8,4,7,0,100111110001111100000101011110,1,1,0,0.5,0.22727273404598236,1,1
8,4,7,3,100111110001111100000101011110,1,1,0,0.48,1.0,8,6
8,4,7,4,100111110001111100000101011110,1,1,0,0.27,0.6944444179534912,9,4
8,4,7,5,100111110001111100000101011110,1,1,0,0.4,0.7916666865348816,9,7
8,4,7,6,100111110001111100000101011110,1,1,0,0.49,0.634782612323761,5,3
8,4,7,7,100111110001111100000101011110,1,1,0,0.11,0.7377049326896667,9,3
8,4,7,11,100111110001111100000101011110,1,1,0,0.6,0.7142857313156128,9,6
8,4,7,12,100111110001111100000101011110,1,1,0,0.45,0.6491228342056274,8,7
8,4,7,13,100111110001111100000101011110,1,1,0,0.67,0.9024389982223511,7,3
8,4,7,14,100111110001111100000101011110,1,1,0,0.43,0.32894736528396606,8,5
8,4,7,15,100111110001111100000101011110,1,1,0,0.4,0.36000001430511475,9,4
8,4,7,21,100111110001111100000101011110,1,1,0,0.44,0.7932960987091064,9,6
8,4,7,23,100111110001111100000101011110,1,1,0,0.44,0.8770492076873779,8,4
8,4,7,25,100111110001111100000101011110,1,1,0,0.5,0.09803921729326248,8,4
8,4,7,26,100111110001111100000101011110,1,1,0,0.24,0.44736841320991516,9,5
8,4,7,27,100111110001111100000101011110,1,1,0,0.69,0.8985507488250732,7,5
8,4,7,28,100111110001111100000101011110,1,1,0,0.45,0.8965517282485962,8,3
8,4,8,0,101000010101001011110010010111,1,1,0,0.5,0.22727273404598236,1,1
8,4,8,2,101000010101001011110010010111,1,1,0,0.16,0.8617886304855347,9,6
8,4,8,7,101000010101001011110010010111,1,1,0,0.11,0.7377049326896667,9,3
8,4,8,9,101000010101001011110010010111,1,1,0,0.34,0.8735632300376892,6,2
8,4,8,11,101000010101001011110010010111,1,1,0,0.6,0.7142857313156128,9,6
8,4,8,14,101000010101001011110010010111,1,1,0,0.43,0.32894736528396606,8,5
8,4,8,16,101000010101001011110010010111,1,1,0,0.39,0.7105262875556946,7,3
8,4,8,17,101000010101001011110010010111,1,1,0,0.43,0.0,7,3
8,4,8,18,101000010101001011110010010111,1,1,0,0.47,0.6904761791229248,8,5
8,4,8,19,101000010101001011110010010111,1,1,0,0.4,0.0839160829782486,8,6
8,4,8,22,101000010101001011110010010111,1,1,0,0.34,0.41428571939468384,8,2
8,4,8,25,101000010101001011110010010111,1,1,0,0.5,0.09803921729326248,8,4
8,4,8,27,101000010101001011110010010111,1,1,0,0.69,0.8985507488250732,7,5
8,4,8,28,101000010101001011110010010111,1,1,0,0.45,0.8965517282485962,8,3
8,4,8,29,101000010101001011110010010111,1,1,0,0.22,0.5595238208770752,7,3
8,4,9,0,101010111011100101101100111110,1,1,0,0.5,0.22727273404598236,1,1
8,4,9,2,101010111011100101101100111110,1,1,0,0.16,0.8617886304855347,9,6
8,4,9,4,101010111011100101101100111110,1,1,0,0.27,0.6944444179534912,9,4
8,4,9,6,101010111011100101101100111110,1,1,0,0.49,0.634782612323761,5,3
8,4,9,7,101010111011100101101100111110,1,1,0,0.11,0.7377049326896667,9,3
8,4,9,8,101010111011100101101100111110,1,1,0,0.56,0.8395061492919922,8,6
8,4,9,10,101010111011100101101100111110,1,1,0,0.42,0.8181818127632141,7,3
8,4,9,11,101010111011100101101100111110,1,1,0,0.6,0.7142857313156128,9,6
8,4,9,12,101010111011100101101100111110,1,1,0,0.45,0.6491228342056274,8,7
8,4,9,15,101010111011100101101100111110,1,1,0,0.4,0.36000001430511475,9,4
8,4,9,17,101010111011100101101100111110,1,1,0,0.43,0.0,7,3
8,4,9,18,101010111011100101101100111110,1,1,0,0.47,0.6904761791229248,8,5
8,4,9,20,101010111011100101101100111110,1,1,0,0.59,0.8235294222831726,9,5
8,4,9,21,101010111011100101101100111110,1,1,0,0.44,0.7932960987091064,9,6
8,4,9,24,101010111011100101101100111110,1,1,0,0.31,0.8103448152542114,5,2
8,4,9,25,101010111011100101101100111110,1,1,0,0.5,0.09803921729326248,8,4
8,4,9,26,101010111011100101101100111110,1,1,0,0.24,0.44736841320991516,9,5
8,4,9,27,101010111011100101101100111110,1,1,0,0.69,0.8985507488250732,7,5
8,4,9,28,101010111011100101101100111110,1,1,0,0.45,0.8965517282485962,8,3
8,4,10,0,111011001010011110101101011010,1,1,0,0.5,0.22727273404598236,1,1
8,4,10,1,111011001010011110101101011010,1,1,0,0.4,0.8282828330993652,9,7
8,4,10,2,111011001010011110101101011010,1,1,0,0.16,0.8617886304855347,9,6
8,4,10,4,111011001010011110101101011010,1,1,0,0.27,0.6944444179534912,9,4
8,4,10,5,111011001010011110101101011010,1,1,0,0.4,0.7916666865348816,9,7
8,4,10,8,111011001010011110101101011010,1,1,0,0.56,0.8395061492919922,8,6
8,4,10,10,111011001010011110101101011010,1,1,0,0.42,0.8181818127632141,7,3
8,4,10,13,111011001010011110101101011010,1,1,0,0.67,0.9024389982223511,7,3
8,4,10,14,111011001010011110101101011010,1,1,0,0.43,0.32894736528396606,8,5
8,4,10,15,111011001010011110101101011010,1,1,0,0.4,0.36000001430511475,9,4
8,4,10,16,111011001010011110101101011010,1,1,0,0.39,0.7105262875556946,7,3
8,4,10,18,111011001010011110101101011010,1,1,0,0.47,0.6904761791229248,8,5
8,4,10,20,111011001010011110101101011010,1,1,0,0.59,0.8235294222831726,9,5
8,4,10,21,111011001010011110101101011010,1,1,0,0.44,0.7932960987091064,9,6
8,4,10,23,111011001010011110101101011010,1,1,0,0.44,0.8770492076873779,8,4
8,4,10,25,111011001010011110101101011010,1,1,0,0.5,0.09803921729326248,8,4
8,4,10,26,111011001010011110101101011010,1,1,0,0.24,0.44736841320991516,9,5
8,4,10,28,111011001010011110101101011010,1,1,0,0.45,0.8965517282485962,8,3
8,4,11,1,011000111010001001110010010110,1,1,0,0.4,0.8282828330993652,9,7
8,4,11,2,011000111010001001110010010110,1,1,0,0.16,0.8617886304855347,9,6
8,4,11,6,011000111010001001110010010110,1,1,0,0.49,0.634782612323761,5,3
8,4,11,7,011000111010001001110010010110,1,1,0,0.11,0.7377049326896667,9,3
8,4,11,8,011000111010001001110010010110,1,1,0,0.56,0.8395061492919922,8,6
8,4,11,10,011000111010001001110010010110,1,1,0,0.42,0.8181818127632141,7,3
8,4,11,14,011000111010001001110010010110,1,1,0,0.43,0.32894736528396606,8,5
8,4,11,17,011000111010001001110010010110,1,1,0,0.43,0.0,7,3
8,4,11,18,011000111010001001110010010110,1,1,0,0.47,0.6904761791229248,8,5
8,4,11,19,011000111010001001110010010110,1,1,0,0.4,0.0839160829782486,8,6
8,4,11,22,011000111010001001110010010110,1,1,0,0.34,0.41428571939468384,8,2
8,4,11,25,011000111010001001110010010110,1,1,0,0.5,0.09803921729326248,8,4
8,4,11,27,011000111010001001110010010110,1,1,0,0.69,0.8985507488250732,7,5
8,4,11,28,011000111010001001110010010110,1,1,0,0.45,0.8965517282485962,8,3
8,4,12,0,100100000001010100001110000010,1,1,0,0.5,0.22727273404598236,1,1
8,4,12,3,100100000001010100001110000010,1,1,0,0.48,1.0,8,6
8,4,12,11,100100000001010100001110000010,1,1,0,0.6,0.7142857313156128,9,6
8,4,12,13,100100000001010100001110000010,1,1,0,0.67,0.9024389982223511,7,3
8,4,12,15,100100000001010100001110000010,1,1,0,0.4,0.36000001430511475,9,4
8,4,12,20,100100000001010100001110000010,1,1,0,0.59,0.8235294222831726,9,5
8,4,12,21,100100000001010100001110000010,1,1,0,0.44,0.7932960987091064,9,6
8,4,12,22,100100000001010100001110000010,1,1,0,0.34,0.41428571939468384,8,2
8,4,12,28,100100000001010100001110000010,1,1,0,0.45,0.8965517282485962,8,3
8,4,13,1,011010010101001011111010110001,1,1,0,0.4,0.8282828330993652,9,7
8,4,13,2,011010010101001011111010110001,1,1,0,0.16,0.8617886304855347,9,6
8,4,13,4,011010010101001011111010110001,1,1,0,0.27,0.6944444179534912,9,4
8,4,13,7,011010010101001011111010110001,1,1,0,0.11,0.7377049326896667,9,3
8,4,13,9,011010010101001011111010110001,1,1,0,0.34,0.8735632300376892,6,2
8,4,13,11,011010010101001011111010110001,1,1,0,0.6,0.7142857313156128,9,6
8,4,13,14,011010010101001011111010110001,1,1,0,0.43,0.32894736528396606,8,5
8,4,13,16,011010010101001011111010110001,1,1,0,0.39,0.7105262875556946,7,3
8,4,13,17,011010010101001011111010110001,1,1,0,0.43,0.0,7,3
8,4,13,18,011010010101001011111010110001,1,1,0,0.47,0.6904761791229248,8,5
8,4,13,19,011010010101001011111010110001,1,1,0,0.4,0.0839160829782486,8,6
8,4,13,20,011010010101001011111010110001,1,1,0,0.59,0.8235294222831726,9,5
8,4,13,22,011010010101001011111010110001,1,1,0,0.34,0.41428571939468384,8,2
8,4,13,24,011010010101001011111010110001,1,1,0,0.31,0.8103448152542114,5,2
8,4,13,25,011010010101001011111010110001,1,1,0,0.5,0.09803921729326248,8,4
8,4,13,29,011010010101001011111010110001,1,1,0,0.22,0.5595238208770752,7,3
8,4,14,1,010111111110111000110101000110,1,1,0,0.4,0.8282828330993652,9,7
8,4,14,3,010111111110111000110101000110,1,1,0,0.48,1.0,8,6
8,4,14,4,010111111110111000110101000110,1,1,0,0.27,0.6944444179534912,9,4
8,4,14,5,010111111110111000110101000110,1,1,0,0.4,0.7916666865348816,9,7
8,4,14,6,010111111110111000110101000110,1,1,0,0.49,0.634782612323761,5,3
8,4,14,7,010111111110111000110101000110,1,1,0,0.11,0.7377049326896667,9,3
8,4,14,8,010111111110111000110101000110,1,1,0,0.56,0.8395061492919922,8,6
8,4,14,9,010111111110111000110101000110,1,1,0,0.34,0.8735632300376892,6,2
8,4,14,10,010111111110111000110101000110,1,1,0,0.42,0.8181818127632141,7,3
8,4,14,12,010111111110111000110101000110,1,1,0,0.45,0.6491228342056274,8,7
8,4,14,13,010111111110111000110101000110,1,1,0,0.67,0.9024389982223511,7,3
8,4,14,14,010111111110111000110101000110,1,1,0,0.43,0.32894736528396606,8,5
8,4,14,18,010111111110111000110101000110,1,1,0,0.47,0.6904761791229248,8,5
8,4,14,19,010111111110111000110101000110,1,1,0,0.4,0.0839160829782486,8,6
8,4,14,21,010111111110111000110101000110,1,1,0,0.44,0.7932960987091064,9,6
8,4,14,23,010111111110111000110101000110,1,1,0,0.44,0.8770492076873779,8,4
8,4,14,27,010111111110111000110101000110,1,1,0,0.69,0.8985507488250732,7,5
8,4,14,28,010111111110111000110101000110,1,1,0,0.45,0.8965517282485962,8,3
8,4,15,0,101111001111100101101100110110,1,1,0,0.5,0.22727273404598236,1,1
8,4,15,2,101111001111100101101100110110,1,1,0,0.16,0.8617886304855347,9,6
8,4,15,3,101111001111100101101100110110,1,1,0,0.48,1.0,8,6
8,4,15,4,101111001111100101101100110110,1,1,0,0.27,0.6944444179534912,9,4
8,4,15,5,101111001111100101101100110110,1,1,0,0.4,0.7916666865348816,9,7
8,4,15,8,101111001111100101101100110110,1,1,0,0.56,0.8395061492919922,8,6
8,4,15,9,101111001111100101101100110110,1,1,0,0.34,0.8735632300376892,6,2
8,4,15,10,101111001111100101101100110110,1,1,0,0.42,0.8181818127632141,7,3
8,4,15,11,101111001111100101101100110110,1,1,0,0.6,0.7142857313156128,9,6
8,4,15,12,101111001111100101101100110110,1,1,0,0.45,0.6491228342056274,8,7
8,4,15,15,101111001111100101101100110110,1,1,0,0.4,0.36000001430511475,9,4
8,4,15,17,101111001111100101101100110110,1,1,0,0.43,0.0,7,3
8,4,15,18,101111001111100101101100110110,1,1,0,0.47,0.6904761791229248,8,5
8,4,15,20,101111001111100101101100110110,1,1,0,0.59,0.8235294222831726,9,5
8,4,15,21,101111001111100101101100110110,1,1,0,0.44,0.7932960987091064,9,6
8,4,15,24,101111001111100101101100110110,1,1,0,0.31,0.8103448152542114,5,2
8,4,15,25,101111001111100101101100110110,1,1,0,0.5,0.09803921729326248,8,4
8,4,15,27,101111001111100101101100110110,1,1,0,0.69,0.8985507488250732,7,5
8,4,15,28,101111001111100101101100110110,1,1,0,0.45,0.8965517282485962,8,3
8,4,16,2,001111101010111110101101010111,1,1,0,0.16,0.8617886304855347,9,6
8,4,16,3,001111101010111110101101010111,1,1,0,0.48,1.0,8,6
8,4,16,4,001111101010111110101101010111,1,1,0,0.27,0.6944444179534912,9,4
8,4,16,5,001111101010111110101101010111,1,1,0,0.4,0.7916666865348816,9,7
8,4,16,6,001111101010111110101101010111,1,1,0,0.49,0.634782612323761,5,3
8,4,16,8,001111101010111110101101010111,1,1,0,0.56,0.8395061492919922,8,6
8,4,16,10,001111101010111110101101010111,1,1,0,0.42,0.8181818127632141,7,3
8,4,16,12,001111101010111110101101010111,1,1,0,0.45,0.6491228342056274,8,7
8,4,16,13,001111101010111110101101010111,1,1,0,0.67,0.9024389982223511,7,3
8,4,16,14,001111101010111110101101010111,1,1,0,0.43,0.32894736528396606,8,5
8,4,16,15,001111101010111110101101010111,1,1,0,0.4,0.36000001430511475,9,4
8,4,16,16,001111101010111110101101010111,1,1,0,0.39,0.7105262875556946,7,3
8,4,16,18,001111101010111110101101010111,1,1,0,0.47,0.6904761791229248,8,5
8,4,16,20,001111101010111110101101010111,1,1,0,0.59,0.8235294222831726,9,5
8,4,16,21,001111101010111110101101010111,1,1,0,0.44,0.7932960987091064,9,6
8,4,16,23,001111101010111110101101010111,1,1,0,0.44,0.8770492076873779,8,4
8,4,16,25,001111101010111110101101010111,1,1,0,0.5,0.09803921729326248,8,4
8,4,16,27,001111101010111110101101010111,1,1,0,0.69,0.8985507488250732,7,5
8,4,16,28,001111101010111110101101010111,1,1,0,0.45,0.8965517282485962,8,3
8,4,16,29,001111101010111110101101010111,1,1,0,0.22,0.5595238208770752,7,3
8,4,17,0,100010101001000111001111010110,1,1,0,0.5,0.22727273404598236,1,1
8,4,17,4,100010101001000111001111010110,1,1,0,0.27,0.6944444179534912,9,4
8,4,17,6,100010101001000111001111010110,1,1,0,0.49,0.634782612323761,5,3
8,4,17,8,100010101001000111001111010110,1,1,0,0.56,0.8395061492919922,8,6
8,4,17,11,100010101001000111001111010110,1,1,0,0.6,0.7142857313156128,9,6
8,4,17,15,100010101001000111001111010110,1,1,0,0.4,0.36000001430511475,9,4
8,4,17,16,100010101001000111001111010110,1,1,0,0.39,0.7105262875556946,7,3
8,4,17,17,100010101001000111001111010110,1,1,0,0.43,0.0,7,3
8,4,17,20,100010101001000111001111010110,1,1,0,0.59,0.8235294222831726,9,5
8,4,17,21,100010101001000111001111010110,1,1,0,0.44,0.7932960987091064,9,6
8,4,17,22,100010101001000111001111010110,1,1,0,0.34,0.41428571939468384,8,2
8,4,17,23,100010101001000111001111010110,1,1,0,0.44,0.8770492076873779,8,4
8,4,17,25,100010101001000111001111010110,1,1,0,0.5,0.09803921729326248,8,4
8,4,17,27,100010101001000111001111010110,1,1,0,0.69,0.8985507488250732,7,5
8,4,17,28,100010101001000111001111010110,1,1,0,0.45,0.8965517282485962,8,3
8,4,18,7,000000011010001001110010011001,1,1,0,0.11,0.7377049326896667,9,3
8,4,18,8,000000011010001001110010011001,1,1,0,0.56,0.8395061492919922,8,6
8,4,18,10,000000011010001001110010011001,1,1,0,0.42,0.8181818127632141,7,3
8,4,18,14,000000011010001001110010011001,1,1,0,0.43,0.32894736528396606,8,5
8,4,18,17,000000011010001001110010011001,1,1,0,0.43,0.0,7,3
8,4,18,18,000000011010001001110010011001,1,1,0,0.47,0.6904761791229248,8,5
8,4,18,19,000000011010001001110010011001,1,1,0,0.4,0.0839160829782486,8,6
8,4,18,22,000000011010001001110010011001,1,1,0,0.34,0.41428571939468384,8,2
8,4,18,25,000000011010001001110010011001,1,1,0,0.5,0.09803921729326248,8,4
8,4,18,26,000000011010001001110010011001,1,1,0,0.24,0.44736841320991516,9,5
8,4,18,29,000000011010001001110010011001,1,1,0,0.22,0.5595238208770752,7,3
8,4,19,0,110000000001101101100110010110,1,1,0,0.5,0.22727273404598236,1,1
8,4,19,1,110000000001101101100110010110,1,1,0,0.4,0.8282828330993652,9,7
8,4,19,11,110000000001101101100110010110,1,1,0,0.6,0.7142857313156128,9,6
8,4,19,12,110000000001101101100110010110,1,1,0,0.45,0.6491228342056274,8,7
8,4,19,14,110000000001101101100110010110,1,1,0,0.43,0.32894736528396606,8,5
8,4,19,15,110000000001101101100110010110,1,1,0,0.4,0.36000001430511475,9,4
8,4,19,17,110000000001101101100110010110,1,1,0,0.43,0.0,7,3
8,4,19,18,110000000001101101100110010110,1,1,0,0.47,0.6904761791229248,8,5
8,4,19,21,110000000001101101100110010110,1,1,0,0.44,0.7932960987091064,9,6
8,4,19,22,110000000001101101100110010110,1,1,0,0.34,0.41428571939468384,8,2
8,4,19,25,110000000001101101100110010110,1,1,0,0.5,0.09803921729326248,8,4
8,4,19,27,110000000001101101100110010110,1,1,0,0.69,0.8985507488250732,7,5
8,4,19,28,110000000001101101100110010110,1,1,0,0.45,0.8965517282485962,8,3
8,4,20,0,100100000001010100001110011010,1,1,0,0.5,0.22727273404598236,1,1
8,4,20,3,100100000001010100001110011010,1,1,0,0.48,1.0,8,6
8,4,20,11,100100000001010100001110011010,1,1,0,0.6,0.7142857313156128,9,6
8,4,20,13,100100000001010100001110011010,1,1,0,0.67,0.9024389982223511,7,3
8,4,20,15,100100000001010100001110011010,1,1,0,0.4,0.36000001430511475,9,4
8,4,20,20,100100000001010100001110011010,1,1,0,0.59,0.8235294222831726,9,5
8,4,20,21,100100000001010100001110011010,1,1,0,0.44,0.7932960987091064,9,6
8,4,20,22,100100000001010100001110011010,1,1,0,0.34,0.41428571939468384,8,2
8,4,20,25,100100000001010100001110011010,1,1,0,0.5,0.09803921729326248,8,4
8,4,20,26,100100000001010100001110011010,1,1,0,0.24,0.44736841320991516,9,5
8,4,20,28,100100000001010100001110011010,1,1,0,0.45,0.8965517282485962,8,3
8,4,21,2,001000000100001011110010010111,1,1,0,0.16,0.8617886304855347,9,6
8,4,21,9,001000000100001011110010010111,1,1,0,0.34,0.8735632300376892,6,2
8,4,21,14,001000000100001011110010010111,1,1,0,0.43,0.32894736528396606,8,5
8,4,21,16,001000000100001011110010010111,1,1,0,0.39,0.7105262875556946,7,3
8,4,21,17,001000000100001011110010010111,1,1,0,0.43,0.0,7,3
8,4,21,18,001000000100001011110010010111,1,1,0,0.47,0.6904761791229248,8,5
8,4,21,19,001000000100001011110010010111,1,1,0,0.4,0.0839160829782486,8,6
8,4,21,22,001000000100001011110010010111,1,1,0,0.34,0.41428571939468384,8,2
8,4,21,25,001000000100001011110010010111,1,1,0,0.5,0.09803921729326248,8,4
8,4,21,27,001000000100001011110010010111,1,1,0,0.69,0.8985507488250732,7,5
8,4,21,28,001000000100001011110010010111,1,1,0,0.45,0.8965517282485962,8,3
8,4,21,29,001000000100001011110010010111,1,1,0,0.22,0.5595238208770752,7,3
8,4,22,0,100100000001001011111010010010,1,1,0,0.5,0.22727273404598236,1,1
8,4,22,3,100100000001001011111010010010,1,1,0,0.48,1.0,8,6
8,4,22,11,100100000001001011111010010010,1,1,0,0.6,0.7142857313156128,9,6
8,4,22,14,100100000001001011111010010010,1,1,0,0.43,0.32894736528396606,8,5
8,4,22,16,100100000001001011111010010010,1,1,0,0.39,0.7105262875556946,7,3
8,4,22,17,100100000001001011111010010010,1,1,0,0.43,0.0,7,3
8,4,22,18,100100000001001011111010010010,1,1,0,0.47,0.6904761791229248,8,5
8,4,22,19,100100000001001011111010010010,1,1,0,0.4,0.0839160829782486,8,6
8,4,22,20,100100000001001011111010010010,1,1,0,0.59,0.8235294222831726,9,5
8,4,22,22,100100000001001011111010010010,1,1,0,0.34,0.41428571939468384,8,2
8,4,22,25,100100000001001011111010010010,1,1,0,0.5,0.09803921729326248,8,4
8,4,22,28,100100000001001011111010010010,1,1,0,0.45,0.8965517282485962,8,3
8,4,23,0,111011001001101011110101111010,1,1,0,0.5,0.22727273404598236,1,1
8,4,23,1,111011001001101011110101111010,1,1,0,0.4,0.8282828330993652,9,7
8,4,23,2,111011001001101011110101111010,1,1,0,0.16,0.8617886304855347,9,6
8,4,23,4,111011001001101011110101111010,1,1,0,0.27,0.6944444179534912,9,4
8,4,23,5,111011001001101011110101111010,1,1,0,0.4,0.7916666865348816,9,7
8,4,23,8,111011001001101011110101111010,1,1,0,0.56,0.8395061492919922,8,6
8,4,23,11,111011001001101011110101111010,1,1,0,0.6,0.7142857313156128,9,6
8,4,23,12,111011001001101011110101111010,1,1,0,0.45,0.6491228342056274,8,7
8,4,23,14,111011001001101011110101111010,1,1,0,0.43,0.32894736528396606,8,5
8,4,23,16,111011001001101011110101111010,1,1,0,0.39,0.7105262875556946,7,3
8,4,23,17,111011001001101011110101111010,1,1,0,0.43,0.0,7,3
8,4,23,18,111011001001101011110101111010,1,1,0,0.47,0.6904761791229248,8,5
8,4,23,19,111011001001101011110101111010,1,1,0,0.4,0.0839160829782486,8,6
8,4,23,21,111011001001101011110101111010,1,1,0,0.44,0.7932960987091064,9,6
8,4,23,23,111011001001101011110101111010,1,1,0,0.44,0.8770492076873779,8,4
8,4,23,24,111011001001101011110101111010,1,1,0,0.31,0.8103448152542114,5,2
8,4,23,25,111011001001101011110101111010,1,1,0,0.5,0.09803921729326248,8,4
8,4,23,26,111011001001101011110101111010,1,1,0,0.24,0.44736841320991516,9,5
8,4,23,28,111011001001101011110101111010,1,1,0,0.45,0.8965517282485962,8,3
8,4,24,2,001010111010101101100101010110,1,1,0,0.16,0.8617886304855347,9,6
8,4,24,4,001010111010101101100101010110,1,1,0,0.27,0.6944444179534912,9,4
8,4,24,6,001010111010101101100101010110,1,1,0,0.49,0.634782612323761,5,3
8,4,24,7,001010111010101101100101010110,1,1,0,0.11,0.7377049326896667,9,3
8,4,24,8,001010111010101101100101010110,1,1,0,0.56,0.8395061492919922,8,6
8,4,24,10,001010111010101101100101010110,1,1,0,0.42,0.8181818127632141,7,3
8,4,24,12,001010111010101101100101010110,1,1,0,0.45,0.6491228342056274,8,7
8,4,24,14,001010111010101101100101010110,1,1,0,0.43,0.32894736528396606,8,5
8,4,24,15,001010111010101101100101010110,1,1,0,0.4,0.36000001430511475,9,4
8,4,24,17,001010111010101101100101010110,1,1,0,0.43,0.0,7,3
8,4,24,18,001010111010101101100101010110,1,1,0,0.47,0.6904761791229248,8,5
8,4,24,21,001010111010101101100101010110,1,1,0,0.44,0.7932960987091064,9,6
8,4,24,23,001010111010101101100101010110,1,1,0,0.44,0.8770492076873779,8,4
8,4,24,25,001010111010101101100101010110,1,1,0,0.5,0.09803921729326248,8,4
8,4,24,27,001010111010101101100101010110,1,1,0,0.69,0.8985507488250732,7,5
8,4,24,28,001010111010101101100101010110,1,1,0,0.45,0.8965517282485962,8,3
8,4,25,0,111011001011111000110101001010,1,1,0,0.5,0.22727273404598236,1,1
8,4,25,1,111011001011111000110101001010,1,1,0,0.4,0.8282828330993652,9,7
8,4,25,2,111011001011111000110101001010,1,1,0,0.16,0.8617886304855347,9,6
8,4,25,4,111011001011111000110101001010,1,1,0,0.27,0.6944444179534912,9,4
8,4,25,5,111011001011111000110101001010,1,1,0,0.4,0.7916666865348816,9,7
8,4,25,8,111011001011111000110101001010,1,1,0,0.56,0.8395061492919922,8,6
8,4,25,10,111011001011111000110101001010,1,1,0,0.42,0.8181818127632141,7,3
8,4,25,11,111011001011111000110101001010,1,1,0,0.6,0.7142857313156128,9,6
8,4,25,12,111011001011111000110101001010,1,1,0,0.45,0.6491228342056274,8,7
8,4,25,13,111011001011111000110101001010,1,1,0,0.67,0.9024389982223511,7,3
8,4,25,14,111011001011111000110101001010,1,1,0,0.43,0.32894736528396606,8,5
8,4,25,18,111011001011111000110101001010,1,1,0,0.47,0.6904761791229248,8,5
8,4,25,19,111011001011111000110101001010,1,1,0,0.4,0.0839160829782486,8,6
8,4,25,21,111011001011111000110101001010,1,1,0,0.44,0.7932960987091064,9,6
8,4,25,23,111011001011111000110101001010,1,1,0,0.44,0.8770492076873779,8,4
8,4,25,26,111011001011111000110101001010,1,1,0,0.24,0.44736841320991516,9,5
8,4,25,28,111011001011111000110101001010,1,1,0,0.45,0.8965517282485962,8,3
8,4,26,0,100110100001001101100110011011,1,1,0,0.5,0.22727273404598236,1,1
8,4,26,3,100110100001001101100110011011,1,1,0,0.48,1.0,8,6
8,4,26,4,100110100001001101100110011011,1,1,0,0.27,0.6944444179534912,9,4
8,4,26,6,100110100001001101100110011011,1,1,0,0.49,0.634782612323761,5,3
8,4,26,11,100110100001001101100110011011,1,1,0,0.6,0.7142857313156128,9,6
8,4,26,14,100110100001001101100110011011,1,1,0,0.43,0.32894736528396606,8,5
8,4,26,15,100110100001001101100110011011,1,1,0,0.4,0.36000001430511475,9,4
8,4,26,17,100110100001001101100110011011,1,1,0,0.43,0.0,7,3
8,4,26,18,100110100001001101100110011011,1,1,0,0.47,0.6904761791229248,8,5
8,4,26,21,100110100001001101100110011011,1,1,0,0.44,0.7932960987091064,9,6
8,4,26,22,100110100001001101100110011011,1,1,0,0.34,0.41428571939468384,8,2
8,4,26,25,100110100001001101100110011011,1,1,0,0.5,0.09803921729326248,8,4
8,4,26,26,100110100001001101100110011011,1,1,0,0.24,0.44736841320991516,9,5
8,4,26,28,100110100001001101100110011011,1,1,0,0.45,0.8965517282485962,8,3
8,4,26,29,100110100001001101100110011011,1,1,0,0.22,0.5595238208770752,7,3
8,4,27,0,100100111111110010101110000010,1,1,0,0.5,0.22727273404598236,1,1
8,4,27,3,100100111111110010101110000010,1,1,0,0.48,1.0,8,6
8,4,27,6,100100111111110010101110000010,1,1,0,0.49,0.634782612323761,5,3
8,4,27,7,100100111111110010101110000010,1,1,0,0.11,0.7377049326896667,9,3
8,4,27,8,100100111111110010101110000010,1,1,0,0.56,0.8395061492919922,8,6
8,4,27,9,100100111111110010101110000010,1,1,0,0.34,0.8735632300376892,6,2
8,4,27,10,100100111111110010101110000010,1,1,0,0.42,0.8181818127632141,7,3
8,4,27,11,100100111111110010101110000010,1,1,0,0.6,0.7142857313156128,9,6
8,4,27,12,100100111111110010101110000010,1,1,0,0.45,0.6491228342056274,8,7
8,4,27,13,100100111111110010101110000010,1,1,0,0.67,0.9024389982223511,7,3
8,4,27,16,100100111111110010101110000010,1,1,0,0.39,0.7105262875556946,7,3
8,4,27,18,100100111111110010101110000010,1,1,0,0.47,0.6904761791229248,8,5
8,4,27,20,100100111111110010101110000010,1,1,0,0.59,0.8235294222831726,9,5
8,4,27,21,100100111111110010101110000010,1,1,0,0.44,0.7932960987091064,9,6
8,4,27,22,100100111111110010101110000010,1,1,0,0.34,0.41428571939468384,8,2
8,4,27,28,100100111111110010101110000010,1,1,0,0.45,0.8965517282485962,8,3
8,5,0,7,000000011010001001110010001001,1,1,0,0.11,0.7377049326896667,9,3
8,5,0,8,000000011010001001110010001001,1,1,0,0.56,0.8395061492919922,8,6
8,5,0,10,000000011010001001110010001001,1,1,0,0.42,0.8181818127632141,7,3
8,5,0,14,000000011010001001110010001001,1,1,0,0.43,0.32894736528396606,8,5
8,5,0,17,000000011010001001110010001001,1,1,0,0.43,0.0,7,3
8,5,0,18,000000011010001001110010001001,1,1,0,0.47,0.6904761791229248,8,5
8,5,0,19,000000011010001001110010001001,1,1,0,0.4,0.0839160829782486,8,6
8,5,0,22,000000011010001001110010001001,1,1,0,0.34,0.41428571939468384,8,2
8,5,0,26,000000011010001001110010001001,1,1,0,0.24,0.44736841320991516,9,5
8,5,0,29,000000011010001001110010001001,1,1,0,0.22,0.5595238208770752,7,3
8,5,1,0,100100001001010100001110000010,1,1,0,0.5,0.22727273404598236,1,1
8,5,1,3,100100001001010100001110000010,1,1,0,0.48,1.0,8,6
8,5,1,8,100100001001010100001110000010,1,1,0,0.56,0.8395061492919922,8,6
8,5,1,11,100100001001010100001110000010,1,1,0,0.6,0.7142857313156128,9,6
8,5,1,13,100100001001010100001110000010,1,1,0,0.67,0.9024389982223511,7,3
8,5,1,15,100100001001010100001110000010,1,1,0,0.4,0.36000001430511475,9,4
8,5,1,20,100100001001010100001110000010,1,1,0,0.59,0.8235294222831726,9,5
8,5,1,21,100100001001010100001110000010,1,1,0,0.44,0.7932960987091064,9,6
8,5,1,22,100100001001010100001110000010,1,1,0,0.34,0.41428571939468384,8,2
8,5,1,28,100100001001010100001110000010,1,1,0,0.45,0.8965517282485962,8,3
8,5,2,2,001111101111111000110101000110,1,1,0,0.16,0.8617886304855347,9,6
8,5,2,3,001111101111111000110101000110,1,1,0,0.48,1.0,8,6
8,5,2,4,001111101111111000110101000110,1,1,0,0.27,0.6944444179534912,9,4
8,5,2,5,001111101111111000110101000110,1,1,0,0.4,0.7916666865348816,9,7
8,5,2,6,001111101111111000110101000110,1,1,0,0.49,0.634782612323761,5,3
8,5,2,8,001111101111111000110101000110,1,1,0,0.56,0.8395061492919922,8,6
8,5,2,9,001111101111111000110101000110,1,1,0,0.34,0.8735632300376892,6,2
8,5,2,10,001111101111111000110101000110,1,1,0,0.42,0.8181818127632141,7,3
8,5,2,11,001111101111111000110101000110,1,1,0,0.6,0.7142857313156128,9,6
8,5,2,12,001111101111111000110101000110,1,1,0,0.45,0.6491228342056274,8,7
8,5,2,13,001111101111111000110101000110,1,1,0,0.67,0.9024389982223511,7,3
8,5,2,14,001111101111111000110101000110,1,1,0,0.43,0.32894736528396606,8,5
8,5,2,18,001111101111111000110101000110,1,1,0,0.47,0.6904761791229248,8,5
8,5,2,19,001111101111111000110101000110,1,1,0,0.4,0.0839160829782486,8,6
8,5,2,21,001111101111111000110101000110,1,1,0,0.44,0.7932960987091064,9,6
8,5,2,23,001111101111111000110101000110,1,1,0,0.44,0.8770492076873779,8,4
8,5,2,27,001111101111111000110101000110,1,1,0,0.69,0.8985507488250732,7,5
8,5,2,28,001111101111111000110101000110,1,1,0,0.45,0.8965517282485962,8,3
8,5,3,2,001010111010101101100101010110,1,1,0,0.16,0.8617886304855347,9,6
8,5,3,4,001010111010101101100101010110,1,1,0,0.27,0.6944444179534912,9,4
8,5,3,6,001010111010101101100101010110,1,1,0,0.49,0.634782612323761,5,3
8,5,3,7,001010111010101101100101010110,1,1,0,0.11,0.7377049326896667,9,3
8,5,3,8,001010111010101101100101010110,1,1,0,0.56,0.8395061492919922,8,6
8,5,3,10,001010111010101101100101010110,1,1,0,0.42,0.8181818127632141,7,3
8,5,3,12,001010111010101101100101010110,1,1,0,0.45,0.6491228342056274,8,7
8,5,3,14,001010111010101101100101010110,1,1,0,0.43,0.32894736528396606,8,5
8,5,3,15,001010111010101101100101010110,1,1,0,0.4,0.36000001430511475,9,4
8,5,3,17,001010111010101101100101010110,1,1,0,0.43,0.0,7,3
8,5,3,18,001010111010101101100101010110,1,1,0,0.47,0.6904761791229248,8,5
8,5,3,21,001010111010101101100101010110,1,1,0,0.44,0.7932960987091064,9,6
8,5,3,23,001010111010101101100101010110,1,1,0,0.44,0.8770492076873779,8,4
8,5,3,25,001010111010101101100101010110,1,1,0,0.5,0.09803921729326248,8,4
8,5,3,27,001010111010101101100101010110,1,1,0,0.69,0.8985507488250732,7,5
8,5,3,28,001010111010101101100101010110,1,1,0,0.45,0.8965517282485962,8,3
8,5,4,0,100100000001001011001010010010,1,1,0,0.5,0.22727273404598236,1,1
8,5,4,3,100100000001001011001010010010,1,1,0,0.48,1.0,8,6
8,5,4,11,100100000001001011001010010010,1,1,0,0.6,0.7142857313156128,9,6
8,5,4,14,100100000001001011001010010010,1,1,0,0.43,0.32894736528396606,8,5
8,5,4,16,100100000001001011001010010010,1,1,0,0.39,0.7105262875556946,7,3
8,5,4,17,100100000001001011001010010010,1,1,0,0.43,0.0,7,3
8,5,4,20,100100000001001011001010010010,1,1,0,0.59,0.8235294222831726,9,5
8,5,4,22,100100000001001011001010010010,1,1,0,0.34,0.41428571939468384,8,2
8,5,4,25,100100000001001011001010010010,1,1,0,0.5,0.09803921729326248,8,4
8,5,4,28,100100000001001011001010010010,1,1,0,0.45,0.8965517282485962,8,3
8,5,5,7,000000011010001001110010011001,1,1,0,0.11,0.7377049326896667,9,3
8,5,5,8,000000011010001001110010011001,1,1,0,0.56,0.8395061492919922,8,6
8,5,5,10,000000011010001001110010011001,1,1,0,0.42,0.8181818127632141,7,3
8,5,5,14,000000011010001001110010011001,1,1,0,0.43,0.32894736528396606,8,5
8,5,5,17,000000011010001001110010011001,1,1,0,0.43,0.0,7,3
8,5,5,18,000000011010001001110010011001,1,1,0,0.47,0.6904761791229248,8,5
8,5,5,19,000000011010001001110010011001,1,1,0,0.4,0.0839160829782486,8,6
8,5,5,22,000000011010001001110010011001,1,1,0,0.34,0.41428571939468384,8,2
8,5,5,25,000000011010001001110010011001,1,1,0,0.5,0.09803921729326248,8,4
8,5,5,26,000000011010001001110010011001,1,1,0,0.24,0.44736841320991516,9,5
8,5,5,29,000000011010001001110010011001,1,1,0,0.22,0.5595238208770752,7,3
8,5,6,0,100100000001001011111010010010,1,1,0,0.5,0.22727273404598236,1,1
8,5,6,3,100100000001001011111010010010,1,1,0,0.48,1.0,8,6
8,5,6,11,100100000001001011111010010010,1,1,0,0.6,0.7142857313156128,9,6
8,5,6,14,100100000001001011111010010010,1,1,0,0.43,0.32894736528396606,8,5
8,5,6,16,100100000001001011111010010010,1,1,0,0.39,0.7105262875556946,7,3
8,5,6,17,100100000001001011111010010010,1,1,0,0.43,0.0,7,3
8,5,6,18,100100000001001011111010010010,1,1,0,0.47,0.6904761791229248,8,5
8,5,6,19,100100000001001011111010010010,1,1,0,0.4,0.0839160829782486,8,6
8,5,6,20,100100000001001011111010010010,1,1,0,0.59,0.8235294222831726,9,5
8,5,6,22,100100000001001011111010010010,1,1,0,0.34,0.41428571939468384,8,2
8,5,6,25,100100000001001011111010010010,1,1,0,0.5,0.09803921729326248,8,4
8,5,6,28,100100000001001011111010010010,1,1,0,0.45,0.8965517282485962,8,3
8,5,7,0,100100000001010100001110000010,1,1,0,0.5,0.22727273404598236,1,1
8,5,7,3,100100000001010100001110000010,1,1,0,0.48,1.0,8,6
8,5,7,11,100100000001010100001110000010,1,1,0,0.6,0.7142857313156128,9,6
8,5,7,13,100100000001010100001110000010,1,1,0,0.67,0.9024389982223511,7,3
8,5,7,15,100100000001010100001110000010,1,1,0,0.4,0.36000001430511475,9,4
8,5,7,20,100100000001010100001110000010,1,1,0,0.59,0.8235294222831726,9,5
8,5,7,21,100100000001010100001110000010,1,1,0,0.44,0.7932960987091064,9,6
8,5,7,22,100100000001010100001110000010,1,1,0,0.34,0.41428571939468384,8,2
8,5,7,28,100100000001010100001110000010,1,1,0,0.45,0.8965517282485962,8,3
8,5,8,0,100100011000001001100011011001,1,1,0,0.5,0.22727273404598236,1,1
8,5,8,3,100100011000001001100011011001,1,1,0,0.48,1.0,8,6
8,5,8,7,100100011000001001100011011001,1,1,0,0.11,0.7377049326896667,9,3
8,5,8,8,100100011000001001100011011001,1,1,0,0.56,0.8395061492919922,8,6
8,5,8,14,100100011000001001100011011001,1,1,0,0.43,0.32894736528396606,8,5
8,5,8,17,100100011000001001100011011001,1,1,0,0.43,0.0,7,3
8,5,8,18,100100011000001001100011011001,1,1,0,0.47,0.6904761791229248,8,5
8,5,8,22,100100011000001001100011011001,1,1,0,0.34,0.41428571939468384,8,2
8,5,8,23,100100011000001001100011011001,1,1,0,0.44,0.8770492076873779,8,4
8,5,8,25,100100011000001001100011011001,1,1,0,0.5,0.09803921729326248,8,4
8,5,8,26,100100011000001001100011011001,1,1,0,0.24,0.44736841320991516,9,5
8,5,8,29,100100011000001001100011011001,1,1,0,0.22,0.5595238208770752,7,3
8,5,9,0,100100111111110010101110000010,1,1,0,0.5,0.22727273404598236,1,1
8,5,9,3,100100111111110010101110000010,1,1,0,0.48,1.0,8,6
8,5,9,6,100100111111110010101110000010,1,1,0,0.49,0.634782612323761,5,3
8,5,9,7,100100111111110010101110000010,1,1,0,0.11,0.7377049326896667,9,3
8,5,9,8,100100111111110010101110000010,1,1,0,0.56,0.8395061492919922,8,6
8,5,9,9,100100111111110010101110000010,1,1,0,0.34,0.8735632300376892,6,2
8,5,9,10,100100111111110010101110000010,1,1,0,0.42,0.8181818127632141,7,3
8,5,9,11,100100111111110010101110000010,1,1,0,0.6,0.7142857313156128,9,6
8,5,9,12,100100111111110010101110000010,1,1,0,0.45,0.6491228342056274,8,7
8,5,9,13,100100111111110010101110000010,1,1,0,0.67,0.9024389982223511,7,3
8,5,9,16,100100111111110010101110000010,1,1,0,0.39,0.7105262875556946,7,3
8,5,9,18,100100111111110010101110000010,1,1,0,0.47,0.6904761791229248,8,5
8,5,9,20,100100111111110010101110000010,1,1,0,0.59,0.8235294222831726,9,5
8,5,9,21,100100111111110010101110000010,1,1,0,0.44,0.7932960987091064,9,6
8,5,9,22,100100111111110010101110000010,1,1,0,0.34,0.41428571939468384,8,2
8,5,9,28,100100111111110010101110000010,1,1,0,0.45,0.8965517282485962,8,3
8,5,10,0,100100000001010100101110000010,1,1,0,0.5,0.22727273404598236,1,1
8,5,10,3,100100000001010100101110000010,1,1,0,0.48,1.0,8,6
8,5,10,11,100100000001010100101110000010,1,1,0,0.6,0.7142857313156128,9,6
8,5,10,13,100100000001010100101110000010,1,1,0,0.67,0.9024389982223511,7,3
8,5,10,15,100100000001010100101110000010,1,1,0,0.4,0.36000001430511475,9,4
8,5,10,18,100100000001010100101110000010,1,1,0,0.47,0.6904761791229248,8,5
8,5,10,20,100100000001010100101110000010,1,1,0,0.59,0.8235294222831726,9,5
8,5,10,21,100100000001010100101110000010,1,1,0,0.44,0.7932960987091064,9,6
8,5,10,22,100100000001010100101110000010,1,1,0,0.34,0.41428571939468384,8,2
8,5,10,28,100100000001010100101110000010,1,1,0,0.45,0.8965517282485962,8,3
8,5,11,0,100100000001011100101110000010,1,1,0,0.5,0.22727273404598236,1,1
8,5,11,3,100100000001011100101110000010,1,1,0,0.48,1.0,8,6
8,5,11,11,100100000001011100101110000010,1,1,0,0.6,0.7142857313156128,9,6
8,5,11,13,100100000001011100101110000010,1,1,0,0.67,0.9024389982223511,7,3
8,5,11,14,100100000001011100101110000010,1,1,0,0.43,0.32894736528396606,8,5
8,5,11,15,100100000001011100101110000010,1,1,0,0.4,0.36000001430511475,9,4
8,5,11,18,100100000001011100101110000010,1,1,0,0.47,0.6904761791229248,8,5
8,5,11,20,100100000001011100101110000010,1,1,0,0.59,0.8235294222831726,9,5
8,5,11,21,100100000001011100101110000010,1,1,0,0.44,0.7932960987091064,9,6
8,5,11,22,100100000001011100101110000010,1,1,0,0.34,0.41428571939468384,8,2
8,5,11,28,100100000001011100101110000010,1,1,0,0.45,0.8965517282485962,8,3
8,5,12,2,001111101010111100101100010111,1,1,0,0.16,0.8617886304855347,9,6
8,5,12,3,001111101010111100101100010111,1,1,0,0.48,1.0,8,6
8,5,12,4,001111101010111100101100010111,1,1,0,0.27,0.6944444179534912,9,4
8,5,12,5,001111101010111100101100010111,1,1,0,0.4,0.7916666865348816,9,7
8,5,12,6,001111101010111100101100010111,1,1,0,0.49,0.634782612323761,5,3
8,5,12,8,001111101010111100101100010111,1,1,0,0.56,0.8395061492919922,8,6
8,5,12,10,001111101010111100101100010111,1,1,0,0.42,0.8181818127632141,7,3
8,5,12,12,001111101010111100101100010111,1,1,0,0.45,0.6491228342056274,8,7
8,5,12,13,001111101010111100101100010111,1,1,0,0.67,0.9024389982223511,7,3
8,5,12,14,001111101010111100101100010111,1,1,0,0.43,0.32894736528396606,8,5
8,5,12,15,001111101010111100101100010111,1,1,0,0.4,0.36000001430511475,9,4
8,5,12,18,001111101010111100101100010111,1,1,0,0.47,0.6904761791229248,8,5
8,5,12,20,001111101010111100101100010111,1,1,0,0.59,0.8235294222831726,9,5
8,5,12,21,001111101010111100101100010111,1,1,0,0.44,0.7932960987091064,9,6
8,5,12,25,001111101010111100101100010111,1,1,0,0.5,0.09803921729326248,8,4
8,5,12,27,001111101010111100101100010111,1,1,0,0.69,0.8985507488250732,7,5
8,5,12,28,001111101010111100101100010111,1,1,0,0.45,0.8965517282485962,8,3
8,5,12,29,001111101010111100101100010111,1,1,0,0.22,0.5595238208770752,7,3
8,5,13,0,111011001010011110101101011010,1,1,0,0.5,0.22727273404598236,1,1
8,5,13,1,111011001010011110101101011010,1,1,0,0.4,0.8282828330993652,9,7
8,5,13,2,111011001010011110101101011010,1,1,0,0.16,0.8617886304855347,9,6
8,5,13,4,111011001010011110101101011010,1,1,0,0.27,0.6944444179534912,9,4
8,5,13,5,111011001010011110101101011010,1,1,0,0.4,0.7916666865348816,9,7
8,5,13,8,111011001010011110101101011010,1,1,0,0.56,0.8395061492919922,8,6
8,5,13,10,111011001010011110101101011010,1,1,0,0.42,0.8181818127632141,7,3
8,5,13,13,111011001010011110101101011010,1,1,0,0.67,0.9024389982223511,7,3
8,5,13,14,111011001010011110101101011010,1,1,0,0.43,0.32894736528396606,8,5
8,5,13,15,111011001010011110101101011010,1,1,0,0.4,0.36000001430511475,9,4
8,5,13,16,111011001010011110101101011010,1,1,0,0.39,0.7105262875556946,7,3
8,5,13,18,111011001010011110101101011010,1,1,0,0.47,0.6904761791229248,8,5
8,5,13,20,111011001010011110101101011010,1,1,0,0.59,0.8235294222831726,9,5
8,5,13,21,111011001010011110101101011010,1,1,0,0.44,0.7932960987091064,9,6
8,5,13,23,111011001010011110101101011010,1,1,0,0.44,0.8770492076873779,8,4
8,5,13,25,111011001010011110101101011010,1,1,0,0.5,0.09803921729326248,8,4
8,5,13,26,111011001010011110101101011010,1,1,0,0.24,0.44736841320991516,9,5
8,5,13,28,111011001010011110101101011010,1,1,0,0.45,0.8965517282485962,8,3
8,5,14,0,111000111010001001110010000100,1,1,0,0.5,0.22727273404598236,1,1
8,5,14,1,111000111010001001110010000100,1,1,0,0.4,0.8282828330993652,9,7
8,5,14,2,111000111010001001110010000100,1,1,0,0.16,0.8617886304855347,9,6
8,5,14,6,111000111010001001110010000100,1,1,0,0.49,0.634782612323761,5,3
8,5,14,7,111000111010001001110010000100,1,1,0,0.11,0.7377049326896667,9,3
8,5,14,8,111000111010001001110010000100,1,1,0,0.56,0.8395061492919922,8,6
8,5,14,10,111000111010001001110010000100,1,1,0,0.42,0.8181818127632141,7,3
8,5,14,14,111000111010001001110010000100,1,1,0,0.43,0.32894736528396606,8,5
8,5,14,17,111000111010001001110010000100,1,1,0,0.43,0.0,7,3
8,5,14,18,111000111010001001110010000100,1,1,0,0.47,0.6904761791229248,8,5
8,5,14,19,111000111010001001110010000100,1,1,0,0.4,0.0839160829782486,8,6
8,5,14,22,111000111010001001110010000100,1,1,0,0.34,0.41428571939468384,8,2
8,5,14,27,111000111010001001110010000100,1,1,0,0.69,0.8985507488250732,7,5
8,5,15,0,100100001001011100101110110010,1,1,0,0.5,0.22727273404598236,1,1
8,5,15,3,100100001001011100101110110010,1,1,0,0.48,1.0,8,6
8,5,15,8,100100001001011100101110110010,1,1,0,0.56,0.8395061492919922,8,6
8,5,15,11,100100001001011100101110110010,1,1,0,0.6,0.7142857313156128,9,6
8,5,15,13,100100001001011100101110110010,1,1,0,0.67,0.9024389982223511,7,3
8,5,15,14,100100001001011100101110110010,1,1,0,0.43,0.32894736528396606,8,5
8,5,15,15,100100001001011100101110110010,1,1,0,0.4,0.36000001430511475,9,4
8,5,15,18,100100001001011100101110110010,1,1,0,0.47,0.6904761791229248,8,5
8,5,15,20,100100001001011100101110110010,1,1,0,0.59,0.8235294222831726,9,5
8,5,15,21,100100001001011100101110110010,1,1,0,0.44,0.7932960987091064,9,6
8,5,15,22,100100001001011100101110110010,1,1,0,0.34,0.41428571939468384,8,2
8,5,15,24,100100001001011100101110110010,1,1,0,0.31,0.8103448152542114,5,2
8,5,15,25,100100001001011100101110110010,1,1,0,0.5,0.09803921729326248,8,4
8,5,15,28,100100001001011100101110110010,1,1,0,0.45,0.8965517282485962,8,3
8,5,16,0,101000010101001011110010010111,1,1,0,0.5,0.22727273404598236,1,1
8,5,16,2,101000010101001011110010010111,1,1,0,0.16,0.8617886304855347,9,6
8,5,16,7,101000010101001011110010010111,1,1,0,0.11,0.7377049326896667,9,3
8,5,16,9,101000010101001011110010010111,1,1,0,0.34,0.8735632300376892,6,2
8,5,16,11,101000010101001011110010010111,1,1,0,0.6,0.7142857313156128,9,6
8,5,16,14,101000010101001011110010010111,1,1,0,0.43,0.32894736528396606,8,5
8,5,16,16,101000010101001011110010010111,1,1,0,0.39,0.7105262875556946,7,3
8,5,16,17,101000010101001011110010010111,1,1,0,0.43,0.0,7,3
8,5,16,18,101000010101001011110010010111,1,1,0,0.47,0.6904761791229248,8,5
8,5,16,19,101000010101001011110010010111,1,1,0,0.4,0.0839160829782486,8,6
8,5,16,22,101000010101001011110010010111,1,1,0,0.34,0.41428571939468384,8,2
8,5,16,25,101000010101001011110010010111,1,1,0,0.5,0.09803921729326248,8,4
8,5,16,27,101000010101001011110010010111,1,1,0,0.69,0.8985507488250732,7,5
8,5,16,28,101000010101001011110010010111,1,1,0,0.45,0.8965517282485962,8,3
8,5,16,29,101000010101001011110010010111,1,1,0,0.22,0.5595238208770752,7,3
8,5,17,1,010111111110111000110101000110,1,1,0,0.4,0.8282828330993652,9,7
8,5,17,3,010111111110111000110101000110,1,1,0,0.48,1.0,8,6
8,5,17,4,010111111110111000110101000110,1,1,0,0.27,0.6944444179534912,9,4
8,5,17,5,010111111110111000110101000110,1,1,0,0.4,0.7916666865348816,9,7
8,5,17,6,010111111110111000110101000110,1,1,0,0.49,0.634782612323761,5,3
8,5,17,7,010111111110111000110101000110,1,1,0,0.11,0.7377049326896667,9,3
8,5,17,8,010111111110111000110101000110,1,1,0,0.56,0.8395061492919922,8,6
8,5,17,9,010111111110111000110101000110,1,1,0,0.34,0.8735632300376892,6,2
8,5,17,10,010111111110111000110101000110,1,1,0,0.42,0.8181818127632141,7,3
8,5,17,12,010111111110111000110101000110,1,1,0,0.45,0.6491228342056274,8,7
8,5,17,13,010111111110111000110101000110,1,1,0,0.67,0.9024389982223511,7,3
8,5,17,14,010111111110111000110101000110,1,1,0,0.43,0.32894736528396606,8,5
8,5,17,18,010111111110111000110101000110,1,1,0,0.47,0.6904761791229248,8,5
8,5,17,19,010111111110111000110101000110,1,1,0,0.4,0.0839160829782486,8,6
8,5,17,21,010111111110111000110101000110,1,1,0,0.44,0.7932960987091064,9,6
8,5,17,23,010111111110111000110101000110,1,1,0,0.44,0.8770492076873779,8,4
8,5,17,27,010111111110111000110101000110,1,1,0,0.69,0.8985507488250732,7,5
8,5,17,28,010111111110111000110101000110,1,1,0,0.45,0.8965517282485962,8,3
8,5,18,0,100100000001010100001110011010,1,1,0,0.5,0.22727273404598236,1,1
8,5,18,3,100100000001010100001110011010,1,1,0,0.48,1.0,8,6
8,5,18,11,100100000001010100001110011010,1,1,0,0.6,0.7142857313156128,9,6
8,5,18,13,100100000001010100001110011010,1,1,0,0.67,0.9024389982223511,7,3
8,5,18,15,100100000001010100001110011010,1,1,0,0.4,0.36000001430511475,9,4
8,5,18,20,100100000001010100001110011010,1,1,0,0.59,0.8235294222831726,9,5
8,5,18,21,100100000001010100001110011010,1,1,0,0.44,0.7932960987091064,9,6
8,5,18,22,100100000001010100001110011010,1,1,0,0.34,0.41428571939468384,8,2
8,5,18,25,100100000001010100001110011010,1,1,0,0.5,0.09803921729326248,8,4
8,5,18,26,100100000001010100001110011010,1,1,0,0.24,0.44736841320991516,9,5
8,5,18,28,100100000001010100001110011010,1,1,0,0.45,0.8965517282485962,8,3
8,5,19,0,111011000010011110101101011010,1,1,0,0.5,0.22727273404598236,1,1
8,5,19,1,111011000010011110101101011010,1,1,0,0.4,0.8282828330993652,9,7
8,5,19,2,111011000010011110101101011010,1,1,0,0.16,0.8617886304855347,9,6
8,5,19,4,111011000010011110101101011010,1,1,0,0.27,0.6944444179534912,9,4
8,5,19,5,111011000010011110101101011010,1,1,0,0.4,0.7916666865348816,9,7
8,5,19,10,111011000010011110101101011010,1,1,0,0.42,0.8181818127632141,7,3
8,5,19,13,111011000010011110101101011010,1,1,0,0.67,0.9024389982223511,7,3
8,5,19,14,111011000010011110101101011010,1,1,0,0.43,0.32894736528396606,8,5
8,5,19,15,111011000010011110101101011010,1,1,0,0.4,0.36000001430511475,9,4
8,5,19,16,111011000010011110101101011010,1,1,0,0.39,0.7105262875556946,7,3
8,5,19,18,111011000010011110101101011010,1,1,0,0.47,0.6904761791229248,8,5
8,5,19,20,111011000010011110101101011010,1,1,0,0.59,0.8235294222831726,9,5
8,5,19,21,111011000010011110101101011010,1,1,0,0.44,0.7932960987091064,9,6
8,5,19,23,111011000010011110101101011010,1,1,0,0.44,0.8770492076873779,8,4
8,5,19,25,111011000010011110101101011010,1,1,0,0.5,0.09803921729326248,8,4
8,5,19,26,111011000010011110101101011010,1,1,0,0.24,0.44736841320991516,9,5
8,5,19,28,111011000010011110101101011010,1,1,0,0.45,0.8965517282485962,8,3
8,5,20,0,100010100011001101100110011011,1,1,0,0.5,0.22727273404598236,1,1
8,5,20,4,100010100011001101100110011011,1,1,0,0.27,0.6944444179534912,9,4
8,5,20,6,100010100011001101100110011011,1,1,0,0.49,0.634782612323761,5,3
8,5,20,10,100010100011001101100110011011,1,1,0,0.42,0.8181818127632141,7,3
8,5,20,11,100010100011001101100110011011,1,1,0,0.6,0.7142857313156128,9,6
8,5,20,14,100010100011001101100110011011,1,1,0,0.43,0.32894736528396606,8,5
8,5,20,15,100010100011001101100110011011,1,1,0,0.4,0.36000001430511475,9,4
8,5,20,17,100010100011001101100110011011,1,1,0,0.43,0.0,7,3
8,5,20,18,100010100011001101100110011011,1,1,0,0.47,0.6904761791229248,8,5
8,5,20,21,100010100011001101100110011011,1,1,0,0.44,0.7932960987091064,9,6
8,5,20,22,100010100011001101100110011011,1,1,0,0.34,0.41428571939468384,8,2
8,5,20,25,100010100011001101100110011011,1,1,0,0.5,0.09803921729326248,8,4
8,5,20,26,100010100011001101100110011011,1,1,0,0.24,0.44736841320991516,9,5
8,5,20,28,100010100011001101100110011011,1,1,0,0.45,0.8965517282485962,8,3
8,5,20,29,100010100011001101100110011011,1,1,0,0.22,0.5595238208770752,7,3
8,5,21,2,001000000100001011110010010111,1,1,0,0.16,0.8617886304855347,9,6
8,5,21,9,001000000100001011110010010111,1,1,0,0.34,0.8735632300376892,6,2
8,5,21,14,001000000100001011110010010111,1,1,0,0.43,0.32894736528396606,8,5
8,5,21,16,001000000100001011110010010111,1,1,0,0.39,0.7105262875556946,7,3
8,5,21,17,001000000100001011110010010111,1,1,0,0.43,0.0,7,3
8,5,21,18,001000000100001011110010010111,1,1,0,0.47,0.6904761791229248,8,5
8,5,21,19,001000000100001011110010010111,1,1,0,0.4,0.0839160829782486,8,6
8,5,21,22,001000000100001011110010010111,1,1,0,0.34,0.41428571939468384,8,2
8,5,21,25,001000000100001011110010010111,1,1,0,0.5,0.09803921729326248,8,4
8,5,21,27,001000000100001011110010010111,1,1,0,0.69,0.8985507488250732,7,5
8,5,21,28,001000000100001011110010010111,1,1,0,0.45,0.8965517282485962,8,3
8,5,21,29,001000000100001011110010010111,1,1,0,0.22,0.5595238208770752,7,3
8,5,22,0,100110101001001101100110010110,1,1,0,0.5,0.22727273404598236,1,1
8,5,22,3,100110101001001101100110010110,1,1,0,0.48,1.0,8,6
8,5,22,4,100110101001001101100110010110,1,1,0,0.27,0.6944444179534912,9,4
8,5,22,6,100110101001001101100110010110,1,1,0,0.49,0.634782612323761,5,3
8,5,22,8,100110101001001101100110010110,1,1,0,0.56,0.8395061492919922,8,6
8,5,22,11,100110101001001101100110010110,1,1,0,0.6,0.7142857313156128,9,6
8,5,22,14,100110101001001101100110010110,1,1,0,0.43,0.32894736528396606,8,5
8,5,22,15,100110101001001101100110010110,1,1,0,0.4,0.36000001430511475,9,4
8,5,22,17,100110101001001101100110010110,1,1,0,0.43,0.0,7,3
8,5,22,18,100110101001001101100110010110,1,1,0,0.47,0.6904761791229248,8,5
8,5,22,21,100110101001001101100110010110,1,1,0,0.44,0.7932960987091064,9,6
8,5,22,22,100110101001001101100110010110,1,1,0,0.34,0.41428571939468384,8,2
8,5,22,25,100110101001001101100110010110,1,1,0,0.5,0.09803921729326248,8,4
8,5,22,27,100110101001001101100110010110,1,1,0,0.69,0.8985507488250732,7,5
8,5,22,28,100110101001001101100110010110,1,1,0,0.45,0.8965517282485962,8,3
8,5,23,0,101010111011100101101100111110,1,1,0,0.5,0.22727273404598236,1,1
8,5,23,2,101010111011100101101100111110,1,1,0,0.16,0.8617886304855347,9,6
8,5,23,4,101010111011100101101100111110,1,1,0,0.27,0.6944444179534912,9,4
8,5,23,6,101010111011100101101100111110,1,1,0,0.49,0.634782612323761,5,3
8,5,23,7,101010111011100101101100111110,1,1,0,0.11,0.7377049326896667,9,3
8,5,23,8,101010111011100101101100111110,1,1,0,0.56,0.8395061492919922,8,6
8,5,23,10,101010111011100101101100111110,1,1,0,0.42,0.8181818127632141,7,3
8,5,23,11,101010111011100101101100111110,1,1,0,0.6,0.7142857313156128,9,6
8,5,23,12,101010111011100101101100111110,1,1,0,0.45,0.6491228342056274,8,7
8,5,23,15,101010111011100101101100111110,1,1,0,0.4,0.36000001430511475,9,4
8,5,23,17,101010111011100101101100111110,1,1,0,0.43,0.0,7,3
8,5,23,18,101010111011100101101100111110,1,1,0,0.47,0.6904761791229248,8,5
8,5,23,20,101010111011100101101100111110,1,1,0,0.59,0.8235294222831726,9,5
8,5,23,21,101010111011100101101100111110,1,1,0,0.44,0.7932960987091064,9,6
8,5,23,24,101010111011100101101100111110,1,1,0,0.31,0.8103448152542114,5,2
8,5,23,25,101010111011100101101100111110,1,1,0,0.5,0.09803921729326248,8,4
8,5,23,26,101010111011100101101100111110,1,1,0,0.24,0.44736841320991516,9,5
8,5,23,27,101010111011100101101100111110,1,1,0,0.69,0.8985507488250732,7,5
8,5,23,28,101010111011100101101100111110,1,1,0,0.45,0.8965517282485962,8,3
8,5,24,0,100110111110100101100110011110,1,1,0,0.5,0.22727273404598236,1,1
8,5,24,3,100110111110100101100110011110,1,1,0,0.48,1.0,8,6
8,5,24,4,100110111110100101100110011110,1,1,0,0.27,0.6944444179534912,9,4
8,5,24,6,100110111110100101100110011110,1,1,0,0.49,0.634782612323761,5,3
8,5,24,7,100110111110100101100110011110,1,1,0,0.11,0.7377049326896667,9,3
8,5,24,8,100110111110100101100110011110,1,1,0,0.56,0.8395061492919922,8,6
8,5,24,9,100110111110100101100110011110,1,1,0,0.34,0.8735632300376892,6,2
8,5,24,10,100110111110100101100110011110,1,1,0,0.42,0.8181818127632141,7,3
8,5,24,12,100110111110100101100110011110,1,1,0,0.45,0.6491228342056274,8,7
8,5,24,15,100110111110100101100110011110,1,1,0,0.4,0.36000001430511475,9,4
8,5,24,17,100110111110100101100110011110,1,1,0,0.43,0.0,7,3
8,5,24,18,100110111110100101100110011110,1,1,0,0.47,0.6904761791229248,8,5
8,5,24,21,100110111110100101100110011110,1,1,0,0.44,0.7932960987091064,9,6
8,5,24,22,100110111110100101100110011110,1,1,0,0.34,0.41428571939468384,8,2
8,5,24,25,100110111110100101100110011110,1,1,0,0.5,0.09803921729326248,8,4
8,5,24,26,100110111110100101100110011110,1,1,0,0.24,0.44736841320991516,9,5
8,5,24,27,100110111110100101100110011110,1,1,0,0.69,0.8985507488250732,7,5
8,5,24,28,100110111110100101100110011110,1,1,0,0.45,0.8965517282485962,8,3
8,5,25,0,100110111110101101100110011010,1,1,0,0.5,0.22727273404598236,1,1
8,5,25,3,100110111110101101100110011010,1,1,0,0.48,1.0,8,6
8,5,25,4,100110111110101101100110011010,1,1,0,0.27,0.6944444179534912,9,4
8,5,25,6,100110111110101101100110011010,1,1,0,0.49,0.634782612323761,5,3
8,5,25,7,100110111110101101100110011010,1,1,0,0.11,0.7377049326896667,9,3
8,5,25,8,100110111110101101100110011010,1,1,0,0.56,0.8395061492919922,8,6
8,5,25,9,100110111110101101100110011010,1,1,0,0.34,0.8735632300376892,6,2
8,5,25,10,100110111110101101100110011010,1,1,0,0.42,0.8181818127632141,7,3
8,5,25,12,100110111110101101100110011010,1,1,0,0.45,0.6491228342056274,8,7
8,5,25,14,100110111110101101100110011010,1,1,0,0.43,0.32894736528396606,8,5
8,5,25,15,100110111110101101100110011010,1,1,0,0.4,0.36000001430511475,9,4
8,5,25,17,100110111110101101100110011010,1,1,0,0.43,0.0,7,3
8,5,25,18,100110111110101101100110011010,1,1,0,0.47,0.6904761791229248,8,5
8,5,25,21,100110111110101101100110011010,1,1,0,0.44,0.7932960987091064,9,6
8,5,25,22,100110111110101101100110011010,1,1,0,0.34,0.41428571939468384,8,2
8,5,25,25,100110111110101101100110011010,1,1,0,0.5,0.09803921729326248,8,4
8,5,25,26,100110111110101101100110011010,1,1,0,0.24,0.44736841320991516,9,5
8,5,25,28,100110111110101101100110011010,1,1,0,0.45,0.8965517282485962,8,3
8,5,26,0,100110101001001101100111010110,1,1,0,0.5,0.22727273404598236,1,1
8,5,26,3,100110101001001101100111010110,1,1,0,0.48,1.0,8,6
8,5,26,4,100110101001001101100111010110,1,1,0,0.27,0.6944444179534912,9,4
8,5,26,6,100110101001001101100111010110,1,1,0,0.49,0.634782612323761,5,3
8,5,26,8,100110101001001101100111010110,1,1,0,0.56,0.8395061492919922,8,6
8,5,26,11,100110101001001101100111010110,1,1,0,0.6,0.7142857313156128,9,6
8,5,26,14,100110101001001101100111010110,1,1,0,0.43,0.32894736528396606,8,5
8,5,26,15,100110101001001101100111010110,1,1,0,0.4,0.36000001430511475,9,4
8,5,26,17,100110101001001101100111010110,1,1,0,0.43,0.0,7,3
8,5,26,18,100110101001001101100111010110,1,1,0,0.47,0.6904761791229248,8,5
8,5,26,21,100110101001001101100111010110,1,1,0,0.44,0.7932960987091064,9,6
8,5,26,22,100110101001001101100111010110,1,1,0,0.34,0.41428571939468384,8,2
8,5,26,23,100110101001001101100111010110,1,1,0,0.44,0.8770492076873779,8,4
8,5,26,25,100110101001001101100111010110,1,1,0,0.5,0.09803921729326248,8,4
8,5,26,27,100110101001001101100111010110,1,1,0,0.69,0.8985507488250732,7,5
8,5,26,28,100110101001001101100111010110,1,1,0,0.45,0.8965517282485962,8,3
8,5,27,4,000010101111111000110110010011,1,1,0,0.27,0.6944444179534912,9,4
8,5,27,6,000010101111111000110110010011,1,1,0,0.49,0.634782612323761,5,3
8,5,27,8,000010101111111000110110010011,1,1,0,0.56,0.8395061492919922,8,6
8,5,27,9,000010101111111000110110010011,1,1,0,0.34,0.8735632300376892,6,2
8,5,27,10,000010101111111000110110010011,1,1,0,0.42,0.8181818127632141,7,3
8,5,27,11,000010101111111000110110010011,1,1,0,0.6,0.7142857313156128,9,6
8,5,27,12,000010101111111000110110010011,1,1,0,0.45,0.6491228342056274,8,7
8,5,27,13,000010101111111000110110010011,1,1,0,0.67,0.9024389982223511,7,3
8,5,27,14,000010101111111000110110010011,1,1,0,0.43,0.32894736528396606,8,5
8,5,27,18,000010101111111000110110010011,1,1,0,0.47,0.6904761791229248,8,5
8,5,27,19,000010101111111000110110010011,1,1,0,0.4,0.0839160829782486,8,6
8,5,27,21,000010101111111000110110010011,1,1,0,0.44,0.7932960987091064,9,6
8,5,27,22,000010101111111000110110010011,1,1,0,0.34,0.41428571939468384,8,2
8,5,27,25,000010101111111000110110010011,1,1,0,0.5,0.09803921729326248,8,4
8,5,27,28,000010101111111000110110010011,1,1,0,0.45,0.8965517282485962,8,3
8,5,27,29,000010101111111000110110010011,1,1,0,0.22,0.5595238208770752,7,3
8,5,28,0,111011001011111000110101001010,1,1,0,0.5,0.22727273404598236,1,1
8,5,28,1,111011001011111000110101001010,1,1,0,0.4,0.8282828330993652,9,7
8,5,28,2,111011001011111000110101001010,1,1,0,0.16,0.8617886304855347,9,6
8,5,28,4,111011001011111000110101001010,1,1,0,0.27,0.6944444179534912,9,4
8,5,28,5,111011001011111000110101001010,1,1,0,0.4,0.7916666865348816,9,7
8,5,28,8,111011001011111000110101001010,1,1,0,0.56,0.8395061492919922,8,6
8,5,28,10,111011001011111000110101001010,1,1,0,0.42,0.8181818127632141,7,3
8,5,28,11,111011001011111000110101001010,1,1,0,0.6,0.7142857313156128,9,6
8,5,28,12,111011001011111000110101001010,1,1,0,0.45,0.6491228342056274,8,7
8,5,28,13,111011001011111000110101001010,1,1,0,0.67,0.9024389982223511,7,3
8,5,28,14,111011001011111000110101001010,1,1,0,0.43,0.32894736528396606,8,5
8,5,28,18,111011001011111000110101001010,1,1,0,0.47,0.6904761791229248,8,5
8,5,28,19,111011001011111000110101001010,1,1,0,0.4,0.0839160829782486,8,6
8,5,28,21,111011001011111000110101001010,1,1,0,0.44,0.7932960987091064,9,6
8,5,28,23,111011001011111000110101001010,1,1,0,0.44,0.8770492076873779,8,4
8,5,28,26,111011001011111000110101001010,1,1,0,0.24,0.44736841320991516,9,5
8,5,28,28,111011001011111000110101001010,1,1,0,0.45,0.8965517282485962,8,3
8,5,29,3,000110101001001101000101010110,1,1,0,0.48,1.0,8,6
8,5,29,4,000110101001001101000101010110,1,1,0,0.27,0.6944444179534912,9,4
8,5,29,6,000110101001001101000101010110,1,1,0,0.49,0.634782612323761,5,3
8,5,29,8,000110101001001101000101010110,1,1,0,0.56,0.8395061492919922,8,6
8,5,29,11,000110101001001101000101010110,1,1,0,0.6,0.7142857313156128,9,6
8,5,29,14,000110101001001101000101010110,1,1,0,0.43,0.32894736528396606,8,5
8,5,29,15,000110101001001101000101010110,1,1,0,0.4,0.36000001430511475,9,4
8,5,29,17,000110101001001101000101010110,1,1,0,0.43,0.0,7,3
8,5,29,21,000110101001001101000101010110,1,1,0,0.44,0.7932960987091064,9,6
8,5,29,23,000110101001001101000101010110,1,1,0,0.44,0.8770492076873779,8,4
8,5,29,25,000110101001001101000101010110,1,1,0,0.5,0.09803921729326248,8,4
8,5,29,27,000110101001001101000101010110,1,1,0,0.69,0.8985507488250732,7,5
8,5,29,28,000110101001001101000101010110,1,1,0,0.45,0.8965517282485962,8,3
9,1,0,3,000110110101110011010101111001,1,1,0,0.38,0.7272727489471436,10,7
9,1,0,4,000110110101110011010101111001,1,1,0,0.17,0.3055555522441864,10,5
9,1,0,6,000110110101110011010101111001,1,1,0,0.39,0.739130437374115,10,4
9,1,0,7,000110110101110011010101111001,1,1,0,0.16,0.2786885201931,9,3
9,1,0,9,000110110101110011010101111001,1,1,0,0.39,0.5632184147834778,6,2
9,1,0,11,000110110101110011010101111001,1,1,0,0.5,0.2142857164144516,10,7
9,1,0,12,000110110101110011010101111001,1,1,0,0.5,0.5964912176132202,8,7
9,1,0,13,000110110101110011010101111001,1,1,0,0.72,0.9512194991111755,7,3
9,1,0,16,000110110101110011010101111001,1,1,0,0.44,0.7105262875556946,7,3
9,1,0,17,000110110101110011010101111001,1,1,0,0.33,0.5,10,4
9,1,0,19,000110110101110011010101111001,1,1,0,0.45,0.30069929361343384,8,6
9,1,0,21,000110110101110011010101111001,1,1,0,0.34,0.7932960987091064,10,7
9,1,0,23,000110110101110011010101111001,1,1,0,0.49,0.49180328845977783,8,4
9,1,0,24,000110110101110011010101111001,1,1,0,0.36,0.8103448152542114,5,2
9,1,0,25,000110110101110011010101111001,1,1,0,0.4,0.1568627506494522,10,5
9,1,0,26,000110110101110011010101111001,1,1,0,0.29,0.21052631735801697,9,5
9,1,0,29,000110110101110011010101111001,1,1,0,0.27,0.5952380895614624,7,3
9,1,1,0,110011001001000010011010000101,1,1,0,0.4,0.6818181872367859,10,2
9,1,1,1,110011001001000010011010000101,1,1,0,0.45,0.49494948983192444,9,7
9,1,1,4,110011001001000010011010000101,1,1,0,0.17,0.3055555522441864,10,5
9,1,1,5,110011001001000010011010000101,1,1,0,0.45,0.7083333134651184,9,7
9,1,1,8,110011001001000010011010000101,1,1,0,0.46,0.8518518805503845,10,7
9,1,1,11,110011001001000010011010000101,1,1,0,0.5,0.2142857164144516,10,7
9,1,1,16,110011001001000010011010000101,1,1,0,0.44,0.7105262875556946,7,3
9,1,1,19,110011001001000010011010000101,1,1,0,0.45,0.30069929361343384,8,6
9,1,1,20,110011001001000010011010000101,1,1,0,0.64,0.44117647409439087,9,5
9,1,1,22,110011001001000010011010000101,1,1,0,0.24,0.5,10,3
9,1,1,27,110011001001000010011010000101,1,1,0,0.59,0.695652186870575,10,6
9,1,1,29,110011001001000010011010000101,1,1,0,0.27,0.5952380895614624,7,3
9,1,2,2,001111101111111000110101000110,1,1,0,0.21,0.5040650367736816,9,6
9,1,2,3,001111101111111000110101000110,1,1,0,0.38,0.7272727489471436,10,7
9,1,2,4,001111101111111000110101000110,1,1,0,0.17,0.3055555522441864,10,5
9,1,2,5,001111101111111000110101000110,1,1,0,0.45,0.7083333134651184,9,7
9,1,2,6,001111101111111000110101000110,1,1,0,0.39,0.739130437374115,10,4
9,1,2,8,001111101111111000110101000110,1,1,0,0.46,0.8518518805503845,10,7
9,1,2,9,001111101111111000110101000110,1,1,0,0.39,0.5632184147834778,6,2
9,1,2,10,001111101111111000110101000110,1,1,0,0.47,0.8181818127632141,7,3
9,1,2,11,001111101111111000110101000110,1,1,0,0.5,0.2142857164144516,10,7
9,1,2,12,001111101111111000110101000110,1,1,0,0.5,0.5964912176132202,8,7
9,1,2,13,001111101111111000110101000110,1,1,0,0.72,0.9512194991111755,7,3
9,1,2,14,001111101111111000110101000110,1,1,0,0.33,0.5789473652839661,10,6
9,1,2,18,001111101111111000110101000110,1,1,0,0.37,0.6785714030265808,10,6
9,1,2,19,001111101111111000110101000110,1,1,0,0.45,0.30069929361343384,8,6
9,1,2,21,001111101111111000110101000110,1,1,0,0.34,0.7932960987091064,10,7
9,1,2,23,001111101111111000110101000110,1,1,0,0.49,0.49180328845977783,8,4
9,1,2,27,001111101111111000110101000110,1,1,0,0.59,0.695652186870575,10,6
9,1,2,28,001111101111111000110101000110,1,1,0,0.35,0.8965517282485962,10,4
9,1,3,2,001110010001001111000011010010,1,1,0,0.21,0.5040650367736816,9,6
9,1,3,3,001110010001001111000011010010,1,1,0,0.38,0.7272727489471436,10,7
9,1,3,4,001110010001001111000011010010,1,1,0,0.17,0.3055555522441864,10,5
9,1,3,7,001110010001001111000011010010,1,1,0,0.16,0.2786885201931,9,3
9,1,3,11,001110010001001111000011010010,1,1,0,0.5,0.2142857164144516,10,7
9,1,3,14,001110010001001111000011010010,1,1,0,0.33,0.5789473652839661,10,6
9,1,3,15,001110010001001111000011010010,1,1,0,0.3,0.6000000238418579,10,5
9,1,3,16,001110010001001111000011010010,1,1,0,0.44,0.7105262875556946,7,3
9,1,3,17,001110010001001111000011010010,1,1,0,0.33,0.5,10,4
9,1,3,22,001110010001001111000011010010,1,1,0,0.24,0.5,10,3
9,1,3,23,001110010001001111000011010010,1,1,0,0.49,0.49180328845977783,8,4
9,1,3,25,001110010001001111000011010010,1,1,0,0.4,0.1568627506494522,10,5
9,1,3,28,001110010001001111000011010010,1,1,0,0.35,0.8965517282485962,10,4
9,1,4,0,101000100000000010110001111110,1,1,0,0.4,0.6818181872367859,10,2
9,1,4,2,101000100000000010110001111110,1,1,0,0.21,0.5040650367736816,9,6
9,1,4,6,101000100000000010110001111110,1,1,0,0.39,0.739130437374115,10,4
9,1,4,16,101000100000000010110001111110,1,1,0,0.44,0.7105262875556946,7,3
9,1,4,18,101000100000000010110001111110,1,1,0,0.37,0.6785714030265808,10,6
9,1,4,19,101000100000000010110001111110,1,1,0,0.45,0.30069929361343384,8,6
9,1,4,23,101000100000000010110001111110,1,1,0,0.49,0.49180328845977783,8,4
9,1,4,24,101000100000000010110001111110,1,1,0,0.36,0.8103448152542114,5,2
9,1,4,25,101000100000000010110001111110,1,1,0,0.4,0.1568627506494522,10,5
9,1,4,26,101000100000000010110001111110,1,1,0,0.29,0.21052631735801697,9,5
9,1,4,27,101000100000000010110001111110,1,1,0,0.59,0.695652186870575,10,6
9,1,4,28,101000100000000010110001111110,1,1,0,0.35,0.8965517282485962,10,4
9,1,5,0,111110111111110010100100001101,1,1,0,0.4,0.6818181872367859,10,2
9,1,5,1,111110111111110010100100001101,1,1,0,0.45,0.49494948983192444,9,7
9,1,5,2,111110111111110010100100001101,1,1,0,0.21,0.5040650367736816,9,6
9,1,5,3,111110111111110010100100001101,1,1,0,0.38,0.7272727489471436,10,7
9,1,5,4,111110111111110010100100001101,1,1,0,0.17,0.3055555522441864,10,5
9,1,5,6,111110111111110010100100001101,1,1,0,0.39,0.739130437374115,10,4
9,1,5,7,111110111111110010100100001101,1,1,0,0.16,0.2786885201931,9,3
9,1,5,8,111110111111110010100100001101,1,1,0,0.46,0.8518518805503845,10,7
9,1,5,9,111110111111110010100100001101,1,1,0,0.39,0.5632184147834778,6,2
9,1,5,10,111110111111110010100100001101,1,1,0,0.47,0.8181818127632141,7,3
9,1,5,11,111110111111110010100100001101,1,1,0,0.5,0.2142857164144516,10,7
9,1,5,12,111110111111110010100100001101,1,1,0,0.5,0.5964912176132202,8,7
9,1,5,13,111110111111110010100100001101,1,1,0,0.72,0.9512194991111755,7,3
9,1,5,16,111110111111110010100100001101,1,1,0,0.44,0.7105262875556946,7,3
9,1,5,18,111110111111110010100100001101,1,1,0,0.37,0.6785714030265808,10,6
9,1,5,21,111110111111110010100100001101,1,1,0,0.34,0.7932960987091064,10,7
9,1,5,26,111110111111110010100100001101,1,1,0,0.29,0.21052631735801697,9,5
9,1,5,27,111110111111110010100100001101,1,1,0,0.59,0.695652186870575,10,6
9,1,5,29,111110111111110010100100001101,1,1,0,0.27,0.5952380895614624,7,3
9,1,6,0,100100000001010110101110001010,1,1,0,0.4,0.6818181872367859,10,2
9,1,6,3,100100000001010110101110001010,1,1,0,0.38,0.7272727489471436,10,7
9,1,6,11,100100000001010110101110001010,1,1,0,0.5,0.2142857164144516,10,7
9,1,6,13,100100000001010110101110001010,1,1,0,0.72,0.9512194991111755,7,3
9,1,6,15,100100000001010110101110001010,1,1,0,0.3,0.6000000238418579,10,5
9,1,6,16,100100000001010110101110001010,1,1,0,0.44,0.7105262875556946,7,3
9,1,6,18,100100000001010110101110001010,1,1,0,0.37,0.6785714030265808,10,6
9,1,6,20,100100000001010110101110001010,1,1,0,0.64,0.44117647409439087,9,5
9,1,6,21,100100000001010110101110001010,1,1,0,0.34,0.7932960987091064,10,7
9,1,6,22,100100000001010110101110001010,1,1,0,0.24,0.5,10,3
9,1,6,26,100100000001010110101110001010,1,1,0,0.29,0.21052631735801697,9,5
9,1,6,28,100100000001010110101110001010,1,1,0,0.35,0.8965517282485962,10,4
9,1,7,0,101010111011100101110001111110,1,1,0,0.4,0.6818181872367859,10,2
9,1,7,2,101010111011100101110001111110,1,1,0,0.21,0.5040650367736816,9,6
9,1,7,4,101010111011100101110001111110,1,1,0,0.17,0.3055555522441864,10,5
9,1,7,6,101010111011100101110001111110,1,1,0,0.39,0.739130437374115,10,4
9,1,7,7,101010111011100101110001111110,1,1,0,0.16,0.2786885201931,9,3
9,1,7,8,101010111011100101110001111110,1,1,0,0.46,0.8518518805503845,10,7
9,1,7,10,101010111011100101110001111110,1,1,0,0.47,0.8181818127632141,7,3
9,1,7,11,101010111011100101110001111110,1,1,0,0.5,0.2142857164144516,10,7
9,1,7,12,101010111011100101110001111110,1,1,0,0.5,0.5964912176132202,8,7
9,1,7,15,101010111011100101110001111110,1,1,0,0.3,0.6000000238418579,10,5
9,1,7,17,101010111011100101110001111110,1,1,0,0.33,0.5,10,4
9,1,7,18,101010111011100101110001111110,1,1,0,0.37,0.6785714030265808,10,6
9,1,7,19,101010111011100101110001111110,1,1,0,0.45,0.30069929361343384,8,6
9,1,7,23,101010111011100101110001111110,1,1,0,0.49,0.49180328845977783,8,4
9,1,7,24,101010111011100101110001111110,1,1,0,0.36,0.8103448152542114,5,2
9,1,7,25,101010111011100101110001111110,1,1,0,0.4,0.1568627506494522,10,5
9,1,7,26,101010111011100101110001111110,1,1,0,0.29,0.21052631735801697,9,5
9,1,7,27,101010111011100101110001111110,1,1,0,0.59,0.695652186870575,10,6
9,1,7,28,101010111011100101110001111110,1,1,0,0.35,0.8965517282485962,10,4
9,1,8,0,111000011111110110011011111110,1,1,0,0.4,0.6818181872367859,10,2
9,1,8,1,111000011111110110011011111110,1,1,0,0.45,0.49494948983192444,9,7
9,1,8,2,111000011111110110011011111110,1,1,0,0.21,0.5040650367736816,9,6
9,1,8,7,111000011111110110011011111110,1,1,0,0.16,0.2786885201931,9,3
9,1,8,8,111000011111110110011011111110,1,1,0,0.46,0.8518518805503845,10,7
9,1,8,9,111000011111110110011011111110,1,1,0,0.39,0.5632184147834778,6,2
9,1,8,10,111000011111110110011011111110,1,1,0,0.47,0.8181818127632141,7,3
9,1,8,11,111000011111110110011011111110,1,1,0,0.5,0.2142857164144516,10,7
9,1,8,12,111000011111110110011011111110,1,1,0,0.5,0.5964912176132202,8,7
9,1,8,13,111000011111110110011011111110,1,1,0,0.72,0.9512194991111755,7,3
9,1,8,15,111000011111110110011011111110,1,1,0,0.3,0.6000000238418579,10,5
9,1,8,16,111000011111110110011011111110,1,1,0,0.44,0.7105262875556946,7,3
9,1,8,19,111000011111110110011011111110,1,1,0,0.45,0.30069929361343384,8,6
9,1,8,20,111000011111110110011011111110,1,1,0,0.64,0.44117647409439087,9,5
9,1,8,22,111000011111110110011011111110,1,1,0,0.24,0.5,10,3
9,1,8,23,111000011111110110011011111110,1,1,0,0.49,0.49180328845977783,8,4
9,1,8,24,111000011111110110011011111110,1,1,0,0.36,0.8103448152542114,5,2
9,1,8,25,111000011111110110011011111110,1,1,0,0.4,0.1568627506494522,10,5
9,1,8,26,111000011111110110011011111110,1,1,0,0.29,0.21052631735801697,9,5
9,1,8,27,111000011111110110011011111110,1,1,0,0.59,0.695652186870575,10,6
9,1,8,28,111000011111110110011011111110,1,1,0,0.35,0.8965517282485962,10,4
9,1,9,0,101101000110110000111000100101,1,1,0,0.4,0.6818181872367859,10,2
9,1,9,2,101101000110110000111000100101,1,1,0,0.21,0.5040650367736816,9,6
9,1,9,3,101101000110110000111000100101,1,1,0,0.38,0.7272727489471436,10,7
9,1,9,5,101101000110110000111000100101,1,1,0,0.45,0.7083333134651184,9,7
9,1,9,9,101101000110110000111000100101,1,1,0,0.39,0.5632184147834778,6,2
9,1,9,10,101101000110110000111000100101,1,1,0,0.47,0.8181818127632141,7,3
9,1,9,12,101101000110110000111000100101,1,1,0,0.5,0.5964912176132202,8,7
9,1,9,13,101101000110110000111000100101,1,1,0,0.72,0.9512194991111755,7,3
9,1,9,18,101101000110110000111000100101,1,1,0,0.37,0.6785714030265808,10,6
9,1,9,19,101101000110110000111000100101,1,1,0,0.45,0.30069929361343384,8,6
9,1,9,20,101101000110110000111000100101,1,1,0,0.64,0.44117647409439087,9,5
9,1,9,24,101101000110110000111000100101,1,1,0,0.36,0.8103448152542114,5,2
9,1,9,27,101101000110110000111000100101,1,1,0,0.59,0.695652186870575,10,6
9,1,9,29,101101000110110000111000100101,1,1,0,0.27,0.5952380895614624,7,3
9,1,10,1,011011011100001100011100011110,1,1,0,0.45,0.49494948983192444,9,7
9,1,10,2,011011011100001100011100011110,1,1,0,0.21,0.5040650367736816,9,6
9,1,10,4,011011011100001100011100011110,1,1,0,0.17,0.3055555522441864,10,5
9,1,10,5,011011011100001100011100011110,1,1,0,0.45,0.7083333134651184,9,7
9,1,10,7,011011011100001100011100011110,1,1,0,0.16,0.2786885201931,9,3
9,1,10,8,011011011100001100011100011110,1,1,0,0.46,0.8518518805503845,10,7
9,1,10,9,011011011100001100011100011110,1,1,0,0.39,0.5632184147834778,6,2
9,1,10,14,011011011100001100011100011110,1,1,0,0.33,0.5789473652839661,10,6
9,1,10,15,011011011100001100011100011110,1,1,0,0.3,0.6000000238418579,10,5
9,1,10,19,011011011100001100011100011110,1,1,0,0.45,0.30069929361343384,8,6
9,1,10,20,011011011100001100011100011110,1,1,0,0.64,0.44117647409439087,9,5
9,1,10,21,011011011100001100011100011110,1,1,0,0.34,0.7932960987091064,10,7
9,1,10,25,011011011100001100011100011110,1,1,0,0.4,0.1568627506494522,10,5
9,1,10,26,011011011100001100011100011110,1,1,0,0.29,0.21052631735801697,9,5
9,1,10,27,011011011100001100011100011110,1,1,0,0.59,0.695652186870575,10,6
9,1,10,28,011011011100001100011100011110,1,1,0,0.35,0.8965517282485962,10,4
9,1,11,1,011011001010110110101100001000,1,1,0,0.45,0.49494948983192444,9,7
9,1,11,2,011011001010110110101100001000,1,1,0,0.21,0.5040650367736816,9,6
9,1,11,4,011011001010110110101100001000,1,1,0,0.17,0.3055555522441864,10,5
9,1,11,5,011011001010110110101100001000,1,1,0,0.45,0.7083333134651184,9,7
9,1,11,8,011011001010110110101100001000,1,1,0,0.46,0.8518518805503845,10,7
9,1,11,10,011011001010110110101100001000,1,1,0,0.47,0.8181818127632141,7,3
9,1,11,12,011011001010110110101100001000,1,1,0,0.5,0.5964912176132202,8,7
9,1,11,13,011011001010110110101100001000,1,1,0,0.72,0.9512194991111755,7,3
9,1,11,15,011011001010110110101100001000,1,1,0,0.3,0.6000000238418579,10,5
9,1,11,16,011011001010110110101100001000,1,1,0,0.44,0.7105262875556946,7,3
9,1,11,18,011011001010110110101100001000,1,1,0,0.37,0.6785714030265808,10,6
9,1,11,20,011011001010110110101100001000,1,1,0,0.64,0.44117647409439087,9,5
9,1,11,21,011011001010110110101100001000,1,1,0,0.34,0.7932960987091064,10,7
9,1,11,26,011011001010110110101100001000,1,1,0,0.29,0.21052631735801697,9,5
9,1,12,0,110011100111110000011100100101,1,1,0,0.4,0.6818181872367859,10,2
9,1,12,1,110011100111110000011100100101,1,1,0,0.45,0.49494948983192444,9,7
9,1,12,4,110011100111110000011100100101,1,1,0,0.17,0.3055555522441864,10,5
9,1,12,5,110011100111110000011100100101,1,1,0,0.45,0.7083333134651184,9,7
9,1,12,6,110011100111110000011100100101,1,1,0,0.39,0.739130437374115,10,4
9,1,12,9,110011100111110000011100100101,1,1,0,0.39,0.5632184147834778,6,2
9,1,12,10,110011100111110000011100100101,1,1,0,0.47,0.8181818127632141,7,3
9,1,12,11,110011100111110000011100100101,1,1,0,0.5,0.2142857164144516,10,7
9,1,12,12,110011100111110000011100100101,1,1,0,0.5,0.5964912176132202,8,7
9,1,12,13,110011100111110000011100100101,1,1,0,0.72,0.9512194991111755,7,3
9,1,12,19,110011100111110000011100100101,1,1,0,0.45,0.30069929361343384,8,6
9,1,12,20,110011100111110000011100100101,1,1,0,0.64,0.44117647409439087,9,5
9,1,12,21,110011100111110000011100100101,1,1,0,0.34,0.7932960987091064,10,7
9,1,12,24,110011100111110000011100100101,1,1,0,0.36,0.8103448152542114,5,2
9,1,12,27,110011100111110000011100100101,1,1,0,0.59,0.695652186870575,10,6
9,1,12,29,110011100111110000011100100101,1,1,0,0.27,0.5952380895614624,7,3
9,1,13,0,111111110001101111011111011010,1,1,0,0.4,0.6818181872367859,10,2
9,1,13,1,111111110001101111011111011010,1,1,0,0.45,0.49494948983192444,9,7
9,1,13,2,111111110001101111011111011010,1,1,0,0.21,0.5040650367736816,9,6
9,1,13,3,111111110001101111011111011010,1,1,0,0.38,0.7272727489471436,10,7
9,1,13,4,111111110001101111011111011010,1,1,0,0.17,0.3055555522441864,10,5
9,1,13,5,111111110001101111011111011010,1,1,0,0.45,0.7083333134651184,9,7
9,1,13,6,111111110001101111011111011010,1,1,0,0.39,0.739130437374115,10,4
9,1,13,7,111111110001101111011111011010,1,1,0,0.16,0.2786885201931,9,3
9,1,13,11,111111110001101111011111011010,1,1,0,0.5,0.2142857164144516,10,7
9,1,13,12,111111110001101111011111011010,1,1,0,0.5,0.5964912176132202,8,7
9,1,13,14,111111110001101111011111011010,1,1,0,0.33,0.5789473652839661,10,6
9,1,13,15,111111110001101111011111011010,1,1,0,0.3,0.6000000238418579,10,5
9,1,13,16,111111110001101111011111011010,1,1,0,0.44,0.7105262875556946,7,3
9,1,13,17,111111110001101111011111011010,1,1,0,0.33,0.5,10,4
9,1,13,19,111111110001101111011111011010,1,1,0,0.45,0.30069929361343384,8,6
9,1,13,20,111111110001101111011111011010,1,1,0,0.64,0.44117647409439087,9,5
9,1,13,21,111111110001101111011111011010,1,1,0,0.34,0.7932960987091064,10,7
9,1,13,22,111111110001101111011111011010,1,1,0,0.24,0.5,10,3
9,1,13,23,111111110001101111011111011010,1,1,0,0.49,0.49180328845977783,8,4
9,1,13,25,111111110001101111011111011010,1,1,0,0.4,0.1568627506494522,10,5
9,1,13,26,111111110001101111011111011010,1,1,0,0.29,0.21052631735801697,9,5
9,1,13,28,111111110001101111011111011010,1,1,0,0.35,0.8965517282485962,10,4
9,2,0,3,000110110101110011010101111001,1,1,0,0.38,0.7272727489471436,10,7
9,2,0,4,000110110101110011010101111001,1,1,0,0.17,0.3055555522441864,10,5
9,2,0,6,000110110101110011010101111001,1,1,0,0.39,0.739130437374115,10,4
9,2,0,7,000110110101110011010101111001,1,1,0,0.16,0.2786885201931,9,3
9,2,0,9,000110110101110011010101111001,1,1,0,0.39,0.5632184147834778,6,2
9,2,0,11,000110110101110011010101111001,1,1,0,0.5,0.2142857164144516,10,7
9,2,0,12,000110110101110011010101111001,1,1,0,0.5,0.5964912176132202,8,7
9,2,0,13,000110110101110011010101111001,1,1,0,0.72,0.9512194991111755,7,3
9,2,0,16,000110110101110011010101111001,1,1,0,0.44,0.7105262875556946,7,3
9,2,0,17,000110110101110011010101111001,1,1,0,0.33,0.5,10,4
9,2,0,19,000110110101110011010101111001,1,1,0,0.45,0.30069929361343384,8,6
9,2,0,21,000110110101110011010101111001,1,1,0,0.34,0.7932960987091064,10,7
9,2,0,23,000110110101110011010101111001,1,1,0,0.49,0.49180328845977783,8,4
9,2,0,24,000110110101110011010101111001,1,1,0,0.36,0.8103448152542114,5,2
9,2,0,25,000110110101110011010101111001,1,1,0,0.4,0.1568627506494522,10,5
9,2,0,26,000110110101110011010101111001,1,1,0,0.29,0.21052631735801697,9,5
9,2,0,29,000110110101110011010101111001,1,1,0,0.27,0.5952380895614624,7,3
9,2,1,2,001111101111111000110101000110,1,1,0,0.21,0.5040650367736816,9,6
9,2,1,3,001111101111111000110101000110,1,1,0,0.38,0.7272727489471436,10,7
9,2,1,4,001111101111111000110101000110,1,1,0,0.17,0.3055555522441864,10,5
9,2,1,5,001111101111111000110101000110,1,1,0,0.45,0.7083333134651184,9,7
9,2,1,6,001111101111111000110101000110,1,1,0,0.39,0.739130437374115,10,4
9,2,1,8,001111101111111000110101000110,1,1,0,0.46,0.8518518805503845,10,7
9,2,1,9,001111101111111000110101000110,1,1,0,0.39,0.5632184147834778,6,2
9,2,1,10,001111101111111000110101000110,1,1,0,0.47,0.8181818127632141,7,3
9,2,1,11,001111101111111000110101000110,1,1,0,0.5,0.2142857164144516,10,7
9,2,1,12,001111101111111000110101000110,1,1,0,0.5,0.5964912176132202,8,7
9,2,1,13,001111101111111000110101000110,1,1,0,0.72,0.9512194991111755,7,3
9,2,1,14,001111101111111000110101000110,1,1,0,0.33,0.5789473652839661,10,6
9,2,1,18,001111101111111000110101000110,1,1,0,0.37,0.6785714030265808,10,6
9,2,1,19,001111101111111000110101000110,1,1,0,0.45,0.30069929361343384,8,6
9,2,1,21,001111101111111000110101000110,1,1,0,0.34,0.7932960987091064,10,7
9,2,1,23,001111101111111000110101000110,1,1,0,0.49,0.49180328845977783,8,4
9,2,1,27,001111101111111000110101000110,1,1,0,0.59,0.695652186870575,10,6
9,2,1,28,001111101111111000110101000110,1,1,0,0.35,0.8965517282485962,10,4
9,2,2,2,001110010001001111000011010010,1,1,0,0.21,0.5040650367736816,9,6
9,2,2,3,001110010001001111000011010010,1,1,0,0.38,0.7272727489471436,10,7
9,2,2,4,001110010001001111000011010010,1,1,0,0.17,0.3055555522441864,10,5
9,2,2,7,001110010001001111000011010010,1,1,0,0.16,0.2786885201931,9,3
9,2,2,11,001110010001001111000011010010,1,1,0,0.5,0.2142857164144516,10,7
9,2,2,14,001110010001001111000011010010,1,1,0,0.33,0.5789473652839661,10,6
9,2,2,15,001110010001001111000011010010,1,1,0,0.3,0.6000000238418579,10,5
9,2,2,16,001110010001001111000011010010,1,1,0,0.44,0.7105262875556946,7,3
9,2,2,17,001110010001001111000011010010,1,1,0,0.33,0.5,10,4
9,2,2,22,001110010001001111000011010010,1,1,0,0.24,0.5,10,3
9,2,2,23,001110010001001111000011010010,1,1,0,0.49,0.49180328845977783,8,4
9,2,2,25,001110010001001111000011010010,1,1,0,0.4,0.1568627506494522,10,5
9,2,2,28,001110010001001111000011010010,1,1,0,0.35,0.8965517282485962,10,4
9,2,3,0,101010111011100101110001111110,1,1,0,0.4,0.6818181872367859,10,2
9,2,3,2,101010111011100101110001111110,1,1,0,0.21,0.5040650367736816,9,6
9,2,3,4,101010111011100101110001111110,1,1,0,0.17,0.3055555522441864,10,5
9,2,3,6,101010111011100101110001111110,1,1,0,0.39,0.739130437374115,10,4
9,2,3,7,101010111011100101110001111110,1,1,0,0.16,0.2786885201931,9,3
9,2,3,8,101010111011100101110001111110,1,1,0,0.46,0.8518518805503845,10,7
9,2,3,10,101010111011100101110001111110,1,1,0,0.47,0.8181818127632141,7,3
9,2,3,11,101010111011100101110001111110,1,1,0,0.5,0.2142857164144516,10,7
9,2,3,12,101010111011100101110001111110,1,1,0,0.5,0.5964912176132202,8,7
9,2,3,15,101010111011100101110001111110,1,1,0,0.3,0.6000000238418579,10,5
9,2,3,17,101010111011100101110001111110,1,1,0,0.33,0.5,10,4
9,2,3,18,101010111011100101110001111110,1,1,0,0.37,0.6785714030265808,10,6
9,2,3,19,101010111011100101110001111110,1,1,0,0.45,0.30069929361343384,8,6
9,2,3,23,101010111011100101110001111110,1,1,0,0.49,0.49180328845977783,8,4
9,2,3,24,101010111011100101110001111110,1,1,0,0.36,0.8103448152542114,5,2
9,2,3,25,101010111011100101110001111110,1,1,0,0.4,0.1568627506494522,10,5
9,2,3,26,101010111011100101110001111110,1,1,0,0.29,0.21052631735801697,9,5
9,2,3,27,101010111011100101110001111110,1,1,0,0.59,0.695652186870575,10,6
9,2,3,28,101010111011100101110001111110,1,1,0,0.35,0.8965517282485962,10,4
9,2,4,0,111000011111110110011011111110,1,1,0,0.4,0.6818181872367859,10,2
9,2,4,1,111000011111110110011011111110,1,1,0,0.45,0.49494948983192444,9,7
9,2,4,2,111000011111110110011011111110,1,1,0,0.21,0.5040650367736816,9,6
9,2,4,7,111000011111110110011011111110,1,1,0,0.16,0.2786885201931,9,3
9,2,4,8,111000011111110110011011111110,1,1,0,0.46,0.8518518805503845,10,7
9,2,4,9,111000011111110110011011111110,1,1,0,0.39,0.5632184147834778,6,2
9,2,4,10,111000011111110110011011111110,1,1,0,0.47,0.8181818127632141,7,3
9,2,4,11,111000011111110110011011111110,1,1,0,0.5,0.2142857164144516,10,7
9,2,4,12,111000011111110110011011111110,1,1,0,0.5,0.5964912176132202,8,7
9,2,4,13,111000011111110110011011111110,1,1,0,0.72,0.9512194991111755,7,3
9,2,4,15,111000011111110110011011111110,1,1,0,0.3,0.6000000238418579,10,5
9,2,4,16,111000011111110110011011111110,1,1,0,0.44,0.7105262875556946,7,3
9,2,4,19,111000011111110110011011111110,1,1,0,0.45,0.30069929361343384,8,6
9,2,4,20,111000011111110110011011111110,1,1,0,0.64,0.44117647409439087,9,5
9,2,4,22,111000011111110110011011111110,1,1,0,0.24,0.5,10,3
9,2,4,23,111000011111110110011011111110,1,1,0,0.49,0.49180328845977783,8,4
9,2,4,24,111000011111110110011011111110,1,1,0,0.36,0.8103448152542114,5,2
9,2,4,25,111000011111110110011011111110,1,1,0,0.4,0.1568627506494522,10,5
9,2,4,26,111000011111110110011011111110,1,1,0,0.29,0.21052631735801697,9,5
9,2,4,27,111000011111110110011011111110,1,1,0,0.59,0.695652186870575,10,6
9,2,4,28,111000011111110110011011111110,1,1,0,0.35,0.8965517282485962,10,4
9,2,5,0,101101000110110000111000100101,1,1,0,0.4,0.6818181872367859,10,2
9,2,5,2,101101000110110000111000100101,1,1,0,0.21,0.5040650367736816,9,6
9,2,5,3,101101000110110000111000100101,1,1,0,0.38,0.7272727489471436,10,7
9,2,5,5,101101000110110000111000100101,1,1,0,0.45,0.7083333134651184,9,7
9,2,5,9,101101000110110000111000100101,1,1,0,0.39,0.5632184147834778,6,2
9,2,5,10,101101000110110000111000100101,1,1,0,0.47,0.8181818127632141,7,3
9,2,5,12,101101000110110000111000100101,1,1,0,0.5,0.5964912176132202,8,7
9,2,5,13,101101000110110000111000100101,1,1,0,0.72,0.9512194991111755,7,3
9,2,5,18,101101000110110000111000100101,1,1,0,0.37,0.6785714030265808,10,6
9,2,5,19,101101000110110000111000100101,1,1,0,0.45,0.30069929361343384,8,6
9,2,5,20,101101000110110000111000100101,1,1,0,0.64,0.44117647409439087,9,5
9,2,5,24,101101000110110000111000100101,1,1,0,0.36,0.8103448152542114,5,2
9,2,5,27,101101000110110000111000100101,1,1,0,0.59,0.695652186870575,10,6
9,2,5,29,101101000110110000111000100101,1,1,0,0.27,0.5952380895614624,7,3
9,2,6,1,011011011100001100011100011110,1,1,0,0.45,0.49494948983192444,9,7
9,2,6,2,011011011100001100011100011110,1,1,0,0.21,0.5040650367736816,9,6
9,2,6,4,011011011100001100011100011110,1,1,0,0.17,0.3055555522441864,10,5
9,2,6,5,011011011100001100011100011110,1,1,0,0.45,0.7083333134651184,9,7
9,2,6,7,011011011100001100011100011110,1,1,0,0.16,0.2786885201931,9,3
9,2,6,8,011011011100001100011100011110,1,1,0,0.46,0.8518518805503845,10,7
9,2,6,9,011011011100001100011100011110,1,1,0,0.39,0.5632184147834778,6,2
9,2,6,14,011011011100001100011100011110,1,1,0,0.33,0.5789473652839661,10,6
9,2,6,15,011011011100001100011100011110,1,1,0,0.3,0.6000000238418579,10,5
9,2,6,19,011011011100001100011100011110,1,1,0,0.45,0.30069929361343384,8,6
9,2,6,20,011011011100001100011100011110,1,1,0,0.64,0.44117647409439087,9,5
9,2,6,21,011011011100001100011100011110,1,1,0,0.34,0.7932960987091064,10,7
9,2,6,25,011011011100001100011100011110,1,1,0,0.4,0.1568627506494522,10,5
9,2,6,26,011011011100001100011100011110,1,1,0,0.29,0.21052631735801697,9,5
9,2,6,27,011011011100001100011100011110,1,1,0,0.59,0.695652186870575,10,6
9,2,6,28,011011011100001100011100011110,1,1,0,0.35,0.8965517282485962,10,4
9,2,7,0,110011100111110000011100100101,1,1,0,0.4,0.6818181872367859,10,2
9,2,7,1,110011100111110000011100100101,1,1,0,0.45,0.49494948983192444,9,7
9,2,7,4,110011100111110000011100100101,1,1,0,0.17,0.3055555522441864,10,5
9,2,7,5,110011100111110000011100100101,1,1,0,0.45,0.7083333134651184,9,7
9,2,7,6,110011100111110000011100100101,1,1,0,0.39,0.739130437374115,10,4
9,2,7,9,110011100111110000011100100101,1,1,0,0.39,0.5632184147834778,6,2
9,2,7,10,110011100111110000011100100101,1,1,0,0.47,0.8181818127632141,7,3
9,2,7,11,110011100111110000011100100101,1,1,0,0.5,0.2142857164144516,10,7
9,2,7,12,110011100111110000011100100101,1,1,0,0.5,0.5964912176132202,8,7
9,2,7,13,110011100111110000011100100101,1,1,0,0.72,0.9512194991111755,7,3
9,2,7,19,110011100111110000011100100101,1,1,0,0.45,0.30069929361343384,8,6
9,2,7,20,110011100111110000011100100101,1,1,0,0.64,0.44117647409439087,9,5
9,2,7,21,110011100111110000011100100101,1,1,0,0.34,0.7932960987091064,10,7
9,2,7,24,110011100111110000011100100101,1,1,0,0.36,0.8103448152542114,5,2
9,2,7,27,110011100111110000011100100101,1,1,0,0.59,0.695652186870575,10,6
9,2,7,29,110011100111110000011100100101,1,1,0,0.27,0.5952380895614624,7,3
9,2,8,0,111111110001101111011111011010,1,1,0,0.4,0.6818181872367859,10,2
9,2,8,1,111111110001101111011111011010,1,1,0,0.45,0.49494948983192444,9,7
9,2,8,2,111111110001101111011111011010,1,1,0,0.21,0.5040650367736816,9,6
9,2,8,3,111111110001101111011111011010,1,1,0,0.38,0.7272727489471436,10,7
9,2,8,4,111111110001101111011111011010,1,1,0,0.17,0.3055555522441864,10,5
9,2,8,5,111111110001101111011111011010,1,1,0,0.45,0.7083333134651184,9,7
9,2,8,6,111111110001101111011111011010,1,1,0,0.39,0.739130437374115,10,4
9,2,8,7,111111110001101111011111011010,1,1,0,0.16,0.2786885201931,9,3
9,2,8,11,111111110001101111011111011010,1,1,0,0.5,0.2142857164144516,10,7
9,2,8,12,111111110001101111011111011010,1,1,0,0.5,0.5964912176132202,8,7
9,2,8,14,111111110001101111011111011010,1,1,0,0.33,0.5789473652839661,10,6
9,2,8,15,111111110001101111011111011010,1,1,0,0.3,0.6000000238418579,10,5
9,2,8,16,111111110001101111011111011010,1,1,0,0.44,0.7105262875556946,7,3
9,2,8,17,111111110001101111011111011010,1,1,0,0.33,0.5,10,4
9,2,8,19,111111110001101111011111011010,1,1,0,0.45,0.30069929361343384,8,6
9,2,8,20,111111110001101111011111011010,1,1,0,0.64,0.44117647409439087,9,5
9,2,8,21,111111110001101111011111011010,1,1,0,0.34,0.7932960987091064,10,7
9,2,8,22,111111110001101111011111011010,1,1,0,0.24,0.5,10,3
9,2,8,23,111111110001101111011111011010,1,1,0,0.49,0.49180328845977783,8,4
9,2,8,25,111111110001101111011111011010,1,1,0,0.4,0.1568627506494522,10,5
9,2,8,26,111111110001101111011111011010,1,1,0,0.29,0.21052631735801697,9,5
9,2,8,28,111111110001101111011111011010,1,1,0,0.35,0.8965517282485962,10,4
9,2,9,0,101100110101000110101110001010,1,1,0,0.4,0.6818181872367859,10,2
9,2,9,2,101100110101000110101110001010,1,1,0,0.21,0.5040650367736816,9,6
9,2,9,3,101100110101000110101110001010,1,1,0,0.38,0.7272727489471436,10,7
9,2,9,6,101100110101000110101110001010,1,1,0,0.39,0.739130437374115,10,4
9,2,9,7,101100110101000110101110001010,1,1,0,0.16,0.2786885201931,9,3
9,2,9,9,101100110101000110101110001010,1,1,0,0.39,0.5632184147834778,6,2
9,2,9,11,101100110101000110101110001010,1,1,0,0.5,0.2142857164144516,10,7
9,2,9,15,101100110101000110101110001010,1,1,0,0.3,0.6000000238418579,10,5
9,2,9,16,101100110101000110101110001010,1,1,0,0.44,0.7105262875556946,7,3
9,2,9,18,101100110101000110101110001010,1,1,0,0.37,0.6785714030265808,10,6
9,2,9,20,101100110101000110101110001010,1,1,0,0.64,0.44117647409439087,9,5
9,2,9,21,101100110101000110101110001010,1,1,0,0.34,0.7932960987091064,10,7
9,2,9,22,101100110101000110101110001010,1,1,0,0.24,0.5,10,3
9,2,9,26,101100110101000110101110001010,1,1,0,0.29,0.21052631735801697,9,5
9,2,9,28,101100110101000110101110001010,1,1,0,0.35,0.8965517282485962,10,4
9,2,10,0,101001101111111101100001111110,1,1,0,0.4,0.6818181872367859,10,2
9,2,10,2,101001101111111101100001111110,1,1,0,0.21,0.5040650367736816,9,6
9,2,10,5,101001101111111101100001111110,1,1,0,0.45,0.7083333134651184,9,7
9,2,10,6,101001101111111101100001111110,1,1,0,0.39,0.739130437374115,10,4
9,2,10,8,101001101111111101100001111110,1,1,0,0.46,0.8518518805503845,10,7
9,2,10,9,101001101111111101100001111110,1,1,0,0.39,0.5632184147834778,6,2
9,2,10,10,101001101111111101100001111110,1,1,0,0.47,0.8181818127632141,7,3
9,2,10,11,101001101111111101100001111110,1,1,0,0.5,0.2142857164144516,10,7
9,2,10,12,101001101111111101100001111110,1,1,0,0.5,0.5964912176132202,8,7
9,2,10,13,101001101111111101100001111110,1,1,0,0.72,0.9512194991111755,7,3
9,2,10,14,101001101111111101100001111110,1,1,0,0.33,0.5789473652839661,10,6
9,2,10,15,101001101111111101100001111110,1,1,0,0.3,0.6000000238418579,10,5
9,2,10,17,101001101111111101100001111110,1,1,0,0.33,0.5,10,4
9,2,10,18,101001101111111101100001111110,1,1,0,0.37,0.6785714030265808,10,6
9,2,10,23,101001101111111101100001111110,1,1,0,0.49,0.49180328845977783,8,4
9,2,10,24,101001101111111101100001111110,1,1,0,0.36,0.8103448152542114,5,2
9,2,10,25,101001101111111101100001111110,1,1,0,0.4,0.1568627506494522,10,5
9,2,10,26,101001101111111101100001111110,1,1,0,0.29,0.21052631735801697,9,5
9,2,10,27,101001101111111101100001111110,1,1,0,0.59,0.695652186870575,10,6
9,2,10,28,101001101111111101100001111110,1,1,0,0.35,0.8965517282485962,10,4
9,2,11,1,010011001001000000001010000100,1,1,0,0.45,0.49494948983192444,9,7
9,2,11,4,010011001001000000001010000100,1,1,0,0.17,0.3055555522441864,10,5
9,2,11,5,010011001001000000001010000100,1,1,0,0.45,0.7083333134651184,9,7
9,2,11,8,010011001001000000001010000100,1,1,0,0.46,0.8518518805503845,10,7
9,2,11,11,010011001001000000001010000100,1,1,0,0.5,0.2142857164144516,10,7
9,2,11,20,010011001001000000001010000100,1,1,0,0.64,0.44117647409439087,9,5
9,2,11,22,010011001001000000001010000100,1,1,0,0.24,0.5,10,3
9,2,11,27,010011001001000000001010000100,1,1,0,0.59,0.695652186870575,10,6
9,2,12,1,010110010010110011110100011110,1,1,0,0.45,0.49494948983192444,9,7
9,2,12,3,010110010010110011110100011110,1,1,0,0.38,0.7272727489471436,10,7
9,2,12,4,010110010010110011110100011110,1,1,0,0.17,0.3055555522441864,10,5
9,2,12,7,010110010010110011110100011110,1,1,0,0.16,0.2786885201931,9,3
9,2,12,10,010110010010110011110100011110,1,1,0,0.47,0.8181818127632141,7,3
9,2,12,12,010110010010110011110100011110,1,1,0,0.5,0.5964912176132202,8,7
9,2,12,13,010110010010110011110100011110,1,1,0,0.72,0.9512194991111755,7,3
9,2,12,16,010110010010110011110100011110,1,1,0,0.44,0.7105262875556946,7,3
9,2,12,17,010110010010110011110100011110,1,1,0,0.33,0.5,10,4
9,2,12,18,010110010010110011110100011110,1,1,0,0.37,0.6785714030265808,10,6
9,2,12,19,010110010010110011110100011110,1,1,0,0.45,0.30069929361343384,8,6
9,2,12,21,010110010010110011110100011110,1,1,0,0.34,0.7932960987091064,10,7
9,2,12,25,010110010010110011110100011110,1,1,0,0.4,0.1568627506494522,10,5
9,2,12,26,010110010010110011110100011110,1,1,0,0.29,0.21052631735801697,9,5
9,2,12,27,010110010010110011110100011110,1,1,0,0.59,0.695652186870575,10,6
9,2,12,28,010110010010110011110100011110,1,1,0,0.35,0.8965517282485962,10,4
9,2,13,0,101000010101001111011111011011,1,1,0,0.4,0.6818181872367859,10,2
9,2,13,2,101000010101001111011111011011,1,1,0,0.21,0.5040650367736816,9,6
9,2,13,7,101000010101001111011111011011,1,1,0,0.16,0.2786885201931,9,3
9,2,13,9,101000010101001111011111011011,1,1,0,0.39,0.5632184147834778,6,2
9,2,13,11,101000010101001111011111011011,1,1,0,0.5,0.2142857164144516,10,7
9,2,13,14,101000010101001111011111011011,1,1,0,0.33,0.5789473652839661,10,6
9,2,13,15,101000010101001111011111011011,1,1,0,0.3,0.6000000238418579,10,5
9,2,13,16,101000010101001111011111011011,1,1,0,0.44,0.7105262875556946,7,3
9,2,13,17,101000010101001111011111011011,1,1,0,0.33,0.5,10,4
9,2,13,19,101000010101001111011111011011,1,1,0,0.45,0.30069929361343384,8,6
9,2,13,20,101000010101001111011111011011,1,1,0,0.64,0.44117647409439087,9,5
9,2,13,21,101000010101001111011111011011,1,1,0,0.34,0.7932960987091064,10,7
9,2,13,22,101000010101001111011111011011,1,1,0,0.24,0.5,10,3
9,2,13,23,101000010101001111011111011011,1,1,0,0.49,0.49180328845977783,8,4
9,2,13,25,101000010101001111011111011011,1,1,0,0.4,0.1568627506494522,10,5
9,2,13,26,101000010101001111011111011011,1,1,0,0.29,0.21052631735801697,9,5
9,2,13,28,101000010101001111011111011011,1,1,0,0.35,0.8965517282485962,10,4
9,2,13,29,101000010101001111011111011011,1,1,0,0.27,0.5952380895614624,7,3
9,2,14,2,001110010001001111000011011010,1,1,0,0.21,0.5040650367736816,9,6
9,2,14,3,001110010001001111000011011010,1,1,0,0.38,0.7272727489471436,10,7
9,2,14,4,001110010001001111000011011010,1,1,0,0.17,0.3055555522441864,10,5
9,2,14,7,001110010001001111000011011010,1,1,0,0.16,0.2786885201931,9,3
9,2,14,11,001110010001001111000011011010,1,1,0,0.5,0.2142857164144516,10,7
9,2,14,14,001110010001001111000011011010,1,1,0,0.33,0.5789473652839661,10,6
9,2,14,15,001110010001001111000011011010,1,1,0,0.3,0.6000000238418579,10,5
9,2,14,16,001110010001001111000011011010,1,1,0,0.44,0.7105262875556946,7,3
9,2,14,17,001110010001001111000011011010,1,1,0,0.33,0.5,10,4
9,2,14,22,001110010001001111000011011010,1,1,0,0.24,0.5,10,3
9,2,14,23,001110010001001111000011011010,1,1,0,0.49,0.49180328845977783,8,4
9,2,14,25,001110010001001111000011011010,1,1,0,0.4,0.1568627506494522,10,5
9,2,14,26,001110010001001111000011011010,1,1,0,0.29,0.21052631735801697,9,5
9,2,14,28,001110010001001111000011011010,1,1,0,0.35,0.8965517282485962,10,4
9,2,15,0,110101111100010101101001001011,1,1,0,0.4,0.6818181872367859,10,2
9,2,15,1,110101111100010101101001001011,1,1,0,0.45,0.49494948983192444,9,7
9,2,15,3,110101111100010101101001001011,1,1,0,0.38,0.7272727489471436,10,7
9,2,15,5,110101111100010101101001001011,1,1,0,0.45,0.7083333134651184,9,7
9,2,15,6,110101111100010101101001001011,1,1,0,0.39,0.739130437374115,10,4
9,2,15,7,110101111100010101101001001011,1,1,0,0.16,0.2786885201931,9,3
9,2,15,8,110101111100010101101001001011,1,1,0,0.46,0.8518518805503845,10,7
9,2,15,9,110101111100010101101001001011,1,1,0,0.39,0.5632184147834778,6,2
9,2,15,13,110101111100010101101001001011,1,1,0,0.72,0.9512194991111755,7,3
9,2,15,15,110101111100010101101001001011,1,1,0,0.3,0.6000000238418579,10,5
9,2,15,17,110101111100010101101001001011,1,1,0,0.33,0.5,10,4
9,2,15,18,110101111100010101101001001011,1,1,0,0.37,0.6785714030265808,10,6
9,2,15,20,110101111100010101101001001011,1,1,0,0.64,0.44117647409439087,9,5
9,2,15,23,110101111100010101101001001011,1,1,0,0.49,0.49180328845977783,8,4
9,2,15,26,110101111100010101101001001011,1,1,0,0.29,0.21052631735801697,9,5
9,2,15,28,110101111100010101101001001011,1,1,0,0.35,0.8965517282485962,10,4
9,2,15,29,110101111100010101101001001011,1,1,0,0.27,0.5952380895614624,7,3
9,2,16,0,101110010001001111000010011011,1,1,0,0.4,0.6818181872367859,10,2
9,2,16,2,101110010001001111000010011011,1,1,0,0.21,0.5040650367736816,9,6
9,2,16,3,101110010001001111000010011011,1,1,0,0.38,0.7272727489471436,10,7
9,2,16,4,101110010001001111000010011011,1,1,0,0.17,0.3055555522441864,10,5
9,2,16,7,101110010001001111000010011011,1,1,0,0.16,0.2786885201931,9,3
9,2,16,11,101110010001001111000010011011,1,1,0,0.5,0.2142857164144516,10,7
9,2,16,14,101110010001001111000010011011,1,1,0,0.33,0.5789473652839661,10,6
9,2,16,15,101110010001001111000010011011,1,1,0,0.3,0.6000000238418579,10,5
9,2,16,16,101110010001001111000010011011,1,1,0,0.44,0.7105262875556946,7,3
9,2,16,17,101110010001001111000010011011,1,1,0,0.33,0.5,10,4
9,2,16,22,101110010001001111000010011011,1,1,0,0.24,0.5,10,3
9,2,16,25,101110010001001111000010011011,1,1,0,0.4,0.1568627506494522,10,5
9,2,16,26,101110010001001111000010011011,1,1,0,0.29,0.21052631735801697,9,5
9,2,16,28,101110010001001111000010011011,1,1,0,0.35,0.8965517282485962,10,4
9,2,16,29,101110010001001111000010011011,1,1,0,0.27,0.5952380895614624,7,3
9,2,17,0,111011110101110011110011110100,1,1,0,0.4,0.6818181872367859,10,2
9,2,17,1,111011110101110011110011110100,1,1,0,0.45,0.49494948983192444,9,7
9,2,17,2,111011110101110011110011110100,1,1,0,0.21,0.5040650367736816,9,6
9,2,17,4,111011110101110011110011110100,1,1,0,0.17,0.3055555522441864,10,5
9,2,17,5,111011110101110011110011110100,1,1,0,0.45,0.7083333134651184,9,7
9,2,17,6,111011110101110011110011110100,1,1,0,0.39,0.739130437374115,10,4
9,2,17,7,111011110101110011110011110100,1,1,0,0.16,0.2786885201931,9,3
9,2,17,9,111011110101110011110011110100,1,1,0,0.39,0.5632184147834778,6,2
9,2,17,11,111011110101110011110011110100,1,1,0,0.5,0.2142857164144516,10,7
9,2,17,12,111011110101110011110011110100,1,1,0,0.5,0.5964912176132202,8,7
9,2,17,13,111011110101110011110011110100,1,1,0,0.72,0.9512194991111755,7,3
9,2,17,16,111011110101110011110011110100,1,1,0,0.44,0.7105262875556946,7,3
9,2,17,17,111011110101110011110011110100,1,1,0,0.33,0.5,10,4
9,2,17,18,111011110101110011110011110100,1,1,0,0.37,0.6785714030265808,10,6
9,2,17,19,111011110101110011110011110100,1,1,0,0.45,0.30069929361343384,8,6
9,2,17,22,111011110101110011110011110100,1,1,0,0.24,0.5,10,3
9,2,17,23,111011110101110011110011110100,1,1,0,0.49,0.49180328845977783,8,4
9,2,17,24,111011110101110011110011110100,1,1,0,0.36,0.8103448152542114,5,2
9,2,17,25,111011110101110011110011110100,1,1,0,0.4,0.1568627506494522,10,5
9,2,17,27,111011110101110011110011110100,1,1,0,0.59,0.695652186870575,10,6
9,2,18,0,110010101101011111011111011000,1,1,0,0.4,0.6818181872367859,10,2
9,2,18,1,110010101101011111011111011000,1,1,0,0.45,0.49494948983192444,9,7
9,2,18,4,110010101101011111011111011000,1,1,0,0.17,0.3055555522441864,10,5
9,2,18,6,110010101101011111011111011000,1,1,0,0.39,0.739130437374115,10,4
9,2,18,8,110010101101011111011111011000,1,1,0,0.46,0.8518518805503845,10,7
9,2,18,9,110010101101011111011111011000,1,1,0,0.39,0.5632184147834778,6,2
9,2,18,11,110010101101011111011111011000,1,1,0,0.5,0.2142857164144516,10,7
9,2,18,13,110010101101011111011111011000,1,1,0,0.72,0.9512194991111755,7,3
9,2,18,14,110010101101011111011111011000,1,1,0,0.33,0.5789473652839661,10,6
9,2,18,15,110010101101011111011111011000,1,1,0,0.3,0.6000000238418579,10,5
9,2,18,16,110010101101011111011111011000,1,1,0,0.44,0.7105262875556946,7,3
9,2,18,17,110010101101011111011111011000,1,1,0,0.33,0.5,10,4
9,2,18,19,110010101101011111011111011000,1,1,0,0.45,0.30069929361343384,8,6
9,2,18,20,110010101101011111011111011000,1,1,0,0.64,0.44117647409439087,9,5
9,2,18,21,110010101101011111011111011000,1,1,0,0.34,0.7932960987091064,10,7
9,2,18,22,110010101101011111011111011000,1,1,0,0.24,0.5,10,3
9,2,18,23,110010101101011111011111011000,1,1,0,0.49,0.49180328845977783,8,4
9,2,18,25,110010101101011111011111011000,1,1,0,0.4,0.1568627506494522,10,5
9,2,18,26,110010101101011111011111011000,1,1,0,0.29,0.21052631735801697,9,5
9,2,19,0,111101000110110000111000100101,1,1,0,0.4,0.6818181872367859,10,2
9,2,19,1,111101000110110000111000100101,1,1,0,0.45,0.49494948983192444,9,7
9,2,19,2,111101000110110000111000100101,1,1,0,0.21,0.5040650367736816,9,6
9,2,19,3,111101000110110000111000100101,1,1,0,0.38,0.7272727489471436,10,7
9,2,19,5,111101000110110000111000100101,1,1,0,0.45,0.7083333134651184,9,7
9,2,19,9,111101000110110000111000100101,1,1,0,0.39,0.5632184147834778,6,2
9,2,19,10,111101000110110000111000100101,1,1,0,0.47,0.8181818127632141,7,3
9,2,19,12,111101000110110000111000100101,1,1,0,0.5,0.5964912176132202,8,7
9,2,19,13,111101000110110000111000100101,1,1,0,0.72,0.9512194991111755,7,3
9,2,19,18,111101000110110000111000100101,1,1,0,0.37,0.6785714030265808,10,6
9,2,19,19,111101000110110000111000100101,1,1,0,0.45,0.30069929361343384,8,6
9,2,19,20,111101000110110000111000100101,1,1,0,0.64,0.44117647409439087,9,5
9,2,19,24,111101000110110000111000100101,1,1,0,0.36,0.8103448152542114,5,2
9,2,19,27,111101000110110000111000100101,1,1,0,0.59,0.695652186870575,10,6
9,2,19,29,111101000110110000111000100101,1,1,0,0.27,0.5952380895614624,7,3
9,2,20,0,110011000111110000011101100101,1,1,0,0.4,0.6818181872367859,10,2
9,2,20,1,110011000111110000011101100101,1,1,0,0.45,0.49494948983192444,9,7
9,2,20,4,110011000111110000011101100101,1,1,0,0.17,0.3055555522441864,10,5
9,2,20,5,110011000111110000011101100101,1,1,0,0.45,0.7083333134651184,9,7
9,2,20,9,110011000111110000011101100101,1,1,0,0.39,0.5632184147834778,6,2
9,2,20,10,110011000111110000011101100101,1,1,0,0.47,0.8181818127632141,7,3
9,2,20,11,110011000111110000011101100101,1,1,0,0.5,0.2142857164144516,10,7
9,2,20,12,110011000111110000011101100101,1,1,0,0.5,0.5964912176132202,8,7
9,2,20,13,110011000111110000011101100101,1,1,0,0.72,0.9512194991111755,7,3
9,2,20,19,110011000111110000011101100101,1,1,0,0.45,0.30069929361343384,8,6
9,2,20,20,110011000111110000011101100101,1,1,0,0.64,0.44117647409439087,9,5
9,2,20,21,110011000111110000011101100101,1,1,0,0.34,0.7932960987091064,10,7
9,2,20,23,110011000111110000011101100101,1,1,0,0.49,0.49180328845977783,8,4
9,2,20,24,110011000111110000011101100101,1,1,0,0.36,0.8103448152542114,5,2
9,2,20,27,110011000111110000011101100101,1,1,0,0.59,0.695652186870575,10,6
9,2,20,29,110011000111110000011101100101,1,1,0,0.27,0.5952380895614624,7,3
9,2,21,1,010111110101111101100001010010,1,1,0,0.45,0.49494948983192444,9,7
9,2,21,3,010111110101111101100001010010,1,1,0,0.38,0.7272727489471436,10,7
9,2,21,4,010111110101111101100001010010,1,1,0,0.17,0.3055555522441864,10,5
9,2,21,5,010111110101111101100001010010,1,1,0,0.45,0.7083333134651184,9,7
9,2,21,6,010111110101111101100001010010,1,1,0,0.39,0.739130437374115,10,4
9,2,21,7,010111110101111101100001010010,1,1,0,0.16,0.2786885201931,9,3
9,2,21,9,010111110101111101100001010010,1,1,0,0.39,0.5632184147834778,6,2
9,2,21,11,010111110101111101100001010010,1,1,0,0.5,0.2142857164144516,10,7
9,2,21,12,010111110101111101100001010010,1,1,0,0.5,0.5964912176132202,8,7
9,2,21,13,010111110101111101100001010010,1,1,0,0.72,0.9512194991111755,7,3
9,2,21,14,010111110101111101100001010010,1,1,0,0.33,0.5789473652839661,10,6
9,2,21,15,010111110101111101100001010010,1,1,0,0.3,0.6000000238418579,10,5
9,2,21,17,010111110101111101100001010010,1,1,0,0.33,0.5,10,4
9,2,21,18,010111110101111101100001010010,1,1,0,0.37,0.6785714030265808,10,6
9,2,21,23,010111110101111101100001010010,1,1,0,0.49,0.49180328845977783,8,4
9,2,21,25,010111110101111101100001010010,1,1,0,0.4,0.1568627506494522,10,5
9,2,21,28,010111110101111101100001010010,1,1,0,0.35,0.8965517282485962,10,4
9,2,22,0,110011011001000010011010000101,1,1,0,0.4,0.6818181872367859,10,2
9,2,22,1,110011011001000010011010000101,1,1,0,0.45,0.49494948983192444,9,7
9,2,22,4,110011011001000010011010000101,1,1,0,0.17,0.3055555522441864,10,5
9,2,22,5,110011011001000010011010000101,1,1,0,0.45,0.7083333134651184,9,7
9,2,22,7,110011011001000010011010000101,1,1,0,0.16,0.2786885201931,9,3
9,2,22,8,110011011001000010011010000101,1,1,0,0.46,0.8518518805503845,10,7
9,2,22,11,110011011001000010011010000101,1,1,0,0.5,0.2142857164144516,10,7
9,2,22,16,110011011001000010011010000101,1,1,0,0.44,0.7105262875556946,7,3
9,2,22,19,110011011001000010011010000101,1,1,0,0.45,0.30069929361343384,8,6
9,2,22,20,110011011001000010011010000101,1,1,0,0.64,0.44117647409439087,9,5
9,2,22,22,110011011001000010011010000101,1,1,0,0.24,0.5,10,3
9,2,22,27,110011011001000010011010000101,1,1,0,0.59,0.695652186870575,10,6
9,2,22,29,110011011001000010011010000101,1,1,0,0.27,0.5952380895614624,7,3
9,2,23,0,111010110101010011111011100000,1,1,0,0.4,0.6818181872367859,10,2
9,2,23,1,111010110101010011111011100000,1,1,0,0.45,0.49494948983192444,9,7
9,2,23,2,111010110101010011111011100000,1,1,0,0.21,0.5040650367736816,9,6
9,2,23,4,111010110101010011111011100000,1,1,0,0.17,0.3055555522441864,10,5
9,2,23,6,111010110101010011111011100000,1,1,0,0.39,0.739130437374115,10,4
9,2,23,7,111010110101010011111011100000,1,1,0,0.16,0.2786885201931,9,3
9,2,23,9,111010110101010011111011100000,1,1,0,0.39,0.5632184147834778,6,2
9,2,23,11,111010110101010011111011100000,1,1,0,0.5,0.2142857164144516,10,7
9,2,23,13,111010110101010011111011100000,1,1,0,0.72,0.9512194991111755,7,3
9,2,23,16,111010110101010011111011100000,1,1,0,0.44,0.7105262875556946,7,3
9,2,23,17,111010110101010011111011100000,1,1,0,0.33,0.5,10,4
9,2,23,18,111010110101010011111011100000,1,1,0,0.37,0.6785714030265808,10,6
9,2,23,19,111010110101010011111011100000,1,1,0,0.45,0.30069929361343384,8,6
9,2,23,20,111010110101010011111011100000,1,1,0,0.64,0.44117647409439087,9,5
9,2,23,22,111010110101010011111011100000,1,1,0,0.24,0.5,10,3
9,2,23,23,111010110101010011111011100000,1,1,0,0.49,0.49180328845977783,8,4
9,2,23,24,111010110101010011111011100000,1,1,0,0.36,0.8103448152542114,5,2
9,3,0,3,000110110101110011010101111001,1,1,0,0.38,0.7272727489471436,10,7
9,3,0,4,000110110101110011010101111001,1,1,0,0.17,0.3055555522441864,10,5
9,3,0,6,000110110101110011010101111001,1,1,0,0.39,0.739130437374115,10,4
9,3,0,7,000110110101110011010101111001,1,1,0,0.16,0.2786885201931,9,3
9,3,0,9,000110110101110011010101111001,1,1,0,0.39,0.5632184147834778,6,2
9,3,0,11,000110110101110011010101111001,1,1,0,0.5,0.2142857164144516,10,7
9,3,0,12,000110110101110011010101111001,1,1,0,0.5,0.5964912176132202,8,7
9,3,0,13,000110110101110011010101111001,1,1,0,0.72,0.9512194991111755,7,3
9,3,0,16,000110110101110011010101111001,1,1,0,0.44,0.7105262875556946,7,3
9,3,0,17,000110110101110011010101111001,1,1,0,0.33,0.5,10,4
9,3,0,19,000110110101110011010101111001,1,1,0,0.45,0.30069929361343384,8,6
9,3,0,21,000110110101110011010101111001,1,1,0,0.34,0.7932960987091064,10,7
9,3,0,23,000110110101110011010101111001,1,1,0,0.49,0.49180328845977783,8,4
9,3,0,24,000110110101110011010101111001,1,1,0,0.36,0.8103448152542114,5,2
9,3,0,25,000110110101110011010101111001,1,1,0,0.4,0.1568627506494522,10,5
9,3,0,26,000110110101110011010101111001,1,1,0,0.29,0.21052631735801697,9,5
9,3,0,29,000110110101110011010101111001,1,1,0,0.27,0.5952380895614624,7,3
9,3,1,2,001111101111111000110101000110,1,1,0,0.21,0.5040650367736816,9,6
9,3,1,3,001111101111111000110101000110,1,1,0,0.38,0.7272727489471436,10,7
9,3,1,4,001111101111111000110101000110,1,1,0,0.17,0.3055555522441864,10,5
9,3,1,5,001111101111111000110101000110,1,1,0,0.45,0.7083333134651184,9,7
9,3,1,6,001111101111111000110101000110,1,1,0,0.39,0.739130437374115,10,4
9,3,1,8,001111101111111000110101000110,1,1,0,0.46,0.8518518805503845,10,7
9,3,1,9,001111101111111000110101000110,1,1,0,0.39,0.5632184147834778,6,2
9,3,1,10,001111101111111000110101000110,1,1,0,0.47,0.8181818127632141,7,3
9,3,1,11,001111101111111000110101000110,1,1,0,0.5,0.2142857164144516,10,7
9,3,1,12,001111101111111000110101000110,1,1,0,0.5,0.5964912176132202,8,7
9,3,1,13,001111101111111000110101000110,1,1,0,0.72,0.9512194991111755,7,3
9,3,1,14,001111101111111000110101000110,1,1,0,0.33,0.5789473652839661,10,6
9,3,1,18,001111101111111000110101000110,1,1,0,0.37,0.6785714030265808,10,6
9,3,1,19,001111101111111000110101000110,1,1,0,0.45,0.30069929361343384,8,6
9,3,1,21,001111101111111000110101000110,1,1,0,0.34,0.7932960987091064,10,7
9,3,1,23,001111101111111000110101000110,1,1,0,0.49,0.49180328845977783,8,4
9,3,1,27,001111101111111000110101000110,1,1,0,0.59,0.695652186870575,10,6
9,3,1,28,001111101111111000110101000110,1,1,0,0.35,0.8965517282485962,10,4
9,3,2,0,101010111011100101110001111110,1,1,0,0.4,0.6818181872367859,10,2
9,3,2,2,101010111011100101110001111110,1,1,0,0.21,0.5040650367736816,9,6
9,3,2,4,101010111011100101110001111110,1,1,0,0.17,0.3055555522441864,10,5
9,3,2,6,101010111011100101110001111110,1,1,0,0.39,0.739130437374115,10,4
9,3,2,7,101010111011100101110001111110,1,1,0,0.16,0.2786885201931,9,3
9,3,2,8,101010111011100101110001111110,1,1,0,0.46,0.8518518805503845,10,7
9,3,2,10,101010111011100101110001111110,1,1,0,0.47,0.8181818127632141,7,3
9,3,2,11,101010111011100101110001111110,1,1,0,0.5,0.2142857164144516,10,7
9,3,2,12,101010111011100101110001111110,1,1,0,0.5,0.5964912176132202,8,7
9,3,2,15,101010111011100101110001111110,1,1,0,0.3,0.6000000238418579,10,5
9,3,2,17,101010111011100101110001111110,1,1,0,0.33,0.5,10,4
9,3,2,18,101010111011100101110001111110,1,1,0,0.37,0.6785714030265808,10,6
9,3,2,19,101010111011100101110001111110,1,1,0,0.45,0.30069929361343384,8,6
9,3,2,23,101010111011100101110001111110,1,1,0,0.49,0.49180328845977783,8,4
9,3,2,24,101010111011100101110001111110,1,1,0,0.36,0.8103448152542114,5,2
9,3,2,25,101010111011100101110001111110,1,1,0,0.4,0.1568627506494522,10,5
9,3,2,26,101010111011100101110001111110,1,1,0,0.29,0.21052631735801697,9,5
9,3,2,27,101010111011100101110001111110,1,1,0,0.59,0.695652186870575,10,6
9,3,2,28,101010111011100101110001111110,1,1,0,0.35,0.8965517282485962,10,4
9,3,3,0,111000011111110110011011111110,1,1,0,0.4,0.6818181872367859,10,2
9,3,3,1,111000011111110110011011111110,1,1,0,0.45,0.49494948983192444,9,7
9,3,3,2,111000011111110110011011111110,1,1,0,0.21,0.5040650367736816,9,6
9,3,3,7,111000011111110110011011111110,1,1,0,0.16,0.2786885201931,9,3
9,3,3,8,111000011111110110011011111110,1,1,0,0.46,0.8518518805503845,10,7
9,3,3,9,111000011111110110011011111110,1,1,0,0.39,0.5632184147834778,6,2
9,3,3,10,111000011111110110011011111110,1,1,0,0.47,0.8181818127632141,7,3
9,3,3,11,111000011111110110011011111110,1,1,0,0.5,0.2142857164144516,10,7
9,3,3,12,111000011111110110011011111110,1,1,0,0.5,0.5964912176132202,8,7
9,3,3,13,111000011111110110011011111110,1,1,0,0.72,0.9512194991111755,7,3
9,3,3,15,111000011111110110011011111110,1,1,0,0.3,0.6000000238418579,10,5
9,3,3,16,111000011111110110011011111110,1,1,0,0.44,0.7105262875556946,7,3
9,3,3,19,111000011111110110011011111110,1,1,0,0.45,0.30069929361343384,8,6
9,3,3,20,111000011111110110011011111110,1,1,0,0.64,0.44117647409439087,9,5
9,3,3,22,111000011111110110011011111110,1,1,0,0.24,0.5,10,3
9,3,3,23,111000011111110110011011111110,1,1,0,0.49,0.49180328845977783,8,4
9,3,3,24,111000011111110110011011111110,1,1,0,0.36,0.8103448152542114,5,2
9,3,3,25,111000011111110110011011111110,1,1,0,0.4,0.1568627506494522,10,5
9,3,3,26,111000011111110110011011111110,1,1,0,0.29,0.21052631735801697,9,5
9,3,3,27,111000011111110110011011111110,1,1,0,0.59,0.695652186870575,10,6
9,3,3,28,111000011111110110011011111110,1,1,0,0.35,0.8965517282485962,10,4
9,3,4,0,101101000110110000111000100101,1,1,0,0.4,0.6818181872367859,10,2
9,3,4,2,101101000110110000111000100101,1,1,0,0.21,0.5040650367736816,9,6
9,3,4,3,101101000110110000111000100101,1,1,0,0.38,0.7272727489471436,10,7
9,3,4,5,101101000110110000111000100101,1,1,0,0.45,0.7083333134651184,9,7
9,3,4,9,101101000110110000111000100101,1,1,0,0.39,0.5632184147834778,6,2
9,3,4,10,101101000110110000111000100101,1,1,0,0.47,0.8181818127632141,7,3
9,3,4,12,101101000110110000111000100101,1,1,0,0.5,0.5964912176132202,8,7
9,3,4,13,101101000110110000111000100101,1,1,0,0.72,0.9512194991111755,7,3
9,3,4,18,101101000110110000111000100101,1,1,0,0.37,0.6785714030265808,10,6
9,3,4,19,101101000110110000111000100101,1,1,0,0.45,0.30069929361343384,8,6
9,3,4,20,101101000110110000111000100101,1,1,0,0.64,0.44117647409439087,9,5
9,3,4,24,101101000110110000111000100101,1,1,0,0.36,0.8103448152542114,5,2
9,3,4,27,101101000110110000111000100101,1,1,0,0.59,0.695652186870575,10,6
9,3,4,29,101101000110110000111000100101,1,1,0,0.27,0.5952380895614624,7,3
9,3,5,0,110011100111110000011100100101,1,1,0,0.4,0.6818181872367859,10,2
9,3,5,1,110011100111110000011100100101,1,1,0,0.45,0.49494948983192444,9,7
9,3,5,4,110011100111110000011100100101,1,1,0,0.17,0.3055555522441864,10,5
9,3,5,5,110011100111110000011100100101,1,1,0,0.45,0.7083333134651184,9,7
9,3,5,6,110011100111110000011100100101,1,1,0,0.39,0.739130437374115,10,4
9,3,5,9,110011100111110000011100100101,1,1,0,0.39,0.5632184147834778,6,2
9,3,5,10,110011100111110000011100100101,1,1,0,0.47,0.8181818127632141,7,3
9,3,5,11,110011100111110000011100100101,1,1,0,0.5,0.2142857164144516,10,7
9,3,5,12,110011100111110000011100100101,1,1,0,0.5,0.5964912176132202,8,7
9,3,5,13,110011100111110000011100100101,1,1,0,0.72,0.9512194991111755,7,3
9,3,5,19,110011100111110000011100100101,1,1,0,0.45,0.30069929361343384,8,6
9,3,5,20,110011100111110000011100100101,1,1,0,0.64,0.44117647409439087,9,5
9,3,5,21,110011100111110000011100100101,1,1,0,0.34,0.7932960987091064,10,7
9,3,5,24,110011100111110000011100100101,1,1,0,0.36,0.8103448152542114,5,2
9,3,5,27,110011100111110000011100100101,1,1,0,0.59,0.695652186870575,10,6
9,3,5,29,110011100111110000011100100101,1,1,0,0.27,0.5952380895614624,7,3
9,3,6,0,101001101111111101100001111110,1,1,0,0.4,0.6818181872367859,10,2
9,3,6,2,101001101111111101100001111110,1,1,0,0.21,0.5040650367736816,9,6
9,3,6,5,101001101111111101100001111110,1,1,0,0.45,0.7083333134651184,9,7
9,3,6,6,101001101111111101100001111110,1,1,0,0.39,0.739130437374115,10,4
9,3,6,8,101001101111111101100001111110,1,1,0,0.46,0.8518518805503845,10,7
9,3,6,9,101001101111111101100001111110,1,1,0,0.39,0.5632184147834778,6,2
9,3,6,10,101001101111111101100001111110,1,1,0,0.47,0.8181818127632141,7,3
9,3,6,11,101001101111111101100001111110,1,1,0,0.5,0.2142857164144516,10,7
9,3,6,12,101001101111111101100001111110,1,1,0,0.5,0.5964912176132202,8,7
9,3,6,13,101001101111111101100001111110,1,1,0,0.72,0.9512194991111755,7,3
9,3,6,14,101001101111111101100001111110,1,1,0,0.33,0.5789473652839661,10,6
9,3,6,15,101001101111111101100001111110,1,1,0,0.3,0.6000000238418579,10,5
9,3,6,17,101001101111111101100001111110,1,1,0,0.33,0.5,10,4
9,3,6,18,101001101111111101100001111110,1,1,0,0.37,0.6785714030265808,10,6
9,3,6,23,101001101111111101100001111110,1,1,0,0.49,0.49180328845977783,8,4
9,3,6,24,101001101111111101100001111110,1,1,0,0.36,0.8103448152542114,5,2
9,3,6,25,101001101111111101100001111110,1,1,0,0.4,0.1568627506494522,10,5
9,3,6,26,101001101111111101100001111110,1,1,0,0.29,0.21052631735801697,9,5
9,3,6,27,101001101111111101100001111110,1,1,0,0.59,0.695652186870575,10,6
9,3,6,28,101001101111111101100001111110,1,1,0,0.35,0.8965517282485962,10,4
9,3,7,1,010011001001000000001010000100,1,1,0,0.45,0.49494948983192444,9,7
9,3,7,4,010011001001000000001010000100,1,1,0,0.17,0.3055555522441864,10,5
9,3,7,5,010011001001000000001010000100,1,1,0,0.45,0.7083333134651184,9,7
9,3,7,8,010011001001000000001010000100,1,1,0,0.46,0.8518518805503845,10,7
9,3,7,11,010011001001000000001010000100,1,1,0,0.5,0.2142857164144516,10,7
9,3,7,20,010011001001000000001010000100,1,1,0,0.64,0.44117647409439087,9,5
9,3,7,22,010011001001000000001010000100,1,1,0,0.24,0.5,10,3
9,3,7,27,010011001001000000001010000100,1,1,0,0.59,0.695652186870575,10,6
9,3,8,1,010110010010110011110100011110,1,1,0,0.45,0.49494948983192444,9,7
9,3,8,3,010110010010110011110100011110,1,1,0,0.38,0.7272727489471436,10,7
9,3,8,4,010110010010110011110100011110,1,1,0,0.17,0.3055555522441864,10,5
9,3,8,7,010110010010110011110100011110,1,1,0,0.16,0.2786885201931,9,3
9,3,8,10,010110010010110011110100011110,1,1,0,0.47,0.8181818127632141,7,3
9,3,8,12,010110010010110011110100011110,1,1,0,0.5,0.5964912176132202,8,7
9,3,8,13,010110010010110011110100011110,1,1,0,0.72,0.9512194991111755,7,3
9,3,8,16,010110010010110011110100011110,1,1,0,0.44,0.7105262875556946,7,3
9,3,8,17,010110010010110011110100011110,1,1,0,0.33,0.5,10,4
9,3,8,18,010110010010110011110100011110,1,1,0,0.37,0.6785714030265808,10,6
9,3,8,19,010110010010110011110100011110,1,1,0,0.45,0.30069929361343384,8,6
9,3,8,21,010110010010110011110100011110,1,1,0,0.34,0.7932960987091064,10,7
9,3,8,25,010110010010110011110100011110,1,1,0,0.4,0.1568627506494522,10,5
9,3,8,26,010110010010110011110100011110,1,1,0,0.29,0.21052631735801697,9,5
9,3,8,27,010110010010110011110100011110,1,1,0,0.59,0.695652186870575,10,6
9,3,8,28,010110010010110011110100011110,1,1,0,0.35,0.8965517282485962,10,4
9,3,9,2,001110010001001111000011011010,1,1,0,0.21,0.5040650367736816,9,6
9,3,9,3,001110010001001111000011011010,1,1,0,0.38,0.7272727489471436,10,7
9,3,9,4,001110010001001111000011011010,1,1,0,0.17,0.3055555522441864,10,5
9,3,9,7,001110010001001111000011011010,1,1,0,0.16,0.2786885201931,9,3
9,3,9,11,001110010001001111000011011010,1,1,0,0.5,0.2142857164144516,10,7
9,3,9,14,001110010001001111000011011010,1,1,0,0.33,0.5789473652839661,10,6
9,3,9,15,001110010001001111000011011010,1,1,0,0.3,0.6000000238418579,10,5
9,3,9,16,001110010001001111000011011010,1,1,0,0.44,0.7105262875556946,7,3
9,3,9,17,001110010001001111000011011010,1,1,0,0.33,0.5,10,4
9,3,9,22,001110010001001111000011011010,1,1,0,0.24,0.5,10,3
9,3,9,23,001110010001001111000011011010,1,1,0,0.49,0.49180328845977783,8,4
9,3,9,25,001110010001001111000011011010,1,1,0,0.4,0.1568627506494522,10,5
9,3,9,26,001110010001001111000011011010,1,1,0,0.29,0.21052631735801697,9,5
9,3,9,28,001110010001001111000011011010,1,1,0,0.35,0.8965517282485962,10,4
9,3,10,0,111011110101110011110011110100,1,1,0,0.4,0.6818181872367859,10,2
9,3,10,1,111011110101110011110011110100,1,1,0,0.45,0.49494948983192444,9,7
9,3,10,2,111011110101110011110011110100,1,1,0,0.21,0.5040650367736816,9,6
9,3,10,4,111011110101110011110011110100,1,1,0,0.17,0.3055555522441864,10,5
9,3,10,5,111011110101110011110011110100,1,1,0,0.45,0.7083333134651184,9,7
9,3,10,6,111011110101110011110011110100,1,1,0,0.39,0.739130437374115,10,4
9,3,10,7,111011110101110011110011110100,1,1,0,0.16,0.2786885201931,9,3
9,3,10,9,111011110101110011110011110100,1,1,0,0.39,0.5632184147834778,6,2
9,3,10,11,111011110101110011110011110100,1,1,0,0.5,0.2142857164144516,10,7
9,3,10,12,111011110101110011110011110100,1,1,0,0.5,0.5964912176132202,8,7
9,3,10,13,111011110101110011110011110100,1,1,0,0.72,0.9512194991111755,7,3
9,3,10,16,111011110101110011110011110100,1,1,0,0.44,0.7105262875556946,7,3
9,3,10,17,111011110101110011110011110100,1,1,0,0.33,0.5,10,4
9,3,10,18,111011110101110011110011110100,1,1,0,0.37,0.6785714030265808,10,6
9,3,10,19,111011110101110011110011110100,1,1,0,0.45,0.30069929361343384,8,6
9,3,10,22,111011110101110011110011110100,1,1,0,0.24,0.5,10,3
9,3,10,23,111011110101110011110011110100,1,1,0,0.49,0.49180328845977783,8,4
9,3,10,24,111011110101110011110011110100,1,1,0,0.36,0.8103448152542114,5,2
9,3,10,25,111011110101110011110011110100,1,1,0,0.4,0.1568627506494522,10,5
9,3,10,27,111011110101110011110011110100,1,1,0,0.59,0.695652186870575,10,6
9,3,11,0,110010101101011111011111011000,1,1,0,0.4,0.6818181872367859,10,2
9,3,11,1,110010101101011111011111011000,1,1,0,0.45,0.49494948983192444,9,7
9,3,11,4,110010101101011111011111011000,1,1,0,0.17,0.3055555522441864,10,5
9,3,11,6,110010101101011111011111011000,1,1,0,0.39,0.739130437374115,10,4
9,3,11,8,110010101101011111011111011000,1,1,0,0.46,0.8518518805503845,10,7
9,3,11,9,110010101101011111011111011000,1,1,0,0.39,0.5632184147834778,6,2
9,3,11,11,110010101101011111011111011000,1,1,0,0.5,0.2142857164144516,10,7
9,3,11,13,110010101101011111011111011000,1,1,0,0.72,0.9512194991111755,7,3
9,3,11,14,110010101101011111011111011000,1,1,0,0.33,0.5789473652839661,10,6
9,3,11,15,110010101101011111011111011000,1,1,0,0.3,0.6000000238418579,10,5
9,3,11,16,110010101101011111011111011000,1,1,0,0.44,0.7105262875556946,7,3
9,3,11,17,110010101101011111011111011000,1,1,0,0.33,0.5,10,4
9,3,11,19,110010101101011111011111011000,1,1,0,0.45,0.30069929361343384,8,6
9,3,11,20,110010101101011111011111011000,1,1,0,0.64,0.44117647409439087,9,5
9,3,11,21,110010101101011111011111011000,1,1,0,0.34,0.7932960987091064,10,7
9,3,11,22,110010101101011111011111011000,1,1,0,0.24,0.5,10,3
9,3,11,23,110010101101011111011111011000,1,1,0,0.49,0.49180328845977783,8,4
9,3,11,25,110010101101011111011111011000,1,1,0,0.4,0.1568627506494522,10,5
9,3,11,26,110010101101011111011111011000,1,1,0,0.29,0.21052631735801697,9,5
9,3,12,0,111101000110110000111000100101,1,1,0,0.4,0.6818181872367859,10,2
9,3,12,1,111101000110110000111000100101,1,1,0,0.45,0.49494948983192444,9,7
9,3,12,2,111101000110110000111000100101,1,1,0,0.21,0.5040650367736816,9,6
9,3,12,3,111101000110110000111000100101,1,1,0,0.38,0.7272727489471436,10,7
9,3,12,5,111101000110110000111000100101,1,1,0,0.45,0.7083333134651184,9,7
9,3,12,9,111101000110110000111000100101,1,1,0,0.39,0.5632184147834778,6,2
9,3,12,10,111101000110110000111000100101,1,1,0,0.47,0.8181818127632141,7,3
9,3,12,12,111101000110110000111000100101,1,1,0,0.5,0.5964912176132202,8,7
9,3,12,13,111101000110110000111000100101,1,1,0,0.72,0.9512194991111755,7,3
9,3,12,18,111101000110110000111000100101,1,1,0,0.37,0.6785714030265808,10,6
9,3,12,19,111101000110110000111000100101,1,1,0,0.45,0.30069929361343384,8,6
9,3,12,20,111101000110110000111000100101,1,1,0,0.64,0.44117647409439087,9,5
9,3,12,24,111101000110110000111000100101,1,1,0,0.36,0.8103448152542114,5,2
9,3,12,27,111101000110110000111000100101,1,1,0,0.59,0.695652186870575,10,6
9,3,12,29,111101000110110000111000100101,1,1,0,0.27,0.5952380895614624,7,3
9,3,13,0,110011000111110000011101100101,1,1,0,0.4,0.6818181872367859,10,2
9,3,13,1,110011000111110000011101100101,1,1,0,0.45,0.49494948983192444,9,7
9,3,13,4,110011000111110000011101100101,1,1,0,0.17,0.3055555522441864,10,5
9,3,13,5,110011000111110000011101100101,1,1,0,0.45,0.7083333134651184,9,7
9,3,13,9,110011000111110000011101100101,1,1,0,0.39,0.5632184147834778,6,2
9,3,13,10,110011000111110000011101100101,1,1,0,0.47,0.8181818127632141,7,3
9,3,13,11,110011000111110000011101100101,1,1,0,0.5,0.2142857164144516,10,7
9,3,13,12,110011000111110000011101100101,1,1,0,0.5,0.5964912176132202,8,7
9,3,13,13,110011000111110000011101100101,1,1,0,0.72,0.9512194991111755,7,3
9,3,13,19,110011000111110000011101100101,1,1,0,0.45,0.30069929361343384,8,6
9,3,13,20,110011000111110000011101100101,1,1,0,0.64,0.44117647409439087,9,5
9,3,13,21,110011000111110000011101100101,1,1,0,0.34,0.7932960987091064,10,7
9,3,13,23,110011000111110000011101100101,1,1,0,0.49,0.49180328845977783,8,4
9,3,13,24,110011000111110000011101100101,1,1,0,0.36,0.8103448152542114,5,2
9,3,13,27,110011000111110000011101100101,1,1,0,0.59,0.695652186870575,10,6
9,3,13,29,110011000111110000011101100101,1,1,0,0.27,0.5952380895614624,7,3
9,3,14,0,110011011001000010011010000101,1,1,0,0.4,0.6818181872367859,10,2
9,3,14,1,110011011001000010011010000101,1,1,0,0.45,0.49494948983192444,9,7
9,3,14,4,110011011001000010011010000101,1,1,0,0.17,0.3055555522441864,10,5
9,3,14,5,110011011001000010011010000101,1,1,0,0.45,0.7083333134651184,9,7
9,3,14,7,110011011001000010011010000101,1,1,0,0.16,0.2786885201931,9,3
9,3,14,8,110011011001000010011010000101,1,1,0,0.46,0.8518518805503845,10,7
9,3,14,11,110011011001000010011010000101,1,1,0,0.5,0.2142857164144516,10,7
9,3,14,16,110011011001000010011010000101,1,1,0,0.44,0.7105262875556946,7,3
9,3,14,19,110011011001000010011010000101,1,1,0,0.45,0.30069929361343384,8,6
9,3,14,20,110011011001000010011010000101,1,1,0,0.64,0.44117647409439087,9,5
9,3,14,22,110011011001000010011010000101,1,1,0,0.24,0.5,10,3
9,3,14,27,110011011001000010011010000101,1,1,0,0.59,0.695652186870575,10,6
9,3,14,29,110011011001000010011010000101,1,1,0,0.27,0.5952380895614624,7,3
9,3,15,0,111111110001110000011111011010,1,1,0,0.4,0.6818181872367859,10,2
9,3,15,1,111111110001110000011111011010,1,1,0,0.45,0.49494948983192444,9,7
9,3,15,2,111111110001110000011111011010,1,1,0,0.21,0.5040650367736816,9,6
9,3,15,3,111111110001110000011111011010,1,1,0,0.38,0.7272727489471436,10,7
9,3,15,4,111111110001110000011111011010,1,1,0,0.17,0.3055555522441864,10,5
9,3,15,5,111111110001110000011111011010,1,1,0,0.45,0.7083333134651184,9,7
9,3,15,6,111111110001110000011111011010,1,1,0,0.39,0.739130437374115,10,4
9,3,15,7,111111110001110000011111011010,1,1,0,0.16,0.2786885201931,9,3
9,3,15,11,111111110001110000011111011010,1,1,0,0.5,0.2142857164144516,10,7
9,3,15,12,111111110001110000011111011010,1,1,0,0.5,0.5964912176132202,8,7
9,3,15,13,111111110001110000011111011010,1,1,0,0.72,0.9512194991111755,7,3
9,3,15,19,111111110001110000011111011010,1,1,0,0.45,0.30069929361343384,8,6
9,3,15,20,111111110001110000011111011010,1,1,0,0.64,0.44117647409439087,9,5
9,3,15,21,111111110001110000011111011010,1,1,0,0.34,0.7932960987091064,10,7
9,3,15,22,111111110001110000011111011010,1,1,0,0.24,0.5,10,3
9,3,15,23,111111110001110000011111011010,1,1,0,0.49,0.49180328845977783,8,4
9,3,15,25,111111110001110000011111011010,1,1,0,0.4,0.1568627506494522,10,5
9,3,15,26,111111110001110000011111011010,1,1,0,0.29,0.21052631735801697,9,5
9,3,15,28,111111110001110000011111011010,1,1,0,0.35,0.8965517282485962,10,4
9,3,16,0,100111101111111000110101001110,1,1,0,0.4,0.6818181872367859,10,2
9,3,16,3,100111101111111000110101001110,1,1,0,0.38,0.7272727489471436,10,7
9,3,16,4,100111101111111000110101001110,1,1,0,0.17,0.3055555522441864,10,5
9,3,16,5,100111101111111000110101001110,1,1,0,0.45,0.7083333134651184,9,7
9,3,16,6,100111101111111000110101001110,1,1,0,0.39,0.739130437374115,10,4
9,3,16,8,100111101111111000110101001110,1,1,0,0.46,0.8518518805503845,10,7
9,3,16,9,100111101111111000110101001110,1,1,0,0.39,0.5632184147834778,6,2
9,3,16,10,100111101111111000110101001110,1,1,0,0.47,0.8181818127632141,7,3
9,3,16,11,100111101111111000110101001110,1,1,0,0.5,0.2142857164144516,10,7
9,3,16,12,100111101111111000110101001110,1,1,0,0.5,0.5964912176132202,8,7
9,3,16,13,100111101111111000110101001110,1,1,0,0.72,0.9512194991111755,7,3
9,3,16,14,100111101111111000110101001110,1,1,0,0.33,0.5789473652839661,10,6
9,3,16,18,100111101111111000110101001110,1,1,0,0.37,0.6785714030265808,10,6
9,3,16,19,100111101111111000110101001110,1,1,0,0.45,0.30069929361343384,8,6
9,3,16,21,100111101111111000110101001110,1,1,0,0.34,0.7932960987091064,10,7
9,3,16,23,100111101111111000110101001110,1,1,0,0.49,0.49180328845977783,8,4
9,3,16,26,100111101111111000110101001110,1,1,0,0.29,0.21052631735801697,9,5
9,3,16,27,100111101111111000110101001110,1,1,0,0.59,0.695652186870575,10,6
9,3,16,28,100111101111111000110101001110,1,1,0,0.35,0.8965517282485962,10,4
9,3,17,0,101010010011100101110001111100,1,1,0,0.4,0.6818181872367859,10,2
9,3,17,2,101010010011100101110001111100,1,1,0,0.21,0.5040650367736816,9,6
9,3,17,4,101010010011100101110001111100,1,1,0,0.17,0.3055555522441864,10,5
9,3,17,7,101010010011100101110001111100,1,1,0,0.16,0.2786885201931,9,3
9,3,17,10,101010010011100101110001111100,1,1,0,0.47,0.8181818127632141,7,3
9,3,17,11,101010010011100101110001111100,1,1,0,0.5,0.2142857164144516,10,7
9,3,17,12,101010010011100101110001111100,1,1,0,0.5,0.5964912176132202,8,7
9,3,17,15,101010010011100101110001111100,1,1,0,0.3,0.6000000238418579,10,5
9,3,17,17,101010010011100101110001111100,1,1,0,0.33,0.5,10,4
9,3,17,18,101010010011100101110001111100,1,1,0,0.37,0.6785714030265808,10,6
9,3,17,19,101010010011100101110001111100,1,1,0,0.45,0.30069929361343384,8,6
9,3,17,23,101010010011100101110001111100,1,1,0,0.49,0.49180328845977783,8,4
9,3,17,24,101010010011100101110001111100,1,1,0,0.36,0.8103448152542114,5,2
9,3,17,25,101010010011100101110001111100,1,1,0,0.4,0.1568627506494522,10,5
9,3,17,26,101010010011100101110001111100,1,1,0,0.29,0.21052631735801697,9,5
9,3,17,27,101010010011100101110001111100,1,1,0,0.59,0.695652186870575,10,6
9,3,18,0,111110010001011111001111011000,1,1,0,0.4,0.6818181872367859,10,2
9,3,18,1,111110010001011111001111011000,1,1,0,0.45,0.49494948983192444,9,7
9,3,18,2,111110010001011111001111011000,1,1,0,0.21,0.5040650367736816,9,6
9,3,18,3,111110010001011111001111011000,1,1,0,0.38,0.7272727489471436,10,7
9,3,18,4,111110010001011111001111011000,1,1,0,0.17,0.3055555522441864,10,5
9,3,18,7,111110010001011111001111011000,1,1,0,0.16,0.2786885201931,9,3
9,3,18,11,111110010001011111001111011000,1,1,0,0.5,0.2142857164144516,10,7
9,3,18,13,111110010001011111001111011000,1,1,0,0.72,0.9512194991111755,7,3
9,3,18,14,111110010001011111001111011000,1,1,0,0.33,0.5789473652839661,10,6
9,3,18,15,111110010001011111001111011000,1,1,0,0.3,0.6000000238418579,10,5
9,3,18,16,111110010001011111001111011000,1,1,0,0.44,0.7105262875556946,7,3
9,3,18,17,111110010001011111001111011000,1,1,0,0.33,0.5,10,4
9,3,18,20,111110010001011111001111011000,1,1,0,0.64,0.44117647409439087,9,5
9,3,18,21,111110010001011111001111011000,1,1,0,0.34,0.7932960987091064,10,7
9,3,18,22,111110010001011111001111011000,1,1,0,0.24,0.5,10,3
9,3,18,23,111110010001011111001111011000,1,1,0,0.49,0.49180328845977783,8,4
9,3,18,25,111110010001011111001111011000,1,1,0,0.4,0.1568627506494522,10,5
9,3,18,26,111110010001011111001111011000,1,1,0,0.29,0.21052631735801697,9,5
9,3,19,0,100011010001000010011010000101,1,1,0,0.4,0.6818181872367859,10,2
9,3,19,4,100011010001000010011010000101,1,1,0,0.17,0.3055555522441864,10,5
9,3,19,5,100011010001000010011010000101,1,1,0,0.45,0.7083333134651184,9,7
9,3,19,7,100011010001000010011010000101,1,1,0,0.16,0.2786885201931,9,3
9,3,19,11,100011010001000010011010000101,1,1,0,0.5,0.2142857164144516,10,7
9,3,19,16,100011010001000010011010000101,1,1,0,0.44,0.7105262875556946,7,3
9,3,19,19,100011010001000010011010000101,1,1,0,0.45,0.30069929361343384,8,6
9,3,19,20,100011010001000010011010000101,1,1,0,0.64,0.44117647409439087,9,5
9,3,19,22,100011010001000010011010000101,1,1,0,0.24,0.5,10,3
9,3,19,27,100011010001000010011010000101,1,1,0,0.59,0.695652186870575,10,6
9,3,19,29,100011010001000010011010000101,1,1,0,0.27,0.5952380895614624,7,3
9,3,20,0,111011110101110001110011110100,1,1,0,0.4,0.6818181872367859,10,2
9,3,20,1,111011110101110001110011110100,1,1,0,0.45,0.49494948983192444,9,7
9,3,20,2,111011110101110001110011110100,1,1,0,0.21,0.5040650367736816,9,6
9,3,20,4,111011110101110001110011110100,1,1,0,0.17,0.3055555522441864,10,5
9,3,20,5,111011110101110001110011110100,1,1,0,0.45,0.7083333134651184,9,7
9,3,20,6,111011110101110001110011110100,1,1,0,0.39,0.739130437374115,10,4
9,3,20,7,111011110101110001110011110100,1,1,0,0.16,0.2786885201931,9,3
9,3,20,9,111011110101110001110011110100,1,1,0,0.39,0.5632184147834778,6,2
9,3,20,11,111011110101110001110011110100,1,1,0,0.5,0.2142857164144516,10,7
9,3,20,12,111011110101110001110011110100,1,1,0,0.5,0.5964912176132202,8,7
9,3,20,13,111011110101110001110011110100,1,1,0,0.72,0.9512194991111755,7,3
9,3,20,17,111011110101110001110011110100,1,1,0,0.33,0.5,10,4
9,3,20,18,111011110101110001110011110100,1,1,0,0.37,0.6785714030265808,10,6
9,3,20,19,111011110101110001110011110100,1,1,0,0.45,0.30069929361343384,8,6
9,3,20,22,111011110101110001110011110100,1,1,0,0.24,0.5,10,3
9,3,20,23,111011110101110001110011110100,1,1,0,0.49,0.49180328845977783,8,4
9,3,20,24,111011110101110001110011110100,1,1,0,0.36,0.8103448152542114,5,2
9,3,20,25,111011110101110001110011110100,1,1,0,0.4,0.1568627506494522,10,5
9,3,20,27,111011110101110001110011110100,1,1,0,0.59,0.695652186870575,10,6
9,3,21,0,111110111111111110100000011001,1,1,0,0.4,0.6818181872367859,10,2
9,3,21,1,111110111111111110100000011001,1,1,0,0.45,0.49494948983192444,9,7
9,3,21,2,111110111111111110100000011001,1,1,0,0.21,0.5040650367736816,9,6
9,3,21,3,111110111111111110100000011001,1,1,0,0.38,0.7272727489471436,10,7
9,3,21,4,111110111111111110100000011001,1,1,0,0.17,0.3055555522441864,10,5
9,3,21,6,111110111111111110100000011001,1,1,0,0.39,0.739130437374115,10,4
9,3,21,7,111110111111111110100000011001,1,1,0,0.16,0.2786885201931,9,3
9,3,21,8,111110111111111110100000011001,1,1,0,0.46,0.8518518805503845,10,7
9,3,21,9,111110111111111110100000011001,1,1,0,0.39,0.5632184147834778,6,2
9,3,21,10,111110111111111110100000011001,1,1,0,0.47,0.8181818127632141,7,3
9,3,21,11,111110111111111110100000011001,1,1,0,0.5,0.2142857164144516,10,7
9,3,21,12,111110111111111110100000011001,1,1,0,0.5,0.5964912176132202,8,7
9,3,21,13,111110111111111110100000011001,1,1,0,0.72,0.9512194991111755,7,3
9,3,21,14,111110111111111110100000011001,1,1,0,0.33,0.5789473652839661,10,6
9,3,21,15,111110111111111110100000011001,1,1,0,0.3,0.6000000238418579,10,5
9,3,21,16,111110111111111110100000011001,1,1,0,0.44,0.7105262875556946,7,3
9,3,21,18,111110111111111110100000011001,1,1,0,0.37,0.6785714030265808,10,6
9,3,21,25,111110111111111110100000011001,1,1,0,0.4,0.1568627506494522,10,5
9,3,21,26,111110111111111110100000011001,1,1,0,0.29,0.21052631735801697,9,5
9,3,21,29,111110111111111110100000011001,1,1,0,0.27,0.5952380895614624,7,3
9,3,22,3,000111101111111000110101000110,1,1,0,0.38,0.7272727489471436,10,7
9,3,22,4,000111101111111000110101000110,1,1,0,0.17,0.3055555522441864,10,5
9,3,22,5,000111101111111000110101000110,1,1,0,0.45,0.7083333134651184,9,7
9,3,22,6,000111101111111000110101000110,1,1,0,0.39,0.739130437374115,10,4
9,3,22,8,000111101111111000110101000110,1,1,0,0.46,0.8518518805503845,10,7
9,3,22,9,000111101111111000110101000110,1,1,0,0.39,0.5632184147834778,6,2
9,3,22,10,000111101111111000110101000110,1,1,0,0.47,0.8181818127632141,7,3
9,3,22,11,000111101111111000110101000110,1,1,0,0.5,0.2142857164144516,10,7
9,3,22,12,000111101111111000110101000110,1,1,0,0.5,0.5964912176132202,8,7
9,3,22,13,000111101111111000110101000110,1,1,0,0.72,0.9512194991111755,7,3
9,3,22,14,000111101111111000110101000110,1,1,0,0.33,0.5789473652839661,10,6
9,3,22,18,000111101111111000110101000110,1,1,0,0.37,0.6785714030265808,10,6
9,3,22,19,000111101111111000110101000110,1,1,0,0.45,0.30069929361343384,8,6
9,3,22,21,000111101111111000110101000110,1,1,0,0.34,0.7932960987091064,10,7
9,3,22,23,000111101111111000110101000110,1,1,0,0.49,0.49180328845977783,8,4
9,3,22,27,000111101111111000110101000110,1,1,0,0.59,0.695652186870575,10,6
9,3,22,28,000111101111111000110101000110,1,1,0,0.35,0.8965517282485962,10,4
9,3,23,0,110110010001001111011011000101,1,1,0,0.4,0.6818181872367859,10,2
9,3,23,1,110110010001001111011011000101,1,1,0,0.45,0.49494948983192444,9,7
9,3,23,3,110110010001001111011011000101,1,1,0,0.38,0.7272727489471436,10,7
9,3,23,4,110110010001001111011011000101,1,1,0,0.17,0.3055555522441864,10,5
9,3,23,7,110110010001001111011011000101,1,1,0,0.16,0.2786885201931,9,3
9,3,23,11,110110010001001111011011000101,1,1,0,0.5,0.2142857164144516,10,7
9,3,23,14,110110010001001111011011000101,1,1,0,0.33,0.5789473652839661,10,6
9,3,23,15,110110010001001111011011000101,1,1,0,0.3,0.6000000238418579,10,5
9,3,23,16,110110010001001111011011000101,1,1,0,0.44,0.7105262875556946,7,3
9,3,23,17,110110010001001111011011000101,1,1,0,0.33,0.5,10,4
9,3,23,19,110110010001001111011011000101,1,1,0,0.45,0.30069929361343384,8,6
9,3,23,20,110110010001001111011011000101,1,1,0,0.64,0.44117647409439087,9,5
9,3,23,22,110110010001001111011011000101,1,1,0,0.24,0.5,10,3
9,3,23,23,110110010001001111011011000101,1,1,0,0.49,0.49180328845977783,8,4
9,3,23,27,110110010001001111011011000101,1,1,0,0.59,0.695652186870575,10,6
9,3,23,29,110110010001001111011011000101,1,1,0,0.27,0.5952380895614624,7,3
9,3,24,1,010011001001010010001010000100,1,1,0,0.45,0.49494948983192444,9,7
9,3,24,4,010011001001010010001010000100,1,1,0,0.17,0.3055555522441864,10,5
9,3,24,5,010011001001010010001010000100,1,1,0,0.45,0.7083333134651184,9,7
9,3,24,8,010011001001010010001010000100,1,1,0,0.46,0.8518518805503845,10,7
9,3,24,11,010011001001010010001010000100,1,1,0,0.5,0.2142857164144516,10,7
9,3,24,13,010011001001010010001010000100,1,1,0,0.72,0.9512194991111755,7,3
9,3,24,16,010011001001010010001010000100,1,1,0,0.44,0.7105262875556946,7,3
9,3,24,20,010011001001010010001010000100,1,1,0,0.64,0.44117647409439087,9,5
9,3,24,22,010011001001010010001010000100,1,1,0,0.24,0.5,10,3
9,3,24,27,010011001001010010001010000100,1,1,0,0.59,0.695652186870575,10,6
9,3,25,2,001110010001000011000011010010,1,1,0,0.21,0.5040650367736816,9,6
9,3,25,3,001110010001000011000011010010,1,1,0,0.38,0.7272727489471436,10,7
9,3,25,4,001110010001000011000011010010,1,1,0,0.17,0.3055555522441864,10,5
9,3,25,7,001110010001000011000011010010,1,1,0,0.16,0.2786885201931,9,3
9,3,25,11,001110010001000011000011010010,1,1,0,0.5,0.2142857164144516,10,7
9,3,25,16,001110010001000011000011010010,1,1,0,0.44,0.7105262875556946,7,3
9,3,25,17,001110010001000011000011010010,1,1,0,0.33,0.5,10,4
9,3,25,22,001110010001000011000011010010,1,1,0,0.24,0.5,10,3
9,3,25,23,001110010001000011000011010010,1,1,0,0.49,0.49180328845977783,8,4
9,3,25,25,001110010001000011000011010010,1,1,0,0.4,0.1568627506494522,10,5
9,3,25,28,001110010001000011000011010010,1,1,0,0.35,0.8965517282485962,10,4
9,3,26,0,101101000111100101110001111010,1,1,0,0.4,0.6818181872367859,10,2
9,3,26,2,101101000111100101110001111010,1,1,0,0.21,0.5040650367736816,9,6
9,3,26,3,101101000111100101110001111010,1,1,0,0.38,0.7272727489471436,10,7
9,3,26,5,101101000111100101110001111010,1,1,0,0.45,0.7083333134651184,9,7
9,3,26,9,101101000111100101110001111010,1,1,0,0.39,0.5632184147834778,6,2
9,3,26,10,101101000111100101110001111010,1,1,0,0.47,0.8181818127632141,7,3
9,3,26,11,101101000111100101110001111010,1,1,0,0.5,0.2142857164144516,10,7
9,3,26,12,101101000111100101110001111010,1,1,0,0.5,0.5964912176132202,8,7
9,3,26,15,101101000111100101110001111010,1,1,0,0.3,0.6000000238418579,10,5
9,3,26,17,101101000111100101110001111010,1,1,0,0.33,0.5,10,4
9,3,26,18,101101000111100101110001111010,1,1,0,0.37,0.6785714030265808,10,6
9,3,26,19,101101000111100101110001111010,1,1,0,0.45,0.30069929361343384,8,6
9,3,26,23,101101000111100101110001111010,1,1,0,0.49,0.49180328845977783,8,4
9,3,26,24,101101000111100101110001111010,1,1,0,0.36,0.8103448152542114,5,2
9,3,26,25,101101000111100101110001111010,1,1,0,0.4,0.1568627506494522,10,5
9,3,26,26,101101000111100101110001111010,1,1,0,0.29,0.21052631735801697,9,5
9,3,26,28,101101000111100101110001111010,1,1,0,0.35,0.8965517282485962,10,4
9,3,27,0,101001101111100001100001111110,1,1,0,0.4,0.6818181872367859,10,2
9,3,27,2,101001101111100001100001111110,1,1,0,0.21,0.5040650367736816,9,6
9,3,27,5,101001101111100001100001111110,1,1,0,0.45,0.7083333134651184,9,7
9,3,27,6,101001101111100001100001111110,1,1,0,0.39,0.739130437374115,10,4
9,3,27,8,101001101111100001100001111110,1,1,0,0.46,0.8518518805503845,10,7
9,3,27,9,101001101111100001100001111110,1,1,0,0.39,0.5632184147834778,6,2
9,3,27,10,101001101111100001100001111110,1,1,0,0.47,0.8181818127632141,7,3
9,3,27,11,101001101111100001100001111110,1,1,0,0.5,0.2142857164144516,10,7
9,3,27,12,101001101111100001100001111110,1,1,0,0.5,0.5964912176132202,8,7
9,3,27,17,101001101111100001100001111110,1,1,0,0.33,0.5,10,4
9,3,27,18,101001101111100001100001111110,1,1,0,0.37,0.6785714030265808,10,6
9,3,27,23,101001101111100001100001111110,1,1,0,0.49,0.49180328845977783,8,4
9,3,27,24,101001101111100001100001111110,1,1,0,0.36,0.8103448152542114,5,2
9,3,27,25,101001101111100001100001111110,1,1,0,0.4,0.1568627506494522,10,5
9,3,27,26,101001101111100001100001111110,1,1,0,0.29,0.21052631735801697,9,5
9,3,27,27,101001101111100001100001111110,1,1,0,0.59,0.695652186870575,10,6
9,3,27,28,101001101111100001100001111110,1,1,0,0.35,0.8965517282485962,10,4
9,3,28,1,010110010000100001110100011110,1,1,0,0.45,0.49494948983192444,9,7
9,3,28,3,010110010000100001110100011110,1,1,0,0.38,0.7272727489471436,10,7
9,3,28,4,010110010000100001110100011110,1,1,0,0.17,0.3055555522441864,10,5
9,3,28,7,010110010000100001110100011110,1,1,0,0.16,0.2786885201931,9,3
9,3,28,12,010110010000100001110100011110,1,1,0,0.5,0.5964912176132202,8,7
9,3,28,17,010110010000100001110100011110,1,1,0,0.33,0.5,10,4
9,3,28,18,010110010000100001110100011110,1,1,0,0.37,0.6785714030265808,10,6
9,3,28,19,010110010000100001110100011110,1,1,0,0.45,0.30069929361343384,8,6
9,3,28,21,010110010000100001110100011110,1,1,0,0.34,0.7932960987091064,10,7
9,3,28,25,010110010000100001110100011110,1,1,0,0.4,0.1568627506494522,10,5
9,3,28,26,010110010000100001110100011110,1,1,0,0.29,0.21052631735801697,9,5
9,3,28,27,010110010000100001110100011110,1,1,0,0.59,0.695652186870575,10,6
9,3,28,28,010110010000100001110100011110,1,1,0,0.35,0.8965517282485962,10,4
9,4,0,2,001111101111111000110101000110,1,1,0,0.21,0.5040650367736816,9,6
9,4,0,3,001111101111111000110101000110,1,1,0,0.38,0.7272727489471436,10,7
9,4,0,4,001111101111111000110101000110,1,1,0,0.17,0.3055555522441864,10,5
9,4,0,5,001111101111111000110101000110,1,1,0,0.45,0.7083333134651184,9,7
9,4,0,6,001111101111111000110101000110,1,1,0,0.39,0.739130437374115,10,4
9,4,0,8,001111101111111000110101000110,1,1,0,0.46,0.8518518805503845,10,7
9,4,0,9,001111101111111000110101000110,1,1,0,0.39,0.5632184147834778,6,2
9,4,0,10,001111101111111000110101000110,1,1,0,0.47,0.8181818127632141,7,3
9,4,0,11,001111101111111000110101000110,1,1,0,0.5,0.2142857164144516,10,7
9,4,0,12,001111101111111000110101000110,1,1,0,0.5,0.5964912176132202,8,7
9,4,0,13,001111101111111000110101000110,1,1,0,0.72,0.9512194991111755,7,3
9,4,0,14,001111101111111000110101000110,1,1,0,0.33,0.5789473652839661,10,6
9,4,0,18,001111101111111000110101000110,1,1,0,0.37,0.6785714030265808,10,6
9,4,0,19,001111101111111000110101000110,1,1,0,0.45,0.30069929361343384,8,6
9,4,0,21,001111101111111000110101000110,1,1,0,0.34,0.7932960987091064,10,7
9,4,0,23,001111101111111000110101000110,1,1,0,0.49,0.49180328845977783,8,4
9,4,0,27,001111101111111000110101000110,1,1,0,0.59,0.695652186870575,10,6
9,4,0,28,001111101111111000110101000110,1,1,0,0.35,0.8965517282485962,10,4
9,4,1,0,111000011111110110011011111110,1,1,0,0.4,0.6818181872367859,10,2
9,4,1,1,111000011111110110011011111110,1,1,0,0.45,0.49494948983192444,9,7
9,4,1,2,111000011111110110011011111110,1,1,0,0.21,0.5040650367736816,9,6
9,4,1,7,111000011111110110011011111110,1,1,0,0.16,0.2786885201931,9,3
9,4,1,8,111000011111110110011011111110,1,1,0,0.46,0.8518518805503845,10,7
9,4,1,9,111000011111110110011011111110,1,1,0,0.39,0.5632184147834778,6,2
9,4,1,10,111000011111110110011011111110,1,1,0,0.47,0.8181818127632141,7,3
9,4,1,11,111000011111110110011011111110,1,1,0,0.5,0.2142857164144516,10,7
9,4,1,12,111000011111110110011011111110,1,1,0,0.5,0.5964912176132202,8,7
9,4,1,13,111000011111110110011011111110,1,1,0,0.72,0.9512194991111755,7,3
9,4,1,15,111000011111110110011011111110,1,1,0,0.3,0.6000000238418579,10,5
9,4,1,16,111000011111110110011011111110,1,1,0,0.44,0.7105262875556946,7,3
9,4,1,19,111000011111110110011011111110,1,1,0,0.45,0.30069929361343384,8,6
9,4,1,20,111000011111110110011011111110,1,1,0,0.64,0.44117647409439087,9,5
9,4,1,22,111000011111110110011011111110,1,1,0,0.24,0.5,10,3
9,4,1,23,111000011111110110011011111110,1,1,0,0.49,0.49180328845977783,8,4
9,4,1,24,111000011111110110011011111110,1,1,0,0.36,0.8103448152542114,5,2
9,4,1,25,111000011111110110011011111110,1,1,0,0.4,0.1568627506494522,10,5
9,4,1,26,111000011111110110011011111110,1,1,0,0.29,0.21052631735801697,9,5
9,4,1,27,111000011111110110011011111110,1,1,0,0.59,0.695652186870575,10,6
9,4,1,28,111000011111110110011011111110,1,1,0,0.35,0.8965517282485962,10,4
9,4,2,0,101101000110110000111000100101,1,1,0,0.4,0.6818181872367859,10,2
9,4,2,2,101101000110110000111000100101,1,1,0,0.21,0.5040650367736816,9,6
9,4,2,3,101101000110110000111000100101,1,1,0,0.38,0.7272727489471436,10,7
9,4,2,5,101101000110110000111000100101,1,1,0,0.45,0.7083333134651184,9,7
9,4,2,9,101101000110110000111000100101,1,1,0,0.39,0.5632184147834778,6,2
9,4,2,10,101101000110110000111000100101,1,1,0,0.47,0.8181818127632141,7,3
9,4,2,12,101101000110110000111000100101,1,1,0,0.5,0.5964912176132202,8,7
9,4,2,13,101101000110110000111000100101,1,1,0,0.72,0.9512194991111755,7,3
9,4,2,18,101101000110110000111000100101,1,1,0,0.37,0.6785714030265808,10,6
9,4,2,19,101101000110110000111000100101,1,1,0,0.45,0.30069929361343384,8,6
9,4,2,20,101101000110110000111000100101,1,1,0,0.64,0.44117647409439087,9,5
9,4,2,24,101101000110110000111000100101,1,1,0,0.36,0.8103448152542114,5,2
9,4,2,27,101101000110110000111000100101,1,1,0,0.59,0.695652186870575,10,6
9,4,2,29,101101000110110000111000100101,1,1,0,0.27,0.5952380895614624,7,3
9,4,3,0,101001101111111101100001111110,1,1,0,0.4,0.6818181872367859,10,2
9,4,3,2,101001101111111101100001111110,1,1,0,0.21,0.5040650367736816,9,6
9,4,3,5,101001101111111101100001111110,1,1,0,0.45,0.7083333134651184,9,7
9,4,3,6,101001101111111101100001111110,1,1,0,0.39,0.739130437374115,10,4
9,4,3,8,101001101111111101100001111110,1,1,0,0.46,0.8518518805503845,10,7
9,4,3,9,101001101111111101100001111110,1,1,0,0.39,0.5632184147834778,6,2
9,4,3,10,101001101111111101100001111110,1,1,0,0.47,0.8181818127632141,7,3
9,4,3,11,101001101111111101100001111110,1,1,0,0.5,0.2142857164144516,10,7
9,4,3,12,101001101111111101100001111110,1,1,0,0.5,0.5964912176132202,8,7
9,4,3,13,101001101111111101100001111110,1,1,0,0.72,0.9512194991111755,7,3
9,4,3,14,101001101111111101100001111110,1,1,0,0.33,0.5789473652839661,10,6
9,4,3,15,101001101111111101100001111110,1,1,0,0.3,0.6000000238418579,10,5
9,4,3,17,101001101111111101100001111110,1,1,0,0.33,0.5,10,4
9,4,3,18,101001101111111101100001111110,1,1,0,0.37,0.6785714030265808,10,6
9,4,3,23,101001101111111101100001111110,1,1,0,0.49,0.49180328845977783,8,4
9,4,3,24,101001101111111101100001111110,1,1,0,0.36,0.8103448152542114,5,2
9,4,3,25,101001101111111101100001111110,1,1,0,0.4,0.1568627506494522,10,5
9,4,3,26,101001101111111101100001111110,1,1,0,0.29,0.21052631735801697,9,5
9,4,3,27,101001101111111101100001111110,1,1,0,0.59,0.695652186870575,10,6
9,4,3,28,101001101111111101100001111110,1,1,0,0.35,0.8965517282485962,10,4
9,4,4,1,010011001001000000001010000100,1,1,0,0.45,0.49494948983192444,9,7
9,4,4,4,010011001001000000001010000100,1,1,0,0.17,0.3055555522441864,10,5
9,4,4,5,010011001001000000001010000100,1,1,0,0.45,0.7083333134651184,9,7
9,4,4,8,010011001001000000001010000100,1,1,0,0.46,0.8518518805503845,10,7
9,4,4,11,010011001001000000001010000100,1,1,0,0.5,0.2142857164144516,10,7
9,4,4,20,010011001001000000001010000100,1,1,0,0.64,0.44117647409439087,9,5
9,4,4,22,010011001001000000001010000100,1,1,0,0.24,0.5,10,3
9,4,4,27,010011001001000000001010000100,1,1,0,0.59,0.695652186870575,10,6
9,4,5,1,010110010010110011110100011110,1,1,0,0.45,0.49494948983192444,9,7
9,4,5,3,010110010010110011110100011110,1,1,0,0.38,0.7272727489471436,10,7
9,4,5,4,010110010010110011110100011110,1,1,0,0.17,0.3055555522441864,10,5
9,4,5,7,010110010010110011110100011110,1,1,0,0.16,0.2786885201931,9,3
9,4,5,10,010110010010110011110100011110,1,1,0,0.47,0.8181818127632141,7,3
9,4,5,12,010110010010110011110100011110,1,1,0,0.5,0.5964912176132202,8,7
9,4,5,13,010110010010110011110100011110,1,1,0,0.72,0.9512194991111755,7,3
9,4,5,16,010110010010110011110100011110,1,1,0,0.44,0.7105262875556946,7,3
9,4,5,17,010110010010110011110100011110,1,1,0,0.33,0.5,10,4
9,4,5,18,010110010010110011110100011110,1,1,0,0.37,0.6785714030265808,10,6
9,4,5,19,010110010010110011110100011110,1,1,0,0.45,0.30069929361343384,8,6
9,4,5,21,010110010010110011110100011110,1,1,0,0.34,0.7932960987091064,10,7
9,4,5,25,010110010010110011110100011110,1,1,0,0.4,0.1568627506494522,10,5
9,4,5,26,010110010010110011110100011110,1,1,0,0.29,0.21052631735801697,9,5
9,4,5,27,010110010010110011110100011110,1,1,0,0.59,0.695652186870575,10,6
9,4,5,28,010110010010110011110100011110,1,1,0,0.35,0.8965517282485962,10,4
9,4,6,0,110010101101011111011111011000,1,1,0,0.4,0.6818181872367859,10,2
9,4,6,1,110010101101011111011111011000,1,1,0,0.45,0.49494948983192444,9,7
9,4,6,4,110010101101011111011111011000,1,1,0,0.17,0.3055555522441864,10,5
9,4,6,6,110010101101011111011111011000,1,1,0,0.39,0.739130437374115,10,4
9,4,6,8,110010101101011111011111011000,1,1,0,0.46,0.8518518805503845,10,7
9,4,6,9,110010101101011111011111011000,1,1,0,0.39,0.5632184147834778,6,2
9,4,6,11,110010101101011111011111011000,1,1,0,0.5,0.2142857164144516,10,7
9,4,6,13,110010101101011111011111011000,1,1,0,0.72,0.9512194991111755,7,3
9,4,6,14,110010101101011111011111011000,1,1,0,0.33,0.5789473652839661,10,6
9,4,6,15,110010101101011111011111011000,1,1,0,0.3,0.6000000238418579,10,5
9,4,6,16,110010101101011111011111011000,1,1,0,0.44,0.7105262875556946,7,3
9,4,6,17,110010101101011111011111011000,1,1,0,0.33,0.5,10,4
9,4,6,19,110010101101011111011111011000,1,1,0,0.45,0.30069929361343384,8,6
9,4,6,20,110010101101011111011111011000,1,1,0,0.64,0.44117647409439087,9,5
9,4,6,21,110010101101011111011111011000,1,1,0,0.34,0.7932960987091064,10,7
9,4,6,22,110010101101011111011111011000,1,1,0,0.24,0.5,10,3
9,4,6,23,110010101101011111011111011000,1,1,0,0.49,0.49180328845977783,8,4
9,4,6,25,110010101101011111011111011000,1,1,0,0.4,0.1568627506494522,10,5
9,4,6,26,110010101101011111011111011000,1,1,0,0.29,0.21052631735801697,9,5
9,4,7,0,111101000110110000111000100101,1,1,0,0.4,0.6818181872367859,10,2
9,4,7,1,111101000110110000111000100101,1,1,0,0.45,0.49494948983192444,9,7
9,4,7,2,111101000110110000111000100101,1,1,0,0.21,0.5040650367736816,9,6
9,4,7,3,111101000110110000111000100101,1,1,0,0.38,0.7272727489471436,10,7
9,4,7,5,111101000110110000111000100101,1,1,0,0.45,0.7083333134651184,9,7
9,4,7,9,111101000110110000111000100101,1,1,0,0.39,0.5632184147834778,6,2
9,4,7,10,111101000110110000111000100101,1,1,0,0.47,0.8181818127632141,7,3
9,4,7,12,111101000110110000111000100101,1,1,0,0.5,0.5964912176132202,8,7
9,4,7,13,111101000110110000111000100101,1,1,0,0.72,0.9512194991111755,7,3
9,4,7,18,111101000110110000111000100101,1,1,0,0.37,0.6785714030265808,10,6
9,4,7,19,111101000110110000111000100101,1,1,0,0.45,0.30069929361343384,8,6
9,4,7,20,111101000110110000111000100101,1,1,0,0.64,0.44117647409439087,9,5
9,4,7,24,111101000110110000111000100101,1,1,0,0.36,0.8103448152542114,5,2
9,4,7,27,111101000110110000111000100101,1,1,0,0.59,0.695652186870575,10,6
9,4,7,29,111101000110110000111000100101,1,1,0,0.27,0.5952380895614624,7,3
9,4,8,0,110011000111110000011101100101,1,1,0,0.4,0.6818181872367859,10,2
9,4,8,1,110011000111110000011101100101,1,1,0,0.45,0.49494948983192444,9,7
9,4,8,4,110011000111110000011101100101,1,1,0,0.17,0.3055555522441864,10,5
9,4,8,5,110011000111110000011101100101,1,1,0,0.45,0.7083333134651184,9,7
9,4,8,9,110011000111110000011101100101,1,1,0,0.39,0.5632184147834778,6,2
9,4,8,10,110011000111110000011101100101,1,1,0,0.47,0.8181818127632141,7,3
9,4,8,11,110011000111110000011101100101,1,1,0,0.5,0.2142857164144516,10,7
9,4,8,12,110011000111110000011101100101,1,1,0,0.5,0.5964912176132202,8,7
9,4,8,13,110011000111110000011101100101,1,1,0,0.72,0.9512194991111755,7,3
9,4,8,19,110011000111110000011101100101,1,1,0,0.45,0.30069929361343384,8,6
9,4,8,20,110011000111110000011101100101,1,1,0,0.64,0.44117647409439087,9,5
9,4,8,21,110011000111110000011101100101,1,1,0,0.34,0.7932960987091064,10,7
9,4,8,23,110011000111110000011101100101,1,1,0,0.49,0.49180328845977783,8,4
9,4,8,24,110011000111110000011101100101,1,1,0,0.36,0.8103448152542114,5,2
9,4,8,27,110011000111110000011101100101,1,1,0,0.59,0.695652186870575,10,6
9,4,8,29,110011000111110000011101100101,1,1,0,0.27,0.5952380895614624,7,3
9,4,9,0,100111101111111000110101001110,1,1,0,0.4,0.6818181872367859,10,2
9,4,9,3,100111101111111000110101001110,1,1,0,0.38,0.7272727489471436,10,7
9,4,9,4,100111101111111000110101001110,1,1,0,0.17,0.3055555522441864,10,5
9,4,9,5,100111101111111000110101001110,1,1,0,0.45,0.7083333134651184,9,7
9,4,9,6,100111101111111000110101001110,1,1,0,0.39,0.739130437374115,10,4
9,4,9,8,100111101111111000110101001110,1,1,0,0.46,0.8518518805503845,10,7
9,4,9,9,100111101111111000110101001110,1,1,0,0.39,0.5632184147834778,6,2
9,4,9,10,100111101111111000110101001110,1,1,0,0.47,0.8181818127632141,7,3
9,4,9,11,100111101111111000110101001110,1,1,0,0.5,0.2142857164144516,10,7
9,4,9,12,100111101111111000110101001110,1,1,0,0.5,0.5964912176132202,8,7
9,4,9,13,100111101111111000110101001110,1,1,0,0.72,0.9512194991111755,7,3
9,4,9,14,100111101111111000110101001110,1,1,0,0.33,0.5789473652839661,10,6
9,4,9,18,100111101111111000110101001110,1,1,0,0.37,0.6785714030265808,10,6
9,4,9,19,100111101111111000110101001110,1,1,0,0.45,0.30069929361343384,8,6
9,4,9,21,100111101111111000110101001110,1,1,0,0.34,0.7932960987091064,10,7
9,4,9,23,100111101111111000110101001110,1,1,0,0.49,0.49180328845977783,8,4
9,4,9,26,100111101111111000110101001110,1,1,0,0.29,0.21052631735801697,9,5
9,4,9,27,100111101111111000110101001110,1,1,0,0.59,0.695652186870575,10,6
9,4,9,28,100111101111111000110101001110,1,1,0,0.35,0.8965517282485962,10,4
9,4,10,0,101010010011100101110001111100,1,1,0,0.4,0.6818181872367859,10,2
9,4,10,2,101010010011100101110001111100,1,1,0,0.21,0.5040650367736816,9,6
9,4,10,4,101010010011100101110001111100,1,1,0,0.17,0.3055555522441864,10,5
9,4,10,7,101010010011100101110001111100,1,1,0,0.16,0.2786885201931,9,3
9,4,10,10,101010010011100101110001111100,1,1,0,0.47,0.8181818127632141,7,3
9,4,10,11,101010010011100101110001111100,1,1,0,0.5,0.2142857164144516,10,7
9,4,10,12,101010010011100101110001111100,1,1,0,0.5,0.5964912176132202,8,7
9,4,10,15,101010010011100101110001111100,1,1,0,0.3,0.6000000238418579,10,5
9,4,10,17,101010010011100101110001111100,1,1,0,0.33,0.5,10,4
9,4,10,18,101010010011100101110001111100,1,1,0,0.37,0.6785714030265808,10,6
9,4,10,19,101010010011100101110001111100,1,1,0,0.45,0.30069929361343384,8,6
9,4,10,23,101010010011100101110001111100,1,1,0,0.49,0.49180328845977783,8,4
9,4,10,24,101010010011100101110001111100,1,1,0,0.36,0.8103448152542114,5,2
9,4,10,25,101010010011100101110001111100,1,1,0,0.4,0.1568627506494522,10,5
9,4,10,26,101010010011100101110001111100,1,1,0,0.29,0.21052631735801697,9,5
9,4,10,27,101010010011100101110001111100,1,1,0,0.59,0.695652186870575,10,6
9,4,11,3,000111101111111000110101000110,1,1,0,0.38,0.7272727489471436,10,7
9,4,11,4,000111101111111000110101000110,1,1,0,0.17,0.3055555522441864,10,5
9,4,11,5,000111101111111000110101000110,1,1,0,0.45,0.7083333134651184,9,7
9,4,11,6,000111101111111000110101000110,1,1,0,0.39,0.739130437374115,10,4
9,4,11,8,000111101111111000110101000110,1,1,0,0.46,0.8518518805503845,10,7
9,4,11,9,000111101111111000110101000110,1,1,0,0.39,0.5632184147834778,6,2
9,4,11,10,000111101111111000110101000110,1,1,0,0.47,0.8181818127632141,7,3
9,4,11,11,000111101111111000110101000110,1,1,0,0.5,0.2142857164144516,10,7
9,4,11,12,000111101111111000110101000110,1,1,0,0.5,0.5964912176132202,8,7
9,4,11,13,000111101111111000110101000110,1,1,0,0.72,0.9512194991111755,7,3
9,4,11,14,000111101111111000110101000110,1,1,0,0.33,0.5789473652839661,10,6
9,4,11,18,000111101111111000110101000110,1,1,0,0.37,0.6785714030265808,10,6
9,4,11,19,000111101111111000110101000110,1,1,0,0.45,0.30069929361343384,8,6
9,4,11,21,000111101111111000110101000110,1,1,0,0.34,0.7932960987091064,10,7
9,4,11,23,000111101111111000110101000110,1,1,0,0.49,0.49180328845977783,8,4
9,4,11,27,000111101111111000110101000110,1,1,0,0.59,0.695652186870575,10,6
9,4,11,28,000111101111111000110101000110,1,1,0,0.35,0.8965517282485962,10,4
9,4,12,1,010011001001010010001010000100,1,1,0,0.45,0.49494948983192444,9,7
9,4,12,4,010011001001010010001010000100,1,1,0,0.17,0.3055555522441864,10,5
9,4,12,5,010011001001010010001010000100,1,1,0,0.45,0.7083333134651184,9,7
9,4,12,8,010011001001010010001010000100,1,1,0,0.46,0.8518518805503845,10,7
9,4,12,11,010011001001010010001010000100,1,1,0,0.5,0.2142857164144516,10,7
9,4,12,13,010011001001010010001010000100,1,1,0,0.72,0.9512194991111755,7,3
9,4,12,16,010011001001010010001010000100,1,1,0,0.44,0.7105262875556946,7,3
9,4,12,20,010011001001010010001010000100,1,1,0,0.64,0.44117647409439087,9,5
9,4,12,22,010011001001010010001010000100,1,1,0,0.24,0.5,10,3
9,4,12,27,010011001001010010001010000100,1,1,0,0.59,0.695652186870575,10,6
9,4,13,1,010110010000100001110100011110,1,1,0,0.45,0.49494948983192444,9,7
9,4,13,3,010110010000100001110100011110,1,1,0,0.38,0.7272727489471436,10,7
9,4,13,4,010110010000100001110100011110,1,1,0,0.17,0.3055555522441864,10,5
9,4,13,7,010110010000100001110100011110,1,1,0,0.16,0.2786885201931,9,3
9,4,13,12,010110010000100001110100011110,1,1,0,0.5,0.5964912176132202,8,7
9,4,13,17,010110010000100001110100011110,1,1,0,0.33,0.5,10,4
9,4,13,18,010110010000100001110100011110,1,1,0,0.37,0.6785714030265808,10,6
9,4,13,19,010110010000100001110100011110,1,1,0,0.45,0.30069929361343384,8,6
9,4,13,21,010110010000100001110100011110,1,1,0,0.34,0.7932960987091064,10,7
9,4,13,25,010110010000100001110100011110,1,1,0,0.4,0.1568627506494522,10,5
9,4,13,26,010110010000100001110100011110,1,1,0,0.29,0.21052631735801697,9,5
9,4,13,27,010110010000100001110100011110,1,1,0,0.59,0.695652186870575,10,6
9,4,13,28,010110010000100001110100011110,1,1,0,0.35,0.8965517282485962,10,4
9,4,14,1,010111001001010010001010010110,1,1,0,0.45,0.49494948983192444,9,7
9,4,14,3,010111001001010010001010010110,1,1,0,0.38,0.7272727489471436,10,7
9,4,14,4,010111001001010010001010010110,1,1,0,0.17,0.3055555522441864,10,5
9,4,14,5,010111001001010010001010010110,1,1,0,0.45,0.7083333134651184,9,7
9,4,14,8,010111001001010010001010010110,1,1,0,0.46,0.8518518805503845,10,7
9,4,14,11,010111001001010010001010010110,1,1,0,0.5,0.2142857164144516,10,7
9,4,14,13,010111001001010010001010010110,1,1,0,0.72,0.9512194991111755,7,3
9,4,14,16,010111001001010010001010010110,1,1,0,0.44,0.7105262875556946,7,3
9,4,14,20,010111001001010010001010010110,1,1,0,0.64,0.44117647409439087,9,5
9,4,14,22,010111001001010010001010010110,1,1,0,0.24,0.5,10,3
9,4,14,25,010111001001010010001010010110,1,1,0,0.4,0.1568627506494522,10,5
9,4,14,27,010111001001010010001010010110,1,1,0,0.59,0.695652186870575,10,6
9,4,14,28,010111001001010010001010010110,1,1,0,0.35,0.8965517282485962,10,4
9,4,15,0,110010101101011111001111011000,1,1,0,0.4,0.6818181872367859,10,2
9,4,15,1,110010101101011111001111011000,1,1,0,0.45,0.49494948983192444,9,7
9,4,15,4,110010101101011111001111011000,1,1,0,0.17,0.3055555522441864,10,5
9,4,15,6,110010101101011111001111011000,1,1,0,0.39,0.739130437374115,10,4
9,4,15,8,110010101101011111001111011000,1,1,0,0.46,0.8518518805503845,10,7
9,4,15,9,110010101101011111001111011000,1,1,0,0.39,0.5632184147834778,6,2
9,4,15,11,110010101101011111001111011000,1,1,0,0.5,0.2142857164144516,10,7
9,4,15,13,110010101101011111001111011000,1,1,0,0.72,0.9512194991111755,7,3
9,4,15,14,110010101101011111001111011000,1,1,0,0.33,0.5789473652839661,10,6
9,4,15,15,110010101101011111001111011000,1,1,0,0.3,0.6000000238418579,10,5
9,4,15,16,110010101101011111001111011000,1,1,0,0.44,0.7105262875556946,7,3
9,4,15,17,110010101101011111001111011000,1,1,0,0.33,0.5,10,4
9,4,15,20,110010101101011111001111011000,1,1,0,0.64,0.44117647409439087,9,5
9,4,15,21,110010101101011111001111011000,1,1,0,0.34,0.7932960987091064,10,7
9,4,15,22,110010101101011111001111011000,1,1,0,0.24,0.5,10,3
9,4,15,23,110010101101011111001111011000,1,1,0,0.49,0.49180328845977783,8,4
9,4,15,25,110010101101011111001111011000,1,1,0,0.4,0.1568627506494522,10,5
9,4,15,26,110010101101011111001111011000,1,1,0,0.29,0.21052631735801697,9,5
9,4,16,0,101011000111110010011101100100,1,1,0,0.4,0.6818181872367859,10,2
9,4,16,2,101011000111110010011101100100,1,1,0,0.21,0.5040650367736816,9,6
9,4,16,4,101011000111110010011101100100,1,1,0,0.17,0.3055555522441864,10,5
9,4,16,5,101011000111110010011101100100,1,1,0,0.45,0.7083333134651184,9,7
9,4,16,9,101011000111110010011101100100,1,1,0,0.39,0.5632184147834778,6,2
9,4,16,10,101011000111110010011101100100,1,1,0,0.47,0.8181818127632141,7,3
9,4,16,11,101011000111110010011101100100,1,1,0,0.5,0.2142857164144516,10,7
9,4,16,12,101011000111110010011101100100,1,1,0,0.5,0.5964912176132202,8,7
9,4,16,13,101011000111110010011101100100,1,1,0,0.72,0.9512194991111755,7,3
9,4,16,16,101011000111110010011101100100,1,1,0,0.44,0.7105262875556946,7,3
9,4,16,19,101011000111110010011101100100,1,1,0,0.45,0.30069929361343384,8,6
9,4,16,20,101011000111110010011101100100,1,1,0,0.64,0.44117647409439087,9,5
9,4,16,21,101011000111110010011101100100,1,1,0,0.34,0.7932960987091064,10,7
9,4,16,23,101011000111110010011101100100,1,1,0,0.49,0.49180328845977783,8,4
9,4,16,24,101011000111110010011101100100,1,1,0,0.36,0.8103448152542114,5,2
9,4,16,27,101011000111110010011101100100,1,1,0,0.59,0.695652186870575,10,6
9,4,17,1,010011001001000000111111011000,1,1,0,0.45,0.49494948983192444,9,7
9,4,17,4,010011001001000000111111011000,1,1,0,0.17,0.3055555522441864,10,5
9,4,17,5,010011001001000000111111011000,1,1,0,0.45,0.7083333134651184,9,7
9,4,17,8,010011001001000000111111011000,1,1,0,0.46,0.8518518805503845,10,7
9,4,17,11,010011001001000000111111011000,1,1,0,0.5,0.2142857164144516,10,7
9,4,17,18,010011001001000000111111011000,1,1,0,0.37,0.6785714030265808,10,6
9,4,17,19,010011001001000000111111011000,1,1,0,0.45,0.30069929361343384,8,6
9,4,17,20,010011001001000000111111011000,1,1,0,0.64,0.44117647409439087,9,5
9,4,17,21,010011001001000000111111011000,1,1,0,0.34,0.7932960987091064,10,7
9,4,17,22,010011001001000000111111011000,1,1,0,0.24,0.5,10,3
9,4,17,23,010011001001000000111111011000,1,1,0,0.49,0.49180328845977783,8,4
9,4,17,25,010011001001000000111111011000,1,1,0,0.4,0.1568627506494522,10,5
9,4,17,26,010011001001000000111111011000,1,1,0,0.29,0.21052631735801697,9,5
9,4,18,0,101010010111100100110001111100,1,1,0,0.4,0.6818181872367859,10,2
9,4,18,2,101010010111100100110001111100,1,1,0,0.21,0.5040650367736816,9,6
9,4,18,4,101010010111100100110001111100,1,1,0,0.17,0.3055555522441864,10,5
9,4,18,7,101010010111100100110001111100,1,1,0,0.16,0.2786885201931,9,3
9,4,18,9,101010010111100100110001111100,1,1,0,0.39,0.5632184147834778,6,2
9,4,18,10,101010010111100100110001111100,1,1,0,0.47,0.8181818127632141,7,3
9,4,18,11,101010010111100100110001111100,1,1,0,0.5,0.2142857164144516,10,7
9,4,18,12,101010010111100100110001111100,1,1,0,0.5,0.5964912176132202,8,7
9,4,18,15,101010010111100100110001111100,1,1,0,0.3,0.6000000238418579,10,5
9,4,18,18,101010010111100100110001111100,1,1,0,0.37,0.6785714030265808,10,6
9,4,18,19,101010010111100100110001111100,1,1,0,0.45,0.30069929361343384,8,6
9,4,18,23,101010010111100100110001111100,1,1,0,0.49,0.49180328845977783,8,4
9,4,18,24,101010010111100100110001111100,1,1,0,0.36,0.8103448152542114,5,2
9,4,18,25,101010010111100100110001111100,1,1,0,0.4,0.1568627506494522,10,5
9,4,18,26,101010010111100100110001111100,1,1,0,0.29,0.21052631735801697,9,5
9,4,18,27,101010010111100100110001111100,1,1,0,0.59,0.695652186870575,10,6
9,4,19,1,010011010010110010110100011100,1,1,0,0.45,0.49494948983192444,9,7
9,4,19,4,010011010010110010110100011100,1,1,0,0.17,0.3055555522441864,10,5
9,4,19,5,010011010010110010110100011100,1,1,0,0.45,0.7083333134651184,9,7
9,4,19,7,010011010010110010110100011100,1,1,0,0.16,0.2786885201931,9,3
9,4,19,10,010011010010110010110100011100,1,1,0,0.47,0.8181818127632141,7,3
9,4,19,12,010011010010110010110100011100,1,1,0,0.5,0.5964912176132202,8,7
9,4,19,13,010011010010110010110100011100,1,1,0,0.72,0.9512194991111755,7,3
9,4,19,16,010011010010110010110100011100,1,1,0,0.44,0.7105262875556946,7,3
9,4,19,18,010011010010110010110100011100,1,1,0,0.37,0.6785714030265808,10,6
9,4,19,19,010011010010110010110100011100,1,1,0,0.45,0.30069929361343384,8,6
9,4,19,21,010011010010110010110100011100,1,1,0,0.34,0.7932960987091064,10,7
9,4,19,25,010011010010110010110100011100,1,1,0,0.4,0.1568627506494522,10,5
9,4,19,26,010011010010110010110100011100,1,1,0,0.29,0.21052631735801697,9,5
9,4,19,27,010011010010110010110100011100,1,1,0,0.59,0.695652186870575,10,6
9,4,20,0,110000010011100101110001111101,1,1,0,0.4,0.6818181872367859,10,2
9,4,20,1,110000010011100101110001111101,1,1,0,0.45,0.49494948983192444,9,7
9,4,20,7,110000010011100101110001111101,1,1,0,0.16,0.2786885201931,9,3
9,4,20,10,110000010011100101110001111101,1,1,0,0.47,0.8181818127632141,7,3
9,4,20,11,110000010011100101110001111101,1,1,0,0.5,0.2142857164144516,10,7
9,4,20,12,110000010011100101110001111101,1,1,0,0.5,0.5964912176132202,8,7
9,4,20,15,110000010011100101110001111101,1,1,0,0.3,0.6000000238418579,10,5
9,4,20,17,110000010011100101110001111101,1,1,0,0.33,0.5,10,4
9,4,20,18,110000010011100101110001111101,1,1,0,0.37,0.6785714030265808,10,6
9,4,20,19,110000010011100101110001111101,1,1,0,0.45,0.30069929361343384,8,6
9,4,20,23,110000010011100101110001111101,1,1,0,0.49,0.49180328845977783,8,4
9,4,20,24,110000010011100101110001111101,1,1,0,0.36,0.8103448152542114,5,2
9,4,20,25,110000010011100101110001111101,1,1,0,0.4,0.1568627506494522,10,5
9,4,20,26,110000010011100101110001111101,1,1,0,0.29,0.21052631735801697,9,5
9,4,20,27,110000010011100101110001111101,1,1,0,0.59,0.695652186870575,10,6
9,4,20,29,110000010011100101110001111101,1,1,0,0.27,0.5952380895614624,7,3
9,4,21,0,110010101101011011001010000100,1,1,0,0.4,0.6818181872367859,10,2
9,4,21,1,110010101101011011001010000100,1,1,0,0.45,0.49494948983192444,9,7
9,4,21,4,110010101101011011001010000100,1,1,0,0.17,0.3055555522441864,10,5
9,4,21,6,110010101101011011001010000100,1,1,0,0.39,0.739130437374115,10,4
9,4,21,8,110010101101011011001010000100,1,1,0,0.46,0.8518518805503845,10,7
9,4,21,9,110010101101011011001010000100,1,1,0,0.39,0.5632184147834778,6,2
9,4,21,11,110010101101011011001010000100,1,1,0,0.5,0.2142857164144516,10,7
9,4,21,13,110010101101011011001010000100,1,1,0,0.72,0.9512194991111755,7,3
9,4,21,14,110010101101011011001010000100,1,1,0,0.33,0.5789473652839661,10,6
9,4,21,16,110010101101011011001010000100,1,1,0,0.44,0.7105262875556946,7,3
9,4,21,17,110010101101011011001010000100,1,1,0,0.33,0.5,10,4
9,4,21,20,110010101101011011001010000100,1,1,0,0.64,0.44117647409439087,9,5
9,4,21,22,110010101101011011001010000100,1,1,0,0.24,0.5,10,3
9,4,21,27,110010101101011011001010000100,1,1,0,0.59,0.695652186870575,10,6
9,4,22,1,010110010001110001110100011110,1,1,0,0.45,0.49494948983192444,9,7
9,4,22,3,010110010001110001110100011110,1,1,0,0.38,0.7272727489471436,10,7
9,4,22,4,010110010001110001110100011110,1,1,0,0.17,0.3055555522441864,10,5
9,4,22,7,010110010001110001110100011110,1,1,0,0.16,0.2786885201931,9,3
9,4,22,11,010110010001110001110100011110,1,1,0,0.5,0.2142857164144516,10,7
9,4,22,12,010110010001110001110100011110,1,1,0,0.5,0.5964912176132202,8,7
9,4,22,13,010110010001110001110100011110,1,1,0,0.72,0.9512194991111755,7,3
9,4,22,17,010110010001110001110100011110,1,1,0,0.33,0.5,10,4
9,4,22,18,010110010001110001110100011110,1,1,0,0.37,0.6785714030265808,10,6
9,4,22,19,010110010001110001110100011110,1,1,0,0.45,0.30069929361343384,8,6
9,4,22,21,010110010001110001110100011110,1,1,0,0.34,0.7932960987091064,10,7
9,4,22,25,010110010001110001110100011110,1,1,0,0.4,0.1568627506494522,10,5
9,4,22,26,010110010001110001110100011110,1,1,0,0.29,0.21052631735801697,9,5
9,4,22,27,010110010001110001110100011110,1,1,0,0.59,0.695652186870575,10,6
9,4,22,28,010110010001110001110100011110,1,1,0,0.35,0.8965517282485962,10,4
9,4,23,0,101101000110110100111010000101,1,1,0,0.4,0.6818181872367859,10,2
9,4,23,2,101101000110110100111010000101,1,1,0,0.21,0.5040650367736816,9,6
9,4,23,3,101101000110110100111010000101,1,1,0,0.38,0.7272727489471436,10,7
9,4,23,5,101101000110110100111010000101,1,1,0,0.45,0.7083333134651184,9,7
9,4,23,9,101101000110110100111010000101,1,1,0,0.39,0.5632184147834778,6,2
9,4,23,10,101101000110110100111010000101,1,1,0,0.47,0.8181818127632141,7,3
9,4,23,12,101101000110110100111010000101,1,1,0,0.5,0.5964912176132202,8,7
9,4,23,13,101101000110110100111010000101,1,1,0,0.72,0.9512194991111755,7,3
9,4,23,15,101101000110110100111010000101,1,1,0,0.3,0.6000000238418579,10,5
9,4,23,18,101101000110110100111010000101,1,1,0,0.37,0.6785714030265808,10,6
9,4,23,19,101101000110110100111010000101,1,1,0,0.45,0.30069929361343384,8,6
9,4,23,20,101101000110110100111010000101,1,1,0,0.64,0.44117647409439087,9,5
9,4,23,22,101101000110110100111010000101,1,1,0,0.24,0.5,10,3
9,4,23,27,101101000110110100111010000101,1,1,0,0.59,0.695652186870575,10,6
9,4,23,29,101101000110110100111010000101,1,1,0,0.27,0.5952380895614624,7,3
9,5,0,2,001111101111111000110101000110,1,1,0,0.21,0.5040650367736816,9,6
9,5,0,3,001111101111111000110101000110,1,1,0,0.38,0.7272727489471436,10,7
9,5,0,4,001111101111111000110101000110,1,1,0,0.17,0.3055555522441864,10,5
9,5,0,5,001111101111111000110101000110,1,1,0,0.45,0.7083333134651184,9,7
9,5,0,6,001111101111111000110101000110,1,1,0,0.39,0.739130437374115,10,4
9,5,0,8,001111101111111000110101000110,1,1,0,0.46,0.8518518805503845,10,7
9,5,0,9,001111101111111000110101000110,1,1,0,0.39,0.5632184147834778,6,2
9,5,0,10,001111101111111000110101000110,1,1,0,0.47,0.8181818127632141,7,3
9,5,0,11,001111101111111000110101000110,1,1,0,0.5,0.2142857164144516,10,7
9,5,0,12,001111101111111000110101000110,1,1,0,0.5,0.5964912176132202,8,7
9,5,0,13,001111101111111000110101000110,1,1,0,0.72,0.9512194991111755,7,3
9,5,0,14,001111101111111000110101000110,1,1,0,0.33,0.5789473652839661,10,6
9,5,0,18,001111101111111000110101000110,1,1,0,0.37,0.6785714030265808,10,6
9,5,0,19,001111101111111000110101000110,1,1,0,0.45,0.30069929361343384,8,6
9,5,0,21,001111101111111000110101000110,1,1,0,0.34,0.7932960987091064,10,7
9,5,0,23,001111101111111000110101000110,1,1,0,0.49,0.49180328845977783,8,4
9,5,0,27,001111101111111000110101000110,1,1,0,0.59,0.695652186870575,10,6
9,5,0,28,001111101111111000110101000110,1,1,0,0.35,0.8965517282485962,10,4
9,5,1,0,101101000110110000111000100101,1,1,0,0.4,0.6818181872367859,10,2
9,5,1,2,101101000110110000111000100101,1,1,0,0.21,0.5040650367736816,9,6
9,5,1,3,101101000110110000111000100101,1,1,0,0.38,0.7272727489471436,10,7
9,5,1,5,101101000110110000111000100101,1,1,0,0.45,0.7083333134651184,9,7
9,5,1,9,101101000110110000111000100101,1,1,0,0.39,0.5632184147834778,6,2
9,5,1,10,101101000110110000111000100101,1,1,0,0.47,0.8181818127632141,7,3
9,5,1,12,101101000110110000111000100101,1,1,0,0.5,0.5964912176132202,8,7
9,5,1,13,101101000110110000111000100101,1,1,0,0.72,0.9512194991111755,7,3
9,5,1,18,101101000110110000111000100101,1,1,0,0.37,0.6785714030265808,10,6
9,5,1,19,101101000110110000111000100101,1,1,0,0.45,0.30069929361343384,8,6
9,5,1,20,101101000110110000111000100101,1,1,0,0.64,0.44117647409439087,9,5
9,5,1,24,101101000110110000111000100101,1,1,0,0.36,0.8103448152542114,5,2
9,5,1,27,101101000110110000111000100101,1,1,0,0.59,0.695652186870575,10,6
9,5,1,29,101101000110110000111000100101,1,1,0,0.27,0.5952380895614624,7,3
9,5,2,0,101001101111111101100001111110,1,1,0,0.4,0.6818181872367859,10,2
9,5,2,2,101001101111111101100001111110,1,1,0,0.21,0.5040650367736816,9,6
9,5,2,5,101001101111111101100001111110,1,1,0,0.45,0.7083333134651184,9,7
9,5,2,6,101001101111111101100001111110,1,1,0,0.39,0.739130437374115,10,4
9,5,2,8,101001101111111101100001111110,1,1,0,0.46,0.8518518805503845,10,7
9,5,2,9,101001101111111101100001111110,1,1,0,0.39,0.5632184147834778,6,2
9,5,2,10,101001101111111101100001111110,1,1,0,0.47,0.8181818127632141,7,3
9,5,2,11,101001101111111101100001111110,1,1,0,0.5,0.2142857164144516,10,7
9,5,2,12,101001101111111101100001111110,1,1,0,0.5,0.5964912176132202,8,7
9,5,2,13,101001101111111101100001111110,1,1,0,0.72,0.9512194991111755,7,3
9,5,2,14,101001101111111101100001111110,1,1,0,0.33,0.5789473652839661,10,6
9,5,2,15,101001101111111101100001111110,1,1,0,0.3,0.6000000238418579,10,5
9,5,2,17,101001101111111101100001111110,1,1,0,0.33,0.5,10,4
9,5,2,18,101001101111111101100001111110,1,1,0,0.37,0.6785714030265808,10,6
9,5,2,23,101001101111111101100001111110,1,1,0,0.49,0.49180328845977783,8,4
9,5,2,24,101001101111111101100001111110,1,1,0,0.36,0.8103448152542114,5,2
9,5,2,25,101001101111111101100001111110,1,1,0,0.4,0.1568627506494522,10,5
9,5,2,26,101001101111111101100001111110,1,1,0,0.29,0.21052631735801697,9,5
9,5,2,27,101001101111111101100001111110,1,1,0,0.59,0.695652186870575,10,6
9,5,2,28,101001101111111101100001111110,1,1,0,0.35,0.8965517282485962,10,4
9,5,3,1,010011001001000000001010000100,1,1,0,0.45,0.49494948983192444,9,7
9,5,3,4,010011001001000000001010000100,1,1,0,0.17,0.3055555522441864,10,5
9,5,3,5,010011001001000000001010000100,1,1,0,0.45,0.7083333134651184,9,7
9,5,3,8,010011001001000000001010000100,1,1,0,0.46,0.8518518805503845,10,7
9,5,3,11,010011001001000000001010000100,1,1,0,0.5,0.2142857164144516,10,7
9,5,3,20,010011001001000000001010000100,1,1,0,0.64,0.44117647409439087,9,5
9,5,3,22,010011001001000000001010000100,1,1,0,0.24,0.5,10,3
9,5,3,27,010011001001000000001010000100,1,1,0,0.59,0.695652186870575,10,6
9,5,4,1,010110010010110011110100011110,1,1,0,0.45,0.49494948983192444,9,7
9,5,4,3,010110010010110011110100011110,1,1,0,0.38,0.7272727489471436,10,7
9,5,4,4,010110010010110011110100011110,1,1,0,0.17,0.3055555522441864,10,5
9,5,4,7,010110010010110011110100011110,1,1,0,0.16,0.2786885201931,9,3
9,5,4,10,010110010010110011110100011110,1,1,0,0.47,0.8181818127632141,7,3
9,5,4,12,010110010010110011110100011110,1,1,0,0.5,0.5964912176132202,8,7
9,5,4,13,010110010010110011110100011110,1,1,0,0.72,0.9512194991111755,7,3
9,5,4,16,010110010010110011110100011110,1,1,0,0.44,0.7105262875556946,7,3
9,5,4,17,010110010010110011110100011110,1,1,0,0.33,0.5,10,4
9,5,4,18,010110010010110011110100011110,1,1,0,0.37,0.6785714030265808,10,6
9,5,4,19,010110010010110011110100011110,1,1,0,0.45,0.30069929361343384,8,6
9,5,4,21,010110010010110011110100011110,1,1,0,0.34,0.7932960987091064,10,7
9,5,4,25,010110010010110011110100011110,1,1,0,0.4,0.1568627506494522,10,5
9,5,4,26,010110010010110011110100011110,1,1,0,0.29,0.21052631735801697,9,5
9,5,4,27,010110010010110011110100011110,1,1,0,0.59,0.695652186870575,10,6
9,5,4,28,010110010010110011110100011110,1,1,0,0.35,0.8965517282485962,10,4
9,5,5,0,111101000110110000111000100101,1,1,0,0.4,0.6818181872367859,10,2
9,5,5,1,111101000110110000111000100101,1,1,0,0.45,0.49494948983192444,9,7
9,5,5,2,111101000110110000111000100101,1,1,0,0.21,0.5040650367736816,9,6
9,5,5,3,111101000110110000111000100101,1,1,0,0.38,0.7272727489471436,10,7
9,5,5,5,111101000110110000111000100101,1,1,0,0.45,0.7083333134651184,9,7
9,5,5,9,111101000110110000111000100101,1,1,0,0.39,0.5632184147834778,6,2
9,5,5,10,111101000110110000111000100101,1,1,0,0.47,0.8181818127632141,7,3
9,5,5,12,111101000110110000111000100101,1,1,0,0.5,0.5964912176132202,8,7
9,5,5,13,111101000110110000111000100101,1,1,0,0.72,0.9512194991111755,7,3
9,5,5,18,111101000110110000111000100101,1,1,0,0.37,0.6785714030265808,10,6
9,5,5,19,111101000110110000111000100101,1,1,0,0.45,0.30069929361343384,8,6
9,5,5,20,111101000110110000111000100101,1,1,0,0.64,0.44117647409439087,9,5
9,5,5,24,111101000110110000111000100101,1,1,0,0.36,0.8103448152542114,5,2
9,5,5,27,111101000110110000111000100101,1,1,0,0.59,0.695652186870575,10,6
9,5,5,29,111101000110110000111000100101,1,1,0,0.27,0.5952380895614624,7,3
9,5,6,0,110011000111110000011101100101,1,1,0,0.4,0.6818181872367859,10,2
9,5,6,1,110011000111110000011101100101,1,1,0,0.45,0.49494948983192444,9,7
9,5,6,4,110011000111110000011101100101,1,1,0,0.17,0.3055555522441864,10,5
9,5,6,5,110011000111110000011101100101,1,1,0,0.45,0.7083333134651184,9,7
9,5,6,9,110011000111110000011101100101,1,1,0,0.39,0.5632184147834778,6,2
9,5,6,10,110011000111110000011101100101,1,1,0,0.47,0.8181818127632141,7,3
9,5,6,11,110011000111110000011101100101,1,1,0,0.5,0.2142857164144516,10,7
9,5,6,12,110011000111110000011101100101,1,1,0,0.5,0.5964912176132202,8,7
9,5,6,13,110011000111110000011101100101,1,1,0,0.72,0.9512194991111755,7,3
9,5,6,19,110011000111110000011101100101,1,1,0,0.45,0.30069929361343384,8,6
9,5,6,20,110011000111110000011101100101,1,1,0,0.64,0.44117647409439087,9,5
9,5,6,21,110011000111110000011101100101,1,1,0,0.34,0.7932960987091064,10,7
9,5,6,23,110011000111110000011101100101,1,1,0,0.49,0.49180328845977783,8,4
9,5,6,24,110011000111110000011101100101,1,1,0,0.36,0.8103448152542114,5,2
9,5,6,27,110011000111110000011101100101,1,1,0,0.59,0.695652186870575,10,6
9,5,6,29,110011000111110000011101100101,1,1,0,0.27,0.5952380895614624,7,3
9,5,7,0,101010010011100101110001111100,1,1,0,0.4,0.6818181872367859,10,2
9,5,7,2,101010010011100101110001111100,1,1,0,0.21,0.5040650367736816,9,6
9,5,7,4,101010010011100101110001111100,1,1,0,0.17,0.3055555522441864,10,5
9,5,7,7,101010010011100101110001111100,1,1,0,0.16,0.2786885201931,9,3
9,5,7,10,101010010011100101110001111100,1,1,0,0.47,0.8181818127632141,7,3
9,5,7,11,101010010011100101110001111100,1,1,0,0.5,0.2142857164144516,10,7
9,5,7,12,101010010011100101110001111100,1,1,0,0.5,0.5964912176132202,8,7
9,5,7,15,101010010011100101110001111100,1,1,0,0.3,0.6000000238418579,10,5
9,5,7,17,101010010011100101110001111100,1,1,0,0.33,0.5,10,4
9,5,7,18,101010010011100101110001111100,1,1,0,0.37,0.6785714030265808,10,6
9,5,7,19,101010010011100101110001111100,1,1,0,0.45,0.30069929361343384,8,6
9,5,7,23,101010010011100101110001111100,1,1,0,0.49,0.49180328845977783,8,4
9,5,7,24,101010010011100101110001111100,1,1,0,0.36,0.8103448152542114,5,2
9,5,7,25,101010010011100101110001111100,1,1,0,0.4,0.1568627506494522,10,5
9,5,7,26,101010010011100101110001111100,1,1,0,0.29,0.21052631735801697,9,5
9,5,7,27,101010010011100101110001111100,1,1,0,0.59,0.695652186870575,10,6
9,5,8,1,010011001001010010001010000100,1,1,0,0.45,0.49494948983192444,9,7
9,5,8,4,010011001001010010001010000100,1,1,0,0.17,0.3055555522441864,10,5
9,5,8,5,010011001001010010001010000100,1,1,0,0.45,0.7083333134651184,9,7
9,5,8,8,010011001001010010001010000100,1,1,0,0.46,0.8518518805503845,10,7
9,5,8,11,010011001001010010001010000100,1,1,0,0.5,0.2142857164144516,10,7
9,5,8,13,010011001001010010001010000100,1,1,0,0.72,0.9512194991111755,7,3
9,5,8,16,010011001001010010001010000100,1,1,0,0.44,0.7105262875556946,7,3
9,5,8,20,010011001001010010001010000100,1,1,0,0.64,0.44117647409439087,9,5
9,5,8,22,010011001001010010001010000100,1,1,0,0.24,0.5,10,3
9,5,8,27,010011001001010010001010000100,1,1,0,0.59,0.695652186870575,10,6
9,5,9,1,010110010000100001110100011110,1,1,0,0.45,0.49494948983192444,9,7
9,5,9,3,010110010000100001110100011110,1,1,0,0.38,0.7272727489471436,10,7
9,5,9,4,010110010000100001110100011110,1,1,0,0.17,0.3055555522441864,10,5
9,5,9,7,010110010000100001110100011110,1,1,0,0.16,0.2786885201931,9,3
9,5,9,12,010110010000100001110100011110,1,1,0,0.5,0.5964912176132202,8,7
9,5,9,17,010110010000100001110100011110,1,1,0,0.33,0.5,10,4
9,5,9,18,010110010000100001110100011110,1,1,0,0.37,0.6785714030265808,10,6
9,5,9,19,010110010000100001110100011110,1,1,0,0.45,0.30069929361343384,8,6
9,5,9,21,010110010000100001110100011110,1,1,0,0.34,0.7932960987091064,10,7
9,5,9,25,010110010000100001110100011110,1,1,0,0.4,0.1568627506494522,10,5
9,5,9,26,010110010000100001110100011110,1,1,0,0.29,0.21052631735801697,9,5
9,5,9,27,010110010000100001110100011110,1,1,0,0.59,0.695652186870575,10,6
9,5,9,28,010110010000100001110100011110,1,1,0,0.35,0.8965517282485962,10,4
9,5,10,1,010111001001010010001010010110,1,1,0,0.45,0.49494948983192444,9,7
9,5,10,3,010111001001010010001010010110,1,1,0,0.38,0.7272727489471436,10,7
9,5,10,4,010111001001010010001010010110,1,1,0,0.17,0.3055555522441864,10,5
9,5,10,5,010111001001010010001010010110,1,1,0,0.45,0.7083333134651184,9,7
9,5,10,8,010111001001010010001010010110,1,1,0,0.46,0.8518518805503845,10,7
9,5,10,11,010111001001010010001010010110,1,1,0,0.5,0.2142857164144516,10,7
9,5,10,13,010111001001010010001010010110,1,1,0,0.72,0.9512194991111755,7,3
9,5,10,16,010111001001010010001010010110,1,1,0,0.44,0.7105262875556946,7,3
9,5,10,20,010111001001010010001010010110,1,1,0,0.64,0.44117647409439087,9,5
9,5,10,22,010111001001010010001010010110,1,1,0,0.24,0.5,10,3
9,5,10,25,010111001001010010001010010110,1,1,0,0.4,0.1568627506494522,10,5
9,5,10,27,010111001001010010001010010110,1,1,0,0.59,0.695652186870575,10,6
9,5,10,28,010111001001010010001010010110,1,1,0,0.35,0.8965517282485962,10,4
9,5,11,0,101011000111110010011101100100,1,1,0,0.4,0.6818181872367859,10,2
9,5,11,2,101011000111110010011101100100,1,1,0,0.21,0.5040650367736816,9,6
9,5,11,4,101011000111110010011101100100,1,1,0,0.17,0.3055555522441864,10,5
9,5,11,5,101011000111110010011101100100,1,1,0,0.45,0.7083333134651184,9,7
9,5,11,9,101011000111110010011101100100,1,1,0,0.39,0.5632184147834778,6,2
9,5,11,10,101011000111110010011101100100,1,1,0,0.47,0.8181818127632141,7,3
9,5,11,11,101011000111110010011101100100,1,1,0,0.5,0.2142857164144516,10,7
9,5,11,12,101011000111110010011101100100,1,1,0,0.5,0.5964912176132202,8,7
9,5,11,13,101011000111110010011101100100,1,1,0,0.72,0.9512194991111755,7,3
9,5,11,16,101011000111110010011101100100,1,1,0,0.44,0.7105262875556946,7,3
9,5,11,19,101011000111110010011101100100,1,1,0,0.45,0.30069929361343384,8,6
9,5,11,20,101011000111110010011101100100,1,1,0,0.64,0.44117647409439087,9,5
9,5,11,21,101011000111110010011101100100,1,1,0,0.34,0.7932960987091064,10,7
9,5,11,23,101011000111110010011101100100,1,1,0,0.49,0.49180328845977783,8,4
9,5,11,24,101011000111110010011101100100,1,1,0,0.36,0.8103448152542114,5,2
9,5,11,27,101011000111110010011101100100,1,1,0,0.59,0.695652186870575,10,6
9,5,12,1,010011001001000000111111011000,1,1,0,0.45,0.49494948983192444,9,7
9,5,12,4,010011001001000000111111011000,1,1,0,0.17,0.3055555522441864,10,5
9,5,12,5,010011001001000000111111011000,1,1,0,0.45,0.7083333134651184,9,7
9,5,12,8,010011001001000000111111011000,1,1,0,0.46,0.8518518805503845,10,7
9,5,12,11,010011001001000000111111011000,1,1,0,0.5,0.2142857164144516,10,7
9,5,12,18,010011001001000000111111011000,1,1,0,0.37,0.6785714030265808,10,6
9,5,12,19,010011001001000000111111011000,1,1,0,0.45,0.30069929361343384,8,6
9,5,12,20,010011001001000000111111011000,1,1,0,0.64,0.44117647409439087,9,5
9,5,12,21,010011001001000000111111011000,1,1,0,0.34,0.7932960987091064,10,7
9,5,12,22,010011001001000000111111011000,1,1,0,0.24,0.5,10,3
9,5,12,23,010011001001000000111111011000,1,1,0,0.49,0.49180328845977783,8,4
9,5,12,25,010011001001000000111111011000,1,1,0,0.4,0.1568627506494522,10,5
9,5,12,26,010011001001000000111111011000,1,1,0,0.29,0.21052631735801697,9,5
9,5,13,0,101010010111100100110001111100,1,1,0,0.4,0.6818181872367859,10,2
9,5,13,2,101010010111100100110001111100,1,1,0,0.21,0.5040650367736816,9,6
9,5,13,4,101010010111100100110001111100,1,1,0,0.17,0.3055555522441864,10,5
9,5,13,7,101010010111100100110001111100,1,1,0,0.16,0.2786885201931,9,3
9,5,13,9,101010010111100100110001111100,1,1,0,0.39,0.5632184147834778,6,2
9,5,13,10,101010010111100100110001111100,1,1,0,0.47,0.8181818127632141,7,3
9,5,13,11,101010010111100100110001111100,1,1,0,0.5,0.2142857164144516,10,7
9,5,13,12,101010010111100100110001111100,1,1,0,0.5,0.5964912176132202,8,7
9,5,13,15,101010010111100100110001111100,1,1,0,0.3,0.6000000238418579,10,5
9,5,13,18,101010010111100100110001111100,1,1,0,0.37,0.6785714030265808,10,6
9,5,13,19,101010010111100100110001111100,1,1,0,0.45,0.30069929361343384,8,6
9,5,13,23,101010010111100100110001111100,1,1,0,0.49,0.49180328845977783,8,4
9,5,13,24,101010010111100100110001111100,1,1,0,0.36,0.8103448152542114,5,2
9,5,13,25,101010010111100100110001111100,1,1,0,0.4,0.1568627506494522,10,5
9,5,13,26,101010010111100100110001111100,1,1,0,0.29,0.21052631735801697,9,5
9,5,13,27,101010010111100100110001111100,1,1,0,0.59,0.695652186870575,10,6
9,5,14,1,010011010010110010110100011100,1,1,0,0.45,0.49494948983192444,9,7
9,5,14,4,010011010010110010110100011100,1,1,0,0.17,0.3055555522441864,10,5
9,5,14,5,010011010010110010110100011100,1,1,0,0.45,0.7083333134651184,9,7
9,5,14,7,010011010010110010110100011100,1,1,0,0.16,0.2786885201931,9,3
9,5,14,10,010011010010110010110100011100,1,1,0,0.47,0.8181818127632141,7,3
9,5,14,12,010011010010110010110100011100,1,1,0,0.5,0.5964912176132202,8,7
9,5,14,13,010011010010110010110100011100,1,1,0,0.72,0.9512194991111755,7,3
9,5,14,16,010011010010110010110100011100,1,1,0,0.44,0.7105262875556946,7,3
9,5,14,18,010011010010110010110100011100,1,1,0,0.37,0.6785714030265808,10,6
9,5,14,19,010011010010110010110100011100,1,1,0,0.45,0.30069929361343384,8,6
9,5,14,21,010011010010110010110100011100,1,1,0,0.34,0.7932960987091064,10,7
9,5,14,25,010011010010110010110100011100,1,1,0,0.4,0.1568627506494522,10,5
9,5,14,26,010011010010110010110100011100,1,1,0,0.29,0.21052631735801697,9,5
9,5,14,27,010011010010110010110100011100,1,1,0,0.59,0.695652186870575,10,6
9,5,15,1,010110010001110001110100011110,1,1,0,0.45,0.49494948983192444,9,7
9,5,15,3,010110010001110001110100011110,1,1,0,0.38,0.7272727489471436,10,7
9,5,15,4,010110010001110001110100011110,1,1,0,0.17,0.3055555522441864,10,5
9,5,15,7,010110010001110001110100011110,1,1,0,0.16,0.2786885201931,9,3
9,5,15,11,010110010001110001110100011110,1,1,0,0.5,0.2142857164144516,10,7
9,5,15,12,010110010001110001110100011110,1,1,0,0.5,0.5964912176132202,8,7
9,5,15,13,010110010001110001110100011110,1,1,0,0.72,0.9512194991111755,7,3
9,5,15,17,010110010001110001110100011110,1,1,0,0.33,0.5,10,4
9,5,15,18,010110010001110001110100011110,1,1,0,0.37,0.6785714030265808,10,6
9,5,15,19,010110010001110001110100011110,1,1,0,0.45,0.30069929361343384,8,6
9,5,15,21,010110010001110001110100011110,1,1,0,0.34,0.7932960987091064,10,7
9,5,15,25,010110010001110001110100011110,1,1,0,0.4,0.1568627506494522,10,5
9,5,15,26,010110010001110001110100011110,1,1,0,0.29,0.21052631735801697,9,5
9,5,15,27,010110010001110001110100011110,1,1,0,0.59,0.695652186870575,10,6
9,5,15,28,010110010001110001110100011110,1,1,0,0.35,0.8965517282485962,10,4
9,5,16,0,110011000111111000011101100101,1,1,0,0.4,0.6818181872367859,10,2
9,5,16,1,110011000111111000011101100101,1,1,0,0.45,0.49494948983192444,9,7
9,5,16,4,110011000111111000011101100101,1,1,0,0.17,0.3055555522441864,10,5
9,5,16,5,110011000111111000011101100101,1,1,0,0.45,0.7083333134651184,9,7
9,5,16,9,110011000111111000011101100101,1,1,0,0.39,0.5632184147834778,6,2
9,5,16,10,110011000111111000011101100101,1,1,0,0.47,0.8181818127632141,7,3
9,5,16,11,110011000111111000011101100101,1,1,0,0.5,0.2142857164144516,10,7
9,5,16,12,110011000111111000011101100101,1,1,0,0.5,0.5964912176132202,8,7
9,5,16,13,110011000111111000011101100101,1,1,0,0.72,0.9512194991111755,7,3
9,5,16,14,110011000111111000011101100101,1,1,0,0.33,0.5789473652839661,10,6
9,5,16,19,110011000111111000011101100101,1,1,0,0.45,0.30069929361343384,8,6
9,5,16,20,110011000111111000011101100101,1,1,0,0.64,0.44117647409439087,9,5
9,5,16,21,110011000111111000011101100101,1,1,0,0.34,0.7932960987091064,10,7
9,5,16,23,110011000111111000011101100101,1,1,0,0.49,0.49180328845977783,8,4
9,5,16,24,110011000111111000011101100101,1,1,0,0.36,0.8103448152542114,5,2
9,5,16,27,110011000111111000011101100101,1,1,0,0.59,0.695652186870575,10,6
9,5,16,29,110011000111111000011101100101,1,1,0,0.27,0.5952380895614624,7,3
9,5,17,1,010011001001010110011010100100,1,1,0,0.45,0.49494948983192444,9,7
9,5,17,4,010011001001010110011010100100,1,1,0,0.17,0.3055555522441864,10,5
9,5,17,5,010011001001010110011010100100,1,1,0,0.45,0.7083333134651184,9,7
9,5,17,8,010011001001010110011010100100,1,1,0,0.46,0.8518518805503845,10,7
9,5,17,11,010011001001010110011010100100,1,1,0,0.5,0.2142857164144516,10,7
9,5,17,13,010011001001010110011010100100,1,1,0,0.72,0.9512194991111755,7,3
9,5,17,15,010011001001010110011010100100,1,1,0,0.3,0.6000000238418579,10,5
9,5,17,16,010011001001010110011010100100,1,1,0,0.44,0.7105262875556946,7,3
9,5,17,19,010011001001010110011010100100,1,1,0,0.45,0.30069929361343384,8,6
9,5,17,20,010011001001010110011010100100,1,1,0,0.64,0.44117647409439087,9,5
9,5,17,22,010011001001010110011010100100,1,1,0,0.24,0.5,10,3
9,5,17,24,010011001001010110011010100100,1,1,0,0.36,0.8103448152542114,5,2
9,5,17,27,010011001001010110011010100100,1,1,0,0.59,0.695652186870575,10,6
9,5,18,1,010011100111110010011101111000,1,1,0,0.45,0.49494948983192444,9,7
9,5,18,4,010011100111110010011101111000,1,1,0,0.17,0.3055555522441864,10,5
9,5,18,5,010011100111110010011101111000,1,1,0,0.45,0.7083333134651184,9,7
9,5,18,6,010011100111110010011101111000,1,1,0,0.39,0.739130437374115,10,4
9,5,18,9,010011100111110010011101111000,1,1,0,0.39,0.5632184147834778,6,2
9,5,18,10,010011100111110010011101111000,1,1,0,0.47,0.8181818127632141,7,3
9,5,18,11,010011100111110010011101111000,1,1,0,0.5,0.2142857164144516,10,7
9,5,18,12,010011100111110010011101111000,1,1,0,0.5,0.5964912176132202,8,7
9,5,18,13,010011100111110010011101111000,1,1,0,0.72,0.9512194991111755,7,3
9,5,18,16,010011100111110010011101111000,1,1,0,0.44,0.7105262875556946,7,3
9,5,18,19,010011100111110010011101111000,1,1,0,0.45,0.30069929361343384,8,6
9,5,18,20,010011100111110010011101111000,1,1,0,0.64,0.44117647409439087,9,5
9,5,18,21,010011100111110010011101111000,1,1,0,0.34,0.7932960987091064,10,7
9,5,18,23,010011100111110010011101111000,1,1,0,0.49,0.49180328845977783,8,4
9,5,18,24,010011100111110010011101111000,1,1,0,0.36,0.8103448152542114,5,2
9,5,18,25,010011100111110010011101111000,1,1,0,0.4,0.1568627506494522,10,5
9,5,18,26,010011100111110010011101111000,1,1,0,0.29,0.21052631735801697,9,5
9,5,19,4,000010100101011000111111011000,1,1,0,0.17,0.3055555522441864,10,5
9,5,19,6,000010100101011000111111011000,1,1,0,0.39,0.739130437374115,10,4
9,5,19,9,000010100101011000111111011000,1,1,0,0.39,0.5632184147834778,6,2
9,5,19,11,000010100101011000111111011000,1,1,0,0.5,0.2142857164144516,10,7
9,5,19,13,000010100101011000111111011000,1,1,0,0.72,0.9512194991111755,7,3
9,5,19,14,000010100101011000111111011000,1,1,0,0.33,0.5789473652839661,10,6
9,5,19,18,000010100101011000111111011000,1,1,0,0.37,0.6785714030265808,10,6
9,5,19,19,000010100101011000111111011000,1,1,0,0.45,0.30069929361343384,8,6
9,5,19,20,000010100101011000111111011000,1,1,0,0.64,0.44117647409439087,9,5
9,5,19,21,000010100101011000111111011000,1,1,0,0.34,0.7932960987091064,10,7
9,5,19,22,000010100101011000111111011000,1,1,0,0.24,0.5,10,3
9,5,19,23,000010100101011000111111011000,1,1,0,0.49,0.49180328845977783,8,4
9,5,19,25,000010100101011000111111011000,1,1,0,0.4,0.1568627506494522,10,5
9,5,19,26,000010100101011000111111011000,1,1,0,0.29,0.21052631735801697,9,5
9,5,20,1,010011010110110000111000100100,1,1,0,0.45,0.49494948983192444,9,7
9,5,20,4,010011010110110000111000100100,1,1,0,0.17,0.3055555522441864,10,5
9,5,20,5,010011010110110000111000100100,1,1,0,0.45,0.7083333134651184,9,7
9,5,20,7,010011010110110000111000100100,1,1,0,0.16,0.2786885201931,9,3
9,5,20,9,010011010110110000111000100100,1,1,0,0.39,0.5632184147834778,6,2
9,5,20,10,010011010110110000111000100100,1,1,0,0.47,0.8181818127632141,7,3
9,5,20,12,010011010110110000111000100100,1,1,0,0.5,0.5964912176132202,8,7
9,5,20,13,010011010110110000111000100100,1,1,0,0.72,0.9512194991111755,7,3
9,5,20,18,010011010110110000111000100100,1,1,0,0.37,0.6785714030265808,10,6
9,5,20,19,010011010110110000111000100100,1,1,0,0.45,0.30069929361343384,8,6
9,5,20,20,010011010110110000111000100100,1,1,0,0.64,0.44117647409439087,9,5
9,5,20,24,010011010110110000111000100100,1,1,0,0.36,0.8103448152542114,5,2
9,5,20,27,010011010110110000111000100100,1,1,0,0.59,0.695652186870575,10,6
9,5,21,2,001110010010110011111100011010,1,1,0,0.21,0.5040650367736816,9,6
9,5,21,3,001110010010110011111100011010,1,1,0,0.38,0.7272727489471436,10,7
9,5,21,4,001110010010110011111100011010,1,1,0,0.17,0.3055555522441864,10,5
9,5,21,7,001110010010110011111100011010,1,1,0,0.16,0.2786885201931,9,3
9,5,21,10,001110010010110011111100011010,1,1,0,0.47,0.8181818127632141,7,3
9,5,21,12,001110010010110011111100011010,1,1,0,0.5,0.5964912176132202,8,7
9,5,21,13,001110010010110011111100011010,1,1,0,0.72,0.9512194991111755,7,3
9,5,21,16,001110010010110011111100011010,1,1,0,0.44,0.7105262875556946,7,3
9,5,21,17,001110010010110011111100011010,1,1,0,0.33,0.5,10,4
9,5,21,18,001110010010110011111100011010,1,1,0,0.37,0.6785714030265808,10,6
9,5,21,19,001110010010110011111100011010,1,1,0,0.45,0.30069929361343384,8,6
9,5,21,20,001110010010110011111100011010,1,1,0,0.64,0.44117647409439087,9,5
9,5,21,21,001110010010110011111100011010,1,1,0,0.34,0.7932960987091064,10,7
9,5,21,25,001110010010110011111100011010,1,1,0,0.4,0.1568627506494522,10,5
9,5,21,26,001110010010110011111100011010,1,1,0,0.29,0.21052631735801697,9,5
9,5,21,28,001110010010110011111100011010,1,1,0,0.35,0.8965517282485962,10,4
9,5,22,0,110000010001000000001010001101,1,1,0,0.4,0.6818181872367859,10,2
9,5,22,1,110000010001000000001010001101,1,1,0,0.45,0.49494948983192444,9,7
9,5,22,7,110000010001000000001010001101,1,1,0,0.16,0.2786885201931,9,3
9,5,22,11,110000010001000000001010001101,1,1,0,0.5,0.2142857164144516,10,7
9,5,22,20,110000010001000000001010001101,1,1,0,0.64,0.44117647409439087,9,5
9,5,22,22,110000010001000000001010001101,1,1,0,0.24,0.5,10,3
9,5,22,26,110000010001000000001010001101,1,1,0,0.29,0.21052631735801697,9,5
9,5,22,27,110000010001000000001010001101,1,1,0,0.59,0.695652186870575,10,6
9,5,22,29,110000010001000000001010001101,1,1,0,0.27,0.5952380895614624,7,3
9,5,23,2,001110011001000010011011011010,1,1,0,0.21,0.5040650367736816,9,6
9,5,23,3,001110011001000010011011011010,1,1,0,0.38,0.7272727489471436,10,7
9,5,23,4,001110011001000010011011011010,1,1,0,0.17,0.3055555522441864,10,5
9,5,23,7,001110011001000010011011011010,1,1,0,0.16,0.2786885201931,9,3
9,5,23,8,001110011001000010011011011010,1,1,0,0.46,0.8518518805503845,10,7
9,5,23,11,001110011001000010011011011010,1,1,0,0.5,0.2142857164144516,10,7
9,5,23,16,001110011001000010011011011010,1,1,0,0.44,0.7105262875556946,7,3
9,5,23,19,001110011001000010011011011010,1,1,0,0.45,0.30069929361343384,8,6
9,5,23,20,001110011001000010011011011010,1,1,0,0.64,0.44117647409439087,9,5
9,5,23,22,001110011001000010011011011010,1,1,0,0.24,0.5,10,3
9,5,23,23,001110011001000010011011011010,1,1,0,0.49,0.49180328845977783,8,4
9,5,23,25,001110011001000010011011011010,1,1,0,0.4,0.1568627506494522,10,5
9,5,23,26,001110011001000010011011011010,1,1,0,0.29,0.21052631735801697,9,5
9,5,23,28,001110011001000010011011011010,1,1,0,0.35,0.8965517282485962,10,4
9,5,24,0,110011000111110000111000100101,1,1,0,0.4,0.6818181872367859,10,2
9,5,24,1,110011000111110000111000100101,1,1,0,0.45,0.49494948983192444,9,7
9,5,24,4,110011000111110000111000100101,1,1,0,0.17,0.3055555522441864,10,5
9,5,24,5,110011000111110000111000100101,1,1,0,0.45,0.7083333134651184,9,7
9,5,24,9,110011000111110000111000100101,1,1,0,0.39,0.5632184147834778,6,2
9,5,24,10,110011000111110000111000100101,1,1,0,0.47,0.8181818127632141,7,3
9,5,24,11,110011000111110000111000100101,1,1,0,0.5,0.2142857164144516,10,7
9,5,24,12,110011000111110000111000100101,1,1,0,0.5,0.5964912176132202,8,7
9,5,24,13,110011000111110000111000100101,1,1,0,0.72,0.9512194991111755,7,3
9,5,24,18,110011000111110000111000100101,1,1,0,0.37,0.6785714030265808,10,6
9,5,24,19,110011000111110000111000100101,1,1,0,0.45,0.30069929361343384,8,6
9,5,24,20,110011000111110000111000100101,1,1,0,0.64,0.44117647409439087,9,5
9,5,24,24,110011000111110000111000100101,1,1,0,0.36,0.8103448152542114,5,2
9,5,24,27,110011000111110000111000100101,1,1,0,0.59,0.695652186870575,10,6
9,5,24,29,110011000111110000111000100101,1,1,0,0.27,0.5952380895614624,7,3
