round,generation,solution_index,bitstring,objective_1,objective_2,objective_3,num_selected,selected_client_ids,num_available_selected,available_selected_client_ids,num_unavailable_selected,unavailable_selected_client_ids,mean_selected_client_accuracy,selected_client_accuracy_variance,selected_client_accuracy_std,inverse_accuracy_variance,mean_selected_utility,selected_utility_variance,selected_utility_std,mean_available_selected_utility,available_selected_utility_variance,available_selected_utility_std
0,1,0,110001001000101101111011110100,0.3346955852920186,0.2193175852631352,0.722000002861023,16,"[0, 1, 5, 8, 12, 14, 15, 17, 18, 19, 20, 22, 23, 24, 25, 27]",14,"[0, 1, 5, 8, 12, 14, 15, 17, 18, 19, 20, 23, 25, 27]",2,"[22, 24]",0.19970379830920137,0.09121780619890076,0.3020228570802229,10.96277187174943,0.591439166811067,0.09082097676801168,0.3013651883811594,0.6653044147079814,0.06010636954227844,0.24516600405088476
0,1,1,111100001100010101000111111001,0.4626552774166357,0.12147983797610952,0.7310000061988831,16,"[0, 1, 2, 3, 8, 9, 13, 15, 17, 21, 22, 23, 24, 25, 26, 29]",13,"[0, 1, 2, 3, 8, 13, 15, 17, 21, 23, 25, 26, 29]",3,"[9, 22, 24]",0.10790777395595796,0.010196637869152834,0.1009784029837709,98.07154209381399,0.4515958083397003,0.08479675227876408,0.2911988191575716,0.5373447225833643,0.06509169532514444,0.2551307416309223
0,1,2,100100110010100000100000010111,0.4833562651655433,0.07857643440365791,0.8094999939203262,11,"[0, 3, 6, 7, 10, 12, 18, 25, 27, 28, 29]",10,"[0, 3, 6, 10, 12, 18, 25, 27, 28, 29]",1,[7],0.07977340573614294,0.007196533221265194,0.08483238309316316,138.95579569410978,0.4706613636204422,0.09938741158735373,0.31525769076638516,0.5166437348344567,0.0860679896589915,0.2933734644765806
0,1,3,110100111000011000000001111101,0.43147967627872064,0.16738134409145763,0.6924999952316284,14,"[0, 1, 3, 6, 7, 8, 13, 14, 23, 24, 25, 26, 27, 29]",12,"[0, 1, 3, 6, 8, 13, 14, 23, 25, 26, 27, 29]",2,"[7, 24]",0.15185430529527366,0.06265930132658405,0.2503183998961803,15.959322539968005,0.49218859258230674,0.09732527868585464,0.3119699964513489,0.5685203237212794,0.07266947363350425,0.2695727612973986
0,1,4,110000000111101100011001110110,0.3744258294813372,0.1904851648455056,0.7769999951124191,15,"[0, 1, 9, 10, 11, 12, 14, 15, 19, 20, 23, 24, 25, 27, 28]",13,"[0, 1, 10, 11, 12, 14, 15, 19, 20, 23, 25, 27, 28]",2,"[9, 24]",0.16829467195396622,0.0784293133799127,0.28005234042927174,12.750334752466669,0.5520873102363596,0.09491262816249799,0.3080789317082523,0.6255741705186628,0.06896842841715128,0.2626184083744917
0,1,5,111111101011110101010101000011,0.4251332204359929,0.18689088408198012,0.7794999927282333,19,"[0, 1, 2, 3, 4, 5, 6, 8, 10, 11, 12, 13, 15, 17, 19, 21, 23, 28, 29]",19,"[0, 1, 2, 3, 4, 5, 6, 8, 10, 11, 12, 13, 15, 17, 19, 21, 23, 28, 29]",0,[],0.18689088408198012,0.06139569404844231,0.24778154501181543,16.287787205581257,0.5748667795640071,0.07774848249188684,0.27883414871906714,0.5748667795640071,0.07774848249188684,0.27883414871906714
0,1,6,100000011110110101010110010010,0.44805353160338757,0.13019626215100288,0.7985000014305115,14,"[0, 7, 8, 9, 10, 12, 13, 15, 17, 19, 21, 22, 25, 28]",11,"[0, 8, 10, 12, 13, 15, 17, 19, 21, 25, 28]",3,"[7, 9, 22]",0.11753910473947014,0.013144156412400158,0.11464796732781685,76.07943550158936,0.44748154169127563,0.09300154351776517,0.3049615443261087,0.5519464683966124,0.06704678385439199,0.25893393723958236
0,1,7,011101010000000111110100000111,0.40228429593654436,0.16337550259553468,0.8129999935626984,14,"[1, 2, 3, 5, 7, 15, 16, 17, 18, 19, 21, 27, 28, 29]",13,"[1, 2, 3, 5, 15, 16, 17, 18, 19, 21, 27, 28, 29]",1,[7],0.15825890377163887,0.03467174717694386,0.18620351010908429,28.84192697000812,0.5557958431646587,0.08514807731901589,0.2918014347446151,0.5977157040634556,0.06709608309163587,0.2590291163009206
0,1,8,100101011110101111011101010101,0.4067730895427344,0.21022006784401395,0.7235000133514404,19,"[0, 3, 5, 7, 8, 9, 10, 12, 14, 15, 16, 17, 19, 20, 21, 23, 25, 27, 29]",17,"[0, 3, 5, 8, 10, 12, 14, 15, 16, 17, 19, 20, 21, 23, 25, 27, 29]",2,"[7, 9]",0.19410295698693708,0.07769483794798908,0.2787379377623166,12.87086795482379,0.5361569371599972,0.09611698918684279,0.31002740070329715,0.5932269104572656,0.07629318838772406,0.27621221621739334
0,1,9,100001010001010000010110100110,0.3371551474938954,0.21927804872393608,0.7964999973773956,11,"[0, 5, 7, 11, 13, 19, 21, 22, 24, 27, 28]",8,"[0, 5, 11, 13, 19, 21, 27, 28]",3,"[7, 22, 24]",0.1791620080105283,0.041772894199522216,0.204384182850636,23.938968538393436,0.4965783031449517,0.13127530364087817,0.3623193393139237,0.6628448525061046,0.07873288200235863,0.2805938025016922
0,1,10,111101110011010101011111010001,0.4272574705396348,0.1593719854786554,0.8044999986886978,19,"[0, 1, 2, 3, 5, 6, 7, 10, 11, 13, 15, 17, 19, 20, 21, 22, 23, 25, 29]",17,"[0, 1, 2, 3, 5, 6, 10, 11, 13, 15, 17, 19, 20, 21, 23, 25, 29]",2,"[7, 22]",0.15264423292032198,0.042347093706826267,0.20578409488302604,23.61437143533659,0.5178245660713262,0.08681863754853537,0.29465002553628833,0.5727425294603652,0.06819078605389697,0.2611336555365795
0,2,0,100100110010100000100000010111,0.4833562651655433,0.07857643440365791,0.8094999939203262,11,"[0, 3, 6, 7, 10, 12, 18, 25, 27, 28, 29]",10,"[0, 3, 6, 10, 12, 18, 25, 27, 28, 29]",1,[7],0.07977340573614294,0.007196533221265194,0.08483238309316316,138.95579569410978,0.4706613636204422,0.09938741158735373,0.31525769076638516,0.5166437348344567,0.0860679896589915,0.2933734644765806
0,2,1,110000000111110101010101000011,0.4553382701169002,0.09827389944201478,0.8174999952316284,14,"[0, 1, 9, 10, 11, 12, 13, 15, 17, 19, 21, 23, 28, 29]",13,"[0, 1, 10, 11, 12, 13, 15, 17, 19, 21, 23, 28, 29]",1,[9],0.0928594716491976,0.013093375689933563,0.11442628933043998,76.37449834795615,0.5122777975190307,0.09118709548220781,0.3019720110907761,0.5446617298830998,0.08351942038732928,0.28899726709318424
0,2,2,100000111000011001101001110111,0.477278456290804,0.21173859964339778,0.6775000095367432,15,"[0, 6, 7, 8, 13, 14, 17, 18, 20, 23, 24, 25, 27, 28, 29]",13,"[0, 6, 8, 13, 14, 17, 18, 20, 23, 25, 27, 28, 29]",2,"[7, 24]",0.19133239602670074,0.07656525345772754,0.2767042707616338,13.0607547789561,0.4575850986477661,0.08204959485017516,0.286443004540476,0.522721543709196,0.06276797964809445,0.2505353860198085
0,2,3,110001001000100000100001110100,0.29318211630775837,0.13331806333735585,0.6890000104904175,10,"[0, 1, 5, 8, 12, 18, 23, 24, 25, 27]",9,"[0, 1, 5, 8, 12, 18, 23, 25, 27]",1,[24],0.12255035960115493,0.04580059864577922,0.2140107442297681,21.83377574895859,0.6418919713246819,0.10203618078940788,0.31943102665428086,0.7068178836922416,0.07121979324285271,0.2668703678621003
0,2,4,010101010000100011110000110000,0.3142846740969446,0.11784081988864475,0.7824999988079071,11,"[1, 3, 5, 7, 12, 16, 17, 18, 19, 24, 25]",9,"[1, 3, 5, 12, 16, 17, 18, 19, 25]",2,"[7, 24]",0.10708650218492205,0.040453774902254824,0.20113123800706548,24.719571966181622,0.5672576676931311,0.10740086549898747,0.32772071264872393,0.6857153259030554,0.0539692620514173,0.23231285382306616
0,2,5,110100101101010100000001111101,0.41623737219117873,0.09973141411319375,0.6850000023841858,15,"[0, 1, 3, 6, 8, 9, 11, 13, 15, 23, 24, 25, 26, 27, 29]",13,"[0, 1, 3, 6, 8, 11, 13, 15, 23, 25, 26, 27, 29]",2,"[9, 24]",0.08964142131929596,0.00813752611111567,0.09020823749035156,122.8874705094984,0.5158506398878303,0.09834925855141519,0.3136068534828523,0.5837626278088213,0.07884587515436861,0.2807950767986658
0,2,6,110000100000100010111000010100,0.37075985327921157,0.09548869915306568,0.8875000029802322,10,"[0, 1, 6, 12, 16, 18, 19, 20, 25, 27]",10,"[0, 1, 6, 12, 16, 18, 19, 20, 25, 27]",0,[],0.09548869915306568,0.03616421986643274,0.1901689245550722,27.651640314469766,0.6292401467207884,0.07418557077767536,0.27237028247897266,0.6292401467207884,0.07418557077767536,0.27237028247897266
0,3,0,100100110010100000100000010111,0.4833562651655433,0.07857643440365791,0.8094999939203262,11,"[0, 3, 6, 7, 10, 12, 18, 25, 27, 28, 29]",10,"[0, 3, 6, 10, 12, 18, 25, 27, 28, 29]",1,[7],0.07977340573614294,0.007196533221265194,0.08483238309316316,138.95579569410978,0.4706613636204422,0.09938741158735373,0.31525769076638516,0.5166437348344567,0.0860679896589915,0.2933734644765806
0,3,1,110000000111110101010101000011,0.4553382701169002,0.09827389944201478,0.8174999952316284,14,"[0, 1, 9, 10, 11, 12, 13, 15, 17, 19, 21, 23, 28, 29]",13,"[0, 1, 10, 11, 12, 13, 15, 17, 19, 21, 23, 28, 29]",1,[9],0.0928594716491976,0.013093375689933563,0.11442628933043998,76.37449834795615,0.5122777975190307,0.09118709548220781,0.3019720110907761,0.5446617298830998,0.08351942038732928,0.28899726709318424
0,3,2,110001001000100000100001110100,0.29318211630775837,0.13331806333735585,0.6890000104904175,10,"[0, 1, 5, 8, 12, 18, 23, 24, 25, 27]",9,"[0, 1, 5, 8, 12, 18, 23, 25, 27]",1,[24],0.12255035960115493,0.04580059864577922,0.2140107442297681,21.83377574895859,0.6418919713246819,0.10203618078940788,0.31943102665428086,0.7068178836922416,0.07121979324285271,0.2668703678621003
0,3,3,010101010000100011110000110000,0.3142846740969446,0.11784081988864475,0.7824999988079071,11,"[1, 3, 5, 7, 12, 16, 17, 18, 19, 24, 25]",9,"[1, 3, 5, 12, 16, 17, 18, 19, 25]",2,"[7, 24]",0.10708650218492205,0.040453774902254824,0.20113123800706548,24.719571966181622,0.5672576676931311,0.10740086549898747,0.32772071264872393,0.6857153259030554,0.0539692620514173,0.23231285382306616
0,3,4,110100101101010100000001111101,0.41623737219117873,0.09973141411319375,0.6850000023841858,15,"[0, 1, 3, 6, 8, 9, 11, 13, 15, 23, 24, 25, 26, 27, 29]",13,"[0, 1, 3, 6, 8, 11, 13, 15, 23, 25, 26, 27, 29]",2,"[9, 24]",0.08964142131929596,0.00813752611111567,0.09020823749035156,122.8874705094984,0.5158506398878303,0.09834925855141519,0.3136068534828523,0.5837626278088213,0.07884587515436861,0.2807950767986658
0,3,5,110000100000100010111000010100,0.37075985327921157,0.09548869915306568,0.8875000029802322,10,"[0, 1, 6, 12, 16, 18, 19, 20, 25, 27]",10,"[0, 1, 6, 12, 16, 18, 19, 20, 25, 27]",0,[],0.09548869915306568,0.03616421986643274,0.1901689245550722,27.651640314469766,0.6292401467207884,0.07418557077767536,0.27237028247897266,0.6292401467207884,0.07418557077767536,0.27237028247897266
0,3,6,010101001000100011110000110100,0.2759523552449944,0.12707879800688138,0.726500004529953,12,"[1, 3, 5, 8, 12, 16, 17, 18, 19, 24, 25, 27]",11,"[1, 3, 5, 8, 12, 16, 17, 18, 19, 25, 27]",1,[24],0.1186256503375868,0.03863230859757683,0.19655103306158642,25.885069681357948,0.6685069043601422,0.08048361734230666,0.2836963470725463,0.7240476447550056,0.050783023704655504,0.22535089017941665
0,3,7,100101000000100010111000010100,0.3277372423601903,0.18086374029517174,0.6685000061988831,10,"[0, 3, 5, 12, 16, 18, 19, 20, 25, 27]",10,"[0, 3, 5, 12, 16, 18, 19, 20, 25, 27]",0,[],0.18086374029517174,0.06778129653646045,0.2603484137390901,14.753332425001444,0.6722627576398097,0.07008292771101941,0.2647318033614764,0.6722627576398097,0.07008292771101941,0.2647318033614764
0,3,8,110000110000100111100000000011,0.5443693074709759,0.07477557472884655,0.9050000011920929,11,"[0, 1, 6, 7, 12, 15, 16, 17, 18, 28, 29]",10,"[0, 1, 6, 12, 15, 16, 17, 18, 28, 29]",1,[7],0.0763180787590417,0.00927304238641345,0.09629663746161364,107.83947256244254,0.4151949615245945,0.08804124058337325,0.29671744233087016,0.4556306925290241,0.07885983288122209,0.2808199296368085
0,3,9,110001001000100000100001110101,0.35215720303422204,0.12439802181906998,0.6865000128746033,11,"[0, 1, 5, 8, 12, 18, 23, 24, 25, 27, 29]",10,"[0, 1, 5, 8, 12, 18, 23, 25, 27, 29]",1,[24],0.11542011310600421,0.04214531201061538,0.20529323420564882,23.727431410357674,0.5941806117885841,0.1155239026418351,0.33988807369755575,0.647842796965778,0.09540036160811256,0.30886948960380106
0,3,10,100100110101100111100000010111,0.4717302679345188,0.08386304516058701,0.8114999979734421,15,"[0, 3, 6, 7, 9, 11, 12, 15, 16, 17, 18, 25, 27, 28, 29]",13,"[0, 3, 6, 11, 12, 15, 16, 17, 18, 25, 27, 28, 29]",2,"[7, 9]",0.08029564109941324,0.007012810518548143,0.0837425251502971,142.596181282113,0.4646420563411793,0.09971382377009111,0.3157749574777758,0.5282697320654812,0.084441878823272,0.2905888484151999
0,3,11,010101010000100011110000010000,0.3142846740969446,0.11784081988864475,0.7824999988079071,10,"[1, 3, 5, 7, 12, 16, 17, 18, 19, 25]",9,"[1, 3, 5, 12, 16, 17, 18, 19, 25]",1,[7],0.11523104980587959,0.04376948217702981,0.2092115727607577,22.846968944147097,0.6182275584607797,0.08956372463535979,0.2992719910639146,0.6857153259030554,0.0539692620514173,0.23231285382306616
0,3,12,100000100000100010111000010100,0.40112793771907573,0.10609855461451742,0.8159999996423721,9,"[0, 6, 12, 16, 18, 19, 20, 25, 27]",9,"[0, 6, 12, 16, 18, 19, 20, 25, 27]",0,[],0.10609855461451742,0.03905677618912963,0.19762787300664253,25.603751706427893,0.5988720622809243,0.07320620644972761,0.2705664547753982,0.5988720622809243,0.07320620644972761,0.2705664547753982
0,4,0,100100110010100000100000010111,0.4833562651655433,0.07857643440365791,0.8094999939203262,11,"[0, 3, 6, 7, 10, 12, 18, 25, 27, 28, 29]",10,"[0, 3, 6, 10, 12, 18, 25, 27, 28, 29]",1,[7],0.07977340573614294,0.007196533221265194,0.08483238309316316,138.95579569410978,0.4706613636204422,0.09938741158735373,0.31525769076638516,0.5166437348344567,0.0860679896589915,0.2933734644765806
0,4,1,110001001000100000100001110100,0.29318211630775837,0.13331806333735585,0.6890000104904175,10,"[0, 1, 5, 8, 12, 18, 23, 24, 25, 27]",9,"[0, 1, 5, 8, 12, 18, 23, 25, 27]",1,[24],0.12255035960115493,0.04580059864577922,0.2140107442297681,21.83377574895859,0.6418919713246819,0.10203618078940788,0.31943102665428086,0.7068178836922416,0.07121979324285271,0.2668703678621003
0,4,2,010101010000100011110000110000,0.3142846740969446,0.11784081988864475,0.7824999988079071,11,"[1, 3, 5, 7, 12, 16, 17, 18, 19, 24, 25]",9,"[1, 3, 5, 12, 16, 17, 18, 19, 25]",2,"[7, 24]",0.10708650218492205,0.040453774902254824,0.20113123800706548,24.719571966181622,0.5672576676931311,0.10740086549898747,0.32772071264872393,0.6857153259030554,0.0539692620514173,0.23231285382306616
0,4,3,110100101101010100000001111101,0.41623737219117873,0.09973141411319375,0.6850000023841858,15,"[0, 1, 3, 6, 8, 9, 11, 13, 15, 23, 24, 25, 26, 27, 29]",13,"[0, 1, 3, 6, 8, 11, 13, 15, 23, 25, 26, 27, 29]",2,"[9, 24]",0.08964142131929596,0.00813752611111567,0.09020823749035156,122.8874705094984,0.5158506398878303,0.09834925855141519,0.3136068534828523,0.5837626278088213,0.07884587515436861,0.2807950767986658
0,4,4,010101001000100011110000110100,0.2759523552449944,0.12707879800688138,0.726500004529953,12,"[1, 3, 5, 8, 12, 16, 17, 18, 19, 24, 25, 27]",11,"[1, 3, 5, 8, 12, 16, 17, 18, 19, 25, 27]",1,[24],0.1186256503375868,0.03863230859757683,0.19655103306158642,25.885069681357948,0.6685069043601422,0.08048361734230666,0.2836963470725463,0.7240476447550056,0.050783023704655504,0.22535089017941665
0,4,5,100101000000100010111000010100,0.3277372423601903,0.18086374029517174,0.6685000061988831,10,"[0, 3, 5, 12, 16, 18, 19, 20, 25, 27]",10,"[0, 3, 5, 12, 16, 18, 19, 20, 25, 27]",0,[],0.18086374029517174,0.06778129653646045,0.2603484137390901,14.753332425001444,0.6722627576398097,0.07008292771101941,0.2647318033614764,0.6722627576398097,0.07008292771101941,0.2647318033614764
0,4,6,110001001000100000100001110101,0.35215720303422204,0.12439802181906998,0.6865000128746033,11,"[0, 1, 5, 8, 12, 18, 23, 24, 25, 27, 29]",10,"[0, 1, 5, 8, 12, 18, 23, 25, 27, 29]",1,[24],0.11542011310600421,0.04214531201061538,0.20529323420564882,23.727431410357674,0.5941806117885841,0.1155239026418351,0.33988807369755575,0.647842796965778,0.09540036160811256,0.30886948960380106
0,4,7,100100110101100111100000010111,0.4717302679345188,0.08386304516058701,0.8114999979734421,15,"[0, 3, 6, 7, 9, 11, 12, 15, 16, 17, 18, 25, 27, 28, 29]",13,"[0, 3, 6, 11, 12, 15, 16, 17, 18, 25, 27, 28, 29]",2,"[7, 9]",0.08029564109941324,0.007012810518548143,0.0837425251502971,142.596181282113,0.4646420563411793,0.09971382377009111,0.3157749574777758,0.5282697320654812,0.084441878823272,0.2905888484151999
0,4,8,010101010000100011110000010000,0.3142846740969446,0.11784081988864475,0.7824999988079071,10,"[1, 3, 5, 7, 12, 16, 17, 18, 19, 25]",9,"[1, 3, 5, 12, 16, 17, 18, 19, 25]",1,[7],0.11523104980587959,0.04376948217702981,0.2092115727607577,22.846968944147097,0.6182275584607797,0.08956372463535979,0.2992719910639146,0.6857153259030554,0.0539692620514173,0.23231285382306616
0,4,9,100000010001100000010011000100,0.3102846667128576,0.03425974654965103,0.8954999968409538,8,"[0, 7, 11, 12, 19, 22, 23, 27]",6,"[0, 11, 12, 19, 23, 27]",2,"[7, 22]",0.04955939395586029,0.0016850997225661324,0.0410499661700973,593.4366890032852,0.5300419692814804,0.14704048775360729,0.3834585867516951,0.6897153332871424,0.09353339364597939,0.30583229660384037
0,4,10,110000001010100000100000110100,0.33865861779727413,0.06363435741513968,0.818000003695488,9,"[0, 1, 8, 10, 12, 18, 24, 25, 27]",8,"[0, 1, 8, 10, 12, 18, 25, 27]",1,[24],0.05941287614405155,0.005160128664696643,0.07183403555903457,193.7936173649245,0.5942544241820502,0.11310198434869465,0.3363063846386129,0.6613413822027259,0.0867337929640703,0.29450601515770486
0,4,11,110001001000100000100101010100,0.28490209039752723,0.14665292506106198,0.6980000138282776,10,"[0, 1, 5, 8, 12, 18, 21, 23, 25, 27]",10,"[0, 1, 5, 8, 12, 18, 21, 23, 25, 27]",0,[],0.14665292506106198,0.046357474486737126,0.21530785978857606,21.571494372198813,0.7150979096024728,0.06471484338023435,0.2543911228408616,0.7150979096024728,0.06471484338023435,0.2543911228408616
0,4,12,100000110010000000000000010011,0.695141650589345,0.077133534476161,0.7709999978542328,7,"[0, 6, 7, 10, 25, 28, 29]",6,"[0, 6, 10, 25, 28, 29]",1,[7],0.07922061798827988,0.010351065842203489,0.10174018794067312,96.6084087614232,0.26285539256346124,0.03133835085340487,0.17702641286939322,0.30485834941065504,0.024211670641621757,0.15560099820252363
0,4,13,010101001000100010110000110100,0.23641404530648535,0.1397866778075695,0.726500004529953,11,"[1, 3, 5, 8, 12, 16, 18, 19, 24, 25, 27]",10,"[1, 3, 5, 8, 12, 16, 18, 19, 25, 27]",1,[24],0.1294098003682765,0.040748761949288885,0.20186322584683147,24.540622884309524,0.6994016642683446,0.07634647555054527,0.27630865992680226,0.7635859546935146,0.038665268594391476,0.19663486108620587
0,4,14,111100001100010011110001111001,0.46674846528402525,0.08734896915432598,0.7759999930858612,16,"[0, 1, 2, 3, 8, 9, 13, 16, 17, 18, 19, 23, 24, 25, 26, 29]",14,"[0, 1, 2, 3, 8, 13, 16, 17, 18, 19, 23, 25, 26, 29]",2,"[9, 24]",0.07943740652990527,0.008148866098004717,0.09027107010556991,122.71645993113742,0.4758979326766515,0.07921932856937394,0.2814592840347853,0.5332515347159748,0.0641802625881465,0.25333823751685514
0,4,15,110100111101010100100001010101,0.3984690679832047,0.09260128900552025,0.7010000050067902,15,"[0, 1, 3, 6, 7, 8, 9, 11, 13, 15, 18, 23, 25, 27, 29]",13,"[0, 1, 3, 6, 8, 11, 13, 15, 18, 23, 25, 27, 29]",2,"[7, 9]",0.08786878576502204,0.007669700536320844,0.08757682648007316,130.3831870963374,0.5281350962989847,0.10246688354510618,0.32010448848009954,0.6015309320167953,0.0775799793861899,0.27853182831803963
0,5,0,110001001000100000100001110100,0.29318211630775837,0.13331806333735585,0.6890000104904175,10,"[0, 1, 5, 8, 12, 18, 23, 24, 25, 27]",9,"[0, 1, 5, 8, 12, 18, 23, 25, 27]",1,[24],0.12255035960115493,0.04580059864577922,0.2140107442297681,21.83377574895859,0.6418919713246819,0.10203618078940788,0.31943102665428086,0.7068178836922416,0.07121979324285271,0.2668703678621003
0,5,1,110100101101010100000001111101,0.41623737219117873,0.09973141411319375,0.6850000023841858,15,"[0, 1, 3, 6, 8, 9, 11, 13, 15, 23, 24, 25, 26, 27, 29]",13,"[0, 1, 3, 6, 8, 11, 13, 15, 23, 25, 26, 27, 29]",2,"[9, 24]",0.08964142131929596,0.00813752611111567,0.09020823749035156,122.8874705094984,0.5158506398878303,0.09834925855141519,0.3136068534828523,0.5837626278088213,0.07884587515436861,0.2807950767986658
0,5,2,010101001000100011110000110100,0.2759523552449944,0.12707879800688138,0.726500004529953,12,"[1, 3, 5, 8, 12, 16, 17, 18, 19, 24, 25, 27]",11,"[1, 3, 5, 8, 12, 16, 17, 18, 19, 25, 27]",1,[24],0.1186256503375868,0.03863230859757683,0.19655103306158642,25.885069681357948,0.6685069043601422,0.08048361734230666,0.2836963470725463,0.7240476447550056,0.050783023704655504,0.22535089017941665
0,5,3,100101000000100010111000010100,0.3277372423601903,0.18086374029517174,0.6685000061988831,10,"[0, 3, 5, 12, 16, 18, 19, 20, 25, 27]",10,"[0, 3, 5, 12, 16, 18, 19, 20, 25, 27]",0,[],0.18086374029517174,0.06778129653646045,0.2603484137390901,14.753332425001444,0.6722627576398097,0.07008292771101941,0.2647318033614764,0.6722627576398097,0.07008292771101941,0.2647318033614764
0,5,4,110001001000100000100001110101,0.35215720303422204,0.12439802181906998,0.6865000128746033,11,"[0, 1, 5, 8, 12, 18, 23, 24, 25, 27, 29]",10,"[0, 1, 5, 8, 12, 18, 23, 25, 27, 29]",1,[24],0.11542011310600421,0.04214531201061538,0.20529323420564882,23.727431410357674,0.5941806117885841,0.1155239026418351,0.33988807369755575,0.647842796965778,0.09540036160811256,0.30886948960380106
0,5,5,100000010001100000010011000100,0.3102846667128576,0.03425974654965103,0.8954999968409538,8,"[0, 7, 11, 12, 19, 22, 23, 27]",6,"[0, 11, 12, 19, 23, 27]",2,"[7, 22]",0.04955939395586029,0.0016850997225661324,0.0410499661700973,593.4366890032852,0.5300419692814804,0.14704048775360729,0.3834585867516951,0.6897153332871424,0.09353339364597939,0.30583229660384037
0,5,6,010101001000100010110000110100,0.23641404530648535,0.1397866778075695,0.726500004529953,11,"[1, 3, 5, 8, 12, 16, 18, 19, 24, 25, 27]",10,"[1, 3, 5, 8, 12, 16, 18, 19, 25, 27]",1,[24],0.1294098003682765,0.040748761949288885,0.20186322584683147,24.540622884309524,0.6994016642683446,0.07634647555054527,0.27630865992680226,0.7635859546935146,0.038665268594391476,0.19663486108620587
0,5,7,110100111101010100100001010101,0.3984690679832047,0.09260128900552025,0.7010000050067902,15,"[0, 1, 3, 6, 7, 8, 9, 11, 13, 15, 18, 23, 25, 27, 29]",13,"[0, 1, 3, 6, 8, 11, 13, 15, 18, 23, 25, 27, 29]",2,"[7, 9]",0.08786878576502204,0.007669700536320844,0.08757682648007316,130.3831870963374,0.5281350962989847,0.10246688354510618,0.32010448848009954,0.6015309320167953,0.0775799793861899,0.27853182831803963
0,5,8,110100110010100000100001110100,0.3904571469252971,0.042899964423850176,0.8040000051259995,12,"[0, 1, 3, 6, 7, 10, 12, 18, 23, 24, 25, 27]",10,"[0, 1, 3, 6, 10, 12, 18, 23, 25, 27]",2,"[7, 24]",0.04553198243957013,0.0017209044068278246,0.04148378486623207,581.0898014046688,0.513652078520331,0.10745529258669213,0.32780374095896486,0.6095428530747029,0.073666964137063,0.27141658780749384
0,5,9,010101011000100000100001110101,0.27982384330704113,0.13868373674340545,0.6875,12,"[1, 3, 5, 7, 8, 12, 18, 23, 24, 25, 27, 29]",10,"[1, 3, 5, 8, 12, 18, 23, 25, 27, 29]",2,"[7, 24]",0.1253517927058662,0.03753386345752369,0.19373658265160892,26.642607711611664,0.6058464982022109,0.11851955298206411,0.3442666887488014,0.7201761566929589,0.06368669561566735,0.2523622309611075
0,5,10,110101001000100010110011110100,0.31388302329386164,0.11710164327329646,0.695499986410141,14,"[0, 1, 3, 5, 8, 12, 16, 18, 19, 22, 23, 24, 25, 27]",12,"[0, 1, 3, 5, 8, 12, 16, 18, 19, 23, 25, 27]",2,"[22, 24]",0.10928816418163478,0.033937647284323656,0.1842217340172534,29.465802140678033,0.5987263273956425,0.10467002217688612,0.32352746742260713,0.6861169767061384,0.06860797411078345,0.26193123928005124
0,5,11,110001001000100000011101010100,0.27068961698988925,0.18793456091291524,0.7139999866485596,11,"[0, 1, 5, 8, 12, 19, 20, 21, 23, 25, 27]",11,"[0, 1, 5, 8, 12, 19, 20, 21, 23, 25, 27]",0,[],0.18793456091291524,0.06561003675762317,0.2561445622253636,15.241570488585513,0.7293103830101108,0.05912294507263313,0.24315210275182308,0.7293103830101108,0.05912294507263313,0.24315210275182308
0,5,12,110000010001100000010100010100,0.2643035466477339,0.06238253181800246,0.7685000002384186,9,"[0, 1, 7, 11, 12, 19, 21, 25, 27]",8,"[0, 1, 11, 12, 19, 21, 25, 27]",1,[7],0.06564481928944588,0.0063041295809227954,0.07939854898499592,158.6261810077864,0.655156586477603,0.11645766697120215,0.3412589441629364,0.7356964533522661,0.07263484393690632,0.2695085229392687
0,5,13,100101000000100010111110010100,0.3170685709824862,0.18866400759328494,0.6825000047683716,12,"[0, 3, 5, 12, 16, 18, 19, 20, 21, 22, 25, 27]",11,"[0, 3, 5, 12, 16, 18, 19, 20, 21, 25, 27]",1,[22],0.1812064697345098,0.057653915584734546,0.24011229786234303,17.344875709790948,0.6336209851867785,0.08619251336999116,0.29358561505971503,0.6829314290175138,0.0648499579542175,0.25465654901105034
0,5,14,110001001000100010110001110101,0.37299889410053966,0.10887335151589166,0.68299999833107,13,"[0, 1, 5, 8, 12, 16, 18, 19, 23, 24, 25, 27, 29]",12,"[0, 1, 5, 8, 12, 16, 18, 19, 23, 25, 27, 29]",1,[24],0.10247086493584973,0.03673391489469885,0.19166093732082928,27.222799499225502,0.5831978485238591,0.10652330885610703,0.32637908765131846,0.6270011058994603,0.09045682162351143,0.30076040567786083
1,1,0,110001001000101101111011110100,0.43374999999999997,0.2716673706891015,0.7209999859333038,16,"[0, 1, 5, 8, 12, 14, 15, 17, 18, 19, 20, 22, 23, 24, 25, 27]",16,"[0, 1, 5, 8, 12, 14, 15, 17, 18, 19, 20, 22, 23, 24, 25, 27]",0,[],0.2716673706891015,0.07970845519295718,0.2823268587877483,12.545720495764385,0.56625,0.0631609375,0.2513183986499994,0.56625,0.0631609375,0.2513183986499994
1,1,1,110110000001101101000001101000,0.44999999999999996,0.13782992089788118,0.8950000032782555,12,"[0, 1, 3, 4, 11, 12, 14, 15, 17, 23, 24, 26]",12,"[0, 1, 3, 4, 11, 12, 14, 15, 17, 23, 24, 26]",0,[],0.13782992089788118,0.021170303496621218,0.14550018383707017,47.235978461980956,0.55,0.06878333333333335,0.26226576851227335,0.55,0.06878333333333335,0.26226576851227335
1,1,2,110100111000011000000001111101,0.4784615384615384,0.2095713010774209,0.6965000033378601,14,"[0, 1, 3, 6, 7, 8, 13, 14, 23, 24, 25, 26, 27, 29]",13,"[0, 1, 3, 6, 8, 13, 14, 23, 24, 25, 26, 27, 29]",1,[7],0.20443154259451798,0.06500984157066772,0.2549702758571432,15.382286371409919,0.4885714285714286,0.06806938775510205,0.2609011072324187,0.5215384615384616,0.05808994082840237,0.24101854872271214
1,1,3,110000000111101100011001110110,0.44866666666666655,0.270360824962457,0.7425000071525574,15,"[0, 1, 9, 10, 11, 12, 14, 15, 19, 20, 23, 24, 25, 27, 28]",15,"[0, 1, 9, 10, 11, 12, 14, 15, 19, 20, 23, 24, 25, 27, 28]",0,[],0.270360824962457,0.04991035297316945,0.22340625097156402,20.03592321892764,0.5513333333333335,0.07418488888888891,0.27236903070813484,0.5513333333333335,0.07418488888888891,0.27236903070813484
1,1,4,101100100000101011111000010100,0.43999999999999995,0.23958399719916856,0.7539999932050705,13,"[0, 2, 3, 6, 12, 14, 16, 17, 18, 19, 20, 25, 27]",13,"[0, 2, 3, 6, 12, 14, 16, 17, 18, 19, 20, 25, 27]",0,[],0.23958399719916856,0.058384953200354035,0.24162978541635557,17.127700634928935,0.56,0.04852307692307692,0.22027954267947109,0.56,0.04852307692307692,0.22027954267947109
1,1,5,111111101011110101010101000011,0.42210526315789476,0.2737808815742794,0.777999997138977,19,"[0, 1, 2, 3, 4, 5, 6, 8, 10, 11, 12, 13, 15, 17, 19, 21, 23, 28, 29]",19,"[0, 1, 2, 3, 4, 5, 6, 8, 10, 11, 12, 13, 15, 17, 19, 21, 23, 28, 29]",0,[],0.2737808815742794,0.05807576164339582,0.24098913179518244,17.218887392994123,0.5778947368421052,0.054585041551246535,0.23363441859290882,0.5778947368421052,0.054585041551246535,0.23363441859290882
1,1,6,011101010000000111110100000111,0.4323076923076923,0.27332411290934455,0.8009999990463257,14,"[1, 2, 3, 5, 7, 15, 16, 17, 18, 19, 21, 27, 28, 29]",13,"[1, 2, 3, 5, 15, 16, 17, 18, 19, 21, 27, 28, 29]",1,[7],0.2636305821527328,0.0429408267080603,0.20722168493683352,23.287860916107906,0.5314285714285715,0.06234081632653061,0.2496814296789623,0.5676923076923077,0.04872544378698225,0.2207384057815546
1,1,7,100001010001010000010110100110,0.44999999999999996,0.2368416605517268,0.7014999985694885,11,"[0, 5, 7, 11, 13, 19, 21, 22, 24, 27, 28]",10,"[0, 5, 11, 13, 19, 21, 22, 24, 27, 28]",1,[7],0.22782102616673167,0.054529136231392744,0.23351474521193033,18.33881974136781,0.5054545454545455,0.10764297520661154,0.3280898889124923,0.55,0.09657999999999999,0.31077322922027883
1,1,8,110101110001011111000011001111,0.4811764705882353,0.18277892788105152,0.8174999952316284,18,"[0, 1, 3, 5, 6, 7, 11, 13, 14, 15, 16, 17, 22, 23, 26, 27, 28, 29]",17,"[0, 1, 3, 5, 6, 11, 13, 14, 15, 16, 17, 22, 23, 26, 27, 28, 29]",1,[7],0.18026980312748087,0.02766246104034475,0.16632035666251066,36.15007350725354,0.4933333333333334,0.07185555555555556,0.2680588658402396,0.5188235294117647,0.06438685121107267,0.2537456427430285
1,2,0,110001001000101101111011110100,0.43374999999999997,0.2716673706891015,0.7209999859333038,16,"[0, 1, 5, 8, 12, 14, 15, 17, 18, 19, 20, 22, 23, 24, 25, 27]",16,"[0, 1, 5, 8, 12, 14, 15, 17, 18, 19, 20, 22, 23, 24, 25, 27]",0,[],0.2716673706891015,0.07970845519295718,0.2823268587877483,12.545720495764385,0.56625,0.0631609375,0.2513183986499994,0.56625,0.0631609375,0.2513183986499994
1,2,1,110110000001101101000001101000,0.44999999999999996,0.13782992089788118,0.8950000032782555,12,"[0, 1, 3, 4, 11, 12, 14, 15, 17, 23, 24, 26]",12,"[0, 1, 3, 4, 11, 12, 14, 15, 17, 23, 24, 26]",0,[],0.13782992089788118,0.021170303496621218,0.14550018383707017,47.235978461980956,0.55,0.06878333333333335,0.26226576851227335,0.55,0.06878333333333335,0.26226576851227335
1,2,2,110100111000011000000001111101,0.4784615384615384,0.2095713010774209,0.6965000033378601,14,"[0, 1, 3, 6, 7, 8, 13, 14, 23, 24, 25, 26, 27, 29]",13,"[0, 1, 3, 6, 8, 13, 14, 23, 24, 25, 26, 27, 29]",1,[7],0.20443154259451798,0.06500984157066772,0.2549702758571432,15.382286371409919,0.4885714285714286,0.06806938775510205,0.2609011072324187,0.5215384615384616,0.05808994082840237,0.24101854872271214
1,2,3,101100100000101011111000010100,0.43999999999999995,0.23958399719916856,0.7539999932050705,13,"[0, 2, 3, 6, 12, 14, 16, 17, 18, 19, 20, 25, 27]",13,"[0, 2, 3, 6, 12, 14, 16, 17, 18, 19, 20, 25, 27]",0,[],0.23958399719916856,0.058384953200354035,0.24162978541635557,17.127700634928935,0.56,0.04852307692307692,0.22027954267947109,0.56,0.04852307692307692,0.22027954267947109
1,2,4,111111101011110101010101000011,0.42210526315789476,0.2737808815742794,0.777999997138977,19,"[0, 1, 2, 3, 4, 5, 6, 8, 10, 11, 12, 13, 15, 17, 19, 21, 23, 28, 29]",19,"[0, 1, 2, 3, 4, 5, 6, 8, 10, 11, 12, 13, 15, 17, 19, 21, 23, 28, 29]",0,[],0.2737808815742794,0.05807576164339582,0.24098913179518244,17.218887392994123,0.5778947368421052,0.054585041551246535,0.23363441859290882,0.5778947368421052,0.054585041551246535,0.23363441859290882
1,2,5,011101010000000111110100000111,0.4323076923076923,0.27332411290934455,0.8009999990463257,14,"[1, 2, 3, 5, 7, 15, 16, 17, 18, 19, 21, 27, 28, 29]",13,"[1, 2, 3, 5, 15, 16, 17, 18, 19, 21, 27, 28, 29]",1,[7],0.2636305821527328,0.0429408267080603,0.20722168493683352,23.287860916107906,0.5314285714285715,0.06234081632653061,0.2496814296789623,0.5676923076923077,0.04872544378698225,0.2207384057815546
1,2,6,100001010001010000010110100110,0.44999999999999996,0.2368416605517268,0.7014999985694885,11,"[0, 5, 7, 11, 13, 19, 21, 22, 24, 27, 28]",10,"[0, 5, 11, 13, 19, 21, 22, 24, 27, 28]",1,[7],0.22782102616673167,0.054529136231392744,0.23351474521193033,18.33881974136781,0.5054545454545455,0.10764297520661154,0.3280898889124923,0.55,0.09657999999999999,0.31077322922027883
1,2,7,110101110001011111000011001111,0.4811764705882353,0.18277892788105152,0.8174999952316284,18,"[0, 1, 3, 5, 6, 7, 11, 13, 14, 15, 16, 17, 22, 23, 26, 27, 28, 29]",17,"[0, 1, 3, 5, 6, 11, 13, 14, 15, 16, 17, 22, 23, 26, 27, 28, 29]",1,[7],0.18026980312748087,0.02766246104034475,0.16632035666251066,36.15007350725354,0.4933333333333334,0.07185555555555556,0.2680588658402396,0.5188235294117647,0.06438685121107267,0.2537456427430285
1,2,8,110101110011011000000011001111,0.45866666666666656,0.1920774267365535,0.8455000072717667,16,"[0, 1, 3, 5, 6, 7, 10, 11, 13, 14, 22, 23, 26, 27, 28, 29]",15,"[0, 1, 3, 5, 6, 10, 11, 13, 14, 22, 23, 26, 27, 28, 29]",1,[7],0.18867350521031767,0.031608819401969204,0.1777886931218327,31.636739964343647,0.51125,0.07491093750000001,0.2736986253162409,0.5413333333333334,0.0654248888888889,0.25578289405057736
1,2,9,101001010001010000010011011100,0.43727272727272715,0.2513693784448234,0.6865000128746033,12,"[0, 2, 5, 7, 11, 13, 19, 22, 23, 25, 26, 27]",11,"[0, 2, 5, 11, 13, 19, 22, 23, 25, 26, 27]",1,[7],0.24188982043415308,0.06221697523317641,0.24943330818713128,16.07278393480567,0.5208333333333334,0.07577430555555555,0.2752713307911951,0.5627272727272729,0.06160165289256198,0.24819680274443903
1,2,10,110001001000011000000001110100,0.42500000000000004,0.29093008674681187,0.6884999871253967,10,"[0, 1, 5, 8, 13, 14, 23, 24, 25, 27]",10,"[0, 1, 5, 8, 13, 14, 23, 24, 25, 27]",0,[],0.29093008674681187,0.09911623443327201,0.3148273089064416,10.089164562372773,0.575,0.06294500000000001,0.25088842141477957,0.575,0.06294500000000001,0.25088842141477957
1,2,11,110010101000111100000001101001,0.49769230769230766,0.17019096475381118,0.8525000065565109,13,"[0, 1, 4, 6, 8, 12, 13, 14, 15, 23, 24, 26, 29]",13,"[0, 1, 4, 6, 8, 12, 13, 14, 15, 23, 24, 26, 29]",0,[],0.17019096475381118,0.05099885045861619,0.22582925067097973,19.60828510853329,0.5023076923076923,0.058540828402366865,0.2419521200617322,0.5023076923076923,0.058540828402366865,0.2419521200617322
1,2,12,110110010111101101000001101000,0.4921428571428571,0.1822070170726095,0.8870000019669533,15,"[0, 1, 3, 4, 7, 9, 10, 11, 12, 14, 15, 17, 23, 24, 26]",14,"[0, 1, 3, 4, 9, 10, 11, 12, 14, 15, 17, 23, 24, 26]",1,[7],0.1792341947555542,0.028248527279991584,0.16807298200481713,35.400075553967,0.478,0.07921599999999998,0.28145337091603645,0.5078571428571429,0.07150255102040816,0.26739960923757566
1,2,13,111001010001110100010111111001,0.458125,0.26813341479282826,0.6644999980926514,17,"[0, 1, 2, 5, 7, 11, 12, 13, 15, 19, 21, 22, 23, 24, 25, 26, 29]",16,"[0, 1, 2, 5, 11, 12, 13, 15, 19, 21, 22, 23, 24, 25, 26, 29]",1,[7],0.2604558422942372,0.06174744266302641,0.2484903271015321,16.195002689541138,0.5135294117647058,0.08331695501730105,0.28864676512530163,0.541875,0.07486523437499999,0.2736151208815039
1,2,14,101111101011101011111100010100,0.3963157894736843,0.3129383829471312,0.7974999994039536,19,"[0, 2, 3, 4, 5, 6, 8, 10, 11, 12, 14, 16, 17, 18, 19, 20, 21, 25, 27]",19,"[0, 2, 3, 4, 5, 6, 8, 10, 11, 12, 14, 16, 17, 18, 19, 20, 21, 25, 27]",0,[],0.3129383829471312,0.07594564287172564,0.2755823703935461,13.167312332703911,0.6036842105263157,0.05572853185595567,0.23606891336208516,0.6036842105263157,0.05572853185595567,0.23606891336208516
1,2,15,110101110101011111001001001101,0.45529411764705885,0.21997719926430898,0.8244999945163727,18,"[0, 1, 3, 5, 6, 7, 9, 11, 13, 14, 15, 16, 17, 20, 23, 26, 27, 29]",17,"[0, 1, 3, 5, 6, 9, 11, 13, 14, 15, 16, 17, 20, 23, 26, 27, 29]",1,[7],0.21540150387833515,0.03852202955419313,0.19627029717762473,25.959172233986042,0.5177777777777777,0.07745061728395061,0.2782995100318192,0.5447058823529412,0.06895432525951559,0.2625915559562333
1,2,16,000101011110110101010101010101,0.42399999999999993,0.37976152325669926,0.703000009059906,16,"[3, 5, 7, 8, 9, 10, 12, 13, 15, 17, 19, 21, 23, 25, 27, 29]",15,"[3, 5, 8, 9, 10, 12, 13, 15, 17, 19, 21, 23, 25, 27, 29]",1,[7],0.3646273456979543,0.06338892639633228,0.2517715758308159,15.77562607304011,0.54375,0.0646859375,0.25433430264122847,0.5760000000000001,0.052357333333333325,0.22881724876707465
1,2,17,110100111000101101111011111101,0.46894736842105256,0.21904231460863038,0.7095000147819519,20,"[0, 1, 3, 6, 7, 8, 12, 14, 15, 17, 18, 19, 20, 22, 23, 24, 25, 26, 27, 29]",19,"[0, 1, 3, 6, 8, 12, 14, 15, 17, 18, 19, 20, 22, 23, 24, 25, 26, 27, 29]",1,[7],0.21497093299403786,0.05947998348062199,0.24388518503718504,16.812378576496922,0.5075000000000001,0.06743875000000002,0.25968971870291674,0.5310526315789474,0.059893628808864265,0.24473174867365344
1,2,18,110110000001101101000001011110,0.41928571428571426,0.20829887994165933,0.863999992609024,14,"[0, 1, 3, 4, 11, 12, 14, 15, 17, 23, 25, 26, 27, 28]",14,"[0, 1, 3, 4, 11, 12, 14, 15, 17, 23, 25, 26, 27, 28]",0,[],0.20829887994165933,0.0435851649428917,0.20877060363684274,22.94358645447985,0.5807142857142857,0.05062091836734693,0.22499092952238525,0.5807142857142857,0.05062091836734693,0.22499092952238525
1,3,0,110001001000101101111011110100,0.43374999999999997,0.2716673706891015,0.7209999859333038,16,"[0, 1, 5, 8, 12, 14, 15, 17, 18, 19, 20, 22, 23, 24, 25, 27]",16,"[0, 1, 5, 8, 12, 14, 15, 17, 18, 19, 20, 22, 23, 24, 25, 27]",0,[],0.2716673706891015,0.07970845519295718,0.2823268587877483,12.545720495764385,0.56625,0.0631609375,0.2513183986499994,0.56625,0.0631609375,0.2513183986499994
1,3,1,110110000001101101000001101000,0.44999999999999996,0.13782992089788118,0.8950000032782555,12,"[0, 1, 3, 4, 11, 12, 14, 15, 17, 23, 24, 26]",12,"[0, 1, 3, 4, 11, 12, 14, 15, 17, 23, 24, 26]",0,[],0.13782992089788118,0.021170303496621218,0.14550018383707017,47.235978461980956,0.55,0.06878333333333335,0.26226576851227335,0.55,0.06878333333333335,0.26226576851227335
1,3,2,110100111000011000000001111101,0.4784615384615384,0.2095713010774209,0.6965000033378601,14,"[0, 1, 3, 6, 7, 8, 13, 14, 23, 24, 25, 26, 27, 29]",13,"[0, 1, 3, 6, 8, 13, 14, 23, 24, 25, 26, 27, 29]",1,[7],0.20443154259451798,0.06500984157066772,0.2549702758571432,15.382286371409919,0.4885714285714286,0.06806938775510205,0.2609011072324187,0.5215384615384616,0.05808994082840237,0.24101854872271214
1,3,3,100001010001010000010110100110,0.44999999999999996,0.2368416605517268,0.7014999985694885,11,"[0, 5, 7, 11, 13, 19, 21, 22, 24, 27, 28]",10,"[0, 5, 11, 13, 19, 21, 22, 24, 27, 28]",1,[7],0.22782102616673167,0.054529136231392744,0.23351474521193033,18.33881974136781,0.5054545454545455,0.10764297520661154,0.3280898889124923,0.55,0.09657999999999999,0.31077322922027883
1,3,4,110101110001011111000011001111,0.4811764705882353,0.18277892788105152,0.8174999952316284,18,"[0, 1, 3, 5, 6, 7, 11, 13, 14, 15, 16, 17, 22, 23, 26, 27, 28, 29]",17,"[0, 1, 3, 5, 6, 11, 13, 14, 15, 16, 17, 22, 23, 26, 27, 28, 29]",1,[7],0.18026980312748087,0.02766246104034475,0.16632035666251066,36.15007350725354,0.4933333333333334,0.07185555555555556,0.2680588658402396,0.5188235294117647,0.06438685121107267,0.2537456427430285
1,3,5,101001010001010000010011011100,0.43727272727272715,0.2513693784448234,0.6865000128746033,12,"[0, 2, 5, 7, 11, 13, 19, 22, 23, 25, 26, 27]",11,"[0, 2, 5, 11, 13, 19, 22, 23, 25, 26, 27]",1,[7],0.24188982043415308,0.06221697523317641,0.24943330818713128,16.07278393480567,0.5208333333333334,0.07577430555555555,0.2752713307911951,0.5627272727272729,0.06160165289256198,0.24819680274443903
1,3,6,110001001000011000000001110100,0.42500000000000004,0.29093008674681187,0.6884999871253967,10,"[0, 1, 5, 8, 13, 14, 23, 24, 25, 27]",10,"[0, 1, 5, 8, 13, 14, 23, 24, 25, 27]",0,[],0.29093008674681187,0.09911623443327201,0.3148273089064416,10.089164562372773,0.575,0.06294500000000001,0.25088842141477957,0.575,0.06294500000000001,0.25088842141477957
1,3,7,110010101000111100000001101001,0.49769230769230766,0.17019096475381118,0.8525000065565109,13,"[0, 1, 4, 6, 8, 12, 13, 14, 15, 23, 24, 26, 29]",13,"[0, 1, 4, 6, 8, 12, 13, 14, 15, 23, 24, 26, 29]",0,[],0.17019096475381118,0.05099885045861619,0.22582925067097973,19.60828510853329,0.5023076923076923,0.058540828402366865,0.2419521200617322,0.5023076923076923,0.058540828402366865,0.2419521200617322
1,3,8,110110010111101101000001101000,0.4921428571428571,0.1822070170726095,0.8870000019669533,15,"[0, 1, 3, 4, 7, 9, 10, 11, 12, 14, 15, 17, 23, 24, 26]",14,"[0, 1, 3, 4, 9, 10, 11, 12, 14, 15, 17, 23, 24, 26]",1,[7],0.1792341947555542,0.028248527279991584,0.16807298200481713,35.400075553967,0.478,0.07921599999999998,0.28145337091603645,0.5078571428571429,0.07150255102040816,0.26739960923757566
1,3,9,111001010001110100010111111001,0.458125,0.26813341479282826,0.6644999980926514,17,"[0, 1, 2, 5, 7, 11, 12, 13, 15, 19, 21, 22, 23, 24, 25, 26, 29]",16,"[0, 1, 2, 5, 11, 12, 13, 15, 19, 21, 22, 23, 24, 25, 26, 29]",1,[7],0.2604558422942372,0.06174744266302641,0.2484903271015321,16.195002689541138,0.5135294117647058,0.08331695501730105,0.28864676512530163,0.541875,0.07486523437499999,0.2736151208815039
1,3,10,110100111000101101111011111101,0.46894736842105256,0.21904231460863038,0.7095000147819519,20,"[0, 1, 3, 6, 7, 8, 12, 14, 15, 17, 18, 19, 20, 22, 23, 24, 25, 26, 27, 29]",19,"[0, 1, 3, 6, 8, 12, 14, 15, 17, 18, 19, 20, 22, 23, 24, 25, 26, 27, 29]",1,[7],0.21497093299403786,0.05947998348062199,0.24388518503718504,16.812378576496922,0.5075000000000001,0.06743875000000002,0.25968971870291674,0.5310526315789474,0.059893628808864265,0.24473174867365344
1,3,11,110110000001101101000001011110,0.41928571428571426,0.20829887994165933,0.863999992609024,14,"[0, 1, 3, 4, 11, 12, 14, 15, 17, 23, 25, 26, 27, 28]",14,"[0, 1, 3, 4, 11, 12, 14, 15, 17, 23, 25, 26, 27, 28]",0,[],0.20829887994165933,0.0435851649428917,0.20877060363684274,22.94358645447985,0.5807142857142857,0.05062091836734693,0.22499092952238525,0.5807142857142857,0.05062091836734693,0.22499092952238525
1,3,12,111001100000001000010001010100,0.4139999999999999,0.24129851516336204,0.7430000007152557,10,"[0, 1, 2, 5, 6, 14, 19, 23, 25, 27]",10,"[0, 1, 2, 5, 6, 14, 19, 23, 25, 27]",0,[],0.24129851516336204,0.07757575468198394,0.278524244334284,12.890625480853211,0.5860000000000001,0.03788400000000001,0.19463812576162978,0.5860000000000001,0.03788400000000001,0.19463812576162978
1,3,13,101001010001010000110011001100,0.4263636363636363,0.18333610333502293,0.7335000038146973,12,"[0, 2, 5, 7, 11, 13, 18, 19, 22, 23, 26, 27]",11,"[0, 2, 5, 11, 13, 18, 19, 22, 23, 26, 27]",1,[7],0.17952598491683602,0.03815864451086203,0.19534237766255952,26.206381615975523,0.5308333333333334,0.07545763888888889,0.2746955385310961,0.5736363636363637,0.060332231404958685,0.24562620260256984
1,3,14,101001100000101011111101010100,0.4179999999999999,0.29284021308024727,0.6759999990463257,15,"[0, 2, 5, 6, 12, 14, 16, 17, 18, 19, 20, 21, 23, 25, 27]",15,"[0, 2, 5, 6, 12, 14, 16, 17, 18, 19, 20, 21, 23, 25, 27]",0,[],0.29284021308024727,0.07443400691322354,0.2728259645144199,13.434719444377318,0.5820000000000001,0.048736,0.22076231562474607,0.5820000000000001,0.048736,0.22076231562474607
1,3,15,010010101000111100111000010101,0.3899999999999999,0.2571876669036491,0.7820000052452087,14,"[1, 4, 6, 8, 12, 13, 14, 15, 18, 19, 20, 25, 27, 29]",14,"[1, 4, 6, 8, 12, 13, 14, 15, 18, 19, 20, 25, 27, 29]",0,[],0.2571876669036491,0.07437583310283873,0.2727193302698559,13.445227546121197,0.6100000000000001,0.038928571428571423,0.19730324738475905,0.6100000000000001,0.038928571428571423,0.19730324738475905
1,3,16,001101011110111111011101010100,0.40333333333333343,0.3740980363347464,0.703000009059906,19,"[2, 3, 5, 7, 8, 9, 10, 12, 13, 14, 15, 16, 17, 19, 20, 21, 23, 25, 27]",18,"[2, 3, 5, 8, 9, 10, 12, 13, 14, 15, 16, 17, 19, 20, 21, 23, 25, 27]",1,[7],0.36165154401801136,0.06068031781863626,0.24633375290170095,16.479808213741393,0.5684210526315788,0.05870803324099722,0.24229740659156304,0.5966666666666666,0.04681111111111111,0.21635875556841028
1,3,17,011100100000110101010101000010,0.39083333333333325,0.23349766712635756,0.880500003695488,12,"[1, 2, 3, 6, 12, 13, 15, 17, 19, 21, 23, 28]",12,"[1, 2, 3, 6, 12, 13, 15, 17, 19, 21, 23, 28]",0,[],0.23349766712635756,0.038666292909674015,0.19663746568157864,25.8623189540316,0.6091666666666667,0.025674305555555554,0.1602320366080253,0.6091666666666667,0.025674305555555554,0.1602320366080253
1,4,0,110110000001101101000001101000,0.44999999999999996,0.13782992089788118,0.8950000032782555,12,"[0, 1, 3, 4, 11, 12, 14, 15, 17, 23, 24, 26]",12,"[0, 1, 3, 4, 11, 12, 14, 15, 17, 23, 24, 26]",0,[],0.13782992089788118,0.021170303496621218,0.14550018383707017,47.235978461980956,0.55,0.06878333333333335,0.26226576851227335,0.55,0.06878333333333335,0.26226576851227335
1,4,1,110100111000011000000001111101,0.4784615384615384,0.2095713010774209,0.6965000033378601,14,"[0, 1, 3, 6, 7, 8, 13, 14, 23, 24, 25, 26, 27, 29]",13,"[0, 1, 3, 6, 8, 13, 14, 23, 24, 25, 26, 27, 29]",1,[7],0.20443154259451798,0.06500984157066772,0.2549702758571432,15.382286371409919,0.4885714285714286,0.06806938775510205,0.2609011072324187,0.5215384615384616,0.05808994082840237,0.24101854872271214
1,4,2,100001010001010000010110100110,0.44999999999999996,0.2368416605517268,0.7014999985694885,11,"[0, 5, 7, 11, 13, 19, 21, 22, 24, 27, 28]",10,"[0, 5, 11, 13, 19, 21, 22, 24, 27, 28]",1,[7],0.22782102616673167,0.054529136231392744,0.23351474521193033,18.33881974136781,0.5054545454545455,0.10764297520661154,0.3280898889124923,0.55,0.09657999999999999,0.31077322922027883
1,4,3,110101110001011111000011001111,0.4811764705882353,0.18277892788105152,0.8174999952316284,18,"[0, 1, 3, 5, 6, 7, 11, 13, 14, 15, 16, 17, 22, 23, 26, 27, 28, 29]",17,"[0, 1, 3, 5, 6, 11, 13, 14, 15, 16, 17, 22, 23, 26, 27, 28, 29]",1,[7],0.18026980312748087,0.02766246104034475,0.16632035666251066,36.15007350725354,0.4933333333333334,0.07185555555555556,0.2680588658402396,0.5188235294117647,0.06438685121107267,0.2537456427430285
1,4,4,101001010001010000010011011100,0.43727272727272715,0.2513693784448234,0.6865000128746033,12,"[0, 2, 5, 7, 11, 13, 19, 22, 23, 25, 26, 27]",11,"[0, 2, 5, 11, 13, 19, 22, 23, 25, 26, 27]",1,[7],0.24188982043415308,0.06221697523317641,0.24943330818713128,16.07278393480567,0.5208333333333334,0.07577430555555555,0.2752713307911951,0.5627272727272729,0.06160165289256198,0.24819680274443903
1,4,5,110001001000011000000001110100,0.42500000000000004,0.29093008674681187,0.6884999871253967,10,"[0, 1, 5, 8, 13, 14, 23, 24, 25, 27]",10,"[0, 1, 5, 8, 13, 14, 23, 24, 25, 27]",0,[],0.29093008674681187,0.09911623443327201,0.3148273089064416,10.089164562372773,0.575,0.06294500000000001,0.25088842141477957,0.575,0.06294500000000001,0.25088842141477957
1,4,6,111001010001110100010111111001,0.458125,0.26813341479282826,0.6644999980926514,17,"[0, 1, 2, 5, 7, 11, 12, 13, 15, 19, 21, 22, 23, 24, 25, 26, 29]",16,"[0, 1, 2, 5, 11, 12, 13, 15, 19, 21, 22, 23, 24, 25, 26, 29]",1,[7],0.2604558422942372,0.06174744266302641,0.2484903271015321,16.195002689541138,0.5135294117647058,0.08331695501730105,0.28864676512530163,0.541875,0.07486523437499999,0.2736151208815039
1,4,7,110100111000101101111011111101,0.46894736842105256,0.21904231460863038,0.7095000147819519,20,"[0, 1, 3, 6, 7, 8, 12, 14, 15, 17, 18, 19, 20, 22, 23, 24, 25, 26, 27, 29]",19,"[0, 1, 3, 6, 8, 12, 14, 15, 17, 18, 19, 20, 22, 23, 24, 25, 26, 27, 29]",1,[7],0.21497093299403786,0.05947998348062199,0.24388518503718504,16.812378576496922,0.5075000000000001,0.06743875000000002,0.25968971870291674,0.5310526315789474,0.059893628808864265,0.24473174867365344
1,4,8,110110000001101101000001011110,0.41928571428571426,0.20829887994165933,0.863999992609024,14,"[0, 1, 3, 4, 11, 12, 14, 15, 17, 23, 25, 26, 27, 28]",14,"[0, 1, 3, 4, 11, 12, 14, 15, 17, 23, 25, 26, 27, 28]",0,[],0.20829887994165933,0.0435851649428917,0.20877060363684274,22.94358645447985,0.5807142857142857,0.05062091836734693,0.22499092952238525,0.5807142857142857,0.05062091836734693,0.22499092952238525
1,4,9,111001100000001000010001010100,0.4139999999999999,0.24129851516336204,0.7430000007152557,10,"[0, 1, 2, 5, 6, 14, 19, 23, 25, 27]",10,"[0, 1, 2, 5, 6, 14, 19, 23, 25, 27]",0,[],0.24129851516336204,0.07757575468198394,0.278524244334284,12.890625480853211,0.5860000000000001,0.03788400000000001,0.19463812576162978,0.5860000000000001,0.03788400000000001,0.19463812576162978
1,4,10,101001010001010000110011001100,0.4263636363636363,0.18333610333502293,0.7335000038146973,12,"[0, 2, 5, 7, 11, 13, 18, 19, 22, 23, 26, 27]",11,"[0, 2, 5, 11, 13, 18, 19, 22, 23, 26, 27]",1,[7],0.17952598491683602,0.03815864451086203,0.19534237766255952,26.206381615975523,0.5308333333333334,0.07545763888888889,0.2746955385310961,0.5736363636363637,0.060332231404958685,0.24562620260256984
1,4,11,101001100000101011111101010100,0.4179999999999999,0.29284021308024727,0.6759999990463257,15,"[0, 2, 5, 6, 12, 14, 16, 17, 18, 19, 20, 21, 23, 25, 27]",15,"[0, 2, 5, 6, 12, 14, 16, 17, 18, 19, 20, 21, 23, 25, 27]",0,[],0.29284021308024727,0.07443400691322354,0.2728259645144199,13.434719444377318,0.5820000000000001,0.048736,0.22076231562474607,0.5820000000000001,0.048736,0.22076231562474607
1,4,12,010010101000111100111000010101,0.3899999999999999,0.2571876669036491,0.7820000052452087,14,"[1, 4, 6, 8, 12, 13, 14, 15, 18, 19, 20, 25, 27, 29]",14,"[1, 4, 6, 8, 12, 13, 14, 15, 18, 19, 20, 25, 27, 29]",0,[],0.2571876669036491,0.07437583310283873,0.2727193302698559,13.445227546121197,0.6100000000000001,0.038928571428571423,0.19730324738475905,0.6100000000000001,0.038928571428571423,0.19730324738475905
1,4,13,011100100000110101010101000010,0.39083333333333325,0.23349766712635756,0.880500003695488,12,"[1, 2, 3, 6, 12, 13, 15, 17, 19, 21, 23, 28]",12,"[1, 2, 3, 6, 12, 13, 15, 17, 19, 21, 23, 28]",0,[],0.23349766712635756,0.038666292909674015,0.19663746568157864,25.8623189540316,0.6091666666666667,0.025674305555555554,0.1602320366080253,0.6091666666666667,0.025674305555555554,0.1602320366080253
1,4,14,010010001000111100101000010101,0.37916666666666665,0.2988445485631625,0.7650000005960464,12,"[1, 4, 8, 12, 13, 14, 15, 18, 20, 25, 27, 29]",12,"[1, 4, 8, 12, 13, 14, 15, 18, 20, 25, 27, 29]",0,[],0.2988445485631625,0.0746159830963403,0.2731592632446139,13.401954360218665,0.6208333333333333,0.042757638888888894,0.20677920323110083,0.6208333333333333,0.042757638888888894,0.20677920323110083
1,4,15,101001100001110101000100010100,0.385,0.32577640811602276,0.6599999964237213,12,"[0, 2, 5, 6, 11, 12, 13, 15, 17, 21, 25, 27]",12,"[0, 2, 5, 6, 11, 12, 13, 15, 17, 21, 25, 27]",0,[],0.32577640811602276,0.07108084954765376,0.2666099201973808,14.06848689012339,0.615,0.055375,0.23531893251500186,0.615,0.055375,0.23531893251500186
1,4,16,001101110001011111000101010100,0.39142857142857146,0.30333112299974474,0.6870000064373016,15,"[2, 3, 5, 6, 7, 11, 13, 14, 15, 16, 17, 21, 23, 25, 27]",14,"[2, 3, 5, 6, 11, 13, 14, 15, 16, 17, 21, 23, 25, 27]",1,[7],0.2922833602875471,0.05715692536603641,0.23907514585593462,17.495692667090463,0.5720000000000002,0.05846933333333334,0.24180432860751963,0.6085714285714285,0.042583673469387746,0.20635811946562158
1,4,17,110001100000001000010001010100,0.4111111111111111,0.2236650161859062,0.7434999942779541,9,"[0, 1, 5, 6, 14, 19, 23, 25, 27]",9,"[0, 1, 5, 6, 14, 19, 23, 25, 27]",0,[],0.2236650161859062,0.08308588011810278,0.28824621440376763,12.035739388913564,0.5888888888888889,0.04200987654320988,0.20496311020086,0.5888888888888889,0.04200987654320988,0.20496311020086
1,4,18,111001010001111100010101000011,0.38857142857142857,0.2621804756511535,0.7105000019073486,15,"[0, 1, 2, 5, 7, 11, 12, 13, 14, 15, 19, 21, 23, 28, 29]",14,"[0, 1, 2, 5, 11, 12, 13, 14, 15, 19, 21, 23, 28, 29]",1,[7],0.2538760894288619,0.04629011472729511,0.21515137630815917,21.602884457971474,0.5746666666666668,0.07293155555555556,0.2700584298916728,0.6114285714285714,0.05786938775510203,0.24056056982619164
1,4,19,110100000001111110010001101000,0.4376923076923076,0.15274657366367486,0.8310000002384186,13,"[0, 1, 3, 11, 12, 13, 14, 15, 16, 19, 23, 24, 26]",13,"[0, 1, 3, 11, 12, 13, 14, 15, 16, 19, 23, 24, 26]",0,[],0.15274657366367486,0.020752468354913435,0.14405717043907754,48.187038905337545,0.5623076923076924,0.06974082840236687,0.2640848886293323,0.5623076923076924,0.06974082840236687,0.2640848886293323
1,4,20,110100111010111111000000111111,0.5038888888888888,0.24032963501910368,0.6940000057220459,19,"[0, 1, 3, 6, 7, 8, 10, 12, 13, 14, 15, 16, 17, 24, 25, 26, 27, 28, 29]",18,"[0, 1, 3, 6, 8, 10, 12, 13, 14, 15, 16, 17, 24, 25, 26, 27, 28, 29]",1,[7],0.23492358487687612,0.055221235652127006,0.23499199061271642,18.10897543654444,0.4731578947368421,0.06312686980609418,0.251250611553672,0.4961111111111111,0.056623765432098766,0.2379574866065339
1,4,21,011110101000111100111000010101,0.385625,0.2678963525686413,0.7810000032186508,16,"[1, 2, 3, 4, 6, 8, 12, 13, 14, 15, 18, 19, 20, 25, 27, 29]",16,"[1, 2, 3, 4, 6, 8, 12, 13, 14, 15, 18, 19, 20, 25, 27, 29]",0,[],0.2678963525686413,0.06628974882233445,0.25746795688460816,15.085288717568325,0.614375,0.035099609375,0.1873488974480501,0.614375,0.035099609375,0.1873488974480501
1,4,22,111001010001110100000111111001,0.46533333333333327,0.28504279218614104,0.6565000116825104,16,"[0, 1, 2, 5, 7, 11, 12, 13, 15, 21, 22, 23, 24, 25, 26, 29]",15,"[0, 1, 2, 5, 11, 12, 13, 15, 21, 22, 23, 24, 25, 26, 29]",1,[7],0.27582853531930596,0.061589223085134606,0.24817176125646248,16.23660682677719,0.505,0.08728749999999999,0.2954445802515253,0.5346666666666667,0.07902488888888888,0.28111365831081364
1,4,23,001101011101101111011101010100,0.36764705882352944,0.37999009855968113,0.6859999895095825,18,"[2, 3, 5, 7, 8, 9, 11, 12, 14, 15, 16, 17, 19, 20, 21, 23, 25, 27]",17,"[2, 3, 5, 8, 9, 11, 12, 14, 15, 16, 17, 19, 20, 21, 23, 25, 27]",1,[7],0.36652479765729773,0.060756029183078174,0.2464873813871172,16.45927183599617,0.6005555555555555,0.06894969135802469,0.26258273240642593,0.6323529411764706,0.05480622837370242,0.23410730098333632
1,5,0,110110000001101101000001101000,0.44999999999999996,0.13782992089788118,0.8950000032782555,12,"[0, 1, 3, 4, 11, 12, 14, 15, 17, 23, 24, 26]",12,"[0, 1, 3, 4, 11, 12, 14, 15, 17, 23, 24, 26]",0,[],0.13782992089788118,0.021170303496621218,0.14550018383707017,47.235978461980956,0.55,0.06878333333333335,0.26226576851227335,0.55,0.06878333333333335,0.26226576851227335
1,5,1,110100111000011000000001111101,0.4784615384615384,0.2095713010774209,0.6965000033378601,14,"[0, 1, 3, 6, 7, 8, 13, 14, 23, 24, 25, 26, 27, 29]",13,"[0, 1, 3, 6, 8, 13, 14, 23, 24, 25, 26, 27, 29]",1,[7],0.20443154259451798,0.06500984157066772,0.2549702758571432,15.382286371409919,0.4885714285714286,0.06806938775510205,0.2609011072324187,0.5215384615384616,0.05808994082840237,0.24101854872271214
1,5,2,100001010001010000010110100110,0.44999999999999996,0.2368416605517268,0.7014999985694885,11,"[0, 5, 7, 11, 13, 19, 21, 22, 24, 27, 28]",10,"[0, 5, 11, 13, 19, 21, 22, 24, 27, 28]",1,[7],0.22782102616673167,0.054529136231392744,0.23351474521193033,18.33881974136781,0.5054545454545455,0.10764297520661154,0.3280898889124923,0.55,0.09657999999999999,0.31077322922027883
1,5,3,101001010001010000010011011100,0.43727272727272715,0.2513693784448234,0.6865000128746033,12,"[0, 2, 5, 7, 11, 13, 19, 22, 23, 25, 26, 27]",11,"[0, 2, 5, 11, 13, 19, 22, 23, 25, 26, 27]",1,[7],0.24188982043415308,0.06221697523317641,0.24943330818713128,16.07278393480567,0.5208333333333334,0.07577430555555555,0.2752713307911951,0.5627272727272729,0.06160165289256198,0.24819680274443903
1,5,4,111001010001110100010111111001,0.458125,0.26813341479282826,0.6644999980926514,17,"[0, 1, 2, 5, 7, 11, 12, 13, 15, 19, 21, 22, 23, 24, 25, 26, 29]",16,"[0, 1, 2, 5, 11, 12, 13, 15, 19, 21, 22, 23, 24, 25, 26, 29]",1,[7],0.2604558422942372,0.06174744266302641,0.2484903271015321,16.195002689541138,0.5135294117647058,0.08331695501730105,0.28864676512530163,0.541875,0.07486523437499999,0.2736151208815039
1,5,5,110110000001101101000001011110,0.41928571428571426,0.20829887994165933,0.863999992609024,14,"[0, 1, 3, 4, 11, 12, 14, 15, 17, 23, 25, 26, 27, 28]",14,"[0, 1, 3, 4, 11, 12, 14, 15, 17, 23, 25, 26, 27, 28]",0,[],0.20829887994165933,0.0435851649428917,0.20877060363684274,22.94358645447985,0.5807142857142857,0.05062091836734693,0.22499092952238525,0.5807142857142857,0.05062091836734693,0.22499092952238525
1,5,6,111001100000001000010001010100,0.4139999999999999,0.24129851516336204,0.7430000007152557,10,"[0, 1, 2, 5, 6, 14, 19, 23, 25, 27]",10,"[0, 1, 2, 5, 6, 14, 19, 23, 25, 27]",0,[],0.24129851516336204,0.07757575468198394,0.278524244334284,12.890625480853211,0.5860000000000001,0.03788400000000001,0.19463812576162978,0.5860000000000001,0.03788400000000001,0.19463812576162978
1,5,7,101001010001010000110011001100,0.4263636363636363,0.18333610333502293,0.7335000038146973,12,"[0, 2, 5, 7, 11, 13, 18, 19, 22, 23, 26, 27]",11,"[0, 2, 5, 11, 13, 18, 19, 22, 23, 26, 27]",1,[7],0.17952598491683602,0.03815864451086203,0.19534237766255952,26.206381615975523,0.5308333333333334,0.07545763888888889,0.2746955385310961,0.5736363636363637,0.060332231404958685,0.24562620260256984
1,5,8,010010101000111100111000010101,0.3899999999999999,0.2571876669036491,0.7820000052452087,14,"[1, 4, 6, 8, 12, 13, 14, 15, 18, 19, 20, 25, 27, 29]",14,"[1, 4, 6, 8, 12, 13, 14, 15, 18, 19, 20, 25, 27, 29]",0,[],0.2571876669036491,0.07437583310283873,0.2727193302698559,13.445227546121197,0.6100000000000001,0.038928571428571423,0.19730324738475905,0.6100000000000001,0.038928571428571423,0.19730324738475905
1,5,9,011100100000110101010101000010,0.39083333333333325,0.23349766712635756,0.880500003695488,12,"[1, 2, 3, 6, 12, 13, 15, 17, 19, 21, 23, 28]",12,"[1, 2, 3, 6, 12, 13, 15, 17, 19, 21, 23, 28]",0,[],0.23349766712635756,0.038666292909674015,0.19663746568157864,25.8623189540316,0.6091666666666667,0.025674305555555554,0.1602320366080253,0.6091666666666667,0.025674305555555554,0.1602320366080253
1,5,10,101001100001110101000100010100,0.385,0.32577640811602276,0.6599999964237213,12,"[0, 2, 5, 6, 11, 12, 13, 15, 17, 21, 25, 27]",12,"[0, 2, 5, 6, 11, 12, 13, 15, 17, 21, 25, 27]",0,[],0.32577640811602276,0.07108084954765376,0.2666099201973808,14.06848689012339,0.615,0.055375,0.23531893251500186,0.615,0.055375,0.23531893251500186
1,5,11,001101110001011111000101010100,0.39142857142857146,0.30333112299974474,0.6870000064373016,15,"[2, 3, 5, 6, 7, 11, 13, 14, 15, 16, 17, 21, 23, 25, 27]",14,"[2, 3, 5, 6, 11, 13, 14, 15, 16, 17, 21, 23, 25, 27]",1,[7],0.2922833602875471,0.05715692536603641,0.23907514585593462,17.495692667090463,0.5720000000000002,0.05846933333333334,0.24180432860751963,0.6085714285714285,0.042583673469387746,0.20635811946562158
1,5,12,110001100000001000010001010100,0.4111111111111111,0.2236650161859062,0.7434999942779541,9,"[0, 1, 5, 6, 14, 19, 23, 25, 27]",9,"[0, 1, 5, 6, 14, 19, 23, 25, 27]",0,[],0.2236650161859062,0.08308588011810278,0.28824621440376763,12.035739388913564,0.5888888888888889,0.04200987654320988,0.20496311020086,0.5888888888888889,0.04200987654320988,0.20496311020086
1,5,13,111001010001111100010101000011,0.38857142857142857,0.2621804756511535,0.7105000019073486,15,"[0, 1, 2, 5, 7, 11, 12, 13, 14, 15, 19, 21, 23, 28, 29]",14,"[0, 1, 2, 5, 11, 12, 13, 14, 15, 19, 21, 23, 28, 29]",1,[7],0.2538760894288619,0.04629011472729511,0.21515137630815917,21.602884457971474,0.5746666666666668,0.07293155555555556,0.2700584298916728,0.6114285714285714,0.05786938775510203,0.24056056982619164
1,5,14,110100000001111110010001101000,0.4376923076923076,0.15274657366367486,0.8310000002384186,13,"[0, 1, 3, 11, 12, 13, 14, 15, 16, 19, 23, 24, 26]",13,"[0, 1, 3, 11, 12, 13, 14, 15, 16, 19, 23, 24, 26]",0,[],0.15274657366367486,0.020752468354913435,0.14405717043907754,48.187038905337545,0.5623076923076924,0.06974082840236687,0.2640848886293323,0.5623076923076924,0.06974082840236687,0.2640848886293323
1,5,15,110100111010111111000000111111,0.5038888888888888,0.24032963501910368,0.6940000057220459,19,"[0, 1, 3, 6, 7, 8, 10, 12, 13, 14, 15, 16, 17, 24, 25, 26, 27, 28, 29]",18,"[0, 1, 3, 6, 8, 10, 12, 13, 14, 15, 16, 17, 24, 25, 26, 27, 28, 29]",1,[7],0.23492358487687612,0.055221235652127006,0.23499199061271642,18.10897543654444,0.4731578947368421,0.06312686980609418,0.251250611553672,0.4961111111111111,0.056623765432098766,0.2379574866065339
1,5,16,111001010001110100000111111001,0.46533333333333327,0.28504279218614104,0.6565000116825104,16,"[0, 1, 2, 5, 7, 11, 12, 13, 15, 21, 22, 23, 24, 25, 26, 29]",15,"[0, 1, 2, 5, 11, 12, 13, 15, 21, 22, 23, 24, 25, 26, 29]",1,[7],0.27582853531930596,0.061589223085134606,0.24817176125646248,16.23660682677719,0.505,0.08728749999999999,0.2954445802515253,0.5346666666666667,0.07902488888888888,0.28111365831081364
1,5,17,001101011101101111011101010100,0.36764705882352944,0.37999009855968113,0.6859999895095825,18,"[2, 3, 5, 7, 8, 9, 11, 12, 14, 15, 16, 17, 19, 20, 21, 23, 25, 27]",17,"[2, 3, 5, 8, 9, 11, 12, 14, 15, 16, 17, 19, 20, 21, 23, 25, 27]",1,[7],0.36652479765729773,0.060756029183078174,0.2464873813871172,16.45927183599617,0.6005555555555555,0.06894969135802469,0.26258273240642593,0.6323529411764706,0.05480622837370242,0.23410730098333632
1,5,18,111001000001110100000111111001,0.46533333333333327,0.28504279218614104,0.6565000116825104,15,"[0, 1, 2, 5, 11, 12, 13, 15, 21, 22, 23, 24, 25, 26, 29]",15,"[0, 1, 2, 5, 11, 12, 13, 15, 21, 22, 23, 24, 25, 26, 29]",0,[],0.28504279218614104,0.06433673081708197,0.2536468624230979,15.543220603532612,0.5346666666666667,0.07902488888888888,0.28111365831081364,0.5346666666666667,0.07902488888888888,0.28111365831081364
1,5,19,110001010001011000110011101010,0.4653846153846154,0.13737053151887196,0.7584999948740005,14,"[0, 1, 5, 7, 11, 13, 14, 18, 19, 22, 23, 24, 26, 28]",13,"[0, 1, 5, 11, 13, 14, 18, 19, 22, 23, 24, 26, 28]",1,[7],0.1373879708615797,0.03225849436566017,0.1796064986732389,30.999586920105006,0.5007142857142858,0.07954948979591837,0.28204519105263676,0.5346153846153846,0.06957869822485206,0.2637777439907546
1,5,20,110100001010111111000001101100,0.46599999999999986,0.2149358662466208,0.7060000002384186,15,"[0, 1, 3, 8, 10, 12, 13, 14, 15, 16, 17, 23, 24, 26, 27]",15,"[0, 1, 3, 8, 10, 12, 13, 14, 15, 16, 17, 23, 24, 26, 27]",0,[],0.2149358662466208,0.045582922044594694,0.21350157386912794,21.93804072107707,0.5340000000000001,0.058584000000000004,0.2420413187866898,0.5340000000000001,0.058584000000000004,0.2420413187866898
1,5,21,001101011111101101000001100100,0.4099999999999999,0.32824788907808916,0.6514999866485596,15,"[2, 3, 5, 7, 8, 9, 10, 11, 12, 14, 15, 17, 23, 24, 27]",14,"[2, 3, 5, 8, 9, 10, 11, 12, 14, 15, 17, 23, 24, 27]",1,[7],0.31553900862733525,0.049964158287079674,0.22352663887572702,20.01434696956742,0.5546666666666666,0.0796648888888889,0.28224969245136283,0.5900000000000001,0.06662857142857144,0.25812510809406247
1,5,22,110001010001100100010111110100,0.41384615384615386,0.2918476862116502,0.6514999866485596,14,"[0, 1, 5, 7, 11, 12, 15, 19, 21, 22, 23, 24, 25, 27]",13,"[0, 1, 5, 11, 12, 15, 19, 21, 22, 23, 24, 25, 27]",1,[7],0.2808310430763023,0.06629482754234657,0.25747781951528675,15.08413306243596,0.5485714285714286,0.09596938775510204,0.30978926346002056,0.5861538461538461,0.08357751479289942,0.2890977599236968
1,5,23,001101010001000000010011010100,0.37111111111111106,0.32887426308459705,0.6220000088214874,10,"[2, 3, 5, 7, 11, 19, 22, 23, 25, 27]",9,"[2, 3, 5, 11, 19, 22, 23, 25, 27]",1,[7],0.30974830500781536,0.056265999805920744,0.23720455266693502,17.772722486924906,0.5720000000000001,0.077856,0.2790268804255246,0.6288888888888889,0.05414320987654321,0.23268693533703866
1,5,24,110001100001110101000100010100,0.365,0.29792553062240285,0.7095000147819519,12,"[0, 1, 5, 6, 11, 12, 13, 15, 17, 21, 25, 27]",12,"[0, 1, 5, 6, 11, 12, 13, 15, 17, 21, 25, 27]",0,[],0.29792553062240285,0.0754788500350621,0.2747341442832727,13.248744509693392,0.635,0.057574999999999994,0.23994791101403654,0.635,0.057574999999999994,0.23994791101403654
1,5,25,110110000001101011110000010100,0.4146153846153845,0.19060205639554903,0.8910000026226044,13,"[0, 1, 3, 4, 11, 12, 14, 16, 17, 18, 19, 25, 27]",13,"[0, 1, 3, 4, 11, 12, 14, 16, 17, 18, 19, 25, 27]",0,[],0.19060205639554903,0.0480683465095421,0.21924494637172848,20.80371122816735,0.5853846153846155,0.06284023668639054,0.2506795497969281,0.5853846153846155,0.06284023668639054,0.2506795497969281
1,5,26,010101010000011111000011110100,0.4823076923076923,0.2434305568727163,0.6884999871253967,14,"[1, 3, 5, 7, 13, 14, 15, 16, 17, 22, 23, 24, 25, 27]",13,"[1, 3, 5, 13, 14, 15, 16, 17, 22, 23, 24, 25, 27]",1,[7],0.23587228011872088,0.05161083364468379,0.22718017881118896,19.375776932504667,0.485,0.06789642857142857,0.26056943138332356,0.5176923076923077,0.05815621301775147,0.24115599312012023
1,5,27,011100000000111100111000010101,0.3684615384615384,0.26709351803247744,0.7245000004768372,13,"[1, 2, 3, 12, 13, 14, 15, 18, 19, 20, 25, 27, 29]",13,"[1, 2, 3, 12, 13, 14, 15, 18, 19, 20, 25, 27, 29]",0,[],0.26709351803247744,0.05002183853879061,0.22365562487626062,19.99126839819225,0.6315384615384616,0.0330284023668639,0.18173717937412778,0.6315384615384616,0.0330284023668639,0.18173717937412778
1,5,28,101001100000101000110001010100,0.4109090909090909,0.2577839839187535,0.6820000112056732,11,"[0, 2, 5, 6, 12, 14, 18, 19, 23, 25, 27]",11,"[0, 2, 5, 6, 12, 14, 18, 19, 23, 25, 27]",0,[],0.2577839839187535,0.07584197375809525,0.2753942151863311,13.185310856882356,0.5890909090909091,0.03662644628099173,0.1913803706783737,0.5890909090909091,0.03662644628099173,0.1913803706783737
2,1,0,110001001000101101111011110100,0.468125,0.46540445694699883,0.6660000085830688,16,"[0, 1, 5, 8, 12, 14, 15, 17, 18, 19, 20, 22, 23, 24, 25, 27]",16,"[0, 1, 5, 8, 12, 14, 15, 17, 18, 19, 20, 22, 23, 24, 25, 27]",0,[],0.46540445694699883,0.09909327737137791,0.3147908470260498,10.091501931581485,0.531875,0.049315234374999996,0.22207033654903122,0.531875,0.049315234374999996,0.22207033654903122
2,1,1,110110000001101101000001101000,0.4666666666666667,0.38098727849622566,0.8950000032782555,12,"[0, 1, 3, 4, 11, 12, 14, 15, 17, 23, 24, 26]",12,"[0, 1, 3, 4, 11, 12, 14, 15, 17, 23, 24, 26]",0,[],0.38098727849622566,0.0929972294028995,0.30495447103280765,10.753008518862623,0.5333333333333333,0.04992222222222222,0.22343281366491857,0.5333333333333333,0.04992222222222222,0.22343281366491857
2,1,2,100110100011001111001001000111,0.48,0.3845021671482495,0.8919999971985817,15,"[0, 3, 4, 6, 10, 11, 14, 15, 16, 17, 20, 23, 27, 28, 29]",14,"[0, 3, 4, 6, 10, 11, 14, 15, 16, 17, 20, 23, 27, 28]",1,[29],0.3833784927924474,0.06153537036950551,0.24806323864995697,16.250816302806562,0.49000000000000005,0.04976,0.22306949589757896,0.52,0.03981428571428571,0.19953517412798605
2,1,3,100100110010100000100000010111,0.544,0.530471533536911,0.5850000083446503,11,"[0, 3, 6, 7, 10, 12, 18, 25, 27, 28, 29]",10,"[0, 3, 6, 7, 10, 12, 18, 25, 27, 28]",1,[29],0.5156693079254844,0.07781503781378488,0.2789534689043764,12.850986494320649,0.4209090909090909,0.04600826446280992,0.21449537165824797,0.45599999999999996,0.037064,0.19252012881774208
2,1,4,101001100000001000010011010100,0.5050000000000001,0.3736772708594799,0.6570000052452087,10,"[0, 2, 5, 6, 14, 19, 22, 23, 25, 27]",10,"[0, 2, 5, 6, 14, 19, 22, 23, 25, 27]",0,[],0.3736772708594799,0.09058681959062431,0.3009764435809293,11.039133557388954,0.49499999999999994,0.038564999999999995,0.1963797341886377,0.49499999999999994,0.038564999999999995,0.1963797341886377
2,1,5,110000000111101100011001110110,0.482,0.5026326919595401,0.6265000104904175,15,"[0, 1, 9, 10, 11, 12, 14, 15, 19, 20, 23, 24, 25, 27, 28]",15,"[0, 1, 9, 10, 11, 12, 14, 15, 19, 20, 23, 24, 25, 27, 28]",0,[],0.5026326919595401,0.07725371432232457,0.2779455240192304,12.944361430024118,0.518,0.05342933333333332,0.23114786032609802,0.518,0.05342933333333332,0.23114786032609802
2,1,6,101100100000101011111000010100,0.4938461538461538,0.43515838510715044,0.5929999947547913,13,"[0, 2, 3, 6, 12, 14, 16, 17, 18, 19, 20, 25, 27]",13,"[0, 2, 3, 6, 12, 14, 16, 17, 18, 19, 20, 25, 27]",0,[],0.43515838510715044,0.10246285440669936,0.3200981949444566,9.759634413762893,0.5061538461538462,0.02839289940828402,0.16850192701653005,0.5061538461538462,0.02839289940828402,0.16850192701653005
2,1,7,111111101011110101010101000011,0.41055555555555556,0.4597902177936501,0.7870000004768372,19,"[0, 1, 2, 3, 4, 5, 6, 8, 10, 11, 12, 13, 15, 17, 19, 21, 23, 28, 29]",18,"[0, 1, 2, 3, 4, 5, 6, 8, 10, 11, 12, 13, 15, 17, 19, 21, 23, 28]",1,[29],0.45494057747878525,0.07596629074089523,0.27561983009372754,13.163733417112416,0.5621052631578948,0.05358504155124653,0.2314844304726487,0.5894444444444444,0.0423608024691358,0.20581740079287708
2,1,8,011101010000000111110100000111,0.4715384615384617,0.46470931802804655,0.6940000057220459,14,"[1, 2, 3, 5, 7, 15, 16, 17, 18, 19, 21, 27, 28, 29]",13,"[1, 2, 3, 5, 7, 15, 16, 17, 18, 19, 21, 27, 28]",1,[29],0.4577762990125588,0.063865646534323,0.2527165339551866,15.657870142480666,0.4957142857142856,0.056738775510204086,0.23819902499843296,0.5284615384615383,0.04608994082840237,0.21468567914139586
2,1,9,101111010110011100011001001001,0.52,0.36986394623915353,0.8599999994039536,16,"[0, 2, 3, 4, 5, 7, 9, 10, 13, 14, 15, 19, 20, 23, 26, 29]",15,"[0, 2, 3, 4, 5, 7, 9, 10, 13, 14, 15, 19, 20, 23, 26]",1,[29],0.3697253903374076,0.06714245679346312,0.2591186152970549,14.893705827239827,0.454375,0.045637109375,0.21362843765519607,0.48000000000000004,0.038173333333333344,0.195379971679119
2,1,10,100101011110101111011101010101,0.4738888888888889,0.4805762465629313,0.6654999852180481,19,"[0, 3, 5, 7, 8, 9, 10, 12, 14, 15, 16, 17, 19, 20, 21, 23, 25, 27, 29]",18,"[0, 3, 5, 7, 8, 9, 10, 12, 14, 15, 16, 17, 19, 20, 21, 23, 25, 27]",1,[29],0.47463260473389374,0.0868449236664132,0.29469462782075484,11.514777810631486,0.5021052631578947,0.06466925207756234,0.2543014983785238,0.5261111111111111,0.057312654320987644,0.23940061470469878
2,1,11,100001010001010000010110100110,0.49,0.4411416643045165,0.6820000112056732,11,"[0, 5, 7, 11, 13, 19, 21, 22, 24, 27, 28]",11,"[0, 5, 7, 11, 13, 19, 21, 22, 24, 27, 28]",0,[],0.4411416643045165,0.06900460806681667,0.26268728189011487,14.491785809894132,0.51,0.09261818181818181,0.3043323542086543,0.51,0.09261818181818181,0.3043323542086543
2,1,12,110010101010111100000001011111,0.4693333333333334,0.4552176142732302,0.7384999990463257,16,"[0, 1, 4, 6, 8, 10, 12, 13, 14, 15, 23, 25, 26, 27, 28, 29]",15,"[0, 1, 4, 6, 8, 10, 12, 13, 14, 15, 23, 25, 26, 27, 28]",1,[29],0.4497444541193545,0.08254680499463038,0.28730959781154264,12.114339253530762,0.5018750000000001,0.037965234375,0.1948466945447112,0.5306666666666666,0.02723288888888888,0.16502390399238795
2,1,13,101001001011101010100100101001,0.4292307692307692,0.45094542835767454,0.7974999994039536,14,"[0, 2, 5, 8, 10, 11, 12, 14, 16, 18, 21, 24, 26, 29]",13,"[0, 2, 5, 8, 10, 11, 12, 14, 16, 18, 21, 24, 26]",1,[29],0.4449955443186419,0.0631801036439482,0.25135652695712557,15.827767640830492,0.535,0.08389642857142857,0.28964880212324123,0.5707692307692308,0.0724378698224852,0.2691428427851746
2,1,14,110101110001011111000011001111,0.4935294117647059,0.39289820062763553,0.7360000014305115,18,"[0, 1, 3, 5, 6, 7, 11, 13, 14, 15, 16, 17, 22, 23, 26, 27, 28, 29]",17,"[0, 1, 3, 5, 6, 7, 11, 13, 14, 15, 16, 17, 22, 23, 26, 27, 28]",1,[29],0.39149535902672344,0.06541370613878139,0.25576103326891175,15.287316053892512,0.4822222222222222,0.06025061728395061,0.24546001157816036,0.5064705882352941,0.05321107266435986,0.23067525368872982
2,1,15,111101110011010101011111010001,0.47111111111111115,0.44700200565987164,0.7105000019073486,19,"[0, 1, 2, 3, 5, 6, 7, 10, 11, 13, 15, 17, 19, 20, 21, 22, 23, 25, 29]",18,"[0, 1, 2, 3, 5, 6, 7, 10, 11, 13, 15, 17, 19, 20, 21, 22, 23, 25]",1,[29],0.44282542914152145,0.07909946577767082,0.2812462724689357,12.642310414722072,0.5047368421052632,0.0641196675900277,0.2532186161995751,0.5288888888888889,0.05659876543209877,0.23790495041528406
2,2,0,110001001000101101111011110100,0.468125,0.46540445694699883,0.6660000085830688,16,"[0, 1, 5, 8, 12, 14, 15, 17, 18, 19, 20, 22, 23, 24, 25, 27]",16,"[0, 1, 5, 8, 12, 14, 15, 17, 18, 19, 20, 22, 23, 24, 25, 27]",0,[],0.46540445694699883,0.09909327737137791,0.3147908470260498,10.091501931581485,0.531875,0.049315234374999996,0.22207033654903122,0.531875,0.049315234374999996,0.22207033654903122
2,2,1,110110000001101101000001101000,0.4666666666666667,0.38098727849622566,0.8950000032782555,12,"[0, 1, 3, 4, 11, 12, 14, 15, 17, 23, 24, 26]",12,"[0, 1, 3, 4, 11, 12, 14, 15, 17, 23, 24, 26]",0,[],0.38098727849622566,0.0929972294028995,0.30495447103280765,10.753008518862623,0.5333333333333333,0.04992222222222222,0.22343281366491857,0.5333333333333333,0.04992222222222222,0.22343281366491857
2,2,2,100110100011001111001001000111,0.48,0.3845021671482495,0.8919999971985817,15,"[0, 3, 4, 6, 10, 11, 14, 15, 16, 17, 20, 23, 27, 28, 29]",14,"[0, 3, 4, 6, 10, 11, 14, 15, 16, 17, 20, 23, 27, 28]",1,[29],0.3833784927924474,0.06153537036950551,0.24806323864995697,16.250816302806562,0.49000000000000005,0.04976,0.22306949589757896,0.52,0.03981428571428571,0.19953517412798605
2,2,3,100100110010100000100000010111,0.544,0.530471533536911,0.5850000083446503,11,"[0, 3, 6, 7, 10, 12, 18, 25, 27, 28, 29]",10,"[0, 3, 6, 7, 10, 12, 18, 25, 27, 28]",1,[29],0.5156693079254844,0.07781503781378488,0.2789534689043764,12.850986494320649,0.4209090909090909,0.04600826446280992,0.21449537165824797,0.45599999999999996,0.037064,0.19252012881774208
2,2,4,101001100000001000010011010100,0.5050000000000001,0.3736772708594799,0.6570000052452087,10,"[0, 2, 5, 6, 14, 19, 22, 23, 25, 27]",10,"[0, 2, 5, 6, 14, 19, 22, 23, 25, 27]",0,[],0.3736772708594799,0.09058681959062431,0.3009764435809293,11.039133557388954,0.49499999999999994,0.038564999999999995,0.1963797341886377,0.49499999999999994,0.038564999999999995,0.1963797341886377
2,2,5,110000000111101100011001110110,0.482,0.5026326919595401,0.6265000104904175,15,"[0, 1, 9, 10, 11, 12, 14, 15, 19, 20, 23, 24, 25, 27, 28]",15,"[0, 1, 9, 10, 11, 12, 14, 15, 19, 20, 23, 24, 25, 27, 28]",0,[],0.5026326919595401,0.07725371432232457,0.2779455240192304,12.944361430024118,0.518,0.05342933333333332,0.23114786032609802,0.518,0.05342933333333332,0.23114786032609802
2,2,6,101100100000101011111000010100,0.4938461538461538,0.43515838510715044,0.5929999947547913,13,"[0, 2, 3, 6, 12, 14, 16, 17, 18, 19, 20, 25, 27]",13,"[0, 2, 3, 6, 12, 14, 16, 17, 18, 19, 20, 25, 27]",0,[],0.43515838510715044,0.10246285440669936,0.3200981949444566,9.759634413762893,0.5061538461538462,0.02839289940828402,0.16850192701653005,0.5061538461538462,0.02839289940828402,0.16850192701653005
2,2,7,111111101011110101010101000011,0.41055555555555556,0.4597902177936501,0.7870000004768372,19,"[0, 1, 2, 3, 4, 5, 6, 8, 10, 11, 12, 13, 15, 17, 19, 21, 23, 28, 29]",18,"[0, 1, 2, 3, 4, 5, 6, 8, 10, 11, 12, 13, 15, 17, 19, 21, 23, 28]",1,[29],0.45494057747878525,0.07596629074089523,0.27561983009372754,13.163733417112416,0.5621052631578948,0.05358504155124653,0.2314844304726487,0.5894444444444444,0.0423608024691358,0.20581740079287708
2,2,8,101111010110011100011001001001,0.52,0.36986394623915353,0.8599999994039536,16,"[0, 2, 3, 4, 5, 7, 9, 10, 13, 14, 15, 19, 20, 23, 26, 29]",15,"[0, 2, 3, 4, 5, 7, 9, 10, 13, 14, 15, 19, 20, 23, 26]",1,[29],0.3697253903374076,0.06714245679346312,0.2591186152970549,14.893705827239827,0.454375,0.045637109375,0.21362843765519607,0.48000000000000004,0.038173333333333344,0.195379971679119
2,2,9,100101011110101111011101010101,0.4738888888888889,0.4805762465629313,0.6654999852180481,19,"[0, 3, 5, 7, 8, 9, 10, 12, 14, 15, 16, 17, 19, 20, 21, 23, 25, 27, 29]",18,"[0, 3, 5, 7, 8, 9, 10, 12, 14, 15, 16, 17, 19, 20, 21, 23, 25, 27]",1,[29],0.47463260473389374,0.0868449236664132,0.29469462782075484,11.514777810631486,0.5021052631578947,0.06466925207756234,0.2543014983785238,0.5261111111111111,0.057312654320987644,0.23940061470469878
2,2,10,101001001011101010100100101001,0.4292307692307692,0.45094542835767454,0.7974999994039536,14,"[0, 2, 5, 8, 10, 11, 12, 14, 16, 18, 21, 24, 26, 29]",13,"[0, 2, 5, 8, 10, 11, 12, 14, 16, 18, 21, 24, 26]",1,[29],0.4449955443186419,0.0631801036439482,0.25135652695712557,15.827767640830492,0.535,0.08389642857142857,0.28964880212324123,0.5707692307692308,0.0724378698224852,0.2691428427851746
2,2,11,110101110001011111000011001111,0.4935294117647059,0.39289820062763553,0.7360000014305115,18,"[0, 1, 3, 5, 6, 7, 11, 13, 14, 15, 16, 17, 22, 23, 26, 27, 28, 29]",17,"[0, 1, 3, 5, 6, 7, 11, 13, 14, 15, 16, 17, 22, 23, 26, 27, 28]",1,[29],0.39149535902672344,0.06541370613878139,0.25576103326891175,15.287316053892512,0.4822222222222222,0.06025061728395061,0.24546001157816036,0.5064705882352941,0.05321107266435986,0.23067525368872982
2,2,12,111110011010011011111100000011,0.4900000000000001,0.42067621516830783,0.7849999964237213,18,"[0, 1, 2, 3, 4, 7, 8, 10, 13, 14, 16, 17, 18, 19, 20, 21, 28, 29]",17,"[0, 1, 2, 3, 4, 7, 8, 10, 13, 14, 16, 17, 18, 19, 20, 21, 28]",1,[29],0.4177301505373584,0.07552270772163658,0.2748139511044455,13.241050674266397,0.48555555555555546,0.05105802469135802,0.22596022811848554,0.5099999999999999,0.04330588235294117,0.20810065437893552
2,2,13,101100100000101011111000011100,0.49142857142857144,0.4076831468514034,0.6890000104904175,14,"[0, 2, 3, 6, 12, 14, 16, 17, 18, 19, 20, 25, 26, 27]",14,"[0, 2, 3, 6, 12, 14, 16, 17, 18, 19, 20, 25, 26, 27]",0,[],0.4076831468514034,0.10495763241566596,0.3239716537224607,9.527653939826678,0.5085714285714286,0.02644081632653061,0.16260632314436796,0.5085714285714286,0.02644081632653061,0.16260632314436796
2,2,14,001110001000011011111010101000,0.5149999999999999,0.37000441019024166,0.8005000054836273,14,"[2, 3, 4, 8, 13, 14, 16, 17, 18, 19, 20, 22, 24, 26]",14,"[2, 3, 4, 8, 13, 14, 16, 17, 18, 19, 20, 22, 24, 26]",0,[],0.37000441019024166,0.08199261629764684,0.28634352847174116,12.196220161701312,0.48500000000000004,0.036067857142857145,0.18991539469684163,0.48500000000000004,0.036067857142857145,0.18991539469684163
2,2,15,101111111010101000110010001110,0.49058823529411777,0.39820338522686677,0.7970000058412552,17,"[0, 2, 3, 4, 5, 6, 7, 8, 10, 12, 14, 18, 19, 22, 26, 27, 28]",17,"[0, 2, 3, 4, 5, 6, 7, 8, 10, 12, 14, 18, 19, 22, 26, 27, 28]",0,[],0.39820338522686677,0.08329183183016771,0.2886032429307885,12.005979194202416,0.5094117647058822,0.043099653979238754,0.20760456155691462,0.5094117647058822,0.043099653979238754,0.20760456155691462
2,2,16,100000000111101000010111010100,0.4666666666666667,0.4378954190760851,0.6910000145435333,12,"[0, 9, 10, 11, 12, 14, 19, 21, 22, 23, 25, 27]",12,"[0, 9, 10, 11, 12, 14, 19, 21, 22, 23, 25, 27]",0,[],0.4378954190760851,0.08874709036382983,0.2979044987304318,11.267975050228403,0.5333333333333333,0.06795555555555556,0.2606828639468954,0.5333333333333333,0.06795555555555556,0.2606828639468954
2,2,17,010101110001001100011011001111,0.43266666666666664,0.4380239983399709,0.6809999942779541,16,"[1, 3, 5, 6, 7, 11, 14, 15, 19, 20, 22, 23, 26, 27, 28, 29]",15,"[1, 3, 5, 6, 7, 11, 14, 15, 19, 20, 22, 23, 26, 27, 28]",1,[29],0.43362543918192387,0.06865743185699101,0.2620256320610467,14.565065615663215,0.53625,0.06039843749999999,0.24576093566716414,0.5673333333333334,0.04896622222222221,0.22128312683578522
2,3,0,100100110010100000100000010111,0.544,0.530471533536911,0.5850000083446503,11,"[0, 3, 6, 7, 10, 12, 18, 25, 27, 28, 29]",10,"[0, 3, 6, 7, 10, 12, 18, 25, 27, 28]",1,[29],0.5156693079254844,0.07781503781378488,0.2789534689043764,12.850986494320649,0.4209090909090909,0.04600826446280992,0.21449537165824797,0.45599999999999996,0.037064,0.19252012881774208
2,3,1,101001100000001000010011010100,0.5050000000000001,0.3736772708594799,0.6570000052452087,10,"[0, 2, 5, 6, 14, 19, 22, 23, 25, 27]",10,"[0, 2, 5, 6, 14, 19, 22, 23, 25, 27]",0,[],0.3736772708594799,0.09058681959062431,0.3009764435809293,11.039133557388954,0.49499999999999994,0.038564999999999995,0.1963797341886377,0.49499999999999994,0.038564999999999995,0.1963797341886377
2,3,2,101100100000101011111000010100,0.4938461538461538,0.43515838510715044,0.5929999947547913,13,"[0, 2, 3, 6, 12, 14, 16, 17, 18, 19, 20, 25, 27]",13,"[0, 2, 3, 6, 12, 14, 16, 17, 18, 19, 20, 25, 27]",0,[],0.43515838510715044,0.10246285440669936,0.3200981949444566,9.759634413762893,0.5061538461538462,0.02839289940828402,0.16850192701653005,0.5061538461538462,0.02839289940828402,0.16850192701653005
2,3,3,111111101011110101010101000011,0.41055555555555556,0.4597902177936501,0.7870000004768372,19,"[0, 1, 2, 3, 4, 5, 6, 8, 10, 11, 12, 13, 15, 17, 19, 21, 23, 28, 29]",18,"[0, 1, 2, 3, 4, 5, 6, 8, 10, 11, 12, 13, 15, 17, 19, 21, 23, 28]",1,[29],0.45494057747878525,0.07596629074089523,0.27561983009372754,13.163733417112416,0.5621052631578948,0.05358504155124653,0.2314844304726487,0.5894444444444444,0.0423608024691358,0.20581740079287708
2,3,4,101001001011101010100100101001,0.4292307692307692,0.45094542835767454,0.7974999994039536,14,"[0, 2, 5, 8, 10, 11, 12, 14, 16, 18, 21, 24, 26, 29]",13,"[0, 2, 5, 8, 10, 11, 12, 14, 16, 18, 21, 24, 26]",1,[29],0.4449955443186419,0.0631801036439482,0.25135652695712557,15.827767640830492,0.535,0.08389642857142857,0.28964880212324123,0.5707692307692308,0.0724378698224852,0.2691428427851746
2,3,5,101100100000101011111000011100,0.49142857142857144,0.4076831468514034,0.6890000104904175,14,"[0, 2, 3, 6, 12, 14, 16, 17, 18, 19, 20, 25, 26, 27]",14,"[0, 2, 3, 6, 12, 14, 16, 17, 18, 19, 20, 25, 26, 27]",0,[],0.4076831468514034,0.10495763241566596,0.3239716537224607,9.527653939826678,0.5085714285714286,0.02644081632653061,0.16260632314436796,0.5085714285714286,0.02644081632653061,0.16260632314436796
2,3,6,100000000111101000010111010100,0.4666666666666667,0.4378954190760851,0.6910000145435333,12,"[0, 9, 10, 11, 12, 14, 19, 21, 22, 23, 25, 27]",12,"[0, 9, 10, 11, 12, 14, 19, 21, 22, 23, 25, 27]",0,[],0.4378954190760851,0.08874709036382983,0.2979044987304318,11.267975050228403,0.5333333333333333,0.06795555555555556,0.2606828639468954,0.5333333333333333,0.06795555555555556,0.2606828639468954
2,3,7,010101110001001100011011001111,0.43266666666666664,0.4380239983399709,0.6809999942779541,16,"[1, 3, 5, 6, 7, 11, 14, 15, 19, 20, 22, 23, 26, 27, 28, 29]",15,"[1, 3, 5, 6, 7, 11, 14, 15, 19, 20, 22, 23, 26, 27, 28]",1,[29],0.43362543918192387,0.06865743185699101,0.2620256320610467,14.565065615663215,0.53625,0.06039843749999999,0.24576093566716414,0.5673333333333334,0.04896622222222221,0.22128312683578522
2,3,8,101110001000011100011001001101,0.4476923076923077,0.3806193344868146,0.8009999990463257,14,"[0, 2, 3, 4, 8, 13, 14, 15, 19, 20, 23, 26, 27, 29]",13,"[0, 2, 3, 4, 8, 13, 14, 15, 19, 20, 23, 26, 27]",1,[29],0.3796927428671292,0.08002779590041131,0.28289184488141633,12.49565839904458,0.5178571428571429,0.03911683673469387,0.19777976826433455,0.5523076923076923,0.02551005917159763,0.15971868760917624
2,3,9,010101010001001100000011001111,0.4391666666666667,0.4560516321410735,0.6245000064373016,13,"[1, 3, 5, 7, 11, 14, 15, 22, 23, 26, 27, 28, 29]",12,"[1, 3, 5, 7, 11, 14, 15, 22, 23, 26, 27, 28]",1,[29],0.4492512798080078,0.06329648539517989,0.25158792776121014,15.79866549867161,0.5230769230769231,0.0707905325443787,0.26606490287968965,0.5608333333333333,0.05815763888888889,0.2411589494273204
2,3,10,000000010000000111110100000111,0.53,0.3658779751923349,0.7740000039339066,10,"[7, 15, 16, 17, 18, 19, 21, 27, 28, 29]",9,"[7, 15, 16, 17, 18, 19, 21, 27, 28]",1,[29],0.3660548828542233,0.04814487576547644,0.21941940608222518,20.770642443262393,0.43000000000000005,0.056459999999999996,0.2376131309502907,0.47000000000000003,0.046733333333333335,0.21617893822787948
2,3,11,101111111011000001010001001000,0.46071428571428574,0.348666359271322,0.7995000034570694,14,"[0, 2, 3, 4, 5, 6, 7, 8, 10, 11, 17, 19, 23, 26]",14,"[0, 2, 3, 4, 5, 6, 7, 8, 10, 11, 17, 19, 23, 26]",0,[],0.348666359271322,0.08065118251141254,0.28399151837935677,12.399074246164897,0.5392857142857143,0.055078061224489785,0.23468715607056512,0.5392857142857143,0.055078061224489785,0.23468715607056512
2,3,12,110101100010001000010011001000,0.47818181818181815,0.34443204511295666,0.8194999992847443,11,"[0, 1, 3, 5, 6, 10, 14, 19, 22, 23, 26]",11,"[0, 1, 3, 5, 6, 10, 14, 19, 22, 23, 26]",0,[],0.34443204511295666,0.0871488058323014,0.2952097658145838,11.474626536183166,0.5218181818181818,0.03503305785123967,0.18717119931025625,0.5218181818181818,0.03503305785123967,0.18717119931025625
2,3,13,110101110011011111000011011100,0.5038888888888888,0.4084965955052111,0.6710000038146973,18,"[0, 1, 3, 5, 6, 7, 10, 11, 13, 14, 15, 16, 17, 22, 23, 25, 26, 27]",18,"[0, 1, 3, 5, 6, 7, 10, 11, 13, 14, 15, 16, 17, 22, 23, 25, 26, 27]",0,[],0.4084965955052111,0.07935104169747224,0.2816931694192677,12.602229014365358,0.4961111111111111,0.051745987654320987,0.2274774442759567,0.4961111111111111,0.051745987654320987,0.2274774442759567
2,3,14,010100111000001111001101001101,0.4364285714285715,0.44659542558448656,0.6665000021457672,15,"[1, 3, 6, 7, 8, 14, 15, 16, 17, 20, 21, 23, 26, 27, 29]",14,"[1, 3, 6, 7, 8, 14, 15, 16, 17, 20, 21, 23, 26, 27]",1,[29],0.44133220066626866,0.06902964439350653,0.26273493181057317,14.486529791453885,0.5306666666666666,0.056926222222222225,0.23859216714347986,0.5635714285714285,0.04475153061224489,0.21154557573309088
2,3,15,111101110001011111011011001110,0.4820000000000001,0.3926467873156071,0.7339999973773956,20,"[0, 1, 2, 3, 5, 6, 7, 11, 13, 14, 15, 16, 17, 19, 20, 22, 23, 26, 27, 28]",20,"[0, 1, 2, 3, 5, 6, 7, 11, 13, 14, 15, 16, 17, 19, 20, 22, 23, 26, 27, 28]",0,[],0.3926467873156071,0.07165385727233367,0.2676823813259544,13.955982804935623,0.5179999999999999,0.04802599999999999,0.2191483515794723,0.5179999999999999,0.04802599999999999,0.2191483515794723
2,3,16,101110101011110101010001001011,0.45562499999999995,0.385555362328887,0.7960000038146973,17,"[0, 2, 3, 4, 6, 8, 10, 11, 12, 13, 15, 17, 19, 23, 26, 28, 29]",16,"[0, 2, 3, 4, 6, 8, 10, 11, 12, 13, 15, 17, 19, 23, 26, 28]",1,[29],0.3845019322984359,0.07698596296730836,0.27746344438017123,12.989380939803846,0.5164705882352942,0.04551695501730104,0.21334702954881055,0.544375,0.035124609375000004,0.18741560600707724
2,3,17,111101000111101100011001110110,0.4605555555555556,0.529878318723705,0.5974999964237213,18,"[0, 1, 2, 3, 5, 9, 10, 11, 12, 14, 15, 19, 20, 23, 24, 25, 27, 28]",18,"[0, 1, 2, 3, 5, 9, 10, 11, 12, 14, 15, 19, 20, 23, 24, 25, 27, 28]",0,[],0.529878318723705,0.07436433071158084,0.2726982411230055,13.447307202675717,0.5394444444444444,0.0510719135802469,0.22599095906749656,0.5394444444444444,0.0510719135802469,0.22599095906749656
2,3,18,111110011111011011111100000011,0.4810526315789474,0.4360769904757801,0.7759999930858612,20,"[0, 1, 2, 3, 4, 7, 8, 9, 10, 11, 13, 14, 16, 17, 18, 19, 20, 21, 28, 29]",19,"[0, 1, 2, 3, 4, 7, 8, 9, 10, 11, 13, 14, 16, 17, 18, 19, 20, 21, 28]",1,[29],0.432655493542552,0.07005668025566353,0.2646822250466841,14.27415624535189,0.4965,0.06343275000000001,0.25185859127693067,0.5189473684210526,0.05669362880886428,0.2381042393760856
2,4,0,101001100000001000010011010100,0.5050000000000001,0.3736772708594799,0.6570000052452087,10,"[0, 2, 5, 6, 14, 19, 22, 23, 25, 27]",10,"[0, 2, 5, 6, 14, 19, 22, 23, 25, 27]",0,[],0.3736772708594799,0.09058681959062431,0.3009764435809293,11.039133557388954,0.49499999999999994,0.038564999999999995,0.1963797341886377,0.49499999999999994,0.038564999999999995,0.1963797341886377
2,4,1,101100100000101011111000010100,0.4938461538461538,0.43515838510715044,0.5929999947547913,13,"[0, 2, 3, 6, 12, 14, 16, 17, 18, 19, 20, 25, 27]",13,"[0, 2, 3, 6, 12, 14, 16, 17, 18, 19, 20, 25, 27]",0,[],0.43515838510715044,0.10246285440669936,0.3200981949444566,9.759634413762893,0.5061538461538462,0.02839289940828402,0.16850192701653005,0.5061538461538462,0.02839289940828402,0.16850192701653005
2,4,2,111111101011110101010101000011,0.41055555555555556,0.4597902177936501,0.7870000004768372,19,"[0, 1, 2, 3, 4, 5, 6, 8, 10, 11, 12, 13, 15, 17, 19, 21, 23, 28, 29]",18,"[0, 1, 2, 3, 4, 5, 6, 8, 10, 11, 12, 13, 15, 17, 19, 21, 23, 28]",1,[29],0.45494057747878525,0.07596629074089523,0.27561983009372754,13.163733417112416,0.5621052631578948,0.05358504155124653,0.2314844304726487,0.5894444444444444,0.0423608024691358,0.20581740079287708
2,4,3,101110001000011100011001001101,0.4476923076923077,0.3806193344868146,0.8009999990463257,14,"[0, 2, 3, 4, 8, 13, 14, 15, 19, 20, 23, 26, 27, 29]",13,"[0, 2, 3, 4, 8, 13, 14, 15, 19, 20, 23, 26, 27]",1,[29],0.3796927428671292,0.08002779590041131,0.28289184488141633,12.49565839904458,0.5178571428571429,0.03911683673469387,0.19777976826433455,0.5523076923076923,0.02551005917159763,0.15971868760917624
2,4,4,010101010001001100000011001111,0.4391666666666667,0.4560516321410735,0.6245000064373016,13,"[1, 3, 5, 7, 11, 14, 15, 22, 23, 26, 27, 28, 29]",12,"[1, 3, 5, 7, 11, 14, 15, 22, 23, 26, 27, 28]",1,[29],0.4492512798080078,0.06329648539517989,0.25158792776121014,15.79866549867161,0.5230769230769231,0.0707905325443787,0.26606490287968965,0.5608333333333333,0.05815763888888889,0.2411589494273204
2,4,5,101111111011000001010001001000,0.46071428571428574,0.348666359271322,0.7995000034570694,14,"[0, 2, 3, 4, 5, 6, 7, 8, 10, 11, 17, 19, 23, 26]",14,"[0, 2, 3, 4, 5, 6, 7, 8, 10, 11, 17, 19, 23, 26]",0,[],0.348666359271322,0.08065118251141254,0.28399151837935677,12.399074246164897,0.5392857142857143,0.055078061224489785,0.23468715607056512,0.5392857142857143,0.055078061224489785,0.23468715607056512
2,4,6,110101100010001000010011001000,0.47818181818181815,0.34443204511295666,0.8194999992847443,11,"[0, 1, 3, 5, 6, 10, 14, 19, 22, 23, 26]",11,"[0, 1, 3, 5, 6, 10, 14, 19, 22, 23, 26]",0,[],0.34443204511295666,0.0871488058323014,0.2952097658145838,11.474626536183166,0.5218181818181818,0.03503305785123967,0.18717119931025625,0.5218181818181818,0.03503305785123967,0.18717119931025625
2,4,7,010100111000001111001101001101,0.4364285714285715,0.44659542558448656,0.6665000021457672,15,"[1, 3, 6, 7, 8, 14, 15, 16, 17, 20, 21, 23, 26, 27, 29]",14,"[1, 3, 6, 7, 8, 14, 15, 16, 17, 20, 21, 23, 26, 27]",1,[29],0.44133220066626866,0.06902964439350653,0.26273493181057317,14.486529791453885,0.5306666666666666,0.056926222222222225,0.23859216714347986,0.5635714285714285,0.04475153061224489,0.21154557573309088
2,4,8,101110101011110101010001001011,0.45562499999999995,0.385555362328887,0.7960000038146973,17,"[0, 2, 3, 4, 6, 8, 10, 11, 12, 13, 15, 17, 19, 23, 26, 28, 29]",16,"[0, 2, 3, 4, 6, 8, 10, 11, 12, 13, 15, 17, 19, 23, 26, 28]",1,[29],0.3845019322984359,0.07698596296730836,0.27746344438017123,12.989380939803846,0.5164705882352942,0.04551695501730104,0.21334702954881055,0.544375,0.035124609375000004,0.18741560600707724
2,4,9,111100010001011111001011001110,0.501764705882353,0.39757057016386704,0.6279999911785126,17,"[0, 1, 2, 3, 7, 11, 13, 14, 15, 16, 17, 20, 22, 23, 26, 27, 28]",17,"[0, 1, 2, 3, 7, 11, 13, 14, 15, 16, 17, 20, 22, 23, 26, 27, 28]",0,[],0.39757057016386704,0.06907295926674596,0.26281734963039627,14.477445452108109,0.498235294117647,0.049520415224913496,0.22253182968940308,0.498235294117647,0.049520415224913496,0.22253182968940308
2,4,10,101110010000000111110001001001,0.5800000000000001,0.25557175775369007,0.8929999992251396,13,"[0, 2, 3, 4, 7, 15, 16, 17, 18, 19, 23, 26, 29]",12,"[0, 2, 3, 4, 7, 15, 16, 17, 18, 19, 23, 26]",1,[29],0.2641929342196538,0.04997392339521848,0.2235484810845703,20.010436084665713,0.39307692307692305,0.030682840236686396,0.1751651798637115,0.41999999999999993,0.02381666666666667,0.1543264937289339
2,4,11,101111101011110100010101000011,0.4075,0.4675480858422816,0.7939999997615814,17,"[0, 2, 3, 4, 5, 6, 8, 10, 11, 12, 13, 15, 19, 21, 23, 28, 29]",16,"[0, 2, 3, 4, 5, 6, 8, 10, 11, 12, 13, 15, 19, 21, 23, 28]",1,[29],0.4616715544286896,0.06987355582841286,0.26433606607576815,14.311565915661724,0.5617647058823529,0.057743944636678195,0.2402996975376336,0.5925,0.045293749999999994,0.21282328350065458
2,4,12,010000111000001100011001001100,0.43181818181818177,0.401853700930422,0.6680000126361847,11,"[1, 6, 7, 8, 14, 15, 19, 20, 23, 26, 27]",11,"[1, 6, 7, 8, 14, 15, 19, 20, 23, 26, 27]",0,[],0.401853700930422,0.07091889609162004,0.26630601963083755,14.100614294786839,0.5681818181818182,0.03572396694214875,0.18900784889032718,0.5681818181818182,0.03572396694214875,0.18900784889032718
2,4,13,001111101011010000011001110110,0.42625,0.5413931221701205,0.7534999996423721,16,"[2, 3, 4, 5, 6, 8, 10, 11, 13, 19, 20, 23, 24, 25, 27, 28]",16,"[2, 3, 4, 5, 6, 8, 10, 11, 13, 19, 20, 23, 24, 25, 27, 28]",0,[],0.5413931221701205,0.06662266942977801,0.2581136754024823,15.009905915793803,0.57375,0.0432359375,0.20793253112488194,0.57375,0.0432359375,0.20793253112488194
2,4,14,010101010001000100000011011111,0.45833333333333337,0.521044509485364,0.5845000147819519,13,"[1, 3, 5, 7, 11, 15, 22, 23, 25, 26, 27, 28, 29]",12,"[1, 3, 5, 7, 11, 15, 22, 23, 25, 26, 27, 28]",1,[29],0.5092447050488912,0.07591354900160227,0.2755241350618894,13.172879059822291,0.5053846153846153,0.07253254437869822,0.26931866697037216,0.5416666666666666,0.061463888888888894,0.24791911763494337
2,4,15,101011110110011100011001001001,0.5293333333333333,0.3343260258436203,0.8675000071525574,16,"[0, 2, 4, 5, 6, 7, 9, 10, 13, 14, 15, 19, 20, 23, 26, 29]",15,"[0, 2, 4, 5, 6, 7, 9, 10, 13, 14, 15, 19, 20, 23, 26]",1,[29],0.3364085899665952,0.051314213152701404,0.2265264071862294,19.48777811372044,0.44562499999999994,0.043712109375,0.2090744110956671,0.4706666666666667,0.03659288888888888,0.19129267860764793
2,4,16,110100000001011101010001101000,0.475,0.3541911244392395,0.7084999978542328,12,"[0, 1, 3, 11, 13, 14, 15, 17, 19, 23, 24, 26]",12,"[0, 1, 3, 11, 13, 14, 15, 17, 19, 23, 24, 26]",0,[],0.3541911244392395,0.08307285638556193,0.2882236221852087,12.037626289852724,0.525,0.044908333333333335,0.21191586380762847,0.525,0.044908333333333335,0.21191586380762847
2,4,17,001110001011110101010101101000,0.42533333333333323,0.42979087034861246,0.7619999945163727,15,"[2, 3, 4, 8, 10, 11, 12, 13, 15, 17, 19, 21, 23, 24, 26]",15,"[2, 3, 4, 8, 10, 11, 12, 13, 15, 17, 19, 21, 23, 24, 26]",0,[],0.42979087034861246,0.07812149075354073,0.27950221958607185,12.800574980767077,0.5746666666666668,0.04566488888888888,0.21369344605974439,0.5746666666666668,0.04566488888888888,0.21369344605974439
2,4,18,101001101000001001010011010100,0.48,0.3817725262294213,0.7069999873638153,12,"[0, 2, 5, 6, 8, 14, 17, 19, 22, 23, 25, 27]",12,"[0, 2, 5, 6, 8, 14, 17, 19, 22, 23, 25, 27]",0,[],0.3817725262294213,0.09947900071604493,0.31540291805252046,10.052372790257737,0.52,0.04296666666666666,0.20728402414722333,0.52,0.04296666666666666,0.20728402414722333
2,4,19,111101000111101011011101110110,0.45650000000000013,0.512400982901454,0.62049999833107,20,"[0, 1, 2, 3, 5, 9, 10, 11, 12, 14, 16, 17, 19, 20, 21, 23, 24, 25, 27, 28]",20,"[0, 1, 2, 3, 5, 9, 10, 11, 12, 14, 16, 17, 19, 20, 21, 23, 24, 25, 27, 28]",0,[],0.512400982901454,0.07933665982440172,0.2816676407122439,12.604513502501,0.5434999999999999,0.05620275000000001,0.23707119183907607,0.5434999999999999,0.05620275000000001,0.23707119183907607
2,4,20,010101010001001100010011001111,0.43999999999999995,0.423200391806089,0.6495000123977661,14,"[1, 3, 5, 7, 11, 14, 15, 19, 22, 23, 26, 27, 28, 29]",13,"[1, 3, 5, 7, 11, 14, 15, 19, 22, 23, 26, 27, 28]",1,[29],0.4192322960921696,0.07049011985026557,0.2654997548968088,14.186385299446084,0.525,0.06578214285714286,0.2564802972104151,0.56,0.05369230769230769,0.23171600655178679
2,5,0,101110010000000111110001001001,0.5800000000000001,0.25557175775369007,0.8929999992251396,13,"[0, 2, 3, 4, 7, 15, 16, 17, 18, 19, 23, 26, 29]",12,"[0, 2, 3, 4, 7, 15, 16, 17, 18, 19, 23, 26]",1,[29],0.2641929342196538,0.04997392339521848,0.2235484810845703,20.010436084665713,0.39307692307692305,0.030682840236686396,0.1751651798637115,0.41999999999999993,0.02381666666666667,0.1543264937289339
2,5,1,000101010001010100000011011111,0.4733333333333334,0.5039990562945604,0.5740000009536743,13,"[3, 5, 7, 11, 13, 15, 22, 23, 25, 26, 27, 28, 29]",12,"[3, 5, 7, 11, 13, 15, 22, 23, 25, 26, 27, 28]",1,[29],0.4935104405650726,0.07130813897448232,0.26703583837096156,14.02364462712806,0.49153846153846154,0.06944378698224853,0.26352189089760364,0.5266666666666666,0.05918888888888888,0.24328766694776963
2,5,2,010101010001000100000011011111,0.45833333333333337,0.521044509485364,0.5845000147819519,13,"[1, 3, 5, 7, 11, 15, 22, 23, 25, 26, 27, 28, 29]",12,"[1, 3, 5, 7, 11, 15, 22, 23, 25, 26, 27, 28]",1,[29],0.5092447050488912,0.07591354900160227,0.2755241350618894,13.172879059822291,0.5053846153846153,0.07253254437869822,0.26931866697037216,0.5416666666666666,0.061463888888888894,0.24791911763494337
2,5,3,001000000001011100011100000111,0.372,0.4702891059219837,0.7069999873638153,11,"[2, 11, 13, 14, 15, 19, 20, 21, 27, 28, 29]",10,"[2, 11, 13, 14, 15, 19, 20, 21, 27, 28]",1,[29],0.46095801009373233,0.04585524805123449,0.21413838528212192,21.807754673634975,0.5772727272727273,0.058038016528925616,0.24091080616885083,0.628,0.035536,0.18850994668717086
2,5,4,101111000000011011111010001000,0.5128571428571429,0.32191503793001175,0.8945000022649765,14,"[0, 2, 3, 4, 5, 13, 14, 16, 17, 18, 19, 20, 22, 26]",14,"[0, 2, 3, 4, 5, 13, 14, 16, 17, 18, 19, 20, 22, 26]",0,[],0.32191503793001175,0.08185048247388196,0.2860952332246764,12.217398966696312,0.48714285714285716,0.033791836734693874,0.18382556061302757,0.48714285714285716,0.033791836734693874,0.18382556061302757
2,5,5,101001110010001000010011000100,0.5336363636363636,0.31230018558827316,0.6915000081062317,11,"[0, 2, 5, 6, 7, 10, 14, 19, 22, 23, 27]",11,"[0, 2, 5, 6, 7, 10, 14, 19, 22, 23, 27]",0,[],0.31230018558827316,0.04636897292743267,0.21533456045751845,21.56614513685687,0.4663636363636364,0.04631404958677685,0.21520699242073166,0.4663636363636364,0.04631404958677685,0.21520699242073166
2,5,6,101011110110011100011001001001,0.5293333333333333,0.3343260258436203,0.8675000071525574,16,"[0, 2, 4, 5, 6, 7, 9, 10, 13, 14, 15, 19, 20, 23, 26, 29]",15,"[0, 2, 4, 5, 6, 7, 9, 10, 13, 14, 15, 19, 20, 23, 26]",1,[29],0.3364085899665952,0.051314213152701404,0.2265264071862294,19.48777811372044,0.44562499999999994,0.043712109375,0.2090744110956671,0.4706666666666667,0.03659288888888888,0.19129267860764793
2,5,7,110101100010001000010011001000,0.47818181818181815,0.34443204511295666,0.8194999992847443,11,"[0, 1, 3, 5, 6, 10, 14, 19, 22, 23, 26]",11,"[0, 1, 3, 5, 6, 10, 14, 19, 22, 23, 26]",0,[],0.34443204511295666,0.0871488058323014,0.2952097658145838,11.474626536183166,0.5218181818181818,0.03503305785123967,0.18717119931025625,0.5218181818181818,0.03503305785123967,0.18717119931025625
2,5,8,110101000001011111111001101000,0.4625,0.4006356503814459,0.7459999918937683,16,"[0, 1, 3, 5, 11, 13, 14, 15, 16, 17, 18, 19, 20, 23, 24, 26]",16,"[0, 1, 3, 5, 11, 13, 14, 15, 16, 17, 18, 19, 20, 23, 24, 26]",0,[],0.4006356503814459,0.07933144025371473,0.28165837508179076,12.605342809885196,0.5375,0.04828125,0.2197299478905868,0.5375,0.04828125,0.2197299478905868
2,5,9,111101000111101011111001110110,0.47750000000000015,0.49818529598414896,0.601500004529953,20,"[0, 1, 2, 3, 5, 9, 10, 11, 12, 14, 16, 17, 18, 19, 20, 23, 24, 25, 27, 28]",20,"[0, 1, 2, 3, 5, 9, 10, 11, 12, 14, 16, 17, 18, 19, 20, 23, 24, 25, 27, 28]",0,[],0.49818529598414896,0.0787903032706265,0.280696104836933,12.691917133066882,0.5224999999999999,0.05002874999999999,0.22367107546573828,0.5224999999999999,0.05002874999999999,0.22367107546573828
2,5,10,001110001011110101010101101000,0.42533333333333323,0.42979087034861246,0.7619999945163727,15,"[2, 3, 4, 8, 10, 11, 12, 13, 15, 17, 19, 21, 23, 24, 26]",15,"[2, 3, 4, 8, 10, 11, 12, 13, 15, 17, 19, 21, 23, 24, 26]",0,[],0.42979087034861246,0.07812149075354073,0.27950221958607185,12.800574980767077,0.5746666666666668,0.04566488888888888,0.21369344605974439,0.5746666666666668,0.04566488888888888,0.21369344605974439
2,5,11,010101000111101100011001001110,0.3946666666666666,0.506571411093076,0.6225000023841858,15,"[1, 3, 5, 9, 10, 11, 12, 14, 15, 19, 20, 23, 26, 27, 28]",15,"[1, 3, 5, 9, 10, 11, 12, 14, 15, 19, 20, 23, 26, 27, 28]",0,[],0.506571411093076,0.07051298072121176,0.2655428039341525,14.181785960144206,0.6053333333333334,0.03685155555555555,0.1919675898571307,0.6053333333333334,0.03685155555555555,0.1919675898571307
2,5,12,110100000001011101010001101000,0.475,0.3541911244392395,0.7084999978542328,12,"[0, 1, 3, 11, 13, 14, 15, 17, 19, 23, 24, 26]",12,"[0, 1, 3, 11, 13, 14, 15, 17, 19, 23, 24, 26]",0,[],0.3541911244392395,0.08307285638556193,0.2882236221852087,12.037626289852724,0.525,0.044908333333333335,0.21191586380762847,0.525,0.044908333333333335,0.21191586380762847
2,5,13,111111101011110101010101000011,0.41055555555555556,0.4597902177936501,0.7870000004768372,19,"[0, 1, 2, 3, 4, 5, 6, 8, 10, 11, 12, 13, 15, 17, 19, 21, 23, 28, 29]",18,"[0, 1, 2, 3, 4, 5, 6, 8, 10, 11, 12, 13, 15, 17, 19, 21, 23, 28]",1,[29],0.45494057747878525,0.07596629074089523,0.27561983009372754,13.163733417112416,0.5621052631578948,0.05358504155124653,0.2314844304726487,0.5894444444444444,0.0423608024691358,0.20581740079287708
2,5,14,101101100000001000010011011000,0.5063636363636363,0.36670919440009375,0.6784999966621399,11,"[0, 2, 3, 5, 6, 14, 19, 22, 23, 25, 26]",11,"[0, 2, 3, 5, 6, 14, 19, 22, 23, 25, 26]",0,[],0.36670919440009375,0.107942886717733,0.32854662792019795,9.264158393456404,0.4936363636363636,0.03344132231404959,0.18286968670080228,0.4936363636363636,0.03344132231404959,0.18286968670080228
2,5,15,101110001000011100011001001101,0.4476923076923077,0.3806193344868146,0.8009999990463257,14,"[0, 2, 3, 4, 8, 13, 14, 15, 19, 20, 23, 26, 27, 29]",13,"[0, 2, 3, 4, 8, 13, 14, 15, 19, 20, 23, 26, 27]",1,[29],0.3796927428671292,0.08002779590041131,0.28289184488141633,12.49565839904458,0.5178571428571429,0.03911683673469387,0.19777976826433455,0.5523076923076923,0.02551005917159763,0.15971868760917624
2,5,16,100100110000101001010000010100,0.522,0.41319365426898,0.5830000042915344,10,"[0, 3, 6, 7, 12, 14, 17, 19, 25, 27]",10,"[0, 3, 6, 7, 12, 14, 17, 19, 25, 27]",0,[],0.41319365426898,0.12268190867034592,0.3502597731260984,8.151161086734177,0.4779999999999999,0.038916000000000006,0.19727138667328317,0.4779999999999999,0.038916000000000006,0.19727138667328317
2,5,17,111100010001011111001011001110,0.501764705882353,0.39757057016386704,0.6279999911785126,17,"[0, 1, 2, 3, 7, 11, 13, 14, 15, 16, 17, 20, 22, 23, 26, 27, 28]",17,"[0, 1, 2, 3, 7, 11, 13, 14, 15, 16, 17, 20, 22, 23, 26, 27, 28]",0,[],0.39757057016386704,0.06907295926674596,0.26281734963039627,14.477445452108109,0.498235294117647,0.049520415224913496,0.22253182968940308,0.498235294117647,0.049520415224913496,0.22253182968940308
2,5,18,110110000001101100011001001001,0.4083333333333333,0.39038954054315883,0.8924999982118607,13,"[0, 1, 3, 4, 11, 12, 14, 15, 19, 20, 23, 26, 29]",12,"[0, 1, 3, 4, 11, 12, 14, 15, 19, 20, 23, 26]",1,[29],0.3886401183330096,0.09261825083130572,0.30433246759310073,10.797008052132117,0.5515384615384615,0.054028402366863904,0.23244010490202396,0.5916666666666667,0.03759722222222222,0.19390003151681595
2,5,19,010000111000001100011001001100,0.43181818181818177,0.401853700930422,0.6680000126361847,11,"[1, 6, 7, 8, 14, 15, 19, 20, 23, 26, 27]",11,"[1, 6, 7, 8, 14, 15, 19, 20, 23, 26, 27]",0,[],0.401853700930422,0.07091889609162004,0.26630601963083755,14.100614294786839,0.5681818181818182,0.03572396694214875,0.18900784889032718,0.5681818181818182,0.03572396694214875,0.18900784889032718
2,5,20,101100100000001001111000010100,0.4918181818181818,0.41473760591311887,0.6584999859333038,11,"[0, 2, 3, 6, 14, 17, 18, 19, 20, 25, 27]",11,"[0, 2, 3, 6, 14, 17, 18, 19, 20, 25, 27]",0,[],0.41473760591311887,0.10648432598298258,0.32631936194927597,9.391053479174124,0.5081818181818182,0.02170578512396694,0.14732883330823923,0.5081818181818182,0.02170578512396694,0.14732883330823923
2,5,21,010101010001001100010011001111,0.43999999999999995,0.423200391806089,0.6495000123977661,14,"[1, 3, 5, 7, 11, 14, 15, 19, 22, 23, 26, 27, 28, 29]",13,"[1, 3, 5, 7, 11, 14, 15, 19, 22, 23, 26, 27, 28]",1,[29],0.4192322960921696,0.07049011985026557,0.2654997548968088,14.186385299446084,0.525,0.06578214285714286,0.2564802972104151,0.56,0.05369230769230769,0.23171600655178679
2,5,22,111101000111101011011101110110,0.45650000000000013,0.512400982901454,0.62049999833107,20,"[0, 1, 2, 3, 5, 9, 10, 11, 12, 14, 16, 17, 19, 20, 21, 23, 24, 25, 27, 28]",20,"[0, 1, 2, 3, 5, 9, 10, 11, 12, 14, 16, 17, 19, 20, 21, 23, 24, 25, 27, 28]",0,[],0.512400982901454,0.07933665982440172,0.2816676407122439,12.604513502501,0.5434999999999999,0.05620275000000001,0.23707119183907607,0.5434999999999999,0.05620275000000001,0.23707119183907607
2,5,23,101001101000001001010011010100,0.48,0.3817725262294213,0.7069999873638153,12,"[0, 2, 5, 6, 8, 14, 17, 19, 22, 23, 25, 27]",12,"[0, 2, 5, 6, 8, 14, 17, 19, 22, 23, 25, 27]",0,[],0.3817725262294213,0.09947900071604493,0.31540291805252046,10.052372790257737,0.52,0.04296666666666666,0.20728402414722333,0.52,0.04296666666666666,0.20728402414722333
2,5,24,001111101011110101110101101000,0.42055555555555557,0.4385814749532276,0.7925000041723251,18,"[2, 3, 4, 5, 6, 8, 10, 11, 12, 13, 15, 17, 18, 19, 21, 23, 24, 26]",18,"[2, 3, 4, 5, 6, 8, 10, 11, 12, 13, 15, 17, 18, 19, 21, 23, 24, 26]",0,[],0.4385814749532276,0.0711566010181607,0.266751946606132,14.053509944141071,0.5794444444444444,0.043249691358024686,0.207965601381634,0.5794444444444444,0.043249691358024686,0.207965601381634
2,5,25,101111101011110100010101000011,0.4075,0.4675480858422816,0.7939999997615814,17,"[0, 2, 3, 4, 5, 6, 8, 10, 11, 12, 13, 15, 19, 21, 23, 28, 29]",16,"[0, 2, 3, 4, 5, 6, 8, 10, 11, 12, 13, 15, 19, 21, 23, 28]",1,[29],0.4616715544286896,0.06987355582841286,0.26433606607576815,14.311565915661724,0.5617647058823529,0.057743944636678195,0.2402996975376336,0.5925,0.045293749999999994,0.21282328350065458
2,5,26,010100111000001111001101001101,0.4364285714285715,0.44659542558448656,0.6665000021457672,15,"[1, 3, 6, 7, 8, 14, 15, 16, 17, 20, 21, 23, 26, 27, 29]",14,"[1, 3, 6, 7, 8, 14, 15, 16, 17, 20, 21, 23, 26, 27]",1,[29],0.44133220066626866,0.06902964439350653,0.26273493181057317,14.486529791453885,0.5306666666666666,0.056926222222222225,0.23859216714347986,0.5635714285714285,0.04475153061224489,0.21154557573309088
2,5,27,101001100000100001010011010100,0.4954545454545456,0.399187408387661,0.6455000042915344,11,"[0, 2, 5, 6, 12, 17, 19, 22, 23, 25, 27]",11,"[0, 2, 5, 6, 12, 17, 19, 22, 23, 25, 27]",0,[],0.399187408387661,0.10535208036631133,0.32457985206465195,9.491981520658914,0.5045454545454544,0.040606611570247926,0.20151082246432306,0.5045454545454544,0.040606611570247926,0.20151082246432306
2,5,28,101100100000101011111000010100,0.4938461538461538,0.43515838510715044,0.5929999947547913,13,"[0, 2, 3, 6, 12, 14, 16, 17, 18, 19, 20, 25, 27]",13,"[0, 2, 3, 6, 12, 14, 16, 17, 18, 19, 20, 25, 27]",0,[],0.43515838510715044,0.10246285440669936,0.3200981949444566,9.759634413762893,0.5061538461538462,0.02839289940828402,0.16850192701653005,0.5061538461538462,0.02839289940828402,0.16850192701653005
2,5,29,101001100000001000010011010100,0.5050000000000001,0.3736772708594799,0.6570000052452087,10,"[0, 2, 5, 6, 14, 19, 22, 23, 25, 27]",10,"[0, 2, 5, 6, 14, 19, 22, 23, 25, 27]",0,[],0.3736772708594799,0.09058681959062431,0.3009764435809293,11.039133557388954,0.49499999999999994,0.038564999999999995,0.1963797341886377,0.49499999999999994,0.038564999999999995,0.1963797341886377
3,1,0,110001001000101101111011110100,0.4650000000000001,0.31502479256596416,0.6435000002384186,16,"[0, 1, 5, 8, 12, 14, 15, 17, 18, 19, 20, 22, 23, 24, 25, 27]",16,"[0, 1, 5, 8, 12, 14, 15, 17, 18, 19, 20, 22, 23, 24, 25, 27]",0,[],0.31502479256596416,0.12627642842786085,0.3553539480966278,7.919134334491251,0.5349999999999999,0.048512500000000014,0.2202555334151676,0.5349999999999999,0.048512500000000014,0.2202555334151676
3,1,1,111100001100010101000111111001,0.5387500000000001,0.13444182492094114,0.699999988079071,16,"[0, 1, 2, 3, 8, 9, 13, 15, 17, 21, 22, 23, 24, 25, 26, 29]",16,"[0, 1, 2, 3, 8, 9, 13, 15, 17, 21, 22, 23, 24, 25, 26, 29]",0,[],0.13444182492094114,0.01380519108514656,0.11749549389294281,72.43651998963864,0.46125,0.05333593750000001,0.23094574579324903,0.46125,0.05333593750000001,0.23094574579324903
3,1,2,010110100011000011000000110000,0.481,0.2082286559045315,0.8519999980926514,10,"[1, 3, 4, 6, 10, 11, 16, 17, 24, 25]",10,"[1, 3, 4, 6, 10, 11, 16, 17, 24, 25]",0,[],0.2082286559045315,0.10663069695148622,0.32654356057268413,9.378162467183067,0.519,0.03932900000000001,0.19831540535218137,0.519,0.03932900000000001,0.19831540535218137
3,1,3,100100110010100000100000010111,0.5563636363636364,0.2176864869384603,0.6155000030994415,11,"[0, 3, 6, 7, 10, 12, 18, 25, 27, 28, 29]",11,"[0, 3, 6, 7, 10, 12, 18, 25, 27, 28, 29]",0,[],0.2176864869384603,0.08294447591827564,0.28800082624582113,12.056257983778087,0.4436363636363636,0.04122314049586777,0.20303482582027096,0.4436363636363636,0.04122314049586777,0.20303482582027096
3,1,4,110100111000011000000001111101,0.5185714285714286,0.2340516636281141,0.6150000095367432,14,"[0, 1, 3, 6, 7, 8, 13, 14, 23, 24, 25, 26, 27, 29]",14,"[0, 1, 3, 6, 7, 8, 13, 14, 23, 24, 25, 26, 27, 29]",0,[],0.2340516636281141,0.09415623719128059,0.3068488833143777,10.620645321334122,0.48142857142857143,0.05135510204081633,0.2266166411383249,0.48142857142857143,0.05135510204081633,0.2266166411383249
3,1,5,110000000111101100011001110110,0.502,0.33194453120231626,0.6004999876022339,15,"[0, 1, 9, 10, 11, 12, 14, 15, 19, 20, 23, 24, 25, 27, 28]",15,"[0, 1, 9, 10, 11, 12, 14, 15, 19, 20, 23, 24, 25, 27, 28]",0,[],0.33194453120231626,0.13133305663322659,0.3623990295699294,7.614229240035864,0.498,0.04334933333333334,0.20820502715672679,0.498,0.04334933333333334,0.20820502715672679
3,1,6,101100100000101011111000010100,0.5015384615384615,0.2979476950489558,0.6074999868869781,13,"[0, 2, 3, 6, 12, 14, 16, 17, 18, 19, 20, 25, 27]",13,"[0, 2, 3, 6, 12, 14, 16, 17, 18, 19, 20, 25, 27]",0,[],0.2979476950489558,0.13250087385312553,0.36400669479162817,7.547120037174088,0.4984615384615385,0.02242840236686391,0.1497611510601595,0.4984615384615385,0.02242840236686391,0.1497611510601595
3,1,7,111111101011110101010101000011,0.4431578947368421,0.2662453987194519,0.6960000097751617,19,"[0, 1, 2, 3, 4, 5, 6, 8, 10, 11, 12, 13, 15, 17, 19, 21, 23, 28, 29]",19,"[0, 1, 2, 3, 4, 5, 6, 8, 10, 11, 12, 13, 15, 17, 19, 21, 23, 28, 29]",0,[],0.2662453987194519,0.08369899211381271,0.28930778094239484,11.947575170800313,0.5568421052631579,0.05352686980609419,0.23135874698418946,0.5568421052631579,0.05352686980609419,0.23135874698418946
3,1,8,100101011110101111011101010101,0.49526315789473685,0.30542540613954006,0.659500002861023,19,"[0, 3, 5, 7, 8, 9, 10, 12, 14, 15, 16, 17, 19, 20, 21, 23, 25, 27, 29]",19,"[0, 3, 5, 7, 8, 9, 10, 12, 14, 15, 16, 17, 19, 20, 21, 23, 25, 27, 29]",0,[],0.30542540613954006,0.11018870496658117,0.3319468405732779,9.075340347300454,0.5047368421052632,0.056309141274238236,0.23729547251104105,0.5047368421052632,0.056309141274238236,0.23729547251104105
3,1,9,110101110001011111000011001111,0.5177777777777778,0.2949224073543317,0.6624999940395355,18,"[0, 1, 3, 5, 6, 7, 11, 13, 14, 15, 16, 17, 22, 23, 26, 27, 28, 29]",18,"[0, 1, 3, 5, 6, 7, 11, 13, 14, 15, 16, 17, 22, 23, 26, 27, 28, 29]",0,[],0.2949224073543317,0.11409597874094422,0.33778096266803465,8.764550784655675,0.4822222222222222,0.05280617283950617,0.22979593738686108,0.4822222222222222,0.05280617283950617,0.22979593738686108
3,1,10,111101110011010101011111010001,0.5005263157894737,0.2403816407742469,0.7014999985694885,19,"[0, 1, 2, 3, 5, 6, 7, 10, 11, 13, 15, 17, 19, 20, 21, 22, 23, 25, 29]",19,"[0, 1, 2, 3, 5, 6, 7, 10, 11, 13, 15, 17, 19, 20, 21, 22, 23, 25, 29]",0,[],0.2403816407742469,0.08666888123311244,0.2943957901076584,11.538166707267282,0.49947368421052635,0.05314182825484765,0.23052511415211935,0.49947368421052635,0.05314182825484765,0.23052511415211935
3,2,0,110001001000101101111011110100,0.4650000000000001,0.31502479256596416,0.6435000002384186,16,"[0, 1, 5, 8, 12, 14, 15, 17, 18, 19, 20, 22, 23, 24, 25, 27]",16,"[0, 1, 5, 8, 12, 14, 15, 17, 18, 19, 20, 22, 23, 24, 25, 27]",0,[],0.31502479256596416,0.12627642842786085,0.3553539480966278,7.919134334491251,0.5349999999999999,0.048512500000000014,0.2202555334151676,0.5349999999999999,0.048512500000000014,0.2202555334151676
3,2,1,111100001100010101000111111001,0.5387500000000001,0.13444182492094114,0.699999988079071,16,"[0, 1, 2, 3, 8, 9, 13, 15, 17, 21, 22, 23, 24, 25, 26, 29]",16,"[0, 1, 2, 3, 8, 9, 13, 15, 17, 21, 22, 23, 24, 25, 26, 29]",0,[],0.13444182492094114,0.01380519108514656,0.11749549389294281,72.43651998963864,0.46125,0.05333593750000001,0.23094574579324903,0.46125,0.05333593750000001,0.23094574579324903
3,2,2,010110100011000011000000110000,0.481,0.2082286559045315,0.8519999980926514,10,"[1, 3, 4, 6, 10, 11, 16, 17, 24, 25]",10,"[1, 3, 4, 6, 10, 11, 16, 17, 24, 25]",0,[],0.2082286559045315,0.10663069695148622,0.32654356057268413,9.378162467183067,0.519,0.03932900000000001,0.19831540535218137,0.519,0.03932900000000001,0.19831540535218137
3,2,3,110100111000011000000001111101,0.5185714285714286,0.2340516636281141,0.6150000095367432,14,"[0, 1, 3, 6, 7, 8, 13, 14, 23, 24, 25, 26, 27, 29]",14,"[0, 1, 3, 6, 7, 8, 13, 14, 23, 24, 25, 26, 27, 29]",0,[],0.2340516636281141,0.09415623719128059,0.3068488833143777,10.620645321334122,0.48142857142857143,0.05135510204081633,0.2266166411383249,0.48142857142857143,0.05135510204081633,0.2266166411383249
3,2,4,110000000111101100011001110110,0.502,0.33194453120231626,0.6004999876022339,15,"[0, 1, 9, 10, 11, 12, 14, 15, 19, 20, 23, 24, 25, 27, 28]",15,"[0, 1, 9, 10, 11, 12, 14, 15, 19, 20, 23, 24, 25, 27, 28]",0,[],0.33194453120231626,0.13133305663322659,0.3623990295699294,7.614229240035864,0.498,0.04334933333333334,0.20820502715672679,0.498,0.04334933333333334,0.20820502715672679
3,2,5,101100100000101011111000010100,0.5015384615384615,0.2979476950489558,0.6074999868869781,13,"[0, 2, 3, 6, 12, 14, 16, 17, 18, 19, 20, 25, 27]",13,"[0, 2, 3, 6, 12, 14, 16, 17, 18, 19, 20, 25, 27]",0,[],0.2979476950489558,0.13250087385312553,0.36400669479162817,7.547120037174088,0.4984615384615385,0.02242840236686391,0.1497611510601595,0.4984615384615385,0.02242840236686391,0.1497611510601595
3,2,6,111111101011110101010101000011,0.4431578947368421,0.2662453987194519,0.6960000097751617,19,"[0, 1, 2, 3, 4, 5, 6, 8, 10, 11, 12, 13, 15, 17, 19, 21, 23, 28, 29]",19,"[0, 1, 2, 3, 4, 5, 6, 8, 10, 11, 12, 13, 15, 17, 19, 21, 23, 28, 29]",0,[],0.2662453987194519,0.08369899211381271,0.28930778094239484,11.947575170800313,0.5568421052631579,0.05352686980609419,0.23135874698418946,0.5568421052631579,0.05352686980609419,0.23135874698418946
3,2,7,111101110011010101011111010001,0.5005263157894737,0.2403816407742469,0.7014999985694885,19,"[0, 1, 2, 3, 5, 6, 7, 10, 11, 13, 15, 17, 19, 20, 21, 22, 23, 25, 29]",19,"[0, 1, 2, 3, 5, 6, 7, 10, 11, 13, 15, 17, 19, 20, 21, 22, 23, 25, 29]",0,[],0.2403816407742469,0.08666888123311244,0.2943957901076584,11.538166707267282,0.49947368421052635,0.05314182825484765,0.23052511415211935,0.49947368421052635,0.05314182825484765,0.23052511415211935
3,2,8,111000001110110101010100000011,0.5221428571428571,0.1614026282913983,0.6990000009536743,14,"[0, 1, 2, 8, 9, 10, 12, 13, 15, 17, 19, 21, 28, 29]",14,"[0, 1, 2, 8, 9, 10, 12, 13, 15, 17, 19, 21, 28, 29]",0,[],0.1614026282913983,0.024836206066805942,0.1575950699317905,40.263798637768545,0.47785714285714287,0.0546168367346939,0.2337024534203565,0.47785714285714287,0.0546168367346939,0.2337024534203565
3,2,9,110100111000001100011001110110,0.51,0.29328600925703846,0.5794999897480011,15,"[0, 1, 3, 6, 7, 8, 14, 15, 19, 20, 23, 24, 25, 27, 28]",15,"[0, 1, 3, 6, 7, 8, 14, 15, 19, 20, 23, 24, 25, 27, 28]",0,[],0.29328600925703846,0.10839921113038807,0.3292403546505016,9.225159386050782,0.49,0.0432,0.20784609690826528,0.49,0.0432,0.20784609690826528
3,2,10,001001001011101010101010011000,0.42307692307692313,0.38778284650582534,0.7689999938011169,13,"[2, 5, 8, 10, 11, 12, 14, 16, 18, 20, 22, 25, 26]",13,"[2, 5, 8, 10, 11, 12, 14, 16, 18, 20, 22, 25, 26]",0,[],0.38778284650582534,0.11886835412095785,0.34477290224285007,8.412668009034784,0.5769230769230769,0.05168284023668639,0.22733860261004155,0.5769230769230769,0.05168284023668639,0.22733860261004155
3,2,11,011101101011110101110100001111,0.4252631578947369,0.2729152700324592,0.6480000019073486,19,"[1, 2, 3, 5, 6, 8, 10, 11, 12, 13, 15, 17, 18, 19, 21, 26, 27, 28, 29]",19,"[1, 2, 3, 5, 6, 8, 10, 11, 12, 13, 15, 17, 18, 19, 21, 26, 27, 28, 29]",0,[],0.2729152700324592,0.09345008126711685,0.30569606027411744,10.70090027146803,0.5747368421052631,0.047677562326869816,0.2183519231123688,0.5747368421052631,0.047677562326869816,0.2183519231123688
3,2,12,110001001000000011000001110100,0.45799999999999996,0.2503752280026674,0.6834999918937683,10,"[0, 1, 5, 8, 16, 17, 23, 24, 25, 27]",10,"[0, 1, 5, 8, 16, 17, 23, 24, 25, 27]",0,[],0.2503752280026674,0.11849245321306338,0.34422732781268744,8.439356033939834,0.542,0.06017600000000001,0.24530796970339142,0.542,0.06017600000000001,0.24530796970339142
3,2,13,111100000010010101000111111001,0.5533333333333333,0.12079440957556169,0.6074999868869781,15,"[0, 1, 2, 3, 10, 13, 15, 17, 21, 22, 23, 24, 25, 26, 29]",15,"[0, 1, 2, 3, 10, 13, 15, 17, 21, 22, 23, 24, 25, 26, 29]",0,[],0.12079440957556169,0.012938721679179034,0.11374850187663588,77.28738779575096,0.44666666666666666,0.039995555555555555,0.19998888858022976,0.44666666666666666,0.039995555555555555,0.19998888858022976
3,2,14,100111101011010001010110010010,0.44999999999999984,0.26100040388604007,0.74549999833107,15,"[0, 3, 4, 5, 6, 8, 10, 11, 13, 17, 19, 21, 22, 25, 28]",15,"[0, 3, 4, 5, 6, 8, 10, 11, 13, 17, 19, 21, 22, 25, 28]",0,[],0.26100040388604007,0.09871601879777867,0.3141910546113283,10.13006817108899,0.5500000000000002,0.04949333333333334,0.22247097188921827,0.5500000000000002,0.04949333333333334,0.22247097188921827
3,2,15,110010101000111100000001010001,0.4933333333333334,0.2564450616482645,0.6624999940395355,12,"[0, 1, 4, 6, 8, 12, 13, 14, 15, 23, 25, 29]",12,"[0, 1, 4, 6, 8, 12, 13, 14, 15, 23, 25, 29]",0,[],0.2564450616482645,0.09200424862507635,0.3033220213322408,10.869063276360952,0.5066666666666666,0.050488888888888896,0.2246973272847029,0.5066666666666666,0.050488888888888896,0.2246973272847029
3,2,16,110100111100011000010011011101,0.53375,0.2124654587241821,0.6259999871253967,16,"[0, 1, 3, 6, 7, 8, 9, 13, 14, 19, 22, 23, 25, 26, 27, 29]",16,"[0, 1, 3, 6, 7, 8, 9, 13, 14, 19, 22, 23, 25, 26, 27, 29]",0,[],0.2124654587241821,0.0861848489405978,0.2935725616276116,11.602967485494368,0.46625000000000005,0.0474484375,0.21782662256941873,0.46625000000000005,0.0474484375,0.21782662256941873
3,3,0,110001001000101101111011110100,0.4650000000000001,0.31502479256596416,0.6435000002384186,16,"[0, 1, 5, 8, 12, 14, 15, 17, 18, 19, 20, 22, 23, 24, 25, 27]",16,"[0, 1, 5, 8, 12, 14, 15, 17, 18, 19, 20, 22, 23, 24, 25, 27]",0,[],0.31502479256596416,0.12627642842786085,0.3553539480966278,7.919134334491251,0.5349999999999999,0.048512500000000014,0.2202555334151676,0.5349999999999999,0.048512500000000014,0.2202555334151676
3,3,1,010110100011000011000000110000,0.481,0.2082286559045315,0.8519999980926514,10,"[1, 3, 4, 6, 10, 11, 16, 17, 24, 25]",10,"[1, 3, 4, 6, 10, 11, 16, 17, 24, 25]",0,[],0.2082286559045315,0.10663069695148622,0.32654356057268413,9.378162467183067,0.519,0.03932900000000001,0.19831540535218137,0.519,0.03932900000000001,0.19831540535218137
3,3,2,110100111000011000000001111101,0.5185714285714286,0.2340516636281141,0.6150000095367432,14,"[0, 1, 3, 6, 7, 8, 13, 14, 23, 24, 25, 26, 27, 29]",14,"[0, 1, 3, 6, 7, 8, 13, 14, 23, 24, 25, 26, 27, 29]",0,[],0.2340516636281141,0.09415623719128059,0.3068488833143777,10.620645321334122,0.48142857142857143,0.05135510204081633,0.2266166411383249,0.48142857142857143,0.05135510204081633,0.2266166411383249
3,3,3,110000000111101100011001110110,0.502,0.33194453120231626,0.6004999876022339,15,"[0, 1, 9, 10, 11, 12, 14, 15, 19, 20, 23, 24, 25, 27, 28]",15,"[0, 1, 9, 10, 11, 12, 14, 15, 19, 20, 23, 24, 25, 27, 28]",0,[],0.33194453120231626,0.13133305663322659,0.3623990295699294,7.614229240035864,0.498,0.04334933333333334,0.20820502715672679,0.498,0.04334933333333334,0.20820502715672679
3,3,4,101100100000101011111000010100,0.5015384615384615,0.2979476950489558,0.6074999868869781,13,"[0, 2, 3, 6, 12, 14, 16, 17, 18, 19, 20, 25, 27]",13,"[0, 2, 3, 6, 12, 14, 16, 17, 18, 19, 20, 25, 27]",0,[],0.2979476950489558,0.13250087385312553,0.36400669479162817,7.547120037174088,0.4984615384615385,0.02242840236686391,0.1497611510601595,0.4984615384615385,0.02242840236686391,0.1497611510601595
3,3,5,111111101011110101010101000011,0.4431578947368421,0.2662453987194519,0.6960000097751617,19,"[0, 1, 2, 3, 4, 5, 6, 8, 10, 11, 12, 13, 15, 17, 19, 21, 23, 28, 29]",19,"[0, 1, 2, 3, 4, 5, 6, 8, 10, 11, 12, 13, 15, 17, 19, 21, 23, 28, 29]",0,[],0.2662453987194519,0.08369899211381271,0.28930778094239484,11.947575170800313,0.5568421052631579,0.05352686980609419,0.23135874698418946,0.5568421052631579,0.05352686980609419,0.23135874698418946
3,3,6,111101110011010101011111010001,0.5005263157894737,0.2403816407742469,0.7014999985694885,19,"[0, 1, 2, 3, 5, 6, 7, 10, 11, 13, 15, 17, 19, 20, 21, 22, 23, 25, 29]",19,"[0, 1, 2, 3, 5, 6, 7, 10, 11, 13, 15, 17, 19, 20, 21, 22, 23, 25, 29]",0,[],0.2403816407742469,0.08666888123311244,0.2943957901076584,11.538166707267282,0.49947368421052635,0.05314182825484765,0.23052511415211935,0.49947368421052635,0.05314182825484765,0.23052511415211935
3,3,7,110100111000001100011001110110,0.51,0.29328600925703846,0.5794999897480011,15,"[0, 1, 3, 6, 7, 8, 14, 15, 19, 20, 23, 24, 25, 27, 28]",15,"[0, 1, 3, 6, 7, 8, 14, 15, 19, 20, 23, 24, 25, 27, 28]",0,[],0.29328600925703846,0.10839921113038807,0.3292403546505016,9.225159386050782,0.49,0.0432,0.20784609690826528,0.49,0.0432,0.20784609690826528
3,3,8,001001001011101010101010011000,0.42307692307692313,0.38778284650582534,0.7689999938011169,13,"[2, 5, 8, 10, 11, 12, 14, 16, 18, 20, 22, 25, 26]",13,"[2, 5, 8, 10, 11, 12, 14, 16, 18, 20, 22, 25, 26]",0,[],0.38778284650582534,0.11886835412095785,0.34477290224285007,8.412668009034784,0.5769230769230769,0.05168284023668639,0.22733860261004155,0.5769230769230769,0.05168284023668639,0.22733860261004155
3,3,9,011101101011110101110100001111,0.4252631578947369,0.2729152700324592,0.6480000019073486,19,"[1, 2, 3, 5, 6, 8, 10, 11, 12, 13, 15, 17, 18, 19, 21, 26, 27, 28, 29]",19,"[1, 2, 3, 5, 6, 8, 10, 11, 12, 13, 15, 17, 18, 19, 21, 26, 27, 28, 29]",0,[],0.2729152700324592,0.09345008126711685,0.30569606027411744,10.70090027146803,0.5747368421052631,0.047677562326869816,0.2183519231123688,0.5747368421052631,0.047677562326869816,0.2183519231123688
3,3,10,110001001000000011000001110100,0.45799999999999996,0.2503752280026674,0.6834999918937683,10,"[0, 1, 5, 8, 16, 17, 23, 24, 25, 27]",10,"[0, 1, 5, 8, 16, 17, 23, 24, 25, 27]",0,[],0.2503752280026674,0.11849245321306338,0.34422732781268744,8.439356033939834,0.542,0.06017600000000001,0.24530796970339142,0.542,0.06017600000000001,0.24530796970339142
3,3,11,111100000010010101000111111001,0.5533333333333333,0.12079440957556169,0.6074999868869781,15,"[0, 1, 2, 3, 10, 13, 15, 17, 21, 22, 23, 24, 25, 26, 29]",15,"[0, 1, 2, 3, 10, 13, 15, 17, 21, 22, 23, 24, 25, 26, 29]",0,[],0.12079440957556169,0.012938721679179034,0.11374850187663588,77.28738779575096,0.44666666666666666,0.039995555555555555,0.19998888858022976,0.44666666666666666,0.039995555555555555,0.19998888858022976
3,3,12,100111101011010001010110010010,0.44999999999999984,0.26100040388604007,0.74549999833107,15,"[0, 3, 4, 5, 6, 8, 10, 11, 13, 17, 19, 21, 22, 25, 28]",15,"[0, 3, 4, 5, 6, 8, 10, 11, 13, 17, 19, 21, 22, 25, 28]",0,[],0.26100040388604007,0.09871601879777867,0.3141910546113283,10.13006817108899,0.5500000000000002,0.04949333333333334,0.22247097188921827,0.5500000000000002,0.04949333333333334,0.22247097188921827
3,3,13,110010101000111100000001010001,0.4933333333333334,0.2564450616482645,0.6624999940395355,12,"[0, 1, 4, 6, 8, 12, 13, 14, 15, 23, 25, 29]",12,"[0, 1, 4, 6, 8, 12, 13, 14, 15, 23, 25, 29]",0,[],0.2564450616482645,0.09200424862507635,0.3033220213322408,10.869063276360952,0.5066666666666666,0.050488888888888896,0.2246973272847029,0.5066666666666666,0.050488888888888896,0.2246973272847029
3,3,14,110100111100011000010011011101,0.53375,0.2124654587241821,0.6259999871253967,16,"[0, 1, 3, 6, 7, 8, 9, 13, 14, 19, 22, 23, 25, 26, 27, 29]",16,"[0, 1, 3, 6, 7, 8, 9, 13, 14, 19, 22, 23, 25, 26, 27, 29]",0,[],0.2124654587241821,0.0861848489405978,0.2935725616276116,11.602967485494368,0.46625000000000005,0.0474484375,0.21782662256941873,0.46625000000000005,0.0474484375,0.21782662256941873
3,3,15,101001100000110000010011010100,0.4918181818181818,0.2839281333779747,0.637499988079071,11,"[0, 2, 5, 6, 12, 13, 19, 22, 23, 25, 27]",11,"[0, 2, 5, 6, 12, 13, 19, 22, 23, 25, 27]",0,[],0.2839281333779747,0.11066179630690652,0.3326586783880837,9.03654226998653,0.5081818181818182,0.040651239669421496,0.20162152580868317,0.5081818181818182,0.040651239669421496,0.20162152580868317
3,3,16,110001011100000111010101000100,0.48076923076923084,0.2631761209609417,0.6425000131130219,13,"[0, 1, 5, 7, 8, 9, 15, 16, 17, 19, 21, 23, 27]",13,"[0, 1, 5, 7, 8, 9, 15, 16, 17, 19, 21, 23, 27]",0,[],0.2631761209609417,0.09377309365267994,0.3062239273026847,10.664039769273636,0.5192307692307692,0.06386863905325443,0.2527224545885356,0.5192307692307692,0.06386863905325443,0.2527224545885356
3,3,17,010110110011000011000001010000,0.4745454545454545,0.23220642452890222,0.7925000041723251,11,"[1, 3, 4, 6, 7, 10, 11, 16, 17, 23, 25]",11,"[1, 3, 4, 6, 7, 10, 11, 16, 17, 23, 25]",0,[],0.23220642452890222,0.0982121014666816,0.31338810039100334,10.182044626539728,0.5254545454545455,0.0400793388429752,0.20019824885092077,0.5254545454545455,0.0400793388429752,0.20019824885092077
3,3,18,101001100000110101011100000100,0.45666666666666667,0.35168161398420733,0.6299999952316284,12,"[0, 2, 5, 6, 12, 13, 15, 17, 19, 20, 21, 27]",12,"[0, 2, 5, 6, 12, 13, 15, 17, 19, 20, 21, 27]",0,[],0.35168161398420733,0.12135536101975182,0.34836096368530134,8.240262247971392,0.5433333333333333,0.03935555555555557,0.19838234688488682,0.5433333333333333,0.03935555555555557,0.19838234688488682
3,3,19,111100001000110101000111111001,0.50375,0.1589168657665141,0.6994999945163727,16,"[0, 1, 2, 3, 8, 12, 13, 15, 17, 21, 22, 23, 24, 25, 26, 29]",16,"[0, 1, 2, 3, 8, 12, 13, 15, 17, 21, 22, 23, 24, 25, 26, 29]",0,[],0.1589168657665141,0.019509672588345416,0.13967702956587177,51.25662644884029,0.49624999999999997,0.05622343750000001,0.23711481923321454,0.49624999999999997,0.05622343750000001,0.23711481923321454
3,3,20,110100111000010000011000110110,0.5115384615384615,0.24679742022775686,0.6310000121593475,13,"[0, 1, 3, 6, 7, 8, 13, 19, 20, 24, 25, 27, 28]",13,"[0, 1, 3, 6, 7, 8, 13, 19, 20, 24, 25, 27, 28]",0,[],0.24679742022775686,0.09706325256459405,0.31154975937174795,10.302560171621241,0.48846153846153845,0.04570532544378699,0.21378803858912918,0.48846153846153845,0.04570532544378699,0.21378803858912918
3,3,21,111101110011000101100001111000,0.490625,0.21343617560341954,0.7249999940395355,16,"[0, 1, 2, 3, 5, 6, 7, 10, 11, 15, 17, 18, 23, 24, 25, 26]",16,"[0, 1, 2, 3, 5, 6, 7, 10, 11, 15, 17, 18, 23, 24, 25, 26]",0,[],0.21343617560341954,0.07471415970601436,0.2733389099744388,13.384343796876053,0.509375,0.04851835937500001,0.22026883432523994,0.509375,0.04851835937500001,0.22026883432523994
3,3,22,110100100111101100011001110110,0.48882352941176477,0.3018402574474321,0.6150000095367432,17,"[0, 1, 3, 6, 9, 10, 11, 12, 14, 15, 19, 20, 23, 24, 25, 27, 28]",17,"[0, 1, 3, 6, 9, 10, 11, 12, 14, 15, 19, 20, 23, 24, 25, 27, 28]",0,[],0.3018402574474321,0.1232040663604519,0.351004368007653,8.116615218481106,0.5111764705882352,0.0401280276816609,0.20031981350246136,0.5111764705882352,0.0401280276816609,0.20031981350246136
3,3,23,111100000010110101010101111001,0.5181250000000001,0.13366882043192163,0.636000007390976,16,"[0, 1, 2, 3, 10, 12, 13, 15, 17, 19, 21, 23, 24, 25, 26, 29]",16,"[0, 1, 2, 3, 10, 12, 13, 15, 17, 19, 21, 23, 24, 25, 26, 29]",0,[],0.13366882043192163,0.020017712853605242,0.14148396677222916,49.955757049432215,0.48187499999999994,0.041390234375,0.20344590036420002,0.48187499999999994,0.041390234375,0.20344590036420002
3,3,24,101001001001101000000001010100,0.377,0.49577135741710665,0.6290000081062317,10,"[0, 2, 5, 8, 11, 12, 14, 23, 25, 27]",10,"[0, 2, 5, 8, 11, 12, 14, 23, 25, 27]",0,[],0.49577135741710665,0.12642395854880376,0.3555614694378509,7.9098931205667595,0.623,0.054701000000000014,0.2338824491063834,0.623,0.054701000000000014,0.2338824491063834
3,3,25,010110000001101100001001101000,0.41272727272727283,0.42657069624824956,0.8745000064373016,11,"[1, 3, 4, 11, 12, 14, 15, 20, 23, 24, 26]",11,"[1, 3, 4, 11, 12, 14, 15, 20, 23, 24, 26]",0,[],0.42657069624824956,0.11988227292038936,0.34624019541409307,8.341516853489034,0.5872727272727272,0.03943801652892563,0.19859007157691855,0.5872727272727272,0.03943801652892563,0.19859007157691855
3,3,26,110101100000001000010111011101,0.47,0.2641840685558106,0.6759999990463257,14,"[0, 1, 3, 5, 6, 14, 19, 21, 22, 23, 25, 26, 27, 29]",14,"[0, 1, 3, 5, 6, 14, 19, 21, 22, 23, 25, 26, 27, 29]",0,[],0.2641840685558106,0.11972926303097264,0.3460191656989142,8.352177025772814,0.53,0.046514285714285716,0.21567170819160708,0.53,0.046514285714285716,0.21567170819160708
3,4,0,111100000010010101000001101001,0.5608333333333333,0.11262330032574634,0.7954999953508377,12,"[0, 1, 2, 3, 10, 13, 15, 17, 23, 24, 26, 29]",12,"[0, 1, 2, 3, 10, 13, 15, 17, 23, 24, 26, 29]",0,[],0.11262330032574634,0.012181216144996995,0.11036854690081316,82.09360938158171,0.43916666666666665,0.036374305555555556,0.19072049065466343,0.43916666666666665,0.036374305555555556,0.19072049065466343
3,4,1,110100111000001100011001110110,0.51,0.29328600925703846,0.5794999897480011,15,"[0, 1, 3, 6, 7, 8, 14, 15, 19, 20, 23, 24, 25, 27, 28]",15,"[0, 1, 3, 6, 7, 8, 14, 15, 19, 20, 23, 24, 25, 27, 28]",0,[],0.29328600925703846,0.10839921113038807,0.3292403546505016,9.225159386050782,0.49,0.0432,0.20784609690826528,0.49,0.0432,0.20784609690826528
3,4,2,101001001001101000000001010100,0.377,0.49577135741710665,0.6290000081062317,10,"[0, 2, 5, 8, 11, 12, 14, 23, 25, 27]",10,"[0, 2, 5, 8, 11, 12, 14, 23, 25, 27]",0,[],0.49577135741710665,0.12642395854880376,0.3555614694378509,7.9098931205667595,0.623,0.054701000000000014,0.2338824491063834,0.623,0.054701000000000014,0.2338824491063834
3,4,3,111100110001000011000001011000,0.4966666666666667,0.18758918857201934,0.801499992609024,12,"[0, 1, 2, 3, 6, 7, 11, 16, 17, 23, 25, 26]",12,"[0, 1, 2, 3, 6, 7, 11, 16, 17, 23, 25, 26]",0,[],0.18758918857201934,0.0602965726212844,0.245553604374451,16.584690580688243,0.5033333333333333,0.044688888888888896,0.21139746660943903,0.5033333333333333,0.044688888888888896,0.21139746660943903
3,4,4,111100000000010101000110111001,0.57,0.12484781709141456,0.5909999907016754,13,"[0, 1, 2, 3, 13, 15, 17, 21, 22, 24, 25, 26, 29]",13,"[0, 1, 2, 3, 13, 15, 17, 21, 22, 24, 25, 26, 29]",0,[],0.12484781709141456,0.014252877397269239,0.11938541534571649,70.16127144906149,0.43000000000000005,0.04295384615384616,0.20725309684983276,0.43000000000000005,0.04295384615384616,0.20725309684983276
3,4,5,100101001001101000010110010000,0.3818181818181817,0.36429096351970325,0.7254999876022339,11,"[0, 3, 5, 8, 11, 12, 14, 19, 21, 22, 25]",11,"[0, 3, 5, 8, 11, 12, 14, 19, 21, 22, 25]",0,[],0.36429096351970325,0.11347913035246665,0.336866635855299,8.812193016407473,0.6181818181818183,0.06217851239669421,0.24935619582575888,0.6181818181818183,0.06217851239669421,0.24935619582575888
3,4,6,101001001001101000110100010100,0.38749999999999996,0.4286520582002898,0.6324999928474426,12,"[0, 2, 5, 8, 11, 12, 14, 18, 19, 21, 25, 27]",12,"[0, 2, 5, 8, 11, 12, 14, 18, 19, 21, 25, 27]",0,[],0.4286520582002898,0.13258609330678736,0.36412373351209526,7.542269140445425,0.6125,0.05115208333333334,0.22616826332032827,0.6125,0.05115208333333334,0.22616826332032827
3,4,7,100111101011010001010110010010,0.44999999999999984,0.26100040388604007,0.74549999833107,15,"[0, 3, 4, 5, 6, 8, 10, 11, 13, 17, 19, 21, 22, 25, 28]",15,"[0, 3, 4, 5, 6, 8, 10, 11, 13, 17, 19, 21, 22, 25, 28]",0,[],0.26100040388604007,0.09871601879777867,0.3141910546113283,10.13006817108899,0.5500000000000002,0.04949333333333334,0.22247097188921827,0.5500000000000002,0.04949333333333334,0.22247097188921827
3,4,8,010110000001100101010101000010,0.39909090909090916,0.3022817112505436,0.6784999966621399,11,"[1, 3, 4, 11, 12, 15, 17, 19, 21, 23, 28]",11,"[1, 3, 4, 11, 12, 15, 17, 19, 21, 23, 28]",0,[],0.3022817112505436,0.08636531449743966,0.29387976197322546,11.578722382000306,0.6009090909090908,0.036626446280991744,0.19138037067837377,0.6009090909090908,0.036626446280991744,0.19138037067837377
3,4,9,111100001000110101000111111001,0.50375,0.1589168657665141,0.6994999945163727,16,"[0, 1, 2, 3, 8, 12, 13, 15, 17, 21, 22, 23, 24, 25, 26, 29]",16,"[0, 1, 2, 3, 8, 12, 13, 15, 17, 21, 22, 23, 24, 25, 26, 29]",0,[],0.1589168657665141,0.019509672588345416,0.13967702956587177,51.25662644884029,0.49624999999999997,0.05622343750000001,0.23711481923321454,0.49624999999999997,0.05622343750000001,0.23711481923321454
3,4,10,011101101011110101110100001111,0.4252631578947369,0.2729152700324592,0.6480000019073486,19,"[1, 2, 3, 5, 6, 8, 10, 11, 12, 13, 15, 17, 18, 19, 21, 26, 27, 28, 29]",19,"[1, 2, 3, 5, 6, 8, 10, 11, 12, 13, 15, 17, 18, 19, 21, 26, 27, 28, 29]",0,[],0.2729152700324592,0.09345008126711685,0.30569606027411744,10.70090027146803,0.5747368421052631,0.047677562326869816,0.2183519231123688,0.5747368421052631,0.047677562326869816,0.2183519231123688
3,4,11,010110110011000011000001010000,0.4745454545454545,0.23220642452890222,0.7925000041723251,11,"[1, 3, 4, 6, 7, 10, 11, 16, 17, 23, 25]",11,"[1, 3, 4, 6, 7, 10, 11, 16, 17, 23, 25]",0,[],0.23220642452890222,0.0982121014666816,0.31338810039100334,10.182044626539728,0.5254545454545455,0.0400793388429752,0.20019824885092077,0.5254545454545455,0.0400793388429752,0.20019824885092077
3,4,12,111100000010010101000111111001,0.5533333333333333,0.12079440957556169,0.6074999868869781,15,"[0, 1, 2, 3, 10, 13, 15, 17, 21, 22, 23, 24, 25, 26, 29]",15,"[0, 1, 2, 3, 10, 13, 15, 17, 21, 22, 23, 24, 25, 26, 29]",0,[],0.12079440957556169,0.012938721679179034,0.11374850187663588,77.28738779575096,0.44666666666666666,0.039995555555555555,0.19998888858022976,0.44666666666666666,0.039995555555555555,0.19998888858022976
3,4,13,111111101011110101010101000011,0.4431578947368421,0.2662453987194519,0.6960000097751617,19,"[0, 1, 2, 3, 4, 5, 6, 8, 10, 11, 12, 13, 15, 17, 19, 21, 23, 28, 29]",19,"[0, 1, 2, 3, 4, 5, 6, 8, 10, 11, 12, 13, 15, 17, 19, 21, 23, 28, 29]",0,[],0.2662453987194519,0.08369899211381271,0.28930778094239484,11.947575170800313,0.5568421052631579,0.05352686980609419,0.23135874698418946,0.5568421052631579,0.05352686980609419,0.23135874698418946
3,4,14,110100111100011000010011011101,0.53375,0.2124654587241821,0.6259999871253967,16,"[0, 1, 3, 6, 7, 8, 9, 13, 14, 19, 22, 23, 25, 26, 27, 29]",16,"[0, 1, 3, 6, 7, 8, 9, 13, 14, 19, 22, 23, 25, 26, 27, 29]",0,[],0.2124654587241821,0.0861848489405978,0.2935725616276116,11.602967485494368,0.46625000000000005,0.0474484375,0.21782662256941873,0.46625000000000005,0.0474484375,0.21782662256941873
3,4,15,111101110011000101100001111000,0.490625,0.21343617560341954,0.7249999940395355,16,"[0, 1, 2, 3, 5, 6, 7, 10, 11, 15, 17, 18, 23, 24, 25, 26]",16,"[0, 1, 2, 3, 5, 6, 7, 10, 11, 15, 17, 18, 23, 24, 25, 26]",0,[],0.21343617560341954,0.07471415970601436,0.2733389099744388,13.384343796876053,0.509375,0.04851835937500001,0.22026883432523994,0.509375,0.04851835937500001,0.22026883432523994
3,4,16,110010101000111100000001010001,0.4933333333333334,0.2564450616482645,0.6624999940395355,12,"[0, 1, 4, 6, 8, 12, 13, 14, 15, 23, 25, 29]",12,"[0, 1, 4, 6, 8, 12, 13, 14, 15, 23, 25, 29]",0,[],0.2564450616482645,0.09200424862507635,0.3033220213322408,10.869063276360952,0.5066666666666666,0.050488888888888896,0.2246973272847029,0.5066666666666666,0.050488888888888896,0.2246973272847029
3,4,17,110001001000000011000001110100,0.45799999999999996,0.2503752280026674,0.6834999918937683,10,"[0, 1, 5, 8, 16, 17, 23, 24, 25, 27]",10,"[0, 1, 5, 8, 16, 17, 23, 24, 25, 27]",0,[],0.2503752280026674,0.11849245321306338,0.34422732781268744,8.439356033939834,0.542,0.06017600000000001,0.24530796970339142,0.542,0.06017600000000001,0.24530796970339142
3,4,18,010101101011110101000001001111,0.4099999999999999,0.28745493752649054,0.5920000076293945,16,"[1, 3, 5, 6, 8, 10, 11, 12, 13, 15, 17, 23, 26, 27, 28, 29]",16,"[1, 3, 5, 6, 8, 10, 11, 12, 13, 15, 17, 23, 26, 27, 28, 29]",0,[],0.28745493752649054,0.10217662746628009,0.31965078987276113,9.786974035035712,0.5900000000000001,0.04971250000000001,0.222963001415033,0.5900000000000001,0.04971250000000001,0.222963001415033
3,4,19,110101100000001000010111011101,0.47,0.2641840685558106,0.6759999990463257,14,"[0, 1, 3, 5, 6, 14, 19, 21, 22, 23, 25, 26, 27, 29]",14,"[0, 1, 3, 5, 6, 14, 19, 21, 22, 23, 25, 26, 27, 29]",0,[],0.2641840685558106,0.11972926303097264,0.3460191656989142,8.352177025772814,0.53,0.046514285714285716,0.21567170819160708,0.53,0.046514285714285716,0.21567170819160708
3,4,20,110100111100011000110011010110,0.5237499999999999,0.22204619296826422,0.612500011920929,16,"[0, 1, 3, 6, 7, 8, 9, 13, 14, 18, 19, 22, 23, 25, 27, 28]",16,"[0, 1, 3, 6, 7, 8, 9, 13, 14, 18, 19, 22, 23, 25, 27, 28]",0,[],0.22204619296826422,0.08571258526887018,0.29276711780674786,11.666898120773267,0.47625000000000006,0.039923437500000006,0.19980850207135833,0.47625000000000006,0.039923437500000006,0.19980850207135833
3,4,21,111100000010110101010101111001,0.5181250000000001,0.13366882043192163,0.636000007390976,16,"[0, 1, 2, 3, 10, 12, 13, 15, 17, 19, 21, 23, 24, 25, 26, 29]",16,"[0, 1, 2, 3, 10, 12, 13, 15, 17, 19, 21, 23, 24, 25, 26, 29]",0,[],0.13366882043192163,0.020017712853605242,0.14148396677222916,49.955757049432215,0.48187499999999994,0.041390234375,0.20344590036420002,0.48187499999999994,0.041390234375,0.20344590036420002
3,4,22,110001011100000111010101000100,0.48076923076923084,0.2631761209609417,0.6425000131130219,13,"[0, 1, 5, 7, 8, 9, 15, 16, 17, 19, 21, 23, 27]",13,"[0, 1, 5, 7, 8, 9, 15, 16, 17, 19, 21, 23, 27]",0,[],0.2631761209609417,0.09377309365267994,0.3062239273026847,10.664039769273636,0.5192307692307692,0.06386863905325443,0.2527224545885356,0.5192307692307692,0.06386863905325443,0.2527224545885356
3,4,23,010110001000010101000001101000,0.45499999999999996,0.20186428315937519,0.7989999949932098,10,"[1, 3, 4, 8, 13, 15, 17, 23, 24, 26]",10,"[1, 3, 4, 8, 13, 15, 17, 23, 24, 26]",0,[],0.20186428315937519,0.05296809727048245,0.23014798993361305,18.879288695107995,0.545,0.040225000000000004,0.2005617112013158,0.545,0.040225000000000004,0.2005617112013158
3,4,24,101001000010110000010011010100,0.49818181818181817,0.2862211787565188,0.5965000092983246,11,"[0, 2, 5, 10, 12, 13, 19, 22, 23, 25, 27]",11,"[0, 2, 5, 10, 12, 13, 19, 22, 23, 25, 27]",0,[],0.2862211787565188,0.10945472049344786,0.3308394179862005,9.136198014044188,0.5018181818181818,0.040651239669421496,0.20162152580868317,0.5018181818181818,0.040651239669421496,0.20162152580868317
3,4,25,010100111000001100001001111000,0.475,0.27062296339621145,0.6229999959468842,12,"[1, 3, 6, 7, 8, 14, 15, 20, 23, 24, 25, 26]",12,"[1, 3, 6, 7, 8, 14, 15, 20, 23, 24, 25, 26]",0,[],0.27062296339621145,0.08442694729886234,0.2905631554393336,11.844559491889566,0.525,0.046208333333333344,0.2149612368156951,0.525,0.046208333333333344,0.2149612368156951
3,4,26,110100111000011000000001111101,0.5185714285714286,0.2340516636281141,0.6150000095367432,14,"[0, 1, 3, 6, 7, 8, 13, 14, 23, 24, 25, 26, 27, 29]",14,"[0, 1, 3, 6, 7, 8, 13, 14, 23, 24, 25, 26, 27, 29]",0,[],0.2340516636281141,0.09415623719128059,0.3068488833143777,10.620645321334122,0.48142857142857143,0.05135510204081633,0.2266166411383249,0.48142857142857143,0.05135510204081633,0.2266166411383249
3,4,27,110000011011000101100001111110,0.4986666666666667,0.2389549683779478,0.6365000009536743,15,"[0, 1, 7, 8, 10, 11, 15, 17, 18, 23, 24, 25, 26, 27, 28]",15,"[0, 1, 7, 8, 10, 11, 15, 17, 18, 23, 24, 25, 26, 27, 28]",0,[],0.2389549683779478,0.08712650691039578,0.29517199547110795,11.477563320981503,0.5013333333333333,0.05085155555555556,0.22550289478309488,0.5013333333333333,0.05085155555555556,0.22550289478309488
3,4,28,110100111000010000011000110110,0.5115384615384615,0.24679742022775686,0.6310000121593475,13,"[0, 1, 3, 6, 7, 8, 13, 19, 20, 24, 25, 27, 28]",13,"[0, 1, 3, 6, 7, 8, 13, 19, 20, 24, 25, 27, 28]",0,[],0.24679742022775686,0.09706325256459405,0.31154975937174795,10.302560171621241,0.48846153846153845,0.04570532544378699,0.21378803858912918,0.48846153846153845,0.04570532544378699,0.21378803858912918
3,4,29,110000000111110101010101110110,0.49750000000000005,0.2275772150605917,0.6470000147819519,16,"[0, 1, 9, 10, 11, 12, 13, 15, 17, 19, 21, 23, 24, 25, 27, 28]",16,"[0, 1, 9, 10, 11, 12, 13, 15, 17, 19, 21, 23, 24, 25, 27, 28]",0,[],0.2275772150605917,0.08654766612485437,0.29418984707983103,11.554326589897777,0.5025,0.04506875000000001,0.21229401781491633,0.5025,0.04506875000000001,0.21229401781491633
3,5,0,111100000010010101000001101001,0.5608333333333333,0.11262330032574634,0.7954999953508377,12,"[0, 1, 2, 3, 10, 13, 15, 17, 23, 24, 26, 29]",12,"[0, 1, 2, 3, 10, 13, 15, 17, 23, 24, 26, 29]",0,[],0.11262330032574634,0.012181216144996995,0.11036854690081316,82.09360938158171,0.43916666666666665,0.036374305555555556,0.19072049065466343,0.43916666666666665,0.036374305555555556,0.19072049065466343
3,5,1,101001001001101000000001010100,0.377,0.49577135741710665,0.6290000081062317,10,"[0, 2, 5, 8, 11, 12, 14, 23, 25, 27]",10,"[0, 2, 5, 8, 11, 12, 14, 23, 25, 27]",0,[],0.49577135741710665,0.12642395854880376,0.3555614694378509,7.9098931205667595,0.623,0.054701000000000014,0.2338824491063834,0.623,0.054701000000000014,0.2338824491063834
3,5,2,111100110001000011000001011000,0.4966666666666667,0.18758918857201934,0.801499992609024,12,"[0, 1, 2, 3, 6, 7, 11, 16, 17, 23, 25, 26]",12,"[0, 1, 2, 3, 6, 7, 11, 16, 17, 23, 25, 26]",0,[],0.18758918857201934,0.0602965726212844,0.245553604374451,16.584690580688243,0.5033333333333333,0.044688888888888896,0.21139746660943903,0.5033333333333333,0.044688888888888896,0.21139746660943903
3,5,3,111100000000010101000110111001,0.57,0.12484781709141456,0.5909999907016754,13,"[0, 1, 2, 3, 13, 15, 17, 21, 22, 24, 25, 26, 29]",13,"[0, 1, 2, 3, 13, 15, 17, 21, 22, 24, 25, 26, 29]",0,[],0.12484781709141456,0.014252877397269239,0.11938541534571649,70.16127144906149,0.43000000000000005,0.04295384615384616,0.20725309684983276,0.43000000000000005,0.04295384615384616,0.20725309684983276
3,5,4,101001001001101000110100010100,0.38749999999999996,0.4286520582002898,0.6324999928474426,12,"[0, 2, 5, 8, 11, 12, 14, 18, 19, 21, 25, 27]",12,"[0, 2, 5, 8, 11, 12, 14, 18, 19, 21, 25, 27]",0,[],0.4286520582002898,0.13258609330678736,0.36412373351209526,7.542269140445425,0.6125,0.05115208333333334,0.22616826332032827,0.6125,0.05115208333333334,0.22616826332032827
3,5,5,010110000001100101010101000010,0.39909090909090916,0.3022817112505436,0.6784999966621399,11,"[1, 3, 4, 11, 12, 15, 17, 19, 21, 23, 28]",11,"[1, 3, 4, 11, 12, 15, 17, 19, 21, 23, 28]",0,[],0.3022817112505436,0.08636531449743966,0.29387976197322546,11.578722382000306,0.6009090909090908,0.036626446280991744,0.19138037067837377,0.6009090909090908,0.036626446280991744,0.19138037067837377
3,5,6,111100001000110101000111111001,0.50375,0.1589168657665141,0.6994999945163727,16,"[0, 1, 2, 3, 8, 12, 13, 15, 17, 21, 22, 23, 24, 25, 26, 29]",16,"[0, 1, 2, 3, 8, 12, 13, 15, 17, 21, 22, 23, 24, 25, 26, 29]",0,[],0.1589168657665141,0.019509672588345416,0.13967702956587177,51.25662644884029,0.49624999999999997,0.05622343750000001,0.23711481923321454,0.49624999999999997,0.05622343750000001,0.23711481923321454
3,5,7,011101101011110101110100001111,0.4252631578947369,0.2729152700324592,0.6480000019073486,19,"[1, 2, 3, 5, 6, 8, 10, 11, 12, 13, 15, 17, 18, 19, 21, 26, 27, 28, 29]",19,"[1, 2, 3, 5, 6, 8, 10, 11, 12, 13, 15, 17, 18, 19, 21, 26, 27, 28, 29]",0,[],0.2729152700324592,0.09345008126711685,0.30569606027411744,10.70090027146803,0.5747368421052631,0.047677562326869816,0.2183519231123688,0.5747368421052631,0.047677562326869816,0.2183519231123688
3,5,8,111100000010010101000111111001,0.5533333333333333,0.12079440957556169,0.6074999868869781,15,"[0, 1, 2, 3, 10, 13, 15, 17, 21, 22, 23, 24, 25, 26, 29]",15,"[0, 1, 2, 3, 10, 13, 15, 17, 21, 22, 23, 24, 25, 26, 29]",0,[],0.12079440957556169,0.012938721679179034,0.11374850187663588,77.28738779575096,0.44666666666666666,0.039995555555555555,0.19998888858022976,0.44666666666666666,0.039995555555555555,0.19998888858022976
3,5,9,111111101011110101010101000011,0.4431578947368421,0.2662453987194519,0.6960000097751617,19,"[0, 1, 2, 3, 4, 5, 6, 8, 10, 11, 12, 13, 15, 17, 19, 21, 23, 28, 29]",19,"[0, 1, 2, 3, 4, 5, 6, 8, 10, 11, 12, 13, 15, 17, 19, 21, 23, 28, 29]",0,[],0.2662453987194519,0.08369899211381271,0.28930778094239484,11.947575170800313,0.5568421052631579,0.05352686980609419,0.23135874698418946,0.5568421052631579,0.05352686980609419,0.23135874698418946
3,5,10,111101110011000101100001111000,0.490625,0.21343617560341954,0.7249999940395355,16,"[0, 1, 2, 3, 5, 6, 7, 10, 11, 15, 17, 18, 23, 24, 25, 26]",16,"[0, 1, 2, 3, 5, 6, 7, 10, 11, 15, 17, 18, 23, 24, 25, 26]",0,[],0.21343617560341954,0.07471415970601436,0.2733389099744388,13.384343796876053,0.509375,0.04851835937500001,0.22026883432523994,0.509375,0.04851835937500001,0.22026883432523994
3,5,11,110001001000000011000001110100,0.45799999999999996,0.2503752280026674,0.6834999918937683,10,"[0, 1, 5, 8, 16, 17, 23, 24, 25, 27]",10,"[0, 1, 5, 8, 16, 17, 23, 24, 25, 27]",0,[],0.2503752280026674,0.11849245321306338,0.34422732781268744,8.439356033939834,0.542,0.06017600000000001,0.24530796970339142,0.542,0.06017600000000001,0.24530796970339142
3,5,12,010101101011110101000001001111,0.4099999999999999,0.28745493752649054,0.5920000076293945,16,"[1, 3, 5, 6, 8, 10, 11, 12, 13, 15, 17, 23, 26, 27, 28, 29]",16,"[1, 3, 5, 6, 8, 10, 11, 12, 13, 15, 17, 23, 26, 27, 28, 29]",0,[],0.28745493752649054,0.10217662746628009,0.31965078987276113,9.786974035035712,0.5900000000000001,0.04971250000000001,0.222963001415033,0.5900000000000001,0.04971250000000001,0.222963001415033
3,5,13,111100000010110101010101111001,0.5181250000000001,0.13366882043192163,0.636000007390976,16,"[0, 1, 2, 3, 10, 12, 13, 15, 17, 19, 21, 23, 24, 25, 26, 29]",16,"[0, 1, 2, 3, 10, 12, 13, 15, 17, 19, 21, 23, 24, 25, 26, 29]",0,[],0.13366882043192163,0.020017712853605242,0.14148396677222916,49.955757049432215,0.48187499999999994,0.041390234375,0.20344590036420002,0.48187499999999994,0.041390234375,0.20344590036420002
3,5,14,010110001000010101000001101000,0.45499999999999996,0.20186428315937519,0.7989999949932098,10,"[1, 3, 4, 8, 13, 15, 17, 23, 24, 26]",10,"[1, 3, 4, 8, 13, 15, 17, 23, 24, 26]",0,[],0.20186428315937519,0.05296809727048245,0.23014798993361305,18.879288695107995,0.545,0.040225000000000004,0.2005617112013158,0.545,0.040225000000000004,0.2005617112013158
3,5,15,101001000010110000010011010100,0.49818181818181817,0.2862211787565188,0.5965000092983246,11,"[0, 2, 5, 10, 12, 13, 19, 22, 23, 25, 27]",11,"[0, 2, 5, 10, 12, 13, 19, 22, 23, 25, 27]",0,[],0.2862211787565188,0.10945472049344786,0.3308394179862005,9.136198014044188,0.5018181818181818,0.040651239669421496,0.20162152580868317,0.5018181818181818,0.040651239669421496,0.20162152580868317
3,5,16,010100111000001100001001111000,0.475,0.27062296339621145,0.6229999959468842,12,"[1, 3, 6, 7, 8, 14, 15, 20, 23, 24, 25, 26]",12,"[1, 3, 6, 7, 8, 14, 15, 20, 23, 24, 25, 26]",0,[],0.27062296339621145,0.08442694729886234,0.2905631554393336,11.844559491889566,0.525,0.046208333333333344,0.2149612368156951,0.525,0.046208333333333344,0.2149612368156951
3,5,17,010101110111000101000001010000,0.46166666666666667,0.23364314312736192,0.6335000097751617,12,"[1, 3, 5, 6, 7, 9, 10, 11, 15, 17, 23, 25]",12,"[1, 3, 5, 6, 7, 9, 10, 11, 15, 17, 23, 25]",0,[],0.23364314312736192,0.09050377726109955,0.3008384570846945,11.049262586190657,0.5383333333333333,0.054413888888888894,0.23326784795356795,0.5383333333333333,0.054413888888888894,0.23326784795356795
3,5,18,110101001001101000000001011000,0.3363636363636364,0.35327270593155513,0.699999988079071,11,"[0, 1, 3, 5, 8, 11, 12, 14, 23, 25, 26]",11,"[0, 1, 3, 5, 8, 11, 12, 14, 23, 25, 26]",0,[],0.35327270593155513,0.11504526784787061,0.3391832363898172,8.692230621100762,0.6636363636363636,0.04355041322314051,0.2086873576025642,0.6636363636363636,0.04355041322314051,0.2086873576025642
3,5,19,111111101011010101000101010011,0.45944444444444454,0.2564855672729512,0.6540000140666962,18,"[0, 1, 2, 3, 4, 5, 6, 8, 10, 11, 13, 15, 17, 21, 23, 25, 28, 29]",18,"[0, 1, 2, 3, 4, 5, 6, 8, 10, 11, 13, 15, 17, 21, 23, 25, 28, 29]",0,[],0.2564855672729512,0.08569974547380067,0.2927451886432989,11.668646090736765,0.5405555555555555,0.05368302469135803,0.23169597469821962,0.5405555555555555,0.05368302469135803,0.23169597469821962
3,5,20,111101001000110100010011111001,0.49875,0.19241359765874222,0.6974999904632568,16,"[0, 1, 2, 3, 5, 8, 12, 13, 15, 19, 22, 23, 24, 25, 26, 29]",16,"[0, 1, 2, 3, 5, 8, 12, 13, 15, 19, 22, 23, 24, 25, 26, 29]",0,[],0.19241359765874222,0.04653615871819483,0.21572241125621333,21.488666609885385,0.50125,0.061110937500000004,0.24720626509051102,0.50125,0.061110937500000004,0.24720626509051102
3,5,21,011101111011110101110100001111,0.44600000000000006,0.27899427791126075,0.612500011920929,20,"[1, 2, 3, 5, 6, 7, 8, 10, 11, 12, 13, 15, 17, 18, 19, 21, 26, 27, 28, 29]",20,"[1, 2, 3, 5, 6, 7, 8, 10, 11, 12, 13, 15, 17, 18, 19, 21, 26, 27, 28, 29]",0,[],0.27899427791126075,0.0894797096027811,0.29913159245185234,11.175717986113348,0.5539999999999999,0.053464,0.23122283624244383,0.5539999999999999,0.053464,0.23122283624244383
3,5,22,101001001001101000010001010100,0.3927272727272727,0.45070123401555146,0.6274999976158142,11,"[0, 2, 5, 8, 11, 12, 14, 19, 23, 25, 27]",11,"[0, 2, 5, 8, 11, 12, 14, 19, 23, 25, 27]",0,[],0.45070123401555146,0.1352440316423175,0.3677553964829306,7.394041628725764,0.6072727272727273,0.052201652892561984,0.22847681040438653,0.6072727272727273,0.052201652892561984,0.22847681040438653
3,5,23,110010001000110100000001010001,0.494,0.2179192584939301,0.6385000050067902,10,"[0, 1, 4, 8, 12, 13, 15, 23, 25, 29]",10,"[0, 1, 4, 8, 12, 13, 15, 23, 25, 29]",0,[],0.2179192584939301,0.06281225845536711,0.25062373881052674,15.920459231864367,0.506,0.060404,0.24577225229874913,0.506,0.060404,0.24577225229874913
3,5,24,111100000010010111010101000100,0.5023076923076923,0.19033450045837805,0.5245000123977661,13,"[0, 1, 2, 3, 10, 13, 15, 16, 17, 19, 21, 23, 27]",13,"[0, 1, 2, 3, 10, 13, 15, 16, 17, 19, 21, 23, 27]",0,[],0.19033450045837805,0.06668529336898844,0.2582349576819305,14.995810162620405,0.49769230769230766,0.029463905325443795,0.17165053255217064,0.49769230769230766,0.029463905325443795,0.17165053255217064
3,5,25,010110001000000101010101000010,0.41800000000000004,0.23005076460540294,0.7299999892711639,10,"[1, 3, 4, 8, 15, 17, 19, 21, 23, 28]",10,"[1, 3, 4, 8, 15, 17, 19, 21, 23, 28]",0,[],0.23005076460540294,0.05489498677528335,0.23429679207211385,18.216599706883496,0.582,0.03657600000000001,0.19124852940611076,0.582,0.03657600000000001,0.19124852940611076
3,5,26,000101101011110101000001001111,0.42066666666666674,0.3048642140502731,0.5744999945163727,15,"[3, 5, 6, 8, 10, 11, 12, 13, 15, 17, 23, 26, 27, 28, 29]",15,"[3, 5, 6, 8, 10, 11, 12, 13, 15, 17, 23, 26, 27, 28, 29]",0,[],0.3048642140502731,0.10413907608539434,0.32270586620852487,9.60254342164508,0.5793333333333333,0.05120622222222222,0.22628791886051325,0.5793333333333333,0.05120622222222222,0.22628791886051325
3,5,27,110100000010010101000001111101,0.5461538461538461,0.15006726872749054,0.6085000038146973,13,"[0, 1, 3, 10, 13, 15, 17, 23, 24, 25, 26, 27, 29]",13,"[0, 1, 3, 10, 13, 15, 17, 23, 24, 25, 26, 27, 29]",0,[],0.15006726872749054,0.0623713457653614,0.2497425589789642,16.03300342054445,0.4538461538461539,0.03474674556213018,0.18640478953645526,0.4538461538461539,0.03474674556213018,0.18640478953645526
3,5,28,111001001001100011000001011000,0.39416666666666667,0.2763961438710491,0.7089999914169312,12,"[0, 1, 2, 5, 8, 11, 12, 16, 17, 23, 25, 26]",12,"[0, 1, 2, 5, 8, 11, 12, 16, 17, 23, 25, 26]",0,[],0.2763961438710491,0.08957935663316124,0.299298106631434,11.163286247914527,0.6058333333333333,0.05587430555555556,0.23637746414486208,0.6058333333333333,0.05587430555555556,0.23637746414486208
3,5,29,111100101000111101000111111001,0.5022222222222223,0.1911565559502277,0.640500009059906,18,"[0, 1, 2, 3, 6, 8, 12, 13, 14, 15, 17, 21, 22, 23, 24, 25, 26, 29]",18,"[0, 1, 2, 3, 6, 8, 12, 13, 14, 15, 17, 21, 22, 23, 24, 25, 26, 29]",0,[],0.1911565559502277,0.04715012042066696,0.21714078479333854,21.208853574034084,0.4977777777777777,0.05009506172839506,0.22381926129892185,0.4977777777777777,0.05009506172839506,0.22381926129892185
4,1,0,110001001000101101111011110100,0.49,0.40059714997187257,0.5719999969005585,16,"[0, 1, 5, 8, 12, 14, 15, 17, 18, 19, 20, 22, 23, 24, 25, 27]",16,"[0, 1, 5, 8, 12, 14, 15, 17, 18, 19, 20, 22, 23, 24, 25, 27]",0,[],0.40059714997187257,0.11926969232295513,0.3453544444812534,8.384359685377808,0.51,0.0382,0.19544820285692063,0.51,0.0382,0.19544820285692063
4,1,1,110110000001101101000001101000,0.5041666666666667,0.28259586930895847,0.6610000133514404,12,"[0, 1, 3, 4, 11, 12, 14, 15, 17, 23, 24, 26]",12,"[0, 1, 3, 4, 11, 12, 14, 15, 17, 23, 24, 26]",0,[],0.28259586930895847,0.09139087050139694,0.30230922993087217,10.942011981215506,0.49583333333333335,0.031557638888888885,0.17764469845421474,0.49583333333333335,0.031557638888888885,0.17764469845421474
4,1,2,010110100011000011000000110000,0.491,0.3251228783279657,0.8575000017881393,10,"[1, 3, 4, 6, 10, 11, 16, 17, 24, 25]",10,"[1, 3, 4, 6, 10, 11, 16, 17, 24, 25]",0,[],0.3251228783279657,0.0811014335793149,0.2847831342957565,12.330238269117997,0.509,0.025109000000000003,0.15845819637999167,0.509,0.025109000000000003,0.15845819637999167
4,1,3,100100110010100000100000010111,0.5609090909090909,0.4309704356234182,0.5300000011920929,11,"[0, 3, 6, 7, 10, 12, 18, 25, 27, 28, 29]",11,"[0, 3, 6, 7, 10, 12, 18, 25, 27, 28, 29]",0,[],0.4309704356234182,0.08837498996212681,0.29727931304099653,11.315418541247372,0.4390909090909091,0.03673553719008264,0.19166516947552742,0.4390909090909091,0.03673553719008264,0.19166516947552742
4,1,4,110100111000011000000001111101,0.5542857142857143,0.345493628377361,0.5475000143051147,14,"[0, 1, 3, 6, 7, 8, 13, 14, 23, 24, 25, 26, 27, 29]",14,"[0, 1, 3, 6, 7, 8, 13, 14, 23, 24, 25, 26, 27, 29]",0,[],0.345493628377361,0.0958004101899788,0.30951641344196723,10.438368666866157,0.4457142857142857,0.03868163265306123,0.1966764669528646,0.4457142857142857,0.03868163265306123,0.1966764669528646
4,1,5,110000000111101100011001110110,0.522,0.44278742410242555,0.554500013589859,15,"[0, 1, 9, 10, 11, 12, 14, 15, 19, 20, 23, 24, 25, 27, 28]",15,"[0, 1, 9, 10, 11, 12, 14, 15, 19, 20, 23, 24, 25, 27, 28]",0,[],0.44278742410242555,0.1040295840714871,0.3225361748261536,9.612650179518353,0.4779999999999999,0.03426933333333333,0.1851197810427976,0.4779999999999999,0.03426933333333333,0.1851197810427976
4,1,6,101100100000101011111000010100,0.5092307692307694,0.36404942262631196,0.5660000145435333,13,"[0, 2, 3, 6, 12, 14, 16, 17, 18, 19, 20, 25, 27]",13,"[0, 2, 3, 6, 12, 14, 16, 17, 18, 19, 20, 25, 27]",0,[],0.36404942262631196,0.10534435438990146,0.32456795034306984,9.492677664517181,0.4907692307692307,0.025037869822485202,0.158233592585409,0.4907692307692307,0.025037869822485202,0.158233592585409
4,1,7,111111101011110101010101000011,0.45631578947368434,0.3913862313094892,0.5789999961853027,19,"[0, 1, 2, 3, 4, 5, 6, 8, 10, 11, 12, 13, 15, 17, 19, 21, 23, 28, 29]",19,"[0, 1, 2, 3, 4, 5, 6, 8, 10, 11, 12, 13, 15, 17, 19, 21, 23, 28, 29]",0,[],0.3913862313094892,0.0808650306796081,0.28436777363057175,12.366284803156232,0.5436842105263157,0.037296952908587255,0.19312419037652237,0.5436842105263157,0.037296952908587255,0.19312419037652237
4,1,8,011101010000000111110100000111,0.5007142857142857,0.3618102351735745,0.6245000064373016,14,"[1, 2, 3, 5, 7, 15, 16, 17, 18, 19, 21, 27, 28, 29]",14,"[1, 2, 3, 5, 7, 15, 16, 17, 18, 19, 21, 27, 28, 29]",0,[],0.3618102351735745,0.05722338436538259,0.23921409733831028,17.475373242777863,0.4992857142857143,0.0370780612244898,0.19255664419720706,0.4992857142857143,0.0370780612244898,0.19255664419720706
4,1,9,110101110001011111000011001111,0.5344444444444445,0.32543608494516874,0.6534999907016754,18,"[0, 1, 3, 5, 6, 7, 11, 13, 14, 15, 16, 17, 22, 23, 26, 27, 28, 29]",18,"[0, 1, 3, 5, 6, 7, 11, 13, 14, 15, 16, 17, 22, 23, 26, 27, 28, 29]",0,[],0.32543608494516874,0.0686524098144847,0.26201604877275114,14.566131075402017,0.4655555555555555,0.03615802469135802,0.1901526352469458,0.4655555555555555,0.03615802469135802,0.1901526352469458
4,1,10,111001010100011000100110000010,0.5449999999999999,0.29568192300697166,0.5934999883174896,12,"[0, 1, 2, 5, 7, 9, 13, 14, 18, 21, 22, 28]",12,"[0, 1, 2, 5, 7, 9, 13, 14, 18, 21, 22, 28]",0,[],0.29568192300697166,0.0656930314954884,0.2563065186363554,15.22231471489753,0.455,0.04474166666666667,0.21152226045186515,0.455,0.04474166666666667,0.21152226045186515
4,2,0,110001001000101101111011110100,0.49,0.40059714997187257,0.5719999969005585,16,"[0, 1, 5, 8, 12, 14, 15, 17, 18, 19, 20, 22, 23, 24, 25, 27]",16,"[0, 1, 5, 8, 12, 14, 15, 17, 18, 19, 20, 22, 23, 24, 25, 27]",0,[],0.40059714997187257,0.11926969232295513,0.3453544444812534,8.384359685377808,0.51,0.0382,0.19544820285692063,0.51,0.0382,0.19544820285692063
4,2,1,110110000001101101000001101000,0.5041666666666667,0.28259586930895847,0.6610000133514404,12,"[0, 1, 3, 4, 11, 12, 14, 15, 17, 23, 24, 26]",12,"[0, 1, 3, 4, 11, 12, 14, 15, 17, 23, 24, 26]",0,[],0.28259586930895847,0.09139087050139694,0.30230922993087217,10.942011981215506,0.49583333333333335,0.031557638888888885,0.17764469845421474,0.49583333333333335,0.031557638888888885,0.17764469845421474
4,2,2,100100110010100000100000010111,0.5609090909090909,0.4309704356234182,0.5300000011920929,11,"[0, 3, 6, 7, 10, 12, 18, 25, 27, 28, 29]",11,"[0, 3, 6, 7, 10, 12, 18, 25, 27, 28, 29]",0,[],0.4309704356234182,0.08837498996212681,0.29727931304099653,11.315418541247372,0.4390909090909091,0.03673553719008264,0.19166516947552742,0.4390909090909091,0.03673553719008264,0.19166516947552742
4,2,3,110100111000011000000001111101,0.5542857142857143,0.345493628377361,0.5475000143051147,14,"[0, 1, 3, 6, 7, 8, 13, 14, 23, 24, 25, 26, 27, 29]",14,"[0, 1, 3, 6, 7, 8, 13, 14, 23, 24, 25, 26, 27, 29]",0,[],0.345493628377361,0.0958004101899788,0.30951641344196723,10.438368666866157,0.4457142857142857,0.03868163265306123,0.1966764669528646,0.4457142857142857,0.03868163265306123,0.1966764669528646
4,2,4,110000000111101100011001110110,0.522,0.44278742410242555,0.554500013589859,15,"[0, 1, 9, 10, 11, 12, 14, 15, 19, 20, 23, 24, 25, 27, 28]",15,"[0, 1, 9, 10, 11, 12, 14, 15, 19, 20, 23, 24, 25, 27, 28]",0,[],0.44278742410242555,0.1040295840714871,0.3225361748261536,9.612650179518353,0.4779999999999999,0.03426933333333333,0.1851197810427976,0.4779999999999999,0.03426933333333333,0.1851197810427976
4,2,5,101100100000101011111000010100,0.5092307692307694,0.36404942262631196,0.5660000145435333,13,"[0, 2, 3, 6, 12, 14, 16, 17, 18, 19, 20, 25, 27]",13,"[0, 2, 3, 6, 12, 14, 16, 17, 18, 19, 20, 25, 27]",0,[],0.36404942262631196,0.10534435438990146,0.32456795034306984,9.492677664517181,0.4907692307692307,0.025037869822485202,0.158233592585409,0.4907692307692307,0.025037869822485202,0.158233592585409
4,2,6,111111101011110101010101000011,0.45631578947368434,0.3913862313094892,0.5789999961853027,19,"[0, 1, 2, 3, 4, 5, 6, 8, 10, 11, 12, 13, 15, 17, 19, 21, 23, 28, 29]",19,"[0, 1, 2, 3, 4, 5, 6, 8, 10, 11, 12, 13, 15, 17, 19, 21, 23, 28, 29]",0,[],0.3913862313094892,0.0808650306796081,0.28436777363057175,12.366284803156232,0.5436842105263157,0.037296952908587255,0.19312419037652237,0.5436842105263157,0.037296952908587255,0.19312419037652237
4,2,7,011101010000000111110100000111,0.5007142857142857,0.3618102351735745,0.6245000064373016,14,"[1, 2, 3, 5, 7, 15, 16, 17, 18, 19, 21, 27, 28, 29]",14,"[1, 2, 3, 5, 7, 15, 16, 17, 18, 19, 21, 27, 28, 29]",0,[],0.3618102351735745,0.05722338436538259,0.23921409733831028,17.475373242777863,0.4992857142857143,0.0370780612244898,0.19255664419720706,0.4992857142857143,0.0370780612244898,0.19255664419720706
4,2,8,111001010100011000100110000010,0.5449999999999999,0.29568192300697166,0.5934999883174896,12,"[0, 1, 2, 5, 7, 9, 13, 14, 18, 21, 22, 28]",12,"[0, 1, 2, 5, 7, 9, 13, 14, 18, 21, 22, 28]",0,[],0.29568192300697166,0.0656930314954884,0.2563065186363554,15.22231471489753,0.455,0.04474166666666667,0.21152226045186515,0.455,0.04474166666666667,0.21152226045186515
4,2,9,011101010010000011110100000111,0.48857142857142855,0.36465743410268,0.5945000052452087,14,"[1, 2, 3, 5, 7, 10, 16, 17, 18, 19, 21, 27, 28, 29]",14,"[1, 2, 3, 5, 7, 10, 16, 17, 18, 19, 21, 27, 28, 29]",0,[],0.36465743410268,0.05720143879692665,0.23916822279919767,17.482077741962822,0.5114285714285715,0.035369387755102046,0.18806750850453155,0.5114285714285715,0.035369387755102046,0.18806750850453155
4,2,10,111111101010101010110100000011,0.4747058823529412,0.3378491938552436,0.7010000050067902,17,"[0, 1, 2, 3, 4, 5, 6, 8, 10, 12, 14, 16, 18, 19, 21, 28, 29]",17,"[0, 1, 2, 3, 4, 5, 6, 8, 10, 12, 14, 16, 18, 19, 21, 28, 29]",0,[],0.3378491938552436,0.08268692137156053,0.2875533365682974,12.093811009197177,0.5252941176470588,0.03900138408304498,0.19748768083869175,0.5252941176470588,0.03900138408304498,0.19748768083869175
4,2,11,101100100000101011111000010000,0.5216666666666667,0.3287526586403449,0.6285000145435333,12,"[0, 2, 3, 6, 12, 14, 16, 17, 18, 19, 20, 25]",12,"[0, 2, 3, 6, 12, 14, 16, 17, 18, 19, 20, 25]",0,[],0.3287526586403449,0.09792685046660617,0.31293266123338126,10.211703891579848,0.4783333333333333,0.02511388888888888,0.15847362206023083,0.4783333333333333,0.02511388888888888,0.15847362206023083
4,2,12,100100011110101010100100101001,0.5492857142857144,0.3589021089885916,0.5845000147819519,14,"[0, 3, 7, 8, 9, 10, 12, 14, 16, 18, 21, 24, 26, 29]",14,"[0, 3, 7, 8, 9, 10, 12, 14, 16, 18, 21, 24, 26, 29]",0,[],0.3589021089885916,0.08540352051655885,0.29223880734180196,11.709119178595342,0.4507142857142857,0.049049489795918375,0.2214711940544828,0.4507142857142857,0.049049489795918375,0.2214711940544828
4,2,13,001001001011101010100100001000,0.39454545454545453,0.45735043727538804,0.6665000021457672,11,"[2, 5, 8, 10, 11, 12, 14, 16, 18, 21, 26]",11,"[2, 5, 8, 10, 11, 12, 14, 16, 18, 21, 26]",0,[],0.45735043727538804,0.10807632626275604,0.3287496407036151,9.252720133813504,0.6054545454545455,0.03298842975206612,0.18162717239462303,0.6054545454545455,0.03298842975206612,0.18162717239462303
4,2,14,111001010100011000011110000000,0.5266666666666666,0.32749037180716795,0.6435000002384186,12,"[0, 1, 2, 5, 7, 9, 13, 14, 19, 20, 21, 22]",12,"[0, 1, 2, 5, 7, 9, 13, 14, 19, 20, 21, 22]",0,[],0.32749037180716795,0.07841741486494201,0.2800310962463669,12.752269399881339,0.47333333333333333,0.04782222222222222,0.21868292622475632,0.47333333333333333,0.04782222222222222,0.21868292622475632
4,2,15,110110000111101101000001101000,0.5171428571428571,0.31426244881004095,0.6450000107288361,14,"[0, 1, 3, 4, 9, 10, 11, 12, 14, 15, 17, 23, 24, 26]",14,"[0, 1, 3, 4, 9, 10, 11, 12, 14, 15, 17, 23, 24, 26]",0,[],0.31426244881004095,0.08658207952723385,0.29424832969319276,11.54973414198785,0.4828571428571428,0.029948979591836733,0.17305773485122453,0.4828571428571428,0.029948979591836733,0.17305773485122453
4,2,16,001110001010011011111000010000,0.49076923076923074,0.3176481838409717,0.6859999895095825,13,"[2, 3, 4, 8, 10, 13, 14, 16, 17, 18, 19, 20, 25]",13,"[2, 3, 4, 8, 10, 13, 14, 16, 17, 18, 19, 20, 25]",0,[],0.3176481838409717,0.08799109998051106,0.29663293812473196,11.364785759258465,0.5092307692307693,0.0179301775147929,0.13390361277722457,0.5092307692307693,0.0179301775147929,0.13390361277722457
4,2,17,101111101011010001010010001110,0.46875,0.32891138968989253,0.7145000100135803,16,"[0, 2, 3, 4, 5, 6, 8, 10, 11, 13, 17, 19, 22, 26, 27, 28]",16,"[0, 2, 3, 4, 5, 6, 8, 10, 11, 13, 17, 19, 22, 26, 27, 28]",0,[],0.32891138968989253,0.08681532623720346,0.2946444064244279,11.518703474864838,0.53125,0.030123437500000006,0.1735610483374654,0.53125,0.030123437500000006,0.1735610483374654
4,2,18,101001001001101111011101000101,0.4593750000000001,0.4897321400931105,0.5654999911785126,16,"[0, 2, 5, 8, 11, 12, 14, 15, 16, 17, 19, 20, 21, 23, 27, 29]",16,"[0, 2, 5, 8, 11, 12, 14, 15, 16, 17, 19, 20, 21, 23, 27, 29]",0,[],0.4897321400931105,0.08836148136431568,0.2972565917928746,11.31714842892895,0.5406249999999999,0.047843359375,0.2187312491963597,0.5406249999999999,0.047843359375,0.2187312491963597
4,2,19,000110100011001100011001000111,0.48615384615384616,0.3880596915976359,0.6814999878406525,13,"[3, 4, 6, 10, 11, 14, 15, 19, 20, 23, 27, 28, 29]",13,"[3, 4, 6, 10, 11, 14, 15, 19, 20, 23, 27, 28, 29]",0,[],0.3880596915976359,0.07340174275735048,0.27092755998117,13.623654731274886,0.5138461538461538,0.024300591715976334,0.15588647059952424,0.5138461538461538,0.024300591715976334,0.15588647059952424
4,2,20,010110100011011100011000110000,0.4915384615384617,0.3067559094096606,0.755500003695488,13,"[1, 3, 4, 6, 10, 11, 13, 14, 15, 19, 20, 24, 25]",13,"[1, 3, 4, 6, 10, 11, 13, 14, 15, 19, 20, 24, 25]",0,[],0.3067559094096606,0.08895774184772424,0.2982578445703051,11.24129254215756,0.5084615384615383,0.022951479289940832,0.15149745638109186,0.5084615384615383,0.022951479289940832,0.15149745638109186
4,2,21,100101011100101111011101111111,0.5252380952380953,0.43934647659105913,0.5654999911785126,21,"[0, 3, 5, 7, 8, 9, 12, 14, 15, 16, 17, 19, 20, 21, 23, 24, 25, 26, 27, 28, 29]",21,"[0, 3, 5, 7, 8, 9, 12, 14, 15, 16, 17, 19, 20, 21, 23, 24, 25, 26, 27, 28, 29]",0,[],0.43934647659105913,0.09055956881481535,0.30093116956343247,11.042455403524428,0.4747619047619048,0.043939229024943315,0.20961686245372368,0.4747619047619048,0.043939229024943315,0.20961686245372368
4,2,22,110100001100011100000001111101,0.5657142857142857,0.3739273301990969,0.5399999916553497,14,"[0, 1, 3, 8, 9, 13, 14, 15, 23, 24, 25, 26, 27, 29]",14,"[0, 1, 3, 8, 9, 13, 14, 15, 23, 24, 25, 26, 27, 29]",0,[],0.3739273301990969,0.09904750848123224,0.31471814132844683,10.096165116455023,0.4342857142857143,0.03548163265306122,0.18836568863001887,0.4342857142857143,0.03548163265306122,0.18836568863001887
4,2,23,111100111000011000000111111011,0.5564705882352942,0.32623388651101026,0.5539999902248383,17,"[0, 1, 2, 3, 6, 7, 8, 13, 14, 21, 22, 23, 24, 25, 26, 28, 29]",17,"[0, 1, 2, 3, 6, 7, 8, 13, 14, 21, 22, 23, 24, 25, 26, 28, 29]",0,[],0.32623388651101026,0.07517092037557478,0.2741731576496408,13.303016578800984,0.44352941176470584,0.04039930795847751,0.20099579089741534,0.44352941176470584,0.04039930795847751,0.20099579089741534
4,3,0,001001001011101010100100001000,0.39454545454545453,0.45735043727538804,0.6665000021457672,11,"[2, 5, 8, 10, 11, 12, 14, 16, 18, 21, 26]",11,"[2, 5, 8, 10, 11, 12, 14, 16, 18, 21, 26]",0,[],0.45735043727538804,0.10807632626275604,0.3287496407036151,9.252720133813504,0.6054545454545455,0.03298842975206612,0.18162717239462303,0.6054545454545455,0.03298842975206612,0.18162717239462303
4,3,1,110100001100011100000001111101,0.5657142857142857,0.3739273301990969,0.5399999916553497,14,"[0, 1, 3, 8, 9, 13, 14, 15, 23, 24, 25, 26, 27, 29]",14,"[0, 1, 3, 8, 9, 13, 14, 15, 23, 24, 25, 26, 27, 29]",0,[],0.3739273301990969,0.09904750848123224,0.31471814132844683,10.096165116455023,0.4342857142857143,0.03548163265306122,0.18836568863001887,0.4342857142857143,0.03548163265306122,0.18836568863001887
4,3,2,100100110010100000100000010111,0.5609090909090909,0.4309704356234182,0.5300000011920929,11,"[0, 3, 6, 7, 10, 12, 18, 25, 27, 28, 29]",11,"[0, 3, 6, 7, 10, 12, 18, 25, 27, 28, 29]",0,[],0.4309704356234182,0.08837498996212681,0.29727931304099653,11.315418541247372,0.4390909090909091,0.03673553719008264,0.19166516947552742,0.4390909090909091,0.03673553719008264,0.19166516947552742
4,3,3,001010100011011100011100001000,0.45333333333333325,0.3045376438337068,0.8645000010728836,12,"[2, 4, 6, 10, 11, 13, 14, 15, 19, 20, 21, 26]",12,"[2, 4, 6, 10, 11, 13, 14, 15, 19, 20, 21, 26]",0,[],0.3045376438337068,0.07800866727965187,0.27930031736403715,12.819088376617406,0.5466666666666667,0.02253888888888889,0.1501295736651806,0.5466666666666667,0.02253888888888889,0.1501295736651806
4,3,4,001010001000011011111010001000,0.4999999999999999,0.22493310396869978,0.7999999970197678,12,"[2, 4, 8, 13, 14, 16, 17, 18, 19, 20, 22, 26]",12,"[2, 4, 8, 13, 14, 16, 17, 18, 19, 20, 22, 26]",0,[],0.22493310396869978,0.06958626879495557,0.26379209388257935,14.37065124078749,0.5000000000000001,0.0193,0.13892443989449804,0.5000000000000001,0.0193,0.13892443989449804
4,3,5,001101001001101010100100010000,0.40636363636363637,0.5304267883978107,0.6245000064373016,11,"[2, 3, 5, 8, 11, 12, 14, 16, 18, 21, 25]",11,"[2, 3, 5, 8, 11, 12, 14, 16, 18, 21, 25]",0,[],0.5304267883978107,0.10345203702906827,0.32163960736990754,9.66631521928386,0.5936363636363636,0.039514049586776866,0.19878141157255338,0.5936363636363636,0.039514049586776866,0.19878141157255338
4,3,6,010110100011011100011000110000,0.4915384615384617,0.3067559094096606,0.755500003695488,13,"[1, 3, 4, 6, 10, 11, 13, 14, 15, 19, 20, 24, 25]",13,"[1, 3, 4, 6, 10, 11, 13, 14, 15, 19, 20, 24, 25]",0,[],0.3067559094096606,0.08895774184772424,0.2982578445703051,11.24129254215756,0.5084615384615383,0.022951479289940832,0.15149745638109186,0.5084615384615383,0.022951479289940832,0.15149745638109186
4,3,7,010111101000110101011000110000,0.4464285714285715,0.38575773872435093,0.6319999992847443,14,"[1, 3, 4, 5, 6, 8, 12, 13, 15, 17, 19, 20, 24, 25]",14,"[1, 3, 4, 5, 6, 8, 12, 13, 15, 17, 19, 20, 24, 25]",0,[],0.38575773872435093,0.10956227138282197,0.3310019205122864,9.127229541507916,0.5535714285714285,0.027237244897959183,0.16503710158009677,0.5535714285714285,0.027237244897959183,0.16503710158009677
4,3,8,001110001010011011011010100000,0.5153846153846153,0.2644134019143306,0.7985000014305115,13,"[2, 3, 4, 8, 10, 13, 14, 16, 17, 19, 20, 22, 24]",13,"[2, 3, 4, 8, 10, 13, 14, 16, 17, 19, 20, 22, 24]",0,[],0.2644134019143306,0.059111505067002884,0.24312857723230086,16.917180485702403,0.4846153846153846,0.022147928994082838,0.14882180281827942,0.4846153846153846,0.022147928994082838,0.14882180281827942
4,3,9,110110000010101101000001101000,0.5275000000000001,0.24582899501547217,0.6610000133514404,12,"[0, 1, 3, 4, 10, 12, 14, 15, 17, 23, 24, 26]",12,"[0, 1, 3, 4, 10, 12, 14, 15, 17, 23, 24, 26]",0,[],0.24582899501547217,0.06670565336266072,0.25827437612481174,14.991233120276457,0.4725,0.02335208333333334,0.15281388462222056,0.4725,0.02335208333333334,0.15281388462222056
4,3,10,111001010100011000100110000010,0.5449999999999999,0.29568192300697166,0.5934999883174896,12,"[0, 1, 2, 5, 7, 9, 13, 14, 18, 21, 22, 28]",12,"[0, 1, 2, 5, 7, 9, 13, 14, 18, 21, 22, 28]",0,[],0.29568192300697166,0.0656930314954884,0.2563065186363554,15.22231471489753,0.455,0.04474166666666667,0.21152226045186515,0.455,0.04474166666666667,0.21152226045186515
4,3,11,101001001001101111011101000101,0.4593750000000001,0.4897321400931105,0.5654999911785126,16,"[0, 2, 5, 8, 11, 12, 14, 15, 16, 17, 19, 20, 21, 23, 27, 29]",16,"[0, 2, 5, 8, 11, 12, 14, 15, 16, 17, 19, 20, 21, 23, 27, 29]",0,[],0.4897321400931105,0.08836148136431568,0.2972565917928746,11.31714842892895,0.5406249999999999,0.047843359375,0.2187312491963597,0.5406249999999999,0.047843359375,0.2187312491963597
4,3,12,111111101010101010110100000011,0.4747058823529412,0.3378491938552436,0.7010000050067902,17,"[0, 1, 2, 3, 4, 5, 6, 8, 10, 12, 14, 16, 18, 19, 21, 28, 29]",17,"[0, 1, 2, 3, 4, 5, 6, 8, 10, 12, 14, 16, 18, 19, 21, 28, 29]",0,[],0.3378491938552436,0.08268692137156053,0.2875533365682974,12.093811009197177,0.5252941176470588,0.03900138408304498,0.19748768083869175,0.5252941176470588,0.03900138408304498,0.19748768083869175
4,3,13,010110100011010101101100110000,0.45214285714285707,0.3419098538745727,0.715499997138977,14,"[1, 3, 4, 6, 10, 11, 13, 15, 17, 18, 20, 21, 24, 25]",14,"[1, 3, 4, 6, 10, 11, 13, 15, 17, 18, 20, 21, 24, 25]",0,[],0.3419098538745727,0.08505193019988233,0.2916366407018884,11.75752269995377,0.5478571428571429,0.026731122448979593,0.16349655179538067,0.5478571428571429,0.026731122448979593,0.16349655179538067
4,3,14,000100001111001100011001000111,0.4869230769230769,0.481666727278095,0.5430000126361847,13,"[3, 8, 9, 10, 11, 14, 15, 19, 20, 23, 27, 28, 29]",13,"[3, 8, 9, 10, 11, 14, 15, 19, 20, 23, 27, 28, 29]",0,[],0.481666727278095,0.06977795365525821,0.2641551696546146,14.331174068826302,0.5130769230769231,0.034452071005917156,0.18561269085360826,0.5130769230769231,0.034452071005917156,0.18561269085360826
4,3,15,011101010000000111110100000111,0.5007142857142857,0.3618102351735745,0.6245000064373016,14,"[1, 2, 3, 5, 7, 15, 16, 17, 18, 19, 21, 27, 28, 29]",14,"[1, 2, 3, 5, 7, 15, 16, 17, 18, 19, 21, 27, 28, 29]",0,[],0.3618102351735745,0.05722338436538259,0.23921409733831028,17.475373242777863,0.4992857142857143,0.0370780612244898,0.19255664419720706,0.4992857142857143,0.0370780612244898,0.19255664419720706
4,3,16,111100101101010101101001010111,0.5033333333333332,0.43071975590040285,0.5584999918937683,18,"[0, 1, 2, 3, 6, 8, 9, 11, 13, 15, 17, 18, 20, 23, 25, 27, 28, 29]",18,"[0, 1, 2, 3, 6, 8, 9, 11, 13, 15, 17, 18, 20, 23, 25, 27, 28, 29]",0,[],0.43071975590040285,0.08299345106680242,0.2880858397540608,12.049143482358483,0.49666666666666676,0.03572222222222223,0.1890032333644645,0.49666666666666676,0.03572222222222223,0.1890032333644645
4,3,17,110001001000101101111011110100,0.49,0.40059714997187257,0.5719999969005585,16,"[0, 1, 5, 8, 12, 14, 15, 17, 18, 19, 20, 22, 23, 24, 25, 27]",16,"[0, 1, 5, 8, 12, 14, 15, 17, 18, 19, 20, 22, 23, 24, 25, 27]",0,[],0.40059714997187257,0.11926969232295513,0.3453544444812534,8.384359685377808,0.51,0.0382,0.19544820285692063,0.51,0.0382,0.19544820285692063
4,3,18,101111101011010001010010001110,0.46875,0.32891138968989253,0.7145000100135803,16,"[0, 2, 3, 4, 5, 6, 8, 10, 11, 13, 17, 19, 22, 26, 27, 28]",16,"[0, 2, 3, 4, 5, 6, 8, 10, 11, 13, 17, 19, 22, 26, 27, 28]",0,[],0.32891138968989253,0.08681532623720346,0.2946444064244279,11.518703474864838,0.53125,0.030123437500000006,0.1735610483374654,0.53125,0.030123437500000006,0.1735610483374654
4,3,19,110000000111101100011001110110,0.522,0.44278742410242555,0.554500013589859,15,"[0, 1, 9, 10, 11, 12, 14, 15, 19, 20, 23, 24, 25, 27, 28]",15,"[0, 1, 9, 10, 11, 12, 14, 15, 19, 20, 23, 24, 25, 27, 28]",0,[],0.44278742410242555,0.1040295840714871,0.3225361748261536,9.612650179518353,0.4779999999999999,0.03426933333333333,0.1851197810427976,0.4779999999999999,0.03426933333333333,0.1851197810427976
4,3,20,001110001010011011111000010000,0.49076923076923074,0.3176481838409717,0.6859999895095825,13,"[2, 3, 4, 8, 10, 13, 14, 16, 17, 18, 19, 20, 25]",13,"[2, 3, 4, 8, 10, 13, 14, 16, 17, 18, 19, 20, 25]",0,[],0.3176481838409717,0.08799109998051106,0.29663293812473196,11.364785759258465,0.5092307692307693,0.0179301775147929,0.13390361277722457,0.5092307692307693,0.0179301775147929,0.13390361277722457
4,3,21,011101010010000011110100000111,0.48857142857142855,0.36465743410268,0.5945000052452087,14,"[1, 2, 3, 5, 7, 10, 16, 17, 18, 19, 21, 27, 28, 29]",14,"[1, 2, 3, 5, 7, 10, 16, 17, 18, 19, 21, 27, 28, 29]",0,[],0.36465743410268,0.05720143879692665,0.23916822279919767,17.482077741962822,0.5114285714285715,0.035369387755102046,0.18806750850453155,0.5114285714285715,0.035369387755102046,0.18806750850453155
4,3,22,110110000001101101000001101000,0.5041666666666667,0.28259586930895847,0.6610000133514404,12,"[0, 1, 3, 4, 11, 12, 14, 15, 17, 23, 24, 26]",12,"[0, 1, 3, 4, 11, 12, 14, 15, 17, 23, 24, 26]",0,[],0.28259586930895847,0.09139087050139694,0.30230922993087217,10.942011981215506,0.49583333333333335,0.031557638888888885,0.17764469845421474,0.49583333333333335,0.031557638888888885,0.17764469845421474
4,3,23,100000101101011100011101010111,0.505,0.46656961494591087,0.5444999933242798,16,"[0, 6, 8, 9, 11, 13, 14, 15, 19, 20, 21, 23, 25, 27, 28, 29]",16,"[0, 6, 8, 9, 11, 13, 14, 15, 19, 20, 21, 23, 25, 27, 28, 29]",0,[],0.46656961494591087,0.09269496627072953,0.304458480372496,10.788072321849175,0.495,0.045625,0.21360009363293828,0.495,0.045625,0.21360009363293828
4,3,24,111110100011011100010101000111,0.49941176470588233,0.33007907615426707,0.6369999945163727,17,"[0, 1, 2, 3, 4, 6, 10, 11, 13, 14, 15, 19, 21, 23, 27, 28, 29]",17,"[0, 1, 2, 3, 4, 6, 10, 11, 13, 14, 15, 19, 21, 23, 27, 28, 29]",0,[],0.33007907615426707,0.0682637252829423,0.261273277016503,14.649068679670773,0.5005882352941177,0.03246435986159169,0.180178688699834,0.5005882352941177,0.03246435986159169,0.180178688699834
4,3,25,111111101011110101010101000011,0.45631578947368434,0.3913862313094892,0.5789999961853027,19,"[0, 1, 2, 3, 4, 5, 6, 8, 10, 11, 12, 13, 15, 17, 19, 21, 23, 28, 29]",19,"[0, 1, 2, 3, 4, 5, 6, 8, 10, 11, 12, 13, 15, 17, 19, 21, 23, 28, 29]",0,[],0.3913862313094892,0.0808650306796081,0.28436777363057175,12.366284803156232,0.5436842105263157,0.037296952908587255,0.19312419037652237,0.5436842105263157,0.037296952908587255,0.19312419037652237
4,3,26,110110100000011100000001111101,0.565,0.2870065113529563,0.6495000123977661,14,"[0, 1, 3, 4, 6, 13, 14, 15, 23, 24, 25, 26, 27, 29]",14,"[0, 1, 3, 4, 6, 13, 14, 15, 23, 24, 25, 26, 27, 29]",0,[],0.2870065113529563,0.08426403371463344,0.29028267897798077,11.867459412002232,0.435,0.02616785714285715,0.16176482047360344,0.435,0.02616785714285715,0.16176482047360344
4,3,27,101100111010101000000111111011,0.5505882352941176,0.3898539984708323,0.5530000030994415,17,"[0, 2, 3, 6, 7, 8, 10, 12, 14, 21, 22, 23, 24, 25, 26, 28, 29]",17,"[0, 2, 3, 6, 7, 8, 10, 12, 14, 21, 22, 23, 24, 25, 26, 28, 29]",0,[],0.3898539984708323,0.08318914241390488,0.28842528046949156,12.020799481554125,0.4494117647058824,0.04202906574394463,0.20500991620881326,0.4494117647058824,0.04202906574394463,0.20500991620881326
4,3,28,100100110010111010100001010111,0.5626666666666666,0.38122868835926055,0.5385000109672546,15,"[0, 3, 6, 7, 10, 12, 13, 14, 16, 18, 23, 25, 27, 28, 29]",15,"[0, 3, 6, 7, 10, 12, 13, 14, 16, 18, 23, 25, 27, 28, 29]",0,[],0.38122868835926055,0.0842395623703329,0.2902405250311074,11.870906873943774,0.4373333333333333,0.028566222222222222,0.1690154496554153,0.4373333333333333,0.028566222222222222,0.1690154496554153
4,3,29,110110000111101101000001101000,0.5171428571428571,0.31426244881004095,0.6450000107288361,14,"[0, 1, 3, 4, 9, 10, 11, 12, 14, 15, 17, 23, 24, 26]",14,"[0, 1, 3, 4, 9, 10, 11, 12, 14, 15, 17, 23, 24, 26]",0,[],0.31426244881004095,0.08658207952723385,0.29424832969319276,11.54973414198785,0.4828571428571428,0.029948979591836733,0.17305773485122453,0.4828571428571428,0.029948979591836733,0.17305773485122453
4,4,0,100100110010100000100000010111,0.5609090909090909,0.4309704356234182,0.5300000011920929,11,"[0, 3, 6, 7, 10, 12, 18, 25, 27, 28, 29]",11,"[0, 3, 6, 7, 10, 12, 18, 25, 27, 28, 29]",0,[],0.4309704356234182,0.08837498996212681,0.29727931304099653,11.315418541247372,0.4390909090909091,0.03673553719008264,0.19166516947552742,0.4390909090909091,0.03673553719008264,0.19166516947552742
4,4,1,001001101011101010011101000100,0.3885714285714287,0.5216318960966808,0.6130000054836273,14,"[2, 5, 6, 8, 10, 11, 12, 14, 16, 19, 20, 21, 23, 27]",14,"[2, 5, 6, 8, 10, 11, 12, 14, 16, 19, 20, 21, 23, 27]",0,[],0.5216318960966808,0.08410169611500892,0.29000292432147806,11.89036661796335,0.6114285714285713,0.026555102040816327,0.162957362646848,0.6114285714285713,0.026555102040816327,0.162957362646848
4,4,2,110000000100011000100110000010,0.5511111111111111,0.22303670893112817,0.613999992609024,9,"[0, 1, 9, 13, 14, 18, 21, 22, 28]",9,"[0, 1, 9, 13, 14, 18, 21, 22, 28]",0,[],0.22303670893112817,0.05594223204483265,0.23652110274737148,17.875582783300285,0.4488888888888889,0.039498765432098765,0.19874296322662285,0.4488888888888889,0.039498765432098765,0.19874296322662285
4,4,3,001010100011011010100100000000,0.45599999999999996,0.28841341361403466,0.8950000032782555,10,"[2, 4, 6, 10, 11, 13, 14, 16, 18, 21]",10,"[2, 4, 6, 10, 11, 13, 14, 16, 18, 21]",0,[],0.28841341361403466,0.06823655293686473,0.261221271983858,14.654902057043257,0.544,0.024904,0.15781001235663092,0.544,0.024904,0.15781001235663092
4,4,4,110100001100011100000001111101,0.5657142857142857,0.3739273301990969,0.5399999916553497,14,"[0, 1, 3, 8, 9, 13, 14, 15, 23, 24, 25, 26, 27, 29]",14,"[0, 1, 3, 8, 9, 13, 14, 15, 23, 24, 25, 26, 27, 29]",0,[],0.3739273301990969,0.09904750848123224,0.31471814132844683,10.096165116455023,0.4342857142857143,0.03548163265306122,0.18836568863001887,0.4342857142857143,0.03548163265306122,0.18836568863001887
4,4,5,001010100011011100011100001000,0.45333333333333325,0.3045376438337068,0.8645000010728836,12,"[2, 4, 6, 10, 11, 13, 14, 15, 19, 20, 21, 26]",12,"[2, 4, 6, 10, 11, 13, 14, 15, 19, 20, 21, 26]",0,[],0.3045376438337068,0.07800866727965187,0.27930031736403715,12.819088376617406,0.5466666666666667,0.02253888888888889,0.1501295736651806,0.5466666666666667,0.02253888888888889,0.1501295736651806
4,4,6,110110000010101101000001101000,0.5275000000000001,0.24582899501547217,0.6610000133514404,12,"[0, 1, 3, 4, 10, 12, 14, 15, 17, 23, 24, 26]",12,"[0, 1, 3, 4, 10, 12, 14, 15, 17, 23, 24, 26]",0,[],0.24582899501547217,0.06670565336266072,0.25827437612481174,14.991233120276457,0.4725,0.02335208333333334,0.15281388462222056,0.4725,0.02335208333333334,0.15281388462222056
4,4,7,001010001000011011111010001000,0.4999999999999999,0.22493310396869978,0.7999999970197678,12,"[2, 4, 8, 13, 14, 16, 17, 18, 19, 20, 22, 26]",12,"[2, 4, 8, 13, 14, 16, 17, 18, 19, 20, 22, 26]",0,[],0.22493310396869978,0.06958626879495557,0.26379209388257935,14.37065124078749,0.5000000000000001,0.0193,0.13892443989449804,0.5000000000000001,0.0193,0.13892443989449804
4,4,8,001001001011101010110100001000,0.4033333333333333,0.42165335981796187,0.6414999961853027,12,"[2, 5, 8, 10, 11, 12, 14, 16, 18, 19, 21, 26]",12,"[2, 5, 8, 10, 11, 12, 14, 16, 18, 19, 21, 26]",0,[],0.42165335981796187,0.11308706046987603,0.3362841959858893,8.842744659247542,0.5966666666666667,0.031088888888888888,0.1763204154058426,0.5966666666666667,0.031088888888888888,0.1763204154058426
4,4,9,101001001001101111011101000101,0.4593750000000001,0.4897321400931105,0.5654999911785126,16,"[0, 2, 5, 8, 11, 12, 14, 15, 16, 17, 19, 20, 21, 23, 27, 29]",16,"[0, 2, 5, 8, 11, 12, 14, 15, 16, 17, 19, 20, 21, 23, 27, 29]",0,[],0.4897321400931105,0.08836148136431568,0.2972565917928746,11.31714842892895,0.5406249999999999,0.047843359375,0.2187312491963597,0.5406249999999999,0.047843359375,0.2187312491963597
4,4,10,001111101000011011111010011000,0.483125,0.3025936121121049,0.7939999997615814,16,"[2, 3, 4, 5, 6, 8, 13, 14, 16, 17, 18, 19, 20, 22, 25, 26]",16,"[2, 3, 4, 5, 6, 8, 13, 14, 16, 17, 18, 19, 20, 22, 25, 26]",0,[],0.3025936121121049,0.09292345923569782,0.30483349428121875,10.761545127840401,0.516875,0.023221484375000004,0.15238597171327814,0.516875,0.023221484375000004,0.15238597171327814
4,4,11,110111101011101010110100001000,0.4225,0.3312394686508924,0.7445000112056732,16,"[0, 1, 3, 4, 5, 6, 8, 10, 11, 12, 14, 16, 18, 19, 21, 26]",16,"[0, 1, 3, 4, 5, 6, 8, 10, 11, 12, 14, 16, 18, 19, 21, 26]",0,[],0.3312394686508924,0.10658480796734064,0.3264732882906971,9.382200137813417,0.5775,0.03380625,0.18386476008196895,0.5775,0.03380625,0.18386476008196895
4,4,12,010101010010000011111100000000,0.4336363636363636,0.34141849946569314,0.6234999895095825,11,"[1, 3, 5, 7, 10, 16, 17, 18, 19, 20, 21]",11,"[1, 3, 5, 7, 10, 16, 17, 18, 19, 20, 21]",0,[],0.34141849946569314,0.06312973021839004,0.25125630383811276,15.840397171675137,0.5663636363636364,0.030732231404958676,0.17530610772291613,0.5663636363636364,0.030732231404958676,0.17530610772291613
4,4,13,110110000001101101000001101000,0.5041666666666667,0.28259586930895847,0.6610000133514404,12,"[0, 1, 3, 4, 11, 12, 14, 15, 17, 23, 24, 26]",12,"[0, 1, 3, 4, 11, 12, 14, 15, 17, 23, 24, 26]",0,[],0.28259586930895847,0.09139087050139694,0.30230922993087217,10.942011981215506,0.49583333333333335,0.031557638888888885,0.17764469845421474,0.49583333333333335,0.031557638888888885,0.17764469845421474
4,4,14,101111101011010001010010001110,0.46875,0.32891138968989253,0.7145000100135803,16,"[0, 2, 3, 4, 5, 6, 8, 10, 11, 13, 17, 19, 22, 26, 27, 28]",16,"[0, 2, 3, 4, 5, 6, 8, 10, 11, 13, 17, 19, 22, 26, 27, 28]",0,[],0.32891138968989253,0.08681532623720346,0.2946444064244279,11.518703474864838,0.53125,0.030123437500000006,0.1735610483374654,0.53125,0.030123437500000006,0.1735610483374654
4,4,15,010110100011011100011000110000,0.4915384615384617,0.3067559094096606,0.755500003695488,13,"[1, 3, 4, 6, 10, 11, 13, 14, 15, 19, 20, 24, 25]",13,"[1, 3, 4, 6, 10, 11, 13, 14, 15, 19, 20, 24, 25]",0,[],0.3067559094096606,0.08895774184772424,0.2982578445703051,11.24129254215756,0.5084615384615383,0.022951479289940832,0.15149745638109186,0.5084615384615383,0.022951479289940832,0.15149745638109186
4,4,16,001101001001101100111100001000,0.39076923076923076,0.44130677873125446,0.6259999871253967,13,"[2, 3, 5, 8, 11, 12, 14, 15, 18, 19, 20, 21, 26]",13,"[2, 3, 5, 8, 11, 12, 14, 15, 18, 19, 20, 21, 26]",0,[],0.44130677873125446,0.11010665313845336,0.3318232257369176,9.082103319792605,0.6092307692307692,0.028391715976331368,0.16849841535258236,0.6092307692307692,0.028391715976331368,0.16849841535258236
4,4,17,111001010100011000100110000010,0.5449999999999999,0.29568192300697166,0.5934999883174896,12,"[0, 1, 2, 5, 7, 9, 13, 14, 18, 21, 22, 28]",12,"[0, 1, 2, 5, 7, 9, 13, 14, 18, 21, 22, 28]",0,[],0.29568192300697166,0.0656930314954884,0.2563065186363554,15.22231471489753,0.455,0.04474166666666667,0.21152226045186515,0.455,0.04474166666666667,0.21152226045186515
4,4,18,001110001010011011111000010000,0.49076923076923074,0.3176481838409717,0.6859999895095825,13,"[2, 3, 4, 8, 10, 13, 14, 16, 17, 18, 19, 20, 25]",13,"[2, 3, 4, 8, 10, 13, 14, 16, 17, 18, 19, 20, 25]",0,[],0.3176481838409717,0.08799109998051106,0.29663293812473196,11.364785759258465,0.5092307692307693,0.0179301775147929,0.13390361277722457,0.5092307692307693,0.0179301775147929,0.13390361277722457
4,4,19,010110101101010101101100110000,0.44999999999999996,0.3896835728238026,0.6175000071525574,15,"[1, 3, 4, 6, 8, 9, 11, 13, 15, 17, 18, 20, 21, 24, 25]",15,"[1, 3, 4, 6, 8, 9, 11, 13, 15, 17, 18, 20, 21, 24, 25]",0,[],0.3896835728238026,0.09702986820654198,0.31149617687307496,10.306104898250059,0.55,0.03390666666666667,0.18413762968678257,0.55,0.03390666666666667,0.18413762968678257
4,4,20,001010100001011000011100001000,0.43099999999999994,0.29356918316334485,0.8950000032782555,10,"[2, 4, 6, 11, 13, 14, 19, 20, 21, 26]",10,"[2, 4, 6, 11, 13, 14, 19, 20, 21, 26]",0,[],0.29356918316334485,0.09280911384964798,0.3046458827058852,10.774803879929438,0.5690000000000001,0.022609,0.15036289435894748,0.5690000000000001,0.022609,0.15036289435894748
4,4,21,010111101011110101010101010010,0.41764705882352937,0.4322599735768402,0.5719999969005585,17,"[1, 3, 4, 5, 6, 8, 10, 11, 12, 13, 15, 17, 19, 21, 23, 25, 28]",17,"[1, 3, 4, 5, 6, 8, 10, 11, 12, 13, 15, 17, 19, 21, 23, 25, 28]",0,[],0.4322599735768402,0.0951832413643592,0.30851781369048886,10.506051124819585,0.5823529411764706,0.025300346020761248,0.15906082490909335,0.5823529411764706,0.025300346020761248,0.15906082490909335
4,4,22,000100001111001100011001000111,0.4869230769230769,0.481666727278095,0.5430000126361847,13,"[3, 8, 9, 10, 11, 14, 15, 19, 20, 23, 27, 28, 29]",13,"[3, 8, 9, 10, 11, 14, 15, 19, 20, 23, 27, 28, 29]",0,[],0.481666727278095,0.06977795365525821,0.2641551696546146,14.331174068826302,0.5130769230769231,0.034452071005917156,0.18561269085360826,0.5130769230769231,0.034452071005917156,0.18561269085360826
4,4,23,111111101010101010110100000011,0.4747058823529412,0.3378491938552436,0.7010000050067902,17,"[0, 1, 2, 3, 4, 5, 6, 8, 10, 12, 14, 16, 18, 19, 21, 28, 29]",17,"[0, 1, 2, 3, 4, 5, 6, 8, 10, 12, 14, 16, 18, 19, 21, 28, 29]",0,[],0.3378491938552436,0.08268692137156053,0.2875533365682974,12.093811009197177,0.5252941176470588,0.03900138408304498,0.19748768083869175,0.5252941176470588,0.03900138408304498,0.19748768083869175
4,4,24,001110001010011011011010100000,0.5153846153846153,0.2644134019143306,0.7985000014305115,13,"[2, 3, 4, 8, 10, 13, 14, 16, 17, 19, 20, 22, 24]",13,"[2, 3, 4, 8, 10, 13, 14, 16, 17, 19, 20, 22, 24]",0,[],0.2644134019143306,0.059111505067002884,0.24312857723230086,16.917180485702403,0.4846153846153846,0.022147928994082838,0.14882180281827942,0.4846153846153846,0.022147928994082838,0.14882180281827942
4,4,25,011100111010100000100000010111,0.49615384615384606,0.4615504164248705,0.5334999859333038,13,"[1, 2, 3, 6, 7, 8, 10, 12, 18, 25, 27, 28, 29]",13,"[1, 2, 3, 6, 7, 8, 10, 12, 18, 25, 27, 28, 29]",0,[],0.4615504164248705,0.08203679574085641,0.28642066221007245,12.18965210634104,0.5038461538461539,0.03453136094674557,0.18582615786467083,0.5038461538461539,0.03453136094674557,0.18582615786467083
4,4,26,011101010010000011110100000111,0.48857142857142855,0.36465743410268,0.5945000052452087,14,"[1, 2, 3, 5, 7, 10, 16, 17, 18, 19, 21, 27, 28, 29]",14,"[1, 2, 3, 5, 7, 10, 16, 17, 18, 19, 21, 27, 28, 29]",0,[],0.36465743410268,0.05720143879692665,0.23916822279919767,17.482077741962822,0.5114285714285715,0.035369387755102046,0.18806750850453155,0.5114285714285715,0.035369387755102046,0.18806750850453155
4,4,27,111001010111101100011001110110,0.5227777777777777,0.45459244762443834,0.5340000092983246,18,"[0, 1, 2, 5, 7, 9, 10, 11, 12, 14, 15, 19, 20, 23, 24, 25, 27, 28]",18,"[0, 1, 2, 5, 7, 9, 10, 11, 12, 14, 15, 19, 20, 23, 24, 25, 27, 28]",0,[],0.45459244762443834,0.09265769701300798,0.3043972684059566,10.792411556048199,0.4772222222222223,0.0385645061728395,0.1963784768574181,0.4772222222222223,0.0385645061728395,0.1963784768574181
4,4,28,110110000111101101000001101000,0.5171428571428571,0.31426244881004095,0.6450000107288361,14,"[0, 1, 3, 4, 9, 10, 11, 12, 14, 15, 17, 23, 24, 26]",14,"[0, 1, 3, 4, 9, 10, 11, 12, 14, 15, 17, 23, 24, 26]",0,[],0.31426244881004095,0.08658207952723385,0.29424832969319276,11.54973414198785,0.4828571428571428,0.029948979591836733,0.17305773485122453,0.4828571428571428,0.029948979591836733,0.17305773485122453
4,4,29,111100000011010101101001010111,0.514375,0.406249720021151,0.539000004529953,16,"[0, 1, 2, 3, 10, 11, 13, 15, 17, 18, 20, 23, 25, 27, 28, 29]",16,"[0, 1, 2, 3, 10, 11, 13, 15, 17, 18, 20, 23, 25, 27, 28, 29]",0,[],0.406249720021151,0.07805723950726362,0.2793872572385212,12.811111516529417,0.485625,0.030749609375,0.1753556653632839,0.485625,0.030749609375,0.1753556653632839
4,5,0,001001101011101010011101000100,0.3885714285714287,0.5216318960966808,0.6130000054836273,14,"[2, 5, 6, 8, 10, 11, 12, 14, 16, 19, 20, 21, 23, 27]",14,"[2, 5, 6, 8, 10, 11, 12, 14, 16, 19, 20, 21, 23, 27]",0,[],0.5216318960966808,0.08410169611500892,0.29000292432147806,11.89036661796335,0.6114285714285713,0.026555102040816327,0.162957362646848,0.6114285714285713,0.026555102040816327,0.162957362646848
4,5,1,011010100011011010100100000000,0.4463636363636364,0.2705672180110758,0.8950000032782555,11,"[1, 2, 4, 6, 10, 11, 13, 14, 16, 18, 21]",11,"[1, 2, 4, 6, 10, 11, 13, 14, 16, 18, 21]",0,[],0.2705672180110758,0.06521809691759496,0.25537834073702287,15.333167437613676,0.5536363636363636,0.023568595041322315,0.15352066649582496,0.5536363636363636,0.023568595041322315,0.15352066649582496
4,5,2,110000000100011000100110000010,0.5511111111111111,0.22303670893112817,0.613999992609024,9,"[0, 1, 9, 13, 14, 18, 21, 22, 28]",9,"[0, 1, 9, 13, 14, 18, 21, 22, 28]",0,[],0.22303670893112817,0.05594223204483265,0.23652110274737148,17.875582783300285,0.4488888888888889,0.039498765432098765,0.19874296322662285,0.4488888888888889,0.039498765432098765,0.19874296322662285
4,5,3,001001001001010000011100001000,0.35444444444444434,0.47336643354760277,0.6514999866485596,9,"[2, 5, 8, 11, 13, 19, 20, 21, 26]",9,"[2, 5, 8, 11, 13, 19, 20, 21, 26]",0,[],0.47336643354760277,0.1080650026575993,0.3287324180204917,9.253689681278868,0.6455555555555557,0.02735802469135803,0.16540261391936353,0.6455555555555557,0.02735802469135803,0.16540261391936353
4,5,4,100100110010100000100000010111,0.5609090909090909,0.4309704356234182,0.5300000011920929,11,"[0, 3, 6, 7, 10, 12, 18, 25, 27, 28, 29]",11,"[0, 3, 6, 7, 10, 12, 18, 25, 27, 28, 29]",0,[],0.4309704356234182,0.08837498996212681,0.29727931304099653,11.315418541247372,0.4390909090909091,0.03673553719008264,0.19166516947552742,0.4390909090909091,0.03673553719008264,0.19166516947552742
4,5,5,001010100011011100011100001000,0.45333333333333325,0.3045376438337068,0.8645000010728836,12,"[2, 4, 6, 10, 11, 13, 14, 15, 19, 20, 21, 26]",12,"[2, 4, 6, 10, 11, 13, 14, 15, 19, 20, 21, 26]",0,[],0.3045376438337068,0.07800866727965187,0.27930031736403715,12.819088376617406,0.5466666666666667,0.02253888888888889,0.1501295736651806,0.5466666666666667,0.02253888888888889,0.1501295736651806
4,5,6,001111101011010101101110001110,0.4277777777777778,0.38376627976281774,0.7055000066757202,18,"[2, 3, 4, 5, 6, 8, 10, 11, 13, 15, 17, 18, 20, 21, 22, 26, 27, 28]",18,"[2, 3, 4, 5, 6, 8, 10, 11, 13, 15, 17, 18, 20, 21, 22, 26, 27, 28]",0,[],0.38376627976281774,0.08282403889906977,0.28779165884206886,12.073789364686869,0.5722222222222222,0.025572839506172843,0.15991510093225356,0.5722222222222222,0.025572839506172843,0.15991510093225356
4,5,7,111111101000011000110110000010,0.4693333333333334,0.2591379704574744,0.7880000025033951,15,"[0, 1, 2, 3, 4, 5, 6, 8, 13, 14, 18, 19, 21, 22, 28]",15,"[0, 1, 2, 3, 4, 5, 6, 8, 13, 14, 18, 19, 21, 22, 28]",0,[],0.2591379704574744,0.07117359400882875,0.2667837963760707,14.050154610373543,0.5306666666666666,0.035326222222222224,0.18795271272908573,0.5306666666666666,0.035326222222222224,0.18795271272908573
4,5,8,001010001000011011111010001000,0.4999999999999999,0.22493310396869978,0.7999999970197678,12,"[2, 4, 8, 13, 14, 16, 17, 18, 19, 20, 22, 26]",12,"[2, 4, 8, 13, 14, 16, 17, 18, 19, 20, 22, 26]",0,[],0.22493310396869978,0.06958626879495557,0.26379209388257935,14.37065124078749,0.5000000000000001,0.0193,0.13892443989449804,0.5000000000000001,0.0193,0.13892443989449804
4,5,9,000100001111001100011001000111,0.4869230769230769,0.481666727278095,0.5430000126361847,13,"[3, 8, 9, 10, 11, 14, 15, 19, 20, 23, 27, 28, 29]",13,"[3, 8, 9, 10, 11, 14, 15, 19, 20, 23, 27, 28, 29]",0,[],0.481666727278095,0.06977795365525821,0.2641551696546146,14.331174068826302,0.5130769230769231,0.034452071005917156,0.18561269085360826,0.5130769230769231,0.034452071005917156,0.18561269085360826
4,5,10,110110000001101101000001101000,0.5041666666666667,0.28259586930895847,0.6610000133514404,12,"[0, 1, 3, 4, 11, 12, 14, 15, 17, 23, 24, 26]",12,"[0, 1, 3, 4, 11, 12, 14, 15, 17, 23, 24, 26]",0,[],0.28259586930895847,0.09139087050139694,0.30230922993087217,10.942011981215506,0.49583333333333335,0.031557638888888885,0.17764469845421474,0.49583333333333335,0.031557638888888885,0.17764469845421474
4,5,11,001011101011101000011101001000,0.38642857142857134,0.4479209055591907,0.6570000052452087,14,"[2, 4, 5, 6, 8, 10, 11, 12, 14, 19, 20, 21, 23, 26]",14,"[2, 4, 5, 6, 8, 10, 11, 12, 14, 19, 20, 21, 23, 26]",0,[],0.4479209055591907,0.10606986361634906,0.32568368644491397,9.42774852258663,0.6135714285714287,0.022880102040816332,0.15126170050880802,0.6135714285714287,0.022880102040816332,0.15126170050880802
4,5,12,010111101011110101010101010010,0.41764705882352937,0.4322599735768402,0.5719999969005585,17,"[1, 3, 4, 5, 6, 8, 10, 11, 12, 13, 15, 17, 19, 21, 23, 25, 28]",17,"[1, 3, 4, 5, 6, 8, 10, 11, 12, 13, 15, 17, 19, 21, 23, 25, 28]",0,[],0.4322599735768402,0.0951832413643592,0.30851781369048886,10.506051124819585,0.5823529411764706,0.025300346020761248,0.15906082490909335,0.5823529411764706,0.025300346020761248,0.15906082490909335
4,5,13,001001001011101010110100001000,0.4033333333333333,0.42165335981796187,0.6414999961853027,12,"[2, 5, 8, 10, 11, 12, 14, 16, 18, 19, 21, 26]",12,"[2, 5, 8, 10, 11, 12, 14, 16, 18, 19, 21, 26]",0,[],0.42165335981796187,0.11308706046987603,0.3362841959858893,8.842744659247542,0.5966666666666667,0.031088888888888888,0.1763204154058426,0.5966666666666667,0.031088888888888888,0.1763204154058426
4,5,14,010111101001011100011100001000,0.39500000000000013,0.3447342359327844,0.7305000126361847,14,"[1, 3, 4, 5, 6, 8, 11, 13, 14, 15, 19, 20, 21, 26]",14,"[1, 3, 4, 5, 6, 8, 11, 13, 14, 15, 19, 20, 21, 26]",0,[],0.3447342359327844,0.10072195332401383,0.31736722156519853,9.928322148232038,0.6049999999999999,0.02491071428571429,0.1578312842427454,0.6049999999999999,0.02491071428571429,0.1578312842427454
4,5,15,010110100011011100011000110000,0.4915384615384617,0.3067559094096606,0.755500003695488,13,"[1, 3, 4, 6, 10, 11, 13, 14, 15, 19, 20, 24, 25]",13,"[1, 3, 4, 6, 10, 11, 13, 14, 15, 19, 20, 24, 25]",0,[],0.3067559094096606,0.08895774184772424,0.2982578445703051,11.24129254215756,0.5084615384615383,0.022951479289940832,0.15149745638109186,0.5084615384615383,0.022951479289940832,0.15149745638109186
4,5,16,001010100011101010110100001000,0.44499999999999995,0.3089547057946523,0.8945000022649765,12,"[2, 4, 6, 10, 11, 12, 14, 16, 18, 19, 21, 26]",12,"[2, 4, 6, 10, 11, 12, 14, 16, 18, 19, 21, 26]",0,[],0.3089547057946523,0.09541570099749637,0.3088943201120674,10.480455412953882,0.555,0.02260833333333333,0.15036067748362048,0.555,0.02260833333333333,0.15036067748362048
4,5,17,001100000000100100111100001000,0.43000000000000005,0.36837546134160626,0.5455000102519989,9,"[2, 3, 12, 15, 18, 19, 20, 21, 26]",9,"[2, 3, 12, 15, 18, 19, 20, 21, 26]",0,[],0.36837546134160626,0.09213464172311511,0.3035368869233443,10.85368088807704,0.57,0.021066666666666664,0.1451436070471816,0.57,0.021066666666666664,0.1451436070471816
4,5,18,010000000100011000100110000010,0.51375,0.24576165853068233,0.7400000095367432,8,"[1, 9, 13, 14, 18, 21, 22, 28]",8,"[1, 9, 13, 14, 18, 21, 22, 28]",0,[],0.24576165853068233,0.05828720104171625,0.24142742396363395,17.156425117828153,0.48624999999999996,0.031873437500000004,0.17853133478468144,0.48624999999999996,0.031873437500000004,0.17853133478468144
4,5,19,111100000011010101101001010111,0.514375,0.406249720021151,0.539000004529953,16,"[0, 1, 2, 3, 10, 11, 13, 15, 17, 18, 20, 23, 25, 27, 28, 29]",16,"[0, 1, 2, 3, 10, 11, 13, 15, 17, 18, 20, 23, 25, 27, 28, 29]",0,[],0.406249720021151,0.07805723950726362,0.2793872572385212,12.811111516529417,0.485625,0.030749609375,0.1753556653632839,0.485625,0.030749609375,0.1753556653632839
4,5,20,010101010010000011111100000000,0.4336363636363636,0.34141849946569314,0.6234999895095825,11,"[1, 3, 5, 7, 10, 16, 17, 18, 19, 20, 21]",11,"[1, 3, 5, 7, 10, 16, 17, 18, 19, 20, 21]",0,[],0.34141849946569314,0.06312973021839004,0.25125630383811276,15.840397171675137,0.5663636363636364,0.030732231404958676,0.17530610772291613,0.5663636363636364,0.030732231404958676,0.17530610772291613
4,5,21,110111101011101010110100001000,0.4225,0.3312394686508924,0.7445000112056732,16,"[0, 1, 3, 4, 5, 6, 8, 10, 11, 12, 14, 16, 18, 19, 21, 26]",16,"[0, 1, 3, 4, 5, 6, 8, 10, 11, 12, 14, 16, 18, 19, 21, 26]",0,[],0.3312394686508924,0.10658480796734064,0.3264732882906971,9.382200137813417,0.5775,0.03380625,0.18386476008196895,0.5775,0.03380625,0.18386476008196895
4,5,22,110100001100011101000010001110,0.5361538461538461,0.2874368651268574,0.578000009059906,13,"[0, 1, 3, 8, 9, 13, 14, 15, 17, 22, 26, 27, 28]",13,"[0, 1, 3, 8, 9, 13, 14, 15, 17, 22, 26, 27, 28]",0,[],0.2874368651268574,0.07423511047893826,0.2724612091269843,13.470714781029615,0.4638461538461539,0.02977751479289941,0.1725616260728306,0.4638461538461539,0.02977751479289941,0.1725616260728306
4,5,23,001001000100111011111010011000,0.5171428571428571,0.36004971047597273,0.5920000076293945,14,"[2, 5, 9, 12, 13, 14, 16, 17, 18, 19, 20, 22, 25, 26]",14,"[2, 5, 9, 12, 13, 14, 16, 17, 18, 19, 20, 22, 25, 26]",0,[],0.36004971047597273,0.1101752407845933,0.33192655932388615,9.076449417116574,0.4828571428571428,0.02464897959183673,0.156999935005836,0.4828571428571428,0.02464897959183673,0.156999935005836
4,5,24,110001010010101101000001101000,0.5349999999999999,0.31488302210345864,0.578000009059906,12,"[0, 1, 5, 7, 10, 12, 14, 15, 17, 23, 24, 26]",12,"[0, 1, 5, 7, 10, 12, 14, 15, 17, 23, 24, 26]",0,[],0.31488302210345864,0.08164682505619435,0.28573908562917033,12.24787368414802,0.465,0.036825000000000004,0.19189841062395488,0.465,0.036825000000000004,0.19189841062395488
4,5,25,001101001001101100111100001000,0.39076923076923076,0.44130677873125446,0.6259999871253967,13,"[2, 3, 5, 8, 11, 12, 14, 15, 18, 19, 20, 21, 26]",13,"[2, 3, 5, 8, 11, 12, 14, 15, 18, 19, 20, 21, 26]",0,[],0.44130677873125446,0.11010665313845336,0.3318232257369176,9.082103319792605,0.6092307692307692,0.028391715976331368,0.16849841535258236,0.6092307692307692,0.028391715976331368,0.16849841535258236
4,5,26,111001010111101100011001110110,0.5227777777777777,0.45459244762443834,0.5340000092983246,18,"[0, 1, 2, 5, 7, 9, 10, 11, 12, 14, 15, 19, 20, 23, 24, 25, 27, 28]",18,"[0, 1, 2, 5, 7, 9, 10, 11, 12, 14, 15, 19, 20, 23, 24, 25, 27, 28]",0,[],0.45459244762443834,0.09265769701300798,0.3043972684059566,10.792411556048199,0.4772222222222223,0.0385645061728395,0.1963784768574181,0.4772222222222223,0.0385645061728395,0.1963784768574181
4,5,27,011101010010000011110100000111,0.48857142857142855,0.36465743410268,0.5945000052452087,14,"[1, 2, 3, 5, 7, 10, 16, 17, 18, 19, 21, 27, 28, 29]",14,"[1, 2, 3, 5, 7, 10, 16, 17, 18, 19, 21, 27, 28, 29]",0,[],0.36465743410268,0.05720143879692665,0.23916822279919767,17.482077741962822,0.5114285714285715,0.035369387755102046,0.18806750850453155,0.5114285714285715,0.035369387755102046,0.18806750850453155
4,5,28,110100000010000011110101111101,0.528,0.3249215884755055,0.5379999876022339,15,"[0, 1, 3, 10, 16, 17, 18, 19, 21, 23, 24, 25, 26, 27, 29]",15,"[0, 1, 3, 10, 16, 17, 18, 19, 21, 23, 24, 25, 26, 27, 29]",0,[],0.3249215884755055,0.08358870335767153,0.2891171101088131,11.963339061751613,0.4719999999999999,0.034322666666666675,0.18526377591603457,0.4719999999999999,0.034322666666666675,0.18526377591603457
4,5,29,011100111010100000100000010111,0.49615384615384606,0.4615504164248705,0.5334999859333038,13,"[1, 2, 3, 6, 7, 8, 10, 12, 18, 25, 27, 28, 29]",13,"[1, 2, 3, 6, 7, 8, 10, 12, 18, 25, 27, 28, 29]",0,[],0.4615504164248705,0.08203679574085641,0.28642066221007245,12.18965210634104,0.5038461538461539,0.03453136094674557,0.18582615786467083,0.5038461538461539,0.03453136094674557,0.18582615786467083
5,1,0,110001001000101101111011110100,0.47750000000000004,0.39833529479801655,0.5485000014305115,16,"[0, 1, 5, 8, 12, 14, 15, 17, 18, 19, 20, 22, 23, 24, 25, 27]",16,"[0, 1, 5, 8, 12, 14, 15, 17, 18, 19, 20, 22, 23, 24, 25, 27]",0,[],0.39833529479801655,0.08212255707307982,0.28657033529847403,12.176922341934784,0.5225,0.028168749999999996,0.1678354849249705,0.5225,0.028168749999999996,0.1678354849249705
5,1,1,110110000001101101000001101000,0.47916666666666674,0.2577574684595068,0.6489999890327454,12,"[0, 1, 3, 4, 11, 12, 14, 15, 17, 23, 24, 26]",12,"[0, 1, 3, 4, 11, 12, 14, 15, 17, 23, 24, 26]",0,[],0.2577574684595068,0.04391938057624781,0.20956951251612865,22.768991431104414,0.5208333333333333,0.02722430555555555,0.16499789560947603,0.5208333333333333,0.02722430555555555,0.16499789560947603
5,1,2,010110100011000011000000110000,0.45600000000000007,0.24645066410303115,0.8495000004768372,10,"[1, 3, 4, 6, 10, 11, 16, 17, 24, 25]",10,"[1, 3, 4, 6, 10, 11, 16, 17, 24, 25]",0,[],0.24645066410303115,0.03994144819221659,0.19985356687389041,25.03664852580059,0.5439999999999999,0.018403999999999997,0.13566134305689295,0.5439999999999999,0.018403999999999997,0.13566134305689295
5,1,3,100100110010100000100000010111,0.510909090909091,0.352203811772845,0.5300000011920929,11,"[0, 3, 6, 7, 10, 12, 18, 25, 27, 28, 29]",11,"[0, 3, 6, 7, 10, 12, 18, 25, 27, 28, 29]",0,[],0.352203811772845,0.039460380130155265,0.19864636953681097,25.341874475147517,0.489090909090909,0.03673553719008265,0.19166516947552742,0.489090909090909,0.03673553719008265,0.19166516947552742
5,1,4,110100111000011000000001111101,0.5364285714285715,0.2870868681264775,0.5485000014305115,14,"[0, 1, 3, 6, 7, 8, 13, 14, 23, 24, 25, 26, 27, 29]",14,"[0, 1, 3, 6, 7, 8, 13, 14, 23, 24, 25, 26, 27, 29]",0,[],0.2870868681264775,0.05274428951195936,0.2296612494783553,18.95939843446479,0.4635714285714285,0.033194387755102035,0.1821932703342855,0.4635714285714285,0.033194387755102035,0.1821932703342855
5,1,5,000011110100111101101011011000,0.505,0.2937733940780163,0.6475000083446503,16,"[4, 5, 6, 7, 9, 12, 13, 14, 15, 17, 18, 20, 22, 23, 25, 26]",16,"[4, 5, 6, 7, 9, 12, 13, 14, 15, 17, 18, 20, 22, 23, 25, 26]",0,[],0.2937733940780163,0.064403535379157,0.2537785163861531,15.527097916485364,0.495,0.021174999999999996,0.14551632210855248,0.495,0.021174999999999996,0.14551632210855248
5,1,6,101100100000101011111000010100,0.4938461538461538,0.37578178025208986,0.5505000054836273,13,"[0, 2, 3, 6, 12, 14, 16, 17, 18, 19, 20, 25, 27]",13,"[0, 2, 3, 6, 12, 14, 16, 17, 18, 19, 20, 25, 27]",0,[],0.37578178025208986,0.06572882250095458,0.25637632983751557,15.214025779717522,0.5061538461538462,0.026085207100591708,0.16150915485071335,0.5061538461538462,0.026085207100591708,0.16150915485071335
5,1,7,111111101011110101010101000011,0.461578947368421,0.37411216450364965,0.574999988079071,19,"[0, 1, 2, 3, 4, 5, 6, 8, 10, 11, 12, 13, 15, 17, 19, 21, 23, 28, 29]",19,"[0, 1, 2, 3, 4, 5, 6, 8, 10, 11, 12, 13, 15, 17, 19, 21, 23, 28, 29]",0,[],0.37411216450364965,0.07015704279904644,0.26487174783099543,14.2537364760989,0.538421052631579,0.029518559556786703,0.1718096608365976,0.538421052631579,0.029518559556786703,0.1718096608365976
5,1,8,011101010000000111110100000111,0.49357142857142855,0.35146147198975086,0.6110000014305115,14,"[1, 2, 3, 5, 7, 15, 16, 17, 18, 19, 21, 27, 28, 29]",14,"[1, 2, 3, 5, 7, 15, 16, 17, 18, 19, 21, 27, 28, 29]",0,[],0.35146147198975086,0.059441855684182324,0.2438070049940779,16.823162542452444,0.5064285714285715,0.029822959183673465,0.17269325170276187,0.5064285714285715,0.029822959183673465,0.17269325170276187
5,1,9,110010101010111100000001011111,0.49812499999999993,0.3066601634491235,0.578000009059906,16,"[0, 1, 4, 6, 8, 10, 12, 13, 14, 15, 23, 25, 26, 27, 28, 29]",16,"[0, 1, 4, 6, 8, 10, 12, 13, 14, 15, 23, 25, 26, 27, 28, 29]",0,[],0.3066601634491235,0.05404989664046133,0.23248633645971828,18.50142298424689,0.5018750000000001,0.028590234374999995,0.16908647011218844,0.5018750000000001,0.028590234374999995,0.16908647011218844
5,1,10,110101110001011111000011001111,0.5177777777777778,0.28048365501066047,0.6439999938011169,18,"[0, 1, 3, 5, 6, 7, 11, 13, 14, 15, 16, 17, 22, 23, 26, 27, 28, 29]",18,"[0, 1, 3, 5, 6, 7, 11, 13, 14, 15, 16, 17, 22, 23, 26, 27, 28, 29]",0,[],0.28048365501066047,0.049245009965618536,0.2219121672320347,20.306626005318538,0.4822222222222222,0.02841728395061728,0.16857426835260855,0.4822222222222222,0.02841728395061728,0.16857426835260855
5,2,0,110001001000101101111011110100,0.47750000000000004,0.39833529479801655,0.5485000014305115,16,"[0, 1, 5, 8, 12, 14, 15, 17, 18, 19, 20, 22, 23, 24, 25, 27]",16,"[0, 1, 5, 8, 12, 14, 15, 17, 18, 19, 20, 22, 23, 24, 25, 27]",0,[],0.39833529479801655,0.08212255707307982,0.28657033529847403,12.176922341934784,0.5225,0.028168749999999996,0.1678354849249705,0.5225,0.028168749999999996,0.1678354849249705
5,2,1,110110000001101101000001101000,0.47916666666666674,0.2577574684595068,0.6489999890327454,12,"[0, 1, 3, 4, 11, 12, 14, 15, 17, 23, 24, 26]",12,"[0, 1, 3, 4, 11, 12, 14, 15, 17, 23, 24, 26]",0,[],0.2577574684595068,0.04391938057624781,0.20956951251612865,22.768991431104414,0.5208333333333333,0.02722430555555555,0.16499789560947603,0.5208333333333333,0.02722430555555555,0.16499789560947603
5,2,2,010110100011000011000000110000,0.45600000000000007,0.24645066410303115,0.8495000004768372,10,"[1, 3, 4, 6, 10, 11, 16, 17, 24, 25]",10,"[1, 3, 4, 6, 10, 11, 16, 17, 24, 25]",0,[],0.24645066410303115,0.03994144819221659,0.19985356687389041,25.03664852580059,0.5439999999999999,0.018403999999999997,0.13566134305689295,0.5439999999999999,0.018403999999999997,0.13566134305689295
5,2,3,100100110010100000100000010111,0.510909090909091,0.352203811772845,0.5300000011920929,11,"[0, 3, 6, 7, 10, 12, 18, 25, 27, 28, 29]",11,"[0, 3, 6, 7, 10, 12, 18, 25, 27, 28, 29]",0,[],0.352203811772845,0.039460380130155265,0.19864636953681097,25.341874475147517,0.489090909090909,0.03673553719008265,0.19166516947552742,0.489090909090909,0.03673553719008265,0.19166516947552742
5,2,4,110100111000011000000001111101,0.5364285714285715,0.2870868681264775,0.5485000014305115,14,"[0, 1, 3, 6, 7, 8, 13, 14, 23, 24, 25, 26, 27, 29]",14,"[0, 1, 3, 6, 7, 8, 13, 14, 23, 24, 25, 26, 27, 29]",0,[],0.2870868681264775,0.05274428951195936,0.2296612494783553,18.95939843446479,0.4635714285714285,0.033194387755102035,0.1821932703342855,0.4635714285714285,0.033194387755102035,0.1821932703342855
5,2,5,000011110100111101101011011000,0.505,0.2937733940780163,0.6475000083446503,16,"[4, 5, 6, 7, 9, 12, 13, 14, 15, 17, 18, 20, 22, 23, 25, 26]",16,"[4, 5, 6, 7, 9, 12, 13, 14, 15, 17, 18, 20, 22, 23, 25, 26]",0,[],0.2937733940780163,0.064403535379157,0.2537785163861531,15.527097916485364,0.495,0.021174999999999996,0.14551632210855248,0.495,0.021174999999999996,0.14551632210855248
5,2,6,101100100000101011111000010100,0.4938461538461538,0.37578178025208986,0.5505000054836273,13,"[0, 2, 3, 6, 12, 14, 16, 17, 18, 19, 20, 25, 27]",13,"[0, 2, 3, 6, 12, 14, 16, 17, 18, 19, 20, 25, 27]",0,[],0.37578178025208986,0.06572882250095458,0.25637632983751557,15.214025779717522,0.5061538461538462,0.026085207100591708,0.16150915485071335,0.5061538461538462,0.026085207100591708,0.16150915485071335
5,2,7,111111101011110101010101000011,0.461578947368421,0.37411216450364965,0.574999988079071,19,"[0, 1, 2, 3, 4, 5, 6, 8, 10, 11, 12, 13, 15, 17, 19, 21, 23, 28, 29]",19,"[0, 1, 2, 3, 4, 5, 6, 8, 10, 11, 12, 13, 15, 17, 19, 21, 23, 28, 29]",0,[],0.37411216450364965,0.07015704279904644,0.26487174783099543,14.2537364760989,0.538421052631579,0.029518559556786703,0.1718096608365976,0.538421052631579,0.029518559556786703,0.1718096608365976
5,2,8,011101010000000111110100000111,0.49357142857142855,0.35146147198975086,0.6110000014305115,14,"[1, 2, 3, 5, 7, 15, 16, 17, 18, 19, 21, 27, 28, 29]",14,"[1, 2, 3, 5, 7, 15, 16, 17, 18, 19, 21, 27, 28, 29]",0,[],0.35146147198975086,0.059441855684182324,0.2438070049940779,16.823162542452444,0.5064285714285715,0.029822959183673465,0.17269325170276187,0.5064285714285715,0.029822959183673465,0.17269325170276187
5,2,9,110010101010111100000001011111,0.49812499999999993,0.3066601634491235,0.578000009059906,16,"[0, 1, 4, 6, 8, 10, 12, 13, 14, 15, 23, 25, 26, 27, 28, 29]",16,"[0, 1, 4, 6, 8, 10, 12, 13, 14, 15, 23, 25, 26, 27, 28, 29]",0,[],0.3066601634491235,0.05404989664046133,0.23248633645971828,18.50142298424689,0.5018750000000001,0.028590234374999995,0.16908647011218844,0.5018750000000001,0.028590234374999995,0.16908647011218844
5,2,10,110101110001011111000011001111,0.5177777777777778,0.28048365501066047,0.6439999938011169,18,"[0, 1, 3, 5, 6, 7, 11, 13, 14, 15, 16, 17, 22, 23, 26, 27, 28, 29]",18,"[0, 1, 3, 5, 6, 7, 11, 13, 14, 15, 16, 17, 22, 23, 26, 27, 28, 29]",0,[],0.28048365501066047,0.049245009965618536,0.2219121672320347,20.306626005318538,0.4822222222222222,0.02841728395061728,0.16857426835260855,0.4822222222222222,0.02841728395061728,0.16857426835260855
5,2,11,011101010010000011110100000111,0.48142857142857143,0.36251132163618294,0.5694999992847443,14,"[1, 2, 3, 5, 7, 10, 16, 17, 18, 19, 21, 27, 28, 29]",14,"[1, 2, 3, 5, 7, 10, 16, 17, 18, 19, 21, 27, 28, 29]",0,[],0.36251132163618294,0.059749936979445924,0.24443800232256424,16.73641932616601,0.5185714285714286,0.029155102040816318,0.17074865165153227,0.5185714285714286,0.029155102040816318,0.17074865165153227
5,2,12,110100111000011111000011001111,0.53,0.2587241129401852,0.6344999969005585,17,"[0, 1, 3, 6, 7, 8, 13, 14, 15, 16, 17, 22, 23, 26, 27, 28, 29]",17,"[0, 1, 3, 6, 7, 8, 13, 14, 15, 16, 17, 22, 23, 26, 27, 28, 29]",0,[],0.2587241129401852,0.041622625164941696,0.20401623750314996,24.025394747140783,0.47,0.027411764705882347,0.16556498635243608,0.47,0.027411764705882347,0.16556498635243608
5,2,13,110001001010100000100011110100,0.4558333333333334,0.4142751405015588,0.6064999997615814,12,"[0, 1, 5, 8, 10, 12, 18, 22, 23, 24, 25, 27]",12,"[0, 1, 5, 8, 10, 12, 18, 22, 23, 24, 25, 27]",0,[],0.4142751405015588,0.07015749062742693,0.26487259319798817,14.253645491833858,0.5441666666666666,0.033407638888888876,0.1827775667003171,0.5441666666666666,0.033407638888888876,0.1827775667003171
5,2,14,010110100011000111000000110000,0.4690909090909092,0.2507349645549601,0.7759999930858612,11,"[1, 3, 4, 6, 10, 11, 15, 16, 17, 24, 25]",11,"[1, 3, 4, 6, 10, 11, 15, 16, 17, 24, 25]",0,[],0.2507349645549601,0.036493959751093624,0.19103392303748992,27.401794894839625,0.5309090909090908,0.018444628099173552,0.1358110013922788,0.5309090909090908,0.018444628099173552,0.1358110013922788
5,2,15,110010101010111100000001011011,0.5106666666666667,0.2922959161301454,0.573500007390976,15,"[0, 1, 4, 6, 8, 10, 12, 13, 14, 15, 23, 25, 26, 28, 29]",15,"[0, 1, 4, 6, 8, 10, 12, 13, 14, 15, 23, 25, 26, 28, 29]",0,[],0.2922959161301454,0.05435191746650644,0.2331349769264716,18.398614926809806,0.4893333333333333,0.02797955555555555,0.16727090468923622,0.4893333333333333,0.02797955555555555,0.16727090468923622
5,2,16,110100111010001100011001100110,0.4953333333333334,0.3660342238843441,0.5415000021457672,15,"[0, 1, 3, 6, 7, 8, 10, 14, 15, 19, 20, 23, 24, 27, 28]",15,"[0, 1, 3, 6, 7, 8, 10, 14, 15, 19, 20, 23, 24, 27, 28]",0,[],0.3660342238843441,0.062238743039664514,0.24947693889348674,16.067162528695413,0.5046666666666666,0.025904888888888884,0.16094995771633144,0.5046666666666666,0.025904888888888884,0.16094995771633144
5,2,17,100101101000001000100000010111,0.4872727272727274,0.38364021480083466,0.5424999892711639,11,"[0, 3, 5, 6, 8, 14, 18, 25, 27, 28, 29]",11,"[0, 3, 5, 6, 8, 14, 18, 25, 27, 28, 29]",0,[],0.38364021480083466,0.0790954262269362,0.2812390908585366,12.642956081061572,0.5127272727272726,0.0334198347107438,0.18281092612517394,0.5127272727272726,0.0334198347107438,0.18281092612517394
5,2,18,110110000001101101000001001000,0.4600000000000001,0.26720395108515566,0.6480000019073486,11,"[0, 1, 3, 4, 11, 12, 14, 15, 17, 23, 26]",11,"[0, 1, 3, 4, 11, 12, 14, 15, 17, 23, 26]",0,[],0.26720395108515566,0.04684121912976466,0.2164283233076592,21.34871847015106,0.5399999999999999,0.025290909090909083,0.15903115761041633,0.5399999999999999,0.025290909090909083,0.15903115761041633
5,3,0,110110000001101101000001101000,0.47916666666666674,0.2577574684595068,0.6489999890327454,12,"[0, 1, 3, 4, 11, 12, 14, 15, 17, 23, 24, 26]",12,"[0, 1, 3, 4, 11, 12, 14, 15, 17, 23, 24, 26]",0,[],0.2577574684595068,0.04391938057624781,0.20956951251612865,22.768991431104414,0.5208333333333333,0.02722430555555555,0.16499789560947603,0.5208333333333333,0.02722430555555555,0.16499789560947603
5,3,1,010110100011000011000000110000,0.45600000000000007,0.24645066410303115,0.8495000004768372,10,"[1, 3, 4, 6, 10, 11, 16, 17, 24, 25]",10,"[1, 3, 4, 6, 10, 11, 16, 17, 24, 25]",0,[],0.24645066410303115,0.03994144819221659,0.19985356687389041,25.03664852580059,0.5439999999999999,0.018403999999999997,0.13566134305689295,0.5439999999999999,0.018403999999999997,0.13566134305689295
5,3,2,100100110010100000100000010111,0.510909090909091,0.352203811772845,0.5300000011920929,11,"[0, 3, 6, 7, 10, 12, 18, 25, 27, 28, 29]",11,"[0, 3, 6, 7, 10, 12, 18, 25, 27, 28, 29]",0,[],0.352203811772845,0.039460380130155265,0.19864636953681097,25.341874475147517,0.489090909090909,0.03673553719008265,0.19166516947552742,0.489090909090909,0.03673553719008265,0.19166516947552742
5,3,3,110100111000011000000001111101,0.5364285714285715,0.2870868681264775,0.5485000014305115,14,"[0, 1, 3, 6, 7, 8, 13, 14, 23, 24, 25, 26, 27, 29]",14,"[0, 1, 3, 6, 7, 8, 13, 14, 23, 24, 25, 26, 27, 29]",0,[],0.2870868681264775,0.05274428951195936,0.2296612494783553,18.95939843446479,0.4635714285714285,0.033194387755102035,0.1821932703342855,0.4635714285714285,0.033194387755102035,0.1821932703342855
5,3,4,111111101011110101010101000011,0.461578947368421,0.37411216450364965,0.574999988079071,19,"[0, 1, 2, 3, 4, 5, 6, 8, 10, 11, 12, 13, 15, 17, 19, 21, 23, 28, 29]",19,"[0, 1, 2, 3, 4, 5, 6, 8, 10, 11, 12, 13, 15, 17, 19, 21, 23, 28, 29]",0,[],0.37411216450364965,0.07015704279904644,0.26487174783099543,14.2537364760989,0.538421052631579,0.029518559556786703,0.1718096608365976,0.538421052631579,0.029518559556786703,0.1718096608365976
5,3,5,110010101010111100000001011111,0.49812499999999993,0.3066601634491235,0.578000009059906,16,"[0, 1, 4, 6, 8, 10, 12, 13, 14, 15, 23, 25, 26, 27, 28, 29]",16,"[0, 1, 4, 6, 8, 10, 12, 13, 14, 15, 23, 25, 26, 27, 28, 29]",0,[],0.3066601634491235,0.05404989664046133,0.23248633645971828,18.50142298424689,0.5018750000000001,0.028590234374999995,0.16908647011218844,0.5018750000000001,0.028590234374999995,0.16908647011218844
5,3,6,110101110001011111000011001111,0.5177777777777778,0.28048365501066047,0.6439999938011169,18,"[0, 1, 3, 5, 6, 7, 11, 13, 14, 15, 16, 17, 22, 23, 26, 27, 28, 29]",18,"[0, 1, 3, 5, 6, 7, 11, 13, 14, 15, 16, 17, 22, 23, 26, 27, 28, 29]",0,[],0.28048365501066047,0.049245009965618536,0.2219121672320347,20.306626005318538,0.4822222222222222,0.02841728395061728,0.16857426835260855,0.4822222222222222,0.02841728395061728,0.16857426835260855
5,3,7,110100111000011111000011001111,0.53,0.2587241129401852,0.6344999969005585,17,"[0, 1, 3, 6, 7, 8, 13, 14, 15, 16, 17, 22, 23, 26, 27, 28, 29]",17,"[0, 1, 3, 6, 7, 8, 13, 14, 15, 16, 17, 22, 23, 26, 27, 28, 29]",0,[],0.2587241129401852,0.041622625164941696,0.20401623750314996,24.025394747140783,0.47,0.027411764705882347,0.16556498635243608,0.47,0.027411764705882347,0.16556498635243608
5,3,8,110001001010100000100011110100,0.4558333333333334,0.4142751405015588,0.6064999997615814,12,"[0, 1, 5, 8, 10, 12, 18, 22, 23, 24, 25, 27]",12,"[0, 1, 5, 8, 10, 12, 18, 22, 23, 24, 25, 27]",0,[],0.4142751405015588,0.07015749062742693,0.26487259319798817,14.253645491833858,0.5441666666666666,0.033407638888888876,0.1827775667003171,0.5441666666666666,0.033407638888888876,0.1827775667003171
5,3,9,010110100011000111000000110000,0.4690909090909092,0.2507349645549601,0.7759999930858612,11,"[1, 3, 4, 6, 10, 11, 15, 16, 17, 24, 25]",11,"[1, 3, 4, 6, 10, 11, 15, 16, 17, 24, 25]",0,[],0.2507349645549601,0.036493959751093624,0.19103392303748992,27.401794894839625,0.5309090909090908,0.018444628099173552,0.1358110013922788,0.5309090909090908,0.018444628099173552,0.1358110013922788
5,3,10,110010101010111100000001011011,0.5106666666666667,0.2922959161301454,0.573500007390976,15,"[0, 1, 4, 6, 8, 10, 12, 13, 14, 15, 23, 25, 26, 28, 29]",15,"[0, 1, 4, 6, 8, 10, 12, 13, 14, 15, 23, 25, 26, 28, 29]",0,[],0.2922959161301454,0.05435191746650644,0.2331349769264716,18.398614926809806,0.4893333333333333,0.02797955555555555,0.16727090468923622,0.4893333333333333,0.02797955555555555,0.16727090468923622
5,3,11,110110000001101101000001001000,0.4600000000000001,0.26720395108515566,0.6480000019073486,11,"[0, 1, 3, 4, 11, 12, 14, 15, 17, 23, 26]",11,"[0, 1, 3, 4, 11, 12, 14, 15, 17, 23, 26]",0,[],0.26720395108515566,0.04684121912976466,0.2164283233076592,21.34871847015106,0.5399999999999999,0.025290909090909083,0.15903115761041633,0.5399999999999999,0.025290909090909083,0.15903115761041633
5,3,12,110100010000000110000001111001,0.5963636363636364,0.2833851230415431,0.5949999988079071,11,"[0, 1, 3, 7, 15, 16, 23, 24, 25, 26, 29]",11,"[0, 1, 3, 7, 15, 16, 23, 24, 25, 26, 29]",0,[],0.2833851230415431,0.027667668828784023,0.1663360118218061,36.143269105478495,0.40363636363636357,0.025604958677685943,0.16001549511746024,0.40363636363636357,0.025604958677685943,0.16001549511746024
5,3,13,110111101011010011010001000111,0.4641176470588234,0.3545830048182431,0.6040000021457672,17,"[0, 1, 3, 4, 5, 6, 8, 10, 11, 13, 16, 17, 19, 23, 27, 28, 29]",17,"[0, 1, 3, 4, 5, 6, 8, 10, 11, 13, 16, 17, 19, 23, 27, 28, 29]",0,[],0.3545830048182431,0.07392786076923975,0.27189678330064837,13.526700077544847,0.5358823529411766,0.02641245674740484,0.16251909656223432,0.5358823529411766,0.02641245674740484,0.16251909656223432
5,3,14,110000010111111100011000110111,0.5452941176470589,0.3933606303351767,0.5060000121593475,17,"[0, 1, 7, 9, 10, 11, 12, 13, 14, 15, 19, 20, 24, 25, 27, 28, 29]",17,"[0, 1, 7, 9, 10, 11, 12, 13, 14, 15, 19, 20, 24, 25, 27, 28, 29]",0,[],0.3933606303351767,0.05080398846629105,0.22539740119684398,19.683493957635037,0.4547058823529411,0.030071972318339097,0.17341272248119252,0.4547058823529411,0.030071972318339097,0.17341272248119252
5,3,15,110001001000100000100011110100,0.45818181818181825,0.4111841656267643,0.5665000081062317,11,"[0, 1, 5, 8, 12, 18, 22, 23, 24, 25, 27]",11,"[0, 1, 5, 8, 12, 18, 22, 23, 24, 25, 27]",0,[],0.4111841656267643,0.07642079481271004,0.2764431131584038,13.085443594911204,0.5418181818181818,0.03637851239669421,0.19073151914849892,0.5418181818181818,0.03637851239669421,0.19073151914849892
5,3,16,110001001000111100000101110100,0.46615384615384614,0.4104911166314895,0.539000004529953,13,"[0, 1, 5, 8, 12, 13, 14, 15, 21, 23, 24, 25, 27]",13,"[0, 1, 5, 8, 12, 13, 14, 15, 21, 23, 24, 25, 27]",0,[],0.4104911166314895,0.07346113186194918,0.27103714111159966,13.61264078913508,0.5338461538461539,0.03491597633136093,0.18685817170078736,0.5338461538461539,0.03491597633136093,0.18685817170078736
5,3,17,010110101011000011000000010000,0.41600000000000004,0.3071426033973694,0.6699999868869781,10,"[1, 3, 4, 6, 8, 10, 11, 16, 17, 25]",10,"[1, 3, 4, 6, 8, 10, 11, 16, 17, 25]",0,[],0.3071426033973694,0.061852357715877895,0.24870134240867678,16.167532442232087,0.584,0.014083999999999996,0.11867602959317436,0.584,0.014083999999999996,0.11867602959317436
5,3,18,100100110010100000100000010110,0.4840000000000001,0.36977713368833065,0.5169999897480011,10,"[0, 3, 6, 7, 10, 12, 18, 25, 27, 28]",10,"[0, 3, 6, 7, 10, 12, 18, 25, 27, 28]",0,[],0.36977713368833065,0.04000938006857263,0.20002344879681638,24.994138831596143,0.5159999999999999,0.032443999999999994,0.18012218075517517,0.5159999999999999,0.032443999999999994,0.18012218075517517
5,3,19,011101111000011001110100010101,0.47812500000000013,0.3479578192345798,0.5320000052452087,16,"[1, 2, 3, 5, 6, 7, 8, 13, 14, 17, 18, 19, 21, 25, 27, 29]",16,"[1, 2, 3, 5, 6, 7, 8, 13, 14, 17, 18, 19, 21, 25, 27, 29]",0,[],0.3479578192345798,0.07981940693605635,0.2825232856528048,12.528281509296404,0.5218749999999999,0.030865234374999995,0.17568504311693695,0.5218749999999999,0.030865234374999995,0.17568504311693695
5,3,20,111110000001100101101001001001,0.4821428571428572,0.3015078335468258,0.6220000088214874,14,"[0, 1, 2, 3, 4, 11, 12, 15, 17, 18, 20, 23, 26, 29]",14,"[0, 1, 2, 3, 4, 11, 12, 15, 17, 18, 20, 23, 26, 29]",0,[],0.3015078335468258,0.05088800886903396,0.22558370701146385,19.650994845831224,0.5178571428571428,0.03024540816326531,0.17391207020579483,0.5178571428571428,0.03024540816326531,0.17391207020579483
5,3,21,110100111000011101000011001111,0.525,0.25796728604473174,0.6355000138282776,16,"[0, 1, 3, 6, 7, 8, 13, 14, 15, 17, 22, 23, 26, 27, 28, 29]",16,"[0, 1, 3, 6, 7, 8, 13, 14, 15, 17, 22, 23, 26, 27, 28, 29]",0,[],0.25796728604473174,0.04421430185960597,0.21027197116973523,22.617116135301835,0.475,0.028699999999999996,0.16941074346097415,0.475,0.028699999999999996,0.16941074346097415
5,3,22,100100110010100000100101010010,0.4727272727272728,0.3619721122086048,0.5410000085830688,11,"[0, 3, 6, 7, 10, 12, 18, 21, 23, 25, 28]",11,"[0, 3, 6, 7, 10, 12, 18, 21, 23, 25, 28]",0,[],0.3619721122086048,0.0431383134557607,0.20769764913392905,23.181249332464567,0.5272727272727272,0.031674380165289256,0.17797297594098171,0.5272727272727272,0.031674380165289256,0.17797297594098171
5,3,23,110110000011101101000001001000,0.4575,0.28229327717175084,0.6410000026226044,12,"[0, 1, 3, 4, 10, 11, 12, 14, 15, 17, 23, 26]",12,"[0, 1, 3, 4, 10, 11, 12, 14, 15, 17, 23, 26]",0,[],0.28229327717175084,0.04544234958150791,0.21317211257926752,22.005904386751496,0.5425,0.023252083333333326,0.15248633818586282,0.5425,0.023252083333333326,0.15248633818586282
5,3,24,110010101010000011000101011111,0.4806666666666667,0.32317687273025514,0.5719999969005585,15,"[0, 1, 4, 6, 8, 10, 16, 17, 21, 23, 25, 26, 27, 28, 29]",15,"[0, 1, 4, 6, 8, 10, 16, 17, 21, 23, 25, 26, 27, 28, 29]",0,[],0.32317687273025514,0.05714436927338496,0.23904888469387378,17.49953692227995,0.5193333333333333,0.028912888888888884,0.17003790427104448,0.5193333333333333,0.028912888888888884,0.17003790427104448
5,3,25,010110100000000111000000110000,0.49222222222222234,0.19396735065513188,0.8355000019073486,9,"[1, 3, 4, 6, 15, 16, 17, 24, 25]",9,"[1, 3, 4, 6, 15, 16, 17, 24, 25]",0,[],0.19396735065513188,0.02613431373763229,0.16166110768404468,38.26387063533422,0.5077777777777777,0.018661728395061725,0.1366079367938105,0.5077777777777777,0.018661728395061725,0.1366079367938105
5,4,0,010110100011000011000000110000,0.45600000000000007,0.24645066410303115,0.8495000004768372,10,"[1, 3, 4, 6, 10, 11, 16, 17, 24, 25]",10,"[1, 3, 4, 6, 10, 11, 16, 17, 24, 25]",0,[],0.24645066410303115,0.03994144819221659,0.19985356687389041,25.03664852580059,0.5439999999999999,0.018403999999999997,0.13566134305689295,0.5439999999999999,0.018403999999999997,0.13566134305689295
5,4,1,110001001010100000100011110100,0.4558333333333334,0.4142751405015588,0.6064999997615814,12,"[0, 1, 5, 8, 10, 12, 18, 22, 23, 24, 25, 27]",12,"[0, 1, 5, 8, 10, 12, 18, 22, 23, 24, 25, 27]",0,[],0.4142751405015588,0.07015749062742693,0.26487259319798817,14.253645491833858,0.5441666666666666,0.033407638888888876,0.1827775667003171,0.5441666666666666,0.033407638888888876,0.1827775667003171
5,4,2,100100010010101011111000010111,0.5246666666666667,0.377653277417024,0.4819999933242798,15,"[0, 3, 7, 10, 12, 14, 16, 17, 18, 19, 20, 25, 27, 28, 29]",15,"[0, 3, 7, 10, 12, 14, 16, 17, 18, 19, 20, 25, 27, 28, 29]",0,[],0.377653277417024,0.05315464041309033,0.230552901549927,18.813032921086815,0.4753333333333333,0.027878222222222217,0.16696772808606525,0.4753333333333333,0.027878222222222217,0.16696772808606525
5,4,3,010110101011001000001000010000,0.41100000000000014,0.3512821335345507,0.6344999969005585,10,"[1, 3, 4, 6, 8, 10, 11, 14, 20, 25]",10,"[1, 3, 4, 6, 8, 10, 11, 14, 20, 25]",0,[],0.3512821335345507,0.07485508126213805,0.27359656661248155,13.359146542077209,0.5889999999999999,0.012669,0.11255665240224587,0.5889999999999999,0.012669,0.11255665240224587
5,4,4,110100010000000110000001111001,0.5963636363636364,0.2833851230415431,0.5949999988079071,11,"[0, 1, 3, 7, 15, 16, 23, 24, 25, 26, 29]",11,"[0, 1, 3, 7, 15, 16, 23, 24, 25, 26, 29]",0,[],0.2833851230415431,0.027667668828784023,0.1663360118218061,36.143269105478495,0.40363636363636357,0.025604958677685943,0.16001549511746024,0.40363636363636357,0.025604958677685943,0.16001549511746024
5,4,5,010110100000000111000000110000,0.49222222222222234,0.19396735065513188,0.8355000019073486,9,"[1, 3, 4, 6, 15, 16, 17, 24, 25]",9,"[1, 3, 4, 6, 15, 16, 17, 24, 25]",0,[],0.19396735065513188,0.02613431373763229,0.16166110768404468,38.26387063533422,0.5077777777777777,0.018661728395061725,0.1366079367938105,0.5077777777777777,0.018661728395061725,0.1366079367938105
5,4,6,010110100011000111000000110000,0.4690909090909092,0.2507349645549601,0.7759999930858612,11,"[1, 3, 4, 6, 10, 11, 15, 16, 17, 24, 25]",11,"[1, 3, 4, 6, 10, 11, 15, 16, 17, 24, 25]",0,[],0.2507349645549601,0.036493959751093624,0.19103392303748992,27.401794894839625,0.5309090909090908,0.018444628099173552,0.1358110013922788,0.5309090909090908,0.018444628099173552,0.1358110013922788
5,4,7,010110101011000011000000010000,0.41600000000000004,0.3071426033973694,0.6699999868869781,10,"[1, 3, 4, 6, 8, 10, 11, 16, 17, 25]",10,"[1, 3, 4, 6, 8, 10, 11, 16, 17, 25]",0,[],0.3071426033973694,0.061852357715877895,0.24870134240867678,16.167532442232087,0.584,0.014083999999999996,0.11867602959317436,0.584,0.014083999999999996,0.11867602959317436
5,4,8,010110100011001111000000110000,0.47750000000000004,0.23447001383950314,0.8120000064373016,12,"[1, 3, 4, 6, 10, 11, 14, 15, 16, 17, 24, 25]",12,"[1, 3, 4, 6, 10, 11, 14, 15, 16, 17, 24, 25]",0,[],0.23447001383950314,0.03636283127804116,0.1906904068851948,27.500608859461433,0.5225,0.017685416666666665,0.13298652813975806,0.5225,0.017685416666666665,0.13298652813975806
5,4,9,010110101011000000000000110000,0.4244444444444445,0.32322047816382515,0.6545000076293945,9,"[1, 3, 4, 6, 8, 10, 11, 24, 25]",9,"[1, 3, 4, 6, 8, 10, 11, 24, 25]",0,[],0.32322047816382515,0.06332198811127858,0.25163860616224726,15.792302639687417,0.5755555555555555,0.0197358024691358,0.14048417159643217,0.5755555555555555,0.0197358024691358,0.14048417159643217
5,4,10,100100111000011011000001111101,0.5493333333333335,0.2855248309671879,0.5399999916553497,15,"[0, 3, 6, 7, 8, 13, 14, 16, 17, 23, 24, 25, 26, 27, 29]",15,"[0, 3, 6, 7, 8, 13, 14, 16, 17, 23, 24, 25, 26, 27, 29]",0,[],0.2855248309671879,0.049470968473430924,0.22242070153974186,20.213875548789066,0.4506666666666666,0.02835288888888889,0.16838316094220612,0.4506666666666666,0.02835288888888889,0.16838316094220612
5,4,11,100100110010100000100000010110,0.4840000000000001,0.36977713368833065,0.5169999897480011,10,"[0, 3, 6, 7, 10, 12, 18, 25, 27, 28]",10,"[0, 3, 6, 7, 10, 12, 18, 25, 27, 28]",0,[],0.36977713368833065,0.04000938006857263,0.20002344879681638,24.994138831596143,0.5159999999999999,0.032443999999999994,0.18012218075517517,0.5159999999999999,0.032443999999999994,0.18012218075517517
5,4,12,110001001000111100000101110100,0.46615384615384614,0.4104911166314895,0.539000004529953,13,"[0, 1, 5, 8, 12, 13, 14, 15, 21, 23, 24, 25, 27]",13,"[0, 1, 5, 8, 12, 13, 14, 15, 21, 23, 24, 25, 27]",0,[],0.4104911166314895,0.07346113186194918,0.27103714111159966,13.61264078913508,0.5338461538461539,0.03491597633136093,0.18685817170078736,0.5338461538461539,0.03491597633136093,0.18685817170078736
5,4,13,110100111000011000000001111101,0.5364285714285715,0.2870868681264775,0.5485000014305115,14,"[0, 1, 3, 6, 7, 8, 13, 14, 23, 24, 25, 26, 27, 29]",14,"[0, 1, 3, 6, 7, 8, 13, 14, 23, 24, 25, 26, 27, 29]",0,[],0.2870868681264775,0.05274428951195936,0.2296612494783553,18.95939843446479,0.4635714285714285,0.033194387755102035,0.1821932703342855,0.4635714285714285,0.033194387755102035,0.1821932703342855
5,4,14,011101111000011001110100010101,0.47812500000000013,0.3479578192345798,0.5320000052452087,16,"[1, 2, 3, 5, 6, 7, 8, 13, 14, 17, 18, 19, 21, 25, 27, 29]",16,"[1, 2, 3, 5, 6, 7, 8, 13, 14, 17, 18, 19, 21, 25, 27, 29]",0,[],0.3479578192345798,0.07981940693605635,0.2825232856528048,12.528281509296404,0.5218749999999999,0.030865234374999995,0.17568504311693695,0.5218749999999999,0.030865234374999995,0.17568504311693695
5,4,15,110110101010111100000001011011,0.5018750000000001,0.29188456502743065,0.5719999969005585,16,"[0, 1, 3, 4, 6, 8, 10, 12, 13, 14, 15, 23, 25, 26, 28, 29]",16,"[0, 1, 3, 4, 6, 8, 10, 12, 13, 14, 15, 23, 25, 26, 28, 29]",0,[],0.29188456502743065,0.050957460770795354,0.22573759272836094,19.62421174198535,0.498125,0.027390234374999996,0.16549995279455518,0.498125,0.027390234374999996,0.16549995279455518
5,4,16,110101110001011111000011001111,0.5177777777777778,0.28048365501066047,0.6439999938011169,18,"[0, 1, 3, 5, 6, 7, 11, 13, 14, 15, 16, 17, 22, 23, 26, 27, 28, 29]",18,"[0, 1, 3, 5, 6, 7, 11, 13, 14, 15, 16, 17, 22, 23, 26, 27, 28, 29]",0,[],0.28048365501066047,0.049245009965618536,0.2219121672320347,20.306626005318538,0.4822222222222222,0.02841728395061728,0.16857426835260855,0.4822222222222222,0.02841728395061728,0.16857426835260855
5,4,17,110100111000011111000011001111,0.53,0.2587241129401852,0.6344999969005585,17,"[0, 1, 3, 6, 7, 8, 13, 14, 15, 16, 17, 22, 23, 26, 27, 28, 29]",17,"[0, 1, 3, 6, 7, 8, 13, 14, 15, 16, 17, 22, 23, 26, 27, 28, 29]",0,[],0.2587241129401852,0.041622625164941696,0.20401623750314996,24.025394747140783,0.47,0.027411764705882347,0.16556498635243608,0.47,0.027411764705882347,0.16556498635243608
5,4,18,110110000001101101000001001000,0.4600000000000001,0.26720395108515566,0.6480000019073486,11,"[0, 1, 3, 4, 11, 12, 14, 15, 17, 23, 26]",11,"[0, 1, 3, 4, 11, 12, 14, 15, 17, 23, 26]",0,[],0.26720395108515566,0.04684121912976466,0.2164283233076592,21.34871847015106,0.5399999999999999,0.025290909090909083,0.15903115761041633,0.5399999999999999,0.025290909090909083,0.15903115761041633
5,4,19,111110000001100101101001001001,0.4821428571428572,0.3015078335468258,0.6220000088214874,14,"[0, 1, 2, 3, 4, 11, 12, 15, 17, 18, 20, 23, 26, 29]",14,"[0, 1, 2, 3, 4, 11, 12, 15, 17, 18, 20, 23, 26, 29]",0,[],0.3015078335468258,0.05088800886903396,0.22558370701146385,19.650994845831224,0.5178571428571428,0.03024540816326531,0.17391207020579483,0.5178571428571428,0.03024540816326531,0.17391207020579483
5,4,20,100100110010100000100101010010,0.4727272727272728,0.3619721122086048,0.5410000085830688,11,"[0, 3, 6, 7, 10, 12, 18, 21, 23, 25, 28]",11,"[0, 3, 6, 7, 10, 12, 18, 21, 23, 25, 28]",0,[],0.3619721122086048,0.0431383134557607,0.20769764913392905,23.181249332464567,0.5272727272727272,0.031674380165289256,0.17797297594098171,0.5272727272727272,0.031674380165289256,0.17797297594098171
5,4,21,110010101010111100000001011111,0.49812499999999993,0.3066601634491235,0.578000009059906,16,"[0, 1, 4, 6, 8, 10, 12, 13, 14, 15, 23, 25, 26, 27, 28, 29]",16,"[0, 1, 4, 6, 8, 10, 12, 13, 14, 15, 23, 25, 26, 27, 28, 29]",0,[],0.3066601634491235,0.05404989664046133,0.23248633645971828,18.50142298424689,0.5018750000000001,0.028590234374999995,0.16908647011218844,0.5018750000000001,0.028590234374999995,0.16908647011218844
5,4,22,100100110010000011000101110010,0.5241666666666667,0.31963555949429673,0.5604999959468842,12,"[0, 3, 6, 7, 10, 16, 17, 21, 23, 24, 25, 28]",12,"[0, 3, 6, 7, 10, 16, 17, 21, 23, 24, 25, 28]",0,[],0.31963555949429673,0.039561395929897235,0.19890046739486872,25.277166704936278,0.4758333333333333,0.027274305555555555,0.16514934318838678,0.4758333333333333,0.027274305555555555,0.16514934318838678
5,4,23,100100110010100000100000010111,0.510909090909091,0.352203811772845,0.5300000011920929,11,"[0, 3, 6, 7, 10, 12, 18, 25, 27, 28, 29]",11,"[0, 3, 6, 7, 10, 12, 18, 25, 27, 28, 29]",0,[],0.352203811772845,0.039460380130155265,0.19864636953681097,25.341874475147517,0.489090909090909,0.03673553719008265,0.19166516947552742,0.489090909090909,0.03673553719008265,0.19166516947552742
5,4,24,110111101011010011010001000111,0.4641176470588234,0.3545830048182431,0.6040000021457672,17,"[0, 1, 3, 4, 5, 6, 8, 10, 11, 13, 16, 17, 19, 23, 27, 28, 29]",17,"[0, 1, 3, 4, 5, 6, 8, 10, 11, 13, 16, 17, 19, 23, 27, 28, 29]",0,[],0.3545830048182431,0.07392786076923975,0.27189678330064837,13.526700077544847,0.5358823529411766,0.02641245674740484,0.16251909656223432,0.5358823529411766,0.02641245674740484,0.16251909656223432
5,4,25,110111101011010011000011001111,0.4755555555555556,0.3142383181386524,0.6365000009536743,18,"[0, 1, 3, 4, 5, 6, 8, 10, 11, 13, 16, 17, 22, 23, 26, 27, 28, 29]",18,"[0, 1, 3, 4, 5, 6, 8, 10, 11, 13, 16, 17, 22, 23, 26, 27, 28, 29]",0,[],0.3142383181386524,0.06232010912535329,0.2496399589916512,16.046184996058944,0.5244444444444444,0.027102469135802464,0.1646282756266446,0.5244444444444444,0.027102469135802464,0.1646282756266446
5,4,26,110100010111110011000000110110,0.514,0.35385186423858006,0.5250000059604645,15,"[0, 1, 3, 7, 9, 10, 11, 12, 13, 16, 17, 24, 25, 27, 28]",15,"[0, 1, 3, 7, 9, 10, 11, 12, 13, 16, 17, 24, 25, 27, 28]",0,[],0.35385186423858006,0.03944377779557843,0.19860457647188906,25.35254115826852,0.486,0.031144,0.17647662734764624,0.486,0.031144,0.17647662734764624
5,4,27,111111101011110101010101000011,0.461578947368421,0.37411216450364965,0.574999988079071,19,"[0, 1, 2, 3, 4, 5, 6, 8, 10, 11, 12, 13, 15, 17, 19, 21, 23, 28, 29]",19,"[0, 1, 2, 3, 4, 5, 6, 8, 10, 11, 12, 13, 15, 17, 19, 21, 23, 28, 29]",0,[],0.37411216450364965,0.07015704279904644,0.26487174783099543,14.2537364760989,0.538421052631579,0.029518559556786703,0.1718096608365976,0.538421052631579,0.029518559556786703,0.1718096608365976
5,4,28,100100110000100000100001010100,0.47444444444444445,0.35036877749694717,0.6195000112056732,9,"[0, 3, 6, 7, 12, 18, 23, 25, 27]",9,"[0, 3, 6, 7, 12, 18, 23, 25, 27]",0,[],0.35036877749694717,0.04634004468037403,0.2152673795083083,21.579608023630602,0.5255555555555556,0.03575802469135802,0.18909792355115382,0.5255555555555556,0.03575802469135802,0.18909792355115382
5,4,29,110110000001101101000001101000,0.47916666666666674,0.2577574684595068,0.6489999890327454,12,"[0, 1, 3, 4, 11, 12, 14, 15, 17, 23, 24, 26]",12,"[0, 1, 3, 4, 11, 12, 14, 15, 17, 23, 24, 26]",0,[],0.2577574684595068,0.04391938057624781,0.20956951251612865,22.768991431104414,0.5208333333333333,0.02722430555555555,0.16499789560947603,0.5208333333333333,0.02722430555555555,0.16499789560947603
5,5,0,010110100000000111000000110000,0.49222222222222234,0.19396735065513188,0.8355000019073486,9,"[1, 3, 4, 6, 15, 16, 17, 24, 25]",9,"[1, 3, 4, 6, 15, 16, 17, 24, 25]",0,[],0.19396735065513188,0.02613431373763229,0.16166110768404468,38.26387063533422,0.5077777777777777,0.018661728395061725,0.1366079367938105,0.5077777777777777,0.018661728395061725,0.1366079367938105
5,5,1,010110001000100001001000010000,0.39,0.3763352343812585,0.6029999852180481,8,"[1, 3, 4, 8, 12, 17, 20, 25]",8,"[1, 3, 4, 8, 12, 17, 20, 25]",0,[],0.3763352343812585,0.079828831685028,0.28253996475724985,12.526802395725795,0.61,0.013575,0.11651180197731044,0.61,0.013575,0.11651180197731044
5,5,2,100100111000011011000001111101,0.5493333333333335,0.2855248309671879,0.5399999916553497,15,"[0, 3, 6, 7, 8, 13, 14, 16, 17, 23, 24, 25, 26, 27, 29]",15,"[0, 3, 6, 7, 8, 13, 14, 16, 17, 23, 24, 25, 26, 27, 29]",0,[],0.2855248309671879,0.049470968473430924,0.22242070153974186,20.213875548789066,0.4506666666666666,0.02835288888888889,0.16838316094220612,0.4506666666666666,0.02835288888888889,0.16838316094220612
5,5,3,110001001000111100000101110100,0.46615384615384614,0.4104911166314895,0.539000004529953,13,"[0, 1, 5, 8, 12, 13, 14, 15, 21, 23, 24, 25, 27]",13,"[0, 1, 5, 8, 12, 13, 14, 15, 21, 23, 24, 25, 27]",0,[],0.4104911166314895,0.07346113186194918,0.27103714111159966,13.61264078913508,0.5338461538461539,0.03491597633136093,0.18685817170078736,0.5338461538461539,0.03491597633136093,0.18685817170078736
5,5,4,010110100011000011000000110000,0.45600000000000007,0.24645066410303115,0.8495000004768372,10,"[1, 3, 4, 6, 10, 11, 16, 17, 24, 25]",10,"[1, 3, 4, 6, 10, 11, 16, 17, 24, 25]",0,[],0.24645066410303115,0.03994144819221659,0.19985356687389041,25.03664852580059,0.5439999999999999,0.018403999999999997,0.13566134305689295,0.5439999999999999,0.018403999999999997,0.13566134305689295
5,5,5,100100010010101011111000010111,0.5246666666666667,0.377653277417024,0.4819999933242798,15,"[0, 3, 7, 10, 12, 14, 16, 17, 18, 19, 20, 25, 27, 28, 29]",15,"[0, 3, 7, 10, 12, 14, 16, 17, 18, 19, 20, 25, 27, 28, 29]",0,[],0.377653277417024,0.05315464041309033,0.230552901549927,18.813032921086815,0.4753333333333333,0.027878222222222217,0.16696772808606525,0.4753333333333333,0.027878222222222217,0.16696772808606525
5,5,6,000110100010100000100101010000,0.3933333333333333,0.3110983069572184,0.7414999902248383,9,"[3, 4, 6, 10, 12, 18, 21, 23, 25]",9,"[3, 4, 6, 10, 12, 18, 21, 23, 25]",0,[],0.3110983069572184,0.0500853425030544,0.22379754802735083,19.965921166237727,0.6066666666666667,0.012111111111111112,0.11005049346146119,0.6066666666666667,0.012111111111111112,0.11005049346146119
5,5,7,010100110001011111000000110000,0.52,0.22571644590546688,0.6769999861717224,12,"[1, 3, 6, 7, 11, 13, 14, 15, 16, 17, 24, 25]",12,"[1, 3, 6, 7, 11, 13, 14, 15, 16, 17, 24, 25]",0,[],0.22571644590546688,0.03214601664509275,0.179293102614386,31.10805332556359,0.4799999999999999,0.02318333333333333,0.1522607412740833,0.4799999999999999,0.02318333333333333,0.1522607412740833
5,5,8,011110001001101101000001010101,0.45499999999999996,0.32172916802976814,0.56700000166893,14,"[1, 2, 3, 4, 8, 11, 12, 14, 15, 17, 23, 25, 27, 29]",14,"[1, 2, 3, 4, 8, 11, 12, 14, 15, 17, 23, 25, 27, 29]",0,[],0.32172916802976814,0.05246931275601977,0.22906180990295996,19.05875925324123,0.545,0.027324999999999995,0.16530275254816537,0.545,0.027324999999999995,0.16530275254816537
5,5,9,010110100000000111000100110000,0.4690000000000001,0.23679284006357193,0.7750000059604645,10,"[1, 3, 4, 6, 15, 16, 17, 21, 24, 25]",10,"[1, 3, 4, 6, 15, 16, 17, 21, 24, 25]",0,[],0.23679284006357193,0.040027085251520766,0.20006770167001162,24.983083172712572,0.5309999999999999,0.021648999999999998,0.14713599151805107,0.5309999999999999,0.021648999999999998,0.14713599151805107
5,5,10,010010101010100000100000110000,0.42000000000000004,0.2972631094356378,0.6340000033378601,9,"[1, 4, 6, 8, 10, 12, 18, 24, 25]",9,"[1, 4, 6, 8, 10, 12, 18, 24, 25]",0,[],0.2972631094356378,0.06990421830534206,0.26439405875575583,14.305288353729868,0.58,0.02126666666666667,0.14583095236151572,0.58,0.02126666666666667,0.14583095236151572
5,5,11,110111001010100000000001001000,0.41900000000000015,0.40366530492901803,0.5990000069141388,10,"[0, 1, 3, 4, 5, 8, 10, 12, 23, 26]",10,"[0, 1, 3, 4, 5, 8, 10, 12, 23, 26]",0,[],0.40366530492901803,0.07588459431549166,0.27547158531415117,13.177905331383611,0.5809999999999998,0.025788999999999996,0.16058953888718902,0.5809999999999998,0.025788999999999996,0.16058953888718902
5,5,12,010110100011001111000000110000,0.47750000000000004,0.23447001383950314,0.8120000064373016,12,"[1, 3, 4, 6, 10, 11, 14, 15, 16, 17, 24, 25]",12,"[1, 3, 4, 6, 10, 11, 14, 15, 16, 17, 24, 25]",0,[],0.23447001383950314,0.03636283127804116,0.1906904068851948,27.500608859461433,0.5225,0.017685416666666665,0.13298652813975806,0.5225,0.017685416666666665,0.13298652813975806
5,5,13,100100110010100001000101110010,0.49416666666666675,0.34351420092086,0.5575000047683716,12,"[0, 3, 6, 7, 10, 12, 17, 21, 23, 24, 25, 28]",12,"[0, 3, 6, 7, 10, 12, 17, 21, 23, 24, 25, 28]",0,[],0.34351420092086,0.04350281936585406,0.2085732949489317,22.987015889478492,0.5058333333333332,0.032024305555555556,0.17895336139775514,0.5058333333333332,0.032024305555555556,0.17895336139775514
5,5,14,110110000001101101000001001000,0.4600000000000001,0.26720395108515566,0.6480000019073486,11,"[0, 1, 3, 4, 11, 12, 14, 15, 17, 23, 26]",11,"[0, 1, 3, 4, 11, 12, 14, 15, 17, 23, 26]",0,[],0.26720395108515566,0.04684121912976466,0.2164283233076592,21.34871847015106,0.5399999999999999,0.025290909090909083,0.15903115761041633,0.5399999999999999,0.025290909090909083,0.15903115761041633
5,5,15,100100110010100000100000010110,0.4840000000000001,0.36977713368833065,0.5169999897480011,10,"[0, 3, 6, 7, 10, 12, 18, 25, 27, 28]",10,"[0, 3, 6, 7, 10, 12, 18, 25, 27, 28]",0,[],0.36977713368833065,0.04000938006857263,0.20002344879681638,24.994138831596143,0.5159999999999999,0.032443999999999994,0.18012218075517517,0.5159999999999999,0.032443999999999994,0.18012218075517517
5,5,16,010110101011001000001000010000,0.41100000000000014,0.3512821335345507,0.6344999969005585,10,"[1, 3, 4, 6, 8, 10, 11, 14, 20, 25]",10,"[1, 3, 4, 6, 8, 10, 11, 14, 20, 25]",0,[],0.3512821335345507,0.07485508126213805,0.27359656661248155,13.359146542077209,0.5889999999999999,0.012669,0.11255665240224587,0.5889999999999999,0.012669,0.11255665240224587
5,5,17,110101110001011111000011001111,0.5177777777777778,0.28048365501066047,0.6439999938011169,18,"[0, 1, 3, 5, 6, 7, 11, 13, 14, 15, 16, 17, 22, 23, 26, 27, 28, 29]",18,"[0, 1, 3, 5, 6, 7, 11, 13, 14, 15, 16, 17, 22, 23, 26, 27, 28, 29]",0,[],0.28048365501066047,0.049245009965618536,0.2219121672320347,20.306626005318538,0.4822222222222222,0.02841728395061728,0.16857426835260855,0.4822222222222222,0.02841728395061728,0.16857426835260855
5,5,18,010110101011000011000000010000,0.41600000000000004,0.3071426033973694,0.6699999868869781,10,"[1, 3, 4, 6, 8, 10, 11, 16, 17, 25]",10,"[1, 3, 4, 6, 8, 10, 11, 16, 17, 25]",0,[],0.3071426033973694,0.061852357715877895,0.24870134240867678,16.167532442232087,0.584,0.014083999999999996,0.11867602959317436,0.584,0.014083999999999996,0.11867602959317436
5,5,19,100100010010101011111001011011,0.53625,0.34490112541243434,0.49400001764297485,16,"[0, 3, 7, 10, 12, 14, 16, 17, 18, 19, 20, 23, 25, 26, 28, 29]",16,"[0, 3, 7, 10, 12, 14, 16, 17, 18, 19, 20, 23, 25, 26, 28, 29]",0,[],0.34490112541243434,0.051959482535807865,0.22794622729013933,19.245765184648448,0.46375,0.024398437499999998,0.15619999199743897,0.46375,0.024398437499999998,0.15619999199743897
5,5,20,100100110010100000100101010010,0.4727272727272728,0.3619721122086048,0.5410000085830688,11,"[0, 3, 6, 7, 10, 12, 18, 21, 23, 25, 28]",11,"[0, 3, 6, 7, 10, 12, 18, 21, 23, 25, 28]",0,[],0.3619721122086048,0.0431383134557607,0.20769764913392905,23.181249332464567,0.5272727272727272,0.031674380165289256,0.17797297594098171,0.5272727272727272,0.031674380165289256,0.17797297594098171
5,5,21,110110101010111100000001011011,0.5018750000000001,0.29188456502743065,0.5719999969005585,16,"[0, 1, 3, 4, 6, 8, 10, 12, 13, 14, 15, 23, 25, 26, 28, 29]",16,"[0, 1, 3, 4, 6, 8, 10, 12, 13, 14, 15, 23, 25, 26, 28, 29]",0,[],0.29188456502743065,0.050957460770795354,0.22573759272836094,19.62421174198535,0.498125,0.027390234374999996,0.16549995279455518,0.498125,0.027390234374999996,0.16549995279455518
5,5,22,110000000001101101100011110100,0.48769230769230787,0.29799169989732593,0.5730000138282776,13,"[0, 1, 11, 12, 14, 15, 17, 18, 22, 23, 24, 25, 27]",13,"[0, 1, 11, 12, 14, 15, 17, 18, 22, 23, 24, 25, 27]",0,[],0.29799169989732593,0.050716696134531475,0.22520367700046878,19.717372703998556,0.5123076923076921,0.030356213017751474,0.17423034470995996,0.5123076923076921,0.030356213017751474,0.17423034470995996
5,5,23,110110000001101101000001101000,0.47916666666666674,0.2577574684595068,0.6489999890327454,12,"[0, 1, 3, 4, 11, 12, 14, 15, 17, 23, 24, 26]",12,"[0, 1, 3, 4, 11, 12, 14, 15, 17, 23, 24, 26]",0,[],0.2577574684595068,0.04391938057624781,0.20956951251612865,22.768991431104414,0.5208333333333333,0.02722430555555555,0.16499789560947603,0.5208333333333333,0.02722430555555555,0.16499789560947603
5,5,24,111110000001100101101001001001,0.4821428571428572,0.3015078335468258,0.6220000088214874,14,"[0, 1, 2, 3, 4, 11, 12, 15, 17, 18, 20, 23, 26, 29]",14,"[0, 1, 2, 3, 4, 11, 12, 15, 17, 18, 20, 23, 26, 29]",0,[],0.3015078335468258,0.05088800886903396,0.22558370701146385,19.650994845831224,0.5178571428571428,0.03024540816326531,0.17391207020579483,0.5178571428571428,0.03024540816326531,0.17391207020579483
5,5,25,111110110000000111000011001111,0.54,0.24691764824092388,0.6725000143051147,16,"[0, 1, 2, 3, 4, 6, 7, 15, 16, 17, 22, 23, 26, 27, 28, 29]",16,"[0, 1, 2, 3, 4, 6, 7, 15, 16, 17, 22, 23, 26, 27, 28, 29]",0,[],0.24691764824092388,0.027717351968621896,0.166485290547309,36.078482574095624,0.46,0.026924999999999998,0.1640883908142194,0.46,0.026924999999999998,0.1640883908142194
5,5,26,110100010111110011000000110110,0.514,0.35385186423858006,0.5250000059604645,15,"[0, 1, 3, 7, 9, 10, 11, 12, 13, 16, 17, 24, 25, 27, 28]",15,"[0, 1, 3, 7, 9, 10, 11, 12, 13, 16, 17, 24, 25, 27, 28]",0,[],0.35385186423858006,0.03944377779557843,0.19860457647188906,25.35254115826852,0.486,0.031144,0.17647662734764624,0.486,0.031144,0.17647662734764624
5,5,27,100100110010100000100000010111,0.510909090909091,0.352203811772845,0.5300000011920929,11,"[0, 3, 6, 7, 10, 12, 18, 25, 27, 28, 29]",11,"[0, 3, 6, 7, 10, 12, 18, 25, 27, 28, 29]",0,[],0.352203811772845,0.039460380130155265,0.19864636953681097,25.341874475147517,0.489090909090909,0.03673553719008265,0.19166516947552742,0.489090909090909,0.03673553719008265,0.19166516947552742
5,5,28,100100110010000011000101110010,0.5241666666666667,0.31963555949429673,0.5604999959468842,12,"[0, 3, 6, 7, 10, 16, 17, 21, 23, 24, 25, 28]",12,"[0, 3, 6, 7, 10, 16, 17, 21, 23, 24, 25, 28]",0,[],0.31963555949429673,0.039561395929897235,0.19890046739486872,25.277166704936278,0.4758333333333333,0.027274305555555555,0.16514934318838678,0.4758333333333333,0.027274305555555555,0.16514934318838678
5,5,29,110100111000011000000001111101,0.5364285714285715,0.2870868681264775,0.5485000014305115,14,"[0, 1, 3, 6, 7, 8, 13, 14, 23, 24, 25, 26, 27, 29]",14,"[0, 1, 3, 6, 7, 8, 13, 14, 23, 24, 25, 26, 27, 29]",0,[],0.2870868681264775,0.05274428951195936,0.2296612494783553,18.95939843446479,0.4635714285714285,0.033194387755102035,0.1821932703342855,0.4635714285714285,0.033194387755102035,0.1821932703342855
6,1,0,110001001000101101111011110100,0.4837499999999999,0.4028805313282646,0.5419999957084656,16,"[0, 1, 5, 8, 12, 14, 15, 17, 18, 19, 20, 22, 23, 24, 25, 27]",16,"[0, 1, 5, 8, 12, 14, 15, 17, 18, 19, 20, 22, 23, 24, 25, 27]",0,[],0.4028805313282646,0.11810405280391188,0.34366270208434296,8.46710994465448,0.5162500000000001,0.0232234375,0.15239238005884678,0.5162500000000001,0.0232234375,0.15239238005884678
6,1,1,110110000001101101000001101000,0.4916666666666666,0.3021113204304129,0.6044999957084656,12,"[0, 1, 3, 4, 11, 12, 14, 15, 17, 23, 24, 26]",12,"[0, 1, 3, 4, 11, 12, 14, 15, 17, 23, 24, 26]",0,[],0.3021113204304129,0.06443283671899579,0.2538362399638708,15.520036846448274,0.5083333333333334,0.017047222222222224,0.1305650114778926,0.5083333333333334,0.017047222222222224,0.1305650114778926
6,1,2,010110100011000011000000110000,0.481,0.33115693293511866,0.6304999887943268,10,"[1, 3, 4, 6, 10, 11, 16, 17, 24, 25]",10,"[1, 3, 4, 6, 10, 11, 16, 17, 24, 25]",0,[],0.33115693293511866,0.08160610025847419,0.28566781453022355,12.253985876456062,0.519,0.020728999999999997,0.14397569239284802,0.519,0.020728999999999997,0.14397569239284802
6,1,3,100100110010100000100000010111,0.5018181818181817,0.37693863675336947,0.5060000121593475,11,"[0, 3, 6, 7, 10, 12, 18, 25, 27, 28, 29]",11,"[0, 3, 6, 7, 10, 12, 18, 25, 27, 28, 29]",0,[],0.37693863675336947,0.09617173732042437,0.3101156837704671,10.398065251417956,0.4981818181818182,0.034033057851239674,0.18448050805231342,0.4981818181818182,0.034033057851239674,0.18448050805231342
6,1,4,110100111000011000000001111101,0.5292857142857144,0.32561414575736436,0.5550000071525574,14,"[0, 1, 3, 6, 7, 8, 13, 14, 23, 24, 25, 26, 27, 29]",14,"[0, 1, 3, 6, 7, 8, 13, 14, 23, 24, 25, 26, 27, 29]",0,[],0.32561414575736436,0.08767836214039826,0.29610532271541196,11.40532254011215,0.4707142857142857,0.026306632653061223,0.16219319545856795,0.4707142857142857,0.026306632653061223,0.16219319545856795
6,1,5,101100100000101011111000010100,0.5015384615384615,0.3940196017949627,0.5160000026226044,13,"[0, 2, 3, 6, 12, 14, 16, 17, 18, 19, 20, 25, 27]",13,"[0, 2, 3, 6, 12, 14, 16, 17, 18, 19, 20, 25, 27]",0,[],0.3940196017949627,0.11573531548444059,0.34019893516065064,8.640405012197332,0.4984615384615385,0.022889940828402365,0.1512942194150271,0.4984615384615385,0.022889940828402365,0.1512942194150271
6,1,6,111111101011110101010101000011,0.45894736842105266,0.36546823671577794,0.5570000112056732,19,"[0, 1, 2, 3, 4, 5, 6, 8, 10, 11, 12, 13, 15, 17, 19, 21, 23, 28, 29]",19,"[0, 1, 2, 3, 4, 5, 6, 8, 10, 11, 12, 13, 15, 17, 19, 21, 23, 28, 29]",0,[],0.36546823671577794,0.07674999119060671,0.2770378876446446,13.02931745642191,0.5410526315789473,0.023177839335180056,0.15224269879104238,0.5410526315789473,0.023177839335180056,0.15224269879104238
6,1,7,011101010000000111110100000111,0.47571428571428576,0.3415046303666064,0.613999992609024,14,"[1, 2, 3, 5, 7, 15, 16, 17, 18, 19, 21, 27, 28, 29]",14,"[1, 2, 3, 5, 7, 15, 16, 17, 18, 19, 21, 27, 28, 29]",0,[],0.3415046303666064,0.059869660901186485,0.2446827760615497,16.702950792563822,0.5242857142857142,0.025238775510204082,0.1588671630961039,0.5242857142857142,0.025238775510204082,0.1588671630961039
6,1,8,110010101010111100000001011111,0.495,0.37876643001800403,0.5399999916553497,16,"[0, 1, 4, 6, 8, 10, 12, 13, 14, 15, 23, 25, 26, 27, 28, 29]",16,"[0, 1, 4, 6, 8, 10, 12, 13, 14, 15, 23, 25, 26, 27, 28, 29]",0,[],0.37876643001800403,0.08781625470274876,0.2963380750135709,11.387413450789069,0.505,0.022725,0.15074813431681336,0.505,0.022725,0.15074813431681336
6,1,9,110101110001011111000011001111,0.49277777777777787,0.2922661945534249,0.6365000009536743,18,"[0, 1, 3, 5, 6, 7, 11, 13, 14, 15, 16, 17, 22, 23, 26, 27, 28, 29]",18,"[0, 1, 3, 5, 6, 7, 11, 13, 14, 15, 16, 17, 22, 23, 26, 27, 28, 29]",0,[],0.2922661945534249,0.0546284818850216,0.23372736657272636,18.305469335661453,0.5072222222222221,0.023820061728395063,0.15433749294450477,0.5072222222222221,0.023820061728395063,0.15433749294450477
6,1,10,111001010100011000100110000010,0.5075000000000001,0.3438002002270271,0.5764999985694885,12,"[0, 1, 2, 5, 7, 9, 13, 14, 18, 21, 22, 28]",12,"[0, 1, 2, 5, 7, 9, 13, 14, 18, 21, 22, 28]",0,[],0.3438002002270271,0.07032428416408398,0.2651872624469056,14.219839019857666,0.49249999999999994,0.02783541666666667,0.1668394937257563,0.49249999999999994,0.02783541666666667,0.1668394937257563
6,2,0,110001001000101101111011110100,0.4837499999999999,0.4028805313282646,0.5419999957084656,16,"[0, 1, 5, 8, 12, 14, 15, 17, 18, 19, 20, 22, 23, 24, 25, 27]",16,"[0, 1, 5, 8, 12, 14, 15, 17, 18, 19, 20, 22, 23, 24, 25, 27]",0,[],0.4028805313282646,0.11810405280391188,0.34366270208434296,8.46710994465448,0.5162500000000001,0.0232234375,0.15239238005884678,0.5162500000000001,0.0232234375,0.15239238005884678
6,2,1,100100110010100000100000010111,0.5018181818181817,0.37693863675336947,0.5060000121593475,11,"[0, 3, 6, 7, 10, 12, 18, 25, 27, 28, 29]",11,"[0, 3, 6, 7, 10, 12, 18, 25, 27, 28, 29]",0,[],0.37693863675336947,0.09617173732042437,0.3101156837704671,10.398065251417956,0.4981818181818182,0.034033057851239674,0.18448050805231342,0.4981818181818182,0.034033057851239674,0.18448050805231342
6,2,2,110100111000011000000001111101,0.5292857142857144,0.32561414575736436,0.5550000071525574,14,"[0, 1, 3, 6, 7, 8, 13, 14, 23, 24, 25, 26, 27, 29]",14,"[0, 1, 3, 6, 7, 8, 13, 14, 23, 24, 25, 26, 27, 29]",0,[],0.32561414575736436,0.08767836214039826,0.29610532271541196,11.40532254011215,0.4707142857142857,0.026306632653061223,0.16219319545856795,0.4707142857142857,0.026306632653061223,0.16219319545856795
6,2,3,101100100000101011111000010100,0.5015384615384615,0.3940196017949627,0.5160000026226044,13,"[0, 2, 3, 6, 12, 14, 16, 17, 18, 19, 20, 25, 27]",13,"[0, 2, 3, 6, 12, 14, 16, 17, 18, 19, 20, 25, 27]",0,[],0.3940196017949627,0.11573531548444059,0.34019893516065064,8.640405012197332,0.4984615384615385,0.022889940828402365,0.1512942194150271,0.4984615384615385,0.022889940828402365,0.1512942194150271
6,2,4,111111101011110101010101000011,0.45894736842105266,0.36546823671577794,0.5570000112056732,19,"[0, 1, 2, 3, 4, 5, 6, 8, 10, 11, 12, 13, 15, 17, 19, 21, 23, 28, 29]",19,"[0, 1, 2, 3, 4, 5, 6, 8, 10, 11, 12, 13, 15, 17, 19, 21, 23, 28, 29]",0,[],0.36546823671577794,0.07674999119060671,0.2770378876446446,13.02931745642191,0.5410526315789473,0.023177839335180056,0.15224269879104238,0.5410526315789473,0.023177839335180056,0.15224269879104238
6,2,5,011101010000000111110100000111,0.47571428571428576,0.3415046303666064,0.613999992609024,14,"[1, 2, 3, 5, 7, 15, 16, 17, 18, 19, 21, 27, 28, 29]",14,"[1, 2, 3, 5, 7, 15, 16, 17, 18, 19, 21, 27, 28, 29]",0,[],0.3415046303666064,0.059869660901186485,0.2446827760615497,16.702950792563822,0.5242857142857142,0.025238775510204082,0.1588671630961039,0.5242857142857142,0.025238775510204082,0.1588671630961039
6,2,6,111001010100011000100110000010,0.5075000000000001,0.3438002002270271,0.5764999985694885,12,"[0, 1, 2, 5, 7, 9, 13, 14, 18, 21, 22, 28]",12,"[0, 1, 2, 5, 7, 9, 13, 14, 18, 21, 22, 28]",0,[],0.3438002002270271,0.07032428416408398,0.2651872624469056,14.219839019857666,0.49249999999999994,0.02783541666666667,0.1668394937257563,0.49249999999999994,0.02783541666666667,0.1668394937257563
6,2,7,110100111000011000100110000010,0.4800000000000001,0.2685113913224389,0.5974999964237213,12,"[0, 1, 3, 6, 7, 8, 13, 14, 18, 21, 22, 28]",12,"[0, 1, 3, 6, 7, 8, 13, 14, 18, 21, 22, 28]",0,[],0.2685113913224389,0.062450332348474136,0.24990064495409797,16.012725031149227,0.5199999999999999,0.02373333333333334,0.15405626677721793,0.5199999999999999,0.02373333333333334,0.15405626677721793
6,2,8,110101110001010000010111001101,0.4653333333333334,0.2975671320532759,0.6310000121593475,15,"[0, 1, 3, 5, 6, 7, 11, 13, 19, 21, 22, 23, 26, 27, 29]",15,"[0, 1, 3, 5, 6, 7, 11, 13, 19, 21, 22, 23, 26, 27, 29]",0,[],0.2975671320532759,0.07132964028263326,0.26707609455477904,14.01941739840053,0.5346666666666666,0.032758222222222216,0.18099232641806176,0.5346666666666666,0.032758222222222216,0.18099232641806176
6,2,9,010110100011000100000000110000,0.4755555555555555,0.36052311584353447,0.6040000021457672,9,"[1, 3, 4, 6, 10, 11, 15, 24, 25]",9,"[1, 3, 4, 6, 10, 11, 15, 24, 25]",0,[],0.36052311584353447,0.08078209596383094,0.28422191323652535,12.378980615305352,0.5244444444444445,0.022669135802469133,0.15056273045634214,0.5244444444444445,0.022669135802469133,0.15056273045634214
6,2,10,111100001100010101000111111000,0.536,0.3367459408318003,0.5430000126361847,15,"[0, 1, 2, 3, 8, 9, 13, 15, 17, 21, 22, 23, 24, 25, 26]",15,"[0, 1, 2, 3, 8, 9, 13, 15, 17, 21, 22, 23, 24, 25, 26]",0,[],0.3367459408318003,0.08972657061373703,0.2995439377015282,11.144970694409905,0.464,0.020570666666666668,0.1434247770319573,0.464,0.020570666666666668,0.1434247770319573
6,2,11,110010101110111100001101011101,0.48611111111111116,0.4343712755685879,0.5415000021457672,18,"[0, 1, 4, 6, 8, 9, 10, 12, 13, 14, 15, 20, 21, 23, 25, 26, 27, 29]",18,"[0, 1, 4, 6, 8, 9, 10, 12, 13, 14, 15, 20, 21, 23, 25, 26, 27, 29]",0,[],0.4343712755685879,0.090503020697495,0.30083719965704875,11.049354952941131,0.5138888888888888,0.02537932098765432,0.15930888546359967,0.5138888888888888,0.02537932098765432,0.15930888546359967
6,2,12,101001001001101010100100100011,0.47076923076923083,0.4546662965216316,0.5539999902248383,13,"[0, 2, 5, 8, 11, 12, 14, 16, 18, 21, 24, 28, 29]",13,"[0, 2, 5, 8, 11, 12, 14, 16, 18, 21, 24, 28, 29]",0,[],0.4546662965216316,0.08124798089269143,0.285040314504267,12.307998168234526,0.5292307692307692,0.032314792899408286,0.17976315779215798,0.5292307692307692,0.032314792899408286,0.17976315779215798
6,2,13,111111101011110101010111111011,0.49043478260869566,0.35586556561453186,0.5379999876022339,23,"[0, 1, 2, 3, 4, 5, 6, 8, 10, 11, 12, 13, 15, 17, 19, 21, 22, 23, 24, 25, 26, 28, 29]",23,"[0, 1, 2, 3, 4, 5, 6, 8, 10, 11, 12, 13, 15, 17, 19, 21, 22, 23, 24, 25, 26, 28, 29]",0,[],0.35586556561453186,0.08894462197753361,0.29823584958474325,11.24295070085956,0.5095652173913043,0.024699810964083174,0.15716173505049877,0.5095652173913043,0.024699810964083174,0.15716173505049877
6,3,0,110001001000101101111011110100,0.4837499999999999,0.4028805313282646,0.5419999957084656,16,"[0, 1, 5, 8, 12, 14, 15, 17, 18, 19, 20, 22, 23, 24, 25, 27]",16,"[0, 1, 5, 8, 12, 14, 15, 17, 18, 19, 20, 22, 23, 24, 25, 27]",0,[],0.4028805313282646,0.11810405280391188,0.34366270208434296,8.46710994465448,0.5162500000000001,0.0232234375,0.15239238005884678,0.5162500000000001,0.0232234375,0.15239238005884678
6,3,1,100100110010100000100000010111,0.5018181818181817,0.37693863675336947,0.5060000121593475,11,"[0, 3, 6, 7, 10, 12, 18, 25, 27, 28, 29]",11,"[0, 3, 6, 7, 10, 12, 18, 25, 27, 28, 29]",0,[],0.37693863675336947,0.09617173732042437,0.3101156837704671,10.398065251417956,0.4981818181818182,0.034033057851239674,0.18448050805231342,0.4981818181818182,0.034033057851239674,0.18448050805231342
6,3,2,101100100000101011111000010100,0.5015384615384615,0.3940196017949627,0.5160000026226044,13,"[0, 2, 3, 6, 12, 14, 16, 17, 18, 19, 20, 25, 27]",13,"[0, 2, 3, 6, 12, 14, 16, 17, 18, 19, 20, 25, 27]",0,[],0.3940196017949627,0.11573531548444059,0.34019893516065064,8.640405012197332,0.4984615384615385,0.022889940828402365,0.1512942194150271,0.4984615384615385,0.022889940828402365,0.1512942194150271
6,3,3,111001010100011000100110000010,0.5075000000000001,0.3438002002270271,0.5764999985694885,12,"[0, 1, 2, 5, 7, 9, 13, 14, 18, 21, 22, 28]",12,"[0, 1, 2, 5, 7, 9, 13, 14, 18, 21, 22, 28]",0,[],0.3438002002270271,0.07032428416408398,0.2651872624469056,14.219839019857666,0.49249999999999994,0.02783541666666667,0.1668394937257563,0.49249999999999994,0.02783541666666667,0.1668394937257563
6,3,4,110100111000011000100110000010,0.4800000000000001,0.2685113913224389,0.5974999964237213,12,"[0, 1, 3, 6, 7, 8, 13, 14, 18, 21, 22, 28]",12,"[0, 1, 3, 6, 7, 8, 13, 14, 18, 21, 22, 28]",0,[],0.2685113913224389,0.062450332348474136,0.24990064495409797,16.012725031149227,0.5199999999999999,0.02373333333333334,0.15405626677721793,0.5199999999999999,0.02373333333333334,0.15405626677721793
6,3,5,110101110001010000010111001101,0.4653333333333334,0.2975671320532759,0.6310000121593475,15,"[0, 1, 3, 5, 6, 7, 11, 13, 19, 21, 22, 23, 26, 27, 29]",15,"[0, 1, 3, 5, 6, 7, 11, 13, 19, 21, 22, 23, 26, 27, 29]",0,[],0.2975671320532759,0.07132964028263326,0.26707609455477904,14.01941739840053,0.5346666666666666,0.032758222222222216,0.18099232641806176,0.5346666666666666,0.032758222222222216,0.18099232641806176
6,3,6,111111101011110101010111111011,0.49043478260869566,0.35586556561453186,0.5379999876022339,23,"[0, 1, 2, 3, 4, 5, 6, 8, 10, 11, 12, 13, 15, 17, 19, 21, 22, 23, 24, 25, 26, 28, 29]",23,"[0, 1, 2, 3, 4, 5, 6, 8, 10, 11, 12, 13, 15, 17, 19, 21, 22, 23, 24, 25, 26, 28, 29]",0,[],0.35586556561453186,0.08894462197753361,0.29823584958474325,11.24295070085956,0.5095652173913043,0.024699810964083174,0.15716173505049877,0.5095652173913043,0.024699810964083174,0.15716173505049877
6,3,7,110110000001101010100101101000,0.45615384615384613,0.32885725144296885,0.6130000054836273,13,"[0, 1, 3, 4, 11, 12, 14, 16, 18, 21, 23, 24, 26]",13,"[0, 1, 3, 4, 11, 12, 14, 16, 18, 21, 23, 24, 26]",0,[],0.32885725144296885,0.06849672025534534,0.26171878086095646,14.599239150022838,0.5438461538461539,0.022623668639053258,0.15041166390627178,0.5438461538461539,0.022623668639053258,0.15041166390627178
6,3,8,110100101001101010100100100011,0.45785714285714285,0.35049999272450805,0.5489999949932098,14,"[0, 1, 3, 6, 8, 11, 12, 14, 16, 18, 21, 24, 28, 29]",14,"[0, 1, 3, 6, 8, 11, 12, 14, 16, 18, 21, 24, 28, 29]",0,[],0.35049999272450805,0.07958271328611873,0.2821040823634403,12.565542926448899,0.5421428571428571,0.026516836734693877,0.16283991136909243,0.5421428571428571,0.026516836734693877,0.16283991136909243
6,3,9,110000010111111100011001010110,0.500625,0.43199719296535477,0.5180000066757202,16,"[0, 1, 7, 9, 10, 11, 12, 13, 14, 15, 19, 20, 23, 25, 27, 28]",16,"[0, 1, 7, 9, 10, 11, 12, 13, 14, 15, 19, 20, 23, 25, 27, 28]",0,[],0.43199719296535477,0.08490725880755999,0.2913885015019638,11.777556054029173,0.499375,0.023230859375,0.15241672931473108,0.499375,0.023230859375,0.15241672931473108
6,3,10,111100001100010101100111101000,0.508,0.27431926062951484,0.5074999928474426,15,"[0, 1, 2, 3, 8, 9, 13, 15, 17, 18, 21, 22, 23, 24, 26]",15,"[0, 1, 2, 3, 8, 9, 13, 15, 17, 18, 21, 22, 23, 24, 26]",0,[],0.27431926062951484,0.06574482883929358,0.25640754442740876,15.210321749325658,0.492,0.019562666666666673,0.1398666031140625,0.492,0.019562666666666673,0.1398666031140625
6,3,11,101001001011101010100100101110,0.43933333333333335,0.44763085823506116,0.6150000095367432,15,"[0, 2, 5, 8, 10, 11, 12, 14, 16, 18, 21, 24, 26, 27, 28]",15,"[0, 2, 5, 8, 10, 11, 12, 14, 16, 18, 21, 24, 26, 27, 28]",0,[],0.44763085823506116,0.08408787341842114,0.2899790913469817,11.892321203367832,0.5606666666666666,0.026579555555555554,0.16303237578945953,0.5606666666666666,0.026579555555555554,0.16303237578945953
6,3,12,101011101001101010100100100011,0.46399999999999997,0.42265175910045705,0.5475000143051147,15,"[0, 2, 4, 5, 6, 8, 11, 12, 14, 16, 18, 21, 24, 28, 29]",15,"[0, 2, 4, 5, 6, 8, 11, 12, 14, 16, 18, 21, 24, 28, 29]",0,[],0.42265175910045705,0.08220112443539283,0.28670738468932544,12.165283709542981,0.536,0.029917333333333344,0.17296627802358858,0.536,0.029917333333333344,0.17296627802358858
6,3,13,100101110011010000010111001101,0.4640000000000001,0.31748042050749065,0.6279999911785126,15,"[0, 3, 5, 6, 7, 10, 11, 13, 19, 21, 22, 23, 26, 27, 29]",15,"[0, 3, 5, 6, 7, 10, 11, 13, 19, 21, 22, 23, 26, 27, 29]",0,[],0.31748042050749065,0.06869834411132009,0.2621036896179069,14.556391612286626,0.5359999999999999,0.03295733333333333,0.18154154712718884,0.5359999999999999,0.03295733333333333,0.18154154712718884
6,3,14,001001001011101101000101101001,0.4535714285714285,0.4549804763602359,0.5349999964237213,14,"[2, 5, 8, 10, 11, 12, 14, 15, 17, 21, 23, 24, 26, 29]",14,"[2, 5, 8, 10, 11, 12, 14, 15, 17, 21, 23, 24, 26, 29]",0,[],0.4549804763602359,0.07238679166329647,0.2690479356235548,13.814674984511676,0.5464285714285715,0.024751530612244898,0.1573261917553619,0.5464285714285715,0.024751530612244898,0.1573261917553619
6,3,15,110100111100011000100110000010,0.4900000000000001,0.29452909565029234,0.5884999930858612,13,"[0, 1, 3, 6, 7, 8, 9, 13, 14, 18, 21, 22, 28]",13,"[0, 1, 3, 6, 7, 8, 9, 13, 14, 18, 21, 22, 28]",0,[],0.29452909565029234,0.06576951189125999,0.25645567237099665,15.204613372429309,0.5099999999999999,0.023107692307692308,0.15201214526376605,0.5099999999999999,0.023107692307692308,0.15201214526376605
6,3,16,110100110000100000100000000010,0.4750000000000001,0.23644678352866322,0.7654999941587448,8,"[0, 1, 3, 6, 7, 12, 18, 28]",8,"[0, 1, 3, 6, 7, 12, 18, 28]",0,[],0.23644678352866322,0.06710066612922408,0.259037962718255,14.902981709215464,0.5249999999999999,0.024,0.15491933384829668,0.5249999999999999,0.024,0.15491933384829668
6,3,17,111101001011111100011001000011,0.4811764705882354,0.4183598247849766,0.5340000092983246,17,"[0, 1, 2, 3, 5, 8, 10, 11, 12, 13, 14, 15, 19, 20, 23, 28, 29]",17,"[0, 1, 2, 3, 5, 8, 10, 11, 12, 13, 14, 15, 19, 20, 23, 28, 29]",0,[],0.4183598247849766,0.07670765186632833,0.2769614627819696,13.03650907920649,0.5188235294117646,0.020316262975778546,0.1425351289183777,0.5188235294117646,0.020316262975778546,0.1425351289183777
6,3,18,111010101010111100100110000110,0.4568749999999999,0.36423634859966114,0.5870000123977661,16,"[0, 1, 2, 4, 6, 8, 10, 12, 13, 14, 15, 18, 21, 22, 27, 28]",16,"[0, 1, 2, 4, 6, 8, 10, 12, 13, 14, 15, 18, 21, 22, 27, 28]",0,[],0.36423634859966114,0.0773115450605319,0.27804953706225066,12.934678762622573,0.5431250000000001,0.021271484375000003,0.14584746955295455,0.5431250000000001,0.021271484375000003,0.14584746955295455
6,4,0,110001001000101101111011110100,0.4837499999999999,0.4028805313282646,0.5419999957084656,16,"[0, 1, 5, 8, 12, 14, 15, 17, 18, 19, 20, 22, 23, 24, 25, 27]",16,"[0, 1, 5, 8, 12, 14, 15, 17, 18, 19, 20, 22, 23, 24, 25, 27]",0,[],0.4028805313282646,0.11810405280391188,0.34366270208434296,8.46710994465448,0.5162500000000001,0.0232234375,0.15239238005884678,0.5162500000000001,0.0232234375,0.15239238005884678
6,4,1,100100110010100000100000010111,0.5018181818181817,0.37693863675336947,0.5060000121593475,11,"[0, 3, 6, 7, 10, 12, 18, 25, 27, 28, 29]",11,"[0, 3, 6, 7, 10, 12, 18, 25, 27, 28, 29]",0,[],0.37693863675336947,0.09617173732042437,0.3101156837704671,10.398065251417956,0.4981818181818182,0.034033057851239674,0.18448050805231342,0.4981818181818182,0.034033057851239674,0.18448050805231342
6,4,2,101100100000101011111000010100,0.5015384615384615,0.3940196017949627,0.5160000026226044,13,"[0, 2, 3, 6, 12, 14, 16, 17, 18, 19, 20, 25, 27]",13,"[0, 2, 3, 6, 12, 14, 16, 17, 18, 19, 20, 25, 27]",0,[],0.3940196017949627,0.11573531548444059,0.34019893516065064,8.640405012197332,0.4984615384615385,0.022889940828402365,0.1512942194150271,0.4984615384615385,0.022889940828402365,0.1512942194150271
6,4,3,110100111000011000100110000010,0.4800000000000001,0.2685113913224389,0.5974999964237213,12,"[0, 1, 3, 6, 7, 8, 13, 14, 18, 21, 22, 28]",12,"[0, 1, 3, 6, 7, 8, 13, 14, 18, 21, 22, 28]",0,[],0.2685113913224389,0.062450332348474136,0.24990064495409797,16.012725031149227,0.5199999999999999,0.02373333333333334,0.15405626677721793,0.5199999999999999,0.02373333333333334,0.15405626677721793
6,4,4,111111101011110101010111111011,0.49043478260869566,0.35586556561453186,0.5379999876022339,23,"[0, 1, 2, 3, 4, 5, 6, 8, 10, 11, 12, 13, 15, 17, 19, 21, 22, 23, 24, 25, 26, 28, 29]",23,"[0, 1, 2, 3, 4, 5, 6, 8, 10, 11, 12, 13, 15, 17, 19, 21, 22, 23, 24, 25, 26, 28, 29]",0,[],0.35586556561453186,0.08894462197753361,0.29823584958474325,11.24295070085956,0.5095652173913043,0.024699810964083174,0.15716173505049877,0.5095652173913043,0.024699810964083174,0.15716173505049877
6,4,5,110110000001101010100101101000,0.45615384615384613,0.32885725144296885,0.6130000054836273,13,"[0, 1, 3, 4, 11, 12, 14, 16, 18, 21, 23, 24, 26]",13,"[0, 1, 3, 4, 11, 12, 14, 16, 18, 21, 23, 24, 26]",0,[],0.32885725144296885,0.06849672025534534,0.26171878086095646,14.599239150022838,0.5438461538461539,0.022623668639053258,0.15041166390627178,0.5438461538461539,0.022623668639053258,0.15041166390627178
6,4,6,110100101001101010100100100011,0.45785714285714285,0.35049999272450805,0.5489999949932098,14,"[0, 1, 3, 6, 8, 11, 12, 14, 16, 18, 21, 24, 28, 29]",14,"[0, 1, 3, 6, 8, 11, 12, 14, 16, 18, 21, 24, 28, 29]",0,[],0.35049999272450805,0.07958271328611873,0.2821040823634403,12.565542926448899,0.5421428571428571,0.026516836734693877,0.16283991136909243,0.5421428571428571,0.026516836734693877,0.16283991136909243
6,4,7,111100001100010101100111101000,0.508,0.27431926062951484,0.5074999928474426,15,"[0, 1, 2, 3, 8, 9, 13, 15, 17, 18, 21, 22, 23, 24, 26]",15,"[0, 1, 2, 3, 8, 9, 13, 15, 17, 18, 21, 22, 23, 24, 26]",0,[],0.27431926062951484,0.06574482883929358,0.25640754442740876,15.210321749325658,0.492,0.019562666666666673,0.1398666031140625,0.492,0.019562666666666673,0.1398666031140625
6,4,8,001001001011101101000101101001,0.4535714285714285,0.4549804763602359,0.5349999964237213,14,"[2, 5, 8, 10, 11, 12, 14, 15, 17, 21, 23, 24, 26, 29]",14,"[2, 5, 8, 10, 11, 12, 14, 15, 17, 21, 23, 24, 26, 29]",0,[],0.4549804763602359,0.07238679166329647,0.2690479356235548,13.814674984511676,0.5464285714285715,0.024751530612244898,0.1573261917553619,0.5464285714285715,0.024751530612244898,0.1573261917553619
6,4,9,110100111100011000100110000010,0.4900000000000001,0.29452909565029234,0.5884999930858612,13,"[0, 1, 3, 6, 7, 8, 9, 13, 14, 18, 21, 22, 28]",13,"[0, 1, 3, 6, 7, 8, 9, 13, 14, 18, 21, 22, 28]",0,[],0.29452909565029234,0.06576951189125999,0.25645567237099665,15.204613372429309,0.5099999999999999,0.023107692307692308,0.15201214526376605,0.5099999999999999,0.023107692307692308,0.15201214526376605
6,4,10,110100110000100000100000000010,0.4750000000000001,0.23644678352866322,0.7654999941587448,8,"[0, 1, 3, 6, 7, 12, 18, 28]",8,"[0, 1, 3, 6, 7, 12, 18, 28]",0,[],0.23644678352866322,0.06710066612922408,0.259037962718255,14.902981709215464,0.5249999999999999,0.024,0.15491933384829668,0.5249999999999999,0.024,0.15491933384829668
6,4,11,111010101010111100100110000110,0.4568749999999999,0.36423634859966114,0.5870000123977661,16,"[0, 1, 2, 4, 6, 8, 10, 12, 13, 14, 15, 18, 21, 22, 27, 28]",16,"[0, 1, 2, 4, 6, 8, 10, 12, 13, 14, 15, 18, 21, 22, 27, 28]",0,[],0.36423634859966114,0.0773115450605319,0.27804953706225066,12.934678762622573,0.5431250000000001,0.021271484375000003,0.14584746955295455,0.5431250000000001,0.021271484375000003,0.14584746955295455
6,4,12,111111101010010101110101000011,0.46944444444444444,0.30392088808326256,0.5949999988079071,18,"[0, 1, 2, 3, 4, 5, 6, 8, 10, 13, 15, 17, 18, 19, 21, 23, 28, 29]",18,"[0, 1, 2, 3, 4, 5, 6, 8, 10, 13, 15, 17, 18, 19, 21, 23, 28, 29]",0,[],0.30392088808326256,0.06615644662502408,0.2572089551804604,15.115684880538065,0.5305555555555556,0.022194135802469137,0.1489769639993685,0.5305555555555556,0.022194135802469137,0.1489769639993685
6,4,13,110000110000100000000010000010,0.5157142857142857,0.24409708633486712,0.7645000070333481,7,"[0, 1, 6, 7, 12, 22, 28]",7,"[0, 1, 6, 7, 12, 22, 28]",0,[],0.24409708633486712,0.07170938548349168,0.26778608157163747,13.945175980209891,0.4842857142857143,0.025367346938775508,0.1592712997962141,0.4842857142857143,0.025367346938775508,0.1592712997962141
6,4,14,110000010111111000011100100100,0.4785714285714284,0.4126925473101437,0.512499988079071,14,"[0, 1, 7, 9, 10, 11, 12, 13, 14, 19, 20, 21, 24, 27]",14,"[0, 1, 7, 9, 10, 11, 12, 13, 14, 19, 20, 21, 24, 27]",0,[],0.4126925473101437,0.08376537214111801,0.2894224803658451,11.938107292298756,0.5214285714285716,0.027455102040816328,0.16569581177813858,0.5214285714285716,0.027455102040816328,0.16569581177813858
6,4,15,010101101011101101000011001111,0.4358823529411765,0.3831002041697502,0.546999990940094,17,"[1, 3, 5, 6, 8, 10, 11, 12, 14, 15, 17, 22, 23, 26, 27, 28, 29]",17,"[1, 3, 5, 6, 8, 10, 11, 12, 14, 15, 17, 22, 23, 26, 27, 28, 29]",0,[],0.3831002041697502,0.07537305902751884,0.27454154335458747,13.267339987287741,0.5641176470588235,0.017659515570934255,0.13288911005396287,0.5641176470588235,0.017659515570934255,0.13288911005396287
6,4,16,110100110010100000100111100010,0.46153846153846156,0.2680883267894387,0.6110000014305115,13,"[0, 1, 3, 6, 7, 10, 12, 18, 21, 22, 23, 24, 28]",13,"[0, 1, 3, 6, 7, 10, 12, 18, 21, 22, 23, 24, 28]",0,[],0.2680883267894387,0.057726703036112874,0.24026381965687815,17.323005600621546,0.5384615384615384,0.02519763313609468,0.1587376235682476,0.5384615384615384,0.02519763313609468,0.1587376235682476
6,4,17,111001010101011000100110000010,0.48769230769230765,0.3686360837891698,0.523499995470047,13,"[0, 1, 2, 5, 7, 9, 11, 13, 14, 18, 21, 22, 28]",13,"[0, 1, 2, 5, 7, 9, 11, 13, 14, 18, 21, 22, 28]",0,[],0.3686360837891698,0.07231657719151753,0.26891741704753436,13.828088093158485,0.5123076923076924,0.03040236686390533,0.17436274505726654,0.5123076923076924,0.03040236686390533,0.17436274505726654
6,4,18,111100001100010101100110101000,0.5185714285714286,0.270804249082825,0.5654999911785126,14,"[0, 1, 2, 3, 8, 9, 13, 15, 17, 18, 21, 22, 24, 26]",14,"[0, 1, 2, 3, 8, 9, 13, 15, 17, 18, 21, 22, 24, 26]",0,[],0.270804249082825,0.07025555844949981,0.26505765118083235,14.23374921599701,0.48142857142857143,0.019283673469387756,0.13886566699291714,0.48142857142857143,0.019283673469387756,0.13886566699291714
6,4,19,110001001000100001111011110100,0.4764285714285714,0.4024401355667838,0.5435000061988831,14,"[0, 1, 5, 8, 12, 17, 18, 19, 20, 22, 23, 24, 25, 27]",14,"[0, 1, 5, 8, 12, 17, 18, 19, 20, 22, 23, 24, 25, 27]",0,[],0.4024401355667838,0.13371123724063608,0.3656654717643383,7.478802983479468,0.5235714285714286,0.026080102040816327,0.161493349834649,0.5235714285714286,0.026080102040816327,0.161493349834649
6,4,20,110000111101011000110110000010,0.47857142857142854,0.3027725813777319,0.578000009059906,14,"[0, 1, 6, 7, 8, 9, 11, 13, 14, 18, 19, 21, 22, 28]",14,"[0, 1, 6, 7, 8, 9, 11, 13, 14, 18, 19, 21, 22, 28]",0,[],0.3027725813777319,0.07592674048180624,0.27554807290526684,13.17059040931202,0.5214285714285715,0.025669387755102035,0.16021669000170374,0.5214285714285715,0.025669387755102035,0.16021669000170374
6,4,21,110111100010100000100101000011,0.42846153846153845,0.3407940570121774,0.62049999833107,13,"[0, 1, 3, 4, 5, 6, 10, 12, 18, 21, 23, 28, 29]",13,"[0, 1, 3, 4, 5, 6, 10, 12, 18, 21, 23, 28, 29]",0,[],0.3407940570121774,0.07197519828667245,0.2682819380552341,13.893674818609963,0.5715384615384616,0.02528994082840237,0.1590281133271799,0.5715384615384616,0.02528994082840237,0.1590281133271799
6,4,22,110100111100011000100110000000,0.48916666666666675,0.295739853521809,0.5730000138282776,12,"[0, 1, 3, 6, 7, 8, 9, 13, 14, 18, 21, 22]",12,"[0, 1, 3, 6, 7, 8, 9, 13, 14, 18, 21, 22]",0,[],0.295739853521809,0.07123124739876026,0.2668918271486788,14.03878264832134,0.5108333333333333,0.025024305555555553,0.15819072525137354,0.5108333333333333,0.025024305555555553,0.15819072525137354
6,5,0,110100111000011000100110000010,0.4800000000000001,0.2685113913224389,0.5974999964237213,12,"[0, 1, 3, 6, 7, 8, 13, 14, 18, 21, 22, 28]",12,"[0, 1, 3, 6, 7, 8, 13, 14, 18, 21, 22, 28]",0,[],0.2685113913224389,0.062450332348474136,0.24990064495409797,16.012725031149227,0.5199999999999999,0.02373333333333334,0.15405626677721793,0.5199999999999999,0.02373333333333334,0.15405626677721793
6,5,1,110110000001101010100101101000,0.45615384615384613,0.32885725144296885,0.6130000054836273,13,"[0, 1, 3, 4, 11, 12, 14, 16, 18, 21, 23, 24, 26]",13,"[0, 1, 3, 4, 11, 12, 14, 16, 18, 21, 23, 24, 26]",0,[],0.32885725144296885,0.06849672025534534,0.26171878086095646,14.599239150022838,0.5438461538461539,0.022623668639053258,0.15041166390627178,0.5438461538461539,0.022623668639053258,0.15041166390627178
6,5,2,110100101001101010100100100011,0.45785714285714285,0.35049999272450805,0.5489999949932098,14,"[0, 1, 3, 6, 8, 11, 12, 14, 16, 18, 21, 24, 28, 29]",14,"[0, 1, 3, 6, 8, 11, 12, 14, 16, 18, 21, 24, 28, 29]",0,[],0.35049999272450805,0.07958271328611873,0.2821040823634403,12.565542926448899,0.5421428571428571,0.026516836734693877,0.16283991136909243,0.5421428571428571,0.026516836734693877,0.16283991136909243
6,5,3,111100001100010101100111101000,0.508,0.27431926062951484,0.5074999928474426,15,"[0, 1, 2, 3, 8, 9, 13, 15, 17, 18, 21, 22, 23, 24, 26]",15,"[0, 1, 2, 3, 8, 9, 13, 15, 17, 18, 21, 22, 23, 24, 26]",0,[],0.27431926062951484,0.06574482883929358,0.25640754442740876,15.210321749325658,0.492,0.019562666666666673,0.1398666031140625,0.492,0.019562666666666673,0.1398666031140625
6,5,4,001001001011101101000101101001,0.4535714285714285,0.4549804763602359,0.5349999964237213,14,"[2, 5, 8, 10, 11, 12, 14, 15, 17, 21, 23, 24, 26, 29]",14,"[2, 5, 8, 10, 11, 12, 14, 15, 17, 21, 23, 24, 26, 29]",0,[],0.4549804763602359,0.07238679166329647,0.2690479356235548,13.814674984511676,0.5464285714285715,0.024751530612244898,0.1573261917553619,0.5464285714285715,0.024751530612244898,0.1573261917553619
6,5,5,110100111100011000100110000010,0.4900000000000001,0.29452909565029234,0.5884999930858612,13,"[0, 1, 3, 6, 7, 8, 9, 13, 14, 18, 21, 22, 28]",13,"[0, 1, 3, 6, 7, 8, 9, 13, 14, 18, 21, 22, 28]",0,[],0.29452909565029234,0.06576951189125999,0.25645567237099665,15.204613372429309,0.5099999999999999,0.023107692307692308,0.15201214526376605,0.5099999999999999,0.023107692307692308,0.15201214526376605
6,5,6,110100110000100000100000000010,0.4750000000000001,0.23644678352866322,0.7654999941587448,8,"[0, 1, 3, 6, 7, 12, 18, 28]",8,"[0, 1, 3, 6, 7, 12, 18, 28]",0,[],0.23644678352866322,0.06710066612922408,0.259037962718255,14.902981709215464,0.5249999999999999,0.024,0.15491933384829668,0.5249999999999999,0.024,0.15491933384829668
6,5,7,111111101010010101110101000011,0.46944444444444444,0.30392088808326256,0.5949999988079071,18,"[0, 1, 2, 3, 4, 5, 6, 8, 10, 13, 15, 17, 18, 19, 21, 23, 28, 29]",18,"[0, 1, 2, 3, 4, 5, 6, 8, 10, 13, 15, 17, 18, 19, 21, 23, 28, 29]",0,[],0.30392088808326256,0.06615644662502408,0.2572089551804604,15.115684880538065,0.5305555555555556,0.022194135802469137,0.1489769639993685,0.5305555555555556,0.022194135802469137,0.1489769639993685
6,5,8,110000110000100000000010000010,0.5157142857142857,0.24409708633486712,0.7645000070333481,7,"[0, 1, 6, 7, 12, 22, 28]",7,"[0, 1, 6, 7, 12, 22, 28]",0,[],0.24409708633486712,0.07170938548349168,0.26778608157163747,13.945175980209891,0.4842857142857143,0.025367346938775508,0.1592712997962141,0.4842857142857143,0.025367346938775508,0.1592712997962141
6,5,9,010101101011101101000011001111,0.4358823529411765,0.3831002041697502,0.546999990940094,17,"[1, 3, 5, 6, 8, 10, 11, 12, 14, 15, 17, 22, 23, 26, 27, 28, 29]",17,"[1, 3, 5, 6, 8, 10, 11, 12, 14, 15, 17, 22, 23, 26, 27, 28, 29]",0,[],0.3831002041697502,0.07537305902751884,0.27454154335458747,13.267339987287741,0.5641176470588235,0.017659515570934255,0.13288911005396287,0.5641176470588235,0.017659515570934255,0.13288911005396287
6,5,10,110100110010100000100111100010,0.46153846153846156,0.2680883267894387,0.6110000014305115,13,"[0, 1, 3, 6, 7, 10, 12, 18, 21, 22, 23, 24, 28]",13,"[0, 1, 3, 6, 7, 10, 12, 18, 21, 22, 23, 24, 28]",0,[],0.2680883267894387,0.057726703036112874,0.24026381965687815,17.323005600621546,0.5384615384615384,0.02519763313609468,0.1587376235682476,0.5384615384615384,0.02519763313609468,0.1587376235682476
6,5,11,111100001100010101100110101000,0.5185714285714286,0.270804249082825,0.5654999911785126,14,"[0, 1, 2, 3, 8, 9, 13, 15, 17, 18, 21, 22, 24, 26]",14,"[0, 1, 2, 3, 8, 9, 13, 15, 17, 18, 21, 22, 24, 26]",0,[],0.270804249082825,0.07025555844949981,0.26505765118083235,14.23374921599701,0.48142857142857143,0.019283673469387756,0.13886566699291714,0.48142857142857143,0.019283673469387756,0.13886566699291714
6,5,12,110000111101011000110110000010,0.47857142857142854,0.3027725813777319,0.578000009059906,14,"[0, 1, 6, 7, 8, 9, 11, 13, 14, 18, 19, 21, 22, 28]",14,"[0, 1, 6, 7, 8, 9, 11, 13, 14, 18, 19, 21, 22, 28]",0,[],0.3027725813777319,0.07592674048180624,0.27554807290526684,13.17059040931202,0.5214285714285715,0.025669387755102035,0.16021669000170374,0.5214285714285715,0.025669387755102035,0.16021669000170374
6,5,13,110111100010100000100101000011,0.42846153846153845,0.3407940570121774,0.62049999833107,13,"[0, 1, 3, 4, 5, 6, 10, 12, 18, 21, 23, 28, 29]",13,"[0, 1, 3, 4, 5, 6, 10, 12, 18, 21, 23, 28, 29]",0,[],0.3407940570121774,0.07197519828667245,0.2682819380552341,13.893674818609963,0.5715384615384616,0.02528994082840237,0.1590281133271799,0.5715384615384616,0.02528994082840237,0.1590281133271799
6,5,14,110100111100011000100110000000,0.48916666666666675,0.295739853521809,0.5730000138282776,12,"[0, 1, 3, 6, 7, 8, 9, 13, 14, 18, 21, 22]",12,"[0, 1, 3, 6, 7, 8, 9, 13, 14, 18, 21, 22]",0,[],0.295739853521809,0.07123124739876026,0.2668918271486788,14.03878264832134,0.5108333333333333,0.025024305555555553,0.15819072525137354,0.5108333333333333,0.025024305555555553,0.15819072525137354
6,5,15,110000111001101010100101100010,0.4471428571428572,0.35538864647969604,0.5485000014305115,14,"[0, 1, 6, 7, 8, 11, 12, 14, 16, 18, 21, 23, 24, 28]",14,"[0, 1, 6, 7, 8, 11, 12, 14, 16, 18, 21, 23, 24, 28]",0,[],0.35538864647969604,0.07919562933532967,0.2814171802419491,12.626959447039757,0.5528571428571428,0.02563469387755102,0.16010838165927174,0.5528571428571428,0.02563469387755102,0.16010838165927174
6,5,16,110111111011110101110100000011,0.45999999999999996,0.3362751774195778,0.5374999940395355,19,"[0, 1, 3, 4, 5, 6, 7, 8, 10, 11, 12, 13, 15, 17, 18, 19, 21, 28, 29]",19,"[0, 1, 3, 4, 5, 6, 7, 8, 10, 11, 12, 13, 15, 17, 18, 19, 21, 28, 29]",0,[],0.3362751774195778,0.07888969862649932,0.28087310057479575,12.675926228777563,0.54,0.024621052631578946,0.1569109703990736,0.54,0.024621052631578946,0.1569109703990736
6,5,17,111100001100010101000011101000,0.5446153846153846,0.264687129153082,0.5385000109672546,13,"[0, 1, 2, 3, 8, 9, 13, 15, 17, 22, 23, 24, 26]",13,"[0, 1, 2, 3, 8, 9, 13, 15, 17, 22, 23, 24, 26]",0,[],0.264687129153082,0.06061492078949003,0.24620097641863656,16.49758816765441,0.4553846153846154,0.011963313609467455,0.10937693362618764,0.4553846153846154,0.011963313609467455,0.10937693362618764
6,5,18,010100110011101101000101101001,0.46266666666666667,0.32709808051586153,0.5800000131130219,15,"[1, 3, 6, 7, 10, 11, 12, 14, 15, 17, 21, 23, 24, 26, 29]",15,"[1, 3, 6, 7, 10, 11, 12, 14, 15, 17, 21, 23, 24, 26, 29]",0,[],0.32709808051586153,0.0582556106845502,0.2413619909690633,17.16572855814568,0.5373333333333333,0.022979555555555555,0.15159009055857034,0.5373333333333333,0.022979555555555555,0.15159009055857034
6,5,19,101001001011001010100101000010,0.42833333333333334,0.4481285538058728,0.5625,12,"[0, 2, 5, 8, 10, 11, 14, 16, 18, 21, 23, 28]",12,"[0, 2, 5, 8, 10, 11, 14, 16, 18, 21, 23, 28]",0,[],0.4481285538058728,0.0655228795833475,0.2559743729035145,15.261844509259753,0.5716666666666667,0.025713888888888897,0.1603555078221166,0.5716666666666667,0.025713888888888897,0.1603555078221166
6,5,20,111111101011110001010111101000,0.4605263157894738,0.33254452162471254,0.4925000071525574,19,"[0, 1, 2, 3, 4, 5, 6, 8, 10, 11, 12, 13, 17, 19, 21, 22, 23, 24, 26]",19,"[0, 1, 2, 3, 4, 5, 6, 8, 10, 11, 12, 13, 17, 19, 21, 22, 23, 24, 26]",0,[],0.33254452162471254,0.0870241563867374,0.2949985701435473,11.491062269606804,0.5394736842105262,0.022247091412742382,0.14915458897647896,0.5394736842105262,0.022247091412742382,0.14915458897647896
6,5,21,111111101010011101110011000011,0.49315789473684213,0.28728225890939174,0.5920000076293945,19,"[0, 1, 2, 3, 4, 5, 6, 8, 10, 13, 14, 15, 17, 18, 19, 22, 23, 28, 29]",19,"[0, 1, 2, 3, 4, 5, 6, 8, 10, 13, 14, 15, 17, 18, 19, 22, 23, 28, 29]",0,[],0.28728225890939174,0.05986968396810188,0.24468282319791448,16.70294435716067,0.5068421052631579,0.018095290858725757,0.1345187379465246,0.5068421052631579,0.018095290858725757,0.1345187379465246
6,5,22,111100001000010101100111111000,0.5173333333333333,0.2982572886471947,0.49400001764297485,15,"[0, 1, 2, 3, 8, 13, 15, 17, 18, 21, 22, 23, 24, 25, 26]",15,"[0, 1, 2, 3, 8, 13, 15, 17, 18, 21, 22, 23, 24, 25, 26]",0,[],0.2982572886471947,0.08968230547220762,0.2994700410261561,11.150471597877221,0.4826666666666667,0.022686222222222222,0.15061946163169693,0.4826666666666667,0.022686222222222222,0.15061946163169693
6,5,23,001001001000100010100100000010,0.40374999999999994,0.5402872825507075,0.6259999871253967,8,"[2, 5, 8, 12, 16, 18, 21, 28]",8,"[2, 5, 8, 12, 16, 18, 21, 28]",0,[],0.5402872825507075,0.07598469848887188,0.2756532214375009,13.160544423907297,0.5962500000000001,0.0198984375,0.14106182155353023,0.5962500000000001,0.0198984375,0.14106182155353023
7,1,0,101111111010101010110010001110,0.5055555555555555,0.33766235162814456,0.5029999911785126,18,"[0, 2, 3, 4, 5, 6, 7, 8, 10, 12, 14, 16, 18, 19, 22, 26, 27, 28]",18,"[0, 2, 3, 4, 5, 6, 7, 8, 10, 12, 14, 16, 18, 19, 22, 26, 27, 28]",0,[],0.33766235162814456,0.06867820560193366,0.2620652697362504,14.560659982820585,0.49444444444444446,0.018569135802469137,0.13626861635192872,0.49444444444444446,0.018569135802469137,0.13626861635192872
7,1,1,110001001000101101111011110100,0.49,0.4456647199112922,0.5399999916553497,16,"[0, 1, 5, 8, 12, 14, 15, 17, 18, 19, 20, 22, 23, 24, 25, 27]",16,"[0, 1, 5, 8, 12, 14, 15, 17, 18, 19, 20, 22, 23, 24, 25, 27]",0,[],0.4456647199112922,0.10632785669672662,0.3260795251111707,9.404873107263393,0.51,0.019825000000000002,0.14080127840328724,0.51,0.019825000000000002,0.14080127840328724
7,1,2,100100110010100000100000010111,0.5609090909090909,0.48953879573805764,0.4674999713897705,11,"[0, 3, 6, 7, 10, 12, 18, 25, 27, 28, 29]",11,"[0, 3, 6, 7, 10, 12, 18, 25, 27, 28, 29]",0,[],0.48953879573805764,0.08331959857846143,0.2886513443212441,12.001978130731244,0.4390909090909091,0.033190082644628104,0.18218145527091417,0.4390909090909091,0.033190082644628104,0.18218145527091417
7,1,3,110000000111101100011001110110,0.502,0.48484391284485656,0.534500002861023,15,"[0, 1, 9, 10, 11, 12, 14, 15, 19, 20, 23, 24, 25, 27, 28]",15,"[0, 1, 9, 10, 11, 12, 14, 15, 19, 20, 23, 24, 25, 27, 28]",0,[],0.48484391284485656,0.10068170293492783,0.31730380226988747,9.932291278846522,0.49800000000000005,0.024349333333333337,0.15604272919086407,0.49800000000000005,0.024349333333333337,0.15604272919086407
7,1,4,101100100000101011111000010100,0.5092307692307693,0.42078958824276924,0.49550002813339233,13,"[0, 2, 3, 6, 12, 14, 16, 17, 18, 19, 20, 25, 27]",13,"[0, 2, 3, 6, 12, 14, 16, 17, 18, 19, 20, 25, 27]",0,[],0.42078958824276924,0.08175072344731842,0.28592083423094306,12.232307652230348,0.49076923076923074,0.021345562130177517,0.14610120509488453,0.49076923076923074,0.021345562130177517,0.14610120509488453
7,1,5,111111101011110101010101000011,0.5036842105263157,0.45604440020887477,0.5320000052452087,19,"[0, 1, 2, 3, 4, 5, 6, 8, 10, 11, 12, 13, 15, 17, 19, 21, 23, 28, 29]",19,"[0, 1, 2, 3, 4, 5, 6, 8, 10, 11, 12, 13, 15, 17, 19, 21, 23, 28, 29]",0,[],0.45604440020887477,0.08026831759344315,0.28331663839852955,12.45821551991376,0.4963157894736842,0.024191689750692524,0.15553677941468547,0.4963157894736842,0.024191689750692524,0.15553677941468547
7,1,6,011101010000000111110100000111,0.5007142857142857,0.3937220452353358,0.56700000166893,14,"[1, 2, 3, 5, 7, 15, 16, 17, 18, 19, 21, 27, 28, 29]",14,"[1, 2, 3, 5, 7, 15, 16, 17, 18, 19, 21, 27, 28, 29]",0,[],0.3937220452353358,0.05771180636888933,0.24023281701068513,17.32747704357196,0.4992857142857144,0.021435204081632655,0.14640766401262148,0.4992857142857144,0.021435204081632655,0.14640766401262148
7,1,7,001110001010011011111010010000,0.5171428571428571,0.30138747793223175,0.5135000050067902,14,"[2, 3, 4, 8, 10, 13, 14, 16, 17, 18, 19, 20, 22, 25]",14,"[2, 3, 4, 8, 10, 13, 14, 16, 17, 18, 19, 20, 22, 25]",0,[],0.30138747793223175,0.06665271383337726,0.258171868787785,15.003140044677915,0.48285714285714293,0.0074775510204081646,0.0864728340024089,0.48285714285714293,0.0074775510204081646,0.0864728340024089
7,1,8,100111100111011101101110010101,0.5010526315789472,0.4400465635484771,0.5600000023841858,19,"[0, 3, 4, 5, 6, 9, 10, 11, 13, 14, 15, 17, 18, 20, 21, 22, 25, 27, 29]",19,"[0, 3, 4, 5, 6, 9, 10, 11, 13, 14, 15, 17, 18, 20, 21, 22, 25, 27, 29]",0,[],0.4400465635484771,0.08784043637884227,0.29637887303052196,11.384278599062897,0.49894736842105275,0.028988365650969534,0.17025970060754111,0.49894736842105275,0.028988365650969534,0.17025970060754111
7,1,9,100001010001010000010110100110,0.48545454545454547,0.3868364454670386,0.6344999969005585,11,"[0, 5, 7, 11, 13, 19, 21, 22, 24, 27, 28]",11,"[0, 5, 7, 11, 13, 19, 21, 22, 24, 27, 28]",0,[],0.3868364454670386,0.06491918206097554,0.254792429363542,15.403767703985348,0.5145454545454545,0.03591570247933884,0.18951438594296435,0.5145454545454545,0.03591570247933884,0.18951438594296435
7,1,10,101001001011101010100100101001,0.49357142857142844,0.41319955033915384,0.5699999928474426,14,"[0, 2, 5, 8, 10, 11, 12, 14, 16, 18, 21, 24, 26, 29]",14,"[0, 2, 5, 8, 10, 11, 12, 14, 16, 18, 21, 24, 26, 29]",0,[],0.41319955033915384,0.10212249332778502,0.31956610165626925,9.792162014594336,0.5064285714285716,0.030722959183673466,0.17527965992571262,0.5064285714285716,0.030722959183673466,0.17527965992571262
7,2,0,101111111010101010110010001110,0.5055555555555555,0.33766235162814456,0.5029999911785126,18,"[0, 2, 3, 4, 5, 6, 7, 8, 10, 12, 14, 16, 18, 19, 22, 26, 27, 28]",18,"[0, 2, 3, 4, 5, 6, 7, 8, 10, 12, 14, 16, 18, 19, 22, 26, 27, 28]",0,[],0.33766235162814456,0.06867820560193366,0.2620652697362504,14.560659982820585,0.49444444444444446,0.018569135802469137,0.13626861635192872,0.49444444444444446,0.018569135802469137,0.13626861635192872
7,2,1,110001001000101101111011110100,0.49,0.4456647199112922,0.5399999916553497,16,"[0, 1, 5, 8, 12, 14, 15, 17, 18, 19, 20, 22, 23, 24, 25, 27]",16,"[0, 1, 5, 8, 12, 14, 15, 17, 18, 19, 20, 22, 23, 24, 25, 27]",0,[],0.4456647199112922,0.10632785669672662,0.3260795251111707,9.404873107263393,0.51,0.019825000000000002,0.14080127840328724,0.51,0.019825000000000002,0.14080127840328724
7,2,2,101100100000101011111000010100,0.5092307692307693,0.42078958824276924,0.49550002813339233,13,"[0, 2, 3, 6, 12, 14, 16, 17, 18, 19, 20, 25, 27]",13,"[0, 2, 3, 6, 12, 14, 16, 17, 18, 19, 20, 25, 27]",0,[],0.42078958824276924,0.08175072344731842,0.28592083423094306,12.232307652230348,0.49076923076923074,0.021345562130177517,0.14610120509488453,0.49076923076923074,0.021345562130177517,0.14610120509488453
7,2,3,001110001010011011111010010000,0.5171428571428571,0.30138747793223175,0.5135000050067902,14,"[2, 3, 4, 8, 10, 13, 14, 16, 17, 18, 19, 20, 22, 25]",14,"[2, 3, 4, 8, 10, 13, 14, 16, 17, 18, 19, 20, 22, 25]",0,[],0.30138747793223175,0.06665271383337726,0.258171868787785,15.003140044677915,0.48285714285714293,0.0074775510204081646,0.0864728340024089,0.48285714285714293,0.0074775510204081646,0.0864728340024089
7,2,4,001110110011000011000011010000,0.5183333333333333,0.4302230371783177,0.49049997329711914,12,"[2, 3, 4, 6, 7, 10, 11, 16, 17, 22, 23, 25]",12,"[2, 3, 4, 6, 7, 10, 11, 16, 17, 22, 23, 25]",0,[],0.4302230371783177,0.07983103133403524,0.2825438573638352,12.526457234602443,0.4816666666666667,0.015847222222222228,0.125885750671878,0.4816666666666667,0.015847222222222228,0.125885750671878
7,2,5,000101111000011101101011011000,0.4933333333333333,0.4142428055405617,0.49650001525878906,15,"[3, 5, 6, 7, 8, 13, 14, 15, 17, 18, 20, 22, 23, 25, 26]",15,"[3, 5, 6, 7, 8, 13, 14, 15, 17, 18, 20, 22, 23, 25, 26]",0,[],0.4142428055405617,0.09403802351936368,0.3066561975883802,10.633996362057596,0.5066666666666667,0.008968888888888889,0.0947042179044254,0.5066666666666667,0.008968888888888889,0.0947042179044254
7,2,6,111000001010011010100110001010,0.5138461538461537,0.2278569730428549,0.640500009059906,13,"[0, 1, 2, 8, 10, 13, 14, 16, 18, 21, 22, 26, 28]",13,"[0, 1, 2, 8, 10, 13, 14, 16, 18, 21, 22, 26, 28]",0,[],0.2278569730428549,0.03422540262098122,0.18500108816161384,29.2180638771206,0.48615384615384627,0.016208284023668636,0.12731175917278276,0.48615384615384627,0.016208284023668636,0.12731175917278276
7,2,7,101111111010100000100000001110,0.5042857142857142,0.39482247177511454,0.539000004529953,14,"[0, 2, 3, 4, 5, 6, 7, 8, 10, 12, 18, 26, 27, 28]",14,"[0, 2, 3, 4, 5, 6, 7, 8, 10, 12, 18, 26, 27, 28]",0,[],0.39482247177511454,0.07225181786880326,0.26879698262592766,13.840482212029961,0.4957142857142857,0.023567346938775515,0.15351660150868215,0.4957142857142857,0.023567346938775515,0.15351660150868215
7,2,8,010110101011000011000000111100,0.4707692307692307,0.37461842911747784,0.5439999997615814,13,"[1, 3, 4, 6, 8, 10, 11, 16, 17, 24, 25, 26, 27]",13,"[1, 3, 4, 6, 8, 10, 11, 16, 17, 24, 25, 26, 27]",0,[],0.37461842911747784,0.0804520808644898,0.28364076023112367,12.429759295901361,0.5292307692307693,0.020622485207100597,0.143605310511487,0.5292307692307693,0.020622485207100597,0.143605310511487
7,2,9,101111111001101110110010001110,0.4905263157894736,0.3697847504364817,0.5685000121593475,19,"[0, 2, 3, 4, 5, 6, 7, 8, 11, 12, 14, 15, 16, 18, 19, 22, 26, 27, 28]",19,"[0, 2, 3, 4, 5, 6, 7, 8, 11, 12, 14, 15, 16, 18, 19, 22, 26, 27, 28]",0,[],0.3697847504364817,0.07471592836860363,0.2733421452476797,13.384026964994653,0.5094736842105264,0.022247091412742385,0.14915458897647899,0.5094736842105264,0.022247091412742385,0.14915458897647899
7,2,10,100100110010100001101110010101,0.5264285714285715,0.48537927879286663,0.46399998664855957,14,"[0, 3, 6, 7, 10, 12, 17, 18, 20, 21, 22, 25, 27, 29]",14,"[0, 3, 6, 7, 10, 12, 17, 18, 20, 21, 22, 25, 27, 29]",0,[],0.48537927879286663,0.07758631131877289,0.27854319470913824,12.888871541931891,0.4735714285714286,0.030594387755102044,0.1749125145754358,0.4735714285714286,0.030594387755102044,0.1749125145754358
7,2,11,010110001010111111111000110000,0.5081249999999999,0.32362483884207904,0.551499992609024,16,"[1, 3, 4, 8, 10, 12, 13, 14, 15, 16, 17, 18, 19, 20, 24, 25]",16,"[1, 3, 4, 8, 10, 12, 13, 14, 15, 16, 17, 18, 19, 20, 24, 25]",0,[],0.32362483884207904,0.08369930946965924,0.28930832941631535,11.947529870153792,0.491875,0.006665234375000002,0.08164088666226012,0.491875,0.006665234375000002,0.08164088666226012
7,2,12,101001001011101011111100010100,0.4575,0.4751828194130212,0.5954999923706055,16,"[0, 2, 5, 8, 10, 11, 12, 14, 16, 17, 18, 19, 20, 21, 25, 27]",16,"[0, 2, 5, 8, 10, 11, 12, 14, 16, 17, 18, 19, 20, 21, 25, 27]",0,[],0.4751828194130212,0.08343045590058001,0.28884330683015663,11.986030631207997,0.5425,0.02570625,0.1603316874482396,0.5425,0.02570625,0.1603316874482396
7,2,13,100100110010101010110010010111,0.5473333333333333,0.39568896517157554,0.4819999933242798,15,"[0, 3, 6, 7, 10, 12, 14, 16, 18, 19, 22, 25, 27, 28, 29]",15,"[0, 3, 6, 7, 10, 12, 14, 16, 18, 19, 22, 25, 27, 28, 29]",0,[],0.39568896517157554,0.08657870687880125,0.2942425986814303,11.550184058533791,0.45266666666666666,0.02512622222222222,0.15851253017418598,0.45266666666666666,0.02512622222222222,0.15851253017418598
7,3,0,101111111010101010110010001110,0.5055555555555555,0.33766235162814456,0.5029999911785126,18,"[0, 2, 3, 4, 5, 6, 7, 8, 10, 12, 14, 16, 18, 19, 22, 26, 27, 28]",18,"[0, 2, 3, 4, 5, 6, 7, 8, 10, 12, 14, 16, 18, 19, 22, 26, 27, 28]",0,[],0.33766235162814456,0.06867820560193366,0.2620652697362504,14.560659982820585,0.49444444444444446,0.018569135802469137,0.13626861635192872,0.49444444444444446,0.018569135802469137,0.13626861635192872
7,3,1,110001001000101101111011110100,0.49,0.4456647199112922,0.5399999916553497,16,"[0, 1, 5, 8, 12, 14, 15, 17, 18, 19, 20, 22, 23, 24, 25, 27]",16,"[0, 1, 5, 8, 12, 14, 15, 17, 18, 19, 20, 22, 23, 24, 25, 27]",0,[],0.4456647199112922,0.10632785669672662,0.3260795251111707,9.404873107263393,0.51,0.019825000000000002,0.14080127840328724,0.51,0.019825000000000002,0.14080127840328724
7,3,2,101100100000101011111000010100,0.5092307692307693,0.42078958824276924,0.49550002813339233,13,"[0, 2, 3, 6, 12, 14, 16, 17, 18, 19, 20, 25, 27]",13,"[0, 2, 3, 6, 12, 14, 16, 17, 18, 19, 20, 25, 27]",0,[],0.42078958824276924,0.08175072344731842,0.28592083423094306,12.232307652230348,0.49076923076923074,0.021345562130177517,0.14610120509488453,0.49076923076923074,0.021345562130177517,0.14610120509488453
7,3,3,001110001010011011111010010000,0.5171428571428571,0.30138747793223175,0.5135000050067902,14,"[2, 3, 4, 8, 10, 13, 14, 16, 17, 18, 19, 20, 22, 25]",14,"[2, 3, 4, 8, 10, 13, 14, 16, 17, 18, 19, 20, 22, 25]",0,[],0.30138747793223175,0.06665271383337726,0.258171868787785,15.003140044677915,0.48285714285714293,0.0074775510204081646,0.0864728340024089,0.48285714285714293,0.0074775510204081646,0.0864728340024089
7,3,4,000101111000011101101011011000,0.4933333333333333,0.4142428055405617,0.49650001525878906,15,"[3, 5, 6, 7, 8, 13, 14, 15, 17, 18, 20, 22, 23, 25, 26]",15,"[3, 5, 6, 7, 8, 13, 14, 15, 17, 18, 20, 22, 23, 25, 26]",0,[],0.4142428055405617,0.09403802351936368,0.3066561975883802,10.633996362057596,0.5066666666666667,0.008968888888888889,0.0947042179044254,0.5066666666666667,0.008968888888888889,0.0947042179044254
7,3,5,111000001010011010100110001010,0.5138461538461537,0.2278569730428549,0.640500009059906,13,"[0, 1, 2, 8, 10, 13, 14, 16, 18, 21, 22, 26, 28]",13,"[0, 1, 2, 8, 10, 13, 14, 16, 18, 21, 22, 26, 28]",0,[],0.2278569730428549,0.03422540262098122,0.18500108816161384,29.2180638771206,0.48615384615384627,0.016208284023668636,0.12731175917278276,0.48615384615384627,0.016208284023668636,0.12731175917278276
7,3,6,010110101011000011000000111100,0.4707692307692307,0.37461842911747784,0.5439999997615814,13,"[1, 3, 4, 6, 8, 10, 11, 16, 17, 24, 25, 26, 27]",13,"[1, 3, 4, 6, 8, 10, 11, 16, 17, 24, 25, 26, 27]",0,[],0.37461842911747784,0.0804520808644898,0.28364076023112367,12.429759295901361,0.5292307692307693,0.020622485207100597,0.143605310511487,0.5292307692307693,0.020622485207100597,0.143605310511487
7,3,7,010110001010111111111000110000,0.5081249999999999,0.32362483884207904,0.551499992609024,16,"[1, 3, 4, 8, 10, 12, 13, 14, 15, 16, 17, 18, 19, 20, 24, 25]",16,"[1, 3, 4, 8, 10, 12, 13, 14, 15, 16, 17, 18, 19, 20, 24, 25]",0,[],0.32362483884207904,0.08369930946965924,0.28930832941631535,11.947529870153792,0.491875,0.006665234375000002,0.08164088666226012,0.491875,0.006665234375000002,0.08164088666226012
7,3,8,101001001011101011111100010100,0.4575,0.4751828194130212,0.5954999923706055,16,"[0, 2, 5, 8, 10, 11, 12, 14, 16, 17, 18, 19, 20, 21, 25, 27]",16,"[0, 2, 5, 8, 10, 11, 12, 14, 16, 17, 18, 19, 20, 21, 25, 27]",0,[],0.4751828194130212,0.08343045590058001,0.28884330683015663,11.986030631207997,0.5425,0.02570625,0.1603316874482396,0.5425,0.02570625,0.1603316874482396
7,3,9,110100101011101011111100010100,0.4623529411764705,0.43184182814815464,0.5629999935626984,17,"[0, 1, 3, 6, 8, 10, 11, 12, 14, 16, 17, 18, 19, 20, 21, 25, 27]",17,"[0, 1, 3, 6, 8, 10, 11, 12, 14, 16, 17, 18, 19, 20, 21, 25, 27]",0,[],0.43184182814815464,0.08194115778423859,0.28625365986173623,12.203879308529253,0.5376470588235295,0.02344152249134948,0.15310624576205073,0.5376470588235295,0.02344152249134948,0.15310624576205073
7,3,10,101111101001111110110010101110,0.49,0.34216183312237264,0.5430000126361847,20,"[0, 2, 3, 4, 5, 6, 8, 11, 12, 13, 14, 15, 16, 18, 19, 22, 24, 26, 27, 28]",20,"[0, 2, 3, 4, 5, 6, 8, 11, 12, 13, 14, 15, 16, 18, 19, 22, 24, 26, 27, 28]",0,[],0.34216183312237264,0.07767400790473758,0.2787005703344318,12.8743195693782,0.51,0.020590000000000004,0.14349216006458335,0.51,0.020590000000000004,0.14349216006458335
7,3,11,000110101001000011000000111100,0.4672727272727273,0.41241409189321776,0.5480000078678131,11,"[3, 4, 6, 8, 11, 16, 17, 24, 25, 26, 27]",11,"[3, 4, 6, 8, 11, 16, 17, 24, 25, 26, 27]",0,[],0.41241409189321776,0.08478155129620789,0.2911727172937188,11.795018901060471,0.5327272727272727,0.024274380165289263,0.1558023753518837,0.5327272727272727,0.024274380165289263,0.1558023753518837
7,3,12,010110000111100011000000101110,0.48307692307692296,0.3676089412317826,0.6144999861717224,13,"[1, 3, 4, 9, 10, 11, 12, 16, 17, 24, 26, 27, 28]",13,"[1, 3, 4, 9, 10, 11, 12, 16, 17, 24, 26, 27, 28]",0,[],0.3676089412317826,0.08565181905617145,0.2926633203122172,11.675175273792942,0.516923076923077,0.01675976331360947,0.12945950453176264,0.516923076923077,0.01675976331360947,0.12945950453176264
7,3,13,110100001110010101001000100100,0.5049999999999999,0.38274046406149864,0.5385000109672546,12,"[0, 1, 3, 8, 9, 10, 13, 15, 17, 20, 24, 27]",12,"[0, 1, 3, 8, 9, 10, 13, 15, 17, 20, 24, 27]",0,[],0.38274046406149864,0.05661191683461347,0.23793258884527244,17.66412543354447,0.49500000000000005,0.021025000000000005,0.14500000000000002,0.49500000000000005,0.021025000000000005,0.14500000000000002
7,3,14,111010111010101010110110000010,0.516875,0.30551776965148747,0.45649999380111694,16,"[0, 1, 2, 4, 6, 7, 8, 10, 12, 14, 16, 18, 19, 21, 22, 28]",16,"[0, 1, 2, 4, 6, 7, 8, 10, 12, 14, 16, 18, 19, 21, 22, 28]",0,[],0.30551776965148747,0.05638220831991216,0.2374493805422793,17.736091398300836,0.483125,0.015921484374999996,0.12618036445897593,0.483125,0.015921484374999996,0.12618036445897593
7,3,15,101111111111010000100000001110,0.49375,0.38942233088891953,0.5365000069141388,16,"[0, 2, 3, 4, 5, 6, 7, 8, 9, 10, 11, 13, 18, 26, 27, 28]",16,"[0, 2, 3, 4, 5, 6, 7, 8, 9, 10, 11, 13, 18, 26, 27, 28]",0,[],0.38942233088891953,0.06948468665503188,0.26359948151510443,14.391660208020566,0.50625,0.026348437500000002,0.16232201791500747,0.50625,0.026348437500000002,0.16232201791500747
7,3,16,000001010001010101101000100000,0.4633333333333334,0.40576779945856994,0.6475000083446503,9,"[5, 7, 11, 13, 15, 17, 18, 20, 24]",9,"[5, 7, 11, 13, 15, 17, 18, 20, 24]",0,[],0.40576779945856994,0.08057858613499475,0.2838636752650729,12.410245053501958,0.5366666666666666,0.015155555555555561,0.12310790208412928,0.5366666666666666,0.015155555555555561,0.12310790208412928
7,3,17,111000110000011000100110000010,0.5354545454545454,0.25222383541139687,0.5575000047683716,11,"[0, 1, 2, 6, 7, 13, 14, 18, 21, 22, 28]",11,"[0, 1, 2, 6, 7, 13, 14, 18, 21, 22, 28]",0,[],0.25222383541139687,0.03236724239943484,0.17990898365405447,30.895433959411413,0.4645454545454546,0.018261157024793383,0.1351338485531785,0.4645454545454546,0.018261157024793383,0.1351338485531785
7,3,18,100001110001010101101100000100,0.44666666666666666,0.4621243056220313,0.6430000066757202,12,"[0, 5, 6, 7, 11, 13, 15, 17, 18, 20, 21, 27]",12,"[0, 5, 6, 7, 11, 13, 15, 17, 18, 20, 21, 27]",0,[],0.4621243056220313,0.06052870782697562,0.24602582756079822,16.52108620687147,0.5533333333333333,0.02975555555555555,0.17249798710580813,0.5533333333333333,0.02975555555555555,0.17249798710580813
7,4,0,101111111010101010110010001110,0.5055555555555555,0.33766235162814456,0.5029999911785126,18,"[0, 2, 3, 4, 5, 6, 7, 8, 10, 12, 14, 16, 18, 19, 22, 26, 27, 28]",18,"[0, 2, 3, 4, 5, 6, 7, 8, 10, 12, 14, 16, 18, 19, 22, 26, 27, 28]",0,[],0.33766235162814456,0.06867820560193366,0.2620652697362504,14.560659982820585,0.49444444444444446,0.018569135802469137,0.13626861635192872,0.49444444444444446,0.018569135802469137,0.13626861635192872
7,4,1,001110001010011011111010010000,0.5171428571428571,0.30138747793223175,0.5135000050067902,14,"[2, 3, 4, 8, 10, 13, 14, 16, 17, 18, 19, 20, 22, 25]",14,"[2, 3, 4, 8, 10, 13, 14, 16, 17, 18, 19, 20, 22, 25]",0,[],0.30138747793223175,0.06665271383337726,0.258171868787785,15.003140044677915,0.48285714285714293,0.0074775510204081646,0.0864728340024089,0.48285714285714293,0.0074775510204081646,0.0864728340024089
7,4,2,000101111000011101101011011000,0.4933333333333333,0.4142428055405617,0.49650001525878906,15,"[3, 5, 6, 7, 8, 13, 14, 15, 17, 18, 20, 22, 23, 25, 26]",15,"[3, 5, 6, 7, 8, 13, 14, 15, 17, 18, 20, 22, 23, 25, 26]",0,[],0.4142428055405617,0.09403802351936368,0.3066561975883802,10.633996362057596,0.5066666666666667,0.008968888888888889,0.0947042179044254,0.5066666666666667,0.008968888888888889,0.0947042179044254
7,4,3,111000001010011010100110001010,0.5138461538461537,0.2278569730428549,0.640500009059906,13,"[0, 1, 2, 8, 10, 13, 14, 16, 18, 21, 22, 26, 28]",13,"[0, 1, 2, 8, 10, 13, 14, 16, 18, 21, 22, 26, 28]",0,[],0.2278569730428549,0.03422540262098122,0.18500108816161384,29.2180638771206,0.48615384615384627,0.016208284023668636,0.12731175917278276,0.48615384615384627,0.016208284023668636,0.12731175917278276
7,4,4,010110101011000011000000111100,0.4707692307692307,0.37461842911747784,0.5439999997615814,13,"[1, 3, 4, 6, 8, 10, 11, 16, 17, 24, 25, 26, 27]",13,"[1, 3, 4, 6, 8, 10, 11, 16, 17, 24, 25, 26, 27]",0,[],0.37461842911747784,0.0804520808644898,0.28364076023112367,12.429759295901361,0.5292307692307693,0.020622485207100597,0.143605310511487,0.5292307692307693,0.020622485207100597,0.143605310511487
7,4,5,010110001010111111111000110000,0.5081249999999999,0.32362483884207904,0.551499992609024,16,"[1, 3, 4, 8, 10, 12, 13, 14, 15, 16, 17, 18, 19, 20, 24, 25]",16,"[1, 3, 4, 8, 10, 12, 13, 14, 15, 16, 17, 18, 19, 20, 24, 25]",0,[],0.32362483884207904,0.08369930946965924,0.28930832941631535,11.947529870153792,0.491875,0.006665234375000002,0.08164088666226012,0.491875,0.006665234375000002,0.08164088666226012
7,4,6,110100101011101011111100010100,0.4623529411764705,0.43184182814815464,0.5629999935626984,17,"[0, 1, 3, 6, 8, 10, 11, 12, 14, 16, 17, 18, 19, 20, 21, 25, 27]",17,"[0, 1, 3, 6, 8, 10, 11, 12, 14, 16, 17, 18, 19, 20, 21, 25, 27]",0,[],0.43184182814815464,0.08194115778423859,0.28625365986173623,12.203879308529253,0.5376470588235295,0.02344152249134948,0.15310624576205073,0.5376470588235295,0.02344152249134948,0.15310624576205073
7,4,7,101111101001111110110010101110,0.49,0.34216183312237264,0.5430000126361847,20,"[0, 2, 3, 4, 5, 6, 8, 11, 12, 13, 14, 15, 16, 18, 19, 22, 24, 26, 27, 28]",20,"[0, 2, 3, 4, 5, 6, 8, 11, 12, 13, 14, 15, 16, 18, 19, 22, 24, 26, 27, 28]",0,[],0.34216183312237264,0.07767400790473758,0.2787005703344318,12.8743195693782,0.51,0.020590000000000004,0.14349216006458335,0.51,0.020590000000000004,0.14349216006458335
7,4,8,000110101001000011000000111100,0.4672727272727273,0.41241409189321776,0.5480000078678131,11,"[3, 4, 6, 8, 11, 16, 17, 24, 25, 26, 27]",11,"[3, 4, 6, 8, 11, 16, 17, 24, 25, 26, 27]",0,[],0.41241409189321776,0.08478155129620789,0.2911727172937188,11.795018901060471,0.5327272727272727,0.024274380165289263,0.1558023753518837,0.5327272727272727,0.024274380165289263,0.1558023753518837
7,4,9,010110000111100011000000101110,0.48307692307692296,0.3676089412317826,0.6144999861717224,13,"[1, 3, 4, 9, 10, 11, 12, 16, 17, 24, 26, 27, 28]",13,"[1, 3, 4, 9, 10, 11, 12, 16, 17, 24, 26, 27, 28]",0,[],0.3676089412317826,0.08565181905617145,0.2926633203122172,11.675175273792942,0.516923076923077,0.01675976331360947,0.12945950453176264,0.516923076923077,0.01675976331360947,0.12945950453176264
7,4,10,111010111010101010110110000010,0.516875,0.30551776965148747,0.45649999380111694,16,"[0, 1, 2, 4, 6, 7, 8, 10, 12, 14, 16, 18, 19, 21, 22, 28]",16,"[0, 1, 2, 4, 6, 7, 8, 10, 12, 14, 16, 18, 19, 21, 22, 28]",0,[],0.30551776965148747,0.05638220831991216,0.2374493805422793,17.736091398300836,0.483125,0.015921484374999996,0.12618036445897593,0.483125,0.015921484374999996,0.12618036445897593
7,4,11,000001010001010101101000100000,0.4633333333333334,0.40576779945856994,0.6475000083446503,9,"[5, 7, 11, 13, 15, 17, 18, 20, 24]",9,"[5, 7, 11, 13, 15, 17, 18, 20, 24]",0,[],0.40576779945856994,0.08057858613499475,0.2838636752650729,12.410245053501958,0.5366666666666666,0.015155555555555561,0.12310790208412928,0.5366666666666666,0.015155555555555561,0.12310790208412928
7,4,12,100001110001010101101100000100,0.44666666666666666,0.4621243056220313,0.6430000066757202,12,"[0, 5, 6, 7, 11, 13, 15, 17, 18, 20, 21, 27]",12,"[0, 5, 6, 7, 11, 13, 15, 17, 18, 20, 21, 27]",0,[],0.4621243056220313,0.06052870782697562,0.24602582756079822,16.52108620687147,0.5533333333333333,0.02975555555555555,0.17249798710580813,0.5533333333333333,0.02975555555555555,0.17249798710580813
7,4,13,111000001111010010100110001010,0.49785714285714266,0.31773827211665256,0.5855000019073486,14,"[0, 1, 2, 8, 9, 10, 11, 13, 16, 18, 21, 22, 26, 28]",14,"[0, 1, 2, 8, 9, 10, 11, 13, 16, 18, 21, 22, 26, 28]",0,[],0.31773827211665256,0.06104458025585883,0.24707201431133155,16.381470653228444,0.5021428571428573,0.021845408163265304,0.14780192205538228,0.5021428571428573,0.021845408163265304,0.14780192205538228
7,4,14,101100100010101011111000010100,0.5071428571428571,0.40797456806259497,0.47850000858306885,14,"[0, 2, 3, 6, 10, 12, 14, 16, 17, 18, 19, 20, 25, 27]",14,"[0, 2, 3, 6, 10, 12, 14, 16, 17, 18, 19, 20, 25, 27]",0,[],0.40797456806259497,0.07804630770706181,0.27936769266875117,12.812905944934506,0.4928571428571429,0.019877551020408165,0.14098776904543234,0.4928571428571429,0.019877551020408165,0.14098776904543234
7,4,15,111000110010100001100110001010,0.523076923076923,0.323294952368507,0.42799997329711914,13,"[0, 1, 2, 6, 7, 10, 12, 17, 18, 21, 22, 26, 28]",13,"[0, 1, 2, 6, 7, 10, 12, 17, 18, 21, 22, 26, 28]",0,[],0.323294952368507,0.05331656338330718,0.23090379681440318,18.755897539958262,0.47692307692307695,0.01614437869822485,0.12706053163049827,0.47692307692307695,0.01614437869822485,0.12706053163049827
7,4,16,101111111110010110100010001110,0.5149999999999999,0.3416729063416521,0.484000027179718,18,"[0, 2, 3, 4, 5, 6, 7, 8, 9, 10, 13, 15, 16, 18, 22, 26, 27, 28]",18,"[0, 2, 3, 4, 5, 6, 7, 8, 9, 10, 13, 15, 16, 18, 22, 26, 27, 28]",0,[],0.3416729063416521,0.05629283956514651,0.23726112105683583,17.764248663326377,0.48500000000000004,0.01843611111111111,0.13577964174025173,0.48500000000000004,0.01843611111111111,0.13577964174025173
7,4,17,100001111001010101101100000100,0.43846153846153846,0.47515927613354647,0.5760000050067902,13,"[0, 5, 6, 7, 8, 11, 13, 15, 17, 18, 20, 21, 27]",13,"[0, 5, 6, 7, 8, 11, 13, 15, 17, 18, 20, 21, 27]",0,[],0.47515927613354647,0.057911578853579566,0.2406482471442075,17.267703968637164,0.5615384615384615,0.028274556213017745,0.16815039759993952,0.5615384615384615,0.028274556213017745,0.16815039759993952
7,4,18,000001110001010101101000100000,0.45799999999999996,0.41889472100883723,0.5909999907016754,10,"[5, 6, 7, 11, 13, 15, 17, 18, 20, 24]",10,"[5, 6, 7, 11, 13, 15, 17, 18, 20, 24]",0,[],0.41889472100883723,0.07407157214597712,0.27216093060168856,13.500455991797262,0.542,0.013896000000000006,0.11788129622633102,0.542,0.013896000000000006,0.11788129622633102
7,4,19,100110101011101011111100010100,0.46999999999999986,0.4287612304529723,0.5365000069141388,17,"[0, 3, 4, 6, 8, 10, 11, 12, 14, 16, 17, 18, 19, 20, 21, 25, 27]",17,"[0, 3, 4, 6, 8, 10, 11, 12, 14, 16, 17, 18, 19, 20, 21, 25, 27]",0,[],0.4287612304529723,0.08418618246419599,0.2901485524075486,11.878433856117606,0.5300000000000001,0.024952941176470594,0.1579649998463919,0.5300000000000001,0.024952941176470594,0.1579649998463919
7,4,20,011111111111100011000000101110,0.4783333333333334,0.4166749763405985,0.534500002861023,18,"[1, 2, 3, 4, 5, 6, 7, 8, 9, 10, 11, 12, 16, 17, 24, 26, 27, 28]",18,"[1, 2, 3, 4, 5, 6, 7, 8, 9, 10, 11, 12, 16, 17, 24, 26, 27, 28]",0,[],0.4166749763405985,0.07426750220240709,0.27252064546086613,13.464839537414642,0.5216666666666666,0.016502777777777783,0.12846313781695426,0.5216666666666666,0.016502777777777783,0.12846313781695426
7,4,21,111010111010011010100110001010,0.5225,0.24469122244045138,0.453499972820282,16,"[0, 1, 2, 4, 6, 7, 8, 10, 13, 14, 16, 18, 21, 22, 26, 28]",16,"[0, 1, 2, 4, 6, 7, 8, 10, 13, 14, 16, 18, 21, 22, 26, 28]",0,[],0.24469122244045138,0.03708549816497969,0.1925759542751371,26.9647180024755,0.47750000000000004,0.015606249999999999,0.12492497748648985,0.47750000000000004,0.015606249999999999,0.12492497748648985
7,4,22,000011010000011101101000100000,0.507,0.29245512671768664,0.6349999904632568,10,"[4, 5, 7, 13, 14, 15, 17, 18, 20, 24]",10,"[4, 5, 7, 13, 14, 15, 17, 18, 20, 24]",0,[],0.29245512671768664,0.07222641209717992,0.2687497201806542,13.845350626783315,0.493,0.007581000000000002,0.08706893820416096,0.493,0.007581000000000002,0.08706893820416096
7,4,23,010110100010111000000000101010,0.5218181818181817,0.2435695757581429,0.6105000078678131,11,"[1, 3, 4, 6, 10, 12, 13, 14, 24, 26, 28]",11,"[1, 3, 4, 6, 10, 12, 13, 14, 24, 26, 28]",0,[],0.2435695757581429,0.06566559737743137,0.256252994865292,15.228674373465616,0.47818181818181826,0.004323966942148761,0.0657568775273641,0.47818181818181826,0.004323966942148761,0.0657568775273641
7,4,24,110001001011101001110001101010,0.47999999999999987,0.3815764173865318,0.5254999995231628,15,"[0, 1, 5, 8, 10, 11, 12, 14, 17, 18, 19, 23, 24, 26, 28]",15,"[0, 1, 5, 8, 10, 11, 12, 14, 17, 18, 19, 23, 24, 26, 28]",0,[],0.3815764173865318,0.10474258768735781,0.3236395953639755,9.54721495887482,0.5200000000000001,0.01893333333333334,0.13759844960366865,0.5200000000000001,0.01893333333333334,0.13759844960366865
7,4,25,101111111001010010110010001110,0.49588235294117644,0.3407592237653101,0.5399999916553497,17,"[0, 2, 3, 4, 5, 6, 7, 8, 11, 13, 16, 18, 19, 22, 26, 27, 28]",17,"[0, 2, 3, 4, 5, 6, 7, 8, 11, 13, 16, 18, 19, 22, 26, 27, 28]",0,[],0.3407592237653101,0.06368255276042677,0.2523540226753415,15.702888101266788,0.5041176470588236,0.024800692041522493,0.15748235469893918,0.5041176470588236,0.024800692041522493,0.15748235469893918
7,4,26,111010111000101010110110101010,0.5229411764705882,0.2817572442924275,0.4505000114440918,17,"[0, 1, 2, 4, 6, 7, 8, 12, 14, 16, 18, 19, 21, 22, 24, 26, 28]",17,"[0, 1, 2, 4, 6, 7, 8, 12, 14, 16, 18, 19, 21, 22, 24, 26, 28]",0,[],0.2817572442924275,0.05881644157936681,0.24252101265533016,17.002048630408925,0.4770588235294118,0.015185467128027682,0.12322932738608809,0.4770588235294118,0.015185467128027682,0.12322932738608809
7,4,27,100001110001110101101100010100,0.46499999999999997,0.5221699200836676,0.5525000095367432,14,"[0, 5, 6, 7, 11, 12, 13, 15, 17, 18, 20, 21, 25, 27]",14,"[0, 5, 6, 7, 11, 12, 13, 15, 17, 18, 20, 21, 25, 27]",0,[],0.5221699200836676,0.07356724392809492,0.2712328223650208,13.593006161511312,0.535,0.029753571428571428,0.17249223585011422,0.535,0.029753571428571428,0.17249223585011422
7,4,28,100011001001111110110110000110,0.4650000000000001,0.3742892711888999,0.5665000081062317,16,"[0, 4, 5, 8, 11, 12, 13, 14, 15, 16, 18, 19, 21, 22, 27, 28]",16,"[0, 4, 5, 8, 11, 12, 13, 14, 15, 16, 18, 19, 21, 22, 27, 28]",0,[],0.3742892711888999,0.0857835323630827,0.29288825917588895,11.657249036650235,0.5349999999999999,0.0250625,0.15831140198987564,0.5349999999999999,0.0250625,0.15831140198987564
7,4,29,111000001000101010110110000010,0.5091666666666665,0.3078321749344468,0.5374999940395355,12,"[0, 1, 2, 8, 12, 14, 16, 18, 19, 21, 22, 28]",12,"[0, 1, 2, 8, 12, 14, 16, 18, 19, 21, 22, 28]",0,[],0.3078321749344468,0.0640589388410946,0.25309867411959036,15.610623873751832,0.49083333333333345,0.017774305555555554,0.13332031186415502,0.49083333333333345,0.017774305555555554,0.13332031186415502
7,5,0,001110001010011011111010010000,0.5171428571428571,0.30138747793223175,0.5135000050067902,14,"[2, 3, 4, 8, 10, 13, 14, 16, 17, 18, 19, 20, 22, 25]",14,"[2, 3, 4, 8, 10, 13, 14, 16, 17, 18, 19, 20, 22, 25]",0,[],0.30138747793223175,0.06665271383337726,0.258171868787785,15.003140044677915,0.48285714285714293,0.0074775510204081646,0.0864728340024089,0.48285714285714293,0.0074775510204081646,0.0864728340024089
7,5,1,111000001010011010100110001010,0.5138461538461537,0.2278569730428549,0.640500009059906,13,"[0, 1, 2, 8, 10, 13, 14, 16, 18, 21, 22, 26, 28]",13,"[0, 1, 2, 8, 10, 13, 14, 16, 18, 21, 22, 26, 28]",0,[],0.2278569730428549,0.03422540262098122,0.18500108816161384,29.2180638771206,0.48615384615384627,0.016208284023668636,0.12731175917278276,0.48615384615384627,0.016208284023668636,0.12731175917278276
7,5,2,010110101011000011000000111100,0.4707692307692307,0.37461842911747784,0.5439999997615814,13,"[1, 3, 4, 6, 8, 10, 11, 16, 17, 24, 25, 26, 27]",13,"[1, 3, 4, 6, 8, 10, 11, 16, 17, 24, 25, 26, 27]",0,[],0.37461842911747784,0.0804520808644898,0.28364076023112367,12.429759295901361,0.5292307692307693,0.020622485207100597,0.143605310511487,0.5292307692307693,0.020622485207100597,0.143605310511487
7,5,3,110100101011101011111100010100,0.4623529411764705,0.43184182814815464,0.5629999935626984,17,"[0, 1, 3, 6, 8, 10, 11, 12, 14, 16, 17, 18, 19, 20, 21, 25, 27]",17,"[0, 1, 3, 6, 8, 10, 11, 12, 14, 16, 17, 18, 19, 20, 21, 25, 27]",0,[],0.43184182814815464,0.08194115778423859,0.28625365986173623,12.203879308529253,0.5376470588235295,0.02344152249134948,0.15310624576205073,0.5376470588235295,0.02344152249134948,0.15310624576205073
7,5,4,000110101001000011000000111100,0.4672727272727273,0.41241409189321776,0.5480000078678131,11,"[3, 4, 6, 8, 11, 16, 17, 24, 25, 26, 27]",11,"[3, 4, 6, 8, 11, 16, 17, 24, 25, 26, 27]",0,[],0.41241409189321776,0.08478155129620789,0.2911727172937188,11.795018901060471,0.5327272727272727,0.024274380165289263,0.1558023753518837,0.5327272727272727,0.024274380165289263,0.1558023753518837
7,5,5,111010111010101010110110000010,0.516875,0.30551776965148747,0.45649999380111694,16,"[0, 1, 2, 4, 6, 7, 8, 10, 12, 14, 16, 18, 19, 21, 22, 28]",16,"[0, 1, 2, 4, 6, 7, 8, 10, 12, 14, 16, 18, 19, 21, 22, 28]",0,[],0.30551776965148747,0.05638220831991216,0.2374493805422793,17.736091398300836,0.483125,0.015921484374999996,0.12618036445897593,0.483125,0.015921484374999996,0.12618036445897593
7,5,6,000001010001010101101000100000,0.4633333333333334,0.40576779945856994,0.6475000083446503,9,"[5, 7, 11, 13, 15, 17, 18, 20, 24]",9,"[5, 7, 11, 13, 15, 17, 18, 20, 24]",0,[],0.40576779945856994,0.08057858613499475,0.2838636752650729,12.410245053501958,0.5366666666666666,0.015155555555555561,0.12310790208412928,0.5366666666666666,0.015155555555555561,0.12310790208412928
7,5,7,101100100010101011111000010100,0.5071428571428571,0.40797456806259497,0.47850000858306885,14,"[0, 2, 3, 6, 10, 12, 14, 16, 17, 18, 19, 20, 25, 27]",14,"[0, 2, 3, 6, 10, 12, 14, 16, 17, 18, 19, 20, 25, 27]",0,[],0.40797456806259497,0.07804630770706181,0.27936769266875117,12.812905944934506,0.4928571428571429,0.019877551020408165,0.14098776904543234,0.4928571428571429,0.019877551020408165,0.14098776904543234
7,5,8,111000110010100001100110001010,0.523076923076923,0.323294952368507,0.42799997329711914,13,"[0, 1, 2, 6, 7, 10, 12, 17, 18, 21, 22, 26, 28]",13,"[0, 1, 2, 6, 7, 10, 12, 17, 18, 21, 22, 26, 28]",0,[],0.323294952368507,0.05331656338330718,0.23090379681440318,18.755897539958262,0.47692307692307695,0.01614437869822485,0.12706053163049827,0.47692307692307695,0.01614437869822485,0.12706053163049827
7,5,9,101111111110010110100010001110,0.5149999999999999,0.3416729063416521,0.484000027179718,18,"[0, 2, 3, 4, 5, 6, 7, 8, 9, 10, 13, 15, 16, 18, 22, 26, 27, 28]",18,"[0, 2, 3, 4, 5, 6, 7, 8, 9, 10, 13, 15, 16, 18, 22, 26, 27, 28]",0,[],0.3416729063416521,0.05629283956514651,0.23726112105683583,17.764248663326377,0.48500000000000004,0.01843611111111111,0.13577964174025173,0.48500000000000004,0.01843611111111111,0.13577964174025173
7,5,10,100001111001010101101100000100,0.43846153846153846,0.47515927613354647,0.5760000050067902,13,"[0, 5, 6, 7, 8, 11, 13, 15, 17, 18, 20, 21, 27]",13,"[0, 5, 6, 7, 8, 11, 13, 15, 17, 18, 20, 21, 27]",0,[],0.47515927613354647,0.057911578853579566,0.2406482471442075,17.267703968637164,0.5615384615384615,0.028274556213017745,0.16815039759993952,0.5615384615384615,0.028274556213017745,0.16815039759993952
7,5,11,000001110001010101101000100000,0.45799999999999996,0.41889472100883723,0.5909999907016754,10,"[5, 6, 7, 11, 13, 15, 17, 18, 20, 24]",10,"[5, 6, 7, 11, 13, 15, 17, 18, 20, 24]",0,[],0.41889472100883723,0.07407157214597712,0.27216093060168856,13.500455991797262,0.542,0.013896000000000006,0.11788129622633102,0.542,0.013896000000000006,0.11788129622633102
7,5,12,100110101011101011111100010100,0.46999999999999986,0.4287612304529723,0.5365000069141388,17,"[0, 3, 4, 6, 8, 10, 11, 12, 14, 16, 17, 18, 19, 20, 21, 25, 27]",17,"[0, 3, 4, 6, 8, 10, 11, 12, 14, 16, 17, 18, 19, 20, 21, 25, 27]",0,[],0.4287612304529723,0.08418618246419599,0.2901485524075486,11.878433856117606,0.5300000000000001,0.024952941176470594,0.1579649998463919,0.5300000000000001,0.024952941176470594,0.1579649998463919
7,5,13,111010111010011010100110001010,0.5225,0.24469122244045138,0.453499972820282,16,"[0, 1, 2, 4, 6, 7, 8, 10, 13, 14, 16, 18, 21, 22, 26, 28]",16,"[0, 1, 2, 4, 6, 7, 8, 10, 13, 14, 16, 18, 21, 22, 26, 28]",0,[],0.24469122244045138,0.03708549816497969,0.1925759542751371,26.9647180024755,0.47750000000000004,0.015606249999999999,0.12492497748648985,0.47750000000000004,0.015606249999999999,0.12492497748648985
7,5,14,111010111000101010110110101010,0.5229411764705882,0.2817572442924275,0.4505000114440918,17,"[0, 1, 2, 4, 6, 7, 8, 12, 14, 16, 18, 19, 21, 22, 24, 26, 28]",17,"[0, 1, 2, 4, 6, 7, 8, 12, 14, 16, 18, 19, 21, 22, 24, 26, 28]",0,[],0.2817572442924275,0.05881644157936681,0.24252101265533016,17.002048630408925,0.4770588235294118,0.015185467128027682,0.12322932738608809,0.4770588235294118,0.015185467128027682,0.12322932738608809
7,5,15,100011001001111110110110000110,0.4650000000000001,0.3742892711888999,0.5665000081062317,16,"[0, 4, 5, 8, 11, 12, 13, 14, 15, 16, 18, 19, 21, 22, 27, 28]",16,"[0, 4, 5, 8, 11, 12, 13, 14, 15, 16, 18, 19, 21, 22, 27, 28]",0,[],0.3742892711888999,0.0857835323630827,0.29288825917588895,11.657249036650235,0.5349999999999999,0.0250625,0.15831140198987564,0.5349999999999999,0.0250625,0.15831140198987564
7,5,16,011110001010011101101000100000,0.5046153846153845,0.26328551282103246,0.5340000092983246,13,"[1, 2, 3, 4, 8, 10, 13, 14, 15, 17, 18, 20, 24]",13,"[1, 2, 3, 4, 8, 10, 13, 14, 15, 17, 18, 20, 24]",0,[],0.26328551282103246,0.049176359958803734,0.22175743495721567,20.334973976067463,0.4953846153846155,0.005609467455621304,0.07489637812084976,0.4953846153846155,0.005609467455621304,0.07489637812084976
7,5,17,001000001010011101101000100000,0.486,0.30051570050418375,0.5360000133514404,10,"[2, 8, 10, 13, 14, 15, 17, 18, 20, 24]",10,"[2, 8, 10, 13, 14, 15, 17, 18, 20, 24]",0,[],0.30051570050418375,0.054565129545899274,0.23359180111018296,18.32672273157194,0.514,0.004944000000000002,0.0703135833249878,0.514,0.004944000000000002,0.0703135833249878
7,5,18,000001010001010010110000100000,0.46875,0.3200965889263898,0.5845000147819519,8,"[5, 7, 11, 13, 16, 18, 19, 24]",8,"[5, 7, 11, 13, 16, 18, 19, 24]",0,[],0.3200965889263898,0.08156157075536773,0.2855898645879572,12.260676084811523,0.53125,0.017285937500000004,0.13147599590799838,0.53125,0.017285937500000004,0.13147599590799838
7,5,19,111010011001111010110110000010,0.506875,0.3122280559036881,0.49000000953674316,16,"[0, 1, 2, 4, 7, 8, 11, 12, 13, 14, 16, 18, 19, 21, 22, 28]",16,"[0, 1, 2, 4, 7, 8, 11, 12, 13, 14, 16, 18, 19, 21, 22, 28]",0,[],0.3122280559036881,0.07057526502145156,0.26566005537425375,14.169270206722526,0.49312500000000004,0.021308984375,0.14597597190976327,0.49312500000000004,0.021308984375,0.14597597190976327
7,5,20,110001001011101001110001000100,0.4392307692307692,0.4577648923374139,0.5354999899864197,13,"[0, 1, 5, 8, 10, 11, 12, 14, 17, 18, 19, 23, 27]",13,"[0, 1, 5, 8, 10, 11, 12, 14, 17, 18, 19, 23, 27]",0,[],0.4577648923374139,0.10714836495200804,0.32733524856331625,9.332853566621404,0.5607692307692308,0.023684023668639063,0.15389614572379343,0.5607692307692308,0.023684023668639063,0.15389614572379343
7,5,21,111000110010100001100111001010,0.5185714285714286,0.3674293467774987,0.43550002574920654,14,"[0, 1, 2, 6, 7, 10, 12, 17, 18, 21, 22, 23, 26, 28]",14,"[0, 1, 2, 6, 7, 10, 12, 17, 18, 21, 22, 23, 26, 28]",0,[],0.3674293467774987,0.07483021943538637,0.27355112764415057,13.363585026814865,0.48142857142857143,0.01525510204081632,0.12351154618421842,0.48142857142857143,0.01525510204081632,0.12351154618421842
7,5,22,011001110001000011000000101110,0.46499999999999997,0.3900834561015169,0.6105000078678131,12,"[1, 2, 5, 6, 7, 11, 16, 17, 24, 26, 27, 28]",12,"[1, 2, 5, 6, 7, 11, 16, 17, 24, 26, 27, 28]",0,[],0.3900834561015169,0.06379425585373005,0.25257524790392677,15.675392503877447,0.535,0.01974166666666667,0.14050504142793835,0.535,0.01974166666666667,0.14050504142793835
7,5,23,111000001010011010110110000010,0.513076923076923,0.24035655048031074,0.5715000033378601,13,"[0, 1, 2, 8, 10, 13, 14, 16, 18, 19, 21, 22, 28]",13,"[0, 1, 2, 8, 10, 13, 14, 16, 18, 19, 21, 22, 28]",0,[],0.24035655048031074,0.03141411095862588,0.17724026336762727,31.8328282890786,0.486923076923077,0.016221301775147925,0.12736287439889193,0.486923076923077,0.016221301775147925,0.12736287439889193
7,5,24,101111101010101110110010101110,0.5026315789473683,0.32625447723426315,0.49699997901916504,19,"[0, 2, 3, 4, 5, 6, 8, 10, 12, 14, 15, 16, 18, 19, 22, 24, 26, 27, 28]",19,"[0, 2, 3, 4, 5, 6, 8, 10, 12, 14, 15, 16, 18, 19, 22, 24, 26, 27, 28]",0,[],0.32625447723426315,0.06793448320121089,0.26064244320756913,14.720064875420672,0.4973684210526316,0.017008864265927983,0.13041803658209236,0.4973684210526316,0.017008864265927983,0.13041803658209236
7,5,25,010001001111100011000000101110,0.4438461538461538,0.4508858738610378,0.5925000011920929,13,"[1, 5, 8, 9, 10, 11, 12, 16, 17, 24, 26, 27, 28]",13,"[1, 5, 8, 9, 10, 11, 12, 16, 17, 24, 26, 27, 28]",0,[],0.4508858738610378,0.08815061929141565,0.2969016997112271,11.344219791515211,0.5561538461538462,0.015915976331360947,0.12615853649817338,0.5561538461538462,0.015915976331360947,0.12615853649817338
7,5,26,010110111001000011000110001000,0.4708333333333333,0.3326726794863741,0.49449998140335083,12,"[1, 3, 4, 6, 7, 8, 11, 16, 17, 21, 22, 26]",12,"[1, 3, 4, 6, 7, 8, 11, 16, 17, 21, 22, 26]",0,[],0.3326726794863741,0.055999146513614456,0.23664138799798834,17.857415018939278,0.5291666666666667,0.01630763888888889,0.12770136604159288,0.5291666666666667,0.01630763888888889,0.12770136604159288
7,5,27,111010101010011011111010001010,0.52,0.2539847515085164,0.49900001287460327,17,"[0, 1, 2, 4, 6, 8, 10, 13, 14, 16, 17, 18, 19, 20, 22, 26, 28]",17,"[0, 1, 2, 4, 6, 8, 10, 13, 14, 16, 17, 18, 19, 20, 22, 26, 28]",0,[],0.2539847515085164,0.04404119209182944,0.20985993446065268,22.706015720803364,0.48,0.011635294117647058,0.10786702052827388,0.48,0.011635294117647058,0.10786702052827388
8,1,0,101111111010101010110010001110,0.5222222222222223,0.5145171928322978,0.4984999895095825,18,"[0, 2, 3, 4, 5, 6, 7, 8, 10, 12, 14, 16, 18, 19, 22, 26, 27, 28]",18,"[0, 2, 3, 4, 5, 6, 7, 8, 10, 12, 14, 16, 18, 19, 22, 26, 27, 28]",0,[],0.5145171928322978,0.08839711185742219,0.29731651796935565,11.312586791443184,0.47777777777777775,0.026217283950617277,0.16191752206174995,0.47777777777777775,0.026217283950617277,0.16191752206174995
8,1,1,010110100011000011000000110000,0.561,0.43016670234501364,0.48000001907348633,10,"[1, 3, 4, 6, 10, 11, 16, 17, 24, 25]",10,"[1, 3, 4, 6, 10, 11, 16, 17, 24, 25]",0,[],0.43016670234501364,0.0869053821607519,0.29479718818325235,11.506767189059307,0.43899999999999995,0.014068999999999993,0.11861281549647151,0.43899999999999995,0.014068999999999993,0.11861281549647151
8,1,2,100100110010100000100000010111,0.5518181818181818,0.4123049598525871,0.48250001668930054,11,"[0, 3, 6, 7, 10, 12, 18, 25, 27, 28, 29]",11,"[0, 3, 6, 7, 10, 12, 18, 25, 27, 28, 29]",0,[],0.4123049598525871,0.09279743848341408,0.3046267199104735,10.776159518441153,0.4481818181818182,0.035942148760330576,0.18958414691194667,0.4481818181818182,0.035942148760330576,0.18958414691194667
8,1,3,110100111000011000000001111101,0.5578571428571428,0.3804200980812311,0.527999997138977,14,"[0, 1, 3, 6, 7, 8, 13, 14, 23, 24, 25, 26, 27, 29]",14,"[0, 1, 3, 6, 7, 8, 13, 14, 23, 24, 25, 26, 27, 29]",0,[],0.3804200980812311,0.0878428594017684,0.29638296071429004,11.383964579594144,0.4421428571428571,0.027745408163265307,0.16656952951625129,0.4421428571428571,0.027745408163265307,0.16656952951625129
8,1,4,110000000111101100011001110110,0.4720000000000001,0.48389855176210406,0.5320000052452087,15,"[0, 1, 9, 10, 11, 12, 14, 15, 19, 20, 23, 24, 25, 27, 28]",15,"[0, 1, 9, 10, 11, 12, 14, 15, 19, 20, 23, 24, 25, 27, 28]",0,[],0.48389855176210406,0.09803450820144989,0.31310462820189977,10.200489790239091,0.5279999999999999,0.020869333333333333,0.14446222112833976,0.5279999999999999,0.020869333333333333,0.14446222112833976
8,1,5,101100100000101011111000010100,0.5053846153846155,0.520852551723902,0.4909999966621399,13,"[0, 2, 3, 6, 12, 14, 16, 17, 18, 19, 20, 25, 27]",13,"[0, 2, 3, 6, 12, 14, 16, 17, 18, 19, 20, 25, 27]",0,[],0.520852551723902,0.10660193866956426,0.326499523230225,9.380692438434126,0.4946153846153845,0.024363313609467453,0.1560875190701276,0.4946153846153845,0.024363313609467453,0.1560875190701276
8,1,6,111111101011110101010101000011,0.516842105263158,0.4390058840968107,0.5185000002384186,19,"[0, 1, 2, 3, 4, 5, 6, 8, 10, 11, 12, 13, 15, 17, 19, 21, 23, 28, 29]",19,"[0, 1, 2, 3, 4, 5, 6, 8, 10, 11, 12, 13, 15, 17, 19, 21, 23, 28, 29]",0,[],0.4390058840968107,0.09705568221136653,0.3115376096258147,10.303363772377734,0.48315789473684206,0.020211080332409967,0.14216567916487427,0.48315789473684206,0.020211080332409967,0.14216567916487427
8,1,7,011101010000000111110100000111,0.515,0.4586214061294283,0.5424999892711639,14,"[1, 2, 3, 5, 7, 15, 16, 17, 18, 19, 21, 27, 28, 29]",14,"[1, 2, 3, 5, 7, 15, 16, 17, 18, 19, 21, 27, 28, 29]",0,[],0.4586214061294283,0.07935059490447927,0.2816923763691152,12.60229997271956,0.485,0.026853571428571428,0.16387059354433128,0.485,0.026853571428571428,0.16387059354433128
8,1,8,101111010110011100011001001001,0.545625,0.4348629768937826,0.5679999887943268,16,"[0, 2, 3, 4, 5, 7, 9, 10, 13, 14, 15, 19, 20, 23, 26, 29]",16,"[0, 2, 3, 4, 5, 7, 9, 10, 13, 14, 15, 19, 20, 23, 26, 29]",0,[],0.4348629768937826,0.06807469319859617,0.26091127457163704,14.689746703414036,0.454375,0.022574609374999995,0.1502484920889391,0.454375,0.022574609374999995,0.1502484920889391
8,1,9,100000100101010101101001111111,0.506875,0.43498756014741957,0.5690000057220459,16,"[0, 6, 9, 11, 13, 15, 17, 18, 20, 23, 24, 25, 26, 27, 28, 29]",16,"[0, 6, 9, 11, 13, 15, 17, 18, 20, 23, 24, 25, 26, 27, 28, 29]",0,[],0.43498756014741957,0.0850128757691472,0.29156967566800773,11.762924038889166,0.49312500000000004,0.025033984375,0.15822131454074068,0.49312500000000004,0.025033984375,0.15822131454074068
8,1,10,101001001011101010100100101001,0.4971428571428572,0.571032069091286,0.5300000011920929,14,"[0, 2, 5, 8, 10, 11, 12, 14, 16, 18, 21, 24, 26, 29]",14,"[0, 2, 5, 8, 10, 11, 12, 14, 16, 18, 21, 24, 26, 29]",0,[],0.571032069091286,0.07659415465480628,0.2767564898151555,13.05582657719495,0.5028571428571428,0.02307755102040816,0.15191297186352506,0.5028571428571428,0.02307755102040816,0.15191297186352506
8,1,11,111001010100011000100110000010,0.5325,0.48800545806686085,0.43049997091293335,12,"[0, 1, 2, 5, 7, 9, 13, 14, 18, 21, 22, 28]",12,"[0, 1, 2, 5, 7, 9, 13, 14, 18, 21, 22, 28]",0,[],0.48800545806686085,0.09471355630894163,0.30775567632286105,10.55815069110221,0.4675,0.020335416666666665,0.14260230245920527,0.4675,0.020335416666666665,0.14260230245920527
8,2,0,010110100011000011000000110000,0.561,0.43016670234501364,0.48000001907348633,10,"[1, 3, 4, 6, 10, 11, 16, 17, 24, 25]",10,"[1, 3, 4, 6, 10, 11, 16, 17, 24, 25]",0,[],0.43016670234501364,0.0869053821607519,0.29479718818325235,11.506767189059307,0.43899999999999995,0.014068999999999993,0.11861281549647151,0.43899999999999995,0.014068999999999993,0.11861281549647151
8,2,1,100100110010100000100000010111,0.5518181818181818,0.4123049598525871,0.48250001668930054,11,"[0, 3, 6, 7, 10, 12, 18, 25, 27, 28, 29]",11,"[0, 3, 6, 7, 10, 12, 18, 25, 27, 28, 29]",0,[],0.4123049598525871,0.09279743848341408,0.3046267199104735,10.776159518441153,0.4481818181818182,0.035942148760330576,0.18958414691194667,0.4481818181818182,0.035942148760330576,0.18958414691194667
8,2,2,110100111000011000000001111101,0.5578571428571428,0.3804200980812311,0.527999997138977,14,"[0, 1, 3, 6, 7, 8, 13, 14, 23, 24, 25, 26, 27, 29]",14,"[0, 1, 3, 6, 7, 8, 13, 14, 23, 24, 25, 26, 27, 29]",0,[],0.3804200980812311,0.0878428594017684,0.29638296071429004,11.383964579594144,0.4421428571428571,0.027745408163265307,0.16656952951625129,0.4421428571428571,0.027745408163265307,0.16656952951625129
8,2,3,110000000111101100011001110110,0.4720000000000001,0.48389855176210406,0.5320000052452087,15,"[0, 1, 9, 10, 11, 12, 14, 15, 19, 20, 23, 24, 25, 27, 28]",15,"[0, 1, 9, 10, 11, 12, 14, 15, 19, 20, 23, 24, 25, 27, 28]",0,[],0.48389855176210406,0.09803450820144989,0.31310462820189977,10.200489790239091,0.5279999999999999,0.020869333333333333,0.14446222112833976,0.5279999999999999,0.020869333333333333,0.14446222112833976
8,2,4,111111101011110101010101000011,0.516842105263158,0.4390058840968107,0.5185000002384186,19,"[0, 1, 2, 3, 4, 5, 6, 8, 10, 11, 12, 13, 15, 17, 19, 21, 23, 28, 29]",19,"[0, 1, 2, 3, 4, 5, 6, 8, 10, 11, 12, 13, 15, 17, 19, 21, 23, 28, 29]",0,[],0.4390058840968107,0.09705568221136653,0.3115376096258147,10.303363772377734,0.48315789473684206,0.020211080332409967,0.14216567916487427,0.48315789473684206,0.020211080332409967,0.14216567916487427
8,2,5,011101010000000111110100000111,0.515,0.4586214061294283,0.5424999892711639,14,"[1, 2, 3, 5, 7, 15, 16, 17, 18, 19, 21, 27, 28, 29]",14,"[1, 2, 3, 5, 7, 15, 16, 17, 18, 19, 21, 27, 28, 29]",0,[],0.4586214061294283,0.07935059490447927,0.2816923763691152,12.60229997271956,0.485,0.026853571428571428,0.16387059354433128,0.485,0.026853571428571428,0.16387059354433128
8,2,6,100000100101010101101001111111,0.506875,0.43498756014741957,0.5690000057220459,16,"[0, 6, 9, 11, 13, 15, 17, 18, 20, 23, 24, 25, 26, 27, 28, 29]",16,"[0, 6, 9, 11, 13, 15, 17, 18, 20, 23, 24, 25, 26, 27, 28, 29]",0,[],0.43498756014741957,0.0850128757691472,0.29156967566800773,11.762924038889166,0.49312500000000004,0.025033984375,0.15822131454074068,0.49312500000000004,0.025033984375,0.15822131454074068
8,2,7,101001001011101010100100101001,0.4971428571428572,0.571032069091286,0.5300000011920929,14,"[0, 2, 5, 8, 10, 11, 12, 14, 16, 18, 21, 24, 26, 29]",14,"[0, 2, 5, 8, 10, 11, 12, 14, 16, 18, 21, 24, 26, 29]",0,[],0.571032069091286,0.07659415465480628,0.2767564898151555,13.05582657719495,0.5028571428571428,0.02307755102040816,0.15191297186352506,0.5028571428571428,0.02307755102040816,0.15191297186352506
8,2,8,111001010100011000100110000010,0.5325,0.48800545806686085,0.43049997091293335,12,"[0, 1, 2, 5, 7, 9, 13, 14, 18, 21, 22, 28]",12,"[0, 1, 2, 5, 7, 9, 13, 14, 18, 21, 22, 28]",0,[],0.48800545806686085,0.09471355630894163,0.30775567632286105,10.55815069110221,0.4675,0.020335416666666665,0.14260230245920527,0.4675,0.020335416666666665,0.14260230245920527
8,2,9,110100100000011110000001111101,0.5492857142857144,0.3577110519898789,0.550000011920929,14,"[0, 1, 3, 6, 13, 14, 15, 16, 23, 24, 25, 26, 27, 29]",14,"[0, 1, 3, 6, 13, 14, 15, 16, 23, 24, 25, 26, 27, 29]",0,[],0.3577110519898789,0.07919148119056942,0.2814098100467882,12.62762086231929,0.4507142857142856,0.02533520408163265,0.15917036181912966,0.4507142857142856,0.02533520408163265,0.15917036181912966
8,2,10,011001000100011000100101000111,0.4616666666666668,0.49243583468099433,0.5509999990463257,12,"[1, 2, 5, 9, 13, 14, 18, 21, 23, 27, 28, 29]",12,"[1, 2, 5, 9, 13, 14, 18, 21, 23, 27, 28, 29]",0,[],0.49243583468099433,0.08490320145399727,0.2913815393157179,11.778118879790718,0.5383333333333332,0.02233055555555555,0.14943411777621451,0.5383333333333332,0.02233055555555555,0.14943411777621451
8,2,11,111111101011110101010101000111,0.499,0.46130337808281185,0.5295000076293945,20,"[0, 1, 2, 3, 4, 5, 6, 8, 10, 11, 12, 13, 15, 17, 19, 21, 23, 27, 28, 29]",20,"[0, 1, 2, 3, 4, 5, 6, 8, 10, 11, 12, 13, 15, 17, 19, 21, 23, 27, 28, 29]",0,[],0.46130337808281185,0.10164928462385758,0.31882484944536177,9.83774754244847,0.501,0.025249,0.15889933920567448,0.501,0.025249,0.15889933920567448
8,2,12,010101110001011011000011001110,0.506,0.48519896492362025,0.5004999935626984,15,"[1, 3, 5, 6, 7, 11, 13, 14, 16, 17, 22, 23, 26, 27, 28]",15,"[1, 3, 5, 6, 7, 11, 13, 14, 16, 17, 22, 23, 26, 27, 28]",0,[],0.48519896492362025,0.09184835749324356,0.30306493939953455,10.88751097234984,0.49399999999999994,0.02425066666666666,0.1557262555469265,0.49399999999999994,0.02425066666666666,0.1557262555469265
8,2,13,011100001100010101001001101000,0.5191666666666668,0.4328833092004061,0.5404999852180481,12,"[1, 2, 3, 8, 9, 13, 15, 17, 20, 23, 24, 26]",12,"[1, 2, 3, 8, 9, 13, 15, 17, 20, 23, 24, 26]",0,[],0.4328833092004061,0.07485130359888428,0.2735896628143766,13.359820763561235,0.4808333333333333,0.006457638888888888,0.08035943559339431,0.4808333333333333,0.006457638888888888,0.08035943559339431
8,2,14,101100100000111011111000010100,0.5035714285714286,0.49014230471636566,0.4884999990463257,14,"[0, 2, 3, 6, 12, 13, 14, 16, 17, 18, 19, 20, 25, 27]",14,"[0, 2, 3, 6, 12, 13, 14, 16, 17, 18, 19, 20, 25, 27]",0,[],0.49014230471636566,0.11124806500531173,0.3335387009108714,8.988920391129978,0.4964285714285714,0.02266581632653061,0.15055170648827138,0.4964285714285714,0.02266581632653061,0.15055170648827138
8,2,15,110001001000101101111001110100,0.4653333333333334,0.5134469086925189,0.5394999980926514,15,"[0, 1, 5, 8, 12, 14, 15, 17, 18, 19, 20, 23, 24, 25, 27]",15,"[0, 1, 5, 8, 12, 14, 15, 17, 18, 19, 20, 23, 24, 25, 27]",0,[],0.5134469086925189,0.10092603347543003,0.3176885793909344,9.908246322228104,0.5346666666666666,0.021478222222222218,0.14655450256550365,0.5346666666666666,0.021478222222222218,0.14655450256550365
8,2,16,000000000101111011111010000000,0.4718181818181818,0.5796813714233312,0.42500001192092896,11,"[9, 11, 12, 13, 14, 16, 17, 18, 19, 20, 22]",11,"[9, 11, 12, 13, 14, 16, 17, 18, 19, 20, 22]",0,[],0.5796813714233312,0.08513270061358201,0.2917750856628818,11.746367644778564,0.5281818181818182,0.010523966942148756,0.10258638770396761,0.5281818181818182,0.010523966942148756,0.10258638770396761
8,2,17,111001001011101100011101110110,0.458888888888889,0.5551236996220218,0.5404999852180481,18,"[0, 1, 2, 5, 8, 10, 11, 12, 14, 15, 19, 20, 21, 23, 24, 25, 27, 28]",18,"[0, 1, 2, 5, 8, 10, 11, 12, 14, 15, 19, 20, 21, 23, 24, 25, 27, 28]",0,[],0.5551236996220218,0.10117194502630139,0.31807537632816124,9.884163042828057,0.541111111111111,0.019309876543209877,0.13895998180487026,0.541111111111111,0.019309876543209877,0.13895998180487026
8,3,0,010110100011000011000000110000,0.561,0.43016670234501364,0.48000001907348633,10,"[1, 3, 4, 6, 10, 11, 16, 17, 24, 25]",10,"[1, 3, 4, 6, 10, 11, 16, 17, 24, 25]",0,[],0.43016670234501364,0.0869053821607519,0.29479718818325235,11.506767189059307,0.43899999999999995,0.014068999999999993,0.11861281549647151,0.43899999999999995,0.014068999999999993,0.11861281549647151
8,3,1,100100110010100000100000010111,0.5518181818181818,0.4123049598525871,0.48250001668930054,11,"[0, 3, 6, 7, 10, 12, 18, 25, 27, 28, 29]",11,"[0, 3, 6, 7, 10, 12, 18, 25, 27, 28, 29]",0,[],0.4123049598525871,0.09279743848341408,0.3046267199104735,10.776159518441153,0.4481818181818182,0.035942148760330576,0.18958414691194667,0.4481818181818182,0.035942148760330576,0.18958414691194667
8,3,2,110100111000011000000001111101,0.5578571428571428,0.3804200980812311,0.527999997138977,14,"[0, 1, 3, 6, 7, 8, 13, 14, 23, 24, 25, 26, 27, 29]",14,"[0, 1, 3, 6, 7, 8, 13, 14, 23, 24, 25, 26, 27, 29]",0,[],0.3804200980812311,0.0878428594017684,0.29638296071429004,11.383964579594144,0.4421428571428571,0.027745408163265307,0.16656952951625129,0.4421428571428571,0.027745408163265307,0.16656952951625129
8,3,3,110000000111101100011001110110,0.4720000000000001,0.48389855176210406,0.5320000052452087,15,"[0, 1, 9, 10, 11, 12, 14, 15, 19, 20, 23, 24, 25, 27, 28]",15,"[0, 1, 9, 10, 11, 12, 14, 15, 19, 20, 23, 24, 25, 27, 28]",0,[],0.48389855176210406,0.09803450820144989,0.31310462820189977,10.200489790239091,0.5279999999999999,0.020869333333333333,0.14446222112833976,0.5279999999999999,0.020869333333333333,0.14446222112833976
8,3,4,111111101011110101010101000011,0.516842105263158,0.4390058840968107,0.5185000002384186,19,"[0, 1, 2, 3, 4, 5, 6, 8, 10, 11, 12, 13, 15, 17, 19, 21, 23, 28, 29]",19,"[0, 1, 2, 3, 4, 5, 6, 8, 10, 11, 12, 13, 15, 17, 19, 21, 23, 28, 29]",0,[],0.4390058840968107,0.09705568221136653,0.3115376096258147,10.303363772377734,0.48315789473684206,0.020211080332409967,0.14216567916487427,0.48315789473684206,0.020211080332409967,0.14216567916487427
8,3,5,100000100101010101101001111111,0.506875,0.43498756014741957,0.5690000057220459,16,"[0, 6, 9, 11, 13, 15, 17, 18, 20, 23, 24, 25, 26, 27, 28, 29]",16,"[0, 6, 9, 11, 13, 15, 17, 18, 20, 23, 24, 25, 26, 27, 28, 29]",0,[],0.43498756014741957,0.0850128757691472,0.29156967566800773,11.762924038889166,0.49312500000000004,0.025033984375,0.15822131454074068,0.49312500000000004,0.025033984375,0.15822131454074068
8,3,6,111001010100011000100110000010,0.5325,0.48800545806686085,0.43049997091293335,12,"[0, 1, 2, 5, 7, 9, 13, 14, 18, 21, 22, 28]",12,"[0, 1, 2, 5, 7, 9, 13, 14, 18, 21, 22, 28]",0,[],0.48800545806686085,0.09471355630894163,0.30775567632286105,10.55815069110221,0.4675,0.020335416666666665,0.14260230245920527,0.4675,0.020335416666666665,0.14260230245920527
8,3,7,110100100000011110000001111101,0.5492857142857144,0.3577110519898789,0.550000011920929,14,"[0, 1, 3, 6, 13, 14, 15, 16, 23, 24, 25, 26, 27, 29]",14,"[0, 1, 3, 6, 13, 14, 15, 16, 23, 24, 25, 26, 27, 29]",0,[],0.3577110519898789,0.07919148119056942,0.2814098100467882,12.62762086231929,0.4507142857142856,0.02533520408163265,0.15917036181912966,0.4507142857142856,0.02533520408163265,0.15917036181912966
8,3,8,011001000100011000100101000111,0.4616666666666668,0.49243583468099433,0.5509999990463257,12,"[1, 2, 5, 9, 13, 14, 18, 21, 23, 27, 28, 29]",12,"[1, 2, 5, 9, 13, 14, 18, 21, 23, 27, 28, 29]",0,[],0.49243583468099433,0.08490320145399727,0.2913815393157179,11.778118879790718,0.5383333333333332,0.02233055555555555,0.14943411777621451,0.5383333333333332,0.02233055555555555,0.14943411777621451
8,3,9,111111101011110101010101000111,0.499,0.46130337808281185,0.5295000076293945,20,"[0, 1, 2, 3, 4, 5, 6, 8, 10, 11, 12, 13, 15, 17, 19, 21, 23, 27, 28, 29]",20,"[0, 1, 2, 3, 4, 5, 6, 8, 10, 11, 12, 13, 15, 17, 19, 21, 23, 27, 28, 29]",0,[],0.46130337808281185,0.10164928462385758,0.31882484944536177,9.83774754244847,0.501,0.025249,0.15889933920567448,0.501,0.025249,0.15889933920567448
8,3,10,010101110001011011000011001110,0.506,0.48519896492362025,0.5004999935626984,15,"[1, 3, 5, 6, 7, 11, 13, 14, 16, 17, 22, 23, 26, 27, 28]",15,"[1, 3, 5, 6, 7, 11, 13, 14, 16, 17, 22, 23, 26, 27, 28]",0,[],0.48519896492362025,0.09184835749324356,0.30306493939953455,10.88751097234984,0.49399999999999994,0.02425066666666666,0.1557262555469265,0.49399999999999994,0.02425066666666666,0.1557262555469265
8,3,11,011100001100010101001001101000,0.5191666666666668,0.4328833092004061,0.5404999852180481,12,"[1, 2, 3, 8, 9, 13, 15, 17, 20, 23, 24, 26]",12,"[1, 2, 3, 8, 9, 13, 15, 17, 20, 23, 24, 26]",0,[],0.4328833092004061,0.07485130359888428,0.2735896628143766,13.359820763561235,0.4808333333333333,0.006457638888888888,0.08035943559339431,0.4808333333333333,0.006457638888888888,0.08035943559339431
8,3,12,101100100000111011111000010100,0.5035714285714286,0.49014230471636566,0.4884999990463257,14,"[0, 2, 3, 6, 12, 13, 14, 16, 17, 18, 19, 20, 25, 27]",14,"[0, 2, 3, 6, 12, 13, 14, 16, 17, 18, 19, 20, 25, 27]",0,[],0.49014230471636566,0.11124806500531173,0.3335387009108714,8.988920391129978,0.4964285714285714,0.02266581632653061,0.15055170648827138,0.4964285714285714,0.02266581632653061,0.15055170648827138
8,3,13,110001001000101101111001110100,0.4653333333333334,0.5134469086925189,0.5394999980926514,15,"[0, 1, 5, 8, 12, 14, 15, 17, 18, 19, 20, 23, 24, 25, 27]",15,"[0, 1, 5, 8, 12, 14, 15, 17, 18, 19, 20, 23, 24, 25, 27]",0,[],0.5134469086925189,0.10092603347543003,0.3176885793909344,9.908246322228104,0.5346666666666666,0.021478222222222218,0.14655450256550365,0.5346666666666666,0.021478222222222218,0.14655450256550365
8,3,14,000000000101111011111010000000,0.4718181818181818,0.5796813714233312,0.42500001192092896,11,"[9, 11, 12, 13, 14, 16, 17, 18, 19, 20, 22]",11,"[9, 11, 12, 13, 14, 16, 17, 18, 19, 20, 22]",0,[],0.5796813714233312,0.08513270061358201,0.2917750856628818,11.746367644778564,0.5281818181818182,0.010523966942148756,0.10258638770396761,0.5281818181818182,0.010523966942148756,0.10258638770396761
8,3,15,111001001011101100011101110110,0.458888888888889,0.5551236996220218,0.5404999852180481,18,"[0, 1, 2, 5, 8, 10, 11, 12, 14, 15, 19, 20, 21, 23, 24, 25, 27, 28]",18,"[0, 1, 2, 5, 8, 10, 11, 12, 14, 15, 19, 20, 21, 23, 24, 25, 27, 28]",0,[],0.5551236996220218,0.10117194502630139,0.31807537632816124,9.884163042828057,0.541111111111111,0.019309876543209877,0.13895998180487026,0.541111111111111,0.019309876543209877,0.13895998180487026
8,3,16,110100000111101010100011001111,0.518125,0.48376903124153614,0.49000000953674316,16,"[0, 1, 3, 9, 10, 11, 12, 14, 16, 18, 22, 23, 26, 27, 28, 29]",16,"[0, 1, 3, 9, 10, 11, 12, 14, 16, 18, 22, 23, 26, 27, 28, 29]",0,[],0.48376903124153614,0.08225195376740076,0.2867960142111476,12.157765915541498,0.481875,0.028365234374999996,0.16841981586202973,0.481875,0.028365234374999996,0.16841981586202973
8,3,17,110000010111111100011001010110,0.485,0.4755240776576102,0.5169999897480011,16,"[0, 1, 7, 9, 10, 11, 12, 13, 14, 15, 19, 20, 23, 25, 27, 28]",16,"[0, 1, 7, 9, 10, 11, 12, 13, 14, 15, 19, 20, 23, 25, 27, 28]",0,[],0.4755240776576102,0.09499689945963596,0.3082156703667676,10.52665935086543,0.515,0.023599999999999996,0.15362291495737215,0.515,0.023599999999999996,0.15362291495737215
8,3,18,011001000100011000100001000111,0.4663636363636364,0.4604350511323322,0.5719999969005585,11,"[1, 2, 5, 9, 13, 14, 18, 23, 27, 28, 29]",11,"[1, 2, 5, 9, 13, 14, 18, 23, 27, 28, 29]",0,[],0.4604350511323322,0.08033307254071165,0.2834308955296011,12.448173191598197,0.5336363636363636,0.02409586776859504,0.1552284373708472,0.5336363636363636,0.02409586776859504,0.1552284373708472
8,3,19,101001010110011000100110000010,0.5183333333333333,0.5119392145425081,0.48250001668930054,12,"[0, 2, 5, 7, 9, 10, 13, 14, 18, 21, 22, 28]",12,"[0, 2, 5, 7, 9, 10, 13, 14, 18, 21, 22, 28]",0,[],0.5119392145425081,0.08206387023479643,0.28646792182510844,12.1856304990108,0.4816666666666667,0.02063055555555555,0.14363340682290993,0.4816666666666667,0.02063055555555555,0.14363340682290993
8,3,20,111001101011101101111001110110,0.4655,0.5039552578702569,0.5270000100135803,20,"[0, 1, 2, 5, 6, 8, 10, 11, 12, 14, 15, 17, 18, 19, 20, 23, 24, 25, 27, 28]",20,"[0, 1, 2, 5, 6, 8, 10, 11, 12, 14, 15, 17, 18, 19, 20, 23, 24, 25, 27, 28]",0,[],0.5039552578702569,0.10066671981883082,0.3172801913432839,9.933769589390543,0.5345,0.01827475,0.1351841336843936,0.5345,0.01827475,0.1351841336843936
8,3,21,110110101000101101111001110100,0.5052941176470589,0.45057013302164917,0.534500002861023,17,"[0, 1, 3, 4, 6, 8, 12, 14, 15, 17, 18, 19, 20, 23, 24, 25, 27]",17,"[0, 1, 3, 4, 6, 8, 12, 14, 15, 17, 18, 19, 20, 23, 24, 25, 27]",0,[],0.45057013302164917,0.10008506771362952,0.3163622412893636,9.991500459002244,0.49470588235294116,0.022448442906574394,0.14982804445955503,0.49470588235294116,0.022448442906574394,0.14982804445955503
8,3,22,111101010100010011110110000010,0.5513333333333332,0.4391409531235695,0.49550002813339233,15,"[0, 1, 2, 3, 5, 7, 9, 13, 16, 17, 18, 19, 21, 22, 28]",15,"[0, 1, 2, 3, 5, 7, 9, 13, 16, 17, 18, 19, 21, 22, 28]",0,[],0.4391409531235695,0.09023455808288783,0.3003906757588987,11.082228596735833,0.4486666666666667,0.017278222222222216,0.13144665162042818,0.4486666666666667,0.017278222222222216,0.13144665162042818
8,3,23,111101010000100011110110100010,0.548,0.46824005494515103,0.44199997186660767,15,"[0, 1, 2, 3, 5, 7, 12, 16, 17, 18, 19, 21, 22, 24, 28]",15,"[0, 1, 2, 3, 5, 7, 12, 16, 17, 18, 19, 21, 22, 24, 28]",0,[],0.46824005494515103,0.10046250298860444,0.31695820385124035,9.95396262537308,0.45199999999999996,0.018349333333333332,0.13545971110752206,0.45199999999999996,0.018349333333333332,0.13545971110752206
8,3,24,110100100000011110000101111101,0.54,0.3901599454383055,0.5439999997615814,15,"[0, 1, 3, 6, 13, 14, 15, 16, 21, 23, 24, 25, 26, 27, 29]",15,"[0, 1, 3, 6, 13, 14, 15, 16, 21, 23, 24, 25, 26, 27, 29]",0,[],0.3901599454383055,0.08865307871558095,0.29774666868930866,11.279924109666007,0.4599999999999999,0.024853333333333335,0.15764940004114616,0.4599999999999999,0.024853333333333335,0.15764940004114616
8,3,25,010100111011000011000000110000,0.550909090909091,0.44263199412009935,0.5074999928474426,11,"[1, 3, 6, 7, 8, 10, 11, 16, 17, 24, 25]",11,"[1, 3, 6, 7, 8, 10, 11, 16, 17, 24, 25]",0,[],0.44263199412009935,0.08626040399574114,0.29370121551628137,11.592804504478927,0.44909090909090904,0.014335537190082646,0.1197311036868977,0.44909090909090904,0.014335537190082646,0.1197311036868977
8,3,26,000000000101111010011110000000,0.4650000000000001,0.6335912816226482,0.43400001525878906,10,"[9, 11, 12, 13, 14, 16, 19, 20, 21, 22]",10,"[9, 11, 12, 13, 14, 16, 19, 20, 21, 22]",0,[],0.6335912816226482,0.08958237175769009,0.29930314358136983,11.162910518878467,0.5349999999999999,0.010104999999999996,0.10052362906302177,0.5349999999999999,0.010104999999999996,0.10052362906302177
8,4,0,000000000101111011111010000000,0.4718181818181818,0.5796813714233312,0.42500001192092896,11,"[9, 11, 12, 13, 14, 16, 17, 18, 19, 20, 22]",11,"[9, 11, 12, 13, 14, 16, 17, 18, 19, 20, 22]",0,[],0.5796813714233312,0.08513270061358201,0.2917750856628818,11.746367644778564,0.5281818181818182,0.010523966942148756,0.10258638770396761,0.5281818181818182,0.010523966942148756,0.10258638770396761
8,4,1,100110110010010010110000010111,0.5671428571428572,0.35746197162994314,0.49150002002716064,14,"[0, 3, 4, 6, 7, 10, 13, 16, 18, 19, 25, 27, 28, 29]",14,"[0, 3, 4, 6, 7, 10, 13, 16, 18, 19, 25, 27, 28, 29]",0,[],0.35746197162994314,0.07165348245376192,0.2676816812069177,13.95605580852684,0.43285714285714283,0.02997755102040816,0.17314026400698412,0.43285714285714283,0.02997755102040816,0.17314026400698412
8,4,2,000000000101111010011110000000,0.4650000000000001,0.6335912816226482,0.43400001525878906,10,"[9, 11, 12, 13, 14, 16, 19, 20, 21, 22]",10,"[9, 11, 12, 13, 14, 16, 19, 20, 21, 22]",0,[],0.6335912816226482,0.08958237175769009,0.29930314358136983,11.162910518878467,0.5349999999999999,0.010104999999999996,0.10052362906302177,0.5349999999999999,0.010104999999999996,0.10052362906302177
8,4,3,111001110001011100011101100100,0.4700000000000001,0.4603023484814912,0.5819999873638153,16,"[0, 1, 2, 5, 6, 7, 11, 13, 14, 15, 19, 20, 21, 23, 24, 27]",16,"[0, 1, 2, 5, 6, 7, 11, 13, 14, 15, 19, 20, 21, 23, 24, 27]",0,[],0.4603023484814912,0.1133869209292282,0.33672974464580374,8.819359338844398,0.5299999999999999,0.023637499999999995,0.15374491861521797,0.5299999999999999,0.023637499999999995,0.15374491861521797
8,4,4,000001000100011000110101000111,0.4409090909090909,0.4653249105269259,0.5615000128746033,11,"[5, 9, 13, 14, 18, 19, 21, 23, 27, 28, 29]",11,"[5, 9, 13, 14, 18, 19, 21, 23, 27, 28, 29]",0,[],0.4653249105269259,0.08261487214533593,0.28742802950536317,12.104358138336181,0.5590909090909091,0.021644628099173554,0.14712113410103103,0.5590909090909091,0.021644628099173554,0.14712113410103103
8,4,5,111001010110100000100110000010,0.5266666666666666,0.5316199498871962,0.4505000114440918,12,"[0, 1, 2, 5, 7, 9, 10, 12, 18, 21, 22, 28]",12,"[0, 1, 2, 5, 7, 9, 10, 12, 18, 21, 22, 28]",0,[],0.5316199498871962,0.09225318755683536,0.303732098331466,10.839733850756321,0.47333333333333333,0.021355555555555548,0.1461354014452198,0.47333333333333333,0.021355555555555548,0.1461354014452198
8,4,6,000000000101111010011010000000,0.47111111111111115,0.6101631513900228,0.468500018119812,9,"[9, 11, 12, 13, 14, 16, 19, 20, 22]",9,"[9, 11, 12, 13, 14, 16, 19, 20, 22]",0,[],0.6101631513900228,0.09404719575768701,0.3066711524706669,10.632959249274206,0.5288888888888889,0.010854320987654317,0.10418407261983147,0.5288888888888889,0.010854320987654317,0.10418407261983147
8,4,7,110000010111111100011001010110,0.485,0.4755240776576102,0.5169999897480011,16,"[0, 1, 7, 9, 10, 11, 12, 13, 14, 15, 19, 20, 23, 25, 27, 28]",16,"[0, 1, 7, 9, 10, 11, 12, 13, 14, 15, 19, 20, 23, 25, 27, 28]",0,[],0.4755240776576102,0.09499689945963596,0.3082156703667676,10.52665935086543,0.515,0.023599999999999996,0.15362291495737215,0.515,0.023599999999999996,0.15362291495737215
8,4,8,100000000111101100111001110110,0.45733333333333337,0.49736604491869607,0.5300000011920929,15,"[0, 9, 10, 11, 12, 14, 15, 18, 19, 20, 23, 24, 25, 27, 28]",15,"[0, 9, 10, 11, 12, 14, 15, 18, 19, 20, 23, 24, 25, 27, 28]",0,[],0.49736604491869607,0.09002078851053158,0.3000346455170329,11.108545221007583,0.5426666666666666,0.02012622222222222,0.14186691729301168,0.5426666666666666,0.02012622222222222,0.14186691729301168
8,4,9,101001010110011000100110000010,0.5183333333333333,0.5119392145425081,0.48250001668930054,12,"[0, 2, 5, 7, 9, 10, 13, 14, 18, 21, 22, 28]",12,"[0, 2, 5, 7, 9, 10, 13, 14, 18, 21, 22, 28]",0,[],0.5119392145425081,0.08206387023479643,0.28646792182510844,12.1856304990108,0.4816666666666667,0.02063055555555555,0.14363340682290993,0.4816666666666667,0.02063055555555555,0.14363340682290993
8,4,10,000000000101111110011110100000,0.4700000000000001,0.566042605166634,0.50450000166893,12,"[9, 11, 12, 13, 14, 15, 16, 19, 20, 21, 22, 24]",12,"[9, 11, 12, 13, 14, 15, 16, 19, 20, 21, 22, 24]",0,[],0.566042605166634,0.09838997135889203,0.3136717573497685,10.163637474314852,0.5299999999999999,0.008883333333333328,0.09425143677065792,0.5299999999999999,0.008883333333333328,0.09425143677065792
8,4,11,111101010000100011110110100010,0.548,0.46824005494515103,0.44199997186660767,15,"[0, 1, 2, 3, 5, 7, 12, 16, 17, 18, 19, 21, 22, 24, 28]",15,"[0, 1, 2, 3, 5, 7, 12, 16, 17, 18, 19, 21, 22, 24, 28]",0,[],0.46824005494515103,0.10046250298860444,0.31695820385124035,9.95396262537308,0.45199999999999996,0.018349333333333332,0.13545971110752206,0.45199999999999996,0.018349333333333332,0.13545971110752206
8,4,12,010110100011000011000000110000,0.561,0.43016670234501364,0.48000001907348633,10,"[1, 3, 4, 6, 10, 11, 16, 17, 24, 25]",10,"[1, 3, 4, 6, 10, 11, 16, 17, 24, 25]",0,[],0.43016670234501364,0.0869053821607519,0.29479718818325235,11.506767189059307,0.43899999999999995,0.014068999999999993,0.11861281549647151,0.43899999999999995,0.014068999999999993,0.11861281549647151
8,4,13,110100111000011000000001111101,0.5578571428571428,0.3804200980812311,0.527999997138977,14,"[0, 1, 3, 6, 7, 8, 13, 14, 23, 24, 25, 26, 27, 29]",14,"[0, 1, 3, 6, 7, 8, 13, 14, 23, 24, 25, 26, 27, 29]",0,[],0.3804200980812311,0.0878428594017684,0.29638296071429004,11.383964579594144,0.4421428571428571,0.027745408163265307,0.16656952951625129,0.4421428571428571,0.027745408163265307,0.16656952951625129
8,4,14,110000000111101100011001110110,0.4720000000000001,0.48389855176210406,0.5320000052452087,15,"[0, 1, 9, 10, 11, 12, 14, 15, 19, 20, 23, 24, 25, 27, 28]",15,"[0, 1, 9, 10, 11, 12, 14, 15, 19, 20, 23, 24, 25, 27, 28]",0,[],0.48389855176210406,0.09803450820144989,0.31310462820189977,10.200489790239091,0.5279999999999999,0.020869333333333333,0.14446222112833976,0.5279999999999999,0.020869333333333333,0.14446222112833976
8,4,15,110100100000011110000001111101,0.5492857142857144,0.3577110519898789,0.550000011920929,14,"[0, 1, 3, 6, 13, 14, 15, 16, 23, 24, 25, 26, 27, 29]",14,"[0, 1, 3, 6, 13, 14, 15, 16, 23, 24, 25, 26, 27, 29]",0,[],0.3577110519898789,0.07919148119056942,0.2814098100467882,12.62762086231929,0.4507142857142856,0.02533520408163265,0.15917036181912966,0.4507142857142856,0.02533520408163265,0.15917036181912966
8,4,16,110000100101010101101001111111,0.5123529411764705,0.41481801319648237,0.5555000007152557,17,"[0, 1, 6, 9, 11, 13, 15, 17, 18, 20, 23, 24, 25, 26, 27, 28, 29]",17,"[0, 1, 6, 9, 11, 13, 15, 17, 18, 20, 23, 24, 25, 26, 27, 28, 29]",0,[],0.41481801319648237,0.08652108835825906,0.29414467249681586,11.55787587714207,0.4876470588235295,0.02404152249134947,0.15505328919874442,0.4876470588235295,0.02404152249134947,0.15505328919874442
8,4,17,110000100100000110000101110100,0.5136363636363637,0.4236176958815618,0.5415000021457672,11,"[0, 1, 6, 9, 15, 16, 21, 23, 24, 25, 27]",11,"[0, 1, 6, 9, 15, 16, 21, 23, 24, 25, 27]",0,[],0.4236176958815618,0.09693155071843353,0.3113383219560893,10.316558360907656,0.48636363636363633,0.02442314049586776,0.15627904688686758,0.48636363636363633,0.02442314049586776,0.15627904688686758
8,4,18,011001000100011000100001000111,0.4663636363636364,0.4604350511323322,0.5719999969005585,11,"[1, 2, 5, 9, 13, 14, 18, 23, 27, 28, 29]",11,"[1, 2, 5, 9, 13, 14, 18, 23, 27, 28, 29]",0,[],0.4604350511323322,0.08033307254071165,0.2834308955296011,12.448173191598197,0.5336363636363636,0.02409586776859504,0.1552284373708472,0.5336363636363636,0.02409586776859504,0.1552284373708472
8,4,19,111001010100011000100110000010,0.5325,0.48800545806686085,0.43049997091293335,12,"[0, 1, 2, 5, 7, 9, 13, 14, 18, 21, 22, 28]",12,"[0, 1, 2, 5, 7, 9, 13, 14, 18, 21, 22, 28]",0,[],0.48800545806686085,0.09471355630894163,0.30775567632286105,10.55815069110221,0.4675,0.020335416666666665,0.14260230245920527,0.4675,0.020335416666666665,0.14260230245920527
8,4,20,111101010100100000110110100010,0.5392857142857144,0.4570201172360352,0.5130000114440918,14,"[0, 1, 2, 3, 5, 7, 9, 12, 18, 19, 21, 22, 24, 28]",14,"[0, 1, 2, 3, 5, 7, 9, 12, 18, 19, 21, 22, 24, 28]",0,[],0.4570201172360352,0.10605889324937201,0.3256668439515635,9.428723696453632,0.4607142857142857,0.019378061224489793,0.1392051048794181,0.4607142857142857,0.019378061224489793,0.1392051048794181
8,4,21,111111101011110101010101000111,0.499,0.46130337808281185,0.5295000076293945,20,"[0, 1, 2, 3, 4, 5, 6, 8, 10, 11, 12, 13, 15, 17, 19, 21, 23, 27, 28, 29]",20,"[0, 1, 2, 3, 4, 5, 6, 8, 10, 11, 12, 13, 15, 17, 19, 21, 23, 27, 28, 29]",0,[],0.46130337808281185,0.10164928462385758,0.31882484944536177,9.83774754244847,0.501,0.025249,0.15889933920567448,0.501,0.025249,0.15889933920567448
8,4,22,110100100000011110000101111101,0.54,0.3901599454383055,0.5439999997615814,15,"[0, 1, 3, 6, 13, 14, 15, 16, 21, 23, 24, 25, 26, 27, 29]",15,"[0, 1, 3, 6, 13, 14, 15, 16, 21, 23, 24, 25, 26, 27, 29]",0,[],0.3901599454383055,0.08865307871558095,0.29774666868930866,11.279924109666007,0.4599999999999999,0.024853333333333335,0.15764940004114616,0.4599999999999999,0.024853333333333335,0.15764940004114616
8,4,23,010101110001011011000011001110,0.506,0.48519896492362025,0.5004999935626984,15,"[1, 3, 5, 6, 7, 11, 13, 14, 16, 17, 22, 23, 26, 27, 28]",15,"[1, 3, 5, 6, 7, 11, 13, 14, 16, 17, 22, 23, 26, 27, 28]",0,[],0.48519896492362025,0.09184835749324356,0.30306493939953455,10.88751097234984,0.49399999999999994,0.02425066666666666,0.1557262555469265,0.49399999999999994,0.02425066666666666,0.1557262555469265
8,4,24,010100111011000011000000110000,0.550909090909091,0.44263199412009935,0.5074999928474426,11,"[1, 3, 6, 7, 8, 10, 11, 16, 17, 24, 25]",11,"[1, 3, 6, 7, 8, 10, 11, 16, 17, 24, 25]",0,[],0.44263199412009935,0.08626040399574114,0.29370121551628137,11.592804504478927,0.44909090909090904,0.014335537190082646,0.1197311036868977,0.44909090909090904,0.014335537190082646,0.1197311036868977
8,4,25,101100100000111011111000010100,0.5035714285714286,0.49014230471636566,0.4884999990463257,14,"[0, 2, 3, 6, 12, 13, 14, 16, 17, 18, 19, 20, 25, 27]",14,"[0, 2, 3, 6, 12, 13, 14, 16, 17, 18, 19, 20, 25, 27]",0,[],0.49014230471636566,0.11124806500531173,0.3335387009108714,8.988920391129978,0.4964285714285714,0.02266581632653061,0.15055170648827138,0.4964285714285714,0.02266581632653061,0.15055170648827138
8,4,26,010110100001000011000001110010,0.5581818181818182,0.41077574173157866,0.523499995470047,11,"[1, 3, 4, 6, 11, 16, 17, 23, 24, 25, 28]",11,"[1, 3, 4, 6, 11, 16, 17, 23, 24, 25, 28]",0,[],0.41077574173157866,0.08162501448800863,0.2857009178984356,12.251146370662,0.4418181818181818,0.01330578512396694,0.11535070491317745,0.4418181818181818,0.01330578512396694,0.11535070491317745
8,4,27,111101011000100011110110100010,0.54125,0.48712098272517323,0.4350000023841858,16,"[0, 1, 2, 3, 5, 7, 8, 12, 16, 17, 18, 19, 21, 22, 24, 28]",16,"[0, 1, 2, 3, 5, 7, 8, 12, 16, 17, 18, 19, 21, 22, 24, 28]",0,[],0.48712098272517323,0.09953093805933289,0.3154852422211424,10.047127250060427,0.45875000000000005,0.017885937499999997,0.1337383172467786,0.45875000000000005,0.017885937499999997,0.1337383172467786
8,4,28,111101010100010011110110000010,0.5513333333333332,0.4391409531235695,0.49550002813339233,15,"[0, 1, 2, 3, 5, 7, 9, 13, 16, 17, 18, 19, 21, 22, 28]",15,"[0, 1, 2, 3, 5, 7, 9, 13, 16, 17, 18, 19, 21, 22, 28]",0,[],0.4391409531235695,0.09023455808288783,0.3003906757588987,11.082228596735833,0.4486666666666667,0.017278222222222216,0.13144665162042818,0.4486666666666667,0.017278222222222216,0.13144665162042818
8,4,29,110001101011101101111001110110,0.4615789473684211,0.4883739550254847,0.5270000100135803,19,"[0, 1, 5, 6, 8, 10, 11, 12, 14, 15, 17, 18, 19, 20, 23, 24, 25, 27, 28]",19,"[0, 1, 5, 6, 8, 10, 11, 12, 14, 15, 17, 18, 19, 20, 23, 24, 25, 27, 28]",0,[],0.4883739550254847,0.1011094282635381,0.31797708763924815,9.89027449936257,0.5384210526315789,0.018929085872576173,0.13758301447699195,0.5384210526315789,0.018929085872576173,0.13758301447699195
8,5,0,110100100000011110000001111001,0.5792307692307693,0.3171537664647286,0.5665000081062317,13,"[0, 1, 3, 6, 13, 14, 15, 16, 23, 24, 25, 26, 29]",13,"[0, 1, 3, 6, 13, 14, 15, 16, 23, 24, 25, 26, 29]",0,[],0.3171537664647286,0.06225462586148403,0.24950876910738834,16.063063365363256,0.4207692307692307,0.014730177514792896,0.12136794269819727,0.4207692307692307,0.014730177514792896,0.12136794269819727
8,5,1,111001110001011100011101100100,0.4700000000000001,0.4603023484814912,0.5819999873638153,16,"[0, 1, 2, 5, 6, 7, 11, 13, 14, 15, 19, 20, 21, 23, 24, 27]",16,"[0, 1, 2, 5, 6, 7, 11, 13, 14, 15, 19, 20, 21, 23, 24, 27]",0,[],0.4603023484814912,0.1133869209292282,0.33672974464580374,8.819359338844398,0.5299999999999999,0.023637499999999995,0.15374491861521797,0.5299999999999999,0.023637499999999995,0.15374491861521797
8,5,2,000000000101111011111010000000,0.4718181818181818,0.5796813714233312,0.42500001192092896,11,"[9, 11, 12, 13, 14, 16, 17, 18, 19, 20, 22]",11,"[9, 11, 12, 13, 14, 16, 17, 18, 19, 20, 22]",0,[],0.5796813714233312,0.08513270061358201,0.2917750856628818,11.746367644778564,0.5281818181818182,0.010523966942148756,0.10258638770396761,0.5281818181818182,0.010523966942148756,0.10258638770396761
8,5,3,000000000111101100111001100000,0.42727272727272725,0.48790062083439395,0.5105000138282776,11,"[9, 10, 11, 12, 14, 15, 18, 19, 20, 23, 24]",11,"[9, 10, 11, 12, 14, 15, 18, 19, 20, 23, 24]",0,[],0.48790062083439395,0.0780058494712865,0.27929527291253337,12.81955144105051,0.5727272727272728,0.0036743801652892537,0.06061666573879871,0.5727272727272728,0.0036743801652892537,0.06061666573879871
8,5,4,000000000101111010011110000000,0.4650000000000001,0.6335912816226482,0.43400001525878906,10,"[9, 11, 12, 13, 14, 16, 19, 20, 21, 22]",10,"[9, 11, 12, 13, 14, 16, 19, 20, 21, 22]",0,[],0.6335912816226482,0.08958237175769009,0.29930314358136983,11.162910518878467,0.5349999999999999,0.010104999999999996,0.10052362906302177,0.5349999999999999,0.010104999999999996,0.10052362906302177
8,5,5,000000000101111010011010000000,0.47111111111111115,0.6101631513900228,0.468500018119812,9,"[9, 11, 12, 13, 14, 16, 19, 20, 22]",9,"[9, 11, 12, 13, 14, 16, 19, 20, 22]",0,[],0.6101631513900228,0.09404719575768701,0.3066711524706669,10.632959249274206,0.5288888888888889,0.010854320987654317,0.10418407261983147,0.5288888888888889,0.010854320987654317,0.10418407261983147
8,5,6,000000000101111010110010100000,0.4750000000000001,0.5088368333876133,0.44849997758865356,10,"[9, 11, 12, 13, 14, 16, 18, 19, 22, 24]",10,"[9, 11, 12, 13, 14, 16, 18, 19, 22, 24]",0,[],0.5088368333876133,0.09938313392816919,0.31525090630824393,10.062069492825277,0.5249999999999999,0.010684999999999995,0.10336827366266689,0.5249999999999999,0.010684999999999995,0.10336827366266689
8,5,7,000001000100011000110101000111,0.4409090909090909,0.4653249105269259,0.5615000128746033,11,"[5, 9, 13, 14, 18, 19, 21, 23, 27, 28, 29]",11,"[5, 9, 13, 14, 18, 19, 21, 23, 27, 28, 29]",0,[],0.4653249105269259,0.08261487214533593,0.28742802950536317,12.104358138336181,0.5590909090909091,0.021644628099173554,0.14712113410103103,0.5590909090909091,0.021644628099173554,0.14712113410103103
8,5,8,110000100100000110000101110100,0.5136363636363637,0.4236176958815618,0.5415000021457672,11,"[0, 1, 6, 9, 15, 16, 21, 23, 24, 25, 27]",11,"[0, 1, 6, 9, 15, 16, 21, 23, 24, 25, 27]",0,[],0.4236176958815618,0.09693155071843353,0.3113383219560893,10.316558360907656,0.48636363636363633,0.02442314049586776,0.15627904688686758,0.48636363636363633,0.02442314049586776,0.15627904688686758
8,5,9,100110110010010010110000010111,0.5671428571428572,0.35746197162994314,0.49150002002716064,14,"[0, 3, 4, 6, 7, 10, 13, 16, 18, 19, 25, 27, 28, 29]",14,"[0, 3, 4, 6, 7, 10, 13, 16, 18, 19, 25, 27, 28, 29]",0,[],0.35746197162994314,0.07165348245376192,0.2676816812069177,13.95605580852684,0.43285714285714283,0.02997755102040816,0.17314026400698412,0.43285714285714283,0.02997755102040816,0.17314026400698412
8,5,10,000000000101111110011110100000,0.4700000000000001,0.566042605166634,0.50450000166893,12,"[9, 11, 12, 13, 14, 15, 16, 19, 20, 21, 22, 24]",12,"[9, 11, 12, 13, 14, 15, 16, 19, 20, 21, 22, 24]",0,[],0.566042605166634,0.09838997135889203,0.3136717573497685,10.163637474314852,0.5299999999999999,0.008883333333333328,0.09425143677065792,0.5299999999999999,0.008883333333333328,0.09425143677065792
8,5,11,010000000110101100011001000111,0.4641666666666667,0.46407625451684,0.5250000059604645,12,"[1, 9, 10, 12, 14, 15, 19, 20, 23, 27, 28, 29]",12,"[1, 9, 10, 12, 14, 15, 19, 20, 23, 27, 28, 29]",0,[],0.46407625451684,0.0801732852756357,0.2831488747560825,12.472982696942013,0.5358333333333333,0.019474305555555554,0.13955036924191763,0.5358333333333333,0.019474305555555554,0.13955036924191763
8,5,12,110000010111111100011001010110,0.485,0.4755240776576102,0.5169999897480011,16,"[0, 1, 7, 9, 10, 11, 12, 13, 14, 15, 19, 20, 23, 25, 27, 28]",16,"[0, 1, 7, 9, 10, 11, 12, 13, 14, 15, 19, 20, 23, 25, 27, 28]",0,[],0.4755240776576102,0.09499689945963596,0.3082156703667676,10.52665935086543,0.515,0.023599999999999996,0.15362291495737215,0.515,0.023599999999999996,0.15362291495737215
8,5,13,010110100011000011000000110000,0.561,0.43016670234501364,0.48000001907348633,10,"[1, 3, 4, 6, 10, 11, 16, 17, 24, 25]",10,"[1, 3, 4, 6, 10, 11, 16, 17, 24, 25]",0,[],0.43016670234501364,0.0869053821607519,0.29479718818325235,11.506767189059307,0.43899999999999995,0.014068999999999993,0.11861281549647151,0.43899999999999995,0.014068999999999993,0.11861281549647151
8,5,14,000000000101110010011110000000,0.4700000000000001,0.6299162366324,0.44950002431869507,9,"[9, 11, 12, 13, 16, 19, 20, 21, 22]",9,"[9, 11, 12, 13, 16, 19, 20, 21, 22]",0,[],0.6299162366324,0.09940090906285215,0.3152790970915328,10.06027016682202,0.5299999999999999,0.010977777777777774,0.10477489097001139,0.5299999999999999,0.010977777777777774,0.10477489097001139
8,5,15,110100100000011110000001111101,0.5492857142857144,0.3577110519898789,0.550000011920929,14,"[0, 1, 3, 6, 13, 14, 15, 16, 23, 24, 25, 26, 27, 29]",14,"[0, 1, 3, 6, 13, 14, 15, 16, 23, 24, 25, 26, 27, 29]",0,[],0.3577110519898789,0.07919148119056942,0.2814098100467882,12.62762086231929,0.4507142857142856,0.02533520408163265,0.15917036181912966,0.4507142857142856,0.02533520408163265,0.15917036181912966
8,5,16,111000100000111010100110000010,0.53,0.4648756990209222,0.44349998235702515,12,"[0, 1, 2, 6, 12, 13, 14, 16, 18, 21, 22, 28]",12,"[0, 1, 2, 6, 12, 13, 14, 16, 18, 21, 22, 28]",0,[],0.4648756990209222,0.11380974432112752,0.3373569983283695,8.786593854199188,0.47,0.014199999999999999,0.11916375287812984,0.47,0.014199999999999999,0.11916375287812984
8,5,17,010101110001011011000011001110,0.506,0.48519896492362025,0.5004999935626984,15,"[1, 3, 5, 6, 7, 11, 13, 14, 16, 17, 22, 23, 26, 27, 28]",15,"[1, 3, 5, 6, 7, 11, 13, 14, 16, 17, 22, 23, 26, 27, 28]",0,[],0.48519896492362025,0.09184835749324356,0.30306493939953455,10.88751097234984,0.49399999999999994,0.02425066666666666,0.1557262555469265,0.49399999999999994,0.02425066666666666,0.1557262555469265
8,5,18,110001110011010100011101100111,0.4894117647058822,0.40130512438276233,0.5485000014305115,17,"[0, 1, 5, 6, 7, 10, 11, 13, 15, 19, 20, 21, 23, 24, 27, 28, 29]",17,"[0, 1, 5, 6, 7, 10, 11, 13, 15, 19, 20, 21, 23, 24, 27, 28, 29]",0,[],0.40130512438276233,0.09849206909588767,0.3138344612943067,10.153101759152229,0.5105882352941178,0.027558477508650515,0.16600746220772883,0.5105882352941178,0.027558477508650515,0.16600746220772883
8,5,19,110100111000011000000001111101,0.5578571428571428,0.3804200980812311,0.527999997138977,14,"[0, 1, 3, 6, 7, 8, 13, 14, 23, 24, 25, 26, 27, 29]",14,"[0, 1, 3, 6, 7, 8, 13, 14, 23, 24, 25, 26, 27, 29]",0,[],0.3804200980812311,0.0878428594017684,0.29638296071429004,11.383964579594144,0.4421428571428571,0.027745408163265307,0.16656952951625129,0.4421428571428571,0.027745408163265307,0.16656952951625129
8,5,20,010110100011000010000000110000,0.5599999999999999,0.41230643995934063,0.4865000247955322,9,"[1, 3, 4, 6, 10, 11, 16, 24, 25]",9,"[1, 3, 4, 6, 10, 11, 16, 24, 25]",0,[],0.41230643995934063,0.09337164600931794,0.305567743731759,10.70988938012516,0.44000000000000006,0.01562222222222222,0.12498888839501782,0.44000000000000006,0.01562222222222222,0.12498888839501782
8,5,21,111001000100011000100001110110,0.48769230769230776,0.45250414655758786,0.5304999947547913,13,"[0, 1, 2, 5, 9, 13, 14, 18, 23, 24, 25, 27, 28]",13,"[0, 1, 2, 5, 9, 13, 14, 18, 23, 24, 25, 27, 28]",0,[],0.45250414655758786,0.09462817974505097,0.30761693670058377,10.5676765916265,0.5123076923076922,0.023940828402366863,0.15472824048106687,0.5123076923076922,0.023940828402366863,0.15472824048106687
8,5,22,111101010000100011110110100010,0.548,0.46824005494515103,0.44199997186660767,15,"[0, 1, 2, 3, 5, 7, 12, 16, 17, 18, 19, 21, 22, 24, 28]",15,"[0, 1, 2, 3, 5, 7, 12, 16, 17, 18, 19, 21, 22, 24, 28]",0,[],0.46824005494515103,0.10046250298860444,0.31695820385124035,9.95396262537308,0.45199999999999996,0.018349333333333332,0.13545971110752206,0.45199999999999996,0.018349333333333332,0.13545971110752206
8,5,23,011001000100011000100001000111,0.4663636363636364,0.4604350511323322,0.5719999969005585,11,"[1, 2, 5, 9, 13, 14, 18, 23, 27, 28, 29]",11,"[1, 2, 5, 9, 13, 14, 18, 23, 27, 28, 29]",0,[],0.4604350511323322,0.08033307254071165,0.2834308955296011,12.448173191598197,0.5336363636363636,0.02409586776859504,0.1552284373708472,0.5336363636363636,0.02409586776859504,0.1552284373708472
8,5,24,111101010100010011110110000010,0.5513333333333332,0.4391409531235695,0.49550002813339233,15,"[0, 1, 2, 3, 5, 7, 9, 13, 16, 17, 18, 19, 21, 22, 28]",15,"[0, 1, 2, 3, 5, 7, 9, 13, 16, 17, 18, 19, 21, 22, 28]",0,[],0.4391409531235695,0.09023455808288783,0.3003906757588987,11.082228596735833,0.4486666666666667,0.017278222222222216,0.13144665162042818,0.4486666666666667,0.017278222222222216,0.13144665162042818
8,5,25,101100100000111011111000010100,0.5035714285714286,0.49014230471636566,0.4884999990463257,14,"[0, 2, 3, 6, 12, 13, 14, 16, 17, 18, 19, 20, 25, 27]",14,"[0, 2, 3, 6, 12, 13, 14, 16, 17, 18, 19, 20, 25, 27]",0,[],0.49014230471636566,0.11124806500531173,0.3335387009108714,8.988920391129978,0.4964285714285714,0.02266581632653061,0.15055170648827138,0.4964285714285714,0.02266581632653061,0.15055170648827138
8,5,26,110100100000011110000101111101,0.54,0.3901599454383055,0.5439999997615814,15,"[0, 1, 3, 6, 13, 14, 15, 16, 21, 23, 24, 25, 26, 27, 29]",15,"[0, 1, 3, 6, 13, 14, 15, 16, 21, 23, 24, 25, 26, 27, 29]",0,[],0.3901599454383055,0.08865307871558095,0.29774666868930866,11.279924109666007,0.4599999999999999,0.024853333333333335,0.15764940004114616,0.4599999999999999,0.024853333333333335,0.15764940004114616
8,5,27,111111101011110101010101000111,0.499,0.46130337808281185,0.5295000076293945,20,"[0, 1, 2, 3, 4, 5, 6, 8, 10, 11, 12, 13, 15, 17, 19, 21, 23, 27, 28, 29]",20,"[0, 1, 2, 3, 4, 5, 6, 8, 10, 11, 12, 13, 15, 17, 19, 21, 23, 27, 28, 29]",0,[],0.46130337808281185,0.10164928462385758,0.31882484944536177,9.83774754244847,0.501,0.025249,0.15889933920567448,0.501,0.025249,0.15889933920567448
8,5,28,111101011000100011110110100010,0.54125,0.48712098272517323,0.4350000023841858,16,"[0, 1, 2, 3, 5, 7, 8, 12, 16, 17, 18, 19, 21, 22, 24, 28]",16,"[0, 1, 2, 3, 5, 7, 8, 12, 16, 17, 18, 19, 21, 22, 24, 28]",0,[],0.48712098272517323,0.09953093805933289,0.3154852422211424,10.047127250060427,0.45875000000000005,0.017885937499999997,0.1337383172467786,0.45875000000000005,0.017885937499999997,0.1337383172467786
8,5,29,111001010100011000100110000010,0.5325,0.48800545806686085,0.43049997091293335,12,"[0, 1, 2, 5, 7, 9, 13, 14, 18, 21, 22, 28]",12,"[0, 1, 2, 5, 7, 9, 13, 14, 18, 21, 22, 28]",0,[],0.48800545806686085,0.09471355630894163,0.30775567632286105,10.55815069110221,0.4675,0.020335416666666665,0.14260230245920527,0.4675,0.020335416666666665,0.14260230245920527
9,1,0,101111111010101010110010001110,0.5138888888888888,0.41706833041583496,0.4664999842643738,18,"[0, 2, 3, 4, 5, 6, 7, 8, 10, 12, 14, 16, 18, 19, 22, 26, 27, 28]",18,"[0, 2, 3, 4, 5, 6, 7, 8, 10, 12, 14, 16, 18, 19, 22, 26, 27, 28]",0,[],0.41706833041583496,0.10604319842753183,0.32564274662201803,9.430119185657942,0.4861111111111111,0.02187932098765432,0.14791660146060118,0.4861111111111111,0.02187932098765432,0.14791660146060118
9,1,1,101100100000101011111000010100,0.5130769230769231,0.45139366416977,0.4815000295639038,13,"[0, 2, 3, 6, 12, 14, 16, 17, 18, 19, 20, 25, 27]",13,"[0, 2, 3, 6, 12, 14, 16, 17, 18, 19, 20, 25, 27]",0,[],0.45139366416977,0.0971217879454101,0.3116436874788419,10.296350810202101,0.4869230769230769,0.018913609467455624,0.1375267590960233,0.4869230769230769,0.018913609467455624,0.1375267590960233
9,1,2,011101010000000111110100000111,0.4971428571428572,0.4982573620176741,0.5135000050067902,14,"[1, 2, 3, 5, 7, 15, 16, 17, 18, 19, 21, 27, 28, 29]",14,"[1, 2, 3, 5, 7, 15, 16, 17, 18, 19, 21, 27, 28, 29]",0,[],0.4982573620176741,0.08994144237346759,0.299902388075633,11.118345154480162,0.5028571428571428,0.02496326530612245,0.15799767500226847,0.5028571428571428,0.02496326530612245,0.15799767500226847
9,1,3,100111100111011101101110010101,0.5115789473684211,0.48540387596738965,0.4764999747276306,19,"[0, 3, 4, 5, 6, 9, 10, 11, 13, 14, 15, 17, 18, 20, 21, 22, 25, 27, 29]",19,"[0, 3, 4, 5, 6, 9, 10, 11, 13, 14, 15, 17, 18, 20, 21, 22, 25, 27, 29]",0,[],0.48540387596738965,0.10250653905680646,0.3201664239997793,9.755475203838714,0.4884210526315789,0.023644875346260388,0.15376890240312047,0.4884210526315789,0.023644875346260388,0.15376890240312047
9,1,4,100001010001010000010110100110,0.48090909090909095,0.44896251437338913,0.5270000100135803,11,"[0, 5, 7, 11, 13, 19, 21, 22, 24, 27, 28]",11,"[0, 5, 7, 11, 13, 19, 21, 22, 24, 27, 28]",0,[],0.44896251437338913,0.08711712380757317,0.29515610074598353,11.478799532096916,0.519090909090909,0.03435371900826446,0.18534756272544958,0.519090909090909,0.03435371900826446,0.18534756272544958
9,1,5,101001001011101010100100101001,0.5114285714285713,0.4992133299820125,0.4819999933242798,14,"[0, 2, 5, 8, 10, 11, 12, 14, 16, 18, 21, 24, 26, 29]",14,"[0, 2, 5, 8, 10, 11, 12, 14, 16, 18, 21, 24, 26, 29]",0,[],0.4992133299820125,0.10920914085374848,0.3304680632886459,9.156742669912472,0.4885714285714287,0.01759795918367347,0.13265729977529872,0.4885714285714287,0.01759795918367347,0.13265729977529872
9,1,6,111001010100011000100110000010,0.52,0.36979006758580607,0.43800002336502075,12,"[0, 1, 2, 5, 7, 9, 13, 14, 18, 21, 22, 28]",12,"[0, 1, 2, 5, 7, 9, 13, 14, 18, 21, 22, 28]",0,[],0.36979006758580607,0.08656690670130453,0.2942225462151134,11.55175849647092,0.48,0.017366666666666666,0.13178264933847197,0.48,0.017366666666666666,0.13178264933847197
9,2,0,101111111010101010110010001110,0.5138888888888888,0.41706833041583496,0.4664999842643738,18,"[0, 2, 3, 4, 5, 6, 7, 8, 10, 12, 14, 16, 18, 19, 22, 26, 27, 28]",18,"[0, 2, 3, 4, 5, 6, 7, 8, 10, 12, 14, 16, 18, 19, 22, 26, 27, 28]",0,[],0.41706833041583496,0.10604319842753183,0.32564274662201803,9.430119185657942,0.4861111111111111,0.02187932098765432,0.14791660146060118,0.4861111111111111,0.02187932098765432,0.14791660146060118
9,2,1,011101010000000111110100000111,0.4971428571428572,0.4982573620176741,0.5135000050067902,14,"[1, 2, 3, 5, 7, 15, 16, 17, 18, 19, 21, 27, 28, 29]",14,"[1, 2, 3, 5, 7, 15, 16, 17, 18, 19, 21, 27, 28, 29]",0,[],0.4982573620176741,0.08994144237346759,0.299902388075633,11.118345154480162,0.5028571428571428,0.02496326530612245,0.15799767500226847,0.5028571428571428,0.02496326530612245,0.15799767500226847
9,2,2,100001010001010000010110100110,0.48090909090909095,0.44896251437338913,0.5270000100135803,11,"[0, 5, 7, 11, 13, 19, 21, 22, 24, 27, 28]",11,"[0, 5, 7, 11, 13, 19, 21, 22, 24, 27, 28]",0,[],0.44896251437338913,0.08711712380757317,0.29515610074598353,11.478799532096916,0.519090909090909,0.03435371900826446,0.18534756272544958,0.519090909090909,0.03435371900826446,0.18534756272544958
9,2,3,111001010100011000100110000010,0.52,0.36979006758580607,0.43800002336502075,12,"[0, 1, 2, 5, 7, 9, 13, 14, 18, 21, 22, 28]",12,"[0, 1, 2, 5, 7, 9, 13, 14, 18, 21, 22, 28]",0,[],0.36979006758580607,0.08656690670130453,0.2942225462151134,11.55175849647092,0.48,0.017366666666666666,0.13178264933847197,0.48,0.017366666666666666,0.13178264933847197
9,2,4,101010001010010000010110100110,0.5033333333333334,0.3871009461581707,0.5004999935626984,12,"[0, 2, 4, 8, 10, 13, 19, 21, 22, 24, 27, 28]",12,"[0, 2, 4, 8, 10, 13, 19, 21, 22, 24, 27, 28]",0,[],0.3871009461581707,0.07538220054877709,0.2745581915528602,13.265731070731164,0.49666666666666665,0.026555555555555558,0.16295875415440422,0.49666666666666665,0.026555555555555558,0.16295875415440422
9,2,5,100001010001001010100100101001,0.54,0.4402159947732633,0.4190000295639038,11,"[0, 5, 7, 11, 14, 16, 18, 21, 24, 26, 29]",11,"[0, 5, 7, 11, 14, 16, 18, 21, 24, 26, 29]",0,[],0.4402159947732633,0.11774724735186505,0.3431431878266929,8.492767538010396,0.46,0.02305454545454546,0.1518372334262761,0.46,0.02305454545454546,0.1518372334262761
9,2,6,101111111010000111110100001110,0.5027777777777778,0.458866700478312,0.47049999237060547,18,"[0, 2, 3, 4, 5, 6, 7, 8, 10, 15, 16, 17, 18, 19, 21, 26, 27, 28]",18,"[0, 2, 3, 4, 5, 6, 7, 8, 10, 15, 16, 17, 18, 19, 21, 26, 27, 28]",0,[],0.458866700478312,0.09069872837285774,0.30116229573580044,11.025512903434018,0.4972222222222222,0.02262006172839506,0.15039967329883086,0.4972222222222222,0.02262006172839506,0.15039967329883086
9,2,7,101111100100101010110010001110,0.515625,0.36451012786710635,0.5399999916553497,16,"[0, 2, 3, 4, 5, 6, 9, 12, 14, 16, 18, 19, 22, 26, 27, 28]",16,"[0, 2, 3, 4, 5, 6, 9, 12, 14, 16, 18, 19, 22, 26, 27, 28]",0,[],0.36451012786710635,0.09323470189868346,0.3053435800842773,10.72562017827528,0.484375,0.022274609375,0.14924680691726708,0.484375,0.022274609375,0.14924680691726708
9,2,8,000101110001111011000011011000,0.5164285714285713,0.5089912669334028,0.4480000138282776,14,"[3, 5, 6, 7, 11, 12, 13, 14, 16, 17, 22, 23, 25, 26]",14,"[3, 5, 6, 7, 11, 12, 13, 14, 16, 17, 22, 23, 25, 26]",0,[],0.5089912669334028,0.12143299727800609,0.34847237663551767,8.234993967172048,0.48357142857142865,0.011137244897959184,0.10553314596826527,0.48357142857142865,0.011137244897959184,0.10553314596826527
9,2,9,101001001011110000010010100110,0.47307692307692306,0.5005708101850289,0.5149999856948853,13,"[0, 2, 5, 8, 10, 11, 12, 13, 19, 22, 24, 27, 28]",13,"[0, 2, 5, 8, 10, 11, 12, 13, 19, 22, 24, 27, 28]",0,[],0.5005708101850289,0.09040687144265427,0.30067735438947557,11.061106131012476,0.5269230769230769,0.025375147928994084,0.15929578754315535,0.5269230769230769,0.025375147928994084,0.15929578754315535
9,2,10,111110000001101000010011101000,0.5676923076923076,0.32541773403779817,0.49650001525878906,13,"[0, 1, 2, 3, 4, 11, 12, 14, 19, 22, 23, 24, 26]",13,"[0, 1, 2, 3, 4, 11, 12, 14, 19, 22, 23, 24, 26]",0,[],0.32541773403779817,0.11694147220160496,0.34196706303620084,8.551286221846244,0.4323076923076924,0.007740828402366864,0.08798197771343211,0.4323076923076924,0.007740828402366864,0.08798197771343211
9,2,11,011101010000101010110010000111,0.5114285714285715,0.444516600508775,0.47350001335144043,14,"[1, 2, 3, 5, 7, 12, 14, 16, 18, 19, 22, 27, 28, 29]",14,"[1, 2, 3, 5, 7, 12, 14, 16, 18, 19, 22, 27, 28, 29]",0,[],0.444516600508775,0.11326202181383828,0.33654423455741783,8.829084842257519,0.48857142857142855,0.024126530612244897,0.15532717280709418,0.48857142857142855,0.024126530612244897,0.15532717280709418
9,2,12,001110001010011011111010111000,0.543125,0.3439964983263053,0.4750000238418579,16,"[2, 3, 4, 8, 10, 13, 14, 16, 17, 18, 19, 20, 22, 24, 25, 26]",16,"[2, 3, 4, 8, 10, 13, 14, 16, 17, 18, 19, 20, 22, 24, 25, 26]",0,[],0.3439964983263053,0.09284699908762642,0.3047080555016989,10.770407334934195,0.45687500000000003,0.005483984374999999,0.07405392882892844,0.45687500000000003,0.005483984374999999,0.07405392882892844
9,2,13,111010001010010010110110000010,0.5292307692307692,0.33394594562168306,0.4959999918937683,13,"[0, 1, 2, 4, 8, 10, 13, 16, 18, 19, 21, 22, 28]",13,"[0, 1, 2, 4, 8, 10, 13, 16, 18, 19, 21, 22, 28]",0,[],0.33394594562168306,0.0694768174004854,0.2635845545560009,14.393290271713186,0.4707692307692308,0.01096094674556213,0.10469454018984051,0.4707692307692308,0.01096094674556213,0.10469454018984051
9,3,0,011101010000000111110100000111,0.4971428571428572,0.4982573620176741,0.5135000050067902,14,"[1, 2, 3, 5, 7, 15, 16, 17, 18, 19, 21, 27, 28, 29]",14,"[1, 2, 3, 5, 7, 15, 16, 17, 18, 19, 21, 27, 28, 29]",0,[],0.4982573620176741,0.08994144237346759,0.299902388075633,11.118345154480162,0.5028571428571428,0.02496326530612245,0.15799767500226847,0.5028571428571428,0.02496326530612245,0.15799767500226847
9,3,1,100001010001010000010110100110,0.48090909090909095,0.44896251437338913,0.5270000100135803,11,"[0, 5, 7, 11, 13, 19, 21, 22, 24, 27, 28]",11,"[0, 5, 7, 11, 13, 19, 21, 22, 24, 27, 28]",0,[],0.44896251437338913,0.08711712380757317,0.29515610074598353,11.478799532096916,0.519090909090909,0.03435371900826446,0.18534756272544958,0.519090909090909,0.03435371900826446,0.18534756272544958
9,3,2,111001010100011000100110000010,0.52,0.36979006758580607,0.43800002336502075,12,"[0, 1, 2, 5, 7, 9, 13, 14, 18, 21, 22, 28]",12,"[0, 1, 2, 5, 7, 9, 13, 14, 18, 21, 22, 28]",0,[],0.36979006758580607,0.08656690670130453,0.2942225462151134,11.55175849647092,0.48,0.017366666666666666,0.13178264933847197,0.48,0.017366666666666666,0.13178264933847197
9,3,3,101010001010010000010110100110,0.5033333333333334,0.3871009461581707,0.5004999935626984,12,"[0, 2, 4, 8, 10, 13, 19, 21, 22, 24, 27, 28]",12,"[0, 2, 4, 8, 10, 13, 19, 21, 22, 24, 27, 28]",0,[],0.3871009461581707,0.07538220054877709,0.2745581915528602,13.265731070731164,0.49666666666666665,0.026555555555555558,0.16295875415440422,0.49666666666666665,0.026555555555555558,0.16295875415440422
9,3,4,100001010001001010100100101001,0.54,0.4402159947732633,0.4190000295639038,11,"[0, 5, 7, 11, 14, 16, 18, 21, 24, 26, 29]",11,"[0, 5, 7, 11, 14, 16, 18, 21, 24, 26, 29]",0,[],0.4402159947732633,0.11774724735186505,0.3431431878266929,8.492767538010396,0.46,0.02305454545454546,0.1518372334262761,0.46,0.02305454545454546,0.1518372334262761
9,3,5,101111111010000111110100001110,0.5027777777777778,0.458866700478312,0.47049999237060547,18,"[0, 2, 3, 4, 5, 6, 7, 8, 10, 15, 16, 17, 18, 19, 21, 26, 27, 28]",18,"[0, 2, 3, 4, 5, 6, 7, 8, 10, 15, 16, 17, 18, 19, 21, 26, 27, 28]",0,[],0.458866700478312,0.09069872837285774,0.30116229573580044,11.025512903434018,0.4972222222222222,0.02262006172839506,0.15039967329883086,0.4972222222222222,0.02262006172839506,0.15039967329883086
9,3,6,101111100100101010110010001110,0.515625,0.36451012786710635,0.5399999916553497,16,"[0, 2, 3, 4, 5, 6, 9, 12, 14, 16, 18, 19, 22, 26, 27, 28]",16,"[0, 2, 3, 4, 5, 6, 9, 12, 14, 16, 18, 19, 22, 26, 27, 28]",0,[],0.36451012786710635,0.09323470189868346,0.3053435800842773,10.72562017827528,0.484375,0.022274609375,0.14924680691726708,0.484375,0.022274609375,0.14924680691726708
9,3,7,101001001011110000010010100110,0.47307692307692306,0.5005708101850289,0.5149999856948853,13,"[0, 2, 5, 8, 10, 11, 12, 13, 19, 22, 24, 27, 28]",13,"[0, 2, 5, 8, 10, 11, 12, 13, 19, 22, 24, 27, 28]",0,[],0.5005708101850289,0.09040687144265427,0.30067735438947557,11.061106131012476,0.5269230769230769,0.025375147928994084,0.15929578754315535,0.5269230769230769,0.025375147928994084,0.15929578754315535
9,3,8,111110000001101000010011101000,0.5676923076923076,0.32541773403779817,0.49650001525878906,13,"[0, 1, 2, 3, 4, 11, 12, 14, 19, 22, 23, 24, 26]",13,"[0, 1, 2, 3, 4, 11, 12, 14, 19, 22, 23, 24, 26]",0,[],0.32541773403779817,0.11694147220160496,0.34196706303620084,8.551286221846244,0.4323076923076924,0.007740828402366864,0.08798197771343211,0.4323076923076924,0.007740828402366864,0.08798197771343211
9,3,9,011101010000101010110010000111,0.5114285714285715,0.444516600508775,0.47350001335144043,14,"[1, 2, 3, 5, 7, 12, 14, 16, 18, 19, 22, 27, 28, 29]",14,"[1, 2, 3, 5, 7, 12, 14, 16, 18, 19, 22, 27, 28, 29]",0,[],0.444516600508775,0.11326202181383828,0.33654423455741783,8.829084842257519,0.48857142857142855,0.024126530612244897,0.15532717280709418,0.48857142857142855,0.024126530612244897,0.15532717280709418
9,3,10,001110001010011011111010111000,0.543125,0.3439964983263053,0.4750000238418579,16,"[2, 3, 4, 8, 10, 13, 14, 16, 17, 18, 19, 20, 22, 24, 25, 26]",16,"[2, 3, 4, 8, 10, 13, 14, 16, 17, 18, 19, 20, 22, 24, 25, 26]",0,[],0.3439964983263053,0.09284699908762642,0.3047080555016989,10.770407334934195,0.45687500000000003,0.005483984374999999,0.07405392882892844,0.45687500000000003,0.005483984374999999,0.07405392882892844
9,3,11,111010001010010010110110000010,0.5292307692307692,0.33394594562168306,0.4959999918937683,13,"[0, 1, 2, 4, 8, 10, 13, 16, 18, 19, 21, 22, 28]",13,"[0, 1, 2, 4, 8, 10, 13, 16, 18, 19, 21, 22, 28]",0,[],0.33394594562168306,0.0694768174004854,0.2635845545560009,14.393290271713186,0.4707692307692308,0.01096094674556213,0.10469454018984051,0.4707692307692308,0.01096094674556213,0.10469454018984051
9,3,12,011101010010000111110100000111,0.4993333333333333,0.5079520837714274,0.4789999723434448,15,"[1, 2, 3, 5, 7, 10, 15, 16, 17, 18, 19, 21, 27, 28, 29]",15,"[1, 2, 3, 5, 7, 10, 15, 16, 17, 18, 19, 21, 27, 28, 29]",0,[],0.5079520837714274,0.08526117303359416,0.29199515926397507,11.72866809615656,0.5006666666666667,0.023366222222222222,0.15286013941581442,0.5006666666666667,0.023366222222222222,0.15286013941581442
9,3,13,101111100100101010110110100110,0.5111764705882353,0.38701917778919726,0.5160000026226044,17,"[0, 2, 3, 4, 5, 6, 9, 12, 14, 16, 18, 19, 21, 22, 24, 27, 28]",17,"[0, 2, 3, 4, 5, 6, 9, 12, 14, 16, 18, 19, 21, 22, 24, 27, 28]",0,[],0.38701917778919726,0.0845442837728545,0.29076499750288803,11.828120783265542,0.4888235294117647,0.02316332179930796,0.15219501239957886,0.4888235294117647,0.02316332179930796,0.15219501239957886
9,3,14,000101111001111101101011001000,0.5,0.506786888523493,0.4829999804496765,16,"[3, 5, 6, 7, 8, 11, 12, 13, 14, 15, 17, 18, 20, 22, 23, 26]",16,"[3, 5, 6, 7, 8, 11, 12, 13, 14, 15, 17, 18, 20, 22, 23, 26]",0,[],0.506786888523493,0.12786928497821187,0.3575881499409787,7.820486367546309,0.5,0.010075,0.10037429949942366,0.5,0.010075,0.10037429949942366
9,3,15,001110001010000011111011111000,0.5499999999999999,0.41570163213958344,0.4179999828338623,15,"[2, 3, 4, 8, 10, 16, 17, 18, 19, 20, 22, 23, 24, 25, 26]",15,"[2, 3, 4, 8, 10, 16, 17, 18, 19, 20, 22, 23, 24, 25, 26]",0,[],0.41570163213958344,0.10925036213002565,0.33053042542257083,9.15328773747988,0.45000000000000007,0.004986666666666666,0.07061633427661525,0.45000000000000007,0.004986666666666666,0.07061633427661525
9,3,16,010101110000101010110010001101,0.5135714285714286,0.416560850571841,0.4509999752044678,14,"[1, 3, 5, 6, 7, 12, 14, 16, 18, 19, 22, 26, 27, 29]",14,"[1, 3, 5, 6, 7, 12, 14, 16, 18, 19, 22, 26, 27, 29]",0,[],0.416560850571841,0.12351719121059543,0.3514501262065436,8.096039022576308,0.4864285714285715,0.024437244897959183,0.15632416607152966,0.4864285714285715,0.024437244897959183,0.15632416607152966
9,3,17,011110001010011011111010000111,0.516470588235294,0.3799201028750223,0.49400001764297485,17,"[1, 2, 3, 4, 8, 10, 13, 14, 16, 17, 18, 19, 20, 22, 27, 28, 29]",17,"[1, 2, 3, 4, 8, 10, 13, 14, 16, 17, 18, 19, 20, 22, 27, 28, 29]",0,[],0.3799201028750223,0.08969165476695,0.29948565035231656,11.149309293025606,0.48352941176470593,0.016893425605536333,0.12997471140778244,0.48352941176470593,0.016893425605536333,0.12997471140778244
9,3,18,110011101100111011100010001111,0.5116666666666667,0.4050861539629598,0.45499998331069946,18,"[0, 1, 4, 5, 6, 8, 9, 12, 13, 14, 16, 17, 18, 22, 26, 27, 28, 29]",18,"[0, 1, 4, 5, 6, 8, 9, 12, 13, 14, 16, 17, 18, 22, 26, 27, 28, 29]",0,[],0.4050861539629598,0.10656748324398356,0.32644675407175294,9.383725406281062,0.4883333333333333,0.022980555555555556,0.1515933888913219,0.4883333333333333,0.022980555555555556,0.1515933888913219
9,3,19,101001111011011011101110010101,0.49421052631578954,0.5438107289373875,0.49449998140335083,19,"[0, 2, 5, 6, 7, 8, 10, 11, 13, 14, 16, 17, 18, 20, 21, 22, 25, 27, 29]",19,"[0, 2, 5, 6, 7, 8, 10, 11, 13, 14, 16, 17, 18, 20, 21, 22, 25, 27, 29]",0,[],0.5438107289373875,0.0878444015108653,0.29638556225104035,11.383764734014518,0.5057894736842105,0.023245429362880883,0.1524645183735576,0.5057894736842105,0.023245429362880883,0.1524645183735576
9,3,20,101101010010101010110010001110,0.5146666666666667,0.40616780128329993,0.44300001859664917,15,"[0, 2, 3, 5, 7, 10, 12, 14, 16, 18, 19, 22, 26, 27, 28]",15,"[0, 2, 3, 5, 7, 10, 12, 14, 16, 18, 19, 22, 26, 27, 28]",0,[],0.40616780128329993,0.10408388686477925,0.32262034477816065,9.607635054013228,0.4853333333333333,0.02319822222222222,0.15230962616401572,0.4853333333333333,0.02319822222222222,0.15230962616401572
9,3,21,101111111010011111110100001110,0.5,0.42345982869155707,0.4869999885559082,20,"[0, 2, 3, 4, 5, 6, 7, 8, 10, 13, 14, 15, 16, 17, 18, 19, 21, 26, 27, 28]",20,"[0, 2, 3, 4, 5, 6, 7, 8, 10, 13, 14, 15, 16, 17, 18, 19, 21, 26, 27, 28]",0,[],0.42345982869155707,0.0935048858551488,0.3057856861515084,10.694628316525938,0.5,0.02063,0.14363147287415803,0.5,0.02063,0.14363147287415803
9,4,0,100001010001010000010110100110,0.48090909090909095,0.44896251437338913,0.5270000100135803,11,"[0, 5, 7, 11, 13, 19, 21, 22, 24, 27, 28]",11,"[0, 5, 7, 11, 13, 19, 21, 22, 24, 27, 28]",0,[],0.44896251437338913,0.08711712380757317,0.29515610074598353,11.478799532096916,0.519090909090909,0.03435371900826446,0.18534756272544958,0.519090909090909,0.03435371900826446,0.18534756272544958
9,4,1,111001010100011000100110000010,0.52,0.36979006758580607,0.43800002336502075,12,"[0, 1, 2, 5, 7, 9, 13, 14, 18, 21, 22, 28]",12,"[0, 1, 2, 5, 7, 9, 13, 14, 18, 21, 22, 28]",0,[],0.36979006758580607,0.08656690670130453,0.2942225462151134,11.55175849647092,0.48,0.017366666666666666,0.13178264933847197,0.48,0.017366666666666666,0.13178264933847197
9,4,2,101010001010010000010110100110,0.5033333333333334,0.3871009461581707,0.5004999935626984,12,"[0, 2, 4, 8, 10, 13, 19, 21, 22, 24, 27, 28]",12,"[0, 2, 4, 8, 10, 13, 19, 21, 22, 24, 27, 28]",0,[],0.3871009461581707,0.07538220054877709,0.2745581915528602,13.265731070731164,0.49666666666666665,0.026555555555555558,0.16295875415440422,0.49666666666666665,0.026555555555555558,0.16295875415440422
9,4,3,100001010001001010100100101001,0.54,0.4402159947732633,0.4190000295639038,11,"[0, 5, 7, 11, 14, 16, 18, 21, 24, 26, 29]",11,"[0, 5, 7, 11, 14, 16, 18, 21, 24, 26, 29]",0,[],0.4402159947732633,0.11774724735186505,0.3431431878266929,8.492767538010396,0.46,0.02305454545454546,0.1518372334262761,0.46,0.02305454545454546,0.1518372334262761
9,4,4,101111100100101010110010001110,0.515625,0.36451012786710635,0.5399999916553497,16,"[0, 2, 3, 4, 5, 6, 9, 12, 14, 16, 18, 19, 22, 26, 27, 28]",16,"[0, 2, 3, 4, 5, 6, 9, 12, 14, 16, 18, 19, 22, 26, 27, 28]",0,[],0.36451012786710635,0.09323470189868346,0.3053435800842773,10.72562017827528,0.484375,0.022274609375,0.14924680691726708,0.484375,0.022274609375,0.14924680691726708
9,4,5,101001001011110000010010100110,0.47307692307692306,0.5005708101850289,0.5149999856948853,13,"[0, 2, 5, 8, 10, 11, 12, 13, 19, 22, 24, 27, 28]",13,"[0, 2, 5, 8, 10, 11, 12, 13, 19, 22, 24, 27, 28]",0,[],0.5005708101850289,0.09040687144265427,0.30067735438947557,11.061106131012476,0.5269230769230769,0.025375147928994084,0.15929578754315535,0.5269230769230769,0.025375147928994084,0.15929578754315535
9,4,6,111110000001101000010011101000,0.5676923076923076,0.32541773403779817,0.49650001525878906,13,"[0, 1, 2, 3, 4, 11, 12, 14, 19, 22, 23, 24, 26]",13,"[0, 1, 2, 3, 4, 11, 12, 14, 19, 22, 23, 24, 26]",0,[],0.32541773403779817,0.11694147220160496,0.34196706303620084,8.551286221846244,0.4323076923076924,0.007740828402366864,0.08798197771343211,0.4323076923076924,0.007740828402366864,0.08798197771343211
9,4,7,001110001010011011111010111000,0.543125,0.3439964983263053,0.4750000238418579,16,"[2, 3, 4, 8, 10, 13, 14, 16, 17, 18, 19, 20, 22, 24, 25, 26]",16,"[2, 3, 4, 8, 10, 13, 14, 16, 17, 18, 19, 20, 22, 24, 25, 26]",0,[],0.3439964983263053,0.09284699908762642,0.3047080555016989,10.770407334934195,0.45687500000000003,0.005483984374999999,0.07405392882892844,0.45687500000000003,0.005483984374999999,0.07405392882892844
9,4,8,111010001010010010110110000010,0.5292307692307692,0.33394594562168306,0.4959999918937683,13,"[0, 1, 2, 4, 8, 10, 13, 16, 18, 19, 21, 22, 28]",13,"[0, 1, 2, 4, 8, 10, 13, 16, 18, 19, 21, 22, 28]",0,[],0.33394594562168306,0.0694768174004854,0.2635845545560009,14.393290271713186,0.4707692307692308,0.01096094674556213,0.10469454018984051,0.4707692307692308,0.01096094674556213,0.10469454018984051
9,4,9,101111100100101010110110100110,0.5111764705882353,0.38701917778919726,0.5160000026226044,17,"[0, 2, 3, 4, 5, 6, 9, 12, 14, 16, 18, 19, 21, 22, 24, 27, 28]",17,"[0, 2, 3, 4, 5, 6, 9, 12, 14, 16, 18, 19, 21, 22, 24, 27, 28]",0,[],0.38701917778919726,0.0845442837728545,0.29076499750288803,11.828120783265542,0.4888235294117647,0.02316332179930796,0.15219501239957886,0.4888235294117647,0.02316332179930796,0.15219501239957886
9,4,10,001110001010000011111011111000,0.5499999999999999,0.41570163213958344,0.4179999828338623,15,"[2, 3, 4, 8, 10, 16, 17, 18, 19, 20, 22, 23, 24, 25, 26]",15,"[2, 3, 4, 8, 10, 16, 17, 18, 19, 20, 22, 23, 24, 25, 26]",0,[],0.41570163213958344,0.10925036213002565,0.33053042542257083,9.15328773747988,0.45000000000000007,0.004986666666666666,0.07061633427661525,0.45000000000000007,0.004986666666666666,0.07061633427661525
9,4,11,010101110000101010110010001101,0.5135714285714286,0.416560850571841,0.4509999752044678,14,"[1, 3, 5, 6, 7, 12, 14, 16, 18, 19, 22, 26, 27, 29]",14,"[1, 3, 5, 6, 7, 12, 14, 16, 18, 19, 22, 26, 27, 29]",0,[],0.416560850571841,0.12351719121059543,0.3514501262065436,8.096039022576308,0.4864285714285715,0.024437244897959183,0.15632416607152966,0.4864285714285715,0.024437244897959183,0.15632416607152966
9,4,12,011110001010011011111010000111,0.516470588235294,0.3799201028750223,0.49400001764297485,17,"[1, 2, 3, 4, 8, 10, 13, 14, 16, 17, 18, 19, 20, 22, 27, 28, 29]",17,"[1, 2, 3, 4, 8, 10, 13, 14, 16, 17, 18, 19, 20, 22, 27, 28, 29]",0,[],0.3799201028750223,0.08969165476695,0.29948565035231656,11.149309293025606,0.48352941176470593,0.016893425605536333,0.12997471140778244,0.48352941176470593,0.016893425605536333,0.12997471140778244
9,4,13,110011101100111011100010001111,0.5116666666666667,0.4050861539629598,0.45499998331069946,18,"[0, 1, 4, 5, 6, 8, 9, 12, 13, 14, 16, 17, 18, 22, 26, 27, 28, 29]",18,"[0, 1, 4, 5, 6, 8, 9, 12, 13, 14, 16, 17, 18, 22, 26, 27, 28, 29]",0,[],0.4050861539629598,0.10656748324398356,0.32644675407175294,9.383725406281062,0.4883333333333333,0.022980555555555556,0.1515933888913219,0.4883333333333333,0.022980555555555556,0.1515933888913219
9,4,14,101101010010101010110010001110,0.5146666666666667,0.40616780128329993,0.44300001859664917,15,"[0, 2, 3, 5, 7, 10, 12, 14, 16, 18, 19, 22, 26, 27, 28]",15,"[0, 2, 3, 5, 7, 10, 12, 14, 16, 18, 19, 22, 26, 27, 28]",0,[],0.40616780128329993,0.10408388686477925,0.32262034477816065,9.607635054013228,0.4853333333333333,0.02319822222222222,0.15230962616401572,0.4853333333333333,0.02319822222222222,0.15230962616401572
9,4,15,101111111010011111110100001110,0.5,0.42345982869155707,0.4869999885559082,20,"[0, 2, 3, 4, 5, 6, 7, 8, 10, 13, 14, 15, 16, 17, 18, 19, 21, 26, 27, 28]",20,"[0, 2, 3, 4, 5, 6, 7, 8, 10, 13, 14, 15, 16, 17, 18, 19, 21, 26, 27, 28]",0,[],0.42345982869155707,0.0935048858551488,0.3057856861515084,10.694628316525938,0.5,0.02063,0.14363147287415803,0.5,0.02063,0.14363147287415803
9,4,16,101111101010000011111011111110,0.516,0.4389043893199414,0.43849998712539673,20,"[0, 2, 3, 4, 5, 6, 8, 10, 16, 17, 18, 19, 20, 22, 23, 24, 25, 26, 27, 28]",20,"[0, 2, 3, 4, 5, 6, 8, 10, 16, 17, 18, 19, 20, 22, 23, 24, 25, 26, 27, 28]",0,[],0.4389043893199414,0.09748908059062208,0.31223241438169436,10.257559040886006,0.484,0.019294,0.13890284374338777,0.484,0.019294,0.13890284374338777
9,4,17,001110001010000001111011111000,0.5492857142857143,0.406704128254205,0.421999990940094,14,"[2, 3, 4, 8, 10, 17, 18, 19, 20, 22, 23, 24, 25, 26]",14,"[2, 3, 4, 8, 10, 17, 18, 19, 20, 22, 23, 24, 25, 26]",0,[],0.406704128254205,0.11583963328251648,0.3403522194470259,8.63262401358904,0.45071428571428573,0.0053352040816326525,0.07304248134909337,0.45071428571428573,0.0053352040816326525,0.07304248134909337
9,4,18,101101001011011111101110100110,0.48526315789473684,0.4565621071348065,0.4585000276565552,19,"[0, 2, 3, 5, 8, 10, 11, 13, 14, 15, 16, 17, 18, 20, 21, 22, 24, 27, 28]",19,"[0, 2, 3, 5, 8, 10, 11, 13, 14, 15, 16, 17, 18, 20, 21, 22, 24, 27, 28]",0,[],0.4565621071348065,0.08551271566269343,0.29242557286033216,11.694167262147532,0.5147368421052632,0.01968808864265928,0.14031424960658587,0.5147368421052632,0.01968808864265928,0.14031424960658587
9,4,19,010110100010101010110010001110,0.5164285714285715,0.3110630023293197,0.5035000145435333,14,"[1, 3, 4, 6, 10, 12, 14, 16, 18, 19, 22, 26, 27, 28]",14,"[1, 3, 4, 6, 10, 12, 14, 16, 18, 19, 22, 26, 27, 28]",0,[],0.3110630023293197,0.09003210793772212,0.3000535084576118,11.107148581834046,0.48357142857142854,0.015908673469387756,0.12612958998342838,0.48357142857142854,0.015908673469387756,0.12612958998342838
9,4,20,101000001011110000110010100110,0.49076923076923074,0.44581967778503895,0.49900001287460327,13,"[0, 2, 8, 10, 11, 12, 13, 18, 19, 22, 24, 27, 28]",13,"[0, 2, 8, 10, 11, 12, 13, 18, 19, 22, 24, 27, 28]",0,[],0.44581967778503895,0.10003224300448242,0.3162787425744614,9.996776738828002,0.5092307692307693,0.021237869822485208,0.14573218526627948,0.5092307692307693,0.021237869822485208,0.14573218526627948
9,4,21,101101011010011111110100001110,0.4922222222222222,0.43949683139928514,0.4559999704360962,18,"[0, 2, 3, 5, 7, 8, 10, 13, 14, 15, 16, 17, 18, 19, 21, 26, 27, 28]",18,"[0, 2, 3, 5, 7, 8, 10, 13, 14, 15, 16, 17, 18, 19, 21, 26, 27, 28]",0,[],0.43949683139928514,0.09495486444266815,0.3081474719069883,10.531319336502028,0.5077777777777778,0.02097283950617284,0.14482002453449883,0.5077777777777778,0.02097283950617284,0.14482002453449883
9,4,22,011101010000000111110100001111,0.5013333333333334,0.4657136052226027,0.43699997663497925,15,"[1, 2, 3, 5, 7, 15, 16, 17, 18, 19, 21, 26, 27, 28, 29]",15,"[1, 2, 3, 5, 7, 15, 16, 17, 18, 19, 21, 26, 27, 28, 29]",0,[],0.4657136052226027,0.09877269170395102,0.3142812302762464,10.12425583173612,0.4986666666666666,0.02354488888888889,0.1534434387287019,0.4986666666666666,0.02354488888888889,0.1534434387287019
9,4,23,110011101101011011101010001111,0.5063157894736842,0.4144674673382389,0.46399998664855957,19,"[0, 1, 4, 5, 6, 8, 9, 11, 13, 14, 16, 17, 18, 20, 22, 26, 27, 28, 29]",19,"[0, 1, 4, 5, 6, 8, 9, 11, 13, 14, 16, 17, 18, 20, 22, 26, 27, 28, 29]",0,[],0.4144674673382389,0.10010809990733124,0.3163986408114473,9.989201682238368,0.49368421052631584,0.02239168975069252,0.14963853030116447,0.49368421052631584,0.02239168975069252,0.14963853030116447
9,4,24,100101010000010000010110100110,0.500909090909091,0.3873574523763223,0.5180000066757202,11,"[0, 3, 5, 7, 13, 19, 21, 22, 24, 27, 28]",11,"[0, 3, 5, 7, 13, 19, 21, 22, 24, 27, 28]",0,[],0.3873574523763223,0.07929019983656486,0.2815851555685506,12.611899100534838,0.49909090909090903,0.035117355371900826,0.18739625228883533,0.49909090909090903,0.035117355371900826,0.18739625228883533
9,4,25,011101010010101010110110000111,0.503125,0.465293024899438,0.43400001525878906,16,"[1, 2, 3, 5, 7, 10, 12, 14, 16, 18, 19, 21, 22, 27, 28, 29]",16,"[1, 2, 3, 5, 7, 10, 12, 14, 16, 18, 19, 21, 22, 27, 28, 29]",0,[],0.465293024899438,0.1022616021601227,0.31978368025920695,9.778841509193112,0.496875,0.022496484375,0.14998828079220056,0.496875,0.022496484375,0.14998828079220056
9,4,26,101111100000001010110010001110,0.51,0.3012500038769628,0.5634999871253967,14,"[0, 2, 3, 4, 5, 6, 14, 16, 18, 19, 22, 26, 27, 28]",14,"[0, 2, 3, 4, 5, 6, 14, 16, 18, 19, 22, 26, 27, 28]",0,[],0.3012500038769628,0.0727885013304457,0.2697934419707894,13.738433704798972,0.48999999999999994,0.024771428571428573,0.15738941696133374,0.48999999999999994,0.024771428571428573,0.15738941696133374
9,4,27,101001100000001101000000001110,0.4710000000000001,0.442481245752424,0.5789999961853027,10,"[0, 2, 5, 6, 14, 15, 17, 26, 27, 28]",10,"[0, 2, 5, 6, 14, 15, 17, 26, 27, 28]",0,[],0.442481245752424,0.08825506033980657,0.2970775325395823,11.330795040530496,0.5289999999999999,0.027729000000000004,0.16652026903653502,0.5289999999999999,0.027729000000000004,0.16652026903653502
9,5,0,101011100000010000010010001110,0.49,0.33250953299416736,0.6150000095367432,11,"[0, 2, 4, 5, 6, 13, 19, 22, 26, 27, 28]",11,"[0, 2, 4, 5, 6, 13, 19, 22, 26, 27, 28]",0,[],0.33250953299416736,0.07190751576686873,0.2681557677300056,13.906752157063789,0.51,0.030290909090909087,0.17404283694225708,0.51,0.030290909090909087,0.17404283694225708
9,5,1,111110000001101000010011101000,0.5676923076923076,0.32541773403779817,0.49650001525878906,13,"[0, 1, 2, 3, 4, 11, 12, 14, 19, 22, 23, 24, 26]",13,"[0, 1, 2, 3, 4, 11, 12, 14, 19, 22, 23, 24, 26]",0,[],0.32541773403779817,0.11694147220160496,0.34196706303620084,8.551286221846244,0.4323076923076924,0.007740828402366864,0.08798197771343211,0.4323076923076924,0.007740828402366864,0.08798197771343211
9,5,2,111110000001101000010110101000,0.5561538461538461,0.2974639901031668,0.5480000078678131,13,"[0, 1, 2, 3, 4, 11, 12, 14, 19, 21, 22, 24, 26]",13,"[0, 1, 2, 3, 4, 11, 12, 14, 19, 21, 22, 24, 26]",0,[],0.2974639901031668,0.09189288951105377,0.3031383999282403,10.882234798805737,0.4438461538461539,0.0106698224852071,0.10329483280981241,0.4438461538461539,0.0106698224852071,0.10329483280981241
9,5,3,101001001010110000100110100110,0.46461538461538465,0.47189822864647096,0.48900002241134644,13,"[0, 2, 5, 8, 10, 12, 13, 18, 21, 22, 24, 27, 28]",13,"[0, 2, 5, 8, 10, 12, 13, 18, 21, 22, 24, 27, 28]",0,[],0.47189822864647096,0.09029284651000458,0.30048768112853574,11.075074478787183,0.5353846153846153,0.025424852071005925,0.15945172332403912,0.5353846153846153,0.025424852071005925,0.15945172332403912
9,5,4,001110001010000011111011111000,0.5499999999999999,0.41570163213958344,0.4179999828338623,15,"[2, 3, 4, 8, 10, 16, 17, 18, 19, 20, 22, 23, 24, 25, 26]",15,"[2, 3, 4, 8, 10, 16, 17, 18, 19, 20, 22, 23, 24, 25, 26]",0,[],0.41570163213958344,0.10925036213002565,0.33053042542257083,9.15328773747988,0.45000000000000007,0.004986666666666666,0.07061633427661525,0.45000000000000007,0.004986666666666666,0.07061633427661525
9,5,5,101111100000001010110010001110,0.51,0.3012500038769628,0.5634999871253967,14,"[0, 2, 3, 4, 5, 6, 14, 16, 18, 19, 22, 26, 27, 28]",14,"[0, 2, 3, 4, 5, 6, 14, 16, 18, 19, 22, 26, 27, 28]",0,[],0.3012500038769628,0.0727885013304457,0.2697934419707894,13.738433704798972,0.48999999999999994,0.024771428571428573,0.15738941696133374,0.48999999999999994,0.024771428571428573,0.15738941696133374
9,5,6,101101001011011111101110100110,0.48526315789473684,0.4565621071348065,0.4585000276565552,19,"[0, 2, 3, 5, 8, 10, 11, 13, 14, 15, 16, 17, 18, 20, 21, 22, 24, 27, 28]",19,"[0, 2, 3, 5, 8, 10, 11, 13, 14, 15, 16, 17, 18, 20, 21, 22, 24, 27, 28]",0,[],0.4565621071348065,0.08551271566269343,0.29242557286033216,11.694167262147532,0.5147368421052632,0.01968808864265928,0.14031424960658587,0.5147368421052632,0.01968808864265928,0.14031424960658587
9,5,7,001110001010011011111010111000,0.543125,0.3439964983263053,0.4750000238418579,16,"[2, 3, 4, 8, 10, 13, 14, 16, 17, 18, 19, 20, 22, 24, 25, 26]",16,"[2, 3, 4, 8, 10, 13, 14, 16, 17, 18, 19, 20, 22, 24, 25, 26]",0,[],0.3439964983263053,0.09284699908762642,0.3047080555016989,10.770407334934195,0.45687500000000003,0.005483984374999999,0.07405392882892844,0.45687500000000003,0.005483984374999999,0.07405392882892844
9,5,8,100111100110011010100100101110,0.5037499999999999,0.35084396140882745,0.5999999940395355,16,"[0, 3, 4, 5, 6, 9, 10, 13, 14, 16, 18, 21, 24, 26, 27, 28]",16,"[0, 3, 4, 5, 6, 9, 10, 13, 14, 16, 18, 21, 24, 26, 27, 28]",0,[],0.35084396140882745,0.07612681758300735,0.2759108870324028,13.135975359926448,0.49625,0.0243984375,0.15619999199743897,0.49625,0.0243984375,0.15619999199743897
9,5,9,111001100000001001000000001110,0.471,0.36361837526783347,0.5920000076293945,10,"[0, 1, 2, 5, 6, 14, 17, 26, 27, 28]",10,"[0, 1, 2, 5, 6, 14, 17, 26, 27, 28]",0,[],0.36361837526783347,0.075105496246121,0.2740538199808954,13.314604789015654,0.529,0.027729000000000004,0.16652026903653502,0.529,0.027729000000000004,0.16652026903653502
9,5,10,101111000000000111110100001110,0.49857142857142855,0.38352749809356673,0.5794999897480011,14,"[0, 2, 3, 4, 5, 15, 16, 17, 18, 19, 21, 26, 27, 28]",14,"[0, 2, 3, 4, 5, 15, 16, 17, 18, 19, 21, 26, 27, 28]",0,[],0.38352749809356673,0.0847860153037469,0.2911803827591187,11.794397889999763,0.5014285714285714,0.025469387755102043,0.15959131478593078,0.5014285714285714,0.025469387755102043,0.15959131478593078
9,5,11,111010001010010010110110000010,0.5292307692307692,0.33394594562168306,0.4959999918937683,13,"[0, 1, 2, 4, 8, 10, 13, 16, 18, 19, 21, 22, 28]",13,"[0, 1, 2, 4, 8, 10, 13, 16, 18, 19, 21, 22, 28]",0,[],0.33394594562168306,0.0694768174004854,0.2635845545560009,14.393290271713186,0.4707692307692308,0.01096094674556213,0.10469454018984051,0.4707692307692308,0.01096094674556213,0.10469454018984051
9,5,12,111001010100011000100110000010,0.52,0.36979006758580607,0.43800002336502075,12,"[0, 1, 2, 5, 7, 9, 13, 14, 18, 21, 22, 28]",12,"[0, 1, 2, 5, 7, 9, 13, 14, 18, 21, 22, 28]",0,[],0.36979006758580607,0.08656690670130453,0.2942225462151134,11.55175849647092,0.48,0.017366666666666666,0.13178264933847197,0.48,0.017366666666666666,0.13178264933847197
9,5,13,010110100010101010110010001110,0.5164285714285715,0.3110630023293197,0.5035000145435333,14,"[1, 3, 4, 6, 10, 12, 14, 16, 18, 19, 22, 26, 27, 28]",14,"[1, 3, 4, 6, 10, 12, 14, 16, 18, 19, 22, 26, 27, 28]",0,[],0.3110630023293197,0.09003210793772212,0.3000535084576118,11.107148581834046,0.48357142857142854,0.015908673469387756,0.12612958998342838,0.48357142857142854,0.015908673469387756,0.12612958998342838
9,5,14,100001010001010000010110100110,0.48090909090909095,0.44896251437338913,0.5270000100135803,11,"[0, 5, 7, 11, 13, 19, 21, 22, 24, 27, 28]",11,"[0, 5, 7, 11, 13, 19, 21, 22, 24, 27, 28]",0,[],0.44896251437338913,0.08711712380757317,0.29515610074598353,11.478799532096916,0.519090909090909,0.03435371900826446,0.18534756272544958,0.519090909090909,0.03435371900826446,0.18534756272544958
9,5,15,001110001010000001111011111000,0.5492857142857143,0.406704128254205,0.421999990940094,14,"[2, 3, 4, 8, 10, 17, 18, 19, 20, 22, 23, 24, 25, 26]",14,"[2, 3, 4, 8, 10, 17, 18, 19, 20, 22, 23, 24, 25, 26]",0,[],0.406704128254205,0.11583963328251648,0.3403522194470259,8.63262401358904,0.45071428571428573,0.0053352040816326525,0.07304248134909337,0.45071428571428573,0.0053352040816326525,0.07304248134909337
9,5,16,101001100000101000010010001110,0.4818181818181818,0.39835110162808135,0.5160000026226044,11,"[0, 2, 5, 6, 12, 14, 19, 22, 26, 27, 28]",11,"[0, 2, 5, 6, 12, 14, 19, 22, 26, 27, 28]",0,[],0.39835110162808135,0.09732459893075017,0.31196890699354984,10.274894641092072,0.5181818181818182,0.02670578512396694,0.16341904761675408,0.5181818181818182,0.02670578512396694,0.16341904761675408
9,5,17,101111111010011111110100001110,0.5,0.42345982869155707,0.4869999885559082,20,"[0, 2, 3, 4, 5, 6, 7, 8, 10, 13, 14, 15, 16, 17, 18, 19, 21, 26, 27, 28]",20,"[0, 2, 3, 4, 5, 6, 7, 8, 10, 13, 14, 15, 16, 17, 18, 19, 21, 26, 27, 28]",0,[],0.42345982869155707,0.0935048858551488,0.3057856861515084,10.694628316525938,0.5,0.02063,0.14363147287415803,0.5,0.02063,0.14363147287415803
9,5,18,111001001011110000010010100110,0.47857142857142854,0.4713946995990617,0.4815000295639038,14,"[0, 1, 2, 5, 8, 10, 11, 12, 13, 19, 22, 24, 27, 28]",14,"[0, 1, 2, 5, 8, 10, 11, 12, 13, 19, 22, 24, 27, 28]",0,[],0.4713946995990617,0.09501542834419865,0.30824572721158466,10.524606555236952,0.5214285714285715,0.02395510204081633,0.15477435847328305,0.5214285714285715,0.02395510204081633,0.15477435847328305
9,5,19,101001100000001101000000001110,0.4710000000000001,0.442481245752424,0.5789999961853027,10,"[0, 2, 5, 6, 14, 15, 17, 26, 27, 28]",10,"[0, 2, 5, 6, 14, 15, 17, 26, 27, 28]",0,[],0.442481245752424,0.08825506033980657,0.2970775325395823,11.330795040530496,0.5289999999999999,0.027729000000000004,0.16652026903653502,0.5289999999999999,0.027729000000000004,0.16652026903653502
9,5,20,100001010001001010100100101001,0.54,0.4402159947732633,0.4190000295639038,11,"[0, 5, 7, 11, 14, 16, 18, 21, 24, 26, 29]",11,"[0, 5, 7, 11, 14, 16, 18, 21, 24, 26, 29]",0,[],0.4402159947732633,0.11774724735186505,0.3431431878266929,8.492767538010396,0.46,0.02305454545454546,0.1518372334262761,0.46,0.02305454545454546,0.1518372334262761
9,5,21,101101010010101010110010001110,0.5146666666666667,0.40616780128329993,0.44300001859664917,15,"[0, 2, 3, 5, 7, 10, 12, 14, 16, 18, 19, 22, 26, 27, 28]",15,"[0, 2, 3, 5, 7, 10, 12, 14, 16, 18, 19, 22, 26, 27, 28]",0,[],0.40616780128329993,0.10408388686477925,0.32262034477816065,9.607635054013228,0.4853333333333333,0.02319822222222222,0.15230962616401572,0.4853333333333333,0.02319822222222222,0.15230962616401572
9,5,22,011101010010101010110110000111,0.503125,0.465293024899438,0.43400001525878906,16,"[1, 2, 3, 5, 7, 10, 12, 14, 16, 18, 19, 21, 22, 27, 28, 29]",16,"[1, 2, 3, 5, 7, 10, 12, 14, 16, 18, 19, 21, 22, 27, 28, 29]",0,[],0.465293024899438,0.1022616021601227,0.31978368025920695,9.778841509193112,0.496875,0.022496484375,0.14998828079220056,0.496875,0.022496484375,0.14998828079220056
9,5,23,110011101100001010110010001110,0.5053333333333334,0.341322445931534,0.5090000033378601,15,"[0, 1, 4, 5, 6, 8, 9, 14, 16, 18, 19, 22, 26, 27, 28]",15,"[0, 1, 4, 5, 6, 8, 9, 14, 16, 18, 19, 22, 26, 27, 28]",0,[],0.341322445931534,0.09259571835897443,0.3042954458400165,10.799635422916717,0.49466666666666664,0.02399822222222222,0.15491359598893256,0.49466666666666664,0.02399822222222222,0.15491359598893256
9,5,24,101101011010011111110100001110,0.4922222222222222,0.43949683139928514,0.4559999704360962,18,"[0, 2, 3, 5, 7, 8, 10, 13, 14, 15, 16, 17, 18, 19, 21, 26, 27, 28]",18,"[0, 2, 3, 5, 7, 8, 10, 13, 14, 15, 16, 17, 18, 19, 21, 26, 27, 28]",0,[],0.43949683139928514,0.09495486444266815,0.3081474719069883,10.531319336502028,0.5077777777777778,0.02097283950617284,0.14482002453449883,0.5077777777777778,0.02097283950617284,0.14482002453449883
9,5,25,110010000001101000010111101000,0.5525,0.3387792643625289,0.49299997091293335,12,"[0, 1, 4, 11, 12, 14, 19, 21, 22, 23, 24, 26]",12,"[0, 1, 4, 11, 12, 14, 19, 21, 22, 23, 24, 26]",0,[],0.3387792643625289,0.12275488134111212,0.35036392699750374,8.14631556052906,0.44750000000000006,0.01101875,0.10497023387608509,0.44750000000000006,0.01101875,0.10497023387608509
9,5,26,101111101010000011111011111110,0.516,0.4389043893199414,0.43849998712539673,20,"[0, 2, 3, 4, 5, 6, 8, 10, 16, 17, 18, 19, 20, 22, 23, 24, 25, 26, 27, 28]",20,"[0, 2, 3, 4, 5, 6, 8, 10, 16, 17, 18, 19, 20, 22, 23, 24, 25, 26, 27, 28]",0,[],0.4389043893199414,0.09748908059062208,0.31223241438169436,10.257559040886006,0.484,0.019294,0.13890284374338777,0.484,0.019294,0.13890284374338777
9,5,27,100101010000010000010110100110,0.500909090909091,0.3873574523763223,0.5180000066757202,11,"[0, 3, 5, 7, 13, 19, 21, 22, 24, 27, 28]",11,"[0, 3, 5, 7, 13, 19, 21, 22, 24, 27, 28]",0,[],0.3873574523763223,0.07929019983656486,0.2815851555685506,12.611899100534838,0.49909090909090903,0.035117355371900826,0.18739625228883533,0.49909090909090903,0.035117355371900826,0.18739625228883533
9,5,28,101001001001010000010010100110,0.46545454545454545,0.44960996169935574,0.49550002813339233,11,"[0, 2, 5, 8, 11, 13, 19, 22, 24, 27, 28]",11,"[0, 2, 5, 8, 11, 13, 19, 22, 24, 27, 28]",0,[],0.44960996169935574,0.08654254856111178,0.2941811492280085,11.555009837662139,0.5345454545454545,0.029570247933884297,0.17196001841673633,0.5345454545454545,0.029570247933884297,0.17196001841673633
9,5,29,000110101010101010110010001110,0.505,0.3656597207300365,0.44749999046325684,14,"[3, 4, 6, 8, 10, 12, 14, 16, 18, 19, 22, 26, 27, 28]",14,"[3, 4, 6, 8, 10, 12, 14, 16, 18, 19, 22, 26, 27, 28]",0,[],0.3656597207300365,0.10487378133651952,0.3238422167298753,9.535271707150473,0.495,0.016839285714285716,0.12976627340833102,0.495,0.016839285714285716,0.12976627340833102
