round,generation,solution_index,bitstring,objective_1,objective_2,objective_3,num_selected,selected_client_ids,num_available_selected,available_selected_client_ids,num_unavailable_selected,unavailable_selected_client_ids,mean_selected_client_accuracy,selected_client_accuracy_variance,selected_client_accuracy_std,inverse_accuracy_variance,mean_selected_utility,selected_utility_variance,selected_utility_std,mean_available_selected_utility,available_selected_utility_variance,available_selected_utility_std
0,1,0,101011110100010111111010000100,0.46453187009898333,0.4201657451116122,0.6180000007152557,16,"[0, 2, 4, 5, 6, 7, 9, 13, 15, 16, 17, 18, 19, 20, 22, 27]",13,"[0, 2, 4, 5, 6, 13, 15, 16, 17, 18, 19, 20, 27]",3,"[7, 9, 22]",0.3595484895631671,0.03961160383297505,0.1990266410131444,25.245127771563254,0.4471510075017713,0.08102142940884388,0.2846426345592731,0.5354681299010167,0.057787572738576674,0.24039045891752167
0,1,1,010000010110000011001111100111,0.472495443570107,0.3080081410706043,0.806999996304512,14,"[1, 7, 9, 10, 16, 17, 20, 21, 22, 23, 24, 27, 28, 29]",10,"[1, 10, 16, 17, 20, 21, 23, 27, 28, 29]",4,"[7, 9, 22, 24]",0.26065596884914805,0.0246545763706224,0.15701775813780555,40.56042111482264,0.39470962540219257,0.09777920766635384,0.31269667037938514,0.527504556429893,0.07473556980416743,0.2733780711837865
0,1,2,010000001001111111000101000100,0.3203381194431657,0.411513136078914,0.6694999933242798,12,"[1, 8, 11, 12, 13, 14, 15, 16, 17, 21, 23, 27]",12,"[1, 8, 11, 12, 13, 14, 15, 16, 17, 21, 23, 27]",0,[],0.411513136078914,0.04164746011558005,0.20407709355922346,24.011068075335196,0.6796618805568343,0.05636827205695417,0.2374200329731132,0.6796618805568343,0.05636827205695417,0.2374200329731132
0,1,3,011101111100110000101000100010,0.2942338930635817,0.498255120082335,0.613999992609024,14,"[1, 2, 3, 5, 6, 7, 8, 9, 12, 13, 18, 20, 24, 28]",11,"[1, 2, 3, 5, 6, 8, 12, 13, 18, 20, 28]",3,"[7, 9, 24]",0.43060843566698687,0.051617958898697455,0.2271958602146999,19.373102333677018,0.5659364474702626,0.10631154169240463,0.32605450724135776,0.7057661069364183,0.043764632922030915,0.2091999830832472
0,1,4,011000110101010111001001000101,0.4432001500253072,0.36236254312098026,0.7849999964237213,14,"[1, 2, 6, 7, 9, 11, 13, 15, 16, 17, 20, 23, 27, 29]",12,"[1, 2, 6, 11, 13, 15, 16, 17, 20, 23, 27, 29]",2,"[7, 9]",0.3298272349472557,0.03956405914779978,0.19890716213299053,25.27546519593179,0.4845516091401961,0.08871885733427355,0.29785710892015577,0.5567998499746928,0.06669700686120232,0.25825763659803425
0,1,5,111100001011010011000110100110,0.4049465585824784,0.4286742393787091,0.6225000023841858,15,"[0, 1, 2, 3, 8, 10, 11, 13, 16, 17, 21, 22, 24, 27, 28]",13,"[0, 1, 2, 3, 8, 10, 11, 13, 16, 17, 21, 27, 28]",2,"[22, 24]",0.39150909955302876,0.04175257656203317,0.2043344722802131,23.950617718508155,0.5256306400995411,0.10084283269781036,0.31755760532194843,0.5950534414175216,0.08016713059185433,0.28313800626523866
0,1,6,111101101111010101110110000101,0.3901941538041974,0.45543836977551966,0.6060000061988831,19,"[0, 1, 2, 3, 5, 6, 8, 9, 10, 11, 13, 15, 17, 18, 19, 21, 22, 27, 29]",17,"[0, 1, 2, 3, 5, 6, 8, 10, 11, 13, 15, 17, 18, 19, 21, 27, 29]",2,"[9, 22]",0.41154727457385315,0.053957145990744505,0.23228677532469322,18.53322635284554,0.5552206402717617,0.09380681744795137,0.30627898629836064,0.6098058461958026,0.07653723872253891,0.27665364397119174
0,1,7,010001010111110110001101000011,0.3940959547110091,0.37751912210996336,0.6495000123977661,15,"[1, 5, 7, 9, 10, 11, 12, 13, 15, 16, 20, 21, 23, 28, 29]",13,"[1, 5, 10, 11, 12, 13, 15, 16, 20, 21, 23, 28, 29]",2,"[7, 9]",0.34513195728262264,0.03201494894806811,0.17892721690136498,31.235408234513,0.5319251278015542,0.10242537979345294,0.3200396534703988,0.6059040452889909,0.0768876039527462,0.27728614093161275
0,1,8,000000110001101111001110101100,0.37250357140084533,0.4064608814025467,0.74549999833107,14,"[6, 7, 11, 12, 14, 15, 16, 17, 20, 21, 22, 24, 26, 27]",11,"[6, 11, 12, 14, 15, 16, 17, 20, 21, 26, 27]",3,"[7, 22, 24]",0.3560440209028976,0.05927448858647354,0.24346352619329562,16.87066432536375,0.5044330877954525,0.10246692687043397,0.3201045561538198,0.6274964285991547,0.0594415337578923,0.24380634478596389
0,1,9,110111011100111000000010001000,0.34494982038266664,0.4199825035408139,0.6274999976158142,13,"[0, 1, 3, 4, 5, 7, 8, 9, 12, 13, 14, 22, 26]",10,"[0, 1, 3, 4, 5, 8, 12, 13, 14, 26]",3,"[7, 9, 22]",0.34541893707445037,0.060298739293763504,0.245558016146416,16.584094654586362,0.5187563251914198,0.12133803038441662,0.34833608826019824,0.6550501796173334,0.07681233755881932,0.2771503879824441
0,2,0,101011110100010111111010000100,0.46453187009898333,0.4201657451116122,0.6180000007152557,16,"[0, 2, 4, 5, 6, 7, 9, 13, 15, 16, 17, 18, 19, 20, 22, 27]",13,"[0, 2, 4, 5, 6, 13, 15, 16, 17, 18, 19, 20, 27]",3,"[7, 9, 22]",0.3595484895631671,0.03961160383297505,0.1990266410131444,25.245127771563254,0.4471510075017713,0.08102142940884388,0.2846426345592731,0.5354681299010167,0.057787572738576674,0.24039045891752167
0,2,1,010000010110000011001111100111,0.472495443570107,0.3080081410706043,0.806999996304512,14,"[1, 7, 9, 10, 16, 17, 20, 21, 22, 23, 24, 27, 28, 29]",10,"[1, 10, 16, 17, 20, 21, 23, 27, 28, 29]",4,"[7, 9, 22, 24]",0.26065596884914805,0.0246545763706224,0.15701775813780555,40.56042111482264,0.39470962540219257,0.09777920766635384,0.31269667037938514,0.527504556429893,0.07473556980416743,0.2733780711837865
0,2,2,010000001001111111000101000100,0.3203381194431657,0.411513136078914,0.6694999933242798,12,"[1, 8, 11, 12, 13, 14, 15, 16, 17, 21, 23, 27]",12,"[1, 8, 11, 12, 13, 14, 15, 16, 17, 21, 23, 27]",0,[],0.411513136078914,0.04164746011558005,0.20407709355922346,24.011068075335196,0.6796618805568343,0.05636827205695417,0.2374200329731132,0.6796618805568343,0.05636827205695417,0.2374200329731132
0,2,3,011101111100110000101000100010,0.2942338930635817,0.498255120082335,0.613999992609024,14,"[1, 2, 3, 5, 6, 7, 8, 9, 12, 13, 18, 20, 24, 28]",11,"[1, 2, 3, 5, 6, 8, 12, 13, 18, 20, 28]",3,"[7, 9, 24]",0.43060843566698687,0.051617958898697455,0.2271958602146999,19.373102333677018,0.5659364474702626,0.10631154169240463,0.32605450724135776,0.7057661069364183,0.043764632922030915,0.2091999830832472
0,2,4,011000110101010111001001000101,0.4432001500253072,0.36236254312098026,0.7849999964237213,14,"[1, 2, 6, 7, 9, 11, 13, 15, 16, 17, 20, 23, 27, 29]",12,"[1, 2, 6, 11, 13, 15, 16, 17, 20, 23, 27, 29]",2,"[7, 9]",0.3298272349472557,0.03956405914779978,0.19890716213299053,25.27546519593179,0.4845516091401961,0.08871885733427355,0.29785710892015577,0.5567998499746928,0.06669700686120232,0.25825763659803425
0,2,5,111101101111010101110110000101,0.3901941538041974,0.45543836977551966,0.6060000061988831,19,"[0, 1, 2, 3, 5, 6, 8, 9, 10, 11, 13, 15, 17, 18, 19, 21, 22, 27, 29]",17,"[0, 1, 2, 3, 5, 6, 8, 10, 11, 13, 15, 17, 18, 19, 21, 27, 29]",2,"[9, 22]",0.41154727457385315,0.053957145990744505,0.23228677532469322,18.53322635284554,0.5552206402717617,0.09380681744795137,0.30627898629836064,0.6098058461958026,0.07653723872253891,0.27665364397119174
0,2,6,010001010111110110001101000011,0.3940959547110091,0.37751912210996336,0.6495000123977661,15,"[1, 5, 7, 9, 10, 11, 12, 13, 15, 16, 20, 21, 23, 28, 29]",13,"[1, 5, 10, 11, 12, 13, 15, 16, 20, 21, 23, 28, 29]",2,"[7, 9]",0.34513195728262264,0.03201494894806811,0.17892721690136498,31.235408234513,0.5319251278015542,0.10242537979345294,0.3200396534703988,0.6059040452889909,0.0768876039527462,0.27728614093161275
0,2,7,000000110001101111001110101100,0.37250357140084533,0.4064608814025467,0.74549999833107,14,"[6, 7, 11, 12, 14, 15, 16, 17, 20, 21, 22, 24, 26, 27]",11,"[6, 11, 12, 14, 15, 16, 17, 20, 21, 26, 27]",3,"[7, 22, 24]",0.3560440209028976,0.05927448858647354,0.24346352619329562,16.87066432536375,0.5044330877954525,0.10246692687043397,0.3201045561538198,0.6274964285991547,0.0594415337578923,0.24380634478596389
0,2,8,110111011100111000000010001000,0.34494982038266664,0.4199825035408139,0.6274999976158142,13,"[0, 1, 3, 4, 5, 7, 8, 9, 12, 13, 14, 22, 26]",10,"[0, 1, 3, 4, 5, 8, 12, 13, 14, 26]",3,"[7, 9, 22]",0.34541893707445037,0.060298739293763504,0.245558016146416,16.584094654586362,0.5187563251914198,0.12133803038441662,0.34833608826019824,0.6550501796173334,0.07681233755881932,0.2771503879824441
0,2,9,100000010110000011001111100111,0.5524383473544704,0.3244955949485302,0.7490000128746033,14,"[0, 7, 9, 10, 16, 17, 20, 21, 22, 23, 24, 27, 28, 29]",10,"[0, 10, 16, 17, 20, 21, 23, 27, 28, 29]",4,"[7, 9, 22, 24]",0.2724327216190951,0.025552321720981312,0.15985093594027316,39.135387027429616,0.3376075512705044,0.08216980758862358,0.28665276483687296,0.4475616526455296,0.07228847223646351,0.2688651562334984
0,2,10,111101111100110000101001100010,0.3568483577046835,0.4733551832345816,0.609499990940094,16,"[0, 1, 2, 3, 5, 6, 7, 8, 9, 12, 13, 18, 20, 23, 24, 28]",13,"[0, 1, 2, 3, 5, 6, 8, 12, 13, 18, 20, 23, 28]",3,"[7, 9, 24]",0.4188330725301057,0.04645752840168802,0.21554008537088412,21.52503661739494,0.5325409023826368,0.10561421415031225,0.32498340596146175,0.6431516422953165,0.06448371169516719,0.2539364323904059
0,2,11,011010110001111101011011000101,0.39711627216174017,0.3930763696630796,0.62049999833107,17,"[1, 2, 4, 6, 7, 11, 12, 13, 14, 15, 17, 19, 20, 22, 23, 27, 29]",15,"[1, 2, 4, 6, 11, 12, 13, 14, 15, 17, 19, 20, 23, 27, 29]",2,"[7, 22]",0.3606594785609666,0.04746164673137334,0.21785694097589212,21.06964399402044,0.5379588042413461,0.0879245484073012,0.29652073857877326,0.6028837278382598,0.06360293011013825,0.25219621351268984
0,2,12,100110010100110000000010001101,0.4725027910506987,0.3621673595625907,0.6344999969005585,11,"[0, 3, 4, 7, 9, 12, 13, 22, 26, 27, 29]",8,"[0, 3, 4, 12, 13, 26, 27, 29]",3,"[7, 9, 22]",0.2898145475509492,0.06283191820078039,0.25066295737659444,15.915477811842129,0.4012098275372302,0.11557840459839035,0.33996824057313113,0.5274972089493013,0.09990366556790911,0.3160754112042079
0,3,0,101011110100010111111010000100,0.46453187009898333,0.4201657451116122,0.6180000007152557,16,"[0, 2, 4, 5, 6, 7, 9, 13, 15, 16, 17, 18, 19, 20, 22, 27]",13,"[0, 2, 4, 5, 6, 13, 15, 16, 17, 18, 19, 20, 27]",3,"[7, 9, 22]",0.3595484895631671,0.03961160383297505,0.1990266410131444,25.245127771563254,0.4471510075017713,0.08102142940884388,0.2846426345592731,0.5354681299010167,0.057787572738576674,0.24039045891752167
0,3,1,010000010110000011001111100111,0.472495443570107,0.3080081410706043,0.806999996304512,14,"[1, 7, 9, 10, 16, 17, 20, 21, 22, 23, 24, 27, 28, 29]",10,"[1, 10, 16, 17, 20, 21, 23, 27, 28, 29]",4,"[7, 9, 22, 24]",0.26065596884914805,0.0246545763706224,0.15701775813780555,40.56042111482264,0.39470962540219257,0.09777920766635384,0.31269667037938514,0.527504556429893,0.07473556980416743,0.2733780711837865
0,3,2,010000001001111111000101000100,0.3203381194431657,0.411513136078914,0.6694999933242798,12,"[1, 8, 11, 12, 13, 14, 15, 16, 17, 21, 23, 27]",12,"[1, 8, 11, 12, 13, 14, 15, 16, 17, 21, 23, 27]",0,[],0.411513136078914,0.04164746011558005,0.20407709355922346,24.011068075335196,0.6796618805568343,0.05636827205695417,0.2374200329731132,0.6796618805568343,0.05636827205695417,0.2374200329731132
0,3,3,011101111100110000101000100010,0.2942338930635817,0.498255120082335,0.613999992609024,14,"[1, 2, 3, 5, 6, 7, 8, 9, 12, 13, 18, 20, 24, 28]",11,"[1, 2, 3, 5, 6, 8, 12, 13, 18, 20, 28]",3,"[7, 9, 24]",0.43060843566698687,0.051617958898697455,0.2271958602146999,19.373102333677018,0.5659364474702626,0.10631154169240463,0.32605450724135776,0.7057661069364183,0.043764632922030915,0.2091999830832472
0,3,4,111101101111010101110110000101,0.3901941538041974,0.45543836977551966,0.6060000061988831,19,"[0, 1, 2, 3, 5, 6, 8, 9, 10, 11, 13, 15, 17, 18, 19, 21, 22, 27, 29]",17,"[0, 1, 2, 3, 5, 6, 8, 10, 11, 13, 15, 17, 18, 19, 21, 27, 29]",2,"[9, 22]",0.41154727457385315,0.053957145990744505,0.23228677532469322,18.53322635284554,0.5552206402717617,0.09380681744795137,0.30627898629836064,0.6098058461958026,0.07653723872253891,0.27665364397119174
0,3,5,010001010111110110001101000011,0.3940959547110091,0.37751912210996336,0.6495000123977661,15,"[1, 5, 7, 9, 10, 11, 12, 13, 15, 16, 20, 21, 23, 28, 29]",13,"[1, 5, 10, 11, 12, 13, 15, 16, 20, 21, 23, 28, 29]",2,"[7, 9]",0.34513195728262264,0.03201494894806811,0.17892721690136498,31.235408234513,0.5319251278015542,0.10242537979345294,0.3200396534703988,0.6059040452889909,0.0768876039527462,0.27728614093161275
0,3,6,110111011100111000000010001000,0.34494982038266664,0.4199825035408139,0.6274999976158142,13,"[0, 1, 3, 4, 5, 7, 8, 9, 12, 13, 14, 22, 26]",10,"[0, 1, 3, 4, 5, 8, 12, 13, 14, 26]",3,"[7, 9, 22]",0.34541893707445037,0.060298739293763504,0.245558016146416,16.584094654586362,0.5187563251914198,0.12133803038441662,0.34833608826019824,0.6550501796173334,0.07681233755881932,0.2771503879824441
0,3,7,100000010110000011001111100111,0.5524383473544704,0.3244955949485302,0.7490000128746033,14,"[0, 7, 9, 10, 16, 17, 20, 21, 22, 23, 24, 27, 28, 29]",10,"[0, 10, 16, 17, 20, 21, 23, 27, 28, 29]",4,"[7, 9, 22, 24]",0.2724327216190951,0.025552321720981312,0.15985093594027316,39.135387027429616,0.3376075512705044,0.08216980758862358,0.28665276483687296,0.4475616526455296,0.07228847223646351,0.2688651562334984
0,3,8,111101111100110000101001100010,0.3568483577046835,0.4733551832345816,0.609499990940094,16,"[0, 1, 2, 3, 5, 6, 7, 8, 9, 12, 13, 18, 20, 23, 24, 28]",13,"[0, 1, 2, 3, 5, 6, 8, 12, 13, 18, 20, 23, 28]",3,"[7, 9, 24]",0.4188330725301057,0.04645752840168802,0.21554008537088412,21.52503661739494,0.5325409023826368,0.10561421415031225,0.32498340596146175,0.6431516422953165,0.06448371169516719,0.2539364323904059
0,3,9,011010110001111101011011000101,0.39711627216174017,0.3930763696630796,0.62049999833107,17,"[1, 2, 4, 6, 7, 11, 12, 13, 14, 15, 17, 19, 20, 22, 23, 27, 29]",15,"[1, 2, 4, 6, 11, 12, 13, 14, 15, 17, 19, 20, 23, 27, 29]",2,"[7, 22]",0.3606594785609666,0.04746164673137334,0.21785694097589212,21.06964399402044,0.5379588042413461,0.0879245484073012,0.29652073857877326,0.6028837278382598,0.06360293011013825,0.25219621351268984
0,3,10,100110010100110000000010001101,0.4725027910506987,0.3621673595625907,0.6344999969005585,11,"[0, 3, 4, 7, 9, 12, 13, 22, 26, 27, 29]",8,"[0, 3, 4, 12, 13, 26, 27, 29]",3,"[7, 9, 22]",0.2898145475509492,0.06283191820078039,0.25066295737659444,15.915477811842129,0.4012098275372302,0.11557840459839035,0.33996824057313113,0.5274972089493013,0.09990366556790911,0.3160754112042079
0,3,11,100000010110000110101011100111,0.5521702183653816,0.2987437807023525,0.7615000009536743,14,"[0, 7, 9, 10, 15, 16, 18, 20, 22, 23, 24, 27, 28, 29]",10,"[0, 10, 15, 16, 18, 20, 23, 27, 28, 29]",4,"[7, 9, 22, 24]",0.25403856858611107,0.02081463437577282,0.1442727776670735,48.04312110156253,0.33779907197699643,0.07645954360162106,0.27651318883847303,0.4478297816346184,0.06423511834966288,0.25344648024713795
0,3,12,110001010011010101110110000001,0.42894152426155674,0.4208857932438453,0.5934999883174896,14,"[0, 1, 5, 7, 10, 11, 13, 15, 17, 18, 19, 21, 22, 29]",12,"[0, 1, 5, 10, 11, 13, 15, 17, 18, 19, 21, 29]",2,"[7, 22]",0.3775496506797416,0.0336059787896089,0.18331933555849722,29.75660986577793,0.4967675330993077,0.1056304371972567,0.3250083648112102,0.5710584757384433,0.08433237228900763,0.29040036551114673
0,3,13,000000010001101111001110001100,0.3486740964143462,0.3671069683507085,0.7594999969005585,12,"[7, 11, 12, 14, 15, 16, 17, 20, 21, 22, 26, 27]",10,"[11, 12, 14, 15, 16, 17, 20, 21, 26, 27]",2,"[7, 22]",0.3255112728414436,0.05129524271794388,0.22648453085794598,19.494985246461933,0.5512752325321273,0.09960264962014037,0.3155988745546162,0.6513259035856538,0.059139404474227455,0.24318594629260026
0,3,14,110111011000110100001010001000,0.34921007729929976,0.4190677907317877,0.6554999947547913,13,"[0, 1, 3, 4, 5, 7, 8, 12, 13, 15, 20, 22, 26]",11,"[0, 1, 3, 4, 5, 8, 12, 13, 15, 20, 26]",2,"[7, 22]",0.3726777914338387,0.05161246414868429,0.22718376735296097,19.375164826837512,0.5585179157105148,0.11082306611068773,0.3329009854456543,0.6507899227007002,0.07533731830403778,0.2744764439875265
0,3,15,010111111110110000101000100010,0.34187182979385244,0.4916762908299764,0.6184999942779541,15,"[1, 3, 4, 5, 6, 7, 8, 9, 10, 12, 13, 18, 20, 24, 28]",12,"[1, 3, 4, 5, 6, 8, 10, 12, 13, 18, 20, 28]",3,"[7, 9, 24]",0.42985515122612317,0.04808803664252237,0.21928984619111386,20.795192938189935,0.5371480753837897,0.10623537485510463,0.32593768553989677,0.6581281702061476,0.059341288518715944,0.24360067429856583
0,3,16,100000010110010010001000100111,0.5704560722860587,0.2860190039500594,0.6890000104904175,11,"[0, 7, 9, 10, 13, 16, 20, 24, 27, 28, 29]",8,"[0, 10, 13, 16, 20, 27, 28, 29]",3,"[7, 9, 24]",0.2578058009120551,0.014662067978810983,0.1210870264677888,68.20320308466438,0.3269122281813279,0.08318522719961911,0.2884184931650866,0.42954392771394134,0.07534969298560268,0.2744989853999513
0,3,17,111101111100110000100110000101,0.3447348976277641,0.47010557181560075,0.6324999928474426,16,"[0, 1, 2, 3, 5, 6, 7, 8, 9, 12, 13, 18, 21, 22, 27, 29]",13,"[0, 1, 2, 3, 5, 6, 8, 12, 13, 18, 21, 27, 29]",3,"[7, 9, 22]",0.4001245987601578,0.06508118948802775,0.255110151675757,15.365422910470292,0.5444860476346367,0.12000119516880564,0.3464118865870593,0.6552651023722359,0.08191154980694211,0.28620193885950895
0,3,18,111101101111110110001101000011,0.4107683360387867,0.43865327909588814,0.5519999861717224,19,"[0, 1, 2, 3, 5, 6, 8, 9, 10, 11, 12, 13, 15, 16, 20, 21, 23, 28, 29]",18,"[0, 1, 2, 3, 5, 6, 8, 10, 11, 12, 13, 15, 16, 20, 21, 23, 28, 29]",1,[9],0.4184902410366033,0.04500276170403885,0.21213854365493992,22.220858501451772,0.5630240330572618,0.08829705774941611,0.2971482083900492,0.5892316639612133,0.0801524914122485,0.28311215341671314
0,3,19,011001010111110110111000000110,0.3361788096033559,0.39512941028390614,0.6924999952316284,16,"[1, 2, 5, 7, 9, 10, 11, 12, 13, 15, 16, 18, 19, 20, 27, 28]",14,"[1, 2, 5, 10, 11, 12, 13, 15, 16, 18, 19, 20, 27, 28]",2,"[7, 9]",0.3625651572365314,0.033718751970869064,0.1836266646510497,29.6570881645898,0.5872263121137155,0.09019901257983139,0.30033150447435814,0.6638211903966441,0.055919238283799265,0.2364724894861964
0,3,20,010000010100110011001111100111,0.41092936711187666,0.3491270277987827,0.7510000020265579,15,"[1, 7, 9, 12, 13, 16, 17, 20, 21, 22, 23, 24, 27, 28, 29]",11,"[1, 12, 13, 16, 17, 20, 21, 23, 27, 28, 29]",4,"[7, 9, 22, 24]",0.2939666305979093,0.036490497593710876,0.19102486119275386,27.404394731310806,0.4487110768734082,0.11069652315202193,0.33271087020417883,0.5890706328881233,0.07667670117583011,0.2769055816985821
0,3,21,110101111100110000101001100000,0.3177450941055292,0.5068945085460489,0.6080000102519989,14,"[0, 1, 3, 5, 6, 7, 8, 9, 12, 13, 18, 20, 23, 24]",11,"[0, 1, 3, 5, 6, 8, 12, 13, 18, 20, 23]",3,"[7, 9, 24]",0.43739652660276207,0.049702582855348745,0.2229407608656361,20.119678748091157,0.547463360937304,0.11806980585084513,0.343612872068037,0.6822549058944708,0.0651863707439882,0.2553162171582295
0,3,22,111101011000111000001010001000,0.31570148988032465,0.4076563243500211,0.6714999973773956,13,"[0, 1, 2, 3, 5, 7, 8, 12, 13, 14, 20, 22, 26]",11,"[0, 1, 2, 3, 5, 8, 12, 13, 14, 20, 26]",2,"[7, 22]",0.3630219352646516,0.05327642188046906,0.23081685787755854,18.770029305714246,0.5868713358342629,0.10534452416752335,0.3245682118869982,0.6842985101196754,0.06250612622667122,0.2500122521531119
0,3,23,011000100010010010001001100101,0.4726260197112312,0.3342325143516064,0.7019999921321869,11,"[1, 2, 6, 10, 13, 16, 20, 23, 24, 27, 29]",10,"[1, 2, 6, 10, 13, 16, 20, 23, 27, 29]",1,[24],0.3291641954671253,0.031819105686911965,0.17837910664344064,31.427658899015704,0.4846635057185757,0.07548398229006413,0.2747434845270478,0.5273739802887688,0.06296634950094829,0.2509309656079701
0,3,24,001011110100010111001110101100,0.44464854345579186,0.37707315152511,0.6850000023841858,16,"[2, 4, 5, 6, 7, 9, 13, 15, 16, 17, 20, 21, 22, 24, 26, 27]",12,"[2, 4, 5, 6, 13, 15, 16, 17, 20, 21, 26, 27]",4,"[7, 9, 22, 24]",0.31837374821770936,0.042044432157258,0.20504739002791036,23.784362130512758,0.43219416686639145,0.08122215300120217,0.2849950052214989,0.5553514565442081,0.04726317120225453,0.2174009457252993
0,4,0,010000010110000011001111100111,0.472495443570107,0.3080081410706043,0.806999996304512,14,"[1, 7, 9, 10, 16, 17, 20, 21, 22, 23, 24, 27, 28, 29]",10,"[1, 10, 16, 17, 20, 21, 23, 27, 28, 29]",4,"[7, 9, 22, 24]",0.26065596884914805,0.0246545763706224,0.15701775813780555,40.56042111482264,0.39470962540219257,0.09777920766635384,0.31269667037938514,0.527504556429893,0.07473556980416743,0.2733780711837865
0,4,1,010000001001111111000101000100,0.3203381194431657,0.411513136078914,0.6694999933242798,12,"[1, 8, 11, 12, 13, 14, 15, 16, 17, 21, 23, 27]",12,"[1, 8, 11, 12, 13, 14, 15, 16, 17, 21, 23, 27]",0,[],0.411513136078914,0.04164746011558005,0.20407709355922346,24.011068075335196,0.6796618805568343,0.05636827205695417,0.2374200329731132,0.6796618805568343,0.05636827205695417,0.2374200329731132
0,4,2,011101111100110000101000100010,0.2942338930635817,0.498255120082335,0.613999992609024,14,"[1, 2, 3, 5, 6, 7, 8, 9, 12, 13, 18, 20, 24, 28]",11,"[1, 2, 3, 5, 6, 8, 12, 13, 18, 20, 28]",3,"[7, 9, 24]",0.43060843566698687,0.051617958898697455,0.2271958602146999,19.373102333677018,0.5659364474702626,0.10631154169240463,0.32605450724135776,0.7057661069364183,0.043764632922030915,0.2091999830832472
0,4,3,010001010111110110001101000011,0.3940959547110091,0.37751912210996336,0.6495000123977661,15,"[1, 5, 7, 9, 10, 11, 12, 13, 15, 16, 20, 21, 23, 28, 29]",13,"[1, 5, 10, 11, 12, 13, 15, 16, 20, 21, 23, 28, 29]",2,"[7, 9]",0.34513195728262264,0.03201494894806811,0.17892721690136498,31.235408234513,0.5319251278015542,0.10242537979345294,0.3200396534703988,0.6059040452889909,0.0768876039527462,0.27728614093161275
0,4,4,100110010100110000000010001101,0.4725027910506987,0.3621673595625907,0.6344999969005585,11,"[0, 3, 4, 7, 9, 12, 13, 22, 26, 27, 29]",8,"[0, 3, 4, 12, 13, 26, 27, 29]",3,"[7, 9, 22]",0.2898145475509492,0.06283191820078039,0.25066295737659444,15.915477811842129,0.4012098275372302,0.11557840459839035,0.33996824057313113,0.5274972089493013,0.09990366556790911,0.3160754112042079
0,4,5,100000010110000110101011100111,0.5521702183653816,0.2987437807023525,0.7615000009536743,14,"[0, 7, 9, 10, 15, 16, 18, 20, 22, 23, 24, 27, 28, 29]",10,"[0, 10, 15, 16, 18, 20, 23, 27, 28, 29]",4,"[7, 9, 22, 24]",0.25403856858611107,0.02081463437577282,0.1442727776670735,48.04312110156253,0.33779907197699643,0.07645954360162106,0.27651318883847303,0.4478297816346184,0.06423511834966288,0.25344648024713795
0,4,6,000000010001101111001110001100,0.3486740964143462,0.3671069683507085,0.7594999969005585,12,"[7, 11, 12, 14, 15, 16, 17, 20, 21, 22, 26, 27]",10,"[11, 12, 14, 15, 16, 17, 20, 21, 26, 27]",2,"[7, 22]",0.3255112728414436,0.05129524271794388,0.22648453085794598,19.494985246461933,0.5512752325321273,0.09960264962014037,0.3155988745546162,0.6513259035856538,0.059139404474227455,0.24318594629260026
0,4,7,100000010110010010001000100111,0.5704560722860587,0.2860190039500594,0.6890000104904175,11,"[0, 7, 9, 10, 13, 16, 20, 24, 27, 28, 29]",8,"[0, 10, 13, 16, 20, 27, 28, 29]",3,"[7, 9, 24]",0.2578058009120551,0.014662067978810983,0.1210870264677888,68.20320308466438,0.3269122281813279,0.08318522719961911,0.2884184931650866,0.42954392771394134,0.07534969298560268,0.2744989853999513
0,4,8,111101101111110110001101000011,0.4107683360387867,0.43865327909588814,0.5519999861717224,19,"[0, 1, 2, 3, 5, 6, 8, 9, 10, 11, 12, 13, 15, 16, 20, 21, 23, 28, 29]",18,"[0, 1, 2, 3, 5, 6, 8, 10, 11, 12, 13, 15, 16, 20, 21, 23, 28, 29]",1,[9],0.4184902410366033,0.04500276170403885,0.21213854365493992,22.220858501451772,0.5630240330572618,0.08829705774941611,0.2971482083900492,0.5892316639612133,0.0801524914122485,0.28311215341671314
0,4,9,011001010111110110111000000110,0.3361788096033559,0.39512941028390614,0.6924999952316284,16,"[1, 2, 5, 7, 9, 10, 11, 12, 13, 15, 16, 18, 19, 20, 27, 28]",14,"[1, 2, 5, 10, 11, 12, 13, 15, 16, 18, 19, 20, 27, 28]",2,"[7, 9]",0.3625651572365314,0.033718751970869064,0.1836266646510497,29.6570881645898,0.5872263121137155,0.09019901257983139,0.30033150447435814,0.6638211903966441,0.055919238283799265,0.2364724894861964
0,4,10,010000010100110011001111100111,0.41092936711187666,0.3491270277987827,0.7510000020265579,15,"[1, 7, 9, 12, 13, 16, 17, 20, 21, 22, 23, 24, 27, 28, 29]",11,"[1, 12, 13, 16, 17, 20, 21, 23, 27, 28, 29]",4,"[7, 9, 22, 24]",0.2939666305979093,0.036490497593710876,0.19102486119275386,27.404394731310806,0.4487110768734082,0.11069652315202193,0.33271087020417883,0.5890706328881233,0.07667670117583011,0.2769055816985821
0,4,11,111101011000111000001010001000,0.31570148988032465,0.4076563243500211,0.6714999973773956,13,"[0, 1, 2, 3, 5, 7, 8, 12, 13, 14, 20, 22, 26]",11,"[0, 1, 2, 3, 5, 8, 12, 13, 14, 20, 26]",2,"[7, 22]",0.3630219352646516,0.05327642188046906,0.23081685787755854,18.770029305714246,0.5868713358342629,0.10534452416752335,0.3245682118869982,0.6842985101196754,0.06250612622667122,0.2500122521531119
0,4,12,011000100010010010001001100101,0.4726260197112312,0.3342325143516064,0.7019999921321869,11,"[1, 2, 6, 10, 13, 16, 20, 23, 24, 27, 29]",10,"[1, 2, 6, 10, 13, 16, 20, 23, 27, 29]",1,[24],0.3291641954671253,0.031819105686911965,0.17837910664344064,31.427658899015704,0.4846635057185757,0.07548398229006413,0.2747434845270478,0.5273739802887688,0.06296634950094829,0.2509309656079701
0,4,13,001011110100010111001110101100,0.44464854345579186,0.37707315152511,0.6850000023841858,16,"[2, 4, 5, 6, 7, 9, 13, 15, 16, 17, 20, 21, 22, 24, 26, 27]",12,"[2, 4, 5, 6, 13, 15, 16, 17, 20, 21, 26, 27]",4,"[7, 9, 22, 24]",0.31837374821770936,0.042044432157258,0.20504739002791036,23.784362130512758,0.43219416686639145,0.08122215300120217,0.2849950052214989,0.5553514565442081,0.04726317120225453,0.2174009457252993
0,4,14,000000010110010110001100100111,0.4920787535946143,0.3055594323409928,0.6929999887943268,12,"[7, 9, 10, 13, 15, 16, 20, 21, 24, 27, 28, 29]",9,"[10, 13, 15, 16, 20, 21, 27, 28, 29]",3,"[7, 9, 24]",0.2748122224584222,0.021056090771248207,0.1451071699512061,47.49219647958043,0.39424785882762897,0.08661786070684113,0.294309124402967,0.5079212464053857,0.0634412403234679,0.2518754460511542
0,4,15,011010100010010010001000100101,0.4900630900784282,0.3461105220019817,0.6674999892711639,11,"[1, 2, 4, 6, 10, 13, 16, 20, 24, 27, 29]",10,"[1, 2, 4, 6, 10, 13, 16, 20, 27, 29]",1,[24],0.3399623842401938,0.03204675411517038,0.17901607222584898,31.204408296895732,0.4688116235665784,0.07768747671232185,0.2787247328679711,0.5099369099215718,0.06685204342797176,0.25855762109822206
0,4,16,010101111111010110001101000011,0.3968542291279671,0.42916136234998703,0.5814999938011169,17,"[1, 3, 5, 6, 7, 8, 9, 10, 11, 13, 15, 16, 20, 21, 23, 28, 29]",15,"[1, 3, 5, 6, 8, 10, 11, 13, 15, 16, 20, 21, 23, 28, 29]",2,"[7, 9]",0.39450889453291893,0.04670312256189661,0.21610905247558837,21.411844543685046,0.5381947583145251,0.09452983071883482,0.30745703881816533,0.6031457708720329,0.07105968401817034,0.2665702234274682
0,4,17,001010110010010010001000000110,0.5077039790377085,0.37164734966225094,0.632999986410141,10,"[2, 4, 6, 7, 10, 13, 16, 20, 27, 28]",9,"[2, 4, 6, 10, 13, 16, 20, 27, 28]",1,[7],0.3558501362800598,0.031212435402599957,0.17667041462169028,32.0385124422781,0.4441501840140923,0.05911354607188477,0.24313277457365712,0.4922960209622916,0.04250150170322378,0.20615892341401035
0,4,18,010010010110010111001111100111,0.4910016480437579,0.3197475883823175,0.6610000133514404,17,"[1, 4, 7, 9, 10, 13, 15, 16, 17, 20, 21, 22, 23, 24, 27, 28, 29]",13,"[1, 4, 10, 13, 15, 16, 17, 20, 21, 23, 27, 28, 29]",4,"[7, 9, 22, 24]",0.2779894589501269,0.022622372209045293,0.15040735423856538,44.204029124768866,0.40399222157428905,0.08281467841090927,0.2877753957705719,0.5089983519562421,0.06110009412292269,0.24718433227638575
0,4,19,010100001001110111000101000100,0.30411976494833715,0.45800530289610225,0.5979999899864197,12,"[1, 3, 8, 11, 12, 13, 15, 16, 17, 21, 23, 27]",12,"[1, 3, 8, 11, 12, 13, 15, 16, 17, 21, 23, 27]",0,[],0.45800530289610225,0.04394876041383213,0.20963959648366082,22.75377031305909,0.6958802350516629,0.05771038245367625,0.24022985337729416,0.6958802350516629,0.05771038245367625,0.24022985337729416
0,4,20,011101011000111001001111100111,0.3365987702858563,0.3912616893649101,0.5889999866485596,18,"[1, 2, 3, 5, 7, 8, 12, 13, 14, 17, 20, 21, 22, 23, 24, 27, 28, 29]",15,"[1, 2, 3, 5, 8, 12, 13, 14, 17, 20, 21, 23, 27, 28, 29]",3,"[7, 22, 24]",0.35458177431590027,0.04538273887283731,0.21303224843398078,22.03480937547656,0.5617011644587661,0.10368485922057381,0.3220013341906735,0.6634012297141437,0.06214720934514495,0.24929342018020642
0,4,21,010000110100010110001000000101,0.44960012373435565,0.32347847428172827,0.7129999995231628,10,"[1, 6, 7, 9, 13, 15, 16, 20, 27, 29]",8,"[1, 6, 13, 15, 16, 20, 27, 29]",2,"[7, 9]",0.2857058566063643,0.04176592221322234,0.20436712605803883,23.942964670930166,0.4505323338391586,0.09889643090331468,0.31447802928553636,0.5503998762656443,0.07334840562307259,0.27082910778399094
0,4,22,100000010110000110101001100111,0.5521702183653816,0.2987437807023525,0.7615000009536743,13,"[0, 7, 9, 10, 15, 16, 18, 20, 23, 24, 27, 28, 29]",10,"[0, 10, 15, 16, 18, 20, 23, 27, 28, 29]",3,"[7, 9, 24]",0.27193458349658894,0.017932017201521478,0.1339104820449896,55.76617447785813,0.3567677618945585,0.07730369019495124,0.2780354117643133,0.4478297816346184,0.06423511834966288,0.25344648024713795
0,5,0,000000010110000010001000000110,0.47145547033505875,0.27395524084568024,0.8044999986886978,7,"[7, 9, 10, 16, 20, 27, 28]",5,"[10, 16, 20, 27, 28]",2,"[7, 9]",0.23414385371974536,0.013640012618884034,0.11679046458886973,73.3137151658893,0.39212099665587685,0.09397568289962994,0.30655453495198853,0.5285445296649413,0.06577892023685254,0.25647401473999765
0,5,1,100000010110010010001000100111,0.5704560722860587,0.2860190039500594,0.6890000104904175,11,"[0, 7, 9, 10, 13, 16, 20, 24, 27, 28, 29]",8,"[0, 10, 13, 16, 20, 27, 28, 29]",3,"[7, 9, 24]",0.2578058009120551,0.014662067978810983,0.1210870264677888,68.20320308466438,0.3269122281813279,0.08318522719961911,0.2884184931650866,0.42954392771394134,0.07534969298560268,0.2744989853999513
0,5,2,010100001000110000101000110000,0.22849202920074552,0.5268549416214228,0.8145000040531158,9,"[1, 3, 8, 12, 13, 18, 20, 24, 25]",8,"[1, 3, 8, 12, 13, 18, 20, 25]",1,[24],0.49925783773263294,0.03474013072525217,0.18638704548667584,28.785153628483968,0.6921802807122979,0.06910964063778564,0.26288712527962577,0.7715079707992545,0.02111240398671861,0.14530108047333512
0,5,3,010101101111110110001101000011,0.3751378931238719,0.4470691685564816,0.5315000116825104,17,"[1, 3, 5, 6, 8, 9, 10, 11, 12, 13, 15, 16, 20, 21, 23, 28, 29]",16,"[1, 3, 5, 6, 8, 10, 11, 12, 13, 15, 16, 20, 21, 23, 28, 29]",1,[9],0.42403895605136366,0.04997545578162963,0.2235519084723493,20.009822509064296,0.5934753168708343,0.08511968233872481,0.2917527760600142,0.6248621068761281,0.07369244250867613,0.27146351966456955
0,5,4,011101111100110000101000100010,0.2942338930635817,0.498255120082335,0.613999992609024,14,"[1, 2, 3, 5, 6, 7, 8, 9, 12, 13, 18, 20, 24, 28]",11,"[1, 2, 3, 5, 6, 8, 12, 13, 18, 20, 28]",3,"[7, 9, 24]",0.43060843566698687,0.051617958898697455,0.2271958602146999,19.373102333677018,0.5659364474702626,0.10631154169240463,0.32605450724135776,0.7057661069364183,0.043764632922030915,0.2091999830832472
0,5,5,000100010001100000111001001100,0.24808293353656363,0.4433272151897351,0.7670000046491623,10,"[3, 7, 11, 12, 18, 19, 20, 23, 26, 27]",9,"[3, 11, 12, 18, 19, 20, 23, 26, 27]",1,[7],0.42036201525479555,0.06151761144593396,0.2480274409131658,16.255507593607902,0.6778091249651225,0.07675342143687332,0.27704407850895013,0.7519170664634364,0.030361709443128646,0.17424611744061513
0,5,6,111101101111110110001101000011,0.4107683360387867,0.43865327909588814,0.5519999861717224,19,"[0, 1, 2, 3, 5, 6, 8, 9, 10, 11, 12, 13, 15, 16, 20, 21, 23, 28, 29]",18,"[0, 1, 2, 3, 5, 6, 8, 10, 11, 12, 13, 15, 16, 20, 21, 23, 28, 29]",1,[9],0.4184902410366033,0.04500276170403885,0.21213854365493992,22.220858501451772,0.5630240330572618,0.08829705774941611,0.2971482083900492,0.5892316639612133,0.0801524914122485,0.28311215341671314
0,5,7,010100001001110111000101000100,0.30411976494833715,0.45800530289610225,0.5979999899864197,12,"[1, 3, 8, 11, 12, 13, 15, 16, 17, 21, 23, 27]",12,"[1, 3, 8, 11, 12, 13, 15, 16, 17, 21, 23, 27]",0,[],0.45800530289610225,0.04394876041383213,0.20963959648366082,22.75377031305909,0.6958802350516629,0.05771038245367625,0.24022985337729416,0.6958802350516629,0.05771038245367625,0.24022985337729416
0,5,8,001010110010010010001000000110,0.5077039790377085,0.37164734966225094,0.632999986410141,10,"[2, 4, 6, 7, 10, 13, 16, 20, 27, 28]",9,"[2, 4, 6, 10, 13, 16, 20, 27, 28]",1,[7],0.3558501362800598,0.031212435402599957,0.17667041462169028,32.0385124422781,0.4441501840140923,0.05911354607188477,0.24313277457365712,0.4922960209622916,0.04250150170322378,0.20615892341401035
0,5,9,000000010001101111001110001100,0.3486740964143462,0.3671069683507085,0.7594999969005585,12,"[7, 11, 12, 14, 15, 16, 17, 20, 21, 22, 26, 27]",10,"[11, 12, 14, 15, 16, 17, 20, 21, 26, 27]",2,"[7, 22]",0.3255112728414436,0.05129524271794388,0.22648453085794598,19.494985246461933,0.5512752325321273,0.09960264962014037,0.3155988745546162,0.6513259035856538,0.059139404474227455,0.24318594629260026
0,5,10,010101111111010110001101000011,0.3968542291279671,0.42916136234998703,0.5814999938011169,17,"[1, 3, 5, 6, 7, 8, 9, 10, 11, 13, 15, 16, 20, 21, 23, 28, 29]",15,"[1, 3, 5, 6, 8, 10, 11, 13, 15, 16, 20, 21, 23, 28, 29]",2,"[7, 9]",0.39450889453291893,0.04670312256189661,0.21610905247558837,21.411844543685046,0.5381947583145251,0.09452983071883482,0.30745703881816533,0.6031457708720329,0.07105968401817034,0.2665702234274682
0,5,11,010000011001111101000101000100,0.28520620045600487,0.4168378588828174,0.7100000083446503,12,"[1, 7, 8, 11, 12, 13, 14, 15, 17, 21, 23, 27]",11,"[1, 8, 11, 12, 13, 14, 15, 17, 21, 23, 27]",1,[7],0.39990763862927753,0.04448853664942462,0.21092305860058216,22.4777004440521,0.6561307872053538,0.0806463421911089,0.28398299630630863,0.7147937995439951,0.04668163964512295,0.21605934287857803
0,5,12,010000110100010110001000000101,0.44960012373435565,0.32347847428172827,0.7129999995231628,10,"[1, 6, 7, 9, 13, 15, 16, 20, 27, 29]",8,"[1, 6, 13, 15, 16, 20, 27, 29]",2,"[7, 9]",0.2857058566063643,0.04176592221322234,0.20436712605803883,23.942964670930166,0.4505323338391586,0.09889643090331468,0.31447802928553636,0.5503998762656443,0.07334840562307259,0.27082910778399094
0,5,13,010001010100110010001111000111,0.35939675955494177,0.34055858647281473,0.6980000138282776,14,"[1, 5, 7, 9, 12, 13, 16, 20, 21, 22, 23, 27, 28, 29]",11,"[1, 5, 12, 13, 16, 20, 21, 23, 27, 28, 29]",3,"[7, 9, 22]",0.2883403998400484,0.036985928537435146,0.192317260113166,27.037309580800557,0.5171404340150546,0.11622296889615849,0.3409148997860881,0.6406032404450582,0.07639398816497552,0.27639462397987324
0,5,14,100000010110000110101011100111,0.5521702183653816,0.2987437807023525,0.7615000009536743,14,"[0, 7, 9, 10, 15, 16, 18, 20, 22, 23, 24, 27, 28, 29]",10,"[0, 10, 15, 16, 18, 20, 23, 27, 28, 29]",4,"[7, 9, 22, 24]",0.25403856858611107,0.02081463437577282,0.1442727776670735,48.04312110156253,0.33779907197699643,0.07645954360162106,0.27651318883847303,0.4478297816346184,0.06423511834966288,0.25344648024713795
0,5,15,110000010111010110001111100111,0.45988844116020333,0.328466782776209,0.6825000047683716,17,"[0, 1, 7, 9, 10, 11, 13, 15, 16, 20, 21, 22, 23, 24, 27, 28, 29]",13,"[0, 1, 10, 11, 13, 15, 16, 20, 21, 23, 27, 28, 29]",4,"[7, 9, 22, 24]",0.2846570781925145,0.02666893663149011,0.1633062663570817,37.49680813367044,0.42778467389700725,0.10436585116797974,0.323057040115178,0.5401115588397967,0.0825204698906663,0.28726376362267886
0,5,16,010001010111110110001101000011,0.3940959547110091,0.37751912210996336,0.6495000123977661,15,"[1, 5, 7, 9, 10, 11, 12, 13, 15, 16, 20, 21, 23, 28, 29]",13,"[1, 5, 10, 11, 12, 13, 15, 16, 20, 21, 23, 28, 29]",2,"[7, 9]",0.34513195728262264,0.03201494894806811,0.17892721690136498,31.235408234513,0.5319251278015542,0.10242537979345294,0.3200396534703988,0.6059040452889909,0.0768876039527462,0.27728614093161275
0,5,17,111101011000111000001010001000,0.31570148988032465,0.4076563243500211,0.6714999973773956,13,"[0, 1, 2, 3, 5, 7, 8, 12, 13, 14, 20, 22, 26]",11,"[0, 1, 2, 3, 5, 8, 12, 13, 14, 20, 26]",2,"[7, 22]",0.3630219352646516,0.05327642188046906,0.23081685787755854,18.770029305714246,0.5868713358342629,0.10534452416752335,0.3245682118869982,0.6842985101196754,0.06250612622667122,0.2500122521531119
0,5,18,001010110011010010011000000111,0.47915269153527384,0.39050877032180625,0.6040000021457672,13,"[2, 4, 6, 7, 10, 11, 13, 16, 19, 20, 27, 28, 29]",12,"[2, 4, 6, 10, 11, 13, 16, 19, 20, 27, 28, 29]",1,[7],0.3769061892078473,0.03813890918091004,0.19529185641216595,26.219942349597602,0.4816157963890009,0.0792938539327917,0.28159164393282643,0.5208473084647262,0.06589322507713662,0.2566967570444485
0,5,19,000000010110010110001100100111,0.4920787535946143,0.3055594323409928,0.6929999887943268,12,"[7, 9, 10, 13, 15, 16, 20, 21, 24, 27, 28, 29]",9,"[10, 13, 15, 16, 20, 21, 27, 28, 29]",3,"[7, 9, 24]",0.2748122224584222,0.021056090771248207,0.1451071699512061,47.49219647958043,0.39424785882762897,0.08661786070684113,0.294309124402967,0.5079212464053857,0.0634412403234679,0.2518754460511542
0,5,20,001011110100010111001000101100,0.465945514933096,0.35754918798126956,0.6414999961853027,14,"[2, 4, 5, 6, 7, 9, 13, 15, 16, 17, 20, 24, 26, 27]",11,"[2, 4, 5, 6, 13, 15, 16, 17, 20, 26, 27]",3,"[7, 9, 24]",0.32005377473043545,0.036406447280812285,0.19080473600205075,27.46766231504939,0.43102017314421565,0.07539359958051131,0.27457894963108753,0.534054485066904,0.04611709120047094,0.21474890267582494
0,5,21,111001010111110110001101000011,0.4343247446639552,0.3766933942834536,0.648499995470047,17,"[0, 1, 2, 5, 7, 9, 10, 11, 12, 13, 15, 16, 20, 21, 23, 28, 29]",15,"[0, 1, 2, 5, 10, 11, 12, 13, 15, 16, 20, 21, 23, 28, 29]",2,"[7, 9]",0.34821362859186006,0.028348969813211566,0.1683715231659189,35.27465042253375,0.5051325387239474,0.10051525437466288,0.3170414079811388,0.5656752553360448,0.08254547888996092,0.28730729000490207
0,5,22,010010010110010111001111100111,0.4910016480437579,0.3197475883823175,0.6610000133514404,17,"[1, 4, 7, 9, 10, 13, 15, 16, 17, 20, 21, 22, 23, 24, 27, 28, 29]",13,"[1, 4, 10, 13, 15, 16, 17, 20, 21, 23, 27, 28, 29]",4,"[7, 9, 22, 24]",0.2779894589501269,0.022622372209045293,0.15040735423856538,44.204029124768866,0.40399222157428905,0.08281467841090927,0.2877753957705719,0.5089983519562421,0.06110009412292269,0.24718433227638575
0,5,23,011010100010010010001000100101,0.4900630900784282,0.3461105220019817,0.6674999892711639,11,"[1, 2, 4, 6, 10, 13, 16, 20, 24, 27, 29]",10,"[1, 2, 4, 6, 10, 13, 16, 20, 27, 29]",1,[24],0.3399623842401938,0.03204675411517038,0.17901607222584898,31.204408296895732,0.4688116235665784,0.07768747671232185,0.2787247328679711,0.5099369099215718,0.06685204342797176,0.25855762109822206
0,5,24,011001010111110110111000000110,0.3361788096033559,0.39512941028390614,0.6924999952316284,16,"[1, 2, 5, 7, 9, 10, 11, 12, 13, 15, 16, 18, 19, 20, 27, 28]",14,"[1, 2, 5, 10, 11, 12, 13, 15, 16, 18, 19, 20, 27, 28]",2,"[7, 9]",0.3625651572365314,0.033718751970869064,0.1836266646510497,29.6570881645898,0.5872263121137155,0.09019901257983139,0.30033150447435814,0.6638211903966441,0.055919238283799265,0.2364724894861964
0,5,25,011101011000111001001111100111,0.3365987702858563,0.3912616893649101,0.5889999866485596,18,"[1, 2, 3, 5, 7, 8, 12, 13, 14, 17, 20, 21, 22, 23, 24, 27, 28, 29]",15,"[1, 2, 3, 5, 8, 12, 13, 14, 17, 20, 21, 23, 27, 28, 29]",3,"[7, 22, 24]",0.35458177431590027,0.04538273887283731,0.21303224843398078,22.03480937547656,0.5617011644587661,0.10368485922057381,0.3220013341906735,0.6634012297141437,0.06214720934514495,0.24929342018020642
0,5,26,010000001001111111000101000100,0.3203381194431657,0.411513136078914,0.6694999933242798,12,"[1, 8, 11, 12, 13, 14, 15, 16, 17, 21, 23, 27]",12,"[1, 8, 11, 12, 13, 14, 15, 16, 17, 21, 23, 27]",0,[],0.411513136078914,0.04164746011558005,0.20407709355922346,24.011068075335196,0.6796618805568343,0.05636827205695417,0.2374200329731132,0.6796618805568343,0.05636827205695417,0.2374200329731132
0,5,27,100000010011110010001111100111,0.44824508473358116,0.37553244518737,0.6130000054836273,15,"[0, 7, 10, 11, 12, 13, 16, 20, 21, 22, 23, 24, 27, 28, 29]",12,"[0, 10, 11, 12, 13, 16, 20, 21, 23, 27, 28, 29]",3,"[7, 22, 24]",0.33466239596406616,0.03630049683784022,0.19052689268930048,27.547832319407373,0.45204409984951066,0.11331149095974485,0.3366177222900554,0.5517549152664188,0.09165662754183834,0.3027484558867945
0,5,28,100000010110000110101001100111,0.5521702183653816,0.2987437807023525,0.7615000009536743,13,"[0, 7, 9, 10, 15, 16, 18, 20, 23, 24, 27, 28, 29]",10,"[0, 10, 15, 16, 18, 20, 23, 27, 28, 29]",3,"[7, 9, 24]",0.27193458349658894,0.017932017201521478,0.1339104820449896,55.76617447785813,0.3567677618945585,0.07730369019495124,0.2780354117643133,0.4478297816346184,0.06423511834966288,0.25344648024713795
0,5,29,010000110101110000101100000101,0.2975651570691278,0.44816953465342524,0.5990000069141388,12,"[1, 6, 7, 9, 11, 12, 13, 18, 20, 21, 27, 29]",10,"[1, 6, 11, 12, 13, 18, 20, 21, 27, 29]",2,"[7, 9]",0.3959105098620057,0.061828272870337535,0.24865291647261556,16.173830410840342,0.5938727297979295,0.11512616236871565,0.33930246443065465,0.7024348429308722,0.06711339811148669,0.25906253706679916
1,1,0,001000111111010010111011001110,0.484375,0.32911452191183344,0.5559999942779541,17,"[2, 6, 7, 8, 9, 10, 11, 13, 16, 18, 19, 20, 22, 23, 26, 27, 28]",16,"[2, 6, 8, 9, 10, 11, 13, 16, 18, 19, 20, 22, 23, 26, 27, 28]",1,[7],0.3102576093857779,0.1079742541179135,0.32859436105617135,9.261467079994347,0.4888235294117647,0.06142214532871972,0.24783491547544248,0.515625,0.053049609374999994,0.23032500814067064
1,1,1,001111011001001010100101010001,0.38384615384615384,0.2857929981098725,0.6974999904632568,14,"[2, 3, 4, 5, 7, 8, 11, 14, 16, 18, 21, 23, 25, 29]",13,"[2, 3, 4, 5, 8, 11, 14, 16, 18, 21, 23, 25, 29]",1,[7],0.2659897131712309,0.0817172269711666,0.28586225174227986,12.237321762678555,0.5764285714285714,0.07366581632653062,0.2714144733180797,0.6161538461538462,0.05723905325443786,0.2392468458610016
1,1,2,010000001001111111000101000100,0.3208333333333334,0.4024475156329572,0.6834999918937683,12,"[1, 8, 11, 12, 13, 14, 15, 16, 17, 21, 23, 27]",12,"[1, 8, 11, 12, 13, 14, 15, 16, 17, 21, 23, 27]",0,[],0.4024475156329572,0.12249027569324726,0.34998610785750806,8.16391337467721,0.6791666666666666,0.04770763888888888,0.21842078401308077,0.6791666666666666,0.04770763888888888,0.21842078401308077
1,1,3,001111101100001101000010001111,0.4966666666666667,0.12359550564239423,0.7894999980926514,15,"[2, 3, 4, 5, 6, 8, 9, 14, 15, 17, 22, 26, 27, 28, 29]",15,"[2, 3, 4, 5, 6, 8, 9, 14, 15, 17, 22, 26, 27, 28, 29]",0,[],0.12359550564239423,0.05023417569538797,0.22412981884476676,19.906766382787698,0.5033333333333333,0.06836888888888888,0.26147445169440336,0.5033333333333333,0.06836888888888888,0.26147445169440336
1,1,4,011101111100110000101000100010,0.3869230769230768,0.25047832576987833,0.5629999935626984,14,"[1, 2, 3, 5, 6, 7, 8, 9, 12, 13, 18, 20, 24, 28]",13,"[1, 2, 3, 5, 6, 8, 9, 12, 13, 18, 20, 24, 28]",1,[7],0.23319751742695058,0.08491031181204292,0.29139374017305675,11.77713258448038,0.5735714285714285,0.09029438775510204,0.30049024569044175,0.6130769230769232,0.07539053254437868,0.27457336459383436
1,1,5,110111011100111000000010001000,0.42666666666666675,0.2264550229689727,0.5925000011920929,13,"[0, 1, 3, 4, 5, 7, 8, 9, 12, 13, 14, 22, 26]",12,"[0, 1, 3, 4, 5, 8, 9, 12, 13, 14, 22, 26]",1,[7],0.2096928680458894,0.07286535886256192,0.26993584212283095,13.723942564891397,0.5338461538461539,0.11090059171597634,0.33301740452411244,0.5733333333333333,0.0998722222222222,0.3160256670307369
1,2,0,001111011001001010100101010001,0.38384615384615384,0.2857929981098725,0.6974999904632568,14,"[2, 3, 4, 5, 7, 8, 11, 14, 16, 18, 21, 23, 25, 29]",13,"[2, 3, 4, 5, 8, 11, 14, 16, 18, 21, 23, 25, 29]",1,[7],0.2659897131712309,0.0817172269711666,0.28586225174227986,12.237321762678555,0.5764285714285714,0.07366581632653062,0.2714144733180797,0.6161538461538462,0.05723905325443786,0.2392468458610016
1,2,1,010000001001111111000101000100,0.3208333333333334,0.4024475156329572,0.6834999918937683,12,"[1, 8, 11, 12, 13, 14, 15, 16, 17, 21, 23, 27]",12,"[1, 8, 11, 12, 13, 14, 15, 16, 17, 21, 23, 27]",0,[],0.4024475156329572,0.12249027569324726,0.34998610785750806,8.16391337467721,0.6791666666666666,0.04770763888888888,0.21842078401308077,0.6791666666666666,0.04770763888888888,0.21842078401308077
1,2,2,001111101100001101000010001111,0.4966666666666667,0.12359550564239423,0.7894999980926514,15,"[2, 3, 4, 5, 6, 8, 9, 14, 15, 17, 22, 26, 27, 28, 29]",15,"[2, 3, 4, 5, 6, 8, 9, 14, 15, 17, 22, 26, 27, 28, 29]",0,[],0.12359550564239423,0.05023417569538797,0.22412981884476676,19.906766382787698,0.5033333333333333,0.06836888888888888,0.26147445169440336,0.5033333333333333,0.06836888888888888,0.26147445169440336
1,2,3,011101111100110000101000100010,0.3869230769230768,0.25047832576987833,0.5629999935626984,14,"[1, 2, 3, 5, 6, 7, 8, 9, 12, 13, 18, 20, 24, 28]",13,"[1, 2, 3, 5, 6, 8, 9, 12, 13, 18, 20, 24, 28]",1,[7],0.23319751742695058,0.08491031181204292,0.29139374017305675,11.77713258448038,0.5735714285714285,0.09029438775510204,0.30049024569044175,0.6130769230769232,0.07539053254437868,0.27457336459383436
1,2,4,110111011100111000000010001000,0.42666666666666675,0.2264550229689727,0.5925000011920929,13,"[0, 1, 3, 4, 5, 7, 8, 9, 12, 13, 14, 22, 26]",12,"[0, 1, 3, 4, 5, 8, 9, 12, 13, 14, 22, 26]",1,[7],0.2096928680458894,0.07286535886256192,0.26993584212283095,13.723942564891397,0.5338461538461539,0.11090059171597634,0.33301740452411244,0.5733333333333333,0.0998722222222222,0.3160256670307369
1,2,5,000000110001111000001110101100,0.42272727272727273,0.2275136604227803,0.6245000064373016,12,"[6, 7, 11, 12, 13, 14, 20, 21, 22, 24, 26, 27]",11,"[6, 11, 12, 13, 14, 20, 21, 22, 24, 26, 27]",1,[7],0.2092664394682894,0.10619256782196818,0.3258720114124074,9.416854875159435,0.5341666666666667,0.08484097222222221,0.29127473667007614,0.5772727272727273,0.07025619834710743,0.26505885826945574
1,2,6,010001010011110110000010000011,0.4418181818181819,0.3242158342830159,0.551499992609024,12,"[1, 5, 7, 10, 11, 12, 13, 15, 16, 22, 28, 29]",11,"[1, 5, 10, 11, 12, 13, 15, 16, 22, 28, 29]",1,[7],0.2979100988401721,0.11757150774240212,0.3428870189178968,8.505462073268543,0.5166666666666667,0.0954722222222222,0.3089857961496324,0.5581818181818181,0.08346942148760329,0.28891075003814465
1,2,7,101111101100001101000100001111,0.4750000000000001,0.14120628667296842,0.7824999988079071,16,"[0, 2, 3, 4, 5, 6, 8, 9, 14, 15, 17, 21, 26, 27, 28, 29]",16,"[0, 2, 3, 4, 5, 6, 8, 9, 14, 15, 17, 21, 26, 27, 28, 29]",0,[],0.14120628667296842,0.04957296736832839,0.22264987619203472,20.17228447451965,0.5249999999999999,0.07026249999999999,0.2650707452737853,0.5249999999999999,0.07026249999999999,0.2650707452737853
1,2,8,001101111100110000101101011001,0.41000000000000003,0.2383061691497763,0.6669999957084656,16,"[2, 3, 5, 6, 7, 8, 9, 12, 13, 18, 20, 21, 23, 25, 26, 29]",15,"[2, 3, 5, 6, 8, 9, 12, 13, 18, 20, 21, 23, 25, 26, 29]",1,[7],0.2239462216384709,0.07194221530194969,0.26822046025974544,13.900044581653287,0.556875,0.07473398437499999,0.2733751714677103,0.59,0.06215999999999998,0.2493190726759587
1,2,9,101101101110110110101010001101,0.48277777777777775,0.23822387416536608,0.5464999973773956,18,"[0, 2, 3, 5, 6, 8, 9, 10, 12, 13, 15, 16, 18, 20, 22, 26, 27, 29]",18,"[0, 2, 3, 5, 6, 8, 9, 10, 12, 13, 15, 16, 18, 20, 22, 26, 27, 29]",0,[],0.23822387416536608,0.0810458581320956,0.2846855425414076,12.338693463768536,0.5172222222222222,0.07164228395061728,0.26766076281483114,0.5172222222222222,0.07164228395061728,0.26766076281483114
1,2,10,001111011001101010100101010001,0.3671428571428572,0.32875456208629267,0.7100000083446503,15,"[2, 3, 4, 5, 7, 8, 11, 12, 14, 16, 18, 21, 23, 25, 29]",14,"[2, 3, 4, 5, 8, 11, 12, 14, 16, 18, 21, 23, 25, 29]",1,[7],0.30740739187846583,0.10028534937269583,0.3166786215908738,9.971546255312392,0.5946666666666667,0.07341155555555554,0.270945669010515,0.6328571428571428,0.05677755102040814,0.23828040418886348
1,2,11,010000011111111110001101000100,0.3592857142857143,0.3538317538664809,0.6315000057220459,15,"[1, 7, 8, 9, 10, 11, 12, 13, 14, 15, 16, 20, 21, 23, 27]",14,"[1, 8, 9, 10, 11, 12, 13, 14, 15, 16, 20, 21, 23, 27]",1,[7],0.3308127708733082,0.10322649792327973,0.3212888076533008,9.687435107439397,0.6020000000000001,0.07756266666666665,0.27850074805405217,0.6407142857142857,0.06062091836734693,0.24621315636526603
1,2,12,001000010111001101000010101111,0.5823076923076922,0.1792512982367323,0.7394999861717224,14,"[2, 7, 9, 10, 11, 14, 15, 17, 22, 24, 26, 27, 28, 29]",13,"[2, 9, 10, 11, 14, 15, 17, 22, 24, 26, 27, 28, 29]",1,[7],0.1670581347176007,0.08408791242222749,0.2899791585997647,11.892315687167228,0.3921428571428572,0.06145969387755103,0.24791065704715284,0.41769230769230775,0.057048520710059177,0.23884832155587607
1,2,13,110111011100011000100010001100,0.43153846153846154,0.184741075293949,0.6624999940395355,14,"[0, 1, 3, 4, 5, 7, 8, 9, 13, 14, 18, 22, 26, 27]",13,"[0, 1, 3, 4, 5, 8, 9, 13, 14, 18, 22, 26, 27]",1,[7],0.17215578484215907,0.0459469104551825,0.21435230452500972,21.764249001582364,0.5321428571428571,0.10061683673469386,0.3172015711415911,0.5684615384615385,0.08988994082840235,0.2998165119342201
1,2,14,111101111110111000000010001000,0.43714285714285717,0.2181950248112636,0.5715000033378601,15,"[0, 1, 2, 3, 5, 6, 7, 8, 9, 10, 12, 13, 14, 22, 26]",14,"[0, 1, 2, 3, 5, 6, 8, 9, 10, 12, 13, 14, 22, 26]",1,[7],0.204218490421772,0.06983640156545742,0.2642657782715299,14.319179934589032,0.5293333333333332,0.09672622222222223,0.3110083957423372,0.5628571428571428,0.08677755102040817,0.29458029638862165
1,3,0,001111011001001010100101010001,0.38384615384615384,0.2857929981098725,0.6974999904632568,14,"[2, 3, 4, 5, 7, 8, 11, 14, 16, 18, 21, 23, 25, 29]",13,"[2, 3, 4, 5, 8, 11, 14, 16, 18, 21, 23, 25, 29]",1,[7],0.2659897131712309,0.0817172269711666,0.28586225174227986,12.237321762678555,0.5764285714285714,0.07366581632653062,0.2714144733180797,0.6161538461538462,0.05723905325443786,0.2392468458610016
1,3,1,001111101100001101000010001111,0.4966666666666667,0.12359550564239423,0.7894999980926514,15,"[2, 3, 4, 5, 6, 8, 9, 14, 15, 17, 22, 26, 27, 28, 29]",15,"[2, 3, 4, 5, 6, 8, 9, 14, 15, 17, 22, 26, 27, 28, 29]",0,[],0.12359550564239423,0.05023417569538797,0.22412981884476676,19.906766382787698,0.5033333333333333,0.06836888888888888,0.26147445169440336,0.5033333333333333,0.06836888888888888,0.26147445169440336
1,3,2,011101111100110000101000100010,0.3869230769230768,0.25047832576987833,0.5629999935626984,14,"[1, 2, 3, 5, 6, 7, 8, 9, 12, 13, 18, 20, 24, 28]",13,"[1, 2, 3, 5, 6, 8, 9, 12, 13, 18, 20, 24, 28]",1,[7],0.23319751742695058,0.08491031181204292,0.29139374017305675,11.77713258448038,0.5735714285714285,0.09029438775510204,0.30049024569044175,0.6130769230769232,0.07539053254437868,0.27457336459383436
1,3,3,110111011100111000000010001000,0.42666666666666675,0.2264550229689727,0.5925000011920929,13,"[0, 1, 3, 4, 5, 7, 8, 9, 12, 13, 14, 22, 26]",12,"[0, 1, 3, 4, 5, 8, 9, 12, 13, 14, 22, 26]",1,[7],0.2096928680458894,0.07286535886256192,0.26993584212283095,13.723942564891397,0.5338461538461539,0.11090059171597634,0.33301740452411244,0.5733333333333333,0.0998722222222222,0.3160256670307369
1,3,4,000000110001111000001110101100,0.42272727272727273,0.2275136604227803,0.6245000064373016,12,"[6, 7, 11, 12, 13, 14, 20, 21, 22, 24, 26, 27]",11,"[6, 11, 12, 13, 14, 20, 21, 22, 24, 26, 27]",1,[7],0.2092664394682894,0.10619256782196818,0.3258720114124074,9.416854875159435,0.5341666666666667,0.08484097222222221,0.29127473667007614,0.5772727272727273,0.07025619834710743,0.26505885826945574
1,3,5,010001010011110110000010000011,0.4418181818181819,0.3242158342830159,0.551499992609024,12,"[1, 5, 7, 10, 11, 12, 13, 15, 16, 22, 28, 29]",11,"[1, 5, 10, 11, 12, 13, 15, 16, 22, 28, 29]",1,[7],0.2979100988401721,0.11757150774240212,0.3428870189178968,8.505462073268543,0.5166666666666667,0.0954722222222222,0.3089857961496324,0.5581818181818181,0.08346942148760329,0.28891075003814465
1,3,6,101111101100001101000100001111,0.4750000000000001,0.14120628667296842,0.7824999988079071,16,"[0, 2, 3, 4, 5, 6, 8, 9, 14, 15, 17, 21, 26, 27, 28, 29]",16,"[0, 2, 3, 4, 5, 6, 8, 9, 14, 15, 17, 21, 26, 27, 28, 29]",0,[],0.14120628667296842,0.04957296736832839,0.22264987619203472,20.17228447451965,0.5249999999999999,0.07026249999999999,0.2650707452737853,0.5249999999999999,0.07026249999999999,0.2650707452737853
1,3,7,001101111100110000101101011001,0.41000000000000003,0.2383061691497763,0.6669999957084656,16,"[2, 3, 5, 6, 7, 8, 9, 12, 13, 18, 20, 21, 23, 25, 26, 29]",15,"[2, 3, 5, 6, 8, 9, 12, 13, 18, 20, 21, 23, 25, 26, 29]",1,[7],0.2239462216384709,0.07194221530194969,0.26822046025974544,13.900044581653287,0.556875,0.07473398437499999,0.2733751714677103,0.59,0.06215999999999998,0.2493190726759587
1,3,8,101101101110110110101010001101,0.48277777777777775,0.23822387416536608,0.5464999973773956,18,"[0, 2, 3, 5, 6, 8, 9, 10, 12, 13, 15, 16, 18, 20, 22, 26, 27, 29]",18,"[0, 2, 3, 5, 6, 8, 9, 10, 12, 13, 15, 16, 18, 20, 22, 26, 27, 29]",0,[],0.23822387416536608,0.0810458581320956,0.2846855425414076,12.338693463768536,0.5172222222222222,0.07164228395061728,0.26766076281483114,0.5172222222222222,0.07164228395061728,0.26766076281483114
1,3,9,110111011100011000100010001100,0.43153846153846154,0.184741075293949,0.6624999940395355,14,"[0, 1, 3, 4, 5, 7, 8, 9, 13, 14, 18, 22, 26, 27]",13,"[0, 1, 3, 4, 5, 8, 9, 13, 14, 18, 22, 26, 27]",1,[7],0.17215578484215907,0.0459469104551825,0.21435230452500972,21.764249001582364,0.5321428571428571,0.10061683673469386,0.3172015711415911,0.5684615384615385,0.08988994082840235,0.2998165119342201
1,3,10,111101111110111000000010001000,0.43714285714285717,0.2181950248112636,0.5715000033378601,15,"[0, 1, 2, 3, 5, 6, 7, 8, 9, 10, 12, 13, 14, 22, 26]",14,"[0, 1, 2, 3, 5, 6, 8, 9, 10, 12, 13, 14, 22, 26]",1,[7],0.204218490421772,0.06983640156545742,0.2642657782715299,14.319179934589032,0.5293333333333332,0.09672622222222223,0.3110083957423372,0.5628571428571428,0.08677755102040817,0.29458029638862165
1,3,11,001101010110000100001010101111,0.5469230769230768,0.09766907338052988,0.7900000065565109,14,"[2, 3, 5, 7, 9, 10, 15, 20, 22, 24, 26, 27, 28, 29]",13,"[2, 3, 5, 9, 10, 15, 20, 22, 24, 26, 27, 28, 29]",1,[7],0.0913032116368413,0.024484568060796855,0.15647545513848762,40.84205192090511,0.425,0.0761964285714286,0.2760370058007234,0.4530769230769231,0.07102130177514793,0.26649822096056835
1,3,12,001111101100010001000010001011,0.5230769230769231,0.140473446665475,0.6629999876022339,13,"[2, 3, 4, 5, 6, 8, 9, 13, 17, 22, 26, 28, 29]",13,"[2, 3, 4, 5, 6, 8, 9, 13, 17, 22, 26, 28, 29]",0,[],0.140473446665475,0.055796346605463225,0.23621250306760483,17.922320381852497,0.4769230769230769,0.0705136094674556,0.26554398782020205,0.4769230769230769,0.0705136094674556,0.26554398782020205
1,3,13,101011110100011110101000000100,0.4769230769230769,0.18892106592941743,0.6430000066757202,14,"[0, 2, 4, 5, 6, 7, 9, 13, 14, 15, 16, 18, 20, 27]",13,"[0, 2, 4, 5, 6, 9, 13, 14, 15, 16, 18, 20, 27]",1,[7],0.17603720471795117,0.05738949258788628,0.23956104146518958,17.424792499578206,0.49000000000000005,0.062028571428571426,0.24905535816073388,0.5230769230769231,0.05148284023668638,0.22689830373250122
1,3,14,001111011001011000000101010001,0.3566666666666667,0.20316650066524744,0.8589999973773956,13,"[2, 3, 4, 5, 7, 8, 11, 13, 14, 21, 23, 25, 29]",12,"[2, 3, 4, 5, 8, 11, 13, 14, 21, 23, 25, 29]",1,[7],0.1881957705347584,0.06533219813705998,0.255601639542981,15.306388404414415,0.5984615384615384,0.07468994082840236,0.2732946044626611,0.6433333333333333,0.05473888888888887,0.23396343493992575
1,3,15,101111111101111101011011000101,0.4495,0.28500170367769895,0.5379999876022339,21,"[0, 2, 3, 4, 5, 6, 7, 8, 9, 11, 12, 13, 14, 15, 17, 19, 20, 22, 23, 27, 29]",20,"[0, 2, 3, 4, 5, 6, 8, 9, 11, 12, 13, 14, 15, 17, 19, 20, 22, 23, 27, 29]",1,[7],0.2718371944058509,0.11890925480480467,0.3448322125393808,8.409774341295375,0.5271428571428572,0.07718231292517007,0.27781704937812957,0.5505,0.06958475,0.26378921509417325
1,3,16,001101011001001010100101010001,0.3633333333333334,0.30024578515440226,0.7055000066757202,13,"[2, 3, 5, 7, 8, 11, 14, 16, 18, 21, 23, 25, 29]",12,"[2, 3, 5, 8, 11, 14, 16, 18, 21, 23, 25, 29]",1,[7],0.27780741775551665,0.08604795352442991,0.29333931465868995,11.621426879328276,0.5923076923076922,0.07580236686390532,0.27532229634358585,0.6366666666666666,0.05653888888888888,0.23777907580123378
1,3,17,010010001001110101110101000100,0.3292307692307692,0.444576783822133,0.5954999923706055,13,"[1, 4, 8, 11, 12, 13, 15, 17, 18, 19, 21, 23, 27]",13,"[1, 4, 8, 11, 12, 13, 15, 17, 18, 19, 21, 23, 27]",0,[],0.444576783822133,0.12954880076440414,0.3599288829260638,7.7190988577237984,0.6707692307692308,0.04345325443786982,0.20845444211594488,0.6707692307692308,0.04345325443786982,0.20845444211594488
1,3,18,010111011001111111000101000100,0.32000000000000006,0.3374486492325862,0.6089999973773956,16,"[1, 3, 4, 5, 7, 8, 11, 12, 13, 14, 15, 16, 17, 21, 23, 27]",15,"[1, 3, 4, 5, 8, 11, 12, 13, 14, 15, 16, 17, 21, 23, 27]",1,[7],0.3168922967161052,0.11461358868117398,0.33854628735399533,8.724968928263358,0.64125,0.06902343749999999,0.26272311946229626,0.6799999999999999,0.04959999999999999,0.22271057451320087
1,3,19,001101100000110000101101011001,0.40384615384615397,0.23278622085658404,0.6805000007152557,13,"[2, 3, 5, 6, 12, 13, 18, 20, 21, 23, 25, 26, 29]",13,"[2, 3, 5, 6, 12, 13, 18, 20, 21, 23, 25, 26, 29]",0,[],0.23278622085658404,0.07408505354648606,0.2721856968073195,13.497999287704248,0.596153846153846,0.0455775147928994,0.21348891023399647,0.596153846153846,0.0455775147928994,0.21348891023399647
1,3,20,101111111100001101000010101111,0.5405882352941176,0.12992772257284207,0.7635000050067902,18,"[0, 2, 3, 4, 5, 6, 7, 8, 9, 14, 15, 17, 22, 24, 26, 27, 28, 29]",17,"[0, 2, 3, 4, 5, 6, 8, 9, 14, 15, 17, 22, 24, 26, 27, 28, 29]",1,[7],0.12318434959484471,0.04641638959260649,0.2154446323132848,21.544114240183962,0.4372222222222223,0.07905339506172838,0.28116435595880285,0.45941176470588235,0.07484083044982699,0.2735705218948617
1,3,21,111100101100010111000100001101,0.4726666666666667,0.211553308305641,0.6615000069141388,15,"[0, 1, 2, 3, 6, 8, 9, 13, 15, 16, 17, 21, 26, 27, 29]",15,"[0, 1, 2, 3, 6, 8, 9, 13, 15, 16, 17, 21, 26, 27, 29]",0,[],0.211553308305641,0.07884243766196203,0.2807889557335937,12.683524630320449,0.5273333333333333,0.07357955555555555,0.2712555170969902,0.5273333333333333,0.07357955555555555,0.2712555170969902
1,3,22,001000010110001101000010101111,0.6183333333333334,0.12287480500526726,0.7759999930858612,13,"[2, 7, 9, 10, 14, 15, 17, 22, 24, 26, 27, 28, 29]",12,"[2, 9, 10, 14, 15, 17, 22, 24, 26, 27, 28, 29]",1,[7],0.11408035915631515,0.05126318752987627,0.2264137529609813,19.507175581253083,0.35692307692307695,0.048821301775147936,0.22095542938599164,0.38166666666666665,0.04493055555555556,0.2119682890329484
1,3,23,010000101100010100100101000100,0.38,0.21534057380631566,0.7459999918937683,10,"[1, 6, 8, 9, 13, 15, 18, 21, 23, 27]",10,"[1, 6, 8, 9, 13, 15, 18, 21, 23, 27]",0,[],0.21534057380631566,0.06108781126533068,0.24715948548524427,16.369877710245163,0.62,0.06344,0.25187298386289864,0.62,0.06344,0.25187298386289864
1,4,0,001111101100001101000010001111,0.4966666666666667,0.12359550564239423,0.7894999980926514,15,"[2, 3, 4, 5, 6, 8, 9, 14, 15, 17, 22, 26, 27, 28, 29]",15,"[2, 3, 4, 5, 6, 8, 9, 14, 15, 17, 22, 26, 27, 28, 29]",0,[],0.12359550564239423,0.05023417569538797,0.22412981884476676,19.906766382787698,0.5033333333333333,0.06836888888888888,0.26147445169440336,0.5033333333333333,0.06836888888888888,0.26147445169440336
1,4,1,011101111100110000101000100010,0.3869230769230768,0.25047832576987833,0.5629999935626984,14,"[1, 2, 3, 5, 6, 7, 8, 9, 12, 13, 18, 20, 24, 28]",13,"[1, 2, 3, 5, 6, 8, 9, 12, 13, 18, 20, 24, 28]",1,[7],0.23319751742695058,0.08491031181204292,0.29139374017305675,11.77713258448038,0.5735714285714285,0.09029438775510204,0.30049024569044175,0.6130769230769232,0.07539053254437868,0.27457336459383436
1,4,2,110111011100111000000010001000,0.42666666666666675,0.2264550229689727,0.5925000011920929,13,"[0, 1, 3, 4, 5, 7, 8, 9, 12, 13, 14, 22, 26]",12,"[0, 1, 3, 4, 5, 8, 9, 12, 13, 14, 22, 26]",1,[7],0.2096928680458894,0.07286535886256192,0.26993584212283095,13.723942564891397,0.5338461538461539,0.11090059171597634,0.33301740452411244,0.5733333333333333,0.0998722222222222,0.3160256670307369
1,4,3,000000110001111000001110101100,0.42272727272727273,0.2275136604227803,0.6245000064373016,12,"[6, 7, 11, 12, 13, 14, 20, 21, 22, 24, 26, 27]",11,"[6, 11, 12, 13, 14, 20, 21, 22, 24, 26, 27]",1,[7],0.2092664394682894,0.10619256782196818,0.3258720114124074,9.416854875159435,0.5341666666666667,0.08484097222222221,0.29127473667007614,0.5772727272727273,0.07025619834710743,0.26505885826945574
1,4,4,010001010011110110000010000011,0.4418181818181819,0.3242158342830159,0.551499992609024,12,"[1, 5, 7, 10, 11, 12, 13, 15, 16, 22, 28, 29]",11,"[1, 5, 10, 11, 12, 13, 15, 16, 22, 28, 29]",1,[7],0.2979100988401721,0.11757150774240212,0.3428870189178968,8.505462073268543,0.5166666666666667,0.0954722222222222,0.3089857961496324,0.5581818181818181,0.08346942148760329,0.28891075003814465
1,4,5,101111101100001101000100001111,0.4750000000000001,0.14120628667296842,0.7824999988079071,16,"[0, 2, 3, 4, 5, 6, 8, 9, 14, 15, 17, 21, 26, 27, 28, 29]",16,"[0, 2, 3, 4, 5, 6, 8, 9, 14, 15, 17, 21, 26, 27, 28, 29]",0,[],0.14120628667296842,0.04957296736832839,0.22264987619203472,20.17228447451965,0.5249999999999999,0.07026249999999999,0.2650707452737853,0.5249999999999999,0.07026249999999999,0.2650707452737853
1,4,6,001101111100110000101101011001,0.41000000000000003,0.2383061691497763,0.6669999957084656,16,"[2, 3, 5, 6, 7, 8, 9, 12, 13, 18, 20, 21, 23, 25, 26, 29]",15,"[2, 3, 5, 6, 8, 9, 12, 13, 18, 20, 21, 23, 25, 26, 29]",1,[7],0.2239462216384709,0.07194221530194969,0.26822046025974544,13.900044581653287,0.556875,0.07473398437499999,0.2733751714677103,0.59,0.06215999999999998,0.2493190726759587
1,4,7,101101101110110110101010001101,0.48277777777777775,0.23822387416536608,0.5464999973773956,18,"[0, 2, 3, 5, 6, 8, 9, 10, 12, 13, 15, 16, 18, 20, 22, 26, 27, 29]",18,"[0, 2, 3, 5, 6, 8, 9, 10, 12, 13, 15, 16, 18, 20, 22, 26, 27, 29]",0,[],0.23822387416536608,0.0810458581320956,0.2846855425414076,12.338693463768536,0.5172222222222222,0.07164228395061728,0.26766076281483114,0.5172222222222222,0.07164228395061728,0.26766076281483114
1,4,8,110111011100011000100010001100,0.43153846153846154,0.184741075293949,0.6624999940395355,14,"[0, 1, 3, 4, 5, 7, 8, 9, 13, 14, 18, 22, 26, 27]",13,"[0, 1, 3, 4, 5, 8, 9, 13, 14, 18, 22, 26, 27]",1,[7],0.17215578484215907,0.0459469104551825,0.21435230452500972,21.764249001582364,0.5321428571428571,0.10061683673469386,0.3172015711415911,0.5684615384615385,0.08988994082840235,0.2998165119342201
1,4,9,111101111110111000000010001000,0.43714285714285717,0.2181950248112636,0.5715000033378601,15,"[0, 1, 2, 3, 5, 6, 7, 8, 9, 10, 12, 13, 14, 22, 26]",14,"[0, 1, 2, 3, 5, 6, 8, 9, 10, 12, 13, 14, 22, 26]",1,[7],0.204218490421772,0.06983640156545742,0.2642657782715299,14.319179934589032,0.5293333333333332,0.09672622222222223,0.3110083957423372,0.5628571428571428,0.08677755102040817,0.29458029638862165
1,4,10,001101010110000100001010101111,0.5469230769230768,0.09766907338052988,0.7900000065565109,14,"[2, 3, 5, 7, 9, 10, 15, 20, 22, 24, 26, 27, 28, 29]",13,"[2, 3, 5, 9, 10, 15, 20, 22, 24, 26, 27, 28, 29]",1,[7],0.0913032116368413,0.024484568060796855,0.15647545513848762,40.84205192090511,0.425,0.0761964285714286,0.2760370058007234,0.4530769230769231,0.07102130177514793,0.26649822096056835
1,4,11,001111101100010001000010001011,0.5230769230769231,0.140473446665475,0.6629999876022339,13,"[2, 3, 4, 5, 6, 8, 9, 13, 17, 22, 26, 28, 29]",13,"[2, 3, 4, 5, 6, 8, 9, 13, 17, 22, 26, 28, 29]",0,[],0.140473446665475,0.055796346605463225,0.23621250306760483,17.922320381852497,0.4769230769230769,0.0705136094674556,0.26554398782020205,0.4769230769230769,0.0705136094674556,0.26554398782020205
1,4,12,101011110100011110101000000100,0.4769230769230769,0.18892106592941743,0.6430000066757202,14,"[0, 2, 4, 5, 6, 7, 9, 13, 14, 15, 16, 18, 20, 27]",13,"[0, 2, 4, 5, 6, 9, 13, 14, 15, 16, 18, 20, 27]",1,[7],0.17603720471795117,0.05738949258788628,0.23956104146518958,17.424792499578206,0.49000000000000005,0.062028571428571426,0.24905535816073388,0.5230769230769231,0.05148284023668638,0.22689830373250122
1,4,13,001111011001011000000101010001,0.3566666666666667,0.20316650066524744,0.8589999973773956,13,"[2, 3, 4, 5, 7, 8, 11, 13, 14, 21, 23, 25, 29]",12,"[2, 3, 4, 5, 8, 11, 13, 14, 21, 23, 25, 29]",1,[7],0.1881957705347584,0.06533219813705998,0.255601639542981,15.306388404414415,0.5984615384615384,0.07468994082840236,0.2732946044626611,0.6433333333333333,0.05473888888888887,0.23396343493992575
1,4,14,101111111101111101011011000101,0.4495,0.28500170367769895,0.5379999876022339,21,"[0, 2, 3, 4, 5, 6, 7, 8, 9, 11, 12, 13, 14, 15, 17, 19, 20, 22, 23, 27, 29]",20,"[0, 2, 3, 4, 5, 6, 8, 9, 11, 12, 13, 14, 15, 17, 19, 20, 22, 23, 27, 29]",1,[7],0.2718371944058509,0.11890925480480467,0.3448322125393808,8.409774341295375,0.5271428571428572,0.07718231292517007,0.27781704937812957,0.5505,0.06958475,0.26378921509417325
1,4,15,010010001001110101110101000100,0.3292307692307692,0.444576783822133,0.5954999923706055,13,"[1, 4, 8, 11, 12, 13, 15, 17, 18, 19, 21, 23, 27]",13,"[1, 4, 8, 11, 12, 13, 15, 17, 18, 19, 21, 23, 27]",0,[],0.444576783822133,0.12954880076440414,0.3599288829260638,7.7190988577237984,0.6707692307692308,0.04345325443786982,0.20845444211594488,0.6707692307692308,0.04345325443786982,0.20845444211594488
1,4,16,010111011001111111000101000100,0.32000000000000006,0.3374486492325862,0.6089999973773956,16,"[1, 3, 4, 5, 7, 8, 11, 12, 13, 14, 15, 16, 17, 21, 23, 27]",15,"[1, 3, 4, 5, 8, 11, 12, 13, 14, 15, 16, 17, 21, 23, 27]",1,[7],0.3168922967161052,0.11461358868117398,0.33854628735399533,8.724968928263358,0.64125,0.06902343749999999,0.26272311946229626,0.6799999999999999,0.04959999999999999,0.22271057451320087
1,4,17,001101100000110000101101011001,0.40384615384615397,0.23278622085658404,0.6805000007152557,13,"[2, 3, 5, 6, 12, 13, 18, 20, 21, 23, 25, 26, 29]",13,"[2, 3, 5, 6, 12, 13, 18, 20, 21, 23, 25, 26, 29]",0,[],0.23278622085658404,0.07408505354648606,0.2721856968073195,13.497999287704248,0.596153846153846,0.0455775147928994,0.21348891023399647,0.596153846153846,0.0455775147928994,0.21348891023399647
1,4,18,111100101100010111000100001101,0.4726666666666667,0.211553308305641,0.6615000069141388,15,"[0, 1, 2, 3, 6, 8, 9, 13, 15, 16, 17, 21, 26, 27, 29]",15,"[0, 1, 2, 3, 6, 8, 9, 13, 15, 16, 17, 21, 26, 27, 29]",0,[],0.211553308305641,0.07884243766196203,0.2807889557335937,12.683524630320449,0.5273333333333333,0.07357955555555555,0.2712555170969902,0.5273333333333333,0.07357955555555555,0.2712555170969902
1,4,19,001000010110001101000010101111,0.6183333333333334,0.12287480500526726,0.7759999930858612,13,"[2, 7, 9, 10, 14, 15, 17, 22, 24, 26, 27, 28, 29]",12,"[2, 9, 10, 14, 15, 17, 22, 24, 26, 27, 28, 29]",1,[7],0.11408035915631515,0.05126318752987627,0.2264137529609813,19.507175581253083,0.35692307692307695,0.048821301775147936,0.22095542938599164,0.38166666666666665,0.04493055555555556,0.2119682890329484
1,4,20,010000101100010100100101000100,0.38,0.21534057380631566,0.7459999918937683,10,"[1, 6, 8, 9, 13, 15, 18, 21, 23, 27]",10,"[1, 6, 8, 9, 13, 15, 18, 21, 23, 27]",0,[],0.21534057380631566,0.06108781126533068,0.24715948548524427,16.369877710245163,0.62,0.06344,0.25187298386289864,0.62,0.06344,0.25187298386289864
1,4,21,001000010110001000001010101101,0.601,0.11219201786443592,0.7839999943971634,11,"[2, 7, 9, 10, 14, 20, 22, 24, 26, 27, 29]",10,"[2, 9, 10, 14, 20, 22, 24, 26, 27, 29]",1,[7],0.10276974432847717,0.02969083501596884,0.17231028702886209,33.68042695539424,0.36818181818181817,0.06557851239669422,0.2560830185636959,0.399,0.061688999999999994,0.24837270381424767
1,4,22,001101010110010101101010101011,0.5553333333333333,0.17638161511470873,0.6489999890327454,16,"[2, 3, 5, 7, 9, 10, 13, 15, 17, 18, 20, 22, 24, 26, 28, 29]",15,"[2, 3, 5, 9, 10, 13, 15, 17, 18, 20, 22, 24, 26, 28, 29]",1,[7],0.16589195223059505,0.062067352970514106,0.24913320326787858,16.11152968735533,0.420625,0.06214335937499999,0.24928569829615174,0.44466666666666665,0.05703822222222221,0.23882676194727886
1,4,23,001101011001001100100101000001,0.34545454545454557,0.2383160465820269,0.6340000033378601,12,"[2, 3, 5, 7, 8, 11, 14, 15, 18, 21, 23, 29]",11,"[2, 3, 5, 8, 11, 14, 15, 18, 21, 23, 29]",1,[7],0.21916862678093216,0.08094043198327937,0.2845003198298367,12.354764800447068,0.605,0.07735833333333332,0.2781336609138371,0.6545454545454544,0.054933884297520656,0.23437978645250246
1,4,24,001111101101001101000010001111,0.475,0.16935636260313913,0.7209999859333038,16,"[2, 3, 4, 5, 6, 8, 9, 11, 14, 15, 17, 22, 26, 27, 28, 29]",16,"[2, 3, 4, 5, 6, 8, 9, 11, 14, 15, 17, 22, 26, 27, 28, 29]",0,[],0.16935636260313913,0.07850538016115255,0.2801881156672291,12.737980479137123,0.525,0.07113749999999999,0.26671614124383247,0.525,0.07113749999999999,0.26671614124383247
1,4,25,101111010100010000101010110100,0.5061538461538462,0.1529691873404842,0.664000004529953,14,"[0, 2, 3, 4, 5, 7, 9, 13, 18, 20, 22, 24, 25, 27]",13,"[0, 2, 3, 4, 5, 9, 13, 18, 20, 22, 24, 25, 27]",1,[7],0.1426533174567989,0.0377874072179726,0.1943898331137012,26.46384268260607,0.4628571428571428,0.08096326530612244,0.2845404458176771,0.49384615384615377,0.07374674556213018,0.2715635203081043
1,4,26,001111010110001101000010101110,0.5385714285714286,0.12191837221117956,0.7830000072717667,15,"[2, 3, 4, 5, 7, 9, 10, 14, 15, 17, 22, 24, 26, 27, 28]",14,"[2, 3, 4, 5, 9, 10, 14, 15, 17, 22, 24, 26, 27, 28]",1,[7],0.11436028132836024,0.044430551055324334,0.21078555703682436,22.507035727619343,0.43466666666666665,0.06667822222222222,0.2582212660146763,0.4614285714285714,0.06069795918367348,0.2463695581513136
1,4,27,101001010110001100100100100111,0.5207692307692308,0.12571874096129948,0.6825000047683716,14,"[0, 2, 5, 7, 9, 10, 14, 15, 18, 21, 24, 27, 28, 29]",13,"[0, 2, 5, 9, 10, 14, 15, 18, 21, 24, 27, 28, 29]",1,[7],0.11734933153327022,0.03202828995634547,0.1789644935632358,31.22239749181112,0.44928571428571434,0.08147806122448982,0.28544362179682664,0.47923076923076924,0.07519171597633136,0.27421107923702015
1,4,28,011111011001011000000101010001,0.33307692307692305,0.22783135078274286,0.822500005364418,14,"[1, 2, 3, 4, 5, 7, 8, 11, 13, 14, 21, 23, 25, 29]",13,"[1, 2, 3, 4, 5, 8, 11, 13, 14, 21, 23, 25, 29]",1,[7],0.2121681835103248,0.06813640814616577,0.26102951585245254,14.676441379985963,0.6235714285714286,0.07755153061224487,0.2784807544737066,0.666923076923077,0.0572059171597633,0.23917758498605865
1,4,29,010111011001111100000101000100,0.27076923076923076,0.27317305324742425,0.625,14,"[1, 3, 4, 5, 7, 8, 11, 12, 13, 14, 15, 21, 23, 27]",13,"[1, 3, 4, 5, 8, 11, 12, 13, 14, 15, 21, 23, 27]",1,[7],0.25427119294181466,0.09926771197855536,0.3150677894970467,10.073769003722262,0.6814285714285714,0.06591224489795919,0.25673380162720916,0.7292307692307692,0.038991715976331345,0.1974632015752083
1,5,0,010010001001110101110101000100,0.3292307692307692,0.444576783822133,0.5954999923706055,13,"[1, 4, 8, 11, 12, 13, 15, 17, 18, 19, 21, 23, 27]",13,"[1, 4, 8, 11, 12, 13, 15, 17, 18, 19, 21, 23, 27]",0,[],0.444576783822133,0.12954880076440414,0.3599288829260638,7.7190988577237984,0.6707692307692308,0.04345325443786982,0.20845444211594488,0.6707692307692308,0.04345325443786982,0.20845444211594488
1,5,1,101111111101111101011011000101,0.4495,0.28500170367769895,0.5379999876022339,21,"[0, 2, 3, 4, 5, 6, 7, 8, 9, 11, 12, 13, 14, 15, 17, 19, 20, 22, 23, 27, 29]",20,"[0, 2, 3, 4, 5, 6, 8, 9, 11, 12, 13, 14, 15, 17, 19, 20, 22, 23, 27, 29]",1,[7],0.2718371944058509,0.11890925480480467,0.3448322125393808,8.409774341295375,0.5271428571428572,0.07718231292517007,0.27781704937812957,0.5505,0.06958475,0.26378921509417325
1,5,2,001101010110000100001010101111,0.5469230769230768,0.09766907338052988,0.7900000065565109,14,"[2, 3, 5, 7, 9, 10, 15, 20, 22, 24, 26, 27, 28, 29]",13,"[2, 3, 5, 9, 10, 15, 20, 22, 24, 26, 27, 28, 29]",1,[7],0.0913032116368413,0.024484568060796855,0.15647545513848762,40.84205192090511,0.425,0.0761964285714286,0.2760370058007234,0.4530769230769231,0.07102130177514793,0.26649822096056835
1,5,3,010111011001111100000100000100,0.24250000000000005,0.260223188282301,0.6225000023841858,13,"[1, 3, 4, 5, 7, 8, 11, 12, 13, 14, 15, 21, 27]",12,"[1, 3, 4, 5, 8, 11, 12, 13, 14, 15, 21, 27]",1,[7],0.24086348218126938,0.10438695591332142,0.3230897025801371,9.579740986319768,0.7038461538461538,0.06394674556213018,0.2528769375845298,0.7575,0.03185208333333332,0.17847151967003957
1,5,4,011101111001011000000101010010,0.30999999999999994,0.22500027400942949,0.87049999833107,14,"[1, 2, 3, 5, 6, 7, 8, 11, 13, 14, 21, 23, 25, 28]",13,"[1, 2, 3, 5, 6, 8, 11, 13, 14, 21, 23, 25, 28]",1,[7],0.20953932650653379,0.06859228478038962,0.2619012882373617,14.57889911673999,0.6449999999999999,0.06378214285714286,0.25255126777971804,0.6900000000000001,0.04033846153846153,0.2008443714383391
1,5,5,001000010110010101000010101111,0.6233333333333333,0.12055999017320573,0.6960000097751617,13,"[2, 7, 9, 10, 13, 15, 17, 22, 24, 26, 27, 28, 29]",12,"[2, 9, 10, 13, 15, 17, 22, 24, 26, 27, 28, 29]",1,[7],0.11194360700364296,0.05168679049921872,0.22734729050335903,19.347303060249324,0.3523076923076923,0.046094674556213015,0.21469670364542864,0.37666666666666665,0.042222222222222223,0.20548046676563256
1,5,6,010111011001111111000101000100,0.32000000000000006,0.3374486492325862,0.6089999973773956,16,"[1, 3, 4, 5, 7, 8, 11, 12, 13, 14, 15, 16, 17, 21, 23, 27]",15,"[1, 3, 4, 5, 8, 11, 12, 13, 14, 15, 16, 17, 21, 23, 27]",1,[7],0.3168922967161052,0.11461358868117398,0.33854628735399533,8.724968928263358,0.64125,0.06902343749999999,0.26272311946229626,0.6799999999999999,0.04959999999999999,0.22271057451320087
1,5,7,011111011001011000000101010001,0.33307692307692305,0.22783135078274286,0.822500005364418,14,"[1, 2, 3, 4, 5, 7, 8, 11, 13, 14, 21, 23, 25, 29]",13,"[1, 2, 3, 4, 5, 8, 11, 13, 14, 21, 23, 25, 29]",1,[7],0.2121681835103248,0.06813640814616577,0.26102951585245254,14.676441379985963,0.6235714285714286,0.07755153061224487,0.2784807544737066,0.666923076923077,0.0572059171597633,0.23917758498605865
1,5,8,010001010011110110000010000011,0.4418181818181819,0.3242158342830159,0.551499992609024,12,"[1, 5, 7, 10, 11, 12, 13, 15, 16, 22, 28, 29]",11,"[1, 5, 10, 11, 12, 13, 15, 16, 22, 28, 29]",1,[7],0.2979100988401721,0.11757150774240212,0.3428870189178968,8.505462073268543,0.5166666666666667,0.0954722222222222,0.3089857961496324,0.5581818181818181,0.08346942148760329,0.28891075003814465
1,5,9,010100111110111000000110001100,0.3961538461538462,0.20145337835240823,0.5649999976158142,14,"[1, 3, 6, 7, 8, 9, 10, 12, 13, 14, 21, 22, 26, 27]",13,"[1, 3, 6, 8, 9, 10, 12, 13, 14, 21, 22, 26, 27]",1,[7],0.1876743519678712,0.07449748120186486,0.27294226715894493,13.423272624349714,0.565,0.09112500000000001,0.3018691769624716,0.6038461538461538,0.07700828402366863,0.2775036648833104
1,5,10,001000010110001000001010101101,0.601,0.11219201786443592,0.7839999943971634,11,"[2, 7, 9, 10, 14, 20, 22, 24, 26, 27, 29]",10,"[2, 9, 10, 14, 20, 22, 24, 26, 27, 29]",1,[7],0.10276974432847717,0.02969083501596884,0.17231028702886209,33.68042695539424,0.36818181818181817,0.06557851239669422,0.2560830185636959,0.399,0.061688999999999994,0.24837270381424767
1,5,11,001111011001011000000101010001,0.3566666666666667,0.20316650066524744,0.8589999973773956,13,"[2, 3, 4, 5, 7, 8, 11, 13, 14, 21, 23, 25, 29]",12,"[2, 3, 4, 5, 8, 11, 13, 14, 21, 23, 25, 29]",1,[7],0.1881957705347584,0.06533219813705998,0.255601639542981,15.306388404414415,0.5984615384615384,0.07468994082840236,0.2732946044626611,0.6433333333333333,0.05473888888888887,0.23396343493992575
1,5,12,001101010110010101101010101011,0.5553333333333333,0.17638161511470873,0.6489999890327454,16,"[2, 3, 5, 7, 9, 10, 13, 15, 17, 18, 20, 22, 24, 26, 28, 29]",15,"[2, 3, 5, 9, 10, 13, 15, 17, 18, 20, 22, 24, 26, 28, 29]",1,[7],0.16589195223059505,0.062067352970514106,0.24913320326787858,16.11152968735533,0.420625,0.06214335937499999,0.24928569829615174,0.44466666666666665,0.05703822222222221,0.23882676194727886
1,5,13,001111111001011000000101010111,0.3766666666666667,0.1675702375670274,0.7319999933242798,16,"[2, 3, 4, 5, 6, 7, 8, 11, 13, 14, 21, 23, 25, 27, 28, 29]",15,"[2, 3, 4, 5, 6, 8, 11, 13, 14, 21, 23, 25, 27, 28, 29]",1,[7],0.1576312857796438,0.05722952900446905,0.23922694038186637,17.47349694109679,0.588125,0.066902734375,0.2586556289257978,0.6233333333333333,0.05152888888888888,0.22699975526173785
1,5,14,001111011100110000101100100001,0.41846153846153844,0.21772593625176412,0.5600000023841858,14,"[2, 3, 4, 5, 7, 8, 9, 12, 13, 18, 20, 21, 24, 29]",13,"[2, 3, 4, 5, 8, 9, 12, 13, 18, 20, 21, 24, 29]",1,[7],0.20278458430298738,0.07949196636916003,0.28194319706132304,12.5798875745004,0.5442857142857143,0.09555306122448978,0.30911658193065245,0.5815384615384616,0.08347455621301775,0.2889196362537821
1,5,15,001111101101001101000010001111,0.475,0.16935636260313913,0.7209999859333038,16,"[2, 3, 4, 5, 6, 8, 9, 11, 14, 15, 17, 22, 26, 27, 28, 29]",16,"[2, 3, 4, 5, 6, 8, 9, 11, 14, 15, 17, 22, 26, 27, 28, 29]",0,[],0.16935636260313913,0.07850538016115255,0.2801881156672291,12.737980479137123,0.525,0.07113749999999999,0.26671614124383247,0.525,0.07113749999999999,0.26671614124383247
1,5,16,011111101100001101000010001001,0.47785714285714287,0.16587047006136604,0.7625000029802322,14,"[1, 2, 3, 4, 5, 6, 8, 9, 14, 15, 17, 22, 26, 29]",14,"[1, 2, 3, 4, 5, 6, 8, 9, 14, 15, 17, 22, 26, 29]",0,[],0.16587047006136604,0.062054158434838094,0.24910672097484263,16.114955471518982,0.5221428571428571,0.08051683673469387,0.2837548884771747,0.5221428571428571,0.08051683673469387,0.2837548884771747
1,5,17,101111010100010000101010110100,0.5061538461538462,0.1529691873404842,0.664000004529953,14,"[0, 2, 3, 4, 5, 7, 9, 13, 18, 20, 22, 24, 25, 27]",13,"[0, 2, 3, 4, 5, 9, 13, 18, 20, 22, 24, 25, 27]",1,[7],0.1426533174567989,0.0377874072179726,0.1943898331137012,26.46384268260607,0.4628571428571428,0.08096326530612244,0.2845404458176771,0.49384615384615377,0.07374674556213018,0.2715635203081043
1,5,18,101001010110001100100100100111,0.5207692307692308,0.12571874096129948,0.6825000047683716,14,"[0, 2, 5, 7, 9, 10, 14, 15, 18, 21, 24, 27, 28, 29]",13,"[0, 2, 5, 9, 10, 14, 15, 18, 21, 24, 27, 28, 29]",1,[7],0.11734933153327022,0.03202828995634547,0.1789644935632358,31.22239749181112,0.44928571428571434,0.08147806122448982,0.28544362179682664,0.47923076923076924,0.07519171597633136,0.27421107923702015
1,5,19,001000010110001101000010101111,0.6183333333333334,0.12287480500526726,0.7759999930858612,13,"[2, 7, 9, 10, 14, 15, 17, 22, 24, 26, 27, 28, 29]",12,"[2, 9, 10, 14, 15, 17, 22, 24, 26, 27, 28, 29]",1,[7],0.11408035915631515,0.05126318752987627,0.2264137529609813,19.507175581253083,0.35692307692307695,0.048821301775147936,0.22095542938599164,0.38166666666666665,0.04493055555555556,0.2119682890329484
1,5,20,001101011001001100100101000001,0.34545454545454557,0.2383160465820269,0.6340000033378601,12,"[2, 3, 5, 7, 8, 11, 14, 15, 18, 21, 23, 29]",11,"[2, 3, 5, 8, 11, 14, 15, 18, 21, 23, 29]",1,[7],0.21916862678093216,0.08094043198327937,0.2845003198298367,12.354764800447068,0.605,0.07735833333333332,0.2781336609138371,0.6545454545454544,0.054933884297520656,0.23437978645250246
1,5,21,101111011001011001000010101111,0.48750000000000004,0.18941572576295584,0.6299999952316284,17,"[0, 2, 3, 4, 5, 7, 8, 11, 13, 14, 17, 22, 24, 26, 27, 28, 29]",16,"[0, 2, 3, 4, 5, 8, 11, 13, 14, 17, 22, 24, 26, 27, 28, 29]",1,[7],0.17877638948095195,0.07629676585642167,0.27621869208368516,13.106715452157438,0.48588235294117643,0.08789480968858132,0.29647058823529415,0.5125,0.08134374999999999,0.28520825724372006
1,5,22,010111101100010100100101000100,0.3653846153846154,0.18352040684280488,0.648499995470047,13,"[1, 3, 4, 5, 6, 8, 9, 13, 15, 18, 21, 23, 27]",13,"[1, 3, 4, 5, 6, 8, 9, 13, 15, 18, 21, 23, 27]",0,[],0.18352040684280488,0.05106013785391281,0.2259649040313845,19.58474931777664,0.6346153846153846,0.06270177514792899,0.25040322511487145,0.6346153846153846,0.06270177514792899,0.25040322511487145
1,5,23,001101010110010100101010100011,0.5423076923076924,0.13144412328704044,0.6620000004768372,14,"[2, 3, 5, 7, 9, 10, 13, 15, 18, 20, 22, 24, 28, 29]",13,"[2, 3, 5, 9, 10, 13, 15, 18, 20, 22, 24, 28, 29]",1,[7],0.12266575797860112,0.03984633766015879,0.19961547450074804,25.096409324460232,0.42928571428571427,0.07036377551020408,0.26526171135353116,0.4576923076923076,0.0644792899408284,0.2539277258214006
1,5,24,010011011100110000000010000100,0.3588888888888889,0.24472120559463897,0.5615000128746033,10,"[1, 4, 5, 7, 8, 9, 12, 13, 22, 27]",9,"[1, 4, 5, 8, 9, 12, 13, 22, 27]",1,[7],0.22110378593206406,0.08858056992747085,0.29762488123050274,11.289157439591921,0.583,0.123841,0.35191049998543666,0.6411111111111111,0.10383209876543208,0.3222298849663576
1,5,25,101101101110110110101010001101,0.48277777777777775,0.23822387416536608,0.5464999973773956,18,"[0, 2, 3, 5, 6, 8, 9, 10, 12, 13, 15, 16, 18, 20, 22, 26, 27, 29]",18,"[0, 2, 3, 5, 6, 8, 9, 10, 12, 13, 15, 16, 18, 20, 22, 26, 27, 29]",0,[],0.23822387416536608,0.0810458581320956,0.2846855425414076,12.338693463768536,0.5172222222222222,0.07164228395061728,0.26766076281483114,0.5172222222222222,0.07164228395061728,0.26766076281483114
1,5,26,001111101100010001000010001011,0.5230769230769231,0.140473446665475,0.6629999876022339,13,"[2, 3, 4, 5, 6, 8, 9, 13, 17, 22, 26, 28, 29]",13,"[2, 3, 4, 5, 6, 8, 9, 13, 17, 22, 26, 28, 29]",0,[],0.140473446665475,0.055796346605463225,0.23621250306760483,17.922320381852497,0.4769230769230769,0.0705136094674556,0.26554398782020205,0.4769230769230769,0.0705136094674556,0.26554398782020205
1,5,27,001111101100001101000010001111,0.4966666666666667,0.12359550564239423,0.7894999980926514,15,"[2, 3, 4, 5, 6, 8, 9, 14, 15, 17, 22, 26, 27, 28, 29]",15,"[2, 3, 4, 5, 6, 8, 9, 14, 15, 17, 22, 26, 27, 28, 29]",0,[],0.12359550564239423,0.05023417569538797,0.22412981884476676,19.906766382787698,0.5033333333333333,0.06836888888888888,0.26147445169440336,0.5033333333333333,0.06836888888888888,0.26147445169440336
1,5,28,000001010011110110000010101111,0.5053846153846154,0.244224428700713,0.5430000126361847,14,"[5, 7, 10, 11, 12, 13, 15, 16, 22, 24, 26, 27, 28, 29]",13,"[5, 10, 11, 12, 13, 15, 16, 22, 24, 26, 27, 28, 29]",1,[7],0.22739032729129707,0.10679392996337944,0.3267934056301924,9.363828078458285,0.4635714285714286,0.08498010204081631,0.2915134680264641,0.49461538461538457,0.07802485207100592,0.27932928967619186
1,5,29,101011110100011110101000000100,0.4769230769230769,0.18892106592941743,0.6430000066757202,14,"[0, 2, 4, 5, 6, 7, 9, 13, 14, 15, 16, 18, 20, 27]",13,"[0, 2, 4, 5, 6, 9, 13, 14, 15, 16, 18, 20, 27]",1,[7],0.17603720471795117,0.05738949258788628,0.23956104146518958,17.424792499578206,0.49000000000000005,0.062028571428571426,0.24905535816073388,0.5230769230769231,0.05148284023668638,0.22689830373250122
2,1,0,010000010110000011001111100111,0.5700000000000001,0.2890937828591892,0.695499986410141,14,"[1, 7, 9, 10, 16, 17, 20, 21, 22, 23, 24, 27, 28, 29]",14,"[1, 7, 9, 10, 16, 17, 20, 21, 22, 23, 24, 27, 28, 29]",0,[],0.2890937828591892,0.04039755066411511,0.20099141937932352,24.753976009943933,0.43,0.05521428571428571,0.23497720254162044,0.43,0.05521428571428571,0.23497720254162044
2,1,1,001111011001001010100101010001,0.4485714285714285,0.41992791635649546,0.5990000069141388,14,"[2, 3, 4, 5, 7, 8, 11, 14, 16, 18, 21, 23, 25, 29]",14,"[2, 3, 4, 5, 7, 8, 11, 14, 16, 18, 21, 23, 25, 29]",0,[],0.41992791635649546,0.04438526760454521,0.2106781137293222,22.529998217192148,0.5514285714285715,0.05046938775510205,0.22465392886638338,0.5514285714285715,0.05046938775510205,0.22465392886638338
2,1,2,010000001001111111000101000100,0.3833333333333333,0.4304653556707005,0.6340000033378601,12,"[1, 8, 11, 12, 13, 14, 15, 16, 17, 21, 23, 27]",12,"[1, 8, 11, 12, 13, 14, 15, 16, 17, 21, 23, 27]",0,[],0.4304653556707005,0.06187872793451966,0.24875435259411977,16.16064249184638,0.6166666666666667,0.028738888888888887,0.16952548153268548,0.6166666666666667,0.028738888888888887,0.16952548153268548
2,1,3,110101101110100110101010001101,0.4776470588235293,0.4023457372232395,0.6825000047683716,17,"[0, 1, 3, 5, 6, 8, 9, 10, 12, 15, 16, 18, 20, 22, 26, 27, 29]",17,"[0, 1, 3, 5, 6, 8, 9, 10, 12, 15, 16, 18, 20, 22, 26, 27, 29]",0,[],0.4023457372232395,0.08728159226295708,0.29543458203628953,11.457169536816608,0.5223529411764707,0.056170934256055356,0.23700408067384696,0.5223529411764707,0.056170934256055356,0.23700408067384696
2,1,4,011101111100110000101000100010,0.4407142857142857,0.46068583748170305,0.5920000076293945,14,"[1, 2, 3, 5, 6, 7, 8, 9, 12, 13, 18, 20, 24, 28]",14,"[1, 2, 3, 5, 6, 7, 8, 9, 12, 13, 18, 20, 24, 28]",0,[],0.46068583748170305,0.08645058332114185,0.2940248005205375,11.567301938093989,0.5592857142857143,0.06112091836734694,0.24722645159316375,0.5592857142857143,0.06112091836734694,0.24722645159316375
2,1,5,011000110101010111001001000101,0.5121428571428572,0.3687348771574242,0.6439999938011169,14,"[1, 2, 6, 7, 9, 11, 13, 15, 16, 17, 20, 23, 27, 29]",14,"[1, 2, 6, 7, 9, 11, 13, 15, 16, 17, 20, 23, 27, 29]",0,[],0.3687348771574242,0.05156318651965926,0.22707528821881798,19.3936811802493,0.4878571428571428,0.046173979591836736,0.2148813151296239,0.4878571428571428,0.046173979591836736,0.2148813151296239
2,1,6,111100001011010011000110100110,0.474,0.4146751403808594,0.5909999907016754,15,"[0, 1, 2, 3, 8, 10, 11, 13, 16, 17, 21, 22, 24, 27, 28]",15,"[0, 1, 2, 3, 8, 10, 11, 13, 16, 17, 21, 22, 24, 27, 28]",0,[],0.4146751403808594,0.06378132149104575,0.25254964163713584,15.678571353219608,0.526,0.05034400000000001,0.22437468662930765,0.526,0.05034400000000001,0.22437468662930765
2,1,7,111101101111010101110110000101,0.4547368421052631,0.4648406561464071,0.523499995470047,19,"[0, 1, 2, 3, 5, 6, 8, 9, 10, 11, 13, 15, 17, 18, 19, 21, 22, 27, 29]",19,"[0, 1, 2, 3, 5, 6, 8, 9, 10, 11, 13, 15, 17, 18, 19, 21, 22, 27, 29]",0,[],0.4648406561464071,0.06931919846832746,0.26328539357193265,14.426017930038656,0.5452631578947369,0.05040387811634348,0.2245080802918761,0.5452631578947369,0.05040387811634348,0.2245080802918761
2,1,8,010001010111110110001101000011,0.4786666666666667,0.3782504480332136,0.5074999928474426,15,"[1, 5, 7, 9, 10, 11, 12, 13, 15, 16, 20, 21, 23, 28, 29]",15,"[1, 5, 7, 9, 10, 11, 12, 13, 15, 16, 20, 21, 23, 28, 29]",0,[],0.3782504480332136,0.06541496433826745,0.2557634929740119,15.28702201577147,0.5213333333333333,0.05599822222222221,0.23663943505304058,0.5213333333333333,0.05599822222222221,0.23663943505304058
2,1,9,000000110001101111001110101100,0.5135714285714286,0.3465546253802521,0.6310000121593475,14,"[6, 7, 11, 12, 14, 15, 16, 17, 20, 21, 22, 24, 26, 27]",14,"[6, 7, 11, 12, 14, 15, 16, 17, 20, 21, 22, 24, 26, 27]",0,[],0.3465546253802521,0.08675160903743753,0.29453626098909713,11.527163715988847,0.4864285714285715,0.048794387755102045,0.22089451725903486,0.4864285714285715,0.048794387755102045,0.22089451725903486
2,2,0,010000010110000011001111100111,0.5700000000000001,0.2890937828591892,0.695499986410141,14,"[1, 7, 9, 10, 16, 17, 20, 21, 22, 23, 24, 27, 28, 29]",14,"[1, 7, 9, 10, 16, 17, 20, 21, 22, 23, 24, 27, 28, 29]",0,[],0.2890937828591892,0.04039755066411511,0.20099141937932352,24.753976009943933,0.43,0.05521428571428571,0.23497720254162044,0.43,0.05521428571428571,0.23497720254162044
2,2,1,001111011001001010100101010001,0.4485714285714285,0.41992791635649546,0.5990000069141388,14,"[2, 3, 4, 5, 7, 8, 11, 14, 16, 18, 21, 23, 25, 29]",14,"[2, 3, 4, 5, 7, 8, 11, 14, 16, 18, 21, 23, 25, 29]",0,[],0.41992791635649546,0.04438526760454521,0.2106781137293222,22.529998217192148,0.5514285714285715,0.05046938775510205,0.22465392886638338,0.5514285714285715,0.05046938775510205,0.22465392886638338
2,2,2,010000001001111111000101000100,0.3833333333333333,0.4304653556707005,0.6340000033378601,12,"[1, 8, 11, 12, 13, 14, 15, 16, 17, 21, 23, 27]",12,"[1, 8, 11, 12, 13, 14, 15, 16, 17, 21, 23, 27]",0,[],0.4304653556707005,0.06187872793451966,0.24875435259411977,16.16064249184638,0.6166666666666667,0.028738888888888887,0.16952548153268548,0.6166666666666667,0.028738888888888887,0.16952548153268548
2,2,3,011101111100110000101000100010,0.4407142857142857,0.46068583748170305,0.5920000076293945,14,"[1, 2, 3, 5, 6, 7, 8, 9, 12, 13, 18, 20, 24, 28]",14,"[1, 2, 3, 5, 6, 7, 8, 9, 12, 13, 18, 20, 24, 28]",0,[],0.46068583748170305,0.08645058332114185,0.2940248005205375,11.567301938093989,0.5592857142857143,0.06112091836734694,0.24722645159316375,0.5592857142857143,0.06112091836734694,0.24722645159316375
2,2,4,111101101111010101110110000101,0.4547368421052631,0.4648406561464071,0.523499995470047,19,"[0, 1, 2, 3, 5, 6, 8, 9, 10, 11, 13, 15, 17, 18, 19, 21, 22, 27, 29]",19,"[0, 1, 2, 3, 5, 6, 8, 9, 10, 11, 13, 15, 17, 18, 19, 21, 22, 27, 29]",0,[],0.4648406561464071,0.06931919846832746,0.26328539357193265,14.426017930038656,0.5452631578947369,0.05040387811634348,0.2245080802918761,0.5452631578947369,0.05040387811634348,0.2245080802918761
2,2,5,000000110001101111001110101100,0.5135714285714286,0.3465546253802521,0.6310000121593475,14,"[6, 7, 11, 12, 14, 15, 16, 17, 20, 21, 22, 24, 26, 27]",14,"[6, 7, 11, 12, 14, 15, 16, 17, 20, 21, 22, 24, 26, 27]",0,[],0.3465546253802521,0.08675160903743753,0.29453626098909713,11.527163715988847,0.4864285714285715,0.048794387755102045,0.22089451725903486,0.4864285714285715,0.048794387755102045,0.22089451725903486
2,2,6,000000110101101111000010101100,0.5753846153846154,0.33607322794313615,0.652999997138977,13,"[6, 7, 9, 11, 12, 14, 15, 16, 17, 22, 24, 26, 27]",13,"[6, 7, 9, 11, 12, 14, 15, 16, 17, 22, 24, 26, 27]",0,[],0.33607322794313615,0.08639122269892043,0.29392383826243224,11.575249993683633,0.42461538461538456,0.04559408284023668,0.21352770977144087,0.42461538461538456,0.04559408284023668,0.21352770977144087
2,2,7,010001010111110110001101000111,0.468125,0.377337068435736,0.5,16,"[1, 5, 7, 9, 10, 11, 12, 13, 15, 16, 20, 21, 23, 27, 28, 29]",16,"[1, 5, 7, 9, 10, 11, 12, 13, 15, 16, 20, 21, 23, 27, 28, 29]",0,[],0.377337068435736,0.061339043001462056,0.24766720211094173,16.302830156254057,0.531875,0.054165234375,0.23273425698637493,0.531875,0.054165234375,0.23273425698637493
2,2,8,010000101100001101000010001100,0.493,0.32121120411902665,0.664000004529953,10,"[1, 6, 8, 9, 14, 15, 17, 22, 26, 27]",10,"[1, 6, 8, 9, 14, 15, 17, 22, 26, 27]",0,[],0.32121120411902665,0.08678934588159615,0.2946003154811552,11.5221515940939,0.507,0.05134099999999999,0.22658552469211266,0.507,0.05134099999999999,0.22658552469211266
2,2,9,010101101110100110101111001101,0.4522222222222222,0.4153600311320689,0.6705000102519989,18,"[1, 3, 5, 6, 8, 9, 10, 12, 15, 16, 18, 20, 21, 22, 23, 26, 27, 29]",18,"[1, 3, 5, 6, 8, 9, 10, 12, 15, 16, 18, 20, 21, 22, 23, 26, 27, 29]",0,[],0.4153600311320689,0.08674926764694382,0.2945322862555883,11.527474837826253,0.5477777777777778,0.0496395061728395,0.22279925083545388,0.5477777777777778,0.0496395061728395,0.22279925083545388
2,2,10,010000111001100110101111110111,0.4722222222222222,0.3536397691609131,0.6040000021457672,18,"[1, 6, 7, 8, 11, 12, 15, 16, 18, 20, 21, 22, 23, 24, 25, 27, 28, 29]",18,"[1, 6, 7, 8, 11, 12, 15, 16, 18, 20, 21, 22, 23, 24, 25, 27, 28, 29]",0,[],0.3536397691609131,0.07802268607913491,0.27932541251940346,12.816785094860036,0.5277777777777778,0.056772839506172845,0.23827051749256106,0.5277777777777778,0.056772839506172845,0.23827051749256106
2,2,11,010000100010110100101101110011,0.46785714285714286,0.4043217132400189,0.6189999878406525,14,"[1, 6, 10, 12, 13, 15, 18, 20, 21, 23, 24, 25, 28, 29]",14,"[1, 6, 10, 12, 13, 15, 18, 20, 21, 23, 24, 25, 28, 29]",0,[],0.4043217132400189,0.08835752463115971,0.2972499363013552,11.317655221492535,0.5321428571428571,0.0385454081632653,0.1963298453197203,0.5321428571428571,0.0385454081632653,0.1963298453197203
2,2,12,110111001011011000000010001000,0.4575,0.4077765742937724,0.5755000114440918,12,"[0, 1, 3, 4, 5, 8, 10, 11, 13, 14, 22, 26]",12,"[0, 1, 3, 4, 5, 8, 10, 11, 13, 14, 22, 26]",0,[],0.4077765742937724,0.07304560803077496,0.27026950999099947,13.690077021176801,0.5425,0.05805208333333333,0.24093999944661187,0.5425,0.05805208333333333,0.24093999944661187
2,3,0,010000010110000011001111100111,0.5700000000000001,0.2890937828591892,0.695499986410141,14,"[1, 7, 9, 10, 16, 17, 20, 21, 22, 23, 24, 27, 28, 29]",14,"[1, 7, 9, 10, 16, 17, 20, 21, 22, 23, 24, 27, 28, 29]",0,[],0.2890937828591892,0.04039755066411511,0.20099141937932352,24.753976009943933,0.43,0.05521428571428571,0.23497720254162044,0.43,0.05521428571428571,0.23497720254162044
2,3,1,001111011001001010100101010001,0.4485714285714285,0.41992791635649546,0.5990000069141388,14,"[2, 3, 4, 5, 7, 8, 11, 14, 16, 18, 21, 23, 25, 29]",14,"[2, 3, 4, 5, 7, 8, 11, 14, 16, 18, 21, 23, 25, 29]",0,[],0.41992791635649546,0.04438526760454521,0.2106781137293222,22.529998217192148,0.5514285714285715,0.05046938775510205,0.22465392886638338,0.5514285714285715,0.05046938775510205,0.22465392886638338
2,3,2,010000001001111111000101000100,0.3833333333333333,0.4304653556707005,0.6340000033378601,12,"[1, 8, 11, 12, 13, 14, 15, 16, 17, 21, 23, 27]",12,"[1, 8, 11, 12, 13, 14, 15, 16, 17, 21, 23, 27]",0,[],0.4304653556707005,0.06187872793451966,0.24875435259411977,16.16064249184638,0.6166666666666667,0.028738888888888887,0.16952548153268548,0.6166666666666667,0.028738888888888887,0.16952548153268548
2,3,3,011101111100110000101000100010,0.4407142857142857,0.46068583748170305,0.5920000076293945,14,"[1, 2, 3, 5, 6, 7, 8, 9, 12, 13, 18, 20, 24, 28]",14,"[1, 2, 3, 5, 6, 7, 8, 9, 12, 13, 18, 20, 24, 28]",0,[],0.46068583748170305,0.08645058332114185,0.2940248005205375,11.567301938093989,0.5592857142857143,0.06112091836734694,0.24722645159316375,0.5592857142857143,0.06112091836734694,0.24722645159316375
2,3,4,111101101111010101110110000101,0.4547368421052631,0.4648406561464071,0.523499995470047,19,"[0, 1, 2, 3, 5, 6, 8, 9, 10, 11, 13, 15, 17, 18, 19, 21, 22, 27, 29]",19,"[0, 1, 2, 3, 5, 6, 8, 9, 10, 11, 13, 15, 17, 18, 19, 21, 22, 27, 29]",0,[],0.4648406561464071,0.06931919846832746,0.26328539357193265,14.426017930038656,0.5452631578947369,0.05040387811634348,0.2245080802918761,0.5452631578947369,0.05040387811634348,0.2245080802918761
2,3,5,010001010111110110001101000111,0.468125,0.377337068435736,0.5,16,"[1, 5, 7, 9, 10, 11, 12, 13, 15, 16, 20, 21, 23, 27, 28, 29]",16,"[1, 5, 7, 9, 10, 11, 12, 13, 15, 16, 20, 21, 23, 27, 28, 29]",0,[],0.377337068435736,0.061339043001462056,0.24766720211094173,16.302830156254057,0.531875,0.054165234375,0.23273425698637493,0.531875,0.054165234375,0.23273425698637493
2,3,6,010000101100001101000010001100,0.493,0.32121120411902665,0.664000004529953,10,"[1, 6, 8, 9, 14, 15, 17, 22, 26, 27]",10,"[1, 6, 8, 9, 14, 15, 17, 22, 26, 27]",0,[],0.32121120411902665,0.08678934588159615,0.2946003154811552,11.5221515940939,0.507,0.05134099999999999,0.22658552469211266,0.507,0.05134099999999999,0.22658552469211266
2,3,7,010101101110100110101111001101,0.4522222222222222,0.4153600311320689,0.6705000102519989,18,"[1, 3, 5, 6, 8, 9, 10, 12, 15, 16, 18, 20, 21, 22, 23, 26, 27, 29]",18,"[1, 3, 5, 6, 8, 9, 10, 12, 15, 16, 18, 20, 21, 22, 23, 26, 27, 29]",0,[],0.4153600311320689,0.08674926764694382,0.2945322862555883,11.527474837826253,0.5477777777777778,0.0496395061728395,0.22279925083545388,0.5477777777777778,0.0496395061728395,0.22279925083545388
2,3,8,010000100010110100101101110011,0.46785714285714286,0.4043217132400189,0.6189999878406525,14,"[1, 6, 10, 12, 13, 15, 18, 20, 21, 23, 24, 25, 28, 29]",14,"[1, 6, 10, 12, 13, 15, 18, 20, 21, 23, 24, 25, 28, 29]",0,[],0.4043217132400189,0.08835752463115971,0.2972499363013552,11.317655221492535,0.5321428571428571,0.0385454081632653,0.1963298453197203,0.5321428571428571,0.0385454081632653,0.1963298453197203
2,3,9,110111001011011000000010001000,0.4575,0.4077765742937724,0.5755000114440918,12,"[0, 1, 3, 4, 5, 8, 10, 11, 13, 14, 22, 26]",12,"[0, 1, 3, 4, 5, 8, 10, 11, 13, 14, 22, 26]",0,[],0.4077765742937724,0.07304560803077496,0.27026950999099947,13.690077021176801,0.5425,0.05805208333333333,0.24093999944661187,0.5425,0.05805208333333333,0.24093999944661187
2,3,10,001000101001111111000101001111,0.45562499999999995,0.4064310594694689,0.6615000069141388,16,"[2, 6, 8, 11, 12, 13, 14, 15, 16, 17, 21, 23, 26, 27, 28, 29]",16,"[2, 6, 8, 11, 12, 13, 14, 15, 16, 17, 21, 23, 26, 27, 28, 29]",0,[],0.4064310594694689,0.08492460068175452,0.2914182572896807,11.77515103953669,0.544375,0.028712109374999996,0.16944647938213409,0.544375,0.028712109374999996,0.16944647938213409
2,3,11,010000110101101111001111001101,0.5088235294117647,0.33913145619718466,0.6229999959468842,17,"[1, 6, 7, 9, 11, 12, 14, 15, 16, 17, 20, 21, 22, 23, 26, 27, 29]",17,"[1, 6, 7, 9, 11, 12, 14, 15, 16, 17, 20, 21, 22, 23, 26, 27, 29]",0,[],0.33913145619718466,0.07522688367295076,0.27427519697003366,13.293120107799558,0.49117647058823527,0.05113979238754325,0.22614108956035223,0.49117647058823527,0.05113979238754325,0.22614108956035223
2,3,12,111101001110011001110101110101,0.4547368421052632,0.4470874000536768,0.55799999833107,19,"[0, 1, 2, 3, 5, 8, 9, 10, 13, 14, 17, 18, 19, 21, 23, 24, 25, 27, 29]",19,"[0, 1, 2, 3, 5, 8, 9, 10, 13, 14, 17, 18, 19, 21, 23, 24, 25, 27, 29]",0,[],0.4470874000536768,0.047799299551006945,0.21863050919532467,20.920808660237658,0.5452631578947368,0.04931966759002769,0.22208031788077864,0.5452631578947368,0.04931966759002769,0.22208031788077864
2,3,13,011000010110011111011000000101,0.5107142857142858,0.36023249277578934,0.5264999866485596,14,"[1, 2, 7, 9, 10, 13, 14, 15, 16, 17, 19, 20, 27, 29]",14,"[1, 2, 7, 9, 10, 13, 14, 15, 16, 17, 19, 20, 27, 29]",0,[],0.36023249277578934,0.04893762864594002,0.22121850882315436,20.434173613824303,0.4892857142857142,0.04524948979591836,0.2127192746224901,0.4892857142857142,0.04524948979591836,0.2127192746224901
2,3,14,110100010110000011001010101101,0.5992857142857142,0.3051606001598494,0.6644999980926514,14,"[0, 1, 3, 7, 9, 10, 16, 17, 20, 22, 24, 26, 27, 29]",14,"[0, 1, 3, 7, 9, 10, 16, 17, 20, 22, 24, 26, 27, 29]",0,[],0.3051606001598494,0.05307214233976854,0.23037391853195652,18.84227686905848,0.40071428571428575,0.05420663265306123,0.23282317894286478,0.40071428571428575,0.05420663265306123,0.23282317894286478
2,3,15,001000110101101111000011101111,0.5741176470588236,0.30815562353852916,0.6850000023841858,17,"[2, 6, 7, 9, 11, 12, 14, 15, 16, 17, 22, 23, 24, 26, 27, 28, 29]",17,"[2, 6, 7, 9, 11, 12, 14, 15, 16, 17, 22, 23, 24, 26, 27, 28, 29]",0,[],0.30815562353852916,0.07504053505319322,0.2739352752990991,13.326130994283826,0.42588235294117643,0.03940069204152249,0.19849607563254867,0.42588235294117643,0.03940069204152249,0.19849607563254867
2,3,16,010000010110011001111011100111,0.5431250000000001,0.31141844764351845,0.5730000138282776,16,"[1, 7, 9, 10, 13, 14, 17, 18, 19, 20, 22, 23, 24, 27, 28, 29]",16,"[1, 7, 9, 10, 13, 14, 17, 18, 19, 20, 22, 23, 24, 27, 28, 29]",0,[],0.31141844764351845,0.05234335795016585,0.22878670842110965,19.104620703777975,0.456875,0.050208984375,0.22407361374110965,0.456875,0.050208984375,0.22407361374110965
2,3,17,010001001010010011001111100111,0.47,0.3495101273059845,0.5915000140666962,15,"[1, 5, 8, 10, 13, 16, 17, 20, 21, 22, 23, 24, 27, 28, 29]",15,"[1, 5, 8, 10, 13, 16, 17, 20, 21, 22, 23, 24, 27, 28, 29]",0,[],0.3495101273059845,0.05214283371969041,0.2283480538995032,19.178090806798163,0.53,0.055493333333333325,0.23557023015086886,0.53,0.055493333333333325,0.23557023015086886
2,3,18,010000001001100010101100000100,0.2899999999999999,0.4661106781827079,0.7229999899864197,9,"[1, 8, 11, 12, 16, 18, 20, 21, 27]",9,"[1, 8, 11, 12, 16, 18, 20, 21, 27]",0,[],0.4661106781827079,0.05048759596272137,0.22469445022679438,19.806845244490788,0.7100000000000001,0.017555555555555557,0.13249737942901194,0.7100000000000001,0.017555555555555557,0.13249737942901194
2,4,0,010000010110000011001111100111,0.5700000000000001,0.2890937828591892,0.695499986410141,14,"[1, 7, 9, 10, 16, 17, 20, 21, 22, 23, 24, 27, 28, 29]",14,"[1, 7, 9, 10, 16, 17, 20, 21, 22, 23, 24, 27, 28, 29]",0,[],0.2890937828591892,0.04039755066411511,0.20099141937932352,24.753976009943933,0.43,0.05521428571428571,0.23497720254162044,0.43,0.05521428571428571,0.23497720254162044
2,4,1,001111011001001010100101010001,0.4485714285714285,0.41992791635649546,0.5990000069141388,14,"[2, 3, 4, 5, 7, 8, 11, 14, 16, 18, 21, 23, 25, 29]",14,"[2, 3, 4, 5, 7, 8, 11, 14, 16, 18, 21, 23, 25, 29]",0,[],0.41992791635649546,0.04438526760454521,0.2106781137293222,22.529998217192148,0.5514285714285715,0.05046938775510205,0.22465392886638338,0.5514285714285715,0.05046938775510205,0.22465392886638338
2,4,2,010000001001111111000101000100,0.3833333333333333,0.4304653556707005,0.6340000033378601,12,"[1, 8, 11, 12, 13, 14, 15, 16, 17, 21, 23, 27]",12,"[1, 8, 11, 12, 13, 14, 15, 16, 17, 21, 23, 27]",0,[],0.4304653556707005,0.06187872793451966,0.24875435259411977,16.16064249184638,0.6166666666666667,0.028738888888888887,0.16952548153268548,0.6166666666666667,0.028738888888888887,0.16952548153268548
2,4,3,011101111100110000101000100010,0.4407142857142857,0.46068583748170305,0.5920000076293945,14,"[1, 2, 3, 5, 6, 7, 8, 9, 12, 13, 18, 20, 24, 28]",14,"[1, 2, 3, 5, 6, 7, 8, 9, 12, 13, 18, 20, 24, 28]",0,[],0.46068583748170305,0.08645058332114185,0.2940248005205375,11.567301938093989,0.5592857142857143,0.06112091836734694,0.24722645159316375,0.5592857142857143,0.06112091836734694,0.24722645159316375
2,4,4,111101101111010101110110000101,0.4547368421052631,0.4648406561464071,0.523499995470047,19,"[0, 1, 2, 3, 5, 6, 8, 9, 10, 11, 13, 15, 17, 18, 19, 21, 22, 27, 29]",19,"[0, 1, 2, 3, 5, 6, 8, 9, 10, 11, 13, 15, 17, 18, 19, 21, 22, 27, 29]",0,[],0.4648406561464071,0.06931919846832746,0.26328539357193265,14.426017930038656,0.5452631578947369,0.05040387811634348,0.2245080802918761,0.5452631578947369,0.05040387811634348,0.2245080802918761
2,4,5,010001010111110110001101000111,0.468125,0.377337068435736,0.5,16,"[1, 5, 7, 9, 10, 11, 12, 13, 15, 16, 20, 21, 23, 27, 28, 29]",16,"[1, 5, 7, 9, 10, 11, 12, 13, 15, 16, 20, 21, 23, 27, 28, 29]",0,[],0.377337068435736,0.061339043001462056,0.24766720211094173,16.302830156254057,0.531875,0.054165234375,0.23273425698637493,0.531875,0.054165234375,0.23273425698637493
2,4,6,010000101100001101000010001100,0.493,0.32121120411902665,0.664000004529953,10,"[1, 6, 8, 9, 14, 15, 17, 22, 26, 27]",10,"[1, 6, 8, 9, 14, 15, 17, 22, 26, 27]",0,[],0.32121120411902665,0.08678934588159615,0.2946003154811552,11.5221515940939,0.507,0.05134099999999999,0.22658552469211266,0.507,0.05134099999999999,0.22658552469211266
2,4,7,010000110101101111001111001101,0.5088235294117647,0.33913145619718466,0.6229999959468842,17,"[1, 6, 7, 9, 11, 12, 14, 15, 16, 17, 20, 21, 22, 23, 26, 27, 29]",17,"[1, 6, 7, 9, 11, 12, 14, 15, 16, 17, 20, 21, 22, 23, 26, 27, 29]",0,[],0.33913145619718466,0.07522688367295076,0.27427519697003366,13.293120107799558,0.49117647058823527,0.05113979238754325,0.22614108956035223,0.49117647058823527,0.05113979238754325,0.22614108956035223
2,4,8,111101001110011001110101110101,0.4547368421052632,0.4470874000536768,0.55799999833107,19,"[0, 1, 2, 3, 5, 8, 9, 10, 13, 14, 17, 18, 19, 21, 23, 24, 25, 27, 29]",19,"[0, 1, 2, 3, 5, 8, 9, 10, 13, 14, 17, 18, 19, 21, 23, 24, 25, 27, 29]",0,[],0.4470874000536768,0.047799299551006945,0.21863050919532467,20.920808660237658,0.5452631578947368,0.04931966759002769,0.22208031788077864,0.5452631578947368,0.04931966759002769,0.22208031788077864
2,4,9,011000010110011111011000000101,0.5107142857142858,0.36023249277578934,0.5264999866485596,14,"[1, 2, 7, 9, 10, 13, 14, 15, 16, 17, 19, 20, 27, 29]",14,"[1, 2, 7, 9, 10, 13, 14, 15, 16, 17, 19, 20, 27, 29]",0,[],0.36023249277578934,0.04893762864594002,0.22121850882315436,20.434173613824303,0.4892857142857142,0.04524948979591836,0.2127192746224901,0.4892857142857142,0.04524948979591836,0.2127192746224901
2,4,10,010000010110011001111011100111,0.5431250000000001,0.31141844764351845,0.5730000138282776,16,"[1, 7, 9, 10, 13, 14, 17, 18, 19, 20, 22, 23, 24, 27, 28, 29]",16,"[1, 7, 9, 10, 13, 14, 17, 18, 19, 20, 22, 23, 24, 27, 28, 29]",0,[],0.31141844764351845,0.05234335795016585,0.22878670842110965,19.104620703777975,0.456875,0.050208984375,0.22407361374110965,0.456875,0.050208984375,0.22407361374110965
2,4,11,010001001010010011001111100111,0.47,0.3495101273059845,0.5915000140666962,15,"[1, 5, 8, 10, 13, 16, 17, 20, 21, 22, 23, 24, 27, 28, 29]",15,"[1, 5, 8, 10, 13, 16, 17, 20, 21, 22, 23, 24, 27, 28, 29]",0,[],0.3495101273059845,0.05214283371969041,0.2283480538995032,19.178090806798163,0.53,0.055493333333333325,0.23557023015086886,0.53,0.055493333333333325,0.23557023015086886
2,4,12,010000001001100010101100000100,0.2899999999999999,0.4661106781827079,0.7229999899864197,9,"[1, 8, 11, 12, 16, 18, 20, 21, 27]",9,"[1, 8, 11, 12, 16, 18, 20, 21, 27]",0,[],0.4661106781827079,0.05048759596272137,0.22469445022679438,19.806845244490788,0.7100000000000001,0.017555555555555557,0.13249737942901194,0.7100000000000001,0.017555555555555557,0.13249737942901194
2,4,13,010001101001100010101100000101,0.3375,0.4745442507167657,0.7095000147819519,12,"[1, 5, 6, 8, 11, 12, 16, 18, 20, 21, 27, 29]",12,"[1, 5, 6, 8, 11, 12, 16, 18, 20, 21, 27, 29]",0,[],0.4745442507167657,0.06390699218061337,0.2527983231364745,15.647740034045242,0.6625,0.03658541666666667,0.19127314674743726,0.6625,0.03658541666666667,0.19127314674743726
2,4,14,011000001001111111000101000101,0.41214285714285714,0.4106831147468516,0.6389999985694885,14,"[1, 2, 8, 11, 12, 13, 14, 15, 16, 17, 21, 23, 27, 29]",14,"[1, 2, 8, 11, 12, 13, 14, 15, 16, 17, 21, 23, 27, 29]",0,[],0.4106831147468516,0.05870728335159725,0.24229585913010823,17.033661632935925,0.5878571428571429,0.0350454081632653,0.18720418842340386,0.5878571428571429,0.0350454081632653,0.18720418842340386
2,4,15,010000101101110110001010001110,0.45285714285714296,0.3821782141125628,0.5990000069141388,14,"[1, 6, 8, 9, 11, 12, 13, 15, 16, 20, 22, 26, 27, 28]",14,"[1, 6, 8, 9, 11, 12, 13, 15, 16, 20, 22, 26, 27, 28]",0,[],0.3821782141125628,0.0982574962232957,0.31346051780614365,10.177340543335681,0.547142857142857,0.04779183673469388,0.21861344134040314,0.547142857142857,0.04779183673469388,0.21861344134040314
2,4,16,111101001110011011110101110101,0.4624999999999999,0.4409095011651516,0.5564999878406525,20,"[0, 1, 2, 3, 5, 8, 9, 10, 13, 14, 16, 17, 18, 19, 21, 23, 24, 25, 27, 29]",20,"[0, 1, 2, 3, 5, 8, 9, 10, 13, 14, 16, 17, 18, 19, 21, 23, 24, 25, 27, 29]",0,[],0.4409095011651516,0.04613449683231658,0.21478942439588727,21.675753907854777,0.5375000000000001,0.04799875000000001,0.21908617026184013,0.5375000000000001,0.04799875000000001,0.21908617026184013
2,4,17,000001010110000010000011100111,0.6263636363636363,0.2691743455149911,0.7919999957084656,11,"[5, 7, 9, 10, 16, 22, 23, 24, 27, 28, 29]",11,"[5, 7, 9, 10, 16, 22, 23, 24, 27, 28, 29]",0,[],0.2691743455149911,0.037350476228848566,0.19326271298118675,26.773420340692343,0.37363636363636366,0.049623140495867774,0.2227625204020366,0.37363636363636366,0.049623140495867774,0.2227625204020366
2,4,18,010001010110011111011000000100,0.4715384615384616,0.3768673506207191,0.5399999916553497,13,"[1, 5, 7, 9, 10, 13, 14, 15, 16, 17, 19, 20, 27]",13,"[1, 5, 7, 9, 10, 13, 14, 15, 16, 17, 19, 20, 27]",0,[],0.3768673506207191,0.048622556191147005,0.22050522939637282,20.566586340478658,0.5284615384615384,0.05050532544378697,0.2247338991869873,0.5284615384615384,0.05050532544378697,0.2247338991869873
2,4,19,010001010110001101000101000111,0.5099999999999999,0.29992385681432027,0.5995000004768372,13,"[1, 5, 7, 9, 10, 14, 15, 17, 21, 23, 27, 28, 29]",13,"[1, 5, 7, 9, 10, 14, 15, 17, 21, 23, 27, 28, 29]",0,[],0.29992385681432027,0.043797154335793814,0.20927769669937074,22.83253364666061,0.4900000000000001,0.05367692307692308,0.23168280703781857,0.4900000000000001,0.05367692307692308,0.23168280703781857
2,4,20,010001001010110011001111100111,0.45625000000000004,0.38311917521059513,0.5699999928474426,16,"[1, 5, 8, 10, 12, 13, 16, 17, 20, 21, 22, 23, 24, 27, 28, 29]",16,"[1, 5, 8, 10, 12, 13, 16, 17, 20, 21, 22, 23, 24, 27, 28, 29]",0,[],0.38311917521059513,0.06582742812802593,0.2565685641851432,15.191236061283268,0.54375,0.05486093749999999,0.23422411810059182,0.54375,0.05486093749999999,0.23422411810059182
2,4,21,011000010110000010101000100010,0.546,0.2924312189221382,0.7269999980926514,10,"[1, 2, 7, 9, 10, 16, 18, 20, 24, 28]",10,"[1, 2, 7, 9, 10, 16, 18, 20, 24, 28]",0,[],0.2924312189221382,0.03199988021801665,0.1788851033988483,31.250116975030977,0.454,0.057024000000000005,0.2387969849055888,0.454,0.057024000000000005,0.2387969849055888
2,5,0,010000010110000011001111100111,0.5700000000000001,0.2890937828591892,0.695499986410141,14,"[1, 7, 9, 10, 16, 17, 20, 21, 22, 23, 24, 27, 28, 29]",14,"[1, 7, 9, 10, 16, 17, 20, 21, 22, 23, 24, 27, 28, 29]",0,[],0.2890937828591892,0.04039755066411511,0.20099141937932352,24.753976009943933,0.43,0.05521428571428571,0.23497720254162044,0.43,0.05521428571428571,0.23497720254162044
2,5,1,010000001001111111000101000100,0.3833333333333333,0.4304653556707005,0.6340000033378601,12,"[1, 8, 11, 12, 13, 14, 15, 16, 17, 21, 23, 27]",12,"[1, 8, 11, 12, 13, 14, 15, 16, 17, 21, 23, 27]",0,[],0.4304653556707005,0.06187872793451966,0.24875435259411977,16.16064249184638,0.6166666666666667,0.028738888888888887,0.16952548153268548,0.6166666666666667,0.028738888888888887,0.16952548153268548
2,5,2,011101111100110000101000100010,0.4407142857142857,0.46068583748170305,0.5920000076293945,14,"[1, 2, 3, 5, 6, 7, 8, 9, 12, 13, 18, 20, 24, 28]",14,"[1, 2, 3, 5, 6, 7, 8, 9, 12, 13, 18, 20, 24, 28]",0,[],0.46068583748170305,0.08645058332114185,0.2940248005205375,11.567301938093989,0.5592857142857143,0.06112091836734694,0.24722645159316375,0.5592857142857143,0.06112091836734694,0.24722645159316375
2,5,3,111101101111010101110110000101,0.4547368421052631,0.4648406561464071,0.523499995470047,19,"[0, 1, 2, 3, 5, 6, 8, 9, 10, 11, 13, 15, 17, 18, 19, 21, 22, 27, 29]",19,"[0, 1, 2, 3, 5, 6, 8, 9, 10, 11, 13, 15, 17, 18, 19, 21, 22, 27, 29]",0,[],0.4648406561464071,0.06931919846832746,0.26328539357193265,14.426017930038656,0.5452631578947369,0.05040387811634348,0.2245080802918761,0.5452631578947369,0.05040387811634348,0.2245080802918761
2,5,4,010001010111110110001101000111,0.468125,0.377337068435736,0.5,16,"[1, 5, 7, 9, 10, 11, 12, 13, 15, 16, 20, 21, 23, 27, 28, 29]",16,"[1, 5, 7, 9, 10, 11, 12, 13, 15, 16, 20, 21, 23, 27, 28, 29]",0,[],0.377337068435736,0.061339043001462056,0.24766720211094173,16.302830156254057,0.531875,0.054165234375,0.23273425698637493,0.531875,0.054165234375,0.23273425698637493
2,5,5,111101001110011001110101110101,0.4547368421052632,0.4470874000536768,0.55799999833107,19,"[0, 1, 2, 3, 5, 8, 9, 10, 13, 14, 17, 18, 19, 21, 23, 24, 25, 27, 29]",19,"[0, 1, 2, 3, 5, 8, 9, 10, 13, 14, 17, 18, 19, 21, 23, 24, 25, 27, 29]",0,[],0.4470874000536768,0.047799299551006945,0.21863050919532467,20.920808660237658,0.5452631578947368,0.04931966759002769,0.22208031788077864,0.5452631578947368,0.04931966759002769,0.22208031788077864
2,5,6,011000010110011111011000000101,0.5107142857142858,0.36023249277578934,0.5264999866485596,14,"[1, 2, 7, 9, 10, 13, 14, 15, 16, 17, 19, 20, 27, 29]",14,"[1, 2, 7, 9, 10, 13, 14, 15, 16, 17, 19, 20, 27, 29]",0,[],0.36023249277578934,0.04893762864594002,0.22121850882315436,20.434173613824303,0.4892857142857142,0.04524948979591836,0.2127192746224901,0.4892857142857142,0.04524948979591836,0.2127192746224901
2,5,7,010000010110011001111011100111,0.5431250000000001,0.31141844764351845,0.5730000138282776,16,"[1, 7, 9, 10, 13, 14, 17, 18, 19, 20, 22, 23, 24, 27, 28, 29]",16,"[1, 7, 9, 10, 13, 14, 17, 18, 19, 20, 22, 23, 24, 27, 28, 29]",0,[],0.31141844764351845,0.05234335795016585,0.22878670842110965,19.104620703777975,0.456875,0.050208984375,0.22407361374110965,0.456875,0.050208984375,0.22407361374110965
2,5,8,010000001001100010101100000100,0.2899999999999999,0.4661106781827079,0.7229999899864197,9,"[1, 8, 11, 12, 16, 18, 20, 21, 27]",9,"[1, 8, 11, 12, 16, 18, 20, 21, 27]",0,[],0.4661106781827079,0.05048759596272137,0.22469445022679438,19.806845244490788,0.7100000000000001,0.017555555555555557,0.13249737942901194,0.7100000000000001,0.017555555555555557,0.13249737942901194
2,5,9,010001101001100010101100000101,0.3375,0.4745442507167657,0.7095000147819519,12,"[1, 5, 6, 8, 11, 12, 16, 18, 20, 21, 27, 29]",12,"[1, 5, 6, 8, 11, 12, 16, 18, 20, 21, 27, 29]",0,[],0.4745442507167657,0.06390699218061337,0.2527983231364745,15.647740034045242,0.6625,0.03658541666666667,0.19127314674743726,0.6625,0.03658541666666667,0.19127314674743726
2,5,10,011000001001111111000101000101,0.41214285714285714,0.4106831147468516,0.6389999985694885,14,"[1, 2, 8, 11, 12, 13, 14, 15, 16, 17, 21, 23, 27, 29]",14,"[1, 2, 8, 11, 12, 13, 14, 15, 16, 17, 21, 23, 27, 29]",0,[],0.4106831147468516,0.05870728335159725,0.24229585913010823,17.033661632935925,0.5878571428571429,0.0350454081632653,0.18720418842340386,0.5878571428571429,0.0350454081632653,0.18720418842340386
2,5,11,010001010110011111011000000100,0.4715384615384616,0.3768673506207191,0.5399999916553497,13,"[1, 5, 7, 9, 10, 13, 14, 15, 16, 17, 19, 20, 27]",13,"[1, 5, 7, 9, 10, 13, 14, 15, 16, 17, 19, 20, 27]",0,[],0.3768673506207191,0.048622556191147005,0.22050522939637282,20.566586340478658,0.5284615384615384,0.05050532544378697,0.2247338991869873,0.5284615384615384,0.05050532544378697,0.2247338991869873
2,5,12,010001010110001101000101000111,0.5099999999999999,0.29992385681432027,0.5995000004768372,13,"[1, 5, 7, 9, 10, 14, 15, 17, 21, 23, 27, 28, 29]",13,"[1, 5, 7, 9, 10, 14, 15, 17, 21, 23, 27, 28, 29]",0,[],0.29992385681432027,0.043797154335793814,0.20927769669937074,22.83253364666061,0.4900000000000001,0.05367692307692308,0.23168280703781857,0.4900000000000001,0.05367692307692308,0.23168280703781857
2,5,13,010001001010110011001111100111,0.45625000000000004,0.38311917521059513,0.5699999928474426,16,"[1, 5, 8, 10, 12, 13, 16, 17, 20, 21, 22, 23, 24, 27, 28, 29]",16,"[1, 5, 8, 10, 12, 13, 16, 17, 20, 21, 22, 23, 24, 27, 28, 29]",0,[],0.38311917521059513,0.06582742812802593,0.2565685641851432,15.191236061283268,0.54375,0.05486093749999999,0.23422411810059182,0.54375,0.05486093749999999,0.23422411810059182
2,5,14,011000010110000010101000100010,0.546,0.2924312189221382,0.7269999980926514,10,"[1, 2, 7, 9, 10, 16, 18, 20, 24, 28]",10,"[1, 2, 7, 9, 10, 16, 18, 20, 24, 28]",0,[],0.2924312189221382,0.03199988021801665,0.1788851033988483,31.250116975030977,0.454,0.057024000000000005,0.2387969849055888,0.454,0.057024000000000005,0.2387969849055888
2,5,15,110001101001100010101100000110,0.3553846153846154,0.45212128873054797,0.7100000083446503,13,"[0, 1, 5, 6, 8, 11, 12, 16, 18, 20, 21, 27, 28]",13,"[0, 1, 5, 6, 8, 11, 12, 16, 18, 20, 21, 27, 28]",0,[],0.45212128873054797,0.0689539662419004,0.26259087235069767,14.502429004473168,0.6446153846153846,0.03831715976331361,0.1957476941455853,0.6446153846153846,0.03831715976331361,0.1957476941455853
2,5,16,011000001001011111011000000101,0.4046153846153847,0.3845061225673327,0.6410000026226044,13,"[1, 2, 8, 11, 13, 14, 15, 16, 17, 19, 20, 27, 29]",13,"[1, 2, 8, 11, 13, 14, 15, 16, 17, 19, 20, 27, 29]",0,[],0.3845061225673327,0.051234208227208436,0.22634974757487236,19.518209309789626,0.5953846153846153,0.03494792899408283,0.18694365192239834,0.5953846153846153,0.03494792899408283,0.18694365192239834
2,5,17,011000001000000001000101000101,0.395,0.394240727648139,0.7430000007152557,8,"[1, 2, 8, 17, 21, 23, 27, 29]",8,"[1, 2, 8, 17, 21, 23, 27, 29]",0,[],0.394240727648139,0.037143772546738,0.1927271972160079,26.922413407030753,0.605,0.044575,0.21112792330717411,0.605,0.044575,0.21112792330717411
2,5,18,010000011001001010100101100110,0.44666666666666655,0.31311914573113125,0.573500007390976,12,"[1, 7, 8, 11, 14, 16, 18, 21, 23, 24, 27, 28]",12,"[1, 7, 8, 11, 14, 16, 18, 21, 23, 24, 27, 28]",0,[],0.31311914573113125,0.0426340844854339,0.20648022783170764,23.455411604807743,0.5533333333333335,0.05673888888888889,0.23819926298981045,0.5533333333333335,0.05673888888888889,0.23819926298981045
2,5,19,011101101001111111000101000100,0.37625,0.48947294999379665,0.6714999973773956,16,"[1, 2, 3, 5, 6, 8, 11, 12, 13, 14, 15, 16, 17, 21, 23, 27]",16,"[1, 2, 3, 5, 6, 8, 11, 12, 13, 14, 15, 16, 17, 21, 23, 27]",0,[],0.48947294999379665,0.069536808417395,0.2636983284311734,14.380872846471405,0.62375,0.0259234375,0.16100756969782506,0.62375,0.0259234375,0.16100756969782506
2,5,20,010000010111110100001000100101,0.5166666666666666,0.37326974809790653,0.48500001430511475,12,"[1, 7, 9, 10, 11, 12, 13, 15, 20, 24, 27, 29]",12,"[1, 7, 9, 10, 11, 12, 13, 15, 20, 24, 27, 29]",0,[],0.37326974809790653,0.06510060880685874,0.2551482094917751,15.360839450316233,0.48333333333333334,0.06640555555555555,0.257692754177442,0.48333333333333334,0.06640555555555555,0.257692754177442
2,5,21,010000001001100011001100000100,0.3111111111111112,0.47778737710581887,0.7055000066757202,9,"[1, 8, 11, 12, 16, 17, 20, 21, 27]",9,"[1, 8, 11, 12, 16, 17, 20, 21, 27]",0,[],0.47778737710581887,0.04736548991959046,0.2176361411153728,21.112417536430844,0.6888888888888888,0.02492098765432099,0.15786382630077414,0.6888888888888888,0.02492098765432099,0.15786382630077414
2,5,22,010001010101101111001111001101,0.48764705882352943,0.31089616095756784,0.6225000023841858,17,"[1, 5, 7, 9, 11, 12, 14, 15, 16, 17, 20, 21, 22, 23, 26, 27, 29]",17,"[1, 5, 7, 9, 11, 12, 14, 15, 16, 17, 20, 21, 22, 23, 26, 27, 29]",0,[],0.31089616095756784,0.05518060342743179,0.23490552021489788,18.122309976459455,0.5123529411764706,0.058265051903114186,0.2413815483899177,0.5123529411764706,0.058265051903114186,0.2413815483899177
2,5,23,110000010010000011001010101101,0.6008333333333333,0.24371656899650893,0.6615000069141388,12,"[0, 1, 7, 10, 16, 17, 20, 22, 24, 26, 27, 29]",12,"[0, 1, 7, 10, 16, 17, 20, 22, 24, 26, 27, 29]",0,[],0.24371656899650893,0.029617178861419808,0.17209642315115037,33.76418816522153,0.39916666666666667,0.05515763888888889,0.23485663475594826,0.39916666666666667,0.05515763888888889,0.23485663475594826
2,5,24,000001010111111110000011100111,0.555625,0.3270641352282837,0.5665000081062317,16,"[5, 7, 9, 10, 11, 12, 13, 14, 15, 16, 22, 23, 24, 27, 28, 29]",16,"[5, 7, 9, 10, 11, 12, 13, 14, 15, 16, 22, 23, 24, 27, 28, 29]",0,[],0.3270641352282837,0.06464039699379721,0.25424475804585867,15.470202017725207,0.444375,0.050862109375,0.22552629419870313,0.444375,0.050862109375,0.22552629419870313
2,5,25,000000001001100010011111110000,0.4209090909090908,0.4666533673351461,0.5825000107288361,11,"[8, 11, 12, 16, 19, 20, 21, 22, 23, 24, 25]",11,"[8, 11, 12, 16, 19, 20, 21, 22, 23, 24, 25]",0,[],0.4666533673351461,0.07048401385722201,0.26548825559188494,14.187614258542071,0.5790909090909092,0.05371735537190083,0.23177004847887664,0.5790909090909092,0.05371735537190083,0.23177004847887664
2,5,26,010000010100110000101010100010,0.542,0.3093963608145714,0.5744999945163727,10,"[1, 7, 9, 12, 13, 18, 20, 22, 24, 28]",10,"[1, 7, 9, 12, 13, 18, 20, 22, 24, 28]",0,[],0.3093963608145714,0.07688835531015595,0.27728749576956396,13.005870602461867,0.458,0.07021599999999999,0.2649830183238163,0.458,0.07021599999999999,0.2649830183238163
2,5,27,011000010001100010101100000101,0.41181818181818186,0.383411399342797,0.7179999947547913,11,"[1, 2, 7, 11, 12, 16, 18, 20, 21, 27, 29]",11,"[1, 2, 7, 11, 12, 16, 18, 20, 21, 27, 29]",0,[],0.383411399342797,0.05004424233317153,0.22370570473989154,19.982318711960115,0.5881818181818181,0.05294214876033057,0.23009160949571927,0.5881818181818181,0.05294214876033057,0.23009160949571927
2,5,28,010001010110000010011011101111,0.5473333333333332,0.2815359344085058,0.7060000002384186,15,"[1, 5, 7, 9, 10, 16, 19, 20, 22, 23, 24, 26, 27, 28, 29]",15,"[1, 5, 7, 9, 10, 16, 19, 20, 22, 23, 24, 26, 27, 28, 29]",0,[],0.2815359344085058,0.051599486207858945,0.2271552029073051,19.380037932387268,0.4526666666666667,0.06133955555555556,0.247668236872546,0.4526666666666667,0.06133955555555556,0.247668236872546
2,5,29,010001010111110100001000110100,0.4553846153846154,0.4064337761642841,0.5209999978542328,13,"[1, 5, 7, 9, 10, 11, 12, 13, 15, 20, 24, 25, 27]",13,"[1, 5, 7, 9, 10, 11, 12, 13, 15, 20, 24, 25, 27]",0,[],0.4064337761642841,0.05644646882582952,0.2375846561245686,17.71590005188078,0.5446153846153846,0.06468639053254438,0.2543351932638194,0.5446153846153846,0.06468639053254438,0.2543351932638194
3,1,0,001000111111010010111011001110,0.49941176470588233,0.3041294548003113,0.5139999985694885,17,"[2, 6, 7, 8, 9, 10, 11, 13, 16, 18, 19, 20, 22, 23, 26, 27, 28]",17,"[2, 6, 7, 8, 9, 10, 11, 13, 16, 18, 19, 20, 22, 23, 26, 27, 28]",0,[],0.3041294548003113,0.09126970458522983,0.3021087628408515,10.956538147509573,0.5005882352941177,0.030134948096885817,0.1735942052514594,0.5005882352941177,0.030134948096885817,0.1735942052514594
3,1,1,000011001111111001111101110000,0.4341176470588236,0.39409442629446,0.6214999854564667,17,"[4, 5, 8, 9, 10, 11, 12, 13, 14, 17, 18, 19, 20, 21, 23, 24, 25]",17,"[4, 5, 8, 9, 10, 11, 12, 13, 14, 17, 18, 19, 20, 21, 23, 24, 25]",0,[],0.39409442629446,0.08326721278853152,0.2885605877255789,12.009528919139358,0.5658823529411764,0.032247750865051904,0.17957658774197682,0.5658823529411764,0.032247750865051904,0.17957658774197682
3,1,2,010000001001111111000101000100,0.4208333333333333,0.4003633150520424,0.5615000128746033,12,"[1, 8, 11, 12, 13, 14, 15, 16, 17, 21, 23, 27]",12,"[1, 8, 11, 12, 13, 14, 15, 16, 17, 21, 23, 27]",0,[],0.4003633150520424,0.11107978319255725,0.3332863381426806,9.002538277073299,0.5791666666666667,0.016374305555555555,0.12796212547295216,0.5791666666666667,0.016374305555555555,0.12796212547295216
3,1,3,001111101100001101000010001111,0.4866666666666666,0.14190553730974595,0.6965000033378601,15,"[2, 3, 4, 5, 6, 8, 9, 14, 15, 17, 22, 26, 27, 28, 29]",15,"[2, 3, 4, 5, 6, 8, 9, 14, 15, 17, 22, 26, 27, 28, 29]",0,[],0.14190553730974595,0.04796083632077163,0.21899962630281275,20.850345338263093,0.5133333333333334,0.03576888888888889,0.18912664774930288,0.5133333333333334,0.03576888888888889,0.18912664774930288
3,1,4,011101111100110000101000100010,0.4442857142857142,0.25152008015928523,0.5789999961853027,14,"[1, 2, 3, 5, 6, 7, 8, 9, 12, 13, 18, 20, 24, 28]",14,"[1, 2, 3, 5, 6, 7, 8, 9, 12, 13, 18, 20, 24, 28]",0,[],0.25152008015928523,0.09128482395286977,0.30213378485841297,10.954723432629926,0.5557142857142858,0.04435306122448979,0.21060166481889403,0.5557142857142858,0.04435306122448979,0.21060166481889403
3,1,5,111100001011010011000110100110,0.484,0.319183526871105,0.5220000147819519,15,"[0, 1, 2, 3, 8, 10, 11, 13, 16, 17, 21, 22, 24, 27, 28]",15,"[0, 1, 2, 3, 8, 10, 11, 13, 16, 17, 21, 22, 24, 27, 28]",0,[],0.319183526871105,0.10583977369393625,0.32533025327186565,9.44824393608177,0.516,0.033264,0.18238420984284798,0.516,0.033264,0.18238420984284798
3,1,6,111101101111010101110110000101,0.4521052631578947,0.2882151199308665,0.5379999876022339,19,"[0, 1, 2, 3, 5, 6, 8, 9, 10, 11, 13, 15, 17, 18, 19, 21, 22, 27, 29]",19,"[0, 1, 2, 3, 5, 6, 8, 9, 10, 11, 13, 15, 17, 18, 19, 21, 22, 27, 29]",0,[],0.2882151199308665,0.10257643336846174,0.3202755584937161,9.74882794382146,0.5478947368421053,0.03571135734072023,0.18897448859758884,0.5478947368421053,0.03571135734072023,0.18897448859758884
3,2,0,001000111111010010111011001110,0.49941176470588233,0.3041294548003113,0.5139999985694885,17,"[2, 6, 7, 8, 9, 10, 11, 13, 16, 18, 19, 20, 22, 23, 26, 27, 28]",17,"[2, 6, 7, 8, 9, 10, 11, 13, 16, 18, 19, 20, 22, 23, 26, 27, 28]",0,[],0.3041294548003113,0.09126970458522983,0.3021087628408515,10.956538147509573,0.5005882352941177,0.030134948096885817,0.1735942052514594,0.5005882352941177,0.030134948096885817,0.1735942052514594
3,2,1,000011001111111001111101110000,0.4341176470588236,0.39409442629446,0.6214999854564667,17,"[4, 5, 8, 9, 10, 11, 12, 13, 14, 17, 18, 19, 20, 21, 23, 24, 25]",17,"[4, 5, 8, 9, 10, 11, 12, 13, 14, 17, 18, 19, 20, 21, 23, 24, 25]",0,[],0.39409442629446,0.08326721278853152,0.2885605877255789,12.009528919139358,0.5658823529411764,0.032247750865051904,0.17957658774197682,0.5658823529411764,0.032247750865051904,0.17957658774197682
3,2,2,010000001001111111000101000100,0.4208333333333333,0.4003633150520424,0.5615000128746033,12,"[1, 8, 11, 12, 13, 14, 15, 16, 17, 21, 23, 27]",12,"[1, 8, 11, 12, 13, 14, 15, 16, 17, 21, 23, 27]",0,[],0.4003633150520424,0.11107978319255725,0.3332863381426806,9.002538277073299,0.5791666666666667,0.016374305555555555,0.12796212547295216,0.5791666666666667,0.016374305555555555,0.12796212547295216
3,2,3,001111101100001101000010001111,0.4866666666666666,0.14190553730974595,0.6965000033378601,15,"[2, 3, 4, 5, 6, 8, 9, 14, 15, 17, 22, 26, 27, 28, 29]",15,"[2, 3, 4, 5, 6, 8, 9, 14, 15, 17, 22, 26, 27, 28, 29]",0,[],0.14190553730974595,0.04796083632077163,0.21899962630281275,20.850345338263093,0.5133333333333334,0.03576888888888889,0.18912664774930288,0.5133333333333334,0.03576888888888889,0.18912664774930288
3,2,4,011101111100110000101000100010,0.4442857142857142,0.25152008015928523,0.5789999961853027,14,"[1, 2, 3, 5, 6, 7, 8, 9, 12, 13, 18, 20, 24, 28]",14,"[1, 2, 3, 5, 6, 7, 8, 9, 12, 13, 18, 20, 24, 28]",0,[],0.25152008015928523,0.09128482395286977,0.30213378485841297,10.954723432629926,0.5557142857142858,0.04435306122448979,0.21060166481889403,0.5557142857142858,0.04435306122448979,0.21060166481889403
3,2,5,111100001011010011000110100110,0.484,0.319183526871105,0.5220000147819519,15,"[0, 1, 2, 3, 8, 10, 11, 13, 16, 17, 21, 22, 24, 27, 28]",15,"[0, 1, 2, 3, 8, 10, 11, 13, 16, 17, 21, 22, 24, 27, 28]",0,[],0.319183526871105,0.10583977369393625,0.32533025327186565,9.44824393608177,0.516,0.033264,0.18238420984284798,0.516,0.033264,0.18238420984284798
3,2,6,111101101111010101110110000101,0.4521052631578947,0.2882151199308665,0.5379999876022339,19,"[0, 1, 2, 3, 5, 6, 8, 9, 10, 11, 13, 15, 17, 18, 19, 21, 22, 27, 29]",19,"[0, 1, 2, 3, 5, 6, 8, 9, 10, 11, 13, 15, 17, 18, 19, 21, 22, 27, 29]",0,[],0.2882151199308665,0.10257643336846174,0.3202755584937161,9.74882794382146,0.5478947368421053,0.03571135734072023,0.18897448859758884,0.5478947368421053,0.03571135734072023,0.18897448859758884
3,2,7,010001010111110110001111000011,0.505625,0.30445293826051056,0.5015000104904175,16,"[1, 5, 7, 9, 10, 11, 12, 13, 15, 16, 20, 21, 22, 23, 28, 29]",16,"[1, 5, 7, 9, 10, 11, 12, 13, 15, 16, 20, 21, 22, 23, 28, 29]",0,[],0.30445293826051056,0.10473875852797523,0.3236336795328558,9.547563996883778,0.494375,0.04139960937499999,0.20346893958292503,0.494375,0.04139960937499999,0.20346893958292503
3,2,8,111101100010010100110110000101,0.44799999999999995,0.23492708932608367,0.6100000143051147,15,"[0, 1, 2, 3, 5, 6, 10, 13, 15, 18, 19, 21, 22, 27, 29]",15,"[0, 1, 2, 3, 5, 6, 10, 13, 15, 18, 19, 21, 22, 27, 29]",0,[],0.23492708932608367,0.09311522021556917,0.30514786614946066,10.739382860126627,0.552,0.034896,0.18680471086136988,0.552,0.034896,0.18680471086136988
3,2,9,101101010110000100001000110000,0.5127272727272727,0.20669091094962574,0.5674999952316284,11,"[0, 2, 3, 5, 7, 9, 10, 15, 20, 24, 25]",11,"[0, 2, 3, 5, 7, 9, 10, 15, 20, 24, 25]",0,[],0.20669091094962574,0.06658456984356875,0.2580398609586681,15.018494560366792,0.4872727272727273,0.055365289256198345,0.2352982984558077,0.4872727272727273,0.055365289256198345,0.2352982984558077
3,2,10,101111101100001101000111001111,0.49555555555555564,0.18602580789269674,0.6895000040531158,18,"[0, 2, 3, 4, 5, 6, 8, 9, 14, 15, 17, 21, 22, 23, 26, 27, 28, 29]",18,"[0, 2, 3, 4, 5, 6, 8, 9, 14, 15, 17, 21, 22, 23, 26, 27, 28, 29]",0,[],0.18602580789269674,0.060697156571846635,0.24636792926809006,16.475236345154155,0.5044444444444444,0.03450246913580247,0.18574840278129573,0.5044444444444444,0.03450246913580247,0.18574840278129573
3,2,11,001111111100110000101010010101,0.47250000000000003,0.2187488116323948,0.5435000061988831,16,"[2, 3, 4, 5, 6, 7, 8, 9, 12, 13, 18, 20, 22, 25, 27, 29]",16,"[2, 3, 4, 5, 6, 7, 8, 9, 12, 13, 18, 20, 22, 25, 27, 29]",0,[],0.2187488116323948,0.07361831699750589,0.27132695589916217,13.583575946647612,0.5275,0.04416875,0.21016362672927016,0.5275,0.04416875,0.21016362672927016
3,2,12,000111011111111001111101110000,0.44947368421052636,0.3530606450513005,0.5710000097751617,19,"[3, 4, 5, 7, 8, 9, 10, 11, 12, 13, 14, 17, 18, 19, 20, 21, 23, 24, 25]",19,"[3, 4, 5, 7, 8, 9, 10, 11, 12, 13, 14, 17, 18, 19, 20, 21, 23, 24, 25]",0,[],0.3530606450513005,0.08881622065203659,0.2980205037443508,11.25920459864861,0.5505263157894736,0.037973407202216064,0.19486766587152438,0.5505263157894736,0.037973407202216064,0.19486766587152438
3,3,0,001000111111010010111011001110,0.49941176470588233,0.3041294548003113,0.5139999985694885,17,"[2, 6, 7, 8, 9, 10, 11, 13, 16, 18, 19, 20, 22, 23, 26, 27, 28]",17,"[2, 6, 7, 8, 9, 10, 11, 13, 16, 18, 19, 20, 22, 23, 26, 27, 28]",0,[],0.3041294548003113,0.09126970458522983,0.3021087628408515,10.956538147509573,0.5005882352941177,0.030134948096885817,0.1735942052514594,0.5005882352941177,0.030134948096885817,0.1735942052514594
3,3,1,010000001001111111000101000100,0.4208333333333333,0.4003633150520424,0.5615000128746033,12,"[1, 8, 11, 12, 13, 14, 15, 16, 17, 21, 23, 27]",12,"[1, 8, 11, 12, 13, 14, 15, 16, 17, 21, 23, 27]",0,[],0.4003633150520424,0.11107978319255725,0.3332863381426806,9.002538277073299,0.5791666666666667,0.016374305555555555,0.12796212547295216,0.5791666666666667,0.016374305555555555,0.12796212547295216
3,3,2,011101111100110000101000100010,0.4442857142857142,0.25152008015928523,0.5789999961853027,14,"[1, 2, 3, 5, 6, 7, 8, 9, 12, 13, 18, 20, 24, 28]",14,"[1, 2, 3, 5, 6, 7, 8, 9, 12, 13, 18, 20, 24, 28]",0,[],0.25152008015928523,0.09128482395286977,0.30213378485841297,10.954723432629926,0.5557142857142858,0.04435306122448979,0.21060166481889403,0.5557142857142858,0.04435306122448979,0.21060166481889403
3,3,3,111100001011010011000110100110,0.484,0.319183526871105,0.5220000147819519,15,"[0, 1, 2, 3, 8, 10, 11, 13, 16, 17, 21, 22, 24, 27, 28]",15,"[0, 1, 2, 3, 8, 10, 11, 13, 16, 17, 21, 22, 24, 27, 28]",0,[],0.319183526871105,0.10583977369393625,0.32533025327186565,9.44824393608177,0.516,0.033264,0.18238420984284798,0.516,0.033264,0.18238420984284798
3,3,4,111101101111010101110110000101,0.4521052631578947,0.2882151199308665,0.5379999876022339,19,"[0, 1, 2, 3, 5, 6, 8, 9, 10, 11, 13, 15, 17, 18, 19, 21, 22, 27, 29]",19,"[0, 1, 2, 3, 5, 6, 8, 9, 10, 11, 13, 15, 17, 18, 19, 21, 22, 27, 29]",0,[],0.2882151199308665,0.10257643336846174,0.3202755584937161,9.74882794382146,0.5478947368421053,0.03571135734072023,0.18897448859758884,0.5478947368421053,0.03571135734072023,0.18897448859758884
3,3,5,010001010111110110001111000011,0.505625,0.30445293826051056,0.5015000104904175,16,"[1, 5, 7, 9, 10, 11, 12, 13, 15, 16, 20, 21, 22, 23, 28, 29]",16,"[1, 5, 7, 9, 10, 11, 12, 13, 15, 16, 20, 21, 22, 23, 28, 29]",0,[],0.30445293826051056,0.10473875852797523,0.3236336795328558,9.547563996883778,0.494375,0.04139960937499999,0.20346893958292503,0.494375,0.04139960937499999,0.20346893958292503
3,3,6,111101100010010100110110000101,0.44799999999999995,0.23492708932608367,0.6100000143051147,15,"[0, 1, 2, 3, 5, 6, 10, 13, 15, 18, 19, 21, 22, 27, 29]",15,"[0, 1, 2, 3, 5, 6, 10, 13, 15, 18, 19, 21, 22, 27, 29]",0,[],0.23492708932608367,0.09311522021556917,0.30514786614946066,10.739382860126627,0.552,0.034896,0.18680471086136988,0.552,0.034896,0.18680471086136988
3,3,7,101101010110000100001000110000,0.5127272727272727,0.20669091094962574,0.5674999952316284,11,"[0, 2, 3, 5, 7, 9, 10, 15, 20, 24, 25]",11,"[0, 2, 3, 5, 7, 9, 10, 15, 20, 24, 25]",0,[],0.20669091094962574,0.06658456984356875,0.2580398609586681,15.018494560366792,0.4872727272727273,0.055365289256198345,0.2352982984558077,0.4872727272727273,0.055365289256198345,0.2352982984558077
3,3,8,101111101100001101000111001111,0.49555555555555564,0.18602580789269674,0.6895000040531158,18,"[0, 2, 3, 4, 5, 6, 8, 9, 14, 15, 17, 21, 22, 23, 26, 27, 28, 29]",18,"[0, 2, 3, 4, 5, 6, 8, 9, 14, 15, 17, 21, 22, 23, 26, 27, 28, 29]",0,[],0.18602580789269674,0.060697156571846635,0.24636792926809006,16.475236345154155,0.5044444444444444,0.03450246913580247,0.18574840278129573,0.5044444444444444,0.03450246913580247,0.18574840278129573
3,3,9,001111111100110000101010010101,0.47250000000000003,0.2187488116323948,0.5435000061988831,16,"[2, 3, 4, 5, 6, 7, 8, 9, 12, 13, 18, 20, 22, 25, 27, 29]",16,"[2, 3, 4, 5, 6, 7, 8, 9, 12, 13, 18, 20, 22, 25, 27, 29]",0,[],0.2187488116323948,0.07361831699750589,0.27132695589916217,13.583575946647612,0.5275,0.04416875,0.21016362672927016,0.5275,0.04416875,0.21016362672927016
3,3,10,000111011111111001111101110000,0.44947368421052636,0.3530606450513005,0.5710000097751617,19,"[3, 4, 5, 7, 8, 9, 10, 11, 12, 13, 14, 17, 18, 19, 20, 21, 23, 24, 25]",19,"[3, 4, 5, 7, 8, 9, 10, 11, 12, 13, 14, 17, 18, 19, 20, 21, 23, 24, 25]",0,[],0.3530606450513005,0.08881622065203659,0.2980205037443508,11.25920459864861,0.5505263157894736,0.037973407202216064,0.19486766587152438,0.5505263157894736,0.037973407202216064,0.19486766587152438
3,3,11,001101101100001101000010001111,0.47285714285714275,0.11512350936287216,0.695499986410141,14,"[2, 3, 5, 6, 8, 9, 14, 15, 17, 22, 26, 27, 28, 29]",14,"[2, 3, 5, 6, 8, 9, 14, 15, 17, 22, 26, 27, 28, 29]",0,[],0.11512350936287216,0.04062745502947697,0.20156253379404857,24.6138971607859,0.5271428571428572,0.03546326530612246,0.18831692782679538,0.5271428571428572,0.03546326530612246,0.18831692782679538
3,3,12,001111001001001010100100011101,0.42499999999999993,0.2685282038790839,0.6310000121593475,14,"[2, 3, 4, 5, 8, 11, 14, 16, 18, 21, 25, 26, 27, 29]",14,"[2, 3, 4, 5, 8, 11, 14, 16, 18, 21, 25, 26, 27, 29]",0,[],0.2685282038790839,0.07539950721868834,0.2745897070516088,13.262686148592527,0.5750000000000001,0.03195357142857143,0.17875561929229367,0.5750000000000001,0.03195357142857143,0.17875561929229367
3,3,13,010011001111110110001101000011,0.463125,0.36282755085267127,0.515500009059906,16,"[1, 4, 5, 8, 9, 10, 11, 12, 13, 15, 16, 20, 21, 23, 28, 29]",16,"[1, 4, 5, 8, 9, 10, 11, 12, 13, 15, 16, 20, 21, 23, 28, 29]",0,[],0.36282755085267127,0.09408820939062841,0.3067380142574904,10.628324276512423,0.536875,0.034871484375,0.18673908100609254,0.536875,0.034871484375,0.18673908100609254
3,3,14,000111111100110000101000010101,0.4614285714285715,0.24644206763644302,0.5679999887943268,14,"[3, 4, 5, 6, 7, 8, 9, 12, 13, 18, 20, 25, 27, 29]",14,"[3, 4, 5, 6, 7, 8, 9, 12, 13, 18, 20, 25, 27, 29]",0,[],0.24644206763644302,0.0779452964357584,0.2791868486081649,12.82951051221145,0.5385714285714285,0.04319795918367347,0.2078411874092175,0.5385714285714285,0.04319795918367347,0.2078411874092175
3,3,15,000001010111111001111101110001,0.47235294117647064,0.33883905010845733,0.5340000092983246,17,"[5, 7, 9, 10, 11, 12, 13, 14, 17, 18, 19, 20, 21, 23, 24, 25, 29]",17,"[5, 7, 9, 10, 11, 12, 13, 14, 17, 18, 19, 20, 21, 23, 24, 25, 29]",0,[],0.33883905010845733,0.09712716002664656,0.3116523063072798,10.295781321369356,0.5276470588235294,0.039853287197231836,0.19963288105227514,0.5276470588235294,0.039853287197231836,0.19963288105227514
3,3,16,101101010110010000001010110100,0.5146153846153846,0.17761135488175428,0.6074999868869781,13,"[0, 2, 3, 5, 7, 9, 10, 13, 20, 22, 24, 25, 27]",13,"[0, 2, 3, 5, 7, 9, 10, 13, 20, 22, 24, 25, 27]",0,[],0.17761135488175428,0.06101507772155345,0.2470123027736745,16.389391562583423,0.4853846153846154,0.052778698224852066,0.22973614914691173,0.4853846153846154,0.052778698224852066,0.22973614914691173
3,3,17,011101101001111111000101000100,0.391875,0.31055026419926435,0.5875000059604645,16,"[1, 2, 3, 5, 6, 8, 11, 12, 13, 14, 15, 16, 17, 21, 23, 27]",16,"[1, 2, 3, 5, 6, 8, 11, 12, 13, 14, 15, 16, 17, 21, 23, 27]",0,[],0.31055026419926435,0.10785991564339197,0.3284203337849104,9.27128483306268,0.608125,0.019015234375000002,0.13789573733440785,0.608125,0.019015234375000002,0.13789573733440785
3,3,18,111111011111010101110110000101,0.48250000000000004,0.29907441083341835,0.5295000076293945,20,"[0, 1, 2, 3, 4, 5, 7, 8, 9, 10, 11, 13, 15, 17, 18, 19, 21, 22, 27, 29]",20,"[0, 1, 2, 3, 4, 5, 7, 8, 9, 10, 11, 13, 15, 17, 18, 19, 21, 22, 27, 29]",0,[],0.29907441083341835,0.10025721781632205,0.3166342019054828,9.974344209631541,0.5175,0.04311875,0.20765054779605085,0.5175,0.04311875,0.20765054779605085
3,3,19,001111111100111000101010010101,0.4664705882352941,0.2083322149427498,0.5665000081062317,17,"[2, 3, 4, 5, 6, 7, 8, 9, 12, 13, 14, 18, 20, 22, 25, 27, 29]",17,"[2, 3, 4, 5, 6, 7, 8, 9, 12, 13, 14, 18, 20, 22, 25, 27, 29]",0,[],0.2083322149427498,0.07102391554787404,0.2665031248369783,14.0797644326712,0.5335294117647059,0.0421522491349481,0.2053101291581789,0.5335294117647059,0.0421522491349481,0.2053101291581789
3,3,20,001101101001001010100100010101,0.3976923076923077,0.23852124724250573,0.6665000021457672,13,"[2, 3, 5, 6, 8, 11, 14, 16, 18, 21, 25, 27, 29]",13,"[2, 3, 5, 6, 8, 11, 14, 16, 18, 21, 25, 27, 29]",0,[],0.23852124724250573,0.07942998720605822,0.28183326135511083,12.589703651919118,0.6023076923076923,0.027356213017751485,0.16539713727193553,0.6023076923076923,0.027356213017751485,0.16539713727193553
3,4,0,010000001001111111000101000100,0.4208333333333333,0.4003633150520424,0.5615000128746033,12,"[1, 8, 11, 12, 13, 14, 15, 16, 17, 21, 23, 27]",12,"[1, 8, 11, 12, 13, 14, 15, 16, 17, 21, 23, 27]",0,[],0.4003633150520424,0.11107978319255725,0.3332863381426806,9.002538277073299,0.5791666666666667,0.016374305555555555,0.12796212547295216,0.5791666666666667,0.016374305555555555,0.12796212547295216
3,4,1,011101111100110000101000100010,0.4442857142857142,0.25152008015928523,0.5789999961853027,14,"[1, 2, 3, 5, 6, 7, 8, 9, 12, 13, 18, 20, 24, 28]",14,"[1, 2, 3, 5, 6, 7, 8, 9, 12, 13, 18, 20, 24, 28]",0,[],0.25152008015928523,0.09128482395286977,0.30213378485841297,10.954723432629926,0.5557142857142858,0.04435306122448979,0.21060166481889403,0.5557142857142858,0.04435306122448979,0.21060166481889403
3,4,2,111101101111010101110110000101,0.4521052631578947,0.2882151199308665,0.5379999876022339,19,"[0, 1, 2, 3, 5, 6, 8, 9, 10, 11, 13, 15, 17, 18, 19, 21, 22, 27, 29]",19,"[0, 1, 2, 3, 5, 6, 8, 9, 10, 11, 13, 15, 17, 18, 19, 21, 22, 27, 29]",0,[],0.2882151199308665,0.10257643336846174,0.3202755584937161,9.74882794382146,0.5478947368421053,0.03571135734072023,0.18897448859758884,0.5478947368421053,0.03571135734072023,0.18897448859758884
3,4,3,111101100010010100110110000101,0.44799999999999995,0.23492708932608367,0.6100000143051147,15,"[0, 1, 2, 3, 5, 6, 10, 13, 15, 18, 19, 21, 22, 27, 29]",15,"[0, 1, 2, 3, 5, 6, 10, 13, 15, 18, 19, 21, 22, 27, 29]",0,[],0.23492708932608367,0.09311522021556917,0.30514786614946066,10.739382860126627,0.552,0.034896,0.18680471086136988,0.552,0.034896,0.18680471086136988
3,4,4,101101010110000100001000110000,0.5127272727272727,0.20669091094962574,0.5674999952316284,11,"[0, 2, 3, 5, 7, 9, 10, 15, 20, 24, 25]",11,"[0, 2, 3, 5, 7, 9, 10, 15, 20, 24, 25]",0,[],0.20669091094962574,0.06658456984356875,0.2580398609586681,15.018494560366792,0.4872727272727273,0.055365289256198345,0.2352982984558077,0.4872727272727273,0.055365289256198345,0.2352982984558077
3,4,5,001111111100110000101010010101,0.47250000000000003,0.2187488116323948,0.5435000061988831,16,"[2, 3, 4, 5, 6, 7, 8, 9, 12, 13, 18, 20, 22, 25, 27, 29]",16,"[2, 3, 4, 5, 6, 7, 8, 9, 12, 13, 18, 20, 22, 25, 27, 29]",0,[],0.2187488116323948,0.07361831699750589,0.27132695589916217,13.583575946647612,0.5275,0.04416875,0.21016362672927016,0.5275,0.04416875,0.21016362672927016
3,4,6,000111011111111001111101110000,0.44947368421052636,0.3530606450513005,0.5710000097751617,19,"[3, 4, 5, 7, 8, 9, 10, 11, 12, 13, 14, 17, 18, 19, 20, 21, 23, 24, 25]",19,"[3, 4, 5, 7, 8, 9, 10, 11, 12, 13, 14, 17, 18, 19, 20, 21, 23, 24, 25]",0,[],0.3530606450513005,0.08881622065203659,0.2980205037443508,11.25920459864861,0.5505263157894736,0.037973407202216064,0.19486766587152438,0.5505263157894736,0.037973407202216064,0.19486766587152438
3,4,7,001101101100001101000010001111,0.47285714285714275,0.11512350936287216,0.695499986410141,14,"[2, 3, 5, 6, 8, 9, 14, 15, 17, 22, 26, 27, 28, 29]",14,"[2, 3, 5, 6, 8, 9, 14, 15, 17, 22, 26, 27, 28, 29]",0,[],0.11512350936287216,0.04062745502947697,0.20156253379404857,24.6138971607859,0.5271428571428572,0.03546326530612246,0.18831692782679538,0.5271428571428572,0.03546326530612246,0.18831692782679538
3,4,8,001111001001001010100100011101,0.42499999999999993,0.2685282038790839,0.6310000121593475,14,"[2, 3, 4, 5, 8, 11, 14, 16, 18, 21, 25, 26, 27, 29]",14,"[2, 3, 4, 5, 8, 11, 14, 16, 18, 21, 25, 26, 27, 29]",0,[],0.2685282038790839,0.07539950721868834,0.2745897070516088,13.262686148592527,0.5750000000000001,0.03195357142857143,0.17875561929229367,0.5750000000000001,0.03195357142857143,0.17875561929229367
3,4,9,010011001111110110001101000011,0.463125,0.36282755085267127,0.515500009059906,16,"[1, 4, 5, 8, 9, 10, 11, 12, 13, 15, 16, 20, 21, 23, 28, 29]",16,"[1, 4, 5, 8, 9, 10, 11, 12, 13, 15, 16, 20, 21, 23, 28, 29]",0,[],0.36282755085267127,0.09408820939062841,0.3067380142574904,10.628324276512423,0.536875,0.034871484375,0.18673908100609254,0.536875,0.034871484375,0.18673908100609254
3,4,10,000111111100110000101000010101,0.4614285714285715,0.24644206763644302,0.5679999887943268,14,"[3, 4, 5, 6, 7, 8, 9, 12, 13, 18, 20, 25, 27, 29]",14,"[3, 4, 5, 6, 7, 8, 9, 12, 13, 18, 20, 25, 27, 29]",0,[],0.24644206763644302,0.0779452964357584,0.2791868486081649,12.82951051221145,0.5385714285714285,0.04319795918367347,0.2078411874092175,0.5385714285714285,0.04319795918367347,0.2078411874092175
3,4,11,101101010110010000001010110100,0.5146153846153846,0.17761135488175428,0.6074999868869781,13,"[0, 2, 3, 5, 7, 9, 10, 13, 20, 22, 24, 25, 27]",13,"[0, 2, 3, 5, 7, 9, 10, 13, 20, 22, 24, 25, 27]",0,[],0.17761135488175428,0.06101507772155345,0.2470123027736745,16.389391562583423,0.4853846153846154,0.052778698224852066,0.22973614914691173,0.4853846153846154,0.052778698224852066,0.22973614914691173
3,4,12,011101101001111111000101000100,0.391875,0.31055026419926435,0.5875000059604645,16,"[1, 2, 3, 5, 6, 8, 11, 12, 13, 14, 15, 16, 17, 21, 23, 27]",16,"[1, 2, 3, 5, 6, 8, 11, 12, 13, 14, 15, 16, 17, 21, 23, 27]",0,[],0.31055026419926435,0.10785991564339197,0.3284203337849104,9.27128483306268,0.608125,0.019015234375000002,0.13789573733440785,0.608125,0.019015234375000002,0.13789573733440785
3,4,13,001111111100111000101010010101,0.4664705882352941,0.2083322149427498,0.5665000081062317,17,"[2, 3, 4, 5, 6, 7, 8, 9, 12, 13, 14, 18, 20, 22, 25, 27, 29]",17,"[2, 3, 4, 5, 6, 7, 8, 9, 12, 13, 14, 18, 20, 22, 25, 27, 29]",0,[],0.2083322149427498,0.07102391554787404,0.2665031248369783,14.0797644326712,0.5335294117647059,0.0421522491349481,0.2053101291581789,0.5335294117647059,0.0421522491349481,0.2053101291581789
3,4,14,001101101001001010100100010101,0.3976923076923077,0.23852124724250573,0.6665000021457672,13,"[2, 3, 5, 6, 8, 11, 14, 16, 18, 21, 25, 27, 29]",13,"[2, 3, 5, 6, 8, 11, 14, 16, 18, 21, 25, 27, 29]",0,[],0.23852124724250573,0.07942998720605822,0.28183326135511083,12.589703651919118,0.6023076923076923,0.027356213017751485,0.16539713727193553,0.6023076923076923,0.027356213017751485,0.16539713727193553
3,4,15,000001001111111101000010001111,0.4773333333333333,0.236536033389469,0.5340000092983246,15,"[5, 8, 9, 10, 11, 12, 13, 14, 15, 17, 22, 26, 27, 28, 29]",15,"[5, 8, 9, 10, 11, 12, 13, 14, 15, 17, 22, 26, 27, 28, 29]",0,[],0.236536033389469,0.08679580986823732,0.2946112860503435,11.521293499283853,0.5226666666666667,0.03268622222222223,0.18079331354400865,0.5226666666666667,0.03268622222222223,0.18079331354400865
3,4,16,010001010111110100001111000011,0.4920000000000001,0.27474980081121125,0.4984999895095825,15,"[1, 5, 7, 9, 10, 11, 12, 13, 15, 20, 21, 22, 23, 28, 29]",15,"[1, 5, 7, 9, 10, 11, 12, 13, 15, 20, 21, 22, 23, 28, 29]",0,[],0.27474980081121125,0.09760492044052879,0.3124178619101808,10.245385124915966,0.5079999999999999,0.04118933333333333,0.20295155415353028,0.5079999999999999,0.04118933333333333,0.20295155415353028
3,4,17,001101101111001101000010001111,0.46875,0.17427295731613412,0.6344999969005585,16,"[2, 3, 5, 6, 8, 9, 10, 11, 14, 15, 17, 22, 26, 27, 28, 29]",16,"[2, 3, 5, 6, 8, 9, 10, 11, 14, 15, 17, 22, 26, 27, 28, 29]",0,[],0.17427295731613412,0.06413075345020552,0.2532405051531163,15.593142855813356,0.53125,0.0321609375,0.17933470801827514,0.53125,0.0321609375,0.17933470801827514
3,4,18,101101010110010000001010101100,0.5346153846153845,0.1676441332182059,0.6385000050067902,13,"[0, 2, 3, 5, 7, 9, 10, 13, 20, 22, 24, 26, 27]",13,"[0, 2, 3, 5, 7, 9, 10, 13, 20, 22, 24, 26, 27]",0,[],0.1676441332182059,0.05994013463545218,0.2448267441180644,16.683312543120984,0.46538461538461545,0.048994082840236694,0.22134607030674092,0.46538461538461545,0.048994082840236694,0.22134607030674092
3,4,19,011101101001110111110100011100,0.3877777777777778,0.35128322440303034,0.5774999856948853,18,"[1, 2, 3, 5, 6, 8, 11, 12, 13, 15, 16, 17, 18, 19, 21, 25, 26, 27]",18,"[1, 2, 3, 5, 6, 8, 11, 12, 13, 15, 16, 17, 18, 19, 21, 25, 26, 27]",0,[],0.35128322440303034,0.10776616233464786,0.32827756903975003,9.279350571051099,0.6122222222222222,0.019672839506172844,0.14025989985085846,0.6122222222222222,0.019672839506172844,0.14025989985085846
3,4,20,001101111000001001111101110000,0.41600000000000004,0.2818139453108112,0.6080000102519989,15,"[2, 3, 5, 6, 7, 8, 14, 17, 18, 19, 20, 21, 23, 24, 25]",15,"[2, 3, 5, 6, 7, 8, 14, 17, 18, 19, 20, 21, 23, 24, 25]",0,[],0.2818139453108112,0.08065682531426792,0.2840014530143603,12.398206799035808,0.584,0.03603733333333334,0.18983501608853234,0.584,0.03603733333333334,0.18983501608853234
3,4,21,001111101100010101000011001111,0.49187499999999995,0.15909298899350688,0.6509999930858612,16,"[2, 3, 4, 5, 6, 8, 9, 13, 15, 17, 22, 23, 26, 27, 28, 29]",16,"[2, 3, 4, 5, 6, 8, 9, 13, 15, 17, 22, 23, 26, 27, 28, 29]",0,[],0.15909298899350688,0.04995864768944219,0.22351431204610187,20.016554615655277,0.508125,0.032890234375,0.18135664965751877,0.508125,0.032890234375,0.18135664965751877
3,4,22,000111111100110100101010010101,0.485625,0.21597103378735483,0.5360000133514404,16,"[3, 4, 5, 6, 7, 8, 9, 12, 13, 15, 18, 20, 22, 25, 27, 29]",16,"[3, 4, 5, 6, 7, 8, 9, 12, 13, 15, 18, 20, 22, 25, 27, 29]",0,[],0.21597103378735483,0.07470241535680974,0.27331742600282505,13.386448018093992,0.514375,0.043274609375,0.20802550174197393,0.514375,0.043274609375,0.20802550174197393
3,4,23,000101001001001010100101000100,0.385,0.31735646091401576,0.652999997138977,10,"[3, 5, 8, 11, 14, 16, 18, 21, 23, 27]",10,"[3, 5, 8, 11, 14, 16, 18, 21, 23, 27]",0,[],0.31735646091401576,0.08614595995410226,0.2935063201263344,11.608205428702522,0.615,0.023945000000000004,0.15474172029546526,0.615,0.023945000000000004,0.15474172029546526
3,4,24,111101101111010100001010110101,0.46833333333333327,0.23747967230156064,0.5060000121593475,18,"[0, 1, 2, 3, 5, 6, 8, 9, 10, 11, 13, 15, 20, 22, 24, 25, 27, 29]",18,"[0, 1, 2, 3, 5, 6, 8, 9, 10, 11, 13, 15, 20, 22, 24, 25, 27, 29]",0,[],0.23747967230156064,0.08524746606363881,0.2919716870924967,11.730553952811706,0.5316666666666667,0.042491666666666664,0.20613506898794942,0.5316666666666667,0.042491666666666664,0.20613506898794942
3,4,25,001111101100001100100110011101,0.46375,0.1433305901591666,0.7715000063180923,16,"[2, 3, 4, 5, 6, 8, 9, 14, 15, 18, 21, 22, 25, 26, 27, 29]",16,"[2, 3, 4, 5, 6, 8, 9, 14, 15, 18, 21, 22, 25, 26, 27, 29]",0,[],0.1433305901591666,0.036461395247023354,0.19094867176030147,27.42626806311364,0.53625,0.036110937499999995,0.1900287807149222,0.53625,0.036110937499999995,0.1900287807149222
3,4,26,011101110010010100000101100100,0.45307692307692304,0.146145202864248,0.7195000052452087,13,"[1, 2, 3, 5, 6, 7, 10, 13, 15, 21, 23, 24, 27]",13,"[1, 2, 3, 5, 6, 7, 10, 13, 15, 21, 23, 24, 27]",0,[],0.146145202864248,0.05085508300969273,0.22551071595312877,19.663717780372217,0.546923076923077,0.037636686390532546,0.19400176903969857,0.546923076923077,0.037636686390532546,0.19400176903969857
3,5,0,010000001001111111000101000100,0.4208333333333333,0.4003633150520424,0.5615000128746033,12,"[1, 8, 11, 12, 13, 14, 15, 16, 17, 21, 23, 27]",12,"[1, 8, 11, 12, 13, 14, 15, 16, 17, 21, 23, 27]",0,[],0.4003633150520424,0.11107978319255725,0.3332863381426806,9.002538277073299,0.5791666666666667,0.016374305555555555,0.12796212547295216,0.5791666666666667,0.016374305555555555,0.12796212547295216
3,5,1,011101111100110000101000100010,0.4442857142857142,0.25152008015928523,0.5789999961853027,14,"[1, 2, 3, 5, 6, 7, 8, 9, 12, 13, 18, 20, 24, 28]",14,"[1, 2, 3, 5, 6, 7, 8, 9, 12, 13, 18, 20, 24, 28]",0,[],0.25152008015928523,0.09128482395286977,0.30213378485841297,10.954723432629926,0.5557142857142858,0.04435306122448979,0.21060166481889403,0.5557142857142858,0.04435306122448979,0.21060166481889403
3,5,2,111101101111010101110110000101,0.4521052631578947,0.2882151199308665,0.5379999876022339,19,"[0, 1, 2, 3, 5, 6, 8, 9, 10, 11, 13, 15, 17, 18, 19, 21, 22, 27, 29]",19,"[0, 1, 2, 3, 5, 6, 8, 9, 10, 11, 13, 15, 17, 18, 19, 21, 22, 27, 29]",0,[],0.2882151199308665,0.10257643336846174,0.3202755584937161,9.74882794382146,0.5478947368421053,0.03571135734072023,0.18897448859758884,0.5478947368421053,0.03571135734072023,0.18897448859758884
3,5,3,101101010110000100001000110000,0.5127272727272727,0.20669091094962574,0.5674999952316284,11,"[0, 2, 3, 5, 7, 9, 10, 15, 20, 24, 25]",11,"[0, 2, 3, 5, 7, 9, 10, 15, 20, 24, 25]",0,[],0.20669091094962574,0.06658456984356875,0.2580398609586681,15.018494560366792,0.4872727272727273,0.055365289256198345,0.2352982984558077,0.4872727272727273,0.055365289256198345,0.2352982984558077
3,5,4,001111111100110000101010010101,0.47250000000000003,0.2187488116323948,0.5435000061988831,16,"[2, 3, 4, 5, 6, 7, 8, 9, 12, 13, 18, 20, 22, 25, 27, 29]",16,"[2, 3, 4, 5, 6, 7, 8, 9, 12, 13, 18, 20, 22, 25, 27, 29]",0,[],0.2187488116323948,0.07361831699750589,0.27132695589916217,13.583575946647612,0.5275,0.04416875,0.21016362672927016,0.5275,0.04416875,0.21016362672927016
3,5,5,000111011111111001111101110000,0.44947368421052636,0.3530606450513005,0.5710000097751617,19,"[3, 4, 5, 7, 8, 9, 10, 11, 12, 13, 14, 17, 18, 19, 20, 21, 23, 24, 25]",19,"[3, 4, 5, 7, 8, 9, 10, 11, 12, 13, 14, 17, 18, 19, 20, 21, 23, 24, 25]",0,[],0.3530606450513005,0.08881622065203659,0.2980205037443508,11.25920459864861,0.5505263157894736,0.037973407202216064,0.19486766587152438,0.5505263157894736,0.037973407202216064,0.19486766587152438
3,5,6,001111001001001010100100011101,0.42499999999999993,0.2685282038790839,0.6310000121593475,14,"[2, 3, 4, 5, 8, 11, 14, 16, 18, 21, 25, 26, 27, 29]",14,"[2, 3, 4, 5, 8, 11, 14, 16, 18, 21, 25, 26, 27, 29]",0,[],0.2685282038790839,0.07539950721868834,0.2745897070516088,13.262686148592527,0.5750000000000001,0.03195357142857143,0.17875561929229367,0.5750000000000001,0.03195357142857143,0.17875561929229367
3,5,7,010011001111110110001101000011,0.463125,0.36282755085267127,0.515500009059906,16,"[1, 4, 5, 8, 9, 10, 11, 12, 13, 15, 16, 20, 21, 23, 28, 29]",16,"[1, 4, 5, 8, 9, 10, 11, 12, 13, 15, 16, 20, 21, 23, 28, 29]",0,[],0.36282755085267127,0.09408820939062841,0.3067380142574904,10.628324276512423,0.536875,0.034871484375,0.18673908100609254,0.536875,0.034871484375,0.18673908100609254
3,5,8,000111111100110000101000010101,0.4614285714285715,0.24644206763644302,0.5679999887943268,14,"[3, 4, 5, 6, 7, 8, 9, 12, 13, 18, 20, 25, 27, 29]",14,"[3, 4, 5, 6, 7, 8, 9, 12, 13, 18, 20, 25, 27, 29]",0,[],0.24644206763644302,0.0779452964357584,0.2791868486081649,12.82951051221145,0.5385714285714285,0.04319795918367347,0.2078411874092175,0.5385714285714285,0.04319795918367347,0.2078411874092175
3,5,9,011101101001111111000101000100,0.391875,0.31055026419926435,0.5875000059604645,16,"[1, 2, 3, 5, 6, 8, 11, 12, 13, 14, 15, 16, 17, 21, 23, 27]",16,"[1, 2, 3, 5, 6, 8, 11, 12, 13, 14, 15, 16, 17, 21, 23, 27]",0,[],0.31055026419926435,0.10785991564339197,0.3284203337849104,9.27128483306268,0.608125,0.019015234375000002,0.13789573733440785,0.608125,0.019015234375000002,0.13789573733440785
3,5,10,001111111100111000101010010101,0.4664705882352941,0.2083322149427498,0.5665000081062317,17,"[2, 3, 4, 5, 6, 7, 8, 9, 12, 13, 14, 18, 20, 22, 25, 27, 29]",17,"[2, 3, 4, 5, 6, 7, 8, 9, 12, 13, 14, 18, 20, 22, 25, 27, 29]",0,[],0.2083322149427498,0.07102391554787404,0.2665031248369783,14.0797644326712,0.5335294117647059,0.0421522491349481,0.2053101291581789,0.5335294117647059,0.0421522491349481,0.2053101291581789
3,5,11,001101101001001010100100010101,0.3976923076923077,0.23852124724250573,0.6665000021457672,13,"[2, 3, 5, 6, 8, 11, 14, 16, 18, 21, 25, 27, 29]",13,"[2, 3, 5, 6, 8, 11, 14, 16, 18, 21, 25, 27, 29]",0,[],0.23852124724250573,0.07942998720605822,0.28183326135511083,12.589703651919118,0.6023076923076923,0.027356213017751485,0.16539713727193553,0.6023076923076923,0.027356213017751485,0.16539713727193553
3,5,12,000001001111111101000010001111,0.4773333333333333,0.236536033389469,0.5340000092983246,15,"[5, 8, 9, 10, 11, 12, 13, 14, 15, 17, 22, 26, 27, 28, 29]",15,"[5, 8, 9, 10, 11, 12, 13, 14, 15, 17, 22, 26, 27, 28, 29]",0,[],0.236536033389469,0.08679580986823732,0.2946112860503435,11.521293499283853,0.5226666666666667,0.03268622222222223,0.18079331354400865,0.5226666666666667,0.03268622222222223,0.18079331354400865
3,5,13,010001010111110100001111000011,0.4920000000000001,0.27474980081121125,0.4984999895095825,15,"[1, 5, 7, 9, 10, 11, 12, 13, 15, 20, 21, 22, 23, 28, 29]",15,"[1, 5, 7, 9, 10, 11, 12, 13, 15, 20, 21, 22, 23, 28, 29]",0,[],0.27474980081121125,0.09760492044052879,0.3124178619101808,10.245385124915966,0.5079999999999999,0.04118933333333333,0.20295155415353028,0.5079999999999999,0.04118933333333333,0.20295155415353028
3,5,14,011101101001110111110100011100,0.3877777777777778,0.35128322440303034,0.5774999856948853,18,"[1, 2, 3, 5, 6, 8, 11, 12, 13, 15, 16, 17, 18, 19, 21, 25, 26, 27]",18,"[1, 2, 3, 5, 6, 8, 11, 12, 13, 15, 16, 17, 18, 19, 21, 25, 26, 27]",0,[],0.35128322440303034,0.10776616233464786,0.32827756903975003,9.279350571051099,0.6122222222222222,0.019672839506172844,0.14025989985085846,0.6122222222222222,0.019672839506172844,0.14025989985085846
3,5,15,001101111000001001111101110000,0.41600000000000004,0.2818139453108112,0.6080000102519989,15,"[2, 3, 5, 6, 7, 8, 14, 17, 18, 19, 20, 21, 23, 24, 25]",15,"[2, 3, 5, 6, 7, 8, 14, 17, 18, 19, 20, 21, 23, 24, 25]",0,[],0.2818139453108112,0.08065682531426792,0.2840014530143603,12.398206799035808,0.584,0.03603733333333334,0.18983501608853234,0.584,0.03603733333333334,0.18983501608853234
3,5,16,000111111100110100101010010101,0.485625,0.21597103378735483,0.5360000133514404,16,"[3, 4, 5, 6, 7, 8, 9, 12, 13, 15, 18, 20, 22, 25, 27, 29]",16,"[3, 4, 5, 6, 7, 8, 9, 12, 13, 15, 18, 20, 22, 25, 27, 29]",0,[],0.21597103378735483,0.07470241535680974,0.27331742600282505,13.386448018093992,0.514375,0.043274609375,0.20802550174197393,0.514375,0.043274609375,0.20802550174197393
3,5,17,000101001001001010100101000100,0.385,0.31735646091401576,0.652999997138977,10,"[3, 5, 8, 11, 14, 16, 18, 21, 23, 27]",10,"[3, 5, 8, 11, 14, 16, 18, 21, 23, 27]",0,[],0.31735646091401576,0.08614595995410226,0.2935063201263344,11.608205428702522,0.615,0.023945000000000004,0.15474172029546526,0.615,0.023945000000000004,0.15474172029546526
3,5,18,111101101111010100001010110101,0.46833333333333327,0.23747967230156064,0.5060000121593475,18,"[0, 1, 2, 3, 5, 6, 8, 9, 10, 11, 13, 15, 20, 22, 24, 25, 27, 29]",18,"[0, 1, 2, 3, 5, 6, 8, 9, 10, 11, 13, 15, 20, 22, 24, 25, 27, 29]",0,[],0.23747967230156064,0.08524746606363881,0.2919716870924967,11.730553952811706,0.5316666666666667,0.042491666666666664,0.20613506898794942,0.5316666666666667,0.042491666666666664,0.20613506898794942
3,5,19,011100110000010100000100000100,0.43999999999999995,0.10428803817679484,0.7360000014305115,9,"[1, 2, 3, 6, 7, 13, 15, 21, 27]",9,"[1, 2, 3, 6, 7, 13, 15, 21, 27]",0,[],0.10428803817679484,0.053399600090995696,0.23108353487645045,18.726732003534632,0.56,0.026711111111111113,0.1634353422950835,0.56,0.026711111111111113,0.1634353422950835
3,5,20,001101101100001100100100001111,0.4414285714285714,0.10966463453535523,0.6019999980926514,14,"[2, 3, 5, 6, 8, 9, 14, 15, 18, 21, 26, 27, 28, 29]",14,"[2, 3, 5, 6, 8, 9, 14, 15, 18, 21, 26, 27, 28, 29]",0,[],0.10966463453535523,0.028196704867173107,0.16791874483562907,35.465136962305486,0.5585714285714286,0.029340816326530617,0.1712916119561335,0.5585714285714286,0.029340816326530617,0.1712916119561335
3,5,21,010001111000001001110101010000,0.39,0.3543604650379469,0.5640000104904175,12,"[1, 5, 6, 7, 8, 14, 17, 18, 19, 21, 23, 25]",12,"[1, 5, 6, 7, 8, 14, 17, 18, 19, 21, 23, 25]",0,[],0.3543604650379469,0.08547781811769517,0.29236589766540005,11.698941573626636,0.61,0.0335,0.18303005217723128,0.61,0.0335,0.18303005217723128
3,5,22,001111101100001100100100010101,0.4357142857142857,0.15186979555125749,0.6004999876022339,14,"[2, 3, 4, 5, 6, 8, 9, 14, 15, 18, 21, 25, 27, 29]",14,"[2, 3, 4, 5, 6, 8, 9, 14, 15, 18, 21, 25, 27, 29]",0,[],0.15186979555125749,0.04021302481560542,0.20053185486501995,24.86756478990188,0.5642857142857143,0.0335530612244898,0.18317494704377507,0.5642857142857143,0.0335530612244898,0.18317494704377507
3,5,23,001111101001001100100100011101,0.4166666666666665,0.20195965692400933,0.6365000009536743,15,"[2, 3, 4, 5, 6, 8, 11, 14, 15, 18, 21, 25, 26, 27, 29]",15,"[2, 3, 4, 5, 6, 8, 11, 14, 15, 18, 21, 25, 26, 27, 29]",0,[],0.20195965692400933,0.05941207357134521,0.24374592011220456,16.831595665469347,0.5833333333333335,0.025462222222222223,0.1595688635737631,0.5833333333333335,0.025462222222222223,0.1595688635737631
3,5,24,001101101000010010000100010101,0.4,0.15895001505586234,0.6380000114440918,11,"[2, 3, 5, 6, 8, 13, 16, 21, 25, 27, 29]",11,"[2, 3, 5, 6, 8, 13, 16, 21, 25, 27, 29]",0,[],0.15895001505586234,0.05229017394207893,0.22867044833576317,19.12405189372071,0.6,0.03152727272727273,0.1775592090748118,0.6,0.03152727272727273,0.1775592090748118
3,5,25,011101101001110111110101111100,0.41400000000000003,0.33884929642081263,0.5870000123977661,20,"[1, 2, 3, 5, 6, 8, 11, 12, 13, 15, 16, 17, 18, 19, 21, 23, 24, 25, 26, 27]",20,"[1, 2, 3, 5, 6, 8, 11, 12, 13, 15, 16, 17, 18, 19, 21, 23, 24, 25, 26, 27]",0,[],0.33884929642081263,0.10244633358850766,0.32007238804449795,9.761208283125704,0.586,0.025854000000000005,0.1607917908352289,0.586,0.025854000000000005,0.1607917908352289
3,5,26,001001001001001010100101000100,0.3869999999999999,0.3218009054660797,0.6520000100135803,10,"[2, 5, 8, 11, 14, 16, 18, 21, 23, 27]",10,"[2, 5, 8, 11, 14, 16, 18, 21, 23, 27]",0,[],0.3218009054660797,0.08350279135294641,0.288968495433233,11.975647565759067,0.6130000000000001,0.023721000000000003,0.1540162329106903,0.6130000000000001,0.023721000000000003,0.1540162329106903
3,5,27,001101101100010110110110000111,0.4624999999999999,0.1823263193364255,0.5764999985694885,16,"[2, 3, 5, 6, 8, 9, 13, 15, 16, 18, 19, 21, 22, 27, 28, 29]",16,"[2, 3, 5, 6, 8, 9, 13, 15, 16, 18, 19, 21, 22, 27, 28, 29]",0,[],0.1823263193364255,0.07542256327069637,0.27463168657439435,13.258631855442735,0.5375000000000001,0.037181250000000006,0.19282440198273662,0.5375000000000001,0.037181250000000006,0.19282440198273662
3,5,28,000101001001101100001001000100,0.356,0.3223711926490068,0.6074999868869781,10,"[3, 5, 8, 11, 12, 14, 15, 20, 23, 27]",10,"[3, 5, 8, 11, 12, 14, 15, 20, 23, 27]",0,[],0.3223711926490068,0.09987081143555845,0.3160234349467749,10.012935567718392,0.644,0.014484000000000002,0.12034949106664308,0.644,0.014484000000000002,0.12034949106664308
3,5,29,001000010111110100001111000101,0.52,0.2325834043856178,0.5189999938011169,14,"[2, 7, 9, 10, 11, 12, 13, 15, 20, 21, 22, 23, 27, 29]",14,"[2, 7, 9, 10, 11, 12, 13, 15, 20, 21, 22, 23, 27, 29]",0,[],0.2325834043856178,0.0899625589879823,0.2999375918220027,11.115735382022487,0.48000000000000004,0.03031428571428572,0.17410998166183844,0.48000000000000004,0.03031428571428572,0.17410998166183844
4,1,0,001000111111010010111011001110,0.4935294117647059,0.4169407731250805,0.5090000033378601,17,"[2, 6, 7, 8, 9, 10, 11, 13, 16, 18, 19, 20, 22, 23, 26, 27, 28]",17,"[2, 6, 7, 8, 9, 10, 11, 13, 16, 18, 19, 20, 22, 23, 26, 27, 28]",0,[],0.4169407731250805,0.10386219715934884,0.3222765848760174,9.62814216673817,0.5064705882352941,0.023740484429065744,0.15407947439248923,0.5064705882352941,0.023740484429065744,0.15407947439248923
4,1,1,000011001111111001111101110000,0.4458823529411764,0.5500065160586554,0.6245000064373016,17,"[4, 5, 8, 9, 10, 11, 12, 13, 14, 17, 18, 19, 20, 21, 23, 24, 25]",17,"[4, 5, 8, 9, 10, 11, 12, 13, 14, 17, 18, 19, 20, 21, 23, 24, 25]",0,[],0.5500065160586554,0.07612076677726179,0.2758999216695463,13.13701953273955,0.5541176470588236,0.02430657439446367,0.15590565863516204,0.5541176470588236,0.02430657439446367,0.15590565863516204
4,1,2,110100011100011001100111010001,0.498,0.41426394395530225,0.5600000023841858,15,"[0, 1, 3, 7, 8, 9, 13, 14, 17, 18, 21, 22, 23, 25, 29]",15,"[0, 1, 3, 7, 8, 9, 13, 14, 17, 18, 21, 22, 23, 25, 29]",0,[],0.41426394395530225,0.07752038527168681,0.27842482876296576,12.89983268910862,0.502,0.03322933333333334,0.18228914760164233,0.502,0.03322933333333334,0.18228914760164233
4,1,3,101101010110000100001010110100,0.5315384615384615,0.27162473218945354,0.7900000065565109,13,"[0, 2, 3, 5, 7, 9, 10, 15, 20, 22, 24, 25, 27]",13,"[0, 2, 3, 5, 7, 9, 10, 15, 20, 22, 24, 25, 27]",0,[],0.27162473218945354,0.05241767306501342,0.22894906216233651,19.07753514276958,0.46846153846153843,0.03727455621301776,0.1930661964534904,0.46846153846153843,0.03727455621301776,0.1930661964534904
4,1,4,001111101100001101000010001111,0.4966666666666666,0.27923242300748824,0.6665000021457672,15,"[2, 3, 4, 5, 6, 8, 9, 14, 15, 17, 22, 26, 27, 28, 29]",15,"[2, 3, 4, 5, 6, 8, 9, 14, 15, 17, 22, 26, 27, 28, 29]",0,[],0.27923242300748824,0.07771443171428279,0.2787730828367093,12.867622884723668,0.5033333333333334,0.022568888888888895,0.1502294541323002,0.5033333333333334,0.022568888888888895,0.1502294541323002
4,1,5,110101101110100110101010001101,0.5011764705882353,0.38962724388522263,0.5909999907016754,17,"[0, 1, 3, 5, 6, 8, 9, 10, 12, 15, 16, 18, 20, 22, 26, 27, 29]",17,"[0, 1, 3, 5, 6, 8, 9, 10, 12, 15, 16, 18, 20, 22, 26, 27, 29]",0,[],0.38962724388522263,0.0863024865757825,0.2937728486020832,11.587151653178575,0.4988235294117647,0.025786851211072666,0.1605828484336751,0.4988235294117647,0.025786851211072666,0.1605828484336751
4,1,6,011101111100110000101000100010,0.44785714285714284,0.4139198533126286,0.5819999873638153,14,"[1, 2, 3, 5, 6, 7, 8, 9, 12, 13, 18, 20, 24, 28]",14,"[1, 2, 3, 5, 6, 7, 8, 9, 12, 13, 18, 20, 24, 28]",0,[],0.4139198533126286,0.07495861885184552,0.2737857170340438,13.34069404315578,0.5521428571428572,0.03127397959183673,0.17684450681838193,0.5521428571428572,0.03127397959183673,0.17684450681838193
4,1,7,011000110101010111001001000101,0.5192857142857142,0.38412498509777443,0.5464999973773956,14,"[1, 2, 6, 7, 9, 11, 13, 15, 16, 17, 20, 23, 27, 29]",14,"[1, 2, 6, 7, 9, 11, 13, 15, 16, 17, 20, 23, 27, 29]",0,[],0.38412498509777443,0.09017893071048962,0.3002980697748316,11.089064730767316,0.48071428571428576,0.02694948979591837,0.16416299764538406,0.48071428571428576,0.02694948979591837,0.16416299764538406
4,1,8,111100001011010011000110100110,0.474,0.4238976047684749,0.5290000140666962,15,"[0, 1, 2, 3, 8, 10, 11, 13, 16, 17, 21, 22, 24, 27, 28]",15,"[0, 1, 2, 3, 8, 10, 11, 13, 16, 17, 21, 22, 24, 27, 28]",0,[],0.4238976047684749,0.07850418518102295,0.28018598319870136,12.738174374959732,0.526,0.025344,0.1591979899370592,0.526,0.025344,0.1591979899370592
4,1,9,111101101111010101110110000101,0.44947368421052636,0.42949306396277326,0.5525000095367432,19,"[0, 1, 2, 3, 5, 6, 8, 9, 10, 11, 13, 15, 17, 18, 19, 21, 22, 27, 29]",19,"[0, 1, 2, 3, 5, 6, 8, 9, 10, 11, 13, 15, 17, 18, 19, 21, 22, 27, 29]",0,[],0.42949306396277326,0.09214119788537549,0.3035476863449555,10.852908611455316,0.5505263157894736,0.028847091412742384,0.16984431522056423,0.5505263157894736,0.028847091412742384,0.16984431522056423
4,1,10,001000100010010010001000000010,0.4471428571428572,0.40657938005668776,0.5985000133514404,7,"[2, 6, 10, 13, 16, 20, 28]",7,"[2, 6, 10, 13, 16, 20, 28]",0,[],0.40657938005668776,0.033025422002585,0.18172897953431918,30.27970391784023,0.5528571428571428,0.0110204081632653,0.10497813183356475,0.5528571428571428,0.0110204081632653,0.10497813183356475
4,1,11,010001010111110110001101000011,0.4986666666666667,0.40635304612418016,0.5270000100135803,15,"[1, 5, 7, 9, 10, 11, 12, 13, 15, 16, 20, 21, 23, 28, 29]",15,"[1, 5, 7, 9, 10, 11, 12, 13, 15, 16, 20, 21, 23, 28, 29]",0,[],0.40635304612418016,0.08900393173639227,0.2983352673359157,11.235458709416948,0.5013333333333333,0.030718222222222223,0.17526614682311648,0.5013333333333333,0.030718222222222223,0.17526614682311648
4,1,12,000000110001101111001110101100,0.5421428571428573,0.3751354989196573,0.6274999976158142,14,"[6, 7, 11, 12, 14, 15, 16, 17, 20, 21, 22, 24, 26, 27]",14,"[6, 7, 11, 12, 14, 15, 16, 17, 20, 21, 22, 24, 26, 27]",0,[],0.3751354989196573,0.10671680968169876,0.32667538885214287,9.37059496983345,0.4578571428571428,0.018702551020408163,0.13675727044807587,0.4578571428571428,0.018702551020408163,0.13675727044807587
4,1,13,110111011100111000000010001000,0.5007692307692307,0.3843678907992748,0.5945000052452087,13,"[0, 1, 3, 4, 5, 7, 8, 9, 12, 13, 14, 22, 26]",13,"[0, 1, 3, 4, 5, 7, 8, 9, 12, 13, 14, 22, 26]",0,[],0.3843678907992748,0.08100203238163309,0.2846085599233324,12.34536925306514,0.49923076923076926,0.035314792899408295,0.1879223054866247,0.49923076923076926,0.035314792899408295,0.1879223054866247
4,2,0,001000111111010010111011001110,0.4935294117647059,0.4169407731250805,0.5090000033378601,17,"[2, 6, 7, 8, 9, 10, 11, 13, 16, 18, 19, 20, 22, 23, 26, 27, 28]",17,"[2, 6, 7, 8, 9, 10, 11, 13, 16, 18, 19, 20, 22, 23, 26, 27, 28]",0,[],0.4169407731250805,0.10386219715934884,0.3222765848760174,9.62814216673817,0.5064705882352941,0.023740484429065744,0.15407947439248923,0.5064705882352941,0.023740484429065744,0.15407947439248923
4,2,1,101101010110000100001010110100,0.5315384615384615,0.27162473218945354,0.7900000065565109,13,"[0, 2, 3, 5, 7, 9, 10, 15, 20, 22, 24, 25, 27]",13,"[0, 2, 3, 5, 7, 9, 10, 15, 20, 22, 24, 25, 27]",0,[],0.27162473218945354,0.05241767306501342,0.22894906216233651,19.07753514276958,0.46846153846153843,0.03727455621301776,0.1930661964534904,0.46846153846153843,0.03727455621301776,0.1930661964534904
4,2,2,001111101100001101000010001111,0.4966666666666666,0.27923242300748824,0.6665000021457672,15,"[2, 3, 4, 5, 6, 8, 9, 14, 15, 17, 22, 26, 27, 28, 29]",15,"[2, 3, 4, 5, 6, 8, 9, 14, 15, 17, 22, 26, 27, 28, 29]",0,[],0.27923242300748824,0.07771443171428279,0.2787730828367093,12.867622884723668,0.5033333333333334,0.022568888888888895,0.1502294541323002,0.5033333333333334,0.022568888888888895,0.1502294541323002
4,2,3,110101101110100110101010001101,0.5011764705882353,0.38962724388522263,0.5909999907016754,17,"[0, 1, 3, 5, 6, 8, 9, 10, 12, 15, 16, 18, 20, 22, 26, 27, 29]",17,"[0, 1, 3, 5, 6, 8, 9, 10, 12, 15, 16, 18, 20, 22, 26, 27, 29]",0,[],0.38962724388522263,0.0863024865757825,0.2937728486020832,11.587151653178575,0.4988235294117647,0.025786851211072666,0.1605828484336751,0.4988235294117647,0.025786851211072666,0.1605828484336751
4,2,4,011101111100110000101000100010,0.44785714285714284,0.4139198533126286,0.5819999873638153,14,"[1, 2, 3, 5, 6, 7, 8, 9, 12, 13, 18, 20, 24, 28]",14,"[1, 2, 3, 5, 6, 7, 8, 9, 12, 13, 18, 20, 24, 28]",0,[],0.4139198533126286,0.07495861885184552,0.2737857170340438,13.34069404315578,0.5521428571428572,0.03127397959183673,0.17684450681838193,0.5521428571428572,0.03127397959183673,0.17684450681838193
4,2,5,011000110101010111001001000101,0.5192857142857142,0.38412498509777443,0.5464999973773956,14,"[1, 2, 6, 7, 9, 11, 13, 15, 16, 17, 20, 23, 27, 29]",14,"[1, 2, 6, 7, 9, 11, 13, 15, 16, 17, 20, 23, 27, 29]",0,[],0.38412498509777443,0.09017893071048962,0.3002980697748316,11.089064730767316,0.48071428571428576,0.02694948979591837,0.16416299764538406,0.48071428571428576,0.02694948979591837,0.16416299764538406
4,2,6,111100001011010011000110100110,0.474,0.4238976047684749,0.5290000140666962,15,"[0, 1, 2, 3, 8, 10, 11, 13, 16, 17, 21, 22, 24, 27, 28]",15,"[0, 1, 2, 3, 8, 10, 11, 13, 16, 17, 21, 22, 24, 27, 28]",0,[],0.4238976047684749,0.07850418518102295,0.28018598319870136,12.738174374959732,0.526,0.025344,0.1591979899370592,0.526,0.025344,0.1591979899370592
4,2,7,111101101111010101110110000101,0.44947368421052636,0.42949306396277326,0.5525000095367432,19,"[0, 1, 2, 3, 5, 6, 8, 9, 10, 11, 13, 15, 17, 18, 19, 21, 22, 27, 29]",19,"[0, 1, 2, 3, 5, 6, 8, 9, 10, 11, 13, 15, 17, 18, 19, 21, 22, 27, 29]",0,[],0.42949306396277326,0.09214119788537549,0.3035476863449555,10.852908611455316,0.5505263157894736,0.028847091412742384,0.16984431522056423,0.5505263157894736,0.028847091412742384,0.16984431522056423
4,2,8,001000100010010010001000000010,0.4471428571428572,0.40657938005668776,0.5985000133514404,7,"[2, 6, 10, 13, 16, 20, 28]",7,"[2, 6, 10, 13, 16, 20, 28]",0,[],0.40657938005668776,0.033025422002585,0.18172897953431918,30.27970391784023,0.5528571428571428,0.0110204081632653,0.10497813183356475,0.5528571428571428,0.0110204081632653,0.10497813183356475
4,2,9,010001010111110110001101000011,0.4986666666666667,0.40635304612418016,0.5270000100135803,15,"[1, 5, 7, 9, 10, 11, 12, 13, 15, 16, 20, 21, 23, 28, 29]",15,"[1, 5, 7, 9, 10, 11, 12, 13, 15, 16, 20, 21, 23, 28, 29]",0,[],0.40635304612418016,0.08900393173639227,0.2983352673359157,11.235458709416948,0.5013333333333333,0.030718222222222223,0.17526614682311648,0.5013333333333333,0.030718222222222223,0.17526614682311648
4,2,10,110111011100111000000010001000,0.5007692307692307,0.3843678907992748,0.5945000052452087,13,"[0, 1, 3, 4, 5, 7, 8, 9, 12, 13, 14, 22, 26]",13,"[0, 1, 3, 4, 5, 7, 8, 9, 12, 13, 14, 22, 26]",0,[],0.3843678907992748,0.08100203238163309,0.2846085599233324,12.34536925306514,0.49923076923076926,0.035314792899408295,0.1879223054866247,0.49923076923076926,0.035314792899408295,0.1879223054866247
4,2,11,000000111111010010111010101100,0.5186666666666666,0.4101834000398715,0.5214999914169312,15,"[6, 7, 8, 9, 10, 11, 13, 16, 18, 19, 20, 22, 24, 26, 27]",15,"[6, 7, 8, 9, 10, 11, 13, 16, 18, 19, 20, 22, 24, 26, 27]",0,[],0.4101834000398715,0.10820183271843627,0.32894046987021264,9.241987634370377,0.4813333333333334,0.026531555555555565,0.16288509924347153,0.4813333333333334,0.026531555555555565,0.16288509924347153
4,2,12,001000001011010011001110100110,0.4807692307692307,0.41659736475692344,0.5674999952316284,13,"[2, 8, 10, 11, 13, 16, 17, 20, 21, 22, 24, 27, 28]",13,"[2, 8, 10, 11, 13, 16, 17, 20, 21, 22, 24, 27, 28]",0,[],0.41659736475692344,0.09081398944389343,0.3013535953724353,11.011519327843411,0.5192307692307693,0.019284023668639055,0.13886692791532135,0.5192307692307693,0.019284023668639055,0.13886692791532135
4,2,13,001111101100001101011010001111,0.47705882352941176,0.3404100716990583,0.6890000104904175,17,"[2, 3, 4, 5, 6, 8, 9, 14, 15, 17, 19, 20, 22, 26, 27, 28, 29]",17,"[2, 3, 4, 5, 6, 8, 9, 14, 15, 17, 19, 20, 22, 26, 27, 28, 29]",0,[],0.3404100716990583,0.10138344254038452,0.3184076672135653,9.863543542641743,0.5229411764705882,0.024785467128027688,0.15743400880377686,0.5229411764705882,0.024785467128027688,0.15743400880377686
4,2,14,100101010110001010110100001000,0.4899999999999999,0.4076033119733135,0.5349999964237213,12,"[0, 3, 5, 7, 9, 10, 14, 16, 18, 19, 21, 26]",12,"[0, 3, 5, 7, 9, 10, 14, 16, 18, 19, 21, 26]",0,[],0.4076033119733135,0.06987317133710035,0.2643353387973321,14.311644667959031,0.5100000000000001,0.03511666666666667,0.1873944147157718,0.5100000000000001,0.03511666666666667,0.1873944147157718
4,2,15,011101100010010001101000100010,0.4108333333333334,0.4232266653950016,0.5940000116825104,12,"[1, 2, 3, 5, 6, 10, 13, 17, 18, 20, 24, 28]",12,"[1, 2, 3, 5, 6, 10, 13, 17, 18, 20, 24, 28]",0,[],0.4232266653950016,0.03823173268368002,0.19552936527202255,26.15628248590653,0.5891666666666666,0.018790972222222226,0.13708016713668766,0.5891666666666666,0.018790972222222226,0.13708016713668766
4,2,16,011000110101010111001010110101,0.5225,0.3348813911434263,0.546999990940094,16,"[1, 2, 6, 7, 9, 11, 13, 15, 16, 17, 20, 22, 24, 25, 27, 29]",16,"[1, 2, 6, 7, 9, 11, 13, 15, 16, 17, 20, 22, 24, 25, 27, 29]",0,[],0.3348813911434263,0.08584888132905469,0.29299979748978444,11.64837543039201,0.4775,0.03290625,0.18140079933671735,0.4775,0.03290625,0.18140079933671735
4,2,17,100110100111011101110110000110,0.4929411764705882,0.40058187702122855,0.5430000126361847,17,"[0, 3, 4, 6, 9, 10, 11, 13, 14, 15, 17, 18, 19, 21, 22, 27, 28]",17,"[0, 3, 4, 6, 9, 10, 11, 13, 14, 15, 17, 18, 19, 21, 22, 27, 28]",0,[],0.40058187702122855,0.09063231862828529,0.30105201980436086,11.033591715791234,0.5070588235294118,0.019644290657439445,0.1401580916588102,0.5070588235294118,0.019644290657439445,0.1401580916588102
4,3,0,001111101100001101000010001111,0.4966666666666666,0.27923242300748824,0.6665000021457672,15,"[2, 3, 4, 5, 6, 8, 9, 14, 15, 17, 22, 26, 27, 28, 29]",15,"[2, 3, 4, 5, 6, 8, 9, 14, 15, 17, 22, 26, 27, 28, 29]",0,[],0.27923242300748824,0.07771443171428279,0.2787730828367093,12.867622884723668,0.5033333333333334,0.022568888888888895,0.1502294541323002,0.5033333333333334,0.022568888888888895,0.1502294541323002
4,3,1,011101111100110000101000100010,0.44785714285714284,0.4139198533126286,0.5819999873638153,14,"[1, 2, 3, 5, 6, 7, 8, 9, 12, 13, 18, 20, 24, 28]",14,"[1, 2, 3, 5, 6, 7, 8, 9, 12, 13, 18, 20, 24, 28]",0,[],0.4139198533126286,0.07495861885184552,0.2737857170340438,13.34069404315578,0.5521428571428572,0.03127397959183673,0.17684450681838193,0.5521428571428572,0.03127397959183673,0.17684450681838193
4,3,2,111100001011010011000110100110,0.474,0.4238976047684749,0.5290000140666962,15,"[0, 1, 2, 3, 8, 10, 11, 13, 16, 17, 21, 22, 24, 27, 28]",15,"[0, 1, 2, 3, 8, 10, 11, 13, 16, 17, 21, 22, 24, 27, 28]",0,[],0.4238976047684749,0.07850418518102295,0.28018598319870136,12.738174374959732,0.526,0.025344,0.1591979899370592,0.526,0.025344,0.1591979899370592
4,3,3,111101101111010101110110000101,0.44947368421052636,0.42949306396277326,0.5525000095367432,19,"[0, 1, 2, 3, 5, 6, 8, 9, 10, 11, 13, 15, 17, 18, 19, 21, 22, 27, 29]",19,"[0, 1, 2, 3, 5, 6, 8, 9, 10, 11, 13, 15, 17, 18, 19, 21, 22, 27, 29]",0,[],0.42949306396277326,0.09214119788537549,0.3035476863449555,10.852908611455316,0.5505263157894736,0.028847091412742384,0.16984431522056423,0.5505263157894736,0.028847091412742384,0.16984431522056423
4,3,4,001000100010010010001000000010,0.4471428571428572,0.40657938005668776,0.5985000133514404,7,"[2, 6, 10, 13, 16, 20, 28]",7,"[2, 6, 10, 13, 16, 20, 28]",0,[],0.40657938005668776,0.033025422002585,0.18172897953431918,30.27970391784023,0.5528571428571428,0.0110204081632653,0.10497813183356475,0.5528571428571428,0.0110204081632653,0.10497813183356475
4,3,5,010001010111110110001101000011,0.4986666666666667,0.40635304612418016,0.5270000100135803,15,"[1, 5, 7, 9, 10, 11, 12, 13, 15, 16, 20, 21, 23, 28, 29]",15,"[1, 5, 7, 9, 10, 11, 12, 13, 15, 16, 20, 21, 23, 28, 29]",0,[],0.40635304612418016,0.08900393173639227,0.2983352673359157,11.235458709416948,0.5013333333333333,0.030718222222222223,0.17526614682311648,0.5013333333333333,0.030718222222222223,0.17526614682311648
4,3,6,000000111111010010111010101100,0.5186666666666666,0.4101834000398715,0.5214999914169312,15,"[6, 7, 8, 9, 10, 11, 13, 16, 18, 19, 20, 22, 24, 26, 27]",15,"[6, 7, 8, 9, 10, 11, 13, 16, 18, 19, 20, 22, 24, 26, 27]",0,[],0.4101834000398715,0.10820183271843627,0.32894046987021264,9.241987634370377,0.4813333333333334,0.026531555555555565,0.16288509924347153,0.4813333333333334,0.026531555555555565,0.16288509924347153
4,3,7,001111101100001101011010001111,0.47705882352941176,0.3404100716990583,0.6890000104904175,17,"[2, 3, 4, 5, 6, 8, 9, 14, 15, 17, 19, 20, 22, 26, 27, 28, 29]",17,"[2, 3, 4, 5, 6, 8, 9, 14, 15, 17, 19, 20, 22, 26, 27, 28, 29]",0,[],0.3404100716990583,0.10138344254038452,0.3184076672135653,9.863543542641743,0.5229411764705882,0.024785467128027688,0.15743400880377686,0.5229411764705882,0.024785467128027688,0.15743400880377686
4,3,8,100101010110001010110100001000,0.4899999999999999,0.4076033119733135,0.5349999964237213,12,"[0, 3, 5, 7, 9, 10, 14, 16, 18, 19, 21, 26]",12,"[0, 3, 5, 7, 9, 10, 14, 16, 18, 19, 21, 26]",0,[],0.4076033119733135,0.06987317133710035,0.2643353387973321,14.311644667959031,0.5100000000000001,0.03511666666666667,0.1873944147157718,0.5100000000000001,0.03511666666666667,0.1873944147157718
4,3,9,011101100010010001101000100010,0.4108333333333334,0.4232266653950016,0.5940000116825104,12,"[1, 2, 3, 5, 6, 10, 13, 17, 18, 20, 24, 28]",12,"[1, 2, 3, 5, 6, 10, 13, 17, 18, 20, 24, 28]",0,[],0.4232266653950016,0.03823173268368002,0.19552936527202255,26.15628248590653,0.5891666666666666,0.018790972222222226,0.13708016713668766,0.5891666666666666,0.018790972222222226,0.13708016713668766
4,3,10,011000110101010111001010110101,0.5225,0.3348813911434263,0.546999990940094,16,"[1, 2, 6, 7, 9, 11, 13, 15, 16, 17, 20, 22, 24, 25, 27, 29]",16,"[1, 2, 6, 7, 9, 11, 13, 15, 16, 17, 20, 22, 24, 25, 27, 29]",0,[],0.3348813911434263,0.08584888132905469,0.29299979748978444,11.64837543039201,0.4775,0.03290625,0.18140079933671735,0.4775,0.03290625,0.18140079933671735
4,3,11,100110100111011101110110000110,0.4929411764705882,0.40058187702122855,0.5430000126361847,17,"[0, 3, 4, 6, 9, 10, 11, 13, 14, 15, 17, 18, 19, 21, 22, 27, 28]",17,"[0, 3, 4, 6, 9, 10, 11, 13, 14, 15, 17, 18, 19, 21, 22, 27, 28]",0,[],0.40058187702122855,0.09063231862828529,0.30105201980436086,11.033591715791234,0.5070588235294118,0.019644290657439445,0.1401580916588102,0.5070588235294118,0.019644290657439445,0.1401580916588102
4,3,12,011000110110010111001010110101,0.524375,0.3068587777670473,0.5819999873638153,16,"[1, 2, 6, 7, 9, 10, 13, 15, 16, 17, 20, 22, 24, 25, 27, 29]",16,"[1, 2, 6, 7, 9, 10, 13, 15, 16, 17, 20, 22, 24, 25, 27, 29]",0,[],0.3068587777670473,0.06843460792199996,0.2616000915940206,14.612489650554801,0.47562499999999996,0.032687109375,0.18079576702732839,0.47562499999999996,0.032687109375,0.18079576702732839
4,3,13,001111101001001101000010001111,0.4793333333333333,0.3335059262812138,0.6470000147819519,15,"[2, 3, 4, 5, 6, 8, 11, 14, 15, 17, 22, 26, 27, 28, 29]",15,"[2, 3, 4, 5, 6, 8, 11, 14, 15, 17, 22, 26, 27, 28, 29]",0,[],0.3335059262812138,0.09316596434653851,0.3052310016144142,10.733533506725882,0.5206666666666667,0.019379555555555556,0.13921047214759225,0.5206666666666667,0.019379555555555556,0.13921047214759225
4,3,14,011101001001111111000101000100,0.42733333333333334,0.49774969729284446,0.5559999942779541,15,"[1, 2, 3, 5, 8, 11, 12, 13, 14, 15, 16, 17, 21, 23, 27]",15,"[1, 2, 3, 5, 8, 11, 12, 13, 14, 15, 16, 17, 21, 23, 27]",0,[],0.49774969729284446,0.08163341478941935,0.28571561873551704,12.249885694229365,0.5726666666666667,0.019632888888888887,0.14011741108402226,0.5726666666666667,0.019632888888888887,0.14011741108402226
4,3,15,101101010110010000001000110100,0.49416666666666675,0.3239045760904749,0.5600000023841858,12,"[0, 2, 3, 5, 7, 9, 10, 13, 20, 24, 25, 27]",12,"[0, 2, 3, 5, 7, 9, 10, 13, 20, 24, 25, 27]",0,[],0.3239045760904749,0.04472449071507767,0.2114816557412904,22.359114302063514,0.5058333333333332,0.037074305555555555,0.1925468918356138,0.5058333333333332,0.037074305555555555,0.1925468918356138
4,3,16,011101010110010001101000100010,0.46307692307692316,0.35913559565177333,0.5979999899864197,13,"[1, 2, 3, 5, 7, 9, 10, 13, 17, 18, 20, 24, 28]",13,"[1, 2, 3, 5, 7, 9, 10, 13, 17, 18, 20, 24, 28]",0,[],0.35913559565177333,0.05134792655582772,0.2266008088154756,19.474983063099074,0.5369230769230768,0.03255976331360948,0.18044324125222722,0.5369230769230768,0.03255976331360948,0.18044324125222722
4,3,17,001101010110000100001001110100,0.5091666666666668,0.30719374601418775,0.5485000014305115,12,"[2, 3, 5, 7, 9, 10, 15, 20, 23, 24, 25, 27]",12,"[2, 3, 5, 7, 9, 10, 15, 20, 23, 24, 25, 27]",0,[],0.30719374601418775,0.0597929176501151,0.24452590384275263,16.72438876208736,0.4908333333333333,0.035374305555555555,0.18808058261169747,0.4908333333333333,0.035374305555555555,0.18808058261169747
4,3,18,110101101111010101110110000101,0.45833333333333337,0.4385389741510153,0.5475000143051147,18,"[0, 1, 3, 5, 6, 8, 9, 10, 11, 13, 15, 17, 18, 19, 21, 22, 27, 29]",18,"[0, 1, 3, 5, 6, 8, 9, 10, 11, 13, 15, 17, 18, 19, 21, 22, 27, 29]",0,[],0.4385389741510153,0.09570541199191081,0.30936291308414915,10.448729901340604,0.5416666666666666,0.02895833333333334,0.17017148213885117,0.5416666666666666,0.02895833333333334,0.17017148213885117
4,3,19,011001100010010001101000100010,0.41000000000000003,0.4183451733128591,0.5974999964237213,11,"[1, 2, 5, 6, 10, 13, 17, 18, 20, 24, 28]",11,"[1, 2, 5, 6, 10, 13, 17, 18, 20, 24, 28]",0,[],0.4183451733128591,0.041421397166456514,0.20352247336954343,24.14211176849946,0.59,0.02049090909090909,0.14314646028075262,0.59,0.02049090909090909,0.14314646028075262
4,3,20,001000100010000100001010000010,0.4928571428571429,0.2696258729057653,0.778999999165535,7,"[2, 6, 10, 15, 20, 22, 28]",7,"[2, 6, 10, 15, 20, 22, 28]",0,[],0.2696258729057653,0.051543769832708156,0.2270325303402756,19.40098683595761,0.5071428571428571,0.01756326530612245,0.13252647020924707,0.5071428571428571,0.01756326530612245,0.13252647020924707
4,3,21,101101100010000100001010111100,0.4869230769230769,0.31220967838397395,0.7740000039339066,13,"[0, 2, 3, 5, 6, 10, 15, 20, 22, 24, 25, 26, 27]",13,"[0, 2, 3, 5, 6, 10, 15, 20, 22, 24, 25, 26, 27]",0,[],0.31220967838397395,0.050094278180290455,0.22381751088842547,19.962359701061608,0.5130769230769231,0.028867455621301774,0.16990425427664185,0.5130769230769231,0.028867455621301774,0.16990425427664185
4,3,22,011000110101010111001111000101,0.518125,0.3673900563735515,0.5295000076293945,16,"[1, 2, 6, 7, 9, 11, 13, 15, 16, 17, 20, 21, 22, 23, 27, 29]",16,"[1, 2, 6, 7, 9, 11, 13, 15, 16, 17, 20, 21, 22, 23, 27, 29]",0,[],0.3673900563735515,0.08804001659437954,0.2967153797739166,11.358471280250074,0.481875,0.028590234375,0.16908647011218844,0.481875,0.028590234375,0.16908647011218844
4,3,23,010000010110000011001110000111,0.5358333333333334,0.2967425676373144,0.6565000116825104,12,"[1, 7, 9, 10, 16, 17, 20, 21, 22, 27, 28, 29]",12,"[1, 7, 9, 10, 16, 17, 20, 21, 22, 27, 28, 29]",0,[],0.2967425676373144,0.07831195198689571,0.279842727236024,12.769442909140286,0.46416666666666667,0.02887430555555556,0.1699244112997175,0.46416666666666667,0.02887430555555556,0.1699244112997175
4,3,24,001001111111010010111011001110,0.4772222222222221,0.41599961939371294,0.5009999871253967,18,"[2, 5, 6, 7, 8, 9, 10, 11, 13, 16, 18, 19, 20, 22, 23, 26, 27, 28]",18,"[2, 5, 6, 7, 8, 9, 10, 11, 13, 16, 18, 19, 20, 22, 23, 26, 27, 28]",0,[],0.41599961939371294,0.0981071331908237,0.31322058232310296,10.192938754564825,0.5227777777777779,0.026942283950617287,0.16414104895064272,0.5227777777777779,0.026942283950617287,0.16414104895064272
4,3,25,011101100010010001101011111010,0.438125,0.4065015717642382,0.6069999933242798,16,"[1, 2, 3, 5, 6, 10, 13, 17, 18, 20, 22, 23, 24, 25, 26, 28]",16,"[1, 2, 3, 5, 6, 10, 13, 17, 18, 20, 22, 23, 24, 25, 26, 28]",0,[],0.4065015717642382,0.05175038102264998,0.2274871007829894,19.32352922314374,0.561875,0.023652734374999998,0.15379445495530714,0.561875,0.023652734374999998,0.15379445495530714
4,4,0,000000010010000100001010000010,0.5900000000000001,0.19484842009842396,0.7900000065565109,6,"[7, 10, 15, 20, 22, 28]",6,"[7, 10, 15, 20, 22, 28]",0,[],0.19484842009842396,0.050843652636196335,0.22548537122437973,19.668138462736753,0.41,0.017766666666666674,0.13329166015421473,0.41,0.017766666666666674,0.13329166015421473
4,4,1,011101001001111111000101000100,0.42733333333333334,0.49774969729284446,0.5559999942779541,15,"[1, 2, 3, 5, 8, 11, 12, 13, 14, 15, 16, 17, 21, 23, 27]",15,"[1, 2, 3, 5, 8, 11, 12, 13, 14, 15, 16, 17, 21, 23, 27]",0,[],0.49774969729284446,0.08163341478941935,0.28571561873551704,12.249885694229365,0.5726666666666667,0.019632888888888887,0.14011741108402226,0.5726666666666667,0.019632888888888887,0.14011741108402226
4,4,2,101101100110000100000010111100,0.5061538461538462,0.26937750870218646,0.7909999936819077,13,"[0, 2, 3, 5, 6, 9, 10, 15, 22, 24, 25, 26, 27]",13,"[0, 2, 3, 5, 6, 9, 10, 15, 22, 24, 25, 26, 27]",0,[],0.26937750870218646,0.04758583980701857,0.21814178830984807,21.014654864880775,0.4938461538461538,0.032269822485207114,0.17963803184517224,0.4938461538461538,0.032269822485207114,0.17963803184517224
4,4,3,011001100010010001101000100010,0.41000000000000003,0.4183451733128591,0.5974999964237213,11,"[1, 2, 5, 6, 10, 13, 17, 18, 20, 24, 28]",11,"[1, 2, 5, 6, 10, 13, 17, 18, 20, 24, 28]",0,[],0.4183451733128591,0.041421397166456514,0.20352247336954343,24.14211176849946,0.59,0.02049090909090909,0.14314646028075262,0.59,0.02049090909090909,0.14314646028075262
4,4,4,000001011111010010111010101100,0.5046666666666666,0.40218340170880157,0.49949997663497925,15,"[5, 7, 8, 9, 10, 11, 13, 16, 18, 19, 20, 22, 24, 26, 27]",15,"[5, 7, 8, 9, 10, 11, 13, 16, 18, 19, 20, 22, 24, 26, 27]",0,[],0.40218340170880157,0.1073407674169621,0.3276290088147905,9.316124936162689,0.49533333333333335,0.03231822222222223,0.1797726959864101,0.49533333333333335,0.03231822222222223,0.1797726959864101
4,4,5,010000010110000011001010100111,0.5716666666666665,0.2643650594788293,0.7010000050067902,12,"[1, 7, 9, 10, 16, 17, 20, 22, 24, 27, 28, 29]",12,"[1, 7, 9, 10, 16, 17, 20, 22, 24, 27, 28, 29]",0,[],0.2643650594788293,0.07734211217532962,0.27810449866071857,12.929566724697976,0.4283333333333334,0.026813888888888898,0.16374946988887903,0.4283333333333334,0.026813888888888898,0.16374946988887903
4,4,6,011000110101010111001010110101,0.5225,0.3348813911434263,0.546999990940094,16,"[1, 2, 6, 7, 9, 11, 13, 15, 16, 17, 20, 22, 24, 25, 27, 29]",16,"[1, 2, 6, 7, 9, 11, 13, 15, 16, 17, 20, 22, 24, 25, 27, 29]",0,[],0.3348813911434263,0.08584888132905469,0.29299979748978444,11.64837543039201,0.4775,0.03290625,0.18140079933671735,0.4775,0.03290625,0.18140079933671735
4,4,7,101101100010000100001010111100,0.4869230769230769,0.31220967838397395,0.7740000039339066,13,"[0, 2, 3, 5, 6, 10, 15, 20, 22, 24, 25, 26, 27]",13,"[0, 2, 3, 5, 6, 10, 15, 20, 22, 24, 25, 26, 27]",0,[],0.31220967838397395,0.050094278180290455,0.22381751088842547,19.962359701061608,0.5130769230769231,0.028867455621301774,0.16990425427664185,0.5130769230769231,0.028867455621301774,0.16990425427664185
4,4,8,011000100110000011001110000111,0.48769230769230765,0.32916933856904507,0.7095000147819519,13,"[1, 2, 6, 9, 10, 16, 17, 20, 21, 22, 27, 28, 29]",13,"[1, 2, 6, 9, 10, 16, 17, 20, 21, 22, 27, 28, 29]",0,[],0.32916933856904507,0.07112855060160359,0.26669936370678426,14.05905211820041,0.5123076923076924,0.025233136094674556,0.15884941326512528,0.5123076923076924,0.025233136094674556,0.15884941326512528
4,4,9,011001100010010001101011111010,0.43933333333333335,0.40180680466194946,0.6365000009536743,15,"[1, 2, 5, 6, 10, 13, 17, 18, 20, 22, 23, 24, 25, 26, 28]",15,"[1, 2, 5, 6, 10, 13, 17, 18, 20, 22, 23, 24, 25, 26, 28]",0,[],0.40180680466194946,0.05484775301384425,0.23419597138687986,18.232287469417162,0.5606666666666666,0.025206222222222224,0.15876467561212168,0.5606666666666666,0.025206222222222224,0.15876467561212168
4,4,10,001111101100001101000010001111,0.4966666666666666,0.27923242300748824,0.6665000021457672,15,"[2, 3, 4, 5, 6, 8, 9, 14, 15, 17, 22, 26, 27, 28, 29]",15,"[2, 3, 4, 5, 6, 8, 9, 14, 15, 17, 22, 26, 27, 28, 29]",0,[],0.27923242300748824,0.07771443171428279,0.2787730828367093,12.867622884723668,0.5033333333333334,0.022568888888888895,0.1502294541323002,0.5033333333333334,0.022568888888888895,0.1502294541323002
4,4,11,101101101111010101110110000100,0.4505882352941176,0.4496761882568107,0.5480000078678131,17,"[0, 2, 3, 5, 6, 8, 9, 10, 11, 13, 15, 17, 18, 19, 21, 22, 27]",17,"[0, 2, 3, 5, 6, 8, 9, 10, 11, 13, 15, 17, 18, 19, 21, 22, 27]",0,[],0.4496761882568107,0.09128422807616887,0.3021327987428192,10.954794941855516,0.5494117647058824,0.025452595155709346,0.15953869485397373,0.5494117647058824,0.025452595155709346,0.15953869485397373
4,4,12,011101100010010001101011111010,0.438125,0.4065015717642382,0.6069999933242798,16,"[1, 2, 3, 5, 6, 10, 13, 17, 18, 20, 22, 23, 24, 25, 26, 28]",16,"[1, 2, 3, 5, 6, 10, 13, 17, 18, 20, 22, 23, 24, 25, 26, 28]",0,[],0.4065015717642382,0.05175038102264998,0.2274871007829894,19.32352922314374,0.561875,0.023652734374999998,0.15379445495530714,0.561875,0.023652734374999998,0.15379445495530714
4,4,13,001111101001001101000010001111,0.4793333333333333,0.3335059262812138,0.6470000147819519,15,"[2, 3, 4, 5, 6, 8, 11, 14, 15, 17, 22, 26, 27, 28, 29]",15,"[2, 3, 4, 5, 6, 8, 11, 14, 15, 17, 22, 26, 27, 28, 29]",0,[],0.3335059262812138,0.09316596434653851,0.3052310016144142,10.733533506725882,0.5206666666666667,0.019379555555555556,0.13921047214759225,0.5206666666666667,0.019379555555555556,0.13921047214759225
4,4,14,001111101100011101000010001111,0.489375,0.2864678972400725,0.570499986410141,16,"[2, 3, 4, 5, 6, 8, 9, 13, 14, 15, 17, 22, 26, 27, 28, 29]",16,"[2, 3, 4, 5, 6, 8, 9, 13, 14, 15, 17, 22, 26, 27, 28, 29]",0,[],0.2864678972400725,0.07364256104269598,0.27137162903055284,13.579104064838631,0.510625,0.021955859375,0.14817509701363452,0.510625,0.021955859375,0.14817509701363452
4,4,15,001111101100001101011010001111,0.47705882352941176,0.3404100716990583,0.6890000104904175,17,"[2, 3, 4, 5, 6, 8, 9, 14, 15, 17, 19, 20, 22, 26, 27, 28, 29]",17,"[2, 3, 4, 5, 6, 8, 9, 14, 15, 17, 19, 20, 22, 26, 27, 28, 29]",0,[],0.3404100716990583,0.10138344254038452,0.3184076672135653,9.863543542641743,0.5229411764705882,0.024785467128027688,0.15743400880377686,0.5229411764705882,0.024785467128027688,0.15743400880377686
4,4,16,001101010110000100001001110100,0.5091666666666668,0.30719374601418775,0.5485000014305115,12,"[2, 3, 5, 7, 9, 10, 15, 20, 23, 24, 25, 27]",12,"[2, 3, 5, 7, 9, 10, 15, 20, 23, 24, 25, 27]",0,[],0.30719374601418775,0.0597929176501151,0.24452590384275263,16.72438876208736,0.4908333333333333,0.035374305555555555,0.18808058261169747,0.4908333333333333,0.035374305555555555,0.18808058261169747
4,4,17,011101100010010001101000100010,0.4108333333333334,0.4232266653950016,0.5940000116825104,12,"[1, 2, 3, 5, 6, 10, 13, 17, 18, 20, 24, 28]",12,"[1, 2, 3, 5, 6, 10, 13, 17, 18, 20, 24, 28]",0,[],0.4232266653950016,0.03823173268368002,0.19552936527202255,26.15628248590653,0.5891666666666666,0.018790972222222226,0.13708016713668766,0.5891666666666666,0.018790972222222226,0.13708016713668766
4,4,18,010001010111110110001101000011,0.4986666666666667,0.40635304612418016,0.5270000100135803,15,"[1, 5, 7, 9, 10, 11, 12, 13, 15, 16, 20, 21, 23, 28, 29]",15,"[1, 5, 7, 9, 10, 11, 12, 13, 15, 16, 20, 21, 23, 28, 29]",0,[],0.40635304612418016,0.08900393173639227,0.2983352673359157,11.235458709416948,0.5013333333333333,0.030718222222222223,0.17526614682311648,0.5013333333333333,0.030718222222222223,0.17526614682311648
4,4,19,011000110101010111001111000101,0.518125,0.3673900563735515,0.5295000076293945,16,"[1, 2, 6, 7, 9, 11, 13, 15, 16, 17, 20, 21, 22, 23, 27, 29]",16,"[1, 2, 6, 7, 9, 11, 13, 15, 16, 17, 20, 21, 22, 23, 27, 29]",0,[],0.3673900563735515,0.08804001659437954,0.2967153797739166,11.358471280250074,0.481875,0.028590234375,0.16908647011218844,0.481875,0.028590234375,0.16908647011218844
4,4,20,001111101100001110100101010011,0.469375,0.3906973582925275,0.5774999856948853,16,"[2, 3, 4, 5, 6, 8, 9, 14, 15, 16, 18, 21, 23, 25, 28, 29]",16,"[2, 3, 4, 5, 6, 8, 9, 14, 15, 16, 18, 21, 23, 25, 28, 29]",0,[],0.3906973582925275,0.06660125755489435,0.2580721944628951,15.014731503767418,0.530625,0.026230859375,0.16195943743727934,0.530625,0.026230859375,0.16195943743727934
4,4,21,011101010110010001101000100010,0.46307692307692316,0.35913559565177333,0.5979999899864197,13,"[1, 2, 3, 5, 7, 9, 10, 13, 17, 18, 20, 24, 28]",13,"[1, 2, 3, 5, 7, 9, 10, 13, 17, 18, 20, 24, 28]",0,[],0.35913559565177333,0.05134792655582772,0.2266008088154756,19.474983063099074,0.5369230769230768,0.03255976331360948,0.18044324125222722,0.5369230769230768,0.03255976331360948,0.18044324125222722
4,4,22,001001111111010010111011001110,0.4772222222222221,0.41599961939371294,0.5009999871253967,18,"[2, 5, 6, 7, 8, 9, 10, 11, 13, 16, 18, 19, 20, 22, 23, 26, 27, 28]",18,"[2, 5, 6, 7, 8, 9, 10, 11, 13, 16, 18, 19, 20, 22, 23, 26, 27, 28]",0,[],0.41599961939371294,0.0981071331908237,0.31322058232310296,10.192938754564825,0.5227777777777779,0.026942283950617287,0.16414104895064272,0.5227777777777779,0.026942283950617287,0.16414104895064272
4,4,23,001101010110000000011001110100,0.4716666666666667,0.38814612695326406,0.5295000076293945,12,"[2, 3, 5, 7, 9, 10, 19, 20, 23, 24, 25, 27]",12,"[2, 3, 5, 7, 9, 10, 19, 20, 23, 24, 25, 27]",0,[],0.38814612695326406,0.0867688054932137,0.2945654519681724,11.524879181127039,0.5283333333333333,0.04028055555555556,0.200700163317212,0.5283333333333333,0.04028055555555556,0.200700163317212
4,4,24,001000100010000100001010000010,0.4928571428571429,0.2696258729057653,0.778999999165535,7,"[2, 6, 10, 15, 20, 22, 28]",7,"[2, 6, 10, 15, 20, 22, 28]",0,[],0.2696258729057653,0.051543769832708156,0.2270325303402756,19.40098683595761,0.5071428571428571,0.01756326530612245,0.13252647020924707,0.5071428571428571,0.01756326530612245,0.13252647020924707
4,4,25,001111101001010101000010001111,0.4733333333333333,0.3487281488875548,0.5634999871253967,15,"[2, 3, 4, 5, 6, 8, 11, 13, 15, 17, 22, 26, 27, 28, 29]",15,"[2, 3, 4, 5, 6, 8, 11, 13, 15, 17, 22, 26, 27, 28, 29]",0,[],0.3487281488875548,0.09133066065417617,0.3022096303134236,10.949225515695142,0.5266666666666667,0.019995555555555555,0.1414056418802148,0.5266666666666667,0.019995555555555555,0.1414056418802148
4,4,26,101101010110010000001000110100,0.49416666666666675,0.3239045760904749,0.5600000023841858,12,"[0, 2, 3, 5, 7, 9, 10, 13, 20, 24, 25, 27]",12,"[0, 2, 3, 5, 7, 9, 10, 13, 20, 24, 25, 27]",0,[],0.3239045760904749,0.04472449071507767,0.2114816557412904,22.359114302063514,0.5058333333333332,0.037074305555555555,0.1925468918356138,0.5058333333333332,0.037074305555555555,0.1925468918356138
4,4,27,001000100010010010001000000010,0.4471428571428572,0.40657938005668776,0.5985000133514404,7,"[2, 6, 10, 13, 16, 20, 28]",7,"[2, 6, 10, 13, 16, 20, 28]",0,[],0.40657938005668776,0.033025422002585,0.18172897953431918,30.27970391784023,0.5528571428571428,0.0110204081632653,0.10497813183356475,0.5528571428571428,0.0110204081632653,0.10497813183356475
4,4,28,011101100010010011001000100010,0.43000000000000005,0.42585271193335456,0.5845000147819519,12,"[1, 2, 3, 5, 6, 10, 13, 16, 17, 20, 24, 28]",12,"[1, 2, 3, 5, 6, 10, 13, 16, 17, 20, 24, 28]",0,[],0.42585271193335456,0.03908596034711503,0.19770169535720988,25.584634255348696,0.57,0.023566666666666666,0.1535143858622594,0.57,0.023566666666666666,0.1535143858622594
4,4,29,110101100110010101110010000101,0.4766666666666667,0.3790711628894011,0.5530000030994415,15,"[0, 1, 3, 5, 6, 9, 10, 13, 15, 17, 18, 19, 22, 27, 29]",15,"[0, 1, 3, 5, 6, 9, 10, 13, 15, 17, 18, 19, 22, 27, 29]",0,[],0.3790711628894011,0.0875710076947988,0.29592398972506234,11.419304474435027,0.5233333333333333,0.03200888888888889,0.17891028167461168,0.5233333333333333,0.03200888888888889,0.17891028167461168
4,5,0,101000100110000100000010111100,0.5418181818181818,0.2386349571699446,0.7909999936819077,11,"[0, 2, 6, 9, 10, 15, 22, 24, 25, 26, 27]",11,"[0, 2, 6, 9, 10, 15, 22, 24, 25, 26, 27]",0,[],0.2386349571699446,0.04982566982002979,0.22321664324155982,20.06997605073846,0.4581818181818182,0.027669421487603305,0.1663412801670208,0.4581818181818182,0.027669421487603305,0.1663412801670208
4,5,1,001001011111010010111011001110,0.4811764705882353,0.4098819510682541,0.4894999861717224,17,"[2, 5, 7, 8, 9, 10, 11, 13, 16, 18, 19, 20, 22, 23, 26, 27, 28]",17,"[2, 5, 7, 8, 9, 10, 11, 13, 16, 18, 19, 20, 22, 23, 26, 27, 28]",0,[],0.4098819510682541,0.10320447544225224,0.3212545337302685,9.689502278993192,0.5188235294117647,0.028245674740484433,0.16806449577612886,0.5188235294117647,0.028245674740484433,0.16806449577612886
4,5,2,000000010010001100001010000010,0.5728571428571428,0.19082245603203773,0.7874999940395355,7,"[7, 10, 14, 15, 20, 22, 28]",7,"[7, 10, 14, 15, 20, 22, 28]",0,[],0.19082245603203773,0.043677524008151294,0.20899168406458496,22.895070696163444,0.42714285714285716,0.016991836734693882,0.13035273965166164,0.42714285714285716,0.016991836734693882,0.13035273965166164
4,5,3,011101100010010011101001000100,0.4246153846153846,0.4799327300145076,0.5534999966621399,13,"[1, 2, 3, 5, 6, 10, 13, 16, 17, 18, 20, 23, 27]",13,"[1, 2, 3, 5, 6, 10, 13, 16, 17, 18, 20, 23, 27]",0,[],0.4799327300145076,0.036482380162228926,0.19100361295595675,27.41049228567942,0.5753846153846154,0.01728639053254438,0.13147771876840722,0.5753846153846154,0.01728639053254438,0.13147771876840722
4,5,4,010000010110000011000010100111,0.5818181818181818,0.23399053090675312,0.7369999885559082,11,"[1, 7, 9, 10, 16, 17, 22, 24, 27, 28, 29]",11,"[1, 7, 9, 10, 16, 17, 22, 24, 27, 28, 29]",0,[],0.23399053090675312,0.0733018694504673,0.27074317987803,13.642216869731213,0.4181818181818182,0.028014876033057856,0.16737645005513127,0.4181818181818182,0.028014876033057856,0.16737645005513127
4,5,5,011001100010010001101000100010,0.41000000000000003,0.4183451733128591,0.5974999964237213,11,"[1, 2, 5, 6, 10, 13, 17, 18, 20, 24, 28]",11,"[1, 2, 5, 6, 10, 13, 17, 18, 20, 24, 28]",0,[],0.4183451733128591,0.041421397166456514,0.20352247336954343,24.14211176849946,0.59,0.02049090909090909,0.14314646028075262,0.59,0.02049090909090909,0.14314646028075262
4,5,6,010000010110000011001010100111,0.5716666666666665,0.2643650594788293,0.7010000050067902,12,"[1, 7, 9, 10, 16, 17, 20, 22, 24, 27, 28, 29]",12,"[1, 7, 9, 10, 16, 17, 20, 22, 24, 27, 28, 29]",0,[],0.2643650594788293,0.07734211217532962,0.27810449866071857,12.929566724697976,0.4283333333333334,0.026813888888888898,0.16374946988887903,0.4283333333333334,0.026813888888888898,0.16374946988887903
4,5,7,011001100010010001101011111010,0.43933333333333335,0.40180680466194946,0.6365000009536743,15,"[1, 2, 5, 6, 10, 13, 17, 18, 20, 22, 23, 24, 25, 26, 28]",15,"[1, 2, 5, 6, 10, 13, 17, 18, 20, 22, 23, 24, 25, 26, 28]",0,[],0.40180680466194946,0.05484775301384425,0.23419597138687986,18.232287469417162,0.5606666666666666,0.025206222222222224,0.15876467561212168,0.5606666666666666,0.025206222222222224,0.15876467561212168
4,5,8,001111110010010001101010001111,0.48875,0.32063809887040406,0.6814999878406525,16,"[2, 3, 4, 5, 6, 7, 10, 13, 17, 18, 20, 22, 26, 27, 28, 29]",16,"[2, 3, 4, 5, 6, 7, 10, 13, 17, 18, 20, 22, 26, 27, 28, 29]",0,[],0.32063809887040406,0.05801498743733542,0.24086300553911433,17.236925218335085,0.51125,0.021810937500000002,0.14768526500636414,0.51125,0.021810937500000002,0.14768526500636414
4,5,9,101101101111010101110110000100,0.4505882352941176,0.4496761882568107,0.5480000078678131,17,"[0, 2, 3, 5, 6, 8, 9, 10, 11, 13, 15, 17, 18, 19, 21, 22, 27]",17,"[0, 2, 3, 5, 6, 8, 9, 10, 11, 13, 15, 17, 18, 19, 21, 22, 27]",0,[],0.4496761882568107,0.09128422807616887,0.3021327987428192,10.954794941855516,0.5494117647058824,0.025452595155709346,0.15953869485397373,0.5494117647058824,0.025452595155709346,0.15953869485397373
4,5,10,011101100010010011001000100010,0.43000000000000005,0.42585271193335456,0.5845000147819519,12,"[1, 2, 3, 5, 6, 10, 13, 16, 17, 20, 24, 28]",12,"[1, 2, 3, 5, 6, 10, 13, 16, 17, 20, 24, 28]",0,[],0.42585271193335456,0.03908596034711503,0.19770169535720988,25.584634255348696,0.57,0.023566666666666666,0.1535143858622594,0.57,0.023566666666666666,0.1535143858622594
4,5,11,000000010010000101001110000110,0.5366666666666666,0.2698890446788735,0.7355000078678131,9,"[7, 10, 15, 17, 20, 21, 22, 27, 28]",9,"[7, 10, 15, 17, 20, 21, 22, 27, 28]",0,[],0.2698890446788735,0.07891928712880002,0.28092576800428976,12.67117375715714,0.4633333333333333,0.02002222222222222,0.14149990184527414,0.4633333333333333,0.02002222222222222,0.14149990184527414
4,5,12,101101100010000100001010111100,0.4869230769230769,0.31220967838397395,0.7740000039339066,13,"[0, 2, 3, 5, 6, 10, 15, 20, 22, 24, 25, 26, 27]",13,"[0, 2, 3, 5, 6, 10, 15, 20, 22, 24, 25, 26, 27]",0,[],0.31220967838397395,0.050094278180290455,0.22381751088842547,19.962359701061608,0.5130769230769231,0.028867455621301774,0.16990425427664185,0.5130769230769231,0.028867455621301774,0.16990425427664185
4,5,13,001101010110000000011001110100,0.4716666666666667,0.38814612695326406,0.5295000076293945,12,"[2, 3, 5, 7, 9, 10, 19, 20, 23, 24, 25, 27]",12,"[2, 3, 5, 7, 9, 10, 19, 20, 23, 24, 25, 27]",0,[],0.38814612695326406,0.0867688054932137,0.2945654519681724,11.524879181127039,0.5283333333333333,0.04028055555555556,0.200700163317212,0.5283333333333333,0.04028055555555556,0.200700163317212
4,5,14,011001100010010001101010100111,0.45785714285714285,0.3294637209868857,0.55799999833107,14,"[1, 2, 5, 6, 10, 13, 17, 18, 20, 22, 24, 27, 28, 29]",14,"[1, 2, 5, 6, 10, 13, 17, 18, 20, 22, 24, 27, 28, 29]",0,[],0.3294637209868857,0.06151717657060657,0.2480265642438458,16.255622506540856,0.5421428571428571,0.02615969387755102,0.16173958661240304,0.5421428571428571,0.02615969387755102,0.16173958661240304
4,5,15,011101100010010001101011111010,0.438125,0.4065015717642382,0.6069999933242798,16,"[1, 2, 3, 5, 6, 10, 13, 17, 18, 20, 22, 23, 24, 25, 26, 28]",16,"[1, 2, 3, 5, 6, 10, 13, 17, 18, 20, 22, 23, 24, 25, 26, 28]",0,[],0.4065015717642382,0.05175038102264998,0.2274871007829894,19.32352922314374,0.561875,0.023652734374999998,0.15379445495530714,0.561875,0.023652734374999998,0.15379445495530714
4,5,16,011001101100011101001000101010,0.4485714285714286,0.34568440608148066,0.5634999871253967,14,"[1, 2, 5, 6, 8, 9, 13, 14, 15, 17, 20, 24, 26, 28]",14,"[1, 2, 5, 6, 8, 9, 13, 14, 15, 17, 20, 24, 26, 28]",0,[],0.34568440608148066,0.07161639024908809,0.2676123880710459,13.963284054417045,0.5514285714285714,0.02609795918367347,0.16154862792259633,0.5514285714285714,0.02609795918367347,0.16154862792259633
4,5,17,011000110101011111001010110101,0.5194117647058824,0.32498640764285536,0.5415000021457672,17,"[1, 2, 6, 7, 9, 11, 13, 14, 15, 16, 17, 20, 22, 24, 25, 27, 29]",17,"[1, 2, 6, 7, 9, 11, 13, 14, 15, 16, 17, 20, 22, 24, 25, 27, 29]",0,[],0.32498640764285536,0.08236551830885308,0.2869939342718816,12.141002940699211,0.48058823529411765,0.03112318339100346,0.1764176391152638,0.48058823529411765,0.03112318339100346,0.1764176391152638
4,5,18,010001010111110110000101000111,0.502,0.36645405453940233,0.5399999916553497,15,"[1, 5, 7, 9, 10, 11, 12, 13, 15, 16, 21, 23, 27, 28, 29]",15,"[1, 5, 7, 9, 10, 11, 12, 13, 15, 16, 21, 23, 27, 28, 29]",0,[],0.36645405453940233,0.09595921280019253,0.3097728406432567,10.421094242219478,0.49799999999999994,0.030616,0.17497428382479524,0.49799999999999994,0.030616,0.17497428382479524
4,5,19,011000100110000011001110000111,0.48769230769230765,0.32916933856904507,0.7095000147819519,13,"[1, 2, 6, 9, 10, 16, 17, 20, 21, 22, 27, 28, 29]",13,"[1, 2, 6, 9, 10, 16, 17, 20, 21, 22, 27, 28, 29]",0,[],0.32916933856904507,0.07112855060160359,0.26669936370678426,14.05905211820041,0.5123076923076924,0.025233136094674556,0.15884941326512528,0.5123076923076924,0.025233136094674556,0.15884941326512528
4,5,20,001111101100011101000010001111,0.489375,0.2864678972400725,0.570499986410141,16,"[2, 3, 4, 5, 6, 8, 9, 13, 14, 15, 17, 22, 26, 27, 28, 29]",16,"[2, 3, 4, 5, 6, 8, 9, 13, 14, 15, 17, 22, 26, 27, 28, 29]",0,[],0.2864678972400725,0.07364256104269598,0.27137162903055284,13.579104064838631,0.510625,0.021955859375,0.14817509701363452,0.510625,0.021955859375,0.14817509701363452
4,5,21,011101100010010001101000100010,0.4108333333333334,0.4232266653950016,0.5940000116825104,12,"[1, 2, 3, 5, 6, 10, 13, 17, 18, 20, 24, 28]",12,"[1, 2, 3, 5, 6, 10, 13, 17, 18, 20, 24, 28]",0,[],0.4232266653950016,0.03823173268368002,0.19552936527202255,26.15628248590653,0.5891666666666666,0.018790972222222226,0.13708016713668766,0.5891666666666666,0.018790972222222226,0.13708016713668766
4,5,22,001101010110000100001001110100,0.5091666666666668,0.30719374601418775,0.5485000014305115,12,"[2, 3, 5, 7, 9, 10, 15, 20, 23, 24, 25, 27]",12,"[2, 3, 5, 7, 9, 10, 15, 20, 23, 24, 25, 27]",0,[],0.30719374601418775,0.0597929176501151,0.24452590384275263,16.72438876208736,0.4908333333333333,0.035374305555555555,0.18808058261169747,0.4908333333333333,0.035374305555555555,0.18808058261169747
4,5,23,000001111111010010111010101100,0.49875,0.4095469379099086,0.507999986410141,16,"[5, 6, 7, 8, 9, 10, 11, 13, 16, 18, 19, 20, 22, 24, 26, 27]",16,"[5, 6, 7, 8, 9, 10, 11, 13, 16, 18, 19, 20, 22, 24, 26, 27]",0,[],0.4095469379099086,0.10144529443417717,0.3185047792956601,9.8575296722989,0.50125,0.03082343750000001,0.17556604882493657,0.50125,0.03082343750000001,0.17556604882493657
4,5,24,011000110101010111001111000101,0.518125,0.3673900563735515,0.5295000076293945,16,"[1, 2, 6, 7, 9, 11, 13, 15, 16, 17, 20, 21, 22, 23, 27, 29]",16,"[1, 2, 6, 7, 9, 11, 13, 15, 16, 17, 20, 21, 22, 23, 27, 29]",0,[],0.3673900563735515,0.08804001659437954,0.2967153797739166,11.358471280250074,0.481875,0.028590234375,0.16908647011218844,0.481875,0.028590234375,0.16908647011218844
4,5,25,000001011111010101110110101000,0.4913333333333333,0.40798715377847355,0.5250000059604645,15,"[5, 7, 8, 9, 10, 11, 13, 15, 17, 18, 19, 21, 22, 24, 26]",15,"[5, 7, 8, 9, 10, 11, 13, 15, 17, 18, 19, 21, 22, 24, 26]",0,[],0.40798715377847355,0.110110154437603,0.33182850154500443,9.081814525713684,0.5086666666666667,0.03441155555555556,0.18550351898429196,0.5086666666666667,0.03441155555555556,0.18550351898429196
4,5,26,110101100110010101110010000101,0.4766666666666667,0.3790711628894011,0.5530000030994415,15,"[0, 1, 3, 5, 6, 9, 10, 13, 15, 17, 18, 19, 22, 27, 29]",15,"[0, 1, 3, 5, 6, 9, 10, 13, 15, 17, 18, 19, 22, 27, 29]",0,[],0.3790711628894011,0.0875710076947988,0.29592398972506234,11.419304474435027,0.5233333333333333,0.03200888888888889,0.17891028167461168,0.5233333333333333,0.03200888888888889,0.17891028167461168
4,5,27,001011101100011101000010001111,0.494,0.2737708851695061,0.5604999959468842,15,"[2, 4, 5, 6, 8, 9, 13, 14, 15, 17, 22, 26, 27, 28, 29]",15,"[2, 4, 5, 6, 8, 9, 13, 14, 15, 17, 22, 26, 27, 28, 29]",0,[],0.2737708851695061,0.07597263926388731,0.27563134666413996,13.162633412359785,0.506,0.02307733333333334,0.15191225537570477,0.506,0.02307733333333334,0.15191225537570477
4,5,28,001000100010010010001000000010,0.4471428571428572,0.40657938005668776,0.5985000133514404,7,"[2, 6, 10, 13, 16, 20, 28]",7,"[2, 6, 10, 13, 16, 20, 28]",0,[],0.40657938005668776,0.033025422002585,0.18172897953431918,30.27970391784023,0.5528571428571428,0.0110204081632653,0.10497813183356475,0.5528571428571428,0.0110204081632653,0.10497813183356475
4,5,29,001111101101010100000010001111,0.4893333333333333,0.3001649295290311,0.55799999833107,15,"[2, 3, 4, 5, 6, 8, 9, 11, 13, 15, 22, 26, 27, 28, 29]",15,"[2, 3, 4, 5, 6, 8, 9, 11, 13, 15, 22, 26, 27, 28, 29]",0,[],0.3001649295290311,0.08342026837743549,0.28882567125765585,11.987494399748202,0.5106666666666667,0.023472888888888883,0.15320864495480954,0.5106666666666667,0.023472888888888883,0.15320864495480954
5,1,0,001000111111010010111011001110,0.5052941176470589,0.4374234963427572,0.49949997663497925,17,"[2, 6, 7, 8, 9, 10, 11, 13, 16, 18, 19, 20, 22, 23, 26, 27, 28]",17,"[2, 6, 7, 8, 9, 10, 11, 13, 16, 18, 19, 20, 22, 23, 26, 27, 28]",0,[],0.4374234963427572,0.0682540517071395,0.2612547639893663,14.65114487694799,0.49470588235294116,0.019401384083044974,0.13928885125179608,0.49470588235294116,0.019401384083044974,0.13928885125179608
5,1,1,010000010110000011001111100111,0.57,0.3435578835862024,0.5810000002384186,14,"[1, 7, 9, 10, 16, 17, 20, 21, 22, 23, 24, 27, 28, 29]",14,"[1, 7, 9, 10, 16, 17, 20, 21, 22, 23, 24, 27, 28, 29]",0,[],0.3435578835862024,0.04733649639594402,0.2175695208340176,21.12534885631468,0.43000000000000005,0.02178571428571428,0.1475998451412273,0.43000000000000005,0.02178571428571428,0.1475998451412273
5,1,2,110100011100011001100111010001,0.488,0.463912341867884,0.5239999890327454,15,"[0, 1, 3, 7, 8, 9, 13, 14, 17, 18, 21, 22, 23, 25, 29]",15,"[0, 1, 3, 7, 8, 9, 13, 14, 17, 18, 21, 22, 23, 25, 29]",0,[],0.463912341867884,0.05967937901741416,0.2442936327811557,16.756206523332033,0.512,0.027389333333333335,0.16549723059112903,0.512,0.027389333333333335,0.16549723059112903
5,1,3,001000110101000111011101111001,0.50875,0.4166174832498655,0.4909999966621399,16,"[2, 6, 7, 9, 11, 15, 16, 17, 19, 20, 21, 23, 24, 25, 26, 29]",16,"[2, 6, 7, 9, 11, 15, 16, 17, 19, 20, 21, 23, 24, 25, 26, 29]",0,[],0.4166174832498655,0.06560415922813434,0.2561330888974213,15.242935993167183,0.49125,0.0339109375,0.18414922617268856,0.49125,0.0339109375,0.18414922617268856
5,1,4,011011111111000011110110110110,0.4790000000000001,0.4744866516441107,0.574999988079071,20,"[1, 2, 4, 5, 6, 7, 8, 9, 10, 11, 16, 17, 18, 19, 21, 22, 24, 25, 27, 28]",20,"[1, 2, 4, 5, 6, 7, 8, 9, 10, 11, 16, 17, 18, 19, 21, 22, 24, 25, 27, 28]",0,[],0.4744866516441107,0.06542587937464799,0.25578483022776777,15.284471673261027,0.5209999999999999,0.033338999999999994,0.18258970398135815,0.5209999999999999,0.033338999999999994,0.18258970398135815
5,1,5,010000001001111111000101000100,0.4458333333333333,0.48620435735210776,0.5740000009536743,12,"[1, 8, 11, 12, 13, 14, 15, 16, 17, 21, 23, 27]",12,"[1, 8, 11, 12, 13, 14, 15, 16, 17, 21, 23, 27]",0,[],0.48620435735210776,0.048345451597387096,0.21987599140740013,20.68446910637704,0.5541666666666667,0.01379097222222222,0.11743497018444812,0.5541666666666667,0.01379097222222222,0.11743497018444812
5,1,6,001111101100001101000010001111,0.4966666666666666,0.4036933619529009,0.5934999883174896,15,"[2, 3, 4, 5, 6, 8, 9, 14, 15, 17, 22, 26, 27, 28, 29]",15,"[2, 3, 4, 5, 6, 8, 9, 14, 15, 17, 22, 26, 27, 28, 29]",0,[],0.4036933619529009,0.10583168269800944,0.32531781798421283,9.448966268952736,0.5033333333333334,0.014302222222222221,0.11959189864795283,0.5033333333333334,0.014302222222222221,0.11959189864795283
5,1,7,011010000111101111010111010001,0.46882352941176475,0.44394821936593337,0.5920000076293945,17,"[1, 2, 4, 9, 10, 11, 12, 14, 15, 16, 17, 19, 21, 22, 23, 25, 29]",17,"[1, 2, 4, 9, 10, 11, 12, 14, 15, 16, 17, 19, 21, 22, 23, 25, 29]",0,[],0.44394821936593337,0.05797566823701383,0.24078137020337315,17.248615331380737,0.5311764705882352,0.026092733564013842,0.16153245359374024,0.5311764705882352,0.026092733564013842,0.16153245359374024
5,1,8,111101101111010101110110000101,0.4626315789473685,0.5062904267718917,0.539000004529953,19,"[0, 1, 2, 3, 5, 6, 8, 9, 10, 11, 13, 15, 17, 18, 19, 21, 22, 27, 29]",19,"[0, 1, 2, 3, 5, 6, 8, 9, 10, 11, 13, 15, 17, 18, 19, 21, 22, 27, 29]",0,[],0.5062904267718917,0.058809679428019346,0.24250707088251952,17.004003587946084,0.5373684210526315,0.02271412742382271,0.1507120679435549,0.5373684210526315,0.02271412742382271,0.1507120679435549
5,1,9,010001010111110110001101000011,0.5086666666666666,0.4130831184486548,0.511000007390976,15,"[1, 5, 7, 9, 10, 11, 12, 13, 15, 16, 20, 21, 23, 28, 29]",15,"[1, 5, 7, 9, 10, 11, 12, 13, 15, 16, 20, 21, 23, 28, 29]",0,[],0.4130831184486548,0.05154215071764757,0.22702896449054152,19.401596287242413,0.49133333333333346,0.01967822222222222,0.14027908690258223,0.49133333333333346,0.01967822222222222,0.14027908690258223
5,1,10,000000110001101111001110101100,0.5349999999999999,0.37907275424471926,0.590499997138977,14,"[6, 7, 11, 12, 14, 15, 16, 17, 20, 21, 22, 24, 26, 27]",14,"[6, 7, 11, 12, 14, 15, 16, 17, 20, 21, 22, 24, 26, 27]",0,[],0.37907275424471926,0.0840379106942104,0.2898929297071772,11.899391497710004,0.465,0.02139642857142857,0.14627518098238187,0.465,0.02139642857142857,0.14627518098238187
5,1,11,110111011100111000000010001000,0.4853846153846155,0.4710929744805281,0.5834999978542328,13,"[0, 1, 3, 4, 5, 7, 8, 9, 12, 13, 14, 22, 26]",13,"[0, 1, 3, 4, 5, 7, 8, 9, 12, 13, 14, 22, 26]",0,[],0.4710929744805281,0.08546687010943388,0.29234717393782667,11.700440167278567,0.5146153846153845,0.022640236686390532,0.15046672949988157,0.5146153846153845,0.022640236686390532,0.15046672949988157
5,2,0,001000111111010010111011001110,0.5052941176470589,0.4374234963427572,0.49949997663497925,17,"[2, 6, 7, 8, 9, 10, 11, 13, 16, 18, 19, 20, 22, 23, 26, 27, 28]",17,"[2, 6, 7, 8, 9, 10, 11, 13, 16, 18, 19, 20, 22, 23, 26, 27, 28]",0,[],0.4374234963427572,0.0682540517071395,0.2612547639893663,14.65114487694799,0.49470588235294116,0.019401384083044974,0.13928885125179608,0.49470588235294116,0.019401384083044974,0.13928885125179608
5,2,1,010000010110000011001111100111,0.57,0.3435578835862024,0.5810000002384186,14,"[1, 7, 9, 10, 16, 17, 20, 21, 22, 23, 24, 27, 28, 29]",14,"[1, 7, 9, 10, 16, 17, 20, 21, 22, 23, 24, 27, 28, 29]",0,[],0.3435578835862024,0.04733649639594402,0.2175695208340176,21.12534885631468,0.43000000000000005,0.02178571428571428,0.1475998451412273,0.43000000000000005,0.02178571428571428,0.1475998451412273
5,2,2,110100011100011001100111010001,0.488,0.463912341867884,0.5239999890327454,15,"[0, 1, 3, 7, 8, 9, 13, 14, 17, 18, 21, 22, 23, 25, 29]",15,"[0, 1, 3, 7, 8, 9, 13, 14, 17, 18, 21, 22, 23, 25, 29]",0,[],0.463912341867884,0.05967937901741416,0.2442936327811557,16.756206523332033,0.512,0.027389333333333335,0.16549723059112903,0.512,0.027389333333333335,0.16549723059112903
5,2,3,001000110101000111011101111001,0.50875,0.4166174832498655,0.4909999966621399,16,"[2, 6, 7, 9, 11, 15, 16, 17, 19, 20, 21, 23, 24, 25, 26, 29]",16,"[2, 6, 7, 9, 11, 15, 16, 17, 19, 20, 21, 23, 24, 25, 26, 29]",0,[],0.4166174832498655,0.06560415922813434,0.2561330888974213,15.242935993167183,0.49125,0.0339109375,0.18414922617268856,0.49125,0.0339109375,0.18414922617268856
5,2,4,010000001001111111000101000100,0.4458333333333333,0.48620435735210776,0.5740000009536743,12,"[1, 8, 11, 12, 13, 14, 15, 16, 17, 21, 23, 27]",12,"[1, 8, 11, 12, 13, 14, 15, 16, 17, 21, 23, 27]",0,[],0.48620435735210776,0.048345451597387096,0.21987599140740013,20.68446910637704,0.5541666666666667,0.01379097222222222,0.11743497018444812,0.5541666666666667,0.01379097222222222,0.11743497018444812
5,2,5,001111101100001101000010001111,0.4966666666666666,0.4036933619529009,0.5934999883174896,15,"[2, 3, 4, 5, 6, 8, 9, 14, 15, 17, 22, 26, 27, 28, 29]",15,"[2, 3, 4, 5, 6, 8, 9, 14, 15, 17, 22, 26, 27, 28, 29]",0,[],0.4036933619529009,0.10583168269800944,0.32531781798421283,9.448966268952736,0.5033333333333334,0.014302222222222221,0.11959189864795283,0.5033333333333334,0.014302222222222221,0.11959189864795283
5,2,6,011010000111101111010111010001,0.46882352941176475,0.44394821936593337,0.5920000076293945,17,"[1, 2, 4, 9, 10, 11, 12, 14, 15, 16, 17, 19, 21, 22, 23, 25, 29]",17,"[1, 2, 4, 9, 10, 11, 12, 14, 15, 16, 17, 19, 21, 22, 23, 25, 29]",0,[],0.44394821936593337,0.05797566823701383,0.24078137020337315,17.248615331380737,0.5311764705882352,0.026092733564013842,0.16153245359374024,0.5311764705882352,0.026092733564013842,0.16153245359374024
5,2,7,010001010111110110001101000011,0.5086666666666666,0.4130831184486548,0.511000007390976,15,"[1, 5, 7, 9, 10, 11, 12, 13, 15, 16, 20, 21, 23, 28, 29]",15,"[1, 5, 7, 9, 10, 11, 12, 13, 15, 16, 20, 21, 23, 28, 29]",0,[],0.4130831184486548,0.05154215071764757,0.22702896449054152,19.401596287242413,0.49133333333333346,0.01967822222222222,0.14027908690258223,0.49133333333333346,0.01967822222222222,0.14027908690258223
5,2,8,000000110001101111001110101100,0.5349999999999999,0.37907275424471926,0.590499997138977,14,"[6, 7, 11, 12, 14, 15, 16, 17, 20, 21, 22, 24, 26, 27]",14,"[6, 7, 11, 12, 14, 15, 16, 17, 20, 21, 22, 24, 26, 27]",0,[],0.37907275424471926,0.0840379106942104,0.2898929297071772,11.899391497710004,0.465,0.02139642857142857,0.14627518098238187,0.465,0.02139642857142857,0.14627518098238187
5,2,9,011010100010000101010110110110,0.475,0.4335246119382126,0.6189999878406525,14,"[1, 2, 4, 6, 10, 15, 17, 19, 21, 22, 24, 25, 27, 28]",14,"[1, 2, 4, 6, 10, 15, 17, 19, 21, 22, 24, 25, 27, 28]",0,[],0.4335246119382126,0.08488919185750522,0.29135749837185454,11.780062668974367,0.525,0.03475357142857142,0.18642309789447073,0.525,0.03475357142857142,0.18642309789447073
5,2,10,110000010110000011001111100111,0.5753333333333333,0.36151424050331116,0.5769999921321869,15,"[0, 1, 7, 9, 10, 16, 17, 20, 21, 22, 23, 24, 27, 28, 29]",15,"[0, 1, 7, 9, 10, 16, 17, 20, 21, 22, 23, 24, 27, 28, 29]",0,[],0.36151424050331116,0.048694760521832164,0.22066889341688412,20.536090316157377,0.42466666666666675,0.02073155555555555,0.14398456707423735,0.42466666666666675,0.02073155555555555,0.14398456707423735
5,2,11,001111101100001101000010000111,0.4992857142857142,0.42937734150992973,0.5834999978542328,14,"[2, 3, 4, 5, 6, 8, 9, 14, 15, 17, 22, 27, 28, 29]",14,"[2, 3, 4, 5, 6, 8, 9, 14, 15, 17, 22, 27, 28, 29]",0,[],0.42937734150992973,0.10349608651672197,0.32170807654878975,9.662201090457938,0.5007142857142858,0.015220918367346936,0.1233730860736933,0.5007142857142858,0.015220918367346936,0.1233730860736933
5,2,12,100000110101001010110100001000,0.49,0.4681307656521147,0.5139999985694885,11,"[0, 6, 7, 9, 11, 14, 16, 18, 19, 21, 26]",11,"[0, 6, 7, 9, 11, 14, 16, 18, 19, 21, 26]",0,[],0.4681307656521147,0.06591622705100736,0.25674155692253514,15.17077121580668,0.51,0.02870909090909091,0.16943757230641293,0.51,0.02870909090909091,0.16943757230641293
5,2,13,001111100010001100000010001111,0.5007692307692307,0.35945362984561,0.6570000052452087,13,"[2, 3, 4, 5, 6, 10, 14, 15, 22, 26, 27, 28, 29]",13,"[2, 3, 4, 5, 6, 10, 14, 15, 22, 26, 27, 28, 29]",0,[],0.35945362984561,0.10540925363747528,0.32466791285477425,9.486833133637504,0.49923076923076926,0.011268639053254436,0.10615384615384614,0.49923076923076926,0.011268639053254436,0.10615384615384614
5,2,14,011010000111101111110011010001,0.4847058823529412,0.44034678050700354,0.5940000116825104,17,"[1, 2, 4, 9, 10, 11, 12, 14, 15, 16, 17, 18, 19, 22, 23, 25, 29]",17,"[1, 2, 4, 9, 10, 11, 12, 14, 15, 16, 17, 18, 19, 22, 23, 25, 29]",0,[],0.44034678050700354,0.05682397615229757,0.2383778012993189,17.598205330085246,0.5152941176470588,0.023495501730103806,0.153282424726724,0.5152941176470588,0.023495501730103806,0.153282424726724
5,2,15,010001111110100110101010001101,0.518125,0.39813888096250594,0.5800000131130219,16,"[1, 5, 6, 7, 8, 9, 10, 12, 15, 16, 18, 20, 22, 26, 27, 29]",16,"[1, 5, 6, 7, 8, 9, 10, 12, 15, 16, 18, 20, 22, 26, 27, 29]",0,[],0.39813888096250594,0.0707529471587501,0.26599426151469907,14.133686866163691,0.481875,0.018177734374999997,0.13482482848125563,0.481875,0.018177734374999997,0.13482482848125563
5,2,16,010000001001111111000101001100,0.44692307692307687,0.45219768741383004,0.5755000114440918,13,"[1, 8, 11, 12, 13, 14, 15, 16, 17, 21, 23, 26, 27]",13,"[1, 8, 11, 12, 13, 14, 15, 16, 17, 21, 23, 26, 27]",0,[],0.45219768741383004,0.058504013908771954,0.24187603004177977,17.092844288587564,0.5530769230769231,0.012744378698224848,0.1128910036195305,0.5530769230769231,0.012744378698224848,0.1128910036195305
5,2,17,010000010111100011001111100111,0.5487500000000001,0.38340443931519985,0.5645000040531158,16,"[1, 7, 9, 10, 11, 12, 16, 17, 20, 21, 22, 23, 24, 27, 28, 29]",16,"[1, 7, 9, 10, 11, 12, 16, 17, 20, 21, 22, 23, 24, 27, 28, 29]",0,[],0.38340443931519985,0.05264600079387134,0.22944716340341045,18.994795139622696,0.45125,0.0222234375,0.14907527460984266,0.45125,0.0222234375,0.14907527460984266
5,2,18,101101010110000100101000110100,0.5292307692307692,0.42230113953925097,0.47350001335144043,13,"[0, 2, 3, 5, 7, 9, 10, 15, 18, 20, 24, 25, 27]",13,"[0, 2, 3, 5, 7, 9, 10, 15, 18, 20, 24, 25, 27]",0,[],0.42230113953925097,0.046526194803484605,0.21569931572326465,21.493268560297228,0.4707692307692308,0.030130177514792904,0.17358046409314876,0.4707692307692308,0.030130177514792904,0.17358046409314876
5,2,19,110100001000100010011110001001,0.44499999999999995,0.47409221483394504,0.6035000085830688,12,"[0, 1, 3, 8, 12, 16, 19, 20, 21, 22, 26, 29]",12,"[0, 1, 3, 8, 12, 16, 19, 20, 21, 22, 26, 29]",0,[],0.47409221483394504,0.06984651328782725,0.26428490930779086,14.317106938168074,0.555,0.028091666666666657,0.16760568804985904,0.555,0.028091666666666657,0.16760568804985904
5,2,20,010000001001011111100101001100,0.4569230769230769,0.44751119885880214,0.5370000004768372,13,"[1, 8, 11, 13, 14, 15, 16, 17, 18, 21, 23, 26, 27]",13,"[1, 8, 11, 13, 14, 15, 16, 17, 18, 21, 23, 26, 27]",0,[],0.44751119885880214,0.05707898087298909,0.23891207770430756,17.51958399932154,0.5430769230769231,0.013005917159763309,0.11404348801997995,0.5430769230769231,0.013005917159763309,0.11404348801997995
5,2,21,001000111111010011010111001110,0.4900000000000001,0.4427921007222989,0.5094999969005585,17,"[2, 6, 7, 8, 9, 10, 11, 13, 16, 17, 19, 21, 22, 23, 26, 27, 28]",17,"[2, 6, 7, 8, 9, 10, 11, 13, 16, 17, 19, 21, 22, 23, 26, 27, 28]",0,[],0.4427921007222989,0.07008683180175017,0.264739176930333,14.268015464426066,0.5099999999999999,0.02274117647058823,0.1508017787381443,0.5099999999999999,0.02274117647058823,0.1508017787381443
5,3,0,010000010110000011001111100111,0.57,0.3435578835862024,0.5810000002384186,14,"[1, 7, 9, 10, 16, 17, 20, 21, 22, 23, 24, 27, 28, 29]",14,"[1, 7, 9, 10, 16, 17, 20, 21, 22, 23, 24, 27, 28, 29]",0,[],0.3435578835862024,0.04733649639594402,0.2175695208340176,21.12534885631468,0.43000000000000005,0.02178571428571428,0.1475998451412273,0.43000000000000005,0.02178571428571428,0.1475998451412273
5,3,1,001000110101000111011101111001,0.50875,0.4166174832498655,0.4909999966621399,16,"[2, 6, 7, 9, 11, 15, 16, 17, 19, 20, 21, 23, 24, 25, 26, 29]",16,"[2, 6, 7, 9, 11, 15, 16, 17, 19, 20, 21, 23, 24, 25, 26, 29]",0,[],0.4166174832498655,0.06560415922813434,0.2561330888974213,15.242935993167183,0.49125,0.0339109375,0.18414922617268856,0.49125,0.0339109375,0.18414922617268856
5,3,2,010000001001111111000101000100,0.4458333333333333,0.48620435735210776,0.5740000009536743,12,"[1, 8, 11, 12, 13, 14, 15, 16, 17, 21, 23, 27]",12,"[1, 8, 11, 12, 13, 14, 15, 16, 17, 21, 23, 27]",0,[],0.48620435735210776,0.048345451597387096,0.21987599140740013,20.68446910637704,0.5541666666666667,0.01379097222222222,0.11743497018444812,0.5541666666666667,0.01379097222222222,0.11743497018444812
5,3,3,001111101100001101000010001111,0.4966666666666666,0.4036933619529009,0.5934999883174896,15,"[2, 3, 4, 5, 6, 8, 9, 14, 15, 17, 22, 26, 27, 28, 29]",15,"[2, 3, 4, 5, 6, 8, 9, 14, 15, 17, 22, 26, 27, 28, 29]",0,[],0.4036933619529009,0.10583168269800944,0.32531781798421283,9.448966268952736,0.5033333333333334,0.014302222222222221,0.11959189864795283,0.5033333333333334,0.014302222222222221,0.11959189864795283
5,3,4,011010000111101111010111010001,0.46882352941176475,0.44394821936593337,0.5920000076293945,17,"[1, 2, 4, 9, 10, 11, 12, 14, 15, 16, 17, 19, 21, 22, 23, 25, 29]",17,"[1, 2, 4, 9, 10, 11, 12, 14, 15, 16, 17, 19, 21, 22, 23, 25, 29]",0,[],0.44394821936593337,0.05797566823701383,0.24078137020337315,17.248615331380737,0.5311764705882352,0.026092733564013842,0.16153245359374024,0.5311764705882352,0.026092733564013842,0.16153245359374024
5,3,5,010001010111110110001101000011,0.5086666666666666,0.4130831184486548,0.511000007390976,15,"[1, 5, 7, 9, 10, 11, 12, 13, 15, 16, 20, 21, 23, 28, 29]",15,"[1, 5, 7, 9, 10, 11, 12, 13, 15, 16, 20, 21, 23, 28, 29]",0,[],0.4130831184486548,0.05154215071764757,0.22702896449054152,19.401596287242413,0.49133333333333346,0.01967822222222222,0.14027908690258223,0.49133333333333346,0.01967822222222222,0.14027908690258223
5,3,6,110000010110000011001111100111,0.5753333333333333,0.36151424050331116,0.5769999921321869,15,"[0, 1, 7, 9, 10, 16, 17, 20, 21, 22, 23, 24, 27, 28, 29]",15,"[0, 1, 7, 9, 10, 16, 17, 20, 21, 22, 23, 24, 27, 28, 29]",0,[],0.36151424050331116,0.048694760521832164,0.22066889341688412,20.536090316157377,0.42466666666666675,0.02073155555555555,0.14398456707423735,0.42466666666666675,0.02073155555555555,0.14398456707423735
5,3,7,100000110101001010110100001000,0.49,0.4681307656521147,0.5139999985694885,11,"[0, 6, 7, 9, 11, 14, 16, 18, 19, 21, 26]",11,"[0, 6, 7, 9, 11, 14, 16, 18, 19, 21, 26]",0,[],0.4681307656521147,0.06591622705100736,0.25674155692253514,15.17077121580668,0.51,0.02870909090909091,0.16943757230641293,0.51,0.02870909090909091,0.16943757230641293
5,3,8,010000001001111111000101001100,0.44692307692307687,0.45219768741383004,0.5755000114440918,13,"[1, 8, 11, 12, 13, 14, 15, 16, 17, 21, 23, 26, 27]",13,"[1, 8, 11, 12, 13, 14, 15, 16, 17, 21, 23, 26, 27]",0,[],0.45219768741383004,0.058504013908771954,0.24187603004177977,17.092844288587564,0.5530769230769231,0.012744378698224848,0.1128910036195305,0.5530769230769231,0.012744378698224848,0.1128910036195305
5,3,9,101101010110000100101000110100,0.5292307692307692,0.42230113953925097,0.47350001335144043,13,"[0, 2, 3, 5, 7, 9, 10, 15, 18, 20, 24, 25, 27]",13,"[0, 2, 3, 5, 7, 9, 10, 15, 18, 20, 24, 25, 27]",0,[],0.42230113953925097,0.046526194803484605,0.21569931572326465,21.493268560297228,0.4707692307692308,0.030130177514792904,0.17358046409314876,0.4707692307692308,0.030130177514792904,0.17358046409314876
5,3,10,110100001000100010011110001001,0.44499999999999995,0.47409221483394504,0.6035000085830688,12,"[0, 1, 3, 8, 12, 16, 19, 20, 21, 22, 26, 29]",12,"[0, 1, 3, 8, 12, 16, 19, 20, 21, 22, 26, 29]",0,[],0.47409221483394504,0.06984651328782725,0.26428490930779086,14.317106938168074,0.555,0.028091666666666657,0.16760568804985904,0.555,0.028091666666666657,0.16760568804985904
5,3,11,010000001001011111100101001100,0.4569230769230769,0.44751119885880214,0.5370000004768372,13,"[1, 8, 11, 13, 14, 15, 16, 17, 18, 21, 23, 26, 27]",13,"[1, 8, 11, 13, 14, 15, 16, 17, 18, 21, 23, 26, 27]",0,[],0.44751119885880214,0.05707898087298909,0.23891207770430756,17.51958399932154,0.5430769230769231,0.013005917159763309,0.11404348801997995,0.5430769230769231,0.013005917159763309,0.11404348801997995
5,3,12,001000111111010011010111001110,0.4900000000000001,0.4427921007222989,0.5094999969005585,17,"[2, 6, 7, 8, 9, 10, 11, 13, 16, 17, 19, 21, 22, 23, 26, 27, 28]",17,"[2, 6, 7, 8, 9, 10, 11, 13, 16, 17, 19, 21, 22, 23, 26, 27, 28]",0,[],0.4427921007222989,0.07008683180175017,0.264739176930333,14.268015464426066,0.5099999999999999,0.02274117647058823,0.1508017787381443,0.5099999999999999,0.02274117647058823,0.1508017787381443
5,3,13,010000010110000011001111000111,0.5492307692307692,0.3592746051458212,0.5895000100135803,13,"[1, 7, 9, 10, 16, 17, 20, 21, 22, 23, 27, 28, 29]",13,"[1, 7, 9, 10, 16, 17, 20, 21, 22, 23, 27, 28, 29]",0,[],0.3592746051458212,0.047519550637321946,0.21798979480086206,21.043970041555866,0.4507692307692308,0.01742248520710059,0.13199426202339476,0.4507692307692308,0.01742248520710059,0.13199426202339476
5,3,14,001000110101000010011101111001,0.4978571428571428,0.4281164367816278,0.49949997663497925,14,"[2, 6, 7, 9, 11, 16, 19, 20, 21, 23, 24, 25, 26, 29]",14,"[2, 6, 7, 9, 11, 16, 19, 20, 21, 23, 24, 25, 26, 29]",0,[],0.4281164367816278,0.06040564859866042,0.24577560619121747,16.55474319370484,0.5021428571428572,0.037773979591836725,0.19435529216318428,0.5021428571428572,0.037773979591836725,0.19435529216318428
5,3,15,010000010010001101010110110110,0.4869230769230769,0.31841917293002975,0.6049999892711639,13,"[1, 7, 10, 14, 15, 17, 19, 21, 22, 24, 25, 27, 28]",13,"[1, 7, 10, 14, 15, 17, 19, 21, 22, 24, 25, 27, 28]",0,[],0.31841917293002975,0.05679056459359755,0.23830770989121933,17.608558871639357,0.5130769230769231,0.041421301775147926,0.20352223901860927,0.5130769230769231,0.041421301775147926,0.20352223901860927
5,3,16,001000110001101111001110101100,0.5253333333333333,0.37898642296592394,0.5889999866485596,15,"[2, 6, 7, 11, 12, 14, 15, 16, 17, 20, 21, 22, 24, 26, 27]",15,"[2, 6, 7, 11, 12, 14, 15, 16, 17, 20, 21, 22, 24, 26, 27]",0,[],0.37898642296592394,0.07843548765785213,0.28006336364803613,12.749331072717448,0.4746666666666667,0.02127822222222222,0.14587056667546822,0.4746666666666667,0.02127822222222222,0.14587056667546822
5,3,17,010000001001111110000101010000,0.4109090909090909,0.4902070288292386,0.632999986410141,11,"[1, 8, 11, 12, 13, 14, 15, 16, 21, 23, 25]",11,"[1, 8, 11, 12, 13, 14, 15, 16, 21, 23, 25]",0,[],0.4902070288292386,0.04800550513717473,0.21910158634107313,20.83094422488673,0.5890909090909091,0.017899173553719006,0.13378779299218224,0.5890909090909091,0.017899173553719006,0.13378779299218224
5,3,18,010000001001010111100101011000,0.43833333333333324,0.48770684422925115,0.613999992609024,12,"[1, 8, 11, 13, 15, 16, 17, 18, 21, 23, 25, 26]",12,"[1, 8, 11, 13, 15, 16, 17, 18, 21, 23, 25, 26]",0,[],0.48770684422925115,0.05268731631558111,0.2295371785040086,18.979900096074395,0.5616666666666668,0.019130555555555553,0.13831325155441743,0.5616666666666668,0.019130555555555553,0.13831325155441743
5,3,19,101000110000100111011110111001,0.514375,0.3972817196045071,0.5600000023841858,16,"[0, 2, 6, 7, 12, 15, 16, 17, 19, 20, 21, 22, 24, 25, 26, 29]",16,"[0, 2, 6, 7, 12, 15, 16, 17, 19, 20, 21, 22, 24, 25, 26, 29]",0,[],0.3972817196045071,0.07603781622450143,0.27574955344388397,13.151350862674738,0.48562500000000003,0.034962109375,0.18698157496127793,0.48562500000000003,0.034962109375,0.18698157496127793
5,3,20,010000010110000111100101001100,0.5274999999999999,0.37885826065515477,0.527999997138977,12,"[1, 7, 9, 10, 15, 16, 17, 18, 21, 23, 26, 27]",12,"[1, 7, 9, 10, 15, 16, 17, 18, 21, 23, 26, 27]",0,[],0.37885826065515477,0.04264210358219372,0.2064996454771623,23.45100067759263,0.4725000000000001,0.017735416666666663,0.13317438442383228,0.4725000000000001,0.017735416666666663,0.13317438442383228
5,3,21,010000001001011111100101001101,0.4692857142857142,0.4238517613017133,0.5189999938011169,14,"[1, 8, 11, 13, 14, 15, 16, 17, 18, 21, 23, 26, 27, 29]",14,"[1, 8, 11, 13, 14, 15, 16, 17, 18, 21, 23, 26, 27, 29]",0,[],0.4238517613017133,0.06027890762236392,0.24551763199893387,16.58955079718453,0.5307142857142858,0.014063775510204077,0.11859079015760067,0.5307142857142858,0.014063775510204077,0.11859079015760067
5,3,22,110000011110000111001111100111,0.56,0.36630277258946614,0.5550000071525574,17,"[0, 1, 7, 8, 9, 10, 15, 16, 17, 20, 21, 22, 23, 24, 27, 28, 29]",17,"[0, 1, 7, 8, 9, 10, 15, 16, 17, 20, 21, 22, 23, 24, 27, 28, 29]",0,[],0.36630277258946614,0.05956274469781625,0.24405479855519385,16.789018119856102,0.43999999999999995,0.022882352941176468,0.15126914074316833,0.43999999999999995,0.022882352941176468,0.15126914074316833
5,3,23,010000001000101001111001000100,0.42400000000000004,0.5218632116913795,0.6195000112056732,10,"[1, 8, 12, 14, 17, 18, 19, 20, 23, 27]",10,"[1, 8, 12, 14, 17, 18, 19, 20, 23, 27]",0,[],0.5218632116913795,0.028777470787617963,0.16963923716999543,34.74940544219989,0.576,0.017983999999999997,0.13410443691392168,0.576,0.017983999999999997,0.13410443691392168
5,4,0,010000010110000011001111100111,0.57,0.3435578835862024,0.5810000002384186,14,"[1, 7, 9, 10, 16, 17, 20, 21, 22, 23, 24, 27, 28, 29]",14,"[1, 7, 9, 10, 16, 17, 20, 21, 22, 23, 24, 27, 28, 29]",0,[],0.3435578835862024,0.04733649639594402,0.2175695208340176,21.12534885631468,0.43000000000000005,0.02178571428571428,0.1475998451412273,0.43000000000000005,0.02178571428571428,0.1475998451412273
5,4,1,001000110101000111011101111001,0.50875,0.4166174832498655,0.4909999966621399,16,"[2, 6, 7, 9, 11, 15, 16, 17, 19, 20, 21, 23, 24, 25, 26, 29]",16,"[2, 6, 7, 9, 11, 15, 16, 17, 19, 20, 21, 23, 24, 25, 26, 29]",0,[],0.4166174832498655,0.06560415922813434,0.2561330888974213,15.242935993167183,0.49125,0.0339109375,0.18414922617268856,0.49125,0.0339109375,0.18414922617268856
5,4,2,010000001001111111000101000100,0.4458333333333333,0.48620435735210776,0.5740000009536743,12,"[1, 8, 11, 12, 13, 14, 15, 16, 17, 21, 23, 27]",12,"[1, 8, 11, 12, 13, 14, 15, 16, 17, 21, 23, 27]",0,[],0.48620435735210776,0.048345451597387096,0.21987599140740013,20.68446910637704,0.5541666666666667,0.01379097222222222,0.11743497018444812,0.5541666666666667,0.01379097222222222,0.11743497018444812
5,4,3,010001010111110110001101000011,0.5086666666666666,0.4130831184486548,0.511000007390976,15,"[1, 5, 7, 9, 10, 11, 12, 13, 15, 16, 20, 21, 23, 28, 29]",15,"[1, 5, 7, 9, 10, 11, 12, 13, 15, 16, 20, 21, 23, 28, 29]",0,[],0.4130831184486548,0.05154215071764757,0.22702896449054152,19.401596287242413,0.49133333333333346,0.01967822222222222,0.14027908690258223,0.49133333333333346,0.01967822222222222,0.14027908690258223
5,4,4,100000110101001010110100001000,0.49,0.4681307656521147,0.5139999985694885,11,"[0, 6, 7, 9, 11, 14, 16, 18, 19, 21, 26]",11,"[0, 6, 7, 9, 11, 14, 16, 18, 19, 21, 26]",0,[],0.4681307656521147,0.06591622705100736,0.25674155692253514,15.17077121580668,0.51,0.02870909090909091,0.16943757230641293,0.51,0.02870909090909091,0.16943757230641293
5,4,5,010000001001111111000101001100,0.44692307692307687,0.45219768741383004,0.5755000114440918,13,"[1, 8, 11, 12, 13, 14, 15, 16, 17, 21, 23, 26, 27]",13,"[1, 8, 11, 12, 13, 14, 15, 16, 17, 21, 23, 26, 27]",0,[],0.45219768741383004,0.058504013908771954,0.24187603004177977,17.092844288587564,0.5530769230769231,0.012744378698224848,0.1128910036195305,0.5530769230769231,0.012744378698224848,0.1128910036195305
5,4,6,101101010110000100101000110100,0.5292307692307692,0.42230113953925097,0.47350001335144043,13,"[0, 2, 3, 5, 7, 9, 10, 15, 18, 20, 24, 25, 27]",13,"[0, 2, 3, 5, 7, 9, 10, 15, 18, 20, 24, 25, 27]",0,[],0.42230113953925097,0.046526194803484605,0.21569931572326465,21.493268560297228,0.4707692307692308,0.030130177514792904,0.17358046409314876,0.4707692307692308,0.030130177514792904,0.17358046409314876
5,4,7,110100001000100010011110001001,0.44499999999999995,0.47409221483394504,0.6035000085830688,12,"[0, 1, 3, 8, 12, 16, 19, 20, 21, 22, 26, 29]",12,"[0, 1, 3, 8, 12, 16, 19, 20, 21, 22, 26, 29]",0,[],0.47409221483394504,0.06984651328782725,0.26428490930779086,14.317106938168074,0.555,0.028091666666666657,0.16760568804985904,0.555,0.028091666666666657,0.16760568804985904
5,4,8,010000001001011111100101001100,0.4569230769230769,0.44751119885880214,0.5370000004768372,13,"[1, 8, 11, 13, 14, 15, 16, 17, 18, 21, 23, 26, 27]",13,"[1, 8, 11, 13, 14, 15, 16, 17, 18, 21, 23, 26, 27]",0,[],0.44751119885880214,0.05707898087298909,0.23891207770430756,17.51958399932154,0.5430769230769231,0.013005917159763309,0.11404348801997995,0.5430769230769231,0.013005917159763309,0.11404348801997995
5,4,9,001000111111010011010111001110,0.4900000000000001,0.4427921007222989,0.5094999969005585,17,"[2, 6, 7, 8, 9, 10, 11, 13, 16, 17, 19, 21, 22, 23, 26, 27, 28]",17,"[2, 6, 7, 8, 9, 10, 11, 13, 16, 17, 19, 21, 22, 23, 26, 27, 28]",0,[],0.4427921007222989,0.07008683180175017,0.264739176930333,14.268015464426066,0.5099999999999999,0.02274117647058823,0.1508017787381443,0.5099999999999999,0.02274117647058823,0.1508017787381443
5,4,10,001000110101000010011101111001,0.4978571428571428,0.4281164367816278,0.49949997663497925,14,"[2, 6, 7, 9, 11, 16, 19, 20, 21, 23, 24, 25, 26, 29]",14,"[2, 6, 7, 9, 11, 16, 19, 20, 21, 23, 24, 25, 26, 29]",0,[],0.4281164367816278,0.06040564859866042,0.24577560619121747,16.55474319370484,0.5021428571428572,0.037773979591836725,0.19435529216318428,0.5021428571428572,0.037773979591836725,0.19435529216318428
5,4,11,010000010010001101010110110110,0.4869230769230769,0.31841917293002975,0.6049999892711639,13,"[1, 7, 10, 14, 15, 17, 19, 21, 22, 24, 25, 27, 28]",13,"[1, 7, 10, 14, 15, 17, 19, 21, 22, 24, 25, 27, 28]",0,[],0.31841917293002975,0.05679056459359755,0.23830770989121933,17.608558871639357,0.5130769230769231,0.041421301775147926,0.20352223901860927,0.5130769230769231,0.041421301775147926,0.20352223901860927
5,4,12,010000001001111110000101010000,0.4109090909090909,0.4902070288292386,0.632999986410141,11,"[1, 8, 11, 12, 13, 14, 15, 16, 21, 23, 25]",11,"[1, 8, 11, 12, 13, 14, 15, 16, 21, 23, 25]",0,[],0.4902070288292386,0.04800550513717473,0.21910158634107313,20.83094422488673,0.5890909090909091,0.017899173553719006,0.13378779299218224,0.5890909090909091,0.017899173553719006,0.13378779299218224
5,4,13,010000001001010111100101011000,0.43833333333333324,0.48770684422925115,0.613999992609024,12,"[1, 8, 11, 13, 15, 16, 17, 18, 21, 23, 25, 26]",12,"[1, 8, 11, 13, 15, 16, 17, 18, 21, 23, 25, 26]",0,[],0.48770684422925115,0.05268731631558111,0.2295371785040086,18.979900096074395,0.5616666666666668,0.019130555555555553,0.13831325155441743,0.5616666666666668,0.019130555555555553,0.13831325155441743
5,4,14,010000010110000111100101001100,0.5274999999999999,0.37885826065515477,0.527999997138977,12,"[1, 7, 9, 10, 15, 16, 17, 18, 21, 23, 26, 27]",12,"[1, 7, 9, 10, 15, 16, 17, 18, 21, 23, 26, 27]",0,[],0.37885826065515477,0.04264210358219372,0.2064996454771623,23.45100067759263,0.4725000000000001,0.017735416666666663,0.13317438442383228,0.4725000000000001,0.017735416666666663,0.13317438442383228
5,4,15,010000001001011111100101001101,0.4692857142857142,0.4238517613017133,0.5189999938011169,14,"[1, 8, 11, 13, 14, 15, 16, 17, 18, 21, 23, 26, 27, 29]",14,"[1, 8, 11, 13, 14, 15, 16, 17, 18, 21, 23, 26, 27, 29]",0,[],0.4238517613017133,0.06027890762236392,0.24551763199893387,16.58955079718453,0.5307142857142858,0.014063775510204077,0.11859079015760067,0.5307142857142858,0.014063775510204077,0.11859079015760067
5,4,16,010000001000101001111001000100,0.42400000000000004,0.5218632116913795,0.6195000112056732,10,"[1, 8, 12, 14, 17, 18, 19, 20, 23, 27]",10,"[1, 8, 12, 14, 17, 18, 19, 20, 23, 27]",0,[],0.5218632116913795,0.028777470787617963,0.16963923716999543,34.74940544219989,0.576,0.017983999999999997,0.13410443691392168,0.576,0.017983999999999997,0.13410443691392168
5,4,17,010000110110001111001111100111,0.5594117647058823,0.3473557909841047,0.574999988079071,17,"[1, 6, 7, 9, 10, 14, 15, 16, 17, 20, 21, 22, 23, 24, 27, 28, 29]",17,"[1, 6, 7, 9, 10, 14, 15, 16, 17, 20, 21, 22, 23, 24, 27, 28, 29]",0,[],0.3473557909841047,0.0648588535192363,0.25467401422060376,15.418095537310306,0.44058823529411767,0.019417301038062284,0.13934597603828494,0.44058823529411767,0.019417301038062284,0.13934597603828494
5,4,18,001001010001101101001110101100,0.5042857142857142,0.3487459578152214,0.5550000071525574,14,"[2, 5, 7, 11, 12, 14, 15, 17, 20, 21, 22, 24, 26, 27]",14,"[2, 5, 7, 11, 12, 14, 15, 17, 20, 21, 22, 24, 26, 27]",0,[],0.3487459578152214,0.0644619142205712,0.25389350960702245,15.513036063097212,0.4957142857142857,0.02545306122448979,0.1595401555235853,0.4957142857142857,0.02545306122448979,0.1595401555235853
5,4,19,010000110110001101010110110110,0.5,0.36559291146695616,0.5949999988079071,15,"[1, 6, 7, 9, 10, 14, 15, 17, 19, 21, 22, 24, 25, 27, 28]",15,"[1, 6, 7, 9, 10, 14, 15, 17, 19, 21, 22, 24, 25, 27, 28]",0,[],0.36559291146695616,0.07060103441212563,0.2657085516352939,14.16409842046523,0.5,0.03776,0.19431932482385791,0.5,0.03776,0.19431932482385791
5,4,20,010001010010111110010101001100,0.4514285714285714,0.3879119678001319,0.5850000083446503,14,"[1, 5, 7, 10, 12, 13, 14, 15, 16, 19, 21, 23, 26, 27]",14,"[1, 5, 7, 10, 12, 13, 14, 15, 16, 19, 21, 23, 26, 27]",0,[],0.3879119678001319,0.04638131821227653,0.21536322390853208,21.56040489024551,0.5485714285714286,0.024055102040816324,0.155097072960183,0.5485714285714286,0.024055102040816324,0.155097072960183
5,4,21,010010001001011110110101001101,0.44866666666666666,0.45410632180670896,0.5189999938011169,15,"[1, 4, 8, 11, 13, 14, 15, 16, 18, 19, 21, 23, 26, 27, 29]",15,"[1, 4, 8, 11, 13, 14, 15, 16, 18, 19, 21, 23, 26, 27, 29]",0,[],0.45410632180670896,0.07069213478865954,0.2658799255089777,14.145845262554163,0.5513333333333333,0.019638222222222217,0.1401364414498321,0.5513333333333333,0.019638222222222217,0.1401364414498321
5,4,22,011000001001000111100101010000,0.4281818181818181,0.5019220223819668,0.6299999952316284,11,"[1, 2, 8, 11, 15, 16, 17, 18, 21, 23, 25]",11,"[1, 2, 8, 11, 15, 16, 17, 18, 21, 23, 25]",0,[],0.5019220223819668,0.03762774218919582,0.19397871581489506,26.576136164957923,0.5718181818181819,0.020778512396694218,0.1441475369081769,0.5718181818181819,0.020778512396694218,0.1441475369081769
5,4,23,101000001001000111111111111001,0.491764705882353,0.4229270778596401,0.5525000095367432,17,"[0, 2, 8, 11, 15, 16, 17, 18, 19, 20, 21, 22, 23, 24, 25, 26, 29]",17,"[0, 2, 8, 11, 15, 16, 17, 18, 19, 20, 21, 22, 23, 24, 25, 26, 29]",0,[],0.4229270778596401,0.06307361429156265,0.2511446083266823,15.854490205324572,0.508235294117647,0.03249688581314879,0.18026892636599573,0.508235294117647,0.03249688581314879,0.18026892636599573
5,5,0,001000110101000111011101111001,0.50875,0.4166174832498655,0.4909999966621399,16,"[2, 6, 7, 9, 11, 15, 16, 17, 19, 20, 21, 23, 24, 25, 26, 29]",16,"[2, 6, 7, 9, 11, 15, 16, 17, 19, 20, 21, 23, 24, 25, 26, 29]",0,[],0.4166174832498655,0.06560415922813434,0.2561330888974213,15.242935993167183,0.49125,0.0339109375,0.18414922617268856,0.49125,0.0339109375,0.18414922617268856
5,5,1,010001010111110110001101000011,0.5086666666666666,0.4130831184486548,0.511000007390976,15,"[1, 5, 7, 9, 10, 11, 12, 13, 15, 16, 20, 21, 23, 28, 29]",15,"[1, 5, 7, 9, 10, 11, 12, 13, 15, 16, 20, 21, 23, 28, 29]",0,[],0.4130831184486548,0.05154215071764757,0.22702896449054152,19.401596287242413,0.49133333333333346,0.01967822222222222,0.14027908690258223,0.49133333333333346,0.01967822222222222,0.14027908690258223
5,5,2,100000110101001010110100001000,0.49,0.4681307656521147,0.5139999985694885,11,"[0, 6, 7, 9, 11, 14, 16, 18, 19, 21, 26]",11,"[0, 6, 7, 9, 11, 14, 16, 18, 19, 21, 26]",0,[],0.4681307656521147,0.06591622705100736,0.25674155692253514,15.17077121580668,0.51,0.02870909090909091,0.16943757230641293,0.51,0.02870909090909091,0.16943757230641293
5,5,3,101101010110000100101000110100,0.5292307692307692,0.42230113953925097,0.47350001335144043,13,"[0, 2, 3, 5, 7, 9, 10, 15, 18, 20, 24, 25, 27]",13,"[0, 2, 3, 5, 7, 9, 10, 15, 18, 20, 24, 25, 27]",0,[],0.42230113953925097,0.046526194803484605,0.21569931572326465,21.493268560297228,0.4707692307692308,0.030130177514792904,0.17358046409314876,0.4707692307692308,0.030130177514792904,0.17358046409314876
5,5,4,010000001001011111100101001100,0.4569230769230769,0.44751119885880214,0.5370000004768372,13,"[1, 8, 11, 13, 14, 15, 16, 17, 18, 21, 23, 26, 27]",13,"[1, 8, 11, 13, 14, 15, 16, 17, 18, 21, 23, 26, 27]",0,[],0.44751119885880214,0.05707898087298909,0.23891207770430756,17.51958399932154,0.5430769230769231,0.013005917159763309,0.11404348801997995,0.5430769230769231,0.013005917159763309,0.11404348801997995
5,5,5,001000111111010011010111001110,0.4900000000000001,0.4427921007222989,0.5094999969005585,17,"[2, 6, 7, 8, 9, 10, 11, 13, 16, 17, 19, 21, 22, 23, 26, 27, 28]",17,"[2, 6, 7, 8, 9, 10, 11, 13, 16, 17, 19, 21, 22, 23, 26, 27, 28]",0,[],0.4427921007222989,0.07008683180175017,0.264739176930333,14.268015464426066,0.5099999999999999,0.02274117647058823,0.1508017787381443,0.5099999999999999,0.02274117647058823,0.1508017787381443
5,5,6,001000110101000010011101111001,0.4978571428571428,0.4281164367816278,0.49949997663497925,14,"[2, 6, 7, 9, 11, 16, 19, 20, 21, 23, 24, 25, 26, 29]",14,"[2, 6, 7, 9, 11, 16, 19, 20, 21, 23, 24, 25, 26, 29]",0,[],0.4281164367816278,0.06040564859866042,0.24577560619121747,16.55474319370484,0.5021428571428572,0.037773979591836725,0.19435529216318428,0.5021428571428572,0.037773979591836725,0.19435529216318428
5,5,7,010000010010001101010110110110,0.4869230769230769,0.31841917293002975,0.6049999892711639,13,"[1, 7, 10, 14, 15, 17, 19, 21, 22, 24, 25, 27, 28]",13,"[1, 7, 10, 14, 15, 17, 19, 21, 22, 24, 25, 27, 28]",0,[],0.31841917293002975,0.05679056459359755,0.23830770989121933,17.608558871639357,0.5130769230769231,0.041421301775147926,0.20352223901860927,0.5130769230769231,0.041421301775147926,0.20352223901860927
5,5,8,010000001001011111100101001101,0.4692857142857142,0.4238517613017133,0.5189999938011169,14,"[1, 8, 11, 13, 14, 15, 16, 17, 18, 21, 23, 26, 27, 29]",14,"[1, 8, 11, 13, 14, 15, 16, 17, 18, 21, 23, 26, 27, 29]",0,[],0.4238517613017133,0.06027890762236392,0.24551763199893387,16.58955079718453,0.5307142857142858,0.014063775510204077,0.11859079015760067,0.5307142857142858,0.014063775510204077,0.11859079015760067
5,5,9,001001010001101101001110101100,0.5042857142857142,0.3487459578152214,0.5550000071525574,14,"[2, 5, 7, 11, 12, 14, 15, 17, 20, 21, 22, 24, 26, 27]",14,"[2, 5, 7, 11, 12, 14, 15, 17, 20, 21, 22, 24, 26, 27]",0,[],0.3487459578152214,0.0644619142205712,0.25389350960702245,15.513036063097212,0.4957142857142857,0.02545306122448979,0.1595401555235853,0.4957142857142857,0.02545306122448979,0.1595401555235853
5,5,10,010001010010111110010101001100,0.4514285714285714,0.3879119678001319,0.5850000083446503,14,"[1, 5, 7, 10, 12, 13, 14, 15, 16, 19, 21, 23, 26, 27]",14,"[1, 5, 7, 10, 12, 13, 14, 15, 16, 19, 21, 23, 26, 27]",0,[],0.3879119678001319,0.04638131821227653,0.21536322390853208,21.56040489024551,0.5485714285714286,0.024055102040816324,0.155097072960183,0.5485714285714286,0.024055102040816324,0.155097072960183
5,5,11,010010001001011110110101001101,0.44866666666666666,0.45410632180670896,0.5189999938011169,15,"[1, 4, 8, 11, 13, 14, 15, 16, 18, 19, 21, 23, 26, 27, 29]",15,"[1, 4, 8, 11, 13, 14, 15, 16, 18, 19, 21, 23, 26, 27, 29]",0,[],0.45410632180670896,0.07069213478865954,0.2658799255089777,14.145845262554163,0.5513333333333333,0.019638222222222217,0.1401364414498321,0.5513333333333333,0.019638222222222217,0.1401364414498321
5,5,12,101101010110000100001000110100,0.5291666666666666,0.4098738514197369,0.4750000238418579,12,"[0, 2, 3, 5, 7, 9, 10, 15, 20, 24, 25, 27]",12,"[0, 2, 3, 5, 7, 9, 10, 15, 20, 24, 25, 27]",0,[],0.4098738514197369,0.048395690333704604,0.21999020508582787,20.66299691366448,0.4708333333333334,0.032640972222222224,0.18066812730036869,0.4708333333333334,0.032640972222222224,0.18066812730036869
5,5,13,010000010010010101000111000010,0.53,0.34892466608434913,0.5374999940395355,10,"[1, 7, 10, 13, 15, 17, 21, 22, 23, 28]",10,"[1, 7, 10, 13, 15, 17, 21, 22, 23, 28]",0,[],0.34892466608434913,0.06862936990662259,0.26197207848666354,14.571021143871846,0.47000000000000003,0.01996,0.1412798640995949,0.47000000000000003,0.01996,0.1412798640995949
5,5,14,010000001001010111100101100111,0.5057142857142856,0.4207256156951189,0.5115000009536743,14,"[1, 8, 11, 13, 15, 16, 17, 18, 21, 23, 24, 27, 28, 29]",14,"[1, 8, 11, 13, 15, 16, 17, 18, 21, 23, 24, 27, 28, 29]",0,[],0.4207256156951189,0.06223599207888928,0.24947142537551126,16.06787273082137,0.4942857142857144,0.02283877551020408,0.1511250327053863,0.4942857142857144,0.02283877551020408,0.1511250327053863
5,5,15,001101010110010101011011000011,0.5199999999999999,0.38803182256718477,0.5090000033378601,15,"[2, 3, 5, 7, 9, 10, 13, 15, 17, 19, 20, 22, 23, 28, 29]",15,"[2, 3, 5, 7, 9, 10, 13, 15, 17, 19, 20, 22, 23, 28, 29]",0,[],0.38803182256718477,0.0657635470478983,0.2564440427225758,15.205992451588093,0.4800000000000001,0.02283999999999999,0.15112908389850047,0.4800000000000001,0.02283999999999999,0.15112908389850047
5,5,16,010001001001111110010101001100,0.40642857142857136,0.45106369722634554,0.5374999940395355,14,"[1, 5, 8, 11, 12, 13, 14, 15, 16, 19, 21, 23, 26, 27]",14,"[1, 5, 8, 11, 12, 13, 14, 15, 16, 19, 21, 23, 26, 27]",0,[],0.45106369722634554,0.05332056386821081,0.23091245931783502,18.754490340192934,0.5935714285714286,0.016951530612244893,0.13019804381112987,0.5935714285714286,0.016951530612244893,0.13019804381112987
5,5,17,010000010110001010101111100111,0.5573333333333332,0.3269484966993332,0.5399999916553497,15,"[1, 7, 9, 10, 14, 16, 18, 20, 21, 22, 23, 24, 27, 28, 29]",15,"[1, 7, 9, 10, 14, 16, 18, 20, 21, 22, 23, 24, 27, 28, 29]",0,[],0.3269484966993332,0.043447749274771644,0.20844123698244463,23.016151968559157,0.4426666666666667,0.021779555555555555,0.14757898073762252,0.4426666666666667,0.021779555555555555,0.14757898073762252
5,5,18,010000001011011111100101001100,0.46571428571428564,0.44993764840598616,0.5239999890327454,14,"[1, 8, 10, 11, 13, 14, 15, 16, 17, 18, 21, 23, 26, 27]",14,"[1, 8, 10, 11, 13, 14, 15, 16, 17, 18, 21, 23, 26, 27]",0,[],0.44993764840598616,0.05307845035689812,0.2303876089482638,18.840037591075586,0.5342857142857144,0.013081632653061222,0.1143749651499891,0.5342857142857144,0.013081632653061222,0.1143749651499891
5,5,19,010000001001111110000100010000,0.396,0.4963705884292722,0.6335000097751617,10,"[1, 8, 11, 12, 13, 14, 15, 16, 21, 25]",10,"[1, 8, 11, 12, 13, 14, 15, 16, 21, 25]",0,[],0.4963705884292722,0.05238817151451738,0.22888462489760508,19.088278347773375,0.604,0.017244000000000002,0.13131641176943573,0.604,0.017244000000000002,0.13131641176943573
5,5,20,010000010010111110000101010100,0.4674999999999999,0.402194576493154,0.5794999897480011,12,"[1, 7, 10, 12, 13, 14, 15, 16, 21, 23, 25, 27]",12,"[1, 7, 10, 12, 13, 14, 15, 16, 21, 23, 25, 27]",0,[],0.402194576493154,0.04104988321012585,0.20260770767699302,24.360605239269674,0.5325000000000001,0.023585416666666664,0.15357544291541753,0.5325000000000001,0.023585416666666664,0.15357544291541753
5,5,21,001000010000001101010110101100,0.5045454545454544,0.27855876460671425,0.6980000138282776,11,"[2, 7, 14, 15, 17, 19, 21, 22, 24, 26, 27]",11,"[2, 7, 14, 15, 17, 19, 21, 22, 24, 26, 27]",0,[],0.27855876460671425,0.05686768956169792,0.2384694730184514,17.584677832129294,0.49545454545454554,0.037752066115702476,0.19429890919843704,0.49545454545454554,0.037752066115702476,0.19429890919843704
5,5,22,010001010010011110010101111001,0.4753333333333333,0.3503624929736058,0.5245000123977661,15,"[1, 5, 7, 10, 13, 14, 15, 16, 19, 21, 23, 24, 25, 26, 29]",15,"[1, 5, 7, 10, 13, 14, 15, 16, 19, 21, 23, 24, 25, 26, 29]",0,[],0.3503624929736058,0.047770759222282494,0.2185652287585619,20.93330766100853,0.5246666666666667,0.03810488888888888,0.1952047358259755,0.5246666666666667,0.03810488888888888,0.1952047358259755
6,1,0,110100011100011001100111010001,0.4980000000000001,0.4988669032851855,0.515500009059906,15,"[0, 1, 3, 7, 8, 9, 13, 14, 17, 18, 21, 22, 23, 25, 29]",15,"[0, 1, 3, 7, 8, 9, 13, 14, 17, 18, 21, 22, 23, 25, 29]",0,[],0.4988669032851855,0.07359528218512949,0.27128450413750044,13.587827511612666,0.5019999999999999,0.020429333333333338,0.14293121888983296,0.5019999999999999,0.020429333333333338,0.14293121888983296
6,1,1,001000110101000111011101111001,0.524375,0.46273261040914804,0.45649999380111694,16,"[2, 6, 7, 9, 11, 15, 16, 17, 19, 20, 21, 23, 24, 25, 26, 29]",16,"[2, 6, 7, 9, 11, 15, 16, 17, 19, 20, 21, 23, 24, 25, 26, 29]",0,[],0.46273261040914804,0.06398600279439429,0.2529545468940898,15.628418034070545,0.47562499999999996,0.029674609375,0.1722631979704313,0.47562499999999996,0.029674609375,0.1722631979704313
6,1,2,011011111111000011110110110110,0.489,0.4940667685121298,0.5634999871253967,20,"[1, 2, 4, 5, 6, 7, 8, 9, 10, 11, 16, 17, 18, 19, 21, 22, 24, 25, 27, 28]",20,"[1, 2, 4, 5, 6, 7, 8, 9, 10, 11, 16, 17, 18, 19, 21, 22, 24, 25, 27, 28]",0,[],0.4940667685121298,0.06256756749952956,0.25013509849585197,15.982721399669547,0.511,0.022809000000000003,0.1510264877430446,0.511,0.022809000000000003,0.1510264877430446
6,1,3,001111011001001010100101010001,0.47357142857142853,0.5150864736310073,0.5879999995231628,14,"[2, 3, 4, 5, 7, 8, 11, 14, 16, 18, 21, 23, 25, 29]",14,"[2, 3, 4, 5, 7, 8, 11, 14, 16, 18, 21, 23, 25, 29]",0,[],0.5150864736310073,0.04433982536598342,0.21057023855707485,22.55308837474987,0.5264285714285715,0.023308673469387756,0.1526717834748378,0.5264285714285715,0.023308673469387756,0.1526717834748378
6,1,4,100110100000101010011110001110,0.49928571428571433,0.4913795276411942,0.6159999966621399,14,"[0, 3, 4, 6, 12, 14, 16, 19, 20, 21, 22, 26, 27, 28]",14,"[0, 3, 4, 6, 12, 14, 16, 19, 20, 21, 22, 26, 27, 28]",0,[],0.4913795276411942,0.09395888249265301,0.30652713173983964,10.64295331607625,0.5007142857142857,0.013635204081632657,0.11676987660194155,0.5007142857142857,0.013635204081632657,0.11676987660194155
6,1,5,001111101100001101000010001111,0.5066666666666667,0.4217653757582108,0.5564999878406525,15,"[2, 3, 4, 5, 6, 8, 9, 14, 15, 17, 22, 26, 27, 28, 29]",15,"[2, 3, 4, 5, 6, 8, 9, 14, 15, 17, 22, 26, 27, 28, 29]",0,[],0.4217653757582108,0.09073794486201185,0.30122739726328324,11.02074773151114,0.4933333333333333,0.010702222222222222,0.10345154528677772,0.4933333333333333,0.010702222222222222,0.10345154528677772
6,1,6,011101111100110000101000100010,0.4978571428571429,0.53366494551301,0.5370000004768372,14,"[1, 2, 3, 5, 6, 7, 8, 9, 12, 13, 18, 20, 24, 28]",14,"[1, 2, 3, 5, 6, 7, 8, 9, 12, 13, 18, 20, 24, 28]",0,[],0.53366494551301,0.0874606788988835,0.2957375168944304,11.433709554851921,0.5021428571428571,0.016488265306122456,0.1284066404284547,0.5021428571428571,0.016488265306122456,0.1284066404284547
6,1,7,111101101111010101110110000101,0.4836842105263158,0.5534797860799652,0.5419999957084656,19,"[0, 1, 2, 3, 5, 6, 8, 9, 10, 11, 13, 15, 17, 18, 19, 21, 22, 27, 29]",19,"[0, 1, 2, 3, 5, 6, 8, 9, 10, 11, 13, 15, 17, 18, 19, 21, 22, 27, 29]",0,[],0.5534797860799652,0.06500951041536752,0.25496962645650073,15.382364728032334,0.5163157894736842,0.013739058171745153,0.11721372859757151,0.5163157894736842,0.013739058171745153,0.11721372859757151
6,1,8,000000110001101111001110101100,0.5707142857142857,0.3897334040541734,0.5570000112056732,14,"[6, 7, 11, 12, 14, 15, 16, 17, 20, 21, 22, 24, 26, 27]",14,"[6, 7, 11, 12, 14, 15, 16, 17, 20, 21, 22, 24, 26, 27]",0,[],0.3897334040541734,0.08142160401378754,0.2853447108565139,12.281752639393654,0.4292857142857143,0.01254948979591837,0.1120245053366377,0.4292857142857143,0.01254948979591837,0.1120245053366377
6,2,0,110100011100011001100111010001,0.4980000000000001,0.4988669032851855,0.515500009059906,15,"[0, 1, 3, 7, 8, 9, 13, 14, 17, 18, 21, 22, 23, 25, 29]",15,"[0, 1, 3, 7, 8, 9, 13, 14, 17, 18, 21, 22, 23, 25, 29]",0,[],0.4988669032851855,0.07359528218512949,0.27128450413750044,13.587827511612666,0.5019999999999999,0.020429333333333338,0.14293121888983296,0.5019999999999999,0.020429333333333338,0.14293121888983296
6,2,1,001000110101000111011101111001,0.524375,0.46273261040914804,0.45649999380111694,16,"[2, 6, 7, 9, 11, 15, 16, 17, 19, 20, 21, 23, 24, 25, 26, 29]",16,"[2, 6, 7, 9, 11, 15, 16, 17, 19, 20, 21, 23, 24, 25, 26, 29]",0,[],0.46273261040914804,0.06398600279439429,0.2529545468940898,15.628418034070545,0.47562499999999996,0.029674609375,0.1722631979704313,0.47562499999999996,0.029674609375,0.1722631979704313
6,2,2,011011111111000011110110110110,0.489,0.4940667685121298,0.5634999871253967,20,"[1, 2, 4, 5, 6, 7, 8, 9, 10, 11, 16, 17, 18, 19, 21, 22, 24, 25, 27, 28]",20,"[1, 2, 4, 5, 6, 7, 8, 9, 10, 11, 16, 17, 18, 19, 21, 22, 24, 25, 27, 28]",0,[],0.4940667685121298,0.06256756749952956,0.25013509849585197,15.982721399669547,0.511,0.022809000000000003,0.1510264877430446,0.511,0.022809000000000003,0.1510264877430446
6,2,3,001111011001001010100101010001,0.47357142857142853,0.5150864736310073,0.5879999995231628,14,"[2, 3, 4, 5, 7, 8, 11, 14, 16, 18, 21, 23, 25, 29]",14,"[2, 3, 4, 5, 7, 8, 11, 14, 16, 18, 21, 23, 25, 29]",0,[],0.5150864736310073,0.04433982536598342,0.21057023855707485,22.55308837474987,0.5264285714285715,0.023308673469387756,0.1526717834748378,0.5264285714285715,0.023308673469387756,0.1526717834748378
6,2,4,001111101100001101000010001111,0.5066666666666667,0.4217653757582108,0.5564999878406525,15,"[2, 3, 4, 5, 6, 8, 9, 14, 15, 17, 22, 26, 27, 28, 29]",15,"[2, 3, 4, 5, 6, 8, 9, 14, 15, 17, 22, 26, 27, 28, 29]",0,[],0.4217653757582108,0.09073794486201185,0.30122739726328324,11.02074773151114,0.4933333333333333,0.010702222222222222,0.10345154528677772,0.4933333333333333,0.010702222222222222,0.10345154528677772
6,2,5,111101101111010101110110000101,0.4836842105263158,0.5534797860799652,0.5419999957084656,19,"[0, 1, 2, 3, 5, 6, 8, 9, 10, 11, 13, 15, 17, 18, 19, 21, 22, 27, 29]",19,"[0, 1, 2, 3, 5, 6, 8, 9, 10, 11, 13, 15, 17, 18, 19, 21, 22, 27, 29]",0,[],0.5534797860799652,0.06500951041536752,0.25496962645650073,15.382364728032334,0.5163157894736842,0.013739058171745153,0.11721372859757151,0.5163157894736842,0.013739058171745153,0.11721372859757151
6,2,6,000000110001101111001110101100,0.5707142857142857,0.3897334040541734,0.5570000112056732,14,"[6, 7, 11, 12, 14, 15, 16, 17, 20, 21, 22, 24, 26, 27]",14,"[6, 7, 11, 12, 14, 15, 16, 17, 20, 21, 22, 24, 26, 27]",0,[],0.3897334040541734,0.08142160401378754,0.2853447108565139,12.281752639393654,0.4292857142857143,0.01254948979591837,0.1120245053366377,0.4292857142857143,0.01254948979591837,0.1120245053366377
6,2,7,101101010010000100000110110100,0.5041666666666667,0.4416332066369553,0.7909999936819077,12,"[0, 2, 3, 5, 7, 10, 15, 21, 22, 24, 25, 27]",12,"[0, 2, 3, 5, 7, 10, 15, 21, 22, 24, 25, 27]",0,[],0.4416332066369553,0.08386952015672879,0.28960234832737247,11.923282714999184,0.4958333333333333,0.033057638888888886,0.18181759785259755,0.4958333333333333,0.033057638888888886,0.18181759785259755
6,2,8,001000101100011001100100000010,0.4760000000000001,0.5178772404789924,0.5715000033378601,10,"[2, 6, 8, 9, 13, 14, 17, 18, 21, 28]",10,"[2, 6, 8, 9, 13, 14, 17, 18, 21, 28]",0,[],0.5178772404789924,0.0761959306192817,0.27603610383296184,13.124060456674123,0.5239999999999999,0.0072840000000000005,0.08534635317340748,0.5239999999999999,0.0072840000000000005,0.08534635317340748
6,2,9,001000110001101111000110101110,0.5546666666666666,0.3586333315819502,0.5620000064373016,15,"[2, 6, 7, 11, 12, 14, 15, 16, 17, 21, 22, 24, 26, 27, 28]",15,"[2, 6, 7, 11, 12, 14, 15, 16, 17, 21, 22, 24, 26, 27, 28]",0,[],0.3586333315819502,0.0848819131995096,0.2913450071642032,11.781072814058312,0.44533333333333336,0.015091555555555556,0.12284769251213291,0.44533333333333336,0.015091555555555556,0.12284769251213291
6,2,10,111101011111000011110110110100,0.48473684210526313,0.5223410705986776,0.5175000131130219,19,"[0, 1, 2, 3, 5, 7, 8, 9, 10, 11, 16, 17, 18, 19, 21, 22, 24, 25, 27]",19,"[0, 1, 2, 3, 5, 7, 8, 9, 10, 11, 16, 17, 18, 19, 21, 22, 24, 25, 27]",0,[],0.5223410705986776,0.05651598058310016,0.2377308995126636,17.69411040350997,0.5152631578947369,0.02600387811634349,0.16125718004586181,0.5152631578947369,0.02600387811634349,0.16125718004586181
6,2,11,001000111111010010111010001110,0.5175000000000001,0.4950076509267092,0.48350000381469727,16,"[2, 6, 7, 8, 9, 10, 11, 13, 16, 18, 19, 20, 22, 26, 27, 28]",16,"[2, 6, 7, 8, 9, 10, 11, 13, 16, 18, 19, 20, 22, 26, 27, 28]",0,[],0.4950076509267092,0.08925721264586417,0.2987594561614145,11.203576387351326,0.4825,0.01351875,0.11627015954233486,0.4825,0.01351875,0.11627015954233486
6,2,12,101111011001001010100000010001,0.47769230769230775,0.48831867655882466,0.56700000166893,13,"[0, 2, 3, 4, 5, 7, 8, 11, 14, 16, 18, 25, 29]",13,"[0, 2, 3, 4, 5, 7, 8, 11, 14, 16, 18, 25, 29]",0,[],0.48831867655882466,0.0429934633406373,0.20734865164894922,23.259349731306777,0.5223076923076923,0.02264852071005917,0.15049425474103378,0.5223076923076923,0.02264852071005917,0.15049425474103378
6,2,13,011011111110001100001010110110,0.5111764705882353,0.41667513691765423,0.6089999973773956,17,"[1, 2, 4, 5, 6, 7, 8, 9, 10, 14, 15, 20, 22, 24, 25, 27, 28]",17,"[1, 2, 4, 5, 6, 7, 8, 9, 10, 14, 15, 20, 22, 24, 25, 27, 28]",0,[],0.41667513691765423,0.07957796061821758,0.2820956586305744,12.566293383636582,0.4888235294117647,0.021763321799307962,0.14752397025333872,0.4888235294117647,0.021763321799307962,0.14752397025333872
6,2,14,001111101100101101100010001111,0.5047058823529411,0.4507008708794327,0.5690000057220459,17,"[2, 3, 4, 5, 6, 8, 9, 12, 14, 15, 17, 18, 22, 26, 27, 28, 29]",17,"[2, 3, 4, 5, 6, 8, 9, 12, 14, 15, 17, 18, 22, 26, 27, 28, 29]",0,[],0.4507008708794327,0.09307067500517048,0.3050748678688077,10.744522911695286,0.49529411764705883,0.009483737024221455,0.0973844804074112,0.49529411764705883,0.009483737024221455,0.0973844804074112
6,2,15,011010001001111111010110110110,0.4950000000000001,0.46342157665640116,0.5845000147819519,18,"[1, 2, 4, 8, 11, 12, 13, 14, 15, 16, 17, 19, 21, 22, 24, 25, 27, 28]",18,"[1, 2, 4, 8, 11, 12, 13, 14, 15, 16, 17, 19, 21, 22, 24, 25, 27, 28]",0,[],0.46342157665640116,0.08044141479642766,0.2836219575357798,12.431407410358092,0.5049999999999999,0.024658333333333334,0.15702972117829583,0.5049999999999999,0.024658333333333334,0.15702972117829583
6,3,0,110100011100011001100111010001,0.4980000000000001,0.4988669032851855,0.515500009059906,15,"[0, 1, 3, 7, 8, 9, 13, 14, 17, 18, 21, 22, 23, 25, 29]",15,"[0, 1, 3, 7, 8, 9, 13, 14, 17, 18, 21, 22, 23, 25, 29]",0,[],0.4988669032851855,0.07359528218512949,0.27128450413750044,13.587827511612666,0.5019999999999999,0.020429333333333338,0.14293121888983296,0.5019999999999999,0.020429333333333338,0.14293121888983296
6,3,1,001000110101000111011101111001,0.524375,0.46273261040914804,0.45649999380111694,16,"[2, 6, 7, 9, 11, 15, 16, 17, 19, 20, 21, 23, 24, 25, 26, 29]",16,"[2, 6, 7, 9, 11, 15, 16, 17, 19, 20, 21, 23, 24, 25, 26, 29]",0,[],0.46273261040914804,0.06398600279439429,0.2529545468940898,15.628418034070545,0.47562499999999996,0.029674609375,0.1722631979704313,0.47562499999999996,0.029674609375,0.1722631979704313
6,3,2,011011111111000011110110110110,0.489,0.4940667685121298,0.5634999871253967,20,"[1, 2, 4, 5, 6, 7, 8, 9, 10, 11, 16, 17, 18, 19, 21, 22, 24, 25, 27, 28]",20,"[1, 2, 4, 5, 6, 7, 8, 9, 10, 11, 16, 17, 18, 19, 21, 22, 24, 25, 27, 28]",0,[],0.4940667685121298,0.06256756749952956,0.25013509849585197,15.982721399669547,0.511,0.022809000000000003,0.1510264877430446,0.511,0.022809000000000003,0.1510264877430446
6,3,3,001111011001001010100101010001,0.47357142857142853,0.5150864736310073,0.5879999995231628,14,"[2, 3, 4, 5, 7, 8, 11, 14, 16, 18, 21, 23, 25, 29]",14,"[2, 3, 4, 5, 7, 8, 11, 14, 16, 18, 21, 23, 25, 29]",0,[],0.5150864736310073,0.04433982536598342,0.21057023855707485,22.55308837474987,0.5264285714285715,0.023308673469387756,0.1526717834748378,0.5264285714285715,0.023308673469387756,0.1526717834748378
6,3,4,001111101100001101000010001111,0.5066666666666667,0.4217653757582108,0.5564999878406525,15,"[2, 3, 4, 5, 6, 8, 9, 14, 15, 17, 22, 26, 27, 28, 29]",15,"[2, 3, 4, 5, 6, 8, 9, 14, 15, 17, 22, 26, 27, 28, 29]",0,[],0.4217653757582108,0.09073794486201185,0.30122739726328324,11.02074773151114,0.4933333333333333,0.010702222222222222,0.10345154528677772,0.4933333333333333,0.010702222222222222,0.10345154528677772
6,3,5,000000110001101111001110101100,0.5707142857142857,0.3897334040541734,0.5570000112056732,14,"[6, 7, 11, 12, 14, 15, 16, 17, 20, 21, 22, 24, 26, 27]",14,"[6, 7, 11, 12, 14, 15, 16, 17, 20, 21, 22, 24, 26, 27]",0,[],0.3897334040541734,0.08142160401378754,0.2853447108565139,12.281752639393654,0.4292857142857143,0.01254948979591837,0.1120245053366377,0.4292857142857143,0.01254948979591837,0.1120245053366377
6,3,6,101101010010000100000110110100,0.5041666666666667,0.4416332066369553,0.7909999936819077,12,"[0, 2, 3, 5, 7, 10, 15, 21, 22, 24, 25, 27]",12,"[0, 2, 3, 5, 7, 10, 15, 21, 22, 24, 25, 27]",0,[],0.4416332066369553,0.08386952015672879,0.28960234832737247,11.923282714999184,0.4958333333333333,0.033057638888888886,0.18181759785259755,0.4958333333333333,0.033057638888888886,0.18181759785259755
6,3,7,001000110001101111000110101110,0.5546666666666666,0.3586333315819502,0.5620000064373016,15,"[2, 6, 7, 11, 12, 14, 15, 16, 17, 21, 22, 24, 26, 27, 28]",15,"[2, 6, 7, 11, 12, 14, 15, 16, 17, 21, 22, 24, 26, 27, 28]",0,[],0.3586333315819502,0.0848819131995096,0.2913450071642032,11.781072814058312,0.44533333333333336,0.015091555555555556,0.12284769251213291,0.44533333333333336,0.015091555555555556,0.12284769251213291
6,3,8,111101011111000011110110110100,0.48473684210526313,0.5223410705986776,0.5175000131130219,19,"[0, 1, 2, 3, 5, 7, 8, 9, 10, 11, 16, 17, 18, 19, 21, 22, 24, 25, 27]",19,"[0, 1, 2, 3, 5, 7, 8, 9, 10, 11, 16, 17, 18, 19, 21, 22, 24, 25, 27]",0,[],0.5223410705986776,0.05651598058310016,0.2377308995126636,17.69411040350997,0.5152631578947369,0.02600387811634349,0.16125718004586181,0.5152631578947369,0.02600387811634349,0.16125718004586181
6,3,9,101111011001001010100000010001,0.47769230769230775,0.48831867655882466,0.56700000166893,13,"[0, 2, 3, 4, 5, 7, 8, 11, 14, 16, 18, 25, 29]",13,"[0, 2, 3, 4, 5, 7, 8, 11, 14, 16, 18, 25, 29]",0,[],0.48831867655882466,0.0429934633406373,0.20734865164894922,23.259349731306777,0.5223076923076923,0.02264852071005917,0.15049425474103378,0.5223076923076923,0.02264852071005917,0.15049425474103378
6,3,10,011011111110001100001010110110,0.5111764705882353,0.41667513691765423,0.6089999973773956,17,"[1, 2, 4, 5, 6, 7, 8, 9, 10, 14, 15, 20, 22, 24, 25, 27, 28]",17,"[1, 2, 4, 5, 6, 7, 8, 9, 10, 14, 15, 20, 22, 24, 25, 27, 28]",0,[],0.41667513691765423,0.07957796061821758,0.2820956586305744,12.566293383636582,0.4888235294117647,0.021763321799307962,0.14752397025333872,0.4888235294117647,0.021763321799307962,0.14752397025333872
6,3,11,011101111100001000101000100010,0.49307692307692297,0.447863407433033,0.56700000166893,13,"[1, 2, 3, 5, 6, 7, 8, 9, 14, 18, 20, 24, 28]",13,"[1, 2, 3, 5, 6, 7, 8, 9, 14, 18, 20, 24, 28]",0,[],0.447863407433033,0.07722924544289632,0.2779015031317685,12.94846264864008,0.506923076923077,0.017252071005917167,0.13134713931379383,0.506923076923077,0.017252071005917167,0.13134713931379383
6,3,12,001010111100001010100100001001,0.5191666666666668,0.4559979947904746,0.5069999992847443,12,"[2, 4, 6, 7, 8, 9, 14, 16, 18, 21, 26, 29]",12,"[2, 4, 6, 7, 8, 9, 14, 16, 18, 21, 26, 29]",0,[],0.4559979947904746,0.059817904155055085,0.24457699024040483,16.71740282654975,0.4808333333333333,0.013207638888888889,0.11492449211934282,0.4808333333333333,0.013207638888888889,0.11492449211934282
6,3,13,001000110101000111010101111001,0.5253333333333333,0.4632784198969603,0.4440000057220459,15,"[2, 6, 7, 9, 11, 15, 16, 17, 19, 21, 23, 24, 25, 26, 29]",15,"[2, 6, 7, 9, 11, 15, 16, 17, 19, 21, 23, 24, 25, 26, 29]",0,[],0.4632784198969603,0.06824696978606878,0.26124120996900313,14.65266521187186,0.4746666666666667,0.03163822222222223,0.1778713642558077,0.4746666666666667,0.03163822222222223,0.1778713642558077
6,3,14,111101101011010101110110000101,0.4766666666666668,0.539475575192935,0.5295000076293945,18,"[0, 1, 2, 3, 5, 6, 8, 10, 11, 13, 15, 17, 18, 19, 21, 22, 27, 29]",18,"[0, 1, 2, 3, 5, 6, 8, 10, 11, 13, 15, 17, 18, 19, 21, 22, 27, 29]",0,[],0.539475575192935,0.06489490935408807,0.2547447925946438,15.409529190397194,0.5233333333333332,0.01356666666666667,0.116476034731041,0.5233333333333332,0.01356666666666667,0.116476034731041
6,3,15,001001110001101111001110101100,0.545625,0.4033778404118493,0.550000011920929,16,"[2, 5, 6, 7, 11, 12, 14, 15, 16, 17, 20, 21, 22, 24, 26, 27]",16,"[2, 5, 6, 7, 11, 12, 14, 15, 16, 17, 20, 21, 22, 24, 26, 27]",0,[],0.4033778404118493,0.07438058563291661,0.272728043356228,13.444368466459842,0.454375,0.015499609375,0.12449742718225144,0.454375,0.015499609375,0.12449742718225144
6,3,16,001111011001001010100101010011,0.4753333333333333,0.4807473753889402,0.5715000033378601,15,"[2, 3, 4, 5, 7, 8, 11, 14, 16, 18, 21, 23, 25, 28, 29]",15,"[2, 3, 4, 5, 7, 8, 11, 14, 16, 18, 21, 23, 25, 28, 29]",0,[],0.4807473753889402,0.05789226836134795,0.2406081219771019,17.273463768223234,0.5246666666666667,0.021798222222222226,0.14764221016437754,0.5246666666666667,0.021798222222222226,0.14764221016437754
6,3,17,011100001011010011011101110000,0.4673333333333335,0.5976924926042557,0.5609999895095825,15,"[1, 2, 3, 8, 10, 11, 13, 16, 17, 19, 20, 21, 23, 24, 25]",15,"[1, 2, 3, 8, 10, 11, 13, 16, 17, 19, 20, 21, 23, 24, 25]",0,[],0.5976924926042557,0.040528408411959135,0.20131668686911955,24.674050602611864,0.5326666666666665,0.028686222222222224,0.1693700747541378,0.5326666666666665,0.028686222222222224,0.1693700747541378
6,3,18,101000110101001010011101111000,0.514,0.4832957367102305,0.4804999828338623,15,"[0, 2, 6, 7, 9, 11, 14, 16, 19, 20, 21, 23, 24, 25, 26]",15,"[0, 2, 6, 7, 9, 11, 14, 16, 19, 20, 21, 23, 24, 25, 26]",0,[],0.4832957367102305,0.06039816007872287,0.24576037125363168,16.55679574835726,0.486,0.029664000000000003,0.1722324011328879,0.486,0.029664000000000003,0.1722324011328879
6,3,19,101101010010000100000110111100,0.5084615384615385,0.413317530344312,0.7804999947547913,13,"[0, 2, 3, 5, 7, 10, 15, 21, 22, 24, 25, 26, 27]",13,"[0, 2, 3, 5, 7, 10, 15, 21, 22, 24, 25, 26, 27]",0,[],0.413317530344312,0.08703934889312838,0.2950243191554357,11.48905653267069,0.49153846153846154,0.030736094674556215,0.17531712601613172,0.49153846153846154,0.030736094674556215,0.17531712601613172
6,3,20,110101100010000101010101001111,0.4933333333333333,0.5020298695812623,0.5139999985694885,15,"[0, 1, 3, 5, 6, 10, 15, 17, 19, 21, 23, 26, 27, 28, 29]",15,"[0, 1, 3, 5, 6, 10, 15, 17, 19, 21, 23, 26, 27, 28, 29]",0,[],0.5020298695812623,0.0803960222009235,0.2835419231805475,12.438426337820893,0.5066666666666667,0.015062222222222225,0.12272824541327976,0.5066666666666667,0.015062222222222225,0.12272824541327976
6,3,21,011011111110011100011110100110,0.5121052631578946,0.4650698528674088,0.5559999942779541,19,"[1, 2, 4, 5, 6, 7, 8, 9, 10, 13, 14, 15, 19, 20, 21, 22, 24, 27, 28]",19,"[1, 2, 4, 5, 6, 7, 8, 9, 10, 13, 14, 15, 19, 20, 21, 22, 24, 27, 28]",0,[],0.4650698528674088,0.0897737374127197,0.2996226583766984,11.139115166862974,0.4878947368421053,0.01764819944598338,0.1328465259085964,0.4878947368421053,0.01764819944598338,0.1328465259085964
6,3,22,111000010110000011010000010101,0.495,0.5183398233105739,0.47600001096725464,12,"[0, 1, 2, 7, 9, 10, 16, 17, 19, 25, 27, 29]",12,"[0, 1, 2, 7, 9, 10, 16, 17, 19, 25, 27, 29]",0,[],0.5183398233105739,0.04421697335773745,0.21027832355651271,22.615749655895698,0.505,0.027825,0.16680827317612276,0.505,0.027825,0.16680827317612276
6,3,23,001101010001101100001010110100,0.5069230769230769,0.4199514396202106,0.5660000145435333,13,"[2, 3, 5, 7, 11, 12, 14, 15, 20, 22, 24, 25, 27]",13,"[2, 3, 5, 7, 11, 12, 14, 15, 20, 22, 24, 25, 27]",0,[],0.4199514396202106,0.08777937589011561,0.29627584425686077,11.392197653032127,0.4930769230769231,0.028175147928994084,0.16785454396290284,0.4930769230769231,0.028175147928994084,0.16785454396290284
6,4,0,001111001000001010010001010001,0.4409090909090909,0.5708223621953618,0.5959999859333038,11,"[2, 3, 4, 5, 8, 14, 16, 19, 23, 25, 29]",11,"[2, 3, 4, 5, 8, 14, 16, 19, 23, 25, 29]",0,[],0.5708223621953618,0.042302905239254424,0.20567670076908182,23.63903836732384,0.5590909090909091,0.027644628099173552,0.16626673780156256,0.5590909090909091,0.027644628099173552,0.16626673780156256
6,4,1,001000110001001111000110101110,0.5585714285714285,0.31947408842721153,0.5284999907016754,14,"[2, 6, 7, 11, 14, 15, 16, 17, 21, 22, 24, 26, 27, 28]",14,"[2, 6, 7, 11, 14, 15, 16, 17, 21, 22, 24, 26, 27, 28]",0,[],0.31947408842721153,0.06794321213269541,0.26065918770052093,14.718173730835185,0.44142857142857145,0.01594081632653062,0.12625694565658802,0.44142857142857145,0.01594081632653062,0.12625694565658802
6,4,2,101101010010000100000110110000,0.49909090909090914,0.4280626741661267,0.7909999936819077,11,"[0, 2, 3, 5, 7, 10, 15, 21, 22, 24, 25]",11,"[0, 2, 3, 5, 7, 10, 15, 21, 22, 24, 25]",0,[],0.4280626741661267,0.0892841097706569,0.29880446745431516,11.200201273985806,0.5009090909090909,0.03575371900826447,0.18908653841102616,0.5009090909090909,0.03575371900826447,0.18908653841102616
6,4,3,001000010110000011001110101100,0.5658333333333332,0.41910673553744954,0.4984999895095825,12,"[2, 7, 9, 10, 16, 17, 20, 21, 22, 24, 26, 27]",12,"[2, 7, 9, 10, 16, 17, 20, 21, 22, 24, 26, 27]",0,[],0.41910673553744954,0.07142901325975533,0.2672620685016026,13.999913401623623,0.43416666666666676,0.015857638888888893,0.1259271173690913,0.43416666666666676,0.015857638888888893,0.1259271173690913
6,4,4,001000110101000111010101111001,0.5253333333333333,0.4632784198969603,0.4440000057220459,15,"[2, 6, 7, 9, 11, 15, 16, 17, 19, 21, 23, 24, 25, 26, 29]",15,"[2, 6, 7, 9, 11, 15, 16, 17, 19, 21, 23, 24, 25, 26, 29]",0,[],0.4632784198969603,0.06824696978606878,0.26124120996900313,14.65266521187186,0.4746666666666667,0.03163822222222223,0.1778713642558077,0.4746666666666667,0.03163822222222223,0.1778713642558077
6,4,5,011100001011010011011101110000,0.4673333333333335,0.5976924926042557,0.5609999895095825,15,"[1, 2, 3, 8, 10, 11, 13, 16, 17, 19, 20, 21, 23, 24, 25]",15,"[1, 2, 3, 8, 10, 11, 13, 16, 17, 19, 20, 21, 23, 24, 25]",0,[],0.5976924926042557,0.040528408411959135,0.20131668686911955,24.674050602611864,0.5326666666666665,0.028686222222222224,0.1693700747541378,0.5326666666666665,0.028686222222222224,0.1693700747541378
6,4,6,101101010011000100000110110110,0.5035714285714286,0.4197515394272549,0.6739999949932098,14,"[0, 2, 3, 5, 7, 10, 11, 15, 21, 22, 24, 25, 27, 28]",14,"[0, 2, 3, 5, 7, 10, 11, 15, 21, 22, 24, 25, 27, 28]",0,[],0.4197515394272549,0.0866481554148825,0.2943605874006955,11.54092658074337,0.4964285714285714,0.028337244897959184,0.16833670098335415,0.4964285714285714,0.028337244897959184,0.16833670098335415
6,4,7,101101010010000100000110111100,0.5084615384615385,0.413317530344312,0.7804999947547913,13,"[0, 2, 3, 5, 7, 10, 15, 21, 22, 24, 25, 26, 27]",13,"[0, 2, 3, 5, 7, 10, 15, 21, 22, 24, 25, 26, 27]",0,[],0.413317530344312,0.08703934889312838,0.2950243191554357,11.48905653267069,0.49153846153846154,0.030736094674556215,0.17531712601613172,0.49153846153846154,0.030736094674556215,0.17531712601613172
6,4,8,001000110001101111000110101110,0.5546666666666666,0.3586333315819502,0.5620000064373016,15,"[2, 6, 7, 11, 12, 14, 15, 16, 17, 21, 22, 24, 26, 27, 28]",15,"[2, 6, 7, 11, 12, 14, 15, 16, 17, 21, 22, 24, 26, 27, 28]",0,[],0.3586333315819502,0.0848819131995096,0.2913450071642032,11.781072814058312,0.44533333333333336,0.015091555555555556,0.12284769251213291,0.44533333333333336,0.015091555555555556,0.12284769251213291
6,4,9,011011111110000100000010010111,0.4966666666666667,0.4407908048480749,0.6114999949932098,15,"[1, 2, 4, 5, 6, 7, 8, 9, 10, 15, 22, 25, 27, 28, 29]",15,"[1, 2, 4, 5, 6, 7, 8, 9, 10, 15, 22, 25, 27, 28, 29]",0,[],0.4407908048480749,0.0819923277467101,0.2863430246168223,12.196263083165418,0.5033333333333333,0.019582222222222223,0.13993649353268153,0.5033333333333333,0.019582222222222223,0.13993649353268153
6,4,10,010000100001101010101010100010,0.5436363636363637,0.3986836617643183,0.5805000066757202,11,"[1, 6, 11, 12, 14, 16, 18, 20, 22, 24, 28]",11,"[1, 6, 11, 12, 14, 16, 18, 20, 22, 24, 28]",0,[],0.3986836617643183,0.07944706649144027,0.281863560063092,12.586997156247943,0.4563636363636363,0.011986776859504132,0.10948413976236071,0.4563636363636363,0.011986776859504132,0.10948413976236071
6,4,11,001000110101000111010001111001,0.5371428571428571,0.4511802314913699,0.4580000042915344,14,"[2, 6, 7, 9, 11, 15, 16, 17, 19, 23, 24, 25, 26, 29]",14,"[2, 6, 7, 9, 11, 15, 16, 17, 19, 23, 24, 25, 26, 29]",0,[],0.4511802314913699,0.07092626090175912,0.26631984699184386,14.099150121350863,0.4628571428571429,0.03180612244897959,0.178342710669597,0.4628571428571429,0.03180612244897959,0.178342710669597
6,4,12,111101101011010101110110000101,0.4766666666666668,0.539475575192935,0.5295000076293945,18,"[0, 1, 2, 3, 5, 6, 8, 10, 11, 13, 15, 17, 18, 19, 21, 22, 27, 29]",18,"[0, 1, 2, 3, 5, 6, 8, 10, 11, 13, 15, 17, 18, 19, 21, 22, 27, 29]",0,[],0.539475575192935,0.06489490935408807,0.2547447925946438,15.409529190397194,0.5233333333333332,0.01356666666666667,0.116476034731041,0.5233333333333332,0.01356666666666667,0.116476034731041
6,4,13,001111011001001010100101010001,0.47357142857142853,0.5150864736310073,0.5879999995231628,14,"[2, 3, 4, 5, 7, 8, 11, 14, 16, 18, 21, 23, 25, 29]",14,"[2, 3, 4, 5, 7, 8, 11, 14, 16, 18, 21, 23, 25, 29]",0,[],0.5150864736310073,0.04433982536598342,0.21057023855707485,22.55308837474987,0.5264285714285715,0.023308673469387756,0.1526717834748378,0.5264285714285715,0.023308673469387756,0.1526717834748378
6,4,14,111101011111000011110110110100,0.48473684210526313,0.5223410705986776,0.5175000131130219,19,"[0, 1, 2, 3, 5, 7, 8, 9, 10, 11, 16, 17, 18, 19, 21, 22, 24, 25, 27]",19,"[0, 1, 2, 3, 5, 7, 8, 9, 10, 11, 16, 17, 18, 19, 21, 22, 24, 25, 27]",0,[],0.5223410705986776,0.05651598058310016,0.2377308995126636,17.69411040350997,0.5152631578947369,0.02600387811634349,0.16125718004586181,0.5152631578947369,0.02600387811634349,0.16125718004586181
6,4,15,001001110001101111001110101100,0.545625,0.4033778404118493,0.550000011920929,16,"[2, 5, 6, 7, 11, 12, 14, 15, 16, 17, 20, 21, 22, 24, 26, 27]",16,"[2, 5, 6, 7, 11, 12, 14, 15, 16, 17, 20, 21, 22, 24, 26, 27]",0,[],0.4033778404118493,0.07438058563291661,0.272728043356228,13.444368466459842,0.454375,0.015499609375,0.12449742718225144,0.454375,0.015499609375,0.12449742718225144
6,4,16,011101011011010000000111110100,0.4853333333333334,0.5346775288383167,0.5009999871253967,15,"[1, 2, 3, 5, 7, 8, 10, 11, 13, 21, 22, 23, 24, 25, 27]",15,"[1, 2, 3, 5, 7, 8, 10, 11, 13, 21, 22, 23, 24, 25, 27]",0,[],0.5346775288383167,0.07140061281392883,0.2672089310145318,14.005482034251113,0.5146666666666666,0.026518222222222224,0.16284416545342428,0.5146666666666666,0.026518222222222224,0.16284416545342428
6,4,17,001111011001001010100101010011,0.4753333333333333,0.4807473753889402,0.5715000033378601,15,"[2, 3, 4, 5, 7, 8, 11, 14, 16, 18, 21, 23, 25, 28, 29]",15,"[2, 3, 4, 5, 7, 8, 11, 14, 16, 18, 21, 23, 25, 28, 29]",0,[],0.4807473753889402,0.05789226836134795,0.2406081219771019,17.273463768223234,0.5246666666666667,0.021798222222222226,0.14764221016437754,0.5246666666666667,0.021798222222222226,0.14764221016437754
6,4,18,001101011100001111011110101100,0.52,0.4351634191458716,0.4884999990463257,17,"[2, 3, 5, 7, 8, 9, 14, 15, 16, 17, 19, 20, 21, 22, 24, 26, 27]",17,"[2, 3, 5, 7, 8, 9, 14, 15, 16, 17, 19, 20, 21, 22, 24, 26, 27]",0,[],0.4351634191458716,0.08248133768411106,0.2871956435674313,12.123954679661272,0.48,0.02305882352941177,0.15185132047305933,0.48,0.02305882352941177,0.15185132047305933
6,4,19,111000010110000011010000010101,0.495,0.5183398233105739,0.47600001096725464,12,"[0, 1, 2, 7, 9, 10, 16, 17, 19, 25, 27, 29]",12,"[0, 1, 2, 7, 9, 10, 16, 17, 19, 25, 27, 29]",0,[],0.5183398233105739,0.04421697335773745,0.21027832355651271,22.615749655895698,0.505,0.027825,0.16680827317612276,0.505,0.027825,0.16680827317612276
6,4,20,011011111110011100011110100110,0.5121052631578946,0.4650698528674088,0.5559999942779541,19,"[1, 2, 4, 5, 6, 7, 8, 9, 10, 13, 14, 15, 19, 20, 21, 22, 24, 27, 28]",19,"[1, 2, 4, 5, 6, 7, 8, 9, 10, 13, 14, 15, 19, 20, 21, 22, 24, 27, 28]",0,[],0.4650698528674088,0.0897737374127197,0.2996226583766984,11.139115166862974,0.4878947368421053,0.01764819944598338,0.1328465259085964,0.4878947368421053,0.01764819944598338,0.1328465259085964
6,4,21,110101100010000101010101001111,0.4933333333333333,0.5020298695812623,0.5139999985694885,15,"[0, 1, 3, 5, 6, 10, 15, 17, 19, 21, 23, 26, 27, 28, 29]",15,"[0, 1, 3, 5, 6, 10, 15, 17, 19, 21, 23, 26, 27, 28, 29]",0,[],0.5020298695812623,0.0803960222009235,0.2835419231805475,12.438426337820893,0.5066666666666667,0.015062222222222225,0.12272824541327976,0.5066666666666667,0.015062222222222225,0.12272824541327976
6,4,22,011011111111000011110110110110,0.489,0.4940667685121298,0.5634999871253967,20,"[1, 2, 4, 5, 6, 7, 8, 9, 10, 11, 16, 17, 18, 19, 21, 22, 24, 25, 27, 28]",20,"[1, 2, 4, 5, 6, 7, 8, 9, 10, 11, 16, 17, 18, 19, 21, 22, 24, 25, 27, 28]",0,[],0.4940667685121298,0.06256756749952956,0.25013509849585197,15.982721399669547,0.511,0.022809000000000003,0.1510264877430446,0.511,0.022809000000000003,0.1510264877430446
6,4,23,011011111110001100001010110110,0.5111764705882353,0.41667513691765423,0.6089999973773956,17,"[1, 2, 4, 5, 6, 7, 8, 9, 10, 14, 15, 20, 22, 24, 25, 27, 28]",17,"[1, 2, 4, 5, 6, 7, 8, 9, 10, 14, 15, 20, 22, 24, 25, 27, 28]",0,[],0.41667513691765423,0.07957796061821758,0.2820956586305744,12.566293383636582,0.4888235294117647,0.021763321799307962,0.14752397025333872,0.4888235294117647,0.021763321799307962,0.14752397025333872
6,4,24,001010111100001010100100001001,0.5191666666666668,0.4559979947904746,0.5069999992847443,12,"[2, 4, 6, 7, 8, 9, 14, 16, 18, 21, 26, 29]",12,"[2, 4, 6, 7, 8, 9, 14, 16, 18, 21, 26, 29]",0,[],0.4559979947904746,0.059817904155055085,0.24457699024040483,16.71740282654975,0.4808333333333333,0.013207638888888889,0.11492449211934282,0.4808333333333333,0.013207638888888889,0.11492449211934282
6,4,25,101111011001001010100000010001,0.47769230769230775,0.48831867655882466,0.56700000166893,13,"[0, 2, 3, 4, 5, 7, 8, 11, 14, 16, 18, 25, 29]",13,"[0, 2, 3, 4, 5, 7, 8, 11, 14, 16, 18, 25, 29]",0,[],0.48831867655882466,0.0429934633406373,0.20734865164894922,23.259349731306777,0.5223076923076923,0.02264852071005917,0.15049425474103378,0.5223076923076923,0.02264852071005917,0.15049425474103378
6,4,26,010001111001101111001110100111,0.5388888888888889,0.4097287610380186,0.5625,18,"[1, 5, 6, 7, 8, 11, 12, 14, 15, 16, 17, 20, 21, 22, 24, 27, 28, 29]",18,"[1, 5, 6, 7, 8, 11, 12, 14, 15, 16, 17, 20, 21, 22, 24, 27, 28, 29]",0,[],0.4097287610380186,0.07404257593132813,0.2721076550399274,13.505742978573094,0.46111111111111114,0.014076543209876542,0.11864460885297967,0.46111111111111114,0.014076543209876542,0.11864460885297967
6,4,27,001000110101000111011101111001,0.524375,0.46273261040914804,0.45649999380111694,16,"[2, 6, 7, 9, 11, 15, 16, 17, 19, 20, 21, 23, 24, 25, 26, 29]",16,"[2, 6, 7, 9, 11, 15, 16, 17, 19, 20, 21, 23, 24, 25, 26, 29]",0,[],0.46273261040914804,0.06398600279439429,0.2529545468940898,15.628418034070545,0.47562499999999996,0.029674609375,0.1722631979704313,0.47562499999999996,0.029674609375,0.1722631979704313
6,4,28,101101010010001100101111111100,0.516470588235294,0.4190181354608606,0.5455000102519989,17,"[0, 2, 3, 5, 7, 10, 14, 15, 18, 20, 21, 22, 23, 24, 25, 26, 27]",17,"[0, 2, 3, 5, 7, 10, 14, 15, 18, 20, 21, 22, 23, 24, 25, 26, 27]",0,[],0.4190181354608606,0.07596201966181565,0.27561208185022595,13.164473567870088,0.48352941176470593,0.02484636678200692,0.15762730341538841,0.48352941176470593,0.02484636678200692,0.15762730341538841
6,4,29,001111101100001101000010001111,0.5066666666666667,0.4217653757582108,0.5564999878406525,15,"[2, 3, 4, 5, 6, 8, 9, 14, 15, 17, 22, 26, 27, 28, 29]",15,"[2, 3, 4, 5, 6, 8, 9, 14, 15, 17, 22, 26, 27, 28, 29]",0,[],0.4217653757582108,0.09073794486201185,0.30122739726328324,11.02074773151114,0.4933333333333333,0.010702222222222222,0.10345154528677772,0.4933333333333333,0.010702222222222222,0.10345154528677772
6,5,0,001000110101000111010101111001,0.5253333333333333,0.4632784198969603,0.4440000057220459,15,"[2, 6, 7, 9, 11, 15, 16, 17, 19, 21, 23, 24, 25, 26, 29]",15,"[2, 6, 7, 9, 11, 15, 16, 17, 19, 21, 23, 24, 25, 26, 29]",0,[],0.4632784198969603,0.06824696978606878,0.26124120996900313,14.65266521187186,0.4746666666666667,0.03163822222222223,0.1778713642558077,0.4746666666666667,0.03163822222222223,0.1778713642558077
6,5,1,001000110001001111000110101110,0.5585714285714285,0.31947408842721153,0.5284999907016754,14,"[2, 6, 7, 11, 14, 15, 16, 17, 21, 22, 24, 26, 27, 28]",14,"[2, 6, 7, 11, 14, 15, 16, 17, 21, 22, 24, 26, 27, 28]",0,[],0.31947408842721153,0.06794321213269541,0.26065918770052093,14.718173730835185,0.44142857142857145,0.01594081632653062,0.12625694565658802,0.44142857142857145,0.01594081632653062,0.12625694565658802
6,5,2,001111001011010000110001010001,0.4392307692307693,0.6371349210922534,0.5654999911785126,13,"[2, 3, 4, 5, 8, 10, 11, 13, 18, 19, 23, 25, 29]",13,"[2, 3, 4, 5, 8, 10, 11, 13, 18, 19, 23, 25, 29]",0,[],0.6371349210922534,0.03216592886305253,0.17934862381142636,31.088795982156523,0.5607692307692307,0.019822485207100594,0.14079234782863945,0.5607692307692307,0.019822485207100594,0.14079234782863945
6,5,3,101101010010000100000110110000,0.49909090909090914,0.4280626741661267,0.7909999936819077,11,"[0, 2, 3, 5, 7, 10, 15, 21, 22, 24, 25]",11,"[0, 2, 3, 5, 7, 10, 15, 21, 22, 24, 25]",0,[],0.4280626741661267,0.0892841097706569,0.29880446745431516,11.200201273985806,0.5009090909090909,0.03575371900826447,0.18908653841102616,0.5009090909090909,0.03575371900826447,0.18908653841102616
6,5,4,001111001000001010010001010001,0.4409090909090909,0.5708223621953618,0.5959999859333038,11,"[2, 3, 4, 5, 8, 14, 16, 19, 23, 25, 29]",11,"[2, 3, 4, 5, 8, 14, 16, 19, 23, 25, 29]",0,[],0.5708223621953618,0.042302905239254424,0.20567670076908182,23.63903836732384,0.5590909090909091,0.027644628099173552,0.16626673780156256,0.5590909090909091,0.027644628099173552,0.16626673780156256
6,5,5,101101010011000100000110110110,0.5035714285714286,0.4197515394272549,0.6739999949932098,14,"[0, 2, 3, 5, 7, 10, 11, 15, 21, 22, 24, 25, 27, 28]",14,"[0, 2, 3, 5, 7, 10, 11, 15, 21, 22, 24, 25, 27, 28]",0,[],0.4197515394272549,0.0866481554148825,0.2943605874006955,11.54092658074337,0.4964285714285714,0.028337244897959184,0.16833670098335415,0.4964285714285714,0.028337244897959184,0.16833670098335415
6,5,6,101101110010000100000110111000,0.5007692307692309,0.4263245247017879,0.737500011920929,13,"[0, 2, 3, 5, 6, 7, 10, 15, 21, 22, 24, 25, 26]",13,"[0, 2, 3, 5, 6, 7, 10, 15, 21, 22, 24, 25, 26]",0,[],0.4263245247017879,0.09368939586731856,0.3060872357144586,10.673566530583505,0.4992307692307692,0.03065325443786982,0.1750807083543753,0.4992307692307692,0.03065325443786982,0.1750807083543753
6,5,7,010000111001001111000110100010,0.55,0.34440146343639266,0.5604999959468842,13,"[1, 6, 7, 8, 11, 14, 15, 16, 17, 21, 22, 24, 28]",13,"[1, 6, 7, 8, 11, 14, 15, 16, 17, 21, 22, 24, 28]",0,[],0.34440146343639266,0.07261654146223778,0.26947456552008353,13.770967053285267,0.4499999999999999,0.01753846153846154,0.13243285671789135,0.4499999999999999,0.01753846153846154,0.13243285671789135
6,5,8,111101101000001010010110000101,0.4642857142857143,0.5172499514051846,0.5439999997615814,14,"[0, 1, 2, 3, 5, 6, 8, 14, 16, 19, 21, 22, 27, 29]",14,"[0, 1, 2, 3, 5, 6, 8, 14, 16, 19, 21, 22, 27, 29]",0,[],0.5172499514051846,0.05883012622777439,0.24254922433966758,16.99809373395307,0.5357142857142857,0.016610204081632655,0.12888058070024613,0.5357142857142857,0.016610204081632655,0.12888058070024613
6,5,9,101101010010000100000110111100,0.5084615384615385,0.413317530344312,0.7804999947547913,13,"[0, 2, 3, 5, 7, 10, 15, 21, 22, 24, 25, 26, 27]",13,"[0, 2, 3, 5, 7, 10, 15, 21, 22, 24, 25, 26, 27]",0,[],0.413317530344312,0.08703934889312838,0.2950243191554357,11.48905653267069,0.49153846153846154,0.030736094674556215,0.17531712601613172,0.49153846153846154,0.030736094674556215,0.17531712601613172
6,5,10,011011111110000100000010010111,0.4966666666666667,0.4407908048480749,0.6114999949932098,15,"[1, 2, 4, 5, 6, 7, 8, 9, 10, 15, 22, 25, 27, 28, 29]",15,"[1, 2, 4, 5, 6, 7, 8, 9, 10, 15, 22, 25, 27, 28, 29]",0,[],0.4407908048480749,0.0819923277467101,0.2863430246168223,12.196263083165418,0.5033333333333333,0.019582222222222223,0.13993649353268153,0.5033333333333333,0.019582222222222223,0.13993649353268153
6,5,11,001000110001001111000110011100,0.5138461538461538,0.37365899994396246,0.49800002574920654,13,"[2, 6, 7, 11, 14, 15, 16, 17, 21, 22, 25, 26, 27]",13,"[2, 6, 7, 11, 14, 15, 16, 17, 21, 22, 25, 26, 27]",0,[],0.37365899994396246,0.06610537098866771,0.2571096477938308,15.127363859306191,0.48615384615384616,0.023623668639053255,0.15369993051089273,0.48615384615384616,0.023623668639053255,0.15369993051089273
6,5,12,001000011000001111011110101100,0.5364285714285715,0.36285105999559164,0.468500018119812,14,"[2, 7, 8, 14, 15, 16, 17, 19, 20, 21, 22, 24, 26, 27]",14,"[2, 7, 8, 14, 15, 16, 17, 19, 20, 21, 22, 24, 26, 27]",0,[],0.36285105999559164,0.06775998918223945,0.2603074896775724,14.757971659507136,0.4635714285714285,0.023265816326530613,0.1525313617802274,0.4635714285714285,0.023265816326530613,0.1525313617802274
6,5,13,011100001011010011010110110100,0.4673333333333335,0.5591643502314886,0.5300000011920929,15,"[1, 2, 3, 8, 10, 11, 13, 16, 17, 19, 21, 22, 24, 25, 27]",15,"[1, 2, 3, 8, 10, 11, 13, 16, 17, 19, 21, 22, 24, 25, 27]",0,[],0.5591643502314886,0.06059047576937537,0.2461513269705759,16.504244063147567,0.5326666666666665,0.028019555555555558,0.16739042850639804,0.5326666666666665,0.028019555555555558,0.16739042850639804
6,5,14,001000110101000111010001111001,0.5371428571428571,0.4511802314913699,0.4580000042915344,14,"[2, 6, 7, 9, 11, 15, 16, 17, 19, 23, 24, 25, 26, 29]",14,"[2, 6, 7, 9, 11, 15, 16, 17, 19, 23, 24, 25, 26, 29]",0,[],0.4511802314913699,0.07092626090175912,0.26631984699184386,14.099150121350863,0.4628571428571429,0.03180612244897959,0.178342710669597,0.4628571428571429,0.03180612244897959,0.178342710669597
6,5,15,001101011100001111011110101100,0.52,0.4351634191458716,0.4884999990463257,17,"[2, 3, 5, 7, 8, 9, 14, 15, 16, 17, 19, 20, 21, 22, 24, 26, 27]",17,"[2, 3, 5, 7, 8, 9, 14, 15, 16, 17, 19, 20, 21, 22, 24, 26, 27]",0,[],0.4351634191458716,0.08248133768411106,0.2871956435674313,12.123954679661272,0.48,0.02305882352941177,0.15185132047305933,0.48,0.02305882352941177,0.15185132047305933
6,5,16,110101100010000101010101001111,0.4933333333333333,0.5020298695812623,0.5139999985694885,15,"[0, 1, 3, 5, 6, 10, 15, 17, 19, 21, 23, 26, 27, 28, 29]",15,"[0, 1, 3, 5, 6, 10, 15, 17, 19, 21, 23, 26, 27, 28, 29]",0,[],0.5020298695812623,0.0803960222009235,0.2835419231805475,12.438426337820893,0.5066666666666667,0.015062222222222225,0.12272824541327976,0.5066666666666667,0.015062222222222225,0.12272824541327976
6,5,17,001111011001001010100101010001,0.47357142857142853,0.5150864736310073,0.5879999995231628,14,"[2, 3, 4, 5, 7, 8, 11, 14, 16, 18, 21, 23, 25, 29]",14,"[2, 3, 4, 5, 7, 8, 11, 14, 16, 18, 21, 23, 25, 29]",0,[],0.5150864736310073,0.04433982536598342,0.21057023855707485,22.55308837474987,0.5264285714285715,0.023308673469387756,0.1526717834748378,0.5264285714285715,0.023308673469387756,0.1526717834748378
6,5,18,111101011111000011110110110100,0.48473684210526313,0.5223410705986776,0.5175000131130219,19,"[0, 1, 2, 3, 5, 7, 8, 9, 10, 11, 16, 17, 18, 19, 21, 22, 24, 25, 27]",19,"[0, 1, 2, 3, 5, 7, 8, 9, 10, 11, 16, 17, 18, 19, 21, 22, 24, 25, 27]",0,[],0.5223410705986776,0.05651598058310016,0.2377308995126636,17.69411040350997,0.5152631578947369,0.02600387811634349,0.16125718004586181,0.5152631578947369,0.02600387811634349,0.16125718004586181
6,5,19,011101011011010000000111110100,0.4853333333333334,0.5346775288383167,0.5009999871253967,15,"[1, 2, 3, 5, 7, 8, 10, 11, 13, 21, 22, 23, 24, 25, 27]",15,"[1, 2, 3, 5, 7, 8, 10, 11, 13, 21, 22, 23, 24, 25, 27]",0,[],0.5346775288383167,0.07140061281392883,0.2672089310145318,14.005482034251113,0.5146666666666666,0.026518222222222224,0.16284416545342428,0.5146666666666666,0.026518222222222224,0.16284416545342428
6,5,20,101111011001001010100000010001,0.47769230769230775,0.48831867655882466,0.56700000166893,13,"[0, 2, 3, 4, 5, 7, 8, 11, 14, 16, 18, 25, 29]",13,"[0, 2, 3, 4, 5, 7, 8, 11, 14, 16, 18, 25, 29]",0,[],0.48831867655882466,0.0429934633406373,0.20734865164894922,23.259349731306777,0.5223076923076923,0.02264852071005917,0.15049425474103378,0.5223076923076923,0.02264852071005917,0.15049425474103378
6,5,21,111101101011010101110110000101,0.4766666666666668,0.539475575192935,0.5295000076293945,18,"[0, 1, 2, 3, 5, 6, 8, 10, 11, 13, 15, 17, 18, 19, 21, 22, 27, 29]",18,"[0, 1, 2, 3, 5, 6, 8, 10, 11, 13, 15, 17, 18, 19, 21, 22, 27, 29]",0,[],0.539475575192935,0.06489490935408807,0.2547447925946438,15.409529190397194,0.5233333333333332,0.01356666666666667,0.116476034731041,0.5233333333333332,0.01356666666666667,0.116476034731041
6,5,22,011011111011000011110010110110,0.48944444444444446,0.4690625961456034,0.55799999833107,18,"[1, 2, 4, 5, 6, 7, 8, 10, 11, 16, 17, 18, 19, 22, 24, 25, 27, 28]",18,"[1, 2, 4, 5, 6, 7, 8, 10, 11, 16, 17, 18, 19, 22, 24, 25, 27, 28]",0,[],0.4690625961456034,0.06243700855966816,0.2498739853599573,16.016142077728567,0.5105555555555555,0.02360524691358025,0.1536399912574205,0.5105555555555555,0.02360524691358025,0.1536399912574205
6,5,23,011011111110001100001010110110,0.5111764705882353,0.41667513691765423,0.6089999973773956,17,"[1, 2, 4, 5, 6, 7, 8, 9, 10, 14, 15, 20, 22, 24, 25, 27, 28]",17,"[1, 2, 4, 5, 6, 7, 8, 9, 10, 14, 15, 20, 22, 24, 25, 27, 28]",0,[],0.41667513691765423,0.07957796061821758,0.2820956586305744,12.566293383636582,0.4888235294117647,0.021763321799307962,0.14752397025333872,0.4888235294117647,0.021763321799307962,0.14752397025333872
6,5,24,001111101100001101000010001111,0.5066666666666667,0.4217653757582108,0.5564999878406525,15,"[2, 3, 4, 5, 6, 8, 9, 14, 15, 17, 22, 26, 27, 28, 29]",15,"[2, 3, 4, 5, 6, 8, 9, 14, 15, 17, 22, 26, 27, 28, 29]",0,[],0.4217653757582108,0.09073794486201185,0.30122739726328324,11.02074773151114,0.4933333333333333,0.010702222222222222,0.10345154528677772,0.4933333333333333,0.010702222222222222,0.10345154528677772
6,5,25,001111011001001010100101010011,0.4753333333333333,0.4807473753889402,0.5715000033378601,15,"[2, 3, 4, 5, 7, 8, 11, 14, 16, 18, 21, 23, 25, 28, 29]",15,"[2, 3, 4, 5, 7, 8, 11, 14, 16, 18, 21, 23, 25, 28, 29]",0,[],0.4807473753889402,0.05789226836134795,0.2406081219771019,17.273463768223234,0.5246666666666667,0.021798222222222226,0.14764221016437754,0.5246666666666667,0.021798222222222226,0.14764221016437754
6,5,26,001000010110000001001101111100,0.5233333333333332,0.47996218378345173,0.48000001907348633,12,"[2, 7, 9, 10, 17, 20, 21, 23, 24, 25, 26, 27]",12,"[2, 7, 9, 10, 17, 20, 21, 23, 24, 25, 26, 27]",0,[],0.47996218378345173,0.06074235960122339,0.2464596510612303,16.462975863385118,0.47666666666666674,0.02730555555555555,0.1652439274392725,0.47666666666666674,0.02730555555555555,0.1652439274392725
6,5,27,011011111110000100000110010111,0.48812500000000003,0.45278219564352185,0.5805000066757202,16,"[1, 2, 4, 5, 6, 7, 8, 9, 10, 15, 21, 22, 25, 27, 28, 29]",16,"[1, 2, 4, 5, 6, 7, 8, 9, 10, 15, 21, 22, 25, 27, 28, 29]",0,[],0.45278219564352185,0.07902470906067766,0.2811133384609803,12.654269935143558,0.511875,0.019452734375,0.1394730596746196,0.511875,0.019452734375,0.1394730596746196
6,5,28,101101010011000100001101110010,0.5035714285714286,0.4610316919695054,0.5259999930858612,14,"[0, 2, 3, 5, 7, 10, 11, 15, 20, 21, 23, 24, 25, 28]",14,"[0, 2, 3, 5, 7, 10, 11, 15, 20, 21, 23, 24, 25, 28]",0,[],0.4610316919695054,0.0765494440393135,0.27667570193154567,13.063452158926587,0.4964285714285714,0.029051530612244896,0.17044509559457818,0.4964285714285714,0.029051530612244896,0.17044509559457818
6,5,29,001000110101000111010101110001,0.5228571428571429,0.49111763454441515,0.47450000047683716,14,"[2, 6, 7, 9, 11, 15, 16, 17, 19, 21, 23, 24, 25, 29]",14,"[2, 6, 7, 9, 11, 15, 16, 17, 19, 21, 23, 24, 25, 29]",0,[],0.49111763454441515,0.06149642525941056,0.24798472787534834,16.261107792553744,0.47714285714285715,0.03380612244897959,0.18386441322066538,0.47714285714285715,0.03380612244897959,0.18386441322066538
7,1,0,001000111111010010111011001110,0.52,0.4678127964520279,0.47850000858306885,17,"[2, 6, 7, 8, 9, 10, 11, 13, 16, 18, 19, 20, 22, 23, 26, 27, 28]",17,"[2, 6, 7, 8, 9, 10, 11, 13, 16, 18, 19, 20, 22, 23, 26, 27, 28]",0,[],0.4678127964520279,0.08718357173204708,0.2952686433267967,11.470050837942653,0.48,0.01358823529411765,0.1165685862233803,0.48,0.01358823529411765,0.1165685862233803
7,1,1,010000010110000011001111100111,0.5557142857142856,0.37672215214531335,0.5460000038146973,14,"[1, 7, 9, 10, 16, 17, 20, 21, 22, 23, 24, 27, 28, 29]",14,"[1, 7, 9, 10, 16, 17, 20, 21, 22, 23, 24, 27, 28, 29]",0,[],0.37672215214531335,0.06373786792412314,0.2524635972256657,15.689260287000057,0.44428571428571434,0.021510204081632654,0.14666357448812112,0.44428571428571434,0.021510204081632654,0.14666357448812112
7,1,2,110100011100011001100111010001,0.5079999999999999,0.4688819800193111,0.4819999933242798,15,"[0, 1, 3, 7, 8, 9, 13, 14, 17, 18, 21, 22, 23, 25, 29]",15,"[0, 1, 3, 7, 8, 9, 13, 14, 17, 18, 21, 22, 23, 25, 29]",0,[],0.4688819800193111,0.06864771588215297,0.26200709128218835,14.567127065330077,0.4920000000000001,0.018469333333333334,0.13590192542172952,0.4920000000000001,0.018469333333333334,0.13590192542172952
7,1,3,001000110101000111011101111001,0.530625,0.41843362513463944,0.4585000276565552,16,"[2, 6, 7, 9, 11, 15, 16, 17, 19, 20, 21, 23, 24, 25, 26, 29]",16,"[2, 6, 7, 9, 11, 15, 16, 17, 19, 20, 21, 23, 24, 25, 26, 29]",0,[],0.41843362513463944,0.06092751446518284,0.24683499440959103,16.41294592070471,0.469375,0.026393359375,0.1624603316966945,0.469375,0.026393359375,0.1624603316966945
7,1,4,011011111111000011110110110110,0.49149999999999994,0.4826651270966977,0.5505000054836273,20,"[1, 2, 4, 5, 6, 7, 8, 9, 10, 11, 16, 17, 18, 19, 21, 22, 24, 25, 27, 28]",20,"[1, 2, 4, 5, 6, 7, 8, 9, 10, 11, 16, 17, 18, 19, 21, 22, 24, 25, 27, 28]",0,[],0.4826651270966977,0.06387710137530409,0.2527391963572411,15.655062275362045,0.5085000000000001,0.018132749999999996,0.13465789987965798,0.5085000000000001,0.018132749999999996,0.13465789987965798
7,1,5,101101010110000100001010110100,0.52,0.44556954452911246,0.6044999957084656,13,"[0, 2, 3, 5, 7, 9, 10, 15, 20, 22, 24, 25, 27]",13,"[0, 2, 3, 5, 7, 9, 10, 15, 20, 22, 24, 25, 27]",0,[],0.44556954452911246,0.07821654080664743,0.2796722024203468,12.78501950721672,0.48000000000000004,0.013753846153846155,0.11727679290399338,0.48000000000000004,0.013753846153846155,0.11727679290399338
7,1,6,001111101100001101000010001111,0.5266666666666666,0.4268086794142922,0.4869999885559082,15,"[2, 3, 4, 5, 6, 8, 9, 14, 15, 17, 22, 26, 27, 28, 29]",15,"[2, 3, 4, 5, 6, 8, 9, 14, 15, 17, 22, 26, 27, 28, 29]",0,[],0.4268086794142922,0.08980598836404709,0.2996764728236888,11.135114909556965,0.47333333333333344,0.006968888888888891,0.08347987115999216,0.47333333333333344,0.006968888888888891,0.08347987115999216
7,1,7,011101111100110000101000100010,0.49071428571428577,0.5209542156330177,0.5320000052452087,14,"[1, 2, 3, 5, 6, 7, 8, 9, 12, 13, 18, 20, 24, 28]",14,"[1, 2, 3, 5, 6, 7, 8, 9, 12, 13, 18, 20, 24, 28]",0,[],0.5209542156330177,0.0820666339649552,0.28647274558839836,12.185220127671236,0.5092857142857142,0.009478061224489798,0.09735533485377058,0.5092857142857142,0.009478061224489798,0.09735533485377058
7,1,8,011010000111101111010111010001,0.5188235294117647,0.4673608585863429,0.5690000057220459,17,"[1, 2, 4, 9, 10, 11, 12, 14, 15, 16, 17, 19, 21, 22, 23, 25, 29]",17,"[1, 2, 4, 9, 10, 11, 12, 14, 15, 16, 17, 19, 21, 22, 23, 25, 29]",0,[],0.4673608585863429,0.06641627615613604,0.2577135544672341,15.05655025959495,0.48117647058823526,0.02379861591695502,0.1542680003012777,0.48117647058823526,0.02379861591695502,0.1542680003012777
7,1,9,111100001011010011000110100110,0.5039999999999999,0.4848163832599918,0.5189999938011169,15,"[0, 1, 2, 3, 8, 10, 11, 13, 16, 17, 21, 22, 24, 27, 28]",15,"[0, 1, 2, 3, 8, 10, 11, 13, 16, 17, 21, 22, 24, 27, 28]",0,[],0.4848163832599918,0.07770451925649809,0.2787553035486466,12.869264356414822,0.4960000000000001,0.015704,0.12531560158256433,0.4960000000000001,0.015704,0.12531560158256433
7,1,10,110100100010100100101101110010,0.4792857142857143,0.47381490908030954,0.5895000100135803,14,"[0, 1, 3, 6, 10, 12, 15, 18, 20, 21, 23, 24, 25, 28]",14,"[0, 1, 3, 6, 10, 12, 15, 18, 20, 21, 23, 24, 25, 28]",0,[],0.47381490908030954,0.07946802067218614,0.281900728399531,12.58367820843436,0.5207142857142857,0.020835204081632648,0.14434404761413838,0.5207142857142857,0.020835204081632648,0.14434404761413838
7,1,11,111101101111010101110110000101,0.4810526315789474,0.5522536926069542,0.5399999916553497,19,"[0, 1, 2, 3, 5, 6, 8, 9, 10, 11, 13, 15, 17, 18, 19, 21, 22, 27, 29]",19,"[0, 1, 2, 3, 5, 6, 8, 9, 10, 11, 13, 15, 17, 18, 19, 21, 22, 27, 29]",0,[],0.5522536926069542,0.06466394985130779,0.2542910730861541,15.464567232584164,0.5189473684210526,0.008777839335180055,0.09369012400023843,0.5189473684210526,0.008777839335180055,0.09369012400023843
7,1,12,110100100010000101010101000001,0.49363636363636365,0.5307490231299942,0.5205000042915344,11,"[0, 1, 3, 6, 10, 15, 17, 19, 21, 23, 29]",11,"[0, 1, 3, 6, 10, 15, 17, 19, 21, 23, 29]",0,[],0.5307490231299942,0.06963775730552339,0.26388966881165205,14.360025921177733,0.5063636363636363,0.020132231404958678,0.1418880946554667,0.5063636363636363,0.020132231404958678,0.1418880946554667
7,1,13,000000110001101111001110101100,0.542142857142857,0.37301234987431336,0.554500013589859,14,"[6, 7, 11, 12, 14, 15, 16, 17, 20, 21, 22, 24, 26, 27]",14,"[6, 7, 11, 12, 14, 15, 16, 17, 20, 21, 22, 24, 26, 27]",0,[],0.37301234987431336,0.07574222860843004,0.27521306038854704,13.20267462909985,0.4578571428571429,0.01720255102040816,0.13115849579957892,0.4578571428571429,0.01720255102040816,0.13115849579957892
7,2,0,001000111111010010111011001110,0.52,0.4678127964520279,0.47850000858306885,17,"[2, 6, 7, 8, 9, 10, 11, 13, 16, 18, 19, 20, 22, 23, 26, 27, 28]",17,"[2, 6, 7, 8, 9, 10, 11, 13, 16, 18, 19, 20, 22, 23, 26, 27, 28]",0,[],0.4678127964520279,0.08718357173204708,0.2952686433267967,11.470050837942653,0.48,0.01358823529411765,0.1165685862233803,0.48,0.01358823529411765,0.1165685862233803
7,2,1,010000010110000011001111100111,0.5557142857142856,0.37672215214531335,0.5460000038146973,14,"[1, 7, 9, 10, 16, 17, 20, 21, 22, 23, 24, 27, 28, 29]",14,"[1, 7, 9, 10, 16, 17, 20, 21, 22, 23, 24, 27, 28, 29]",0,[],0.37672215214531335,0.06373786792412314,0.2524635972256657,15.689260287000057,0.44428571428571434,0.021510204081632654,0.14666357448812112,0.44428571428571434,0.021510204081632654,0.14666357448812112
7,2,2,110100011100011001100111010001,0.5079999999999999,0.4688819800193111,0.4819999933242798,15,"[0, 1, 3, 7, 8, 9, 13, 14, 17, 18, 21, 22, 23, 25, 29]",15,"[0, 1, 3, 7, 8, 9, 13, 14, 17, 18, 21, 22, 23, 25, 29]",0,[],0.4688819800193111,0.06864771588215297,0.26200709128218835,14.567127065330077,0.4920000000000001,0.018469333333333334,0.13590192542172952,0.4920000000000001,0.018469333333333334,0.13590192542172952
7,2,3,001000110101000111011101111001,0.530625,0.41843362513463944,0.4585000276565552,16,"[2, 6, 7, 9, 11, 15, 16, 17, 19, 20, 21, 23, 24, 25, 26, 29]",16,"[2, 6, 7, 9, 11, 15, 16, 17, 19, 20, 21, 23, 24, 25, 26, 29]",0,[],0.41843362513463944,0.06092751446518284,0.24683499440959103,16.41294592070471,0.469375,0.026393359375,0.1624603316966945,0.469375,0.026393359375,0.1624603316966945
7,2,4,001111101100001101000010001111,0.5266666666666666,0.4268086794142922,0.4869999885559082,15,"[2, 3, 4, 5, 6, 8, 9, 14, 15, 17, 22, 26, 27, 28, 29]",15,"[2, 3, 4, 5, 6, 8, 9, 14, 15, 17, 22, 26, 27, 28, 29]",0,[],0.4268086794142922,0.08980598836404709,0.2996764728236888,11.135114909556965,0.47333333333333344,0.006968888888888891,0.08347987115999216,0.47333333333333344,0.006968888888888891,0.08347987115999216
7,2,5,011010000111101111010111010001,0.5188235294117647,0.4673608585863429,0.5690000057220459,17,"[1, 2, 4, 9, 10, 11, 12, 14, 15, 16, 17, 19, 21, 22, 23, 25, 29]",17,"[1, 2, 4, 9, 10, 11, 12, 14, 15, 16, 17, 19, 21, 22, 23, 25, 29]",0,[],0.4673608585863429,0.06641627615613604,0.2577135544672341,15.05655025959495,0.48117647058823526,0.02379861591695502,0.1542680003012777,0.48117647058823526,0.02379861591695502,0.1542680003012777
7,2,6,110100100010100100101101110010,0.4792857142857143,0.47381490908030954,0.5895000100135803,14,"[0, 1, 3, 6, 10, 12, 15, 18, 20, 21, 23, 24, 25, 28]",14,"[0, 1, 3, 6, 10, 12, 15, 18, 20, 21, 23, 24, 25, 28]",0,[],0.47381490908030954,0.07946802067218614,0.281900728399531,12.58367820843436,0.5207142857142857,0.020835204081632648,0.14434404761413838,0.5207142857142857,0.020835204081632648,0.14434404761413838
7,2,7,000000110001101111001110101100,0.542142857142857,0.37301234987431336,0.554500013589859,14,"[6, 7, 11, 12, 14, 15, 16, 17, 20, 21, 22, 24, 26, 27]",14,"[6, 7, 11, 12, 14, 15, 16, 17, 20, 21, 22, 24, 26, 27]",0,[],0.37301234987431336,0.07574222860843004,0.27521306038854704,13.20267462909985,0.4578571428571429,0.01720255102040816,0.13115849579957892,0.4578571428571429,0.01720255102040816,0.13115849579957892
7,2,8,000001000001101111001110001101,0.5369230769230768,0.3885293079253573,0.5760000050067902,13,"[5, 11, 12, 14, 15, 16, 17, 20, 21, 22, 26, 27, 29]",13,"[5, 11, 12, 14, 15, 16, 17, 20, 21, 22, 26, 27, 29]",0,[],0.3885293079253573,0.06416852844265637,0.2533150774088593,15.5839634205363,0.4630769230769231,0.015005917159763318,0.12249864146088853,0.4630769230769231,0.015005917159763318,0.12249864146088853
7,2,9,001111101100001101000010110111,0.52375,0.4404399218619801,0.4854999780654907,16,"[2, 3, 4, 5, 6, 8, 9, 14, 15, 17, 22, 24, 25, 27, 28, 29]",16,"[2, 3, 4, 5, 6, 8, 9, 14, 15, 17, 22, 24, 25, 27, 28, 29]",0,[],0.4404399218619801,0.07919917099205212,0.2814234727098152,12.626394790172148,0.47624999999999995,0.014135937500000001,0.11889464874417183,0.47624999999999995,0.014135937500000001,0.11889464874417183
7,2,10,000000110001101111000100101100,0.5475000000000001,0.3981192805804312,0.5214999914169312,12,"[6, 7, 11, 12, 14, 15, 16, 17, 21, 24, 26, 27]",12,"[6, 7, 11, 12, 14, 15, 16, 17, 21, 24, 26, 27]",0,[],0.3981192805804312,0.07610358472957969,0.27586878172344853,13.139985502040659,0.45249999999999996,0.01945208333333333,0.13947072572168445,0.45249999999999996,0.01945208333333333,0.13947072572168445
7,2,11,100000110101001010110100001000,0.5127272727272727,0.47034249488602986,0.4129999876022339,11,"[0, 6, 7, 9, 11, 14, 16, 18, 19, 21, 26]",11,"[0, 6, 7, 9, 11, 14, 16, 18, 19, 21, 26]",0,[],0.47034249488602986,0.06837585151460197,0.26148776551609826,14.625046384781701,0.48727272727272736,0.018965289256198344,0.1377145208618116,0.48727272727272736,0.018965289256198344,0.1377145208618116
7,2,12,110100100010100100101100111110,0.46466666666666656,0.46551474270721277,0.5915000140666962,15,"[0, 1, 3, 6, 10, 12, 15, 18, 20, 21, 24, 25, 26, 27, 28]",15,"[0, 1, 3, 6, 10, 12, 15, 18, 20, 21, 24, 25, 26, 27, 28]",0,[],0.46551474270721277,0.08496585569320216,0.29148903185746483,11.769433637093433,0.5353333333333334,0.014104888888888889,0.11876400502209787,0.5353333333333334,0.014104888888888889,0.11876400502209787
7,2,13,101000110101000111011111111001,0.5333333333333334,0.39911980828684235,0.5074999928474426,18,"[0, 2, 6, 7, 9, 11, 15, 16, 17, 19, 20, 21, 22, 23, 24, 25, 26, 29]",18,"[0, 2, 6, 7, 9, 11, 15, 16, 17, 19, 20, 21, 22, 23, 24, 25, 26, 29]",0,[],0.39911980828684235,0.06350266229765435,0.2519973458147017,15.747371272604706,0.46666666666666656,0.023522222222222226,0.15336956093769788,0.46666666666666656,0.023522222222222226,0.15336956093769788
7,2,14,100010110000101010011110001110,0.5185714285714286,0.4233203878227089,0.601500004529953,14,"[0, 4, 6, 7, 12, 14, 16, 19, 20, 21, 22, 26, 27, 28]",14,"[0, 4, 6, 7, 12, 14, 16, 19, 20, 21, 22, 26, 27, 28]",0,[],0.4233203878227089,0.0883335425953314,0.2972095937134792,11.32072789813427,0.48142857142857143,0.01584081632653061,0.12586030480866717,0.48142857142857143,0.01584081632653061,0.12586030480866717
7,2,15,101101010110000100001010001100,0.5233333333333332,0.42895796002509695,0.5449999868869781,12,"[0, 2, 3, 5, 7, 9, 10, 15, 20, 22, 26, 27]",12,"[0, 2, 3, 5, 7, 9, 10, 15, 20, 22, 26, 27]",0,[],0.42895796002509695,0.09152211046966774,0.30252621451647416,10.926321463395668,0.47666666666666674,0.00478888888888889,0.06920179830675566,0.47666666666666674,0.00478888888888889,0.06920179830675566
7,2,16,011000100010110100101101110001,0.49571428571428566,0.4930854334629008,0.5020000040531158,14,"[1, 2, 6, 10, 12, 13, 15, 18, 20, 21, 23, 24, 25, 29]",14,"[1, 2, 6, 10, 12, 13, 15, 18, 20, 21, 23, 24, 25, 29]",0,[],0.4930854334629008,0.06668555882197974,0.25823547165712873,14.99575046929647,0.5042857142857143,0.02306734693877551,0.1518793828627688,0.5042857142857143,0.02306734693877551,0.1518793828627688
7,2,17,010000010111000011001111100111,0.5486666666666666,0.3900688801581661,0.5394999980926514,15,"[1, 7, 9, 10, 11, 16, 17, 20, 21, 22, 23, 24, 27, 28, 29]",15,"[1, 7, 9, 10, 11, 16, 17, 20, 21, 22, 23, 24, 27, 28, 29]",0,[],0.3900688801581661,0.061982568810268535,0.24896298682789886,16.133568182064952,0.4513333333333334,0.020771555555555557,0.1441234039132977,0.4513333333333334,0.020771555555555557,0.1441234039132977
7,2,18,011000100000111000101000000010,0.45999999999999996,0.4756070011191898,0.5024999976158142,9,"[1, 2, 6, 12, 13, 14, 18, 20, 28]",9,"[1, 2, 6, 12, 13, 14, 18, 20, 28]",0,[],0.4756070011191898,0.08224017627499311,0.2867754806028457,12.159507010979882,0.54,0.005177777777777779,0.07195677714974302,0.54,0.005177777777777779,0.07195677714974302
7,3,0,001000111111010010111011001110,0.52,0.4678127964520279,0.47850000858306885,17,"[2, 6, 7, 8, 9, 10, 11, 13, 16, 18, 19, 20, 22, 23, 26, 27, 28]",17,"[2, 6, 7, 8, 9, 10, 11, 13, 16, 18, 19, 20, 22, 23, 26, 27, 28]",0,[],0.4678127964520279,0.08718357173204708,0.2952686433267967,11.470050837942653,0.48,0.01358823529411765,0.1165685862233803,0.48,0.01358823529411765,0.1165685862233803
7,3,1,010000010110000011001111100111,0.5557142857142856,0.37672215214531335,0.5460000038146973,14,"[1, 7, 9, 10, 16, 17, 20, 21, 22, 23, 24, 27, 28, 29]",14,"[1, 7, 9, 10, 16, 17, 20, 21, 22, 23, 24, 27, 28, 29]",0,[],0.37672215214531335,0.06373786792412314,0.2524635972256657,15.689260287000057,0.44428571428571434,0.021510204081632654,0.14666357448812112,0.44428571428571434,0.021510204081632654,0.14666357448812112
7,3,2,110100011100011001100111010001,0.5079999999999999,0.4688819800193111,0.4819999933242798,15,"[0, 1, 3, 7, 8, 9, 13, 14, 17, 18, 21, 22, 23, 25, 29]",15,"[0, 1, 3, 7, 8, 9, 13, 14, 17, 18, 21, 22, 23, 25, 29]",0,[],0.4688819800193111,0.06864771588215297,0.26200709128218835,14.567127065330077,0.4920000000000001,0.018469333333333334,0.13590192542172952,0.4920000000000001,0.018469333333333334,0.13590192542172952
7,3,3,001000110101000111011101111001,0.530625,0.41843362513463944,0.4585000276565552,16,"[2, 6, 7, 9, 11, 15, 16, 17, 19, 20, 21, 23, 24, 25, 26, 29]",16,"[2, 6, 7, 9, 11, 15, 16, 17, 19, 20, 21, 23, 24, 25, 26, 29]",0,[],0.41843362513463944,0.06092751446518284,0.24683499440959103,16.41294592070471,0.469375,0.026393359375,0.1624603316966945,0.469375,0.026393359375,0.1624603316966945
7,3,4,001111101100001101000010001111,0.5266666666666666,0.4268086794142922,0.4869999885559082,15,"[2, 3, 4, 5, 6, 8, 9, 14, 15, 17, 22, 26, 27, 28, 29]",15,"[2, 3, 4, 5, 6, 8, 9, 14, 15, 17, 22, 26, 27, 28, 29]",0,[],0.4268086794142922,0.08980598836404709,0.2996764728236888,11.135114909556965,0.47333333333333344,0.006968888888888891,0.08347987115999216,0.47333333333333344,0.006968888888888891,0.08347987115999216
7,3,5,110100100010100100101101110010,0.4792857142857143,0.47381490908030954,0.5895000100135803,14,"[0, 1, 3, 6, 10, 12, 15, 18, 20, 21, 23, 24, 25, 28]",14,"[0, 1, 3, 6, 10, 12, 15, 18, 20, 21, 23, 24, 25, 28]",0,[],0.47381490908030954,0.07946802067218614,0.281900728399531,12.58367820843436,0.5207142857142857,0.020835204081632648,0.14434404761413838,0.5207142857142857,0.020835204081632648,0.14434404761413838
7,3,6,000000110001101111001110101100,0.542142857142857,0.37301234987431336,0.554500013589859,14,"[6, 7, 11, 12, 14, 15, 16, 17, 20, 21, 22, 24, 26, 27]",14,"[6, 7, 11, 12, 14, 15, 16, 17, 20, 21, 22, 24, 26, 27]",0,[],0.37301234987431336,0.07574222860843004,0.27521306038854704,13.20267462909985,0.4578571428571429,0.01720255102040816,0.13115849579957892,0.4578571428571429,0.01720255102040816,0.13115849579957892
7,3,7,000001000001101111001110001101,0.5369230769230768,0.3885293079253573,0.5760000050067902,13,"[5, 11, 12, 14, 15, 16, 17, 20, 21, 22, 26, 27, 29]",13,"[5, 11, 12, 14, 15, 16, 17, 20, 21, 22, 26, 27, 29]",0,[],0.3885293079253573,0.06416852844265637,0.2533150774088593,15.5839634205363,0.4630769230769231,0.015005917159763318,0.12249864146088853,0.4630769230769231,0.015005917159763318,0.12249864146088853
7,3,8,001111101100001101000010110111,0.52375,0.4404399218619801,0.4854999780654907,16,"[2, 3, 4, 5, 6, 8, 9, 14, 15, 17, 22, 24, 25, 27, 28, 29]",16,"[2, 3, 4, 5, 6, 8, 9, 14, 15, 17, 22, 24, 25, 27, 28, 29]",0,[],0.4404399218619801,0.07919917099205212,0.2814234727098152,12.626394790172148,0.47624999999999995,0.014135937500000001,0.11889464874417183,0.47624999999999995,0.014135937500000001,0.11889464874417183
7,3,9,000000110001101111000100101100,0.5475000000000001,0.3981192805804312,0.5214999914169312,12,"[6, 7, 11, 12, 14, 15, 16, 17, 21, 24, 26, 27]",12,"[6, 7, 11, 12, 14, 15, 16, 17, 21, 24, 26, 27]",0,[],0.3981192805804312,0.07610358472957969,0.27586878172344853,13.139985502040659,0.45249999999999996,0.01945208333333333,0.13947072572168445,0.45249999999999996,0.01945208333333333,0.13947072572168445
7,3,10,100000110101001010110100001000,0.5127272727272727,0.47034249488602986,0.4129999876022339,11,"[0, 6, 7, 9, 11, 14, 16, 18, 19, 21, 26]",11,"[0, 6, 7, 9, 11, 14, 16, 18, 19, 21, 26]",0,[],0.47034249488602986,0.06837585151460197,0.26148776551609826,14.625046384781701,0.48727272727272736,0.018965289256198344,0.1377145208618116,0.48727272727272736,0.018965289256198344,0.1377145208618116
7,3,11,110100100010100100101100111110,0.46466666666666656,0.46551474270721277,0.5915000140666962,15,"[0, 1, 3, 6, 10, 12, 15, 18, 20, 21, 24, 25, 26, 27, 28]",15,"[0, 1, 3, 6, 10, 12, 15, 18, 20, 21, 24, 25, 26, 27, 28]",0,[],0.46551474270721277,0.08496585569320216,0.29148903185746483,11.769433637093433,0.5353333333333334,0.014104888888888889,0.11876400502209787,0.5353333333333334,0.014104888888888889,0.11876400502209787
7,3,12,101000110101000111011111111001,0.5333333333333334,0.39911980828684235,0.5074999928474426,18,"[0, 2, 6, 7, 9, 11, 15, 16, 17, 19, 20, 21, 22, 23, 24, 25, 26, 29]",18,"[0, 2, 6, 7, 9, 11, 15, 16, 17, 19, 20, 21, 22, 23, 24, 25, 26, 29]",0,[],0.39911980828684235,0.06350266229765435,0.2519973458147017,15.747371272604706,0.46666666666666656,0.023522222222222226,0.15336956093769788,0.46666666666666656,0.023522222222222226,0.15336956093769788
7,3,13,011000100010110100101101110001,0.49571428571428566,0.4930854334629008,0.5020000040531158,14,"[1, 2, 6, 10, 12, 13, 15, 18, 20, 21, 23, 24, 25, 29]",14,"[1, 2, 6, 10, 12, 13, 15, 18, 20, 21, 23, 24, 25, 29]",0,[],0.4930854334629008,0.06668555882197974,0.25823547165712873,14.99575046929647,0.5042857142857143,0.02306734693877551,0.1518793828627688,0.5042857142857143,0.02306734693877551,0.1518793828627688
7,3,14,010000010111000011001111100111,0.5486666666666666,0.3900688801581661,0.5394999980926514,15,"[1, 7, 9, 10, 11, 16, 17, 20, 21, 22, 23, 24, 27, 28, 29]",15,"[1, 7, 9, 10, 11, 16, 17, 20, 21, 22, 23, 24, 27, 28, 29]",0,[],0.3900688801581661,0.061982568810268535,0.24896298682789886,16.133568182064952,0.4513333333333334,0.020771555555555557,0.1441234039132977,0.4513333333333334,0.020771555555555557,0.1441234039132977
7,3,15,011000100000111000101000000010,0.45999999999999996,0.4756070011191898,0.5024999976158142,9,"[1, 2, 6, 12, 13, 14, 18, 20, 28]",9,"[1, 2, 6, 12, 13, 14, 18, 20, 28]",0,[],0.4756070011191898,0.08224017627499311,0.2867754806028457,12.159507010979882,0.54,0.005177777777777779,0.07195677714974302,0.54,0.005177777777777779,0.07195677714974302
7,3,16,101101010110000100001100110100,0.5007692307692307,0.4969635269103142,0.4139999747276306,13,"[0, 2, 3, 5, 7, 9, 10, 15, 20, 21, 24, 25, 27]",13,"[0, 2, 3, 5, 7, 9, 10, 15, 20, 21, 24, 25, 27]",0,[],0.4969635269103142,0.06466311953589193,0.2542894404726471,15.464765807423499,0.49923076923076926,0.016653254437869823,0.12904748908006627,0.49923076923076926,0.016653254437869823,0.12904748908006627
7,3,17,110000110001101111010100101100,0.5213333333333332,0.42472174353897574,0.5230000019073486,15,"[0, 1, 6, 7, 11, 12, 14, 15, 16, 17, 19, 21, 24, 26, 27]",15,"[0, 1, 6, 7, 11, 12, 14, 15, 16, 17, 19, 21, 24, 26, 27]",0,[],0.42472174353897574,0.07195588522025011,0.268245941665946,13.897403901558508,0.47866666666666674,0.020078222222222223,0.1416976436720887,0.47866666666666674,0.020078222222222223,0.1416976436720887
7,3,18,000000110101001010110100101000,0.53,0.4424646981060505,0.4150000214576721,11,"[6, 7, 9, 11, 14, 16, 18, 19, 21, 24, 26]",11,"[6, 7, 9, 11, 14, 16, 18, 19, 21, 24, 26]",0,[],0.4424646981060505,0.07539327981764178,0.27457836735191243,13.263781631715181,0.47,0.023236363636363635,0.1524347848634413,0.47,0.023236363636363635,0.1524347848634413
7,3,19,000000110001101100001010101100,0.5454545454545454,0.3436463540419936,0.5480000078678131,11,"[6, 7, 11, 12, 14, 15, 20, 22, 24, 26, 27]",11,"[6, 7, 11, 12, 14, 15, 20, 22, 24, 26, 27]",0,[],0.3436463540419936,0.08627124448598782,0.29371966989969844,11.591347800279154,0.45454545454545453,0.009988429752066118,0.09994213201681319,0.45454545454545453,0.009988429752066118,0.09994213201681319
7,3,20,110100100010100100001010111110,0.485,0.42043056691597613,0.5710000097751617,14,"[0, 1, 3, 6, 10, 12, 15, 20, 22, 24, 25, 26, 27, 28]",14,"[0, 1, 3, 6, 10, 12, 15, 20, 22, 24, 25, 26, 27, 28]",0,[],0.42043056691597613,0.10094111048649093,0.3177123077353015,9.90676638270025,0.515,0.01355357142857143,0.11641980685678632,0.515,0.01355357142857143,0.11641980685678632
7,3,21,010000010110100101101101110011,0.512,0.41076754989723363,0.5415000021457672,15,"[1, 7, 9, 10, 12, 15, 17, 18, 20, 21, 23, 24, 25, 28, 29]",15,"[1, 7, 9, 10, 12, 15, 17, 18, 20, 21, 23, 24, 25, 28, 29]",0,[],0.41076754989723363,0.0685547671676609,0.26182965295714866,14.586877635429072,0.48799999999999993,0.022336,0.14945233353815524,0.48799999999999993,0.022336,0.14945233353815524
7,3,22,111100001111111000101000000110,0.4793333333333334,0.553163206577301,0.4975000023841858,15,"[0, 1, 2, 3, 8, 9, 10, 11, 12, 13, 14, 18, 20, 27, 28]",15,"[0, 1, 2, 3, 8, 9, 10, 11, 12, 13, 14, 18, 20, 27, 28]",0,[],0.553163206577301,0.06572996299472383,0.2563785540850167,15.213761798105232,0.5206666666666666,0.004139555555555555,0.0643393779543722,0.5206666666666666,0.004139555555555555,0.0643393779543722
7,3,23,101000110101001010110101111001,0.5318750000000001,0.42963058478198946,0.38999998569488525,16,"[0, 2, 6, 7, 9, 11, 14, 16, 18, 19, 21, 23, 24, 25, 26, 29]",16,"[0, 2, 6, 7, 9, 11, 14, 16, 18, 19, 21, 23, 24, 25, 26, 29]",0,[],0.42963058478198946,0.05457810496716001,0.2336195731679176,18.322365728925664,0.46812499999999996,0.026115234375000004,0.16160208654284142,0.46812499999999996,0.026115234375000004,0.16160208654284142
7,3,24,010000000001101111001110001100,0.5125,0.37123528658412397,0.5965000092983246,12,"[1, 11, 12, 14, 15, 16, 17, 20, 21, 22, 26, 27]",12,"[1, 11, 12, 14, 15, 16, 17, 20, 21, 22, 26, 27]",0,[],0.37123528658412397,0.06635169001695801,0.25758821793117403,15.071206170399313,0.48750000000000004,0.016752083333333338,0.12942983942404215,0.48750000000000004,0.016752083333333338,0.12942983942404215
7,3,25,010000010110000011001111000111,0.5415384615384615,0.39206884163790023,0.5719999969005585,13,"[1, 7, 9, 10, 16, 17, 20, 21, 22, 23, 27, 28, 29]",13,"[1, 7, 9, 10, 16, 17, 20, 21, 22, 23, 27, 28, 29]",0,[],0.39206884163790023,0.0653434885440171,0.25562372453279275,15.303743682530412,0.45846153846153853,0.02035147928994083,0.14265861099120805,0.45846153846153853,0.02035147928994083,0.14265861099120805
7,3,26,011100100010110110101101110010,0.49624999999999997,0.48521007981617004,0.5,16,"[1, 2, 3, 6, 10, 12, 13, 15, 16, 18, 20, 21, 23, 24, 25, 28]",16,"[1, 2, 3, 6, 10, 12, 13, 15, 16, 18, 20, 21, 23, 24, 25, 28]",0,[],0.48521007981617004,0.08306030757065888,0.28820185212912647,12.039444943655022,0.50375,0.0247234375,0.1572368833957224,0.50375,0.0247234375,0.1572368833957224
7,3,27,111100011100010001100110000111,0.4926666666666666,0.4688112670555711,0.5115000009536743,15,"[0, 1, 2, 3, 7, 8, 9, 13, 17, 18, 21, 22, 27, 28, 29]",15,"[0, 1, 2, 3, 7, 8, 9, 13, 17, 18, 21, 22, 27, 28, 29]",0,[],0.4688112670555711,0.07723280326469702,0.2779079042861088,12.947866162163484,0.5073333333333334,0.009259555555555554,0.09622658445333884,0.5073333333333334,0.009259555555555554,0.09622658445333884
7,3,28,101101010110000111001110001100,0.5246666666666666,0.4393039016053081,0.49000000953674316,15,"[0, 2, 3, 5, 7, 9, 10, 15, 16, 17, 20, 21, 22, 26, 27]",15,"[0, 2, 3, 5, 7, 9, 10, 15, 16, 17, 20, 21, 22, 26, 27]",0,[],0.4393039016053081,0.07812181640419195,0.27950280214014306,12.800521621593283,0.47533333333333333,0.012531555555555554,0.11194443065894594,0.47533333333333333,0.012531555555555554,0.11194443065894594
7,4,0,010000010110000011001111100111,0.5557142857142856,0.37672215214531335,0.5460000038146973,14,"[1, 7, 9, 10, 16, 17, 20, 21, 22, 23, 24, 27, 28, 29]",14,"[1, 7, 9, 10, 16, 17, 20, 21, 22, 23, 24, 27, 28, 29]",0,[],0.37672215214531335,0.06373786792412314,0.2524635972256657,15.689260287000057,0.44428571428571434,0.021510204081632654,0.14666357448812112,0.44428571428571434,0.021510204081632654,0.14666357448812112
7,4,1,001000110101000111011101111001,0.530625,0.41843362513463944,0.4585000276565552,16,"[2, 6, 7, 9, 11, 15, 16, 17, 19, 20, 21, 23, 24, 25, 26, 29]",16,"[2, 6, 7, 9, 11, 15, 16, 17, 19, 20, 21, 23, 24, 25, 26, 29]",0,[],0.41843362513463944,0.06092751446518284,0.24683499440959103,16.41294592070471,0.469375,0.026393359375,0.1624603316966945,0.469375,0.026393359375,0.1624603316966945
7,4,2,000000110001101111001110101100,0.542142857142857,0.37301234987431336,0.554500013589859,14,"[6, 7, 11, 12, 14, 15, 16, 17, 20, 21, 22, 24, 26, 27]",14,"[6, 7, 11, 12, 14, 15, 16, 17, 20, 21, 22, 24, 26, 27]",0,[],0.37301234987431336,0.07574222860843004,0.27521306038854704,13.20267462909985,0.4578571428571429,0.01720255102040816,0.13115849579957892,0.4578571428571429,0.01720255102040816,0.13115849579957892
7,4,3,001111101100001101000010110111,0.52375,0.4404399218619801,0.4854999780654907,16,"[2, 3, 4, 5, 6, 8, 9, 14, 15, 17, 22, 24, 25, 27, 28, 29]",16,"[2, 3, 4, 5, 6, 8, 9, 14, 15, 17, 22, 24, 25, 27, 28, 29]",0,[],0.4404399218619801,0.07919917099205212,0.2814234727098152,12.626394790172148,0.47624999999999995,0.014135937500000001,0.11889464874417183,0.47624999999999995,0.014135937500000001,0.11889464874417183
7,4,4,000000110001101111000100101100,0.5475000000000001,0.3981192805804312,0.5214999914169312,12,"[6, 7, 11, 12, 14, 15, 16, 17, 21, 24, 26, 27]",12,"[6, 7, 11, 12, 14, 15, 16, 17, 21, 24, 26, 27]",0,[],0.3981192805804312,0.07610358472957969,0.27586878172344853,13.139985502040659,0.45249999999999996,0.01945208333333333,0.13947072572168445,0.45249999999999996,0.01945208333333333,0.13947072572168445
7,4,5,100000110101001010110100001000,0.5127272727272727,0.47034249488602986,0.4129999876022339,11,"[0, 6, 7, 9, 11, 14, 16, 18, 19, 21, 26]",11,"[0, 6, 7, 9, 11, 14, 16, 18, 19, 21, 26]",0,[],0.47034249488602986,0.06837585151460197,0.26148776551609826,14.625046384781701,0.48727272727272736,0.018965289256198344,0.1377145208618116,0.48727272727272736,0.018965289256198344,0.1377145208618116
7,4,6,110100100010100100101100111110,0.46466666666666656,0.46551474270721277,0.5915000140666962,15,"[0, 1, 3, 6, 10, 12, 15, 18, 20, 21, 24, 25, 26, 27, 28]",15,"[0, 1, 3, 6, 10, 12, 15, 18, 20, 21, 24, 25, 26, 27, 28]",0,[],0.46551474270721277,0.08496585569320216,0.29148903185746483,11.769433637093433,0.5353333333333334,0.014104888888888889,0.11876400502209787,0.5353333333333334,0.014104888888888889,0.11876400502209787
7,4,7,101000110101000111011111111001,0.5333333333333334,0.39911980828684235,0.5074999928474426,18,"[0, 2, 6, 7, 9, 11, 15, 16, 17, 19, 20, 21, 22, 23, 24, 25, 26, 29]",18,"[0, 2, 6, 7, 9, 11, 15, 16, 17, 19, 20, 21, 22, 23, 24, 25, 26, 29]",0,[],0.39911980828684235,0.06350266229765435,0.2519973458147017,15.747371272604706,0.46666666666666656,0.023522222222222226,0.15336956093769788,0.46666666666666656,0.023522222222222226,0.15336956093769788
7,4,8,011000100010110100101101110001,0.49571428571428566,0.4930854334629008,0.5020000040531158,14,"[1, 2, 6, 10, 12, 13, 15, 18, 20, 21, 23, 24, 25, 29]",14,"[1, 2, 6, 10, 12, 13, 15, 18, 20, 21, 23, 24, 25, 29]",0,[],0.4930854334629008,0.06668555882197974,0.25823547165712873,14.99575046929647,0.5042857142857143,0.02306734693877551,0.1518793828627688,0.5042857142857143,0.02306734693877551,0.1518793828627688
7,4,9,010000010111000011001111100111,0.5486666666666666,0.3900688801581661,0.5394999980926514,15,"[1, 7, 9, 10, 11, 16, 17, 20, 21, 22, 23, 24, 27, 28, 29]",15,"[1, 7, 9, 10, 11, 16, 17, 20, 21, 22, 23, 24, 27, 28, 29]",0,[],0.3900688801581661,0.061982568810268535,0.24896298682789886,16.133568182064952,0.4513333333333334,0.020771555555555557,0.1441234039132977,0.4513333333333334,0.020771555555555557,0.1441234039132977
7,4,10,011000100000111000101000000010,0.45999999999999996,0.4756070011191898,0.5024999976158142,9,"[1, 2, 6, 12, 13, 14, 18, 20, 28]",9,"[1, 2, 6, 12, 13, 14, 18, 20, 28]",0,[],0.4756070011191898,0.08224017627499311,0.2867754806028457,12.159507010979882,0.54,0.005177777777777779,0.07195677714974302,0.54,0.005177777777777779,0.07195677714974302
7,4,11,101101010110000100001100110100,0.5007692307692307,0.4969635269103142,0.4139999747276306,13,"[0, 2, 3, 5, 7, 9, 10, 15, 20, 21, 24, 25, 27]",13,"[0, 2, 3, 5, 7, 9, 10, 15, 20, 21, 24, 25, 27]",0,[],0.4969635269103142,0.06466311953589193,0.2542894404726471,15.464765807423499,0.49923076923076926,0.016653254437869823,0.12904748908006627,0.49923076923076926,0.016653254437869823,0.12904748908006627
7,4,12,000000110001101100001010101100,0.5454545454545454,0.3436463540419936,0.5480000078678131,11,"[6, 7, 11, 12, 14, 15, 20, 22, 24, 26, 27]",11,"[6, 7, 11, 12, 14, 15, 20, 22, 24, 26, 27]",0,[],0.3436463540419936,0.08627124448598782,0.29371966989969844,11.591347800279154,0.45454545454545453,0.009988429752066118,0.09994213201681319,0.45454545454545453,0.009988429752066118,0.09994213201681319
7,4,13,010000010110100101101101110011,0.512,0.41076754989723363,0.5415000021457672,15,"[1, 7, 9, 10, 12, 15, 17, 18, 20, 21, 23, 24, 25, 28, 29]",15,"[1, 7, 9, 10, 12, 15, 17, 18, 20, 21, 23, 24, 25, 28, 29]",0,[],0.41076754989723363,0.0685547671676609,0.26182965295714866,14.586877635429072,0.48799999999999993,0.022336,0.14945233353815524,0.48799999999999993,0.022336,0.14945233353815524
7,4,14,111100001111111000101000000110,0.4793333333333334,0.553163206577301,0.4975000023841858,15,"[0, 1, 2, 3, 8, 9, 10, 11, 12, 13, 14, 18, 20, 27, 28]",15,"[0, 1, 2, 3, 8, 9, 10, 11, 12, 13, 14, 18, 20, 27, 28]",0,[],0.553163206577301,0.06572996299472383,0.2563785540850167,15.213761798105232,0.5206666666666666,0.004139555555555555,0.0643393779543722,0.5206666666666666,0.004139555555555555,0.0643393779543722
7,4,15,010000000001101111001110001100,0.5125,0.37123528658412397,0.5965000092983246,12,"[1, 11, 12, 14, 15, 16, 17, 20, 21, 22, 26, 27]",12,"[1, 11, 12, 14, 15, 16, 17, 20, 21, 22, 26, 27]",0,[],0.37123528658412397,0.06635169001695801,0.25758821793117403,15.071206170399313,0.48750000000000004,0.016752083333333338,0.12942983942404215,0.48750000000000004,0.016752083333333338,0.12942983942404215
7,4,16,011100100010110110101101110010,0.49624999999999997,0.48521007981617004,0.5,16,"[1, 2, 3, 6, 10, 12, 13, 15, 16, 18, 20, 21, 23, 24, 25, 28]",16,"[1, 2, 3, 6, 10, 12, 13, 15, 16, 18, 20, 21, 23, 24, 25, 28]",0,[],0.48521007981617004,0.08306030757065888,0.28820185212912647,12.039444943655022,0.50375,0.0247234375,0.1572368833957224,0.50375,0.0247234375,0.1572368833957224
7,4,17,111100011100010001100110000111,0.4926666666666666,0.4688112670555711,0.5115000009536743,15,"[0, 1, 2, 3, 7, 8, 9, 13, 17, 18, 21, 22, 27, 28, 29]",15,"[0, 1, 2, 3, 7, 8, 9, 13, 17, 18, 21, 22, 27, 28, 29]",0,[],0.4688112670555711,0.07723280326469702,0.2779079042861088,12.947866162163484,0.5073333333333334,0.009259555555555554,0.09622658445333884,0.5073333333333334,0.009259555555555554,0.09622658445333884
7,4,18,101101010110000111001110001100,0.5246666666666666,0.4393039016053081,0.49000000953674316,15,"[0, 2, 3, 5, 7, 9, 10, 15, 16, 17, 20, 21, 22, 26, 27]",15,"[0, 2, 3, 5, 7, 9, 10, 15, 16, 17, 20, 21, 22, 26, 27]",0,[],0.4393039016053081,0.07812181640419195,0.27950280214014306,12.800521621593283,0.47533333333333333,0.012531555555555554,0.11194443065894594,0.47533333333333333,0.012531555555555554,0.11194443065894594
7,4,19,001101010110000111001010101100,0.5535714285714285,0.40067381391833934,0.4860000014305115,14,"[2, 3, 5, 7, 9, 10, 15, 16, 17, 20, 22, 24, 26, 27]",14,"[2, 3, 5, 7, 9, 10, 15, 16, 17, 20, 22, 24, 26, 27]",0,[],0.40067381391833934,0.08305757727494131,0.2881971153133586,12.03984070820836,0.4464285714285715,0.012565816326530614,0.11209735200498991,0.4464285714285715,0.012565816326530614,0.11209735200498991
7,4,20,110100100000111000101000000011,0.48636363636363633,0.506076222116297,0.4959999918937683,11,"[0, 1, 3, 6, 12, 13, 14, 18, 20, 28, 29]",11,"[0, 1, 3, 6, 12, 13, 14, 18, 20, 28, 29]",0,[],0.506076222116297,0.0825330575505428,0.2872856723725407,12.11635712620492,0.5136363636363637,0.008786776859504132,0.09373780912472902,0.5136363636363637,0.008786776859504132,0.09373780912472902
7,4,21,011000100000100100101000000010,0.45500000000000007,0.401198752457276,0.6119999885559082,8,"[1, 2, 6, 12, 15, 18, 20, 28]",8,"[1, 2, 6, 12, 15, 18, 20, 28]",0,[],0.401198752457276,0.0790348731715286,0.2811314161945061,12.652642559819258,0.5449999999999999,0.0065000000000000014,0.0806225774829855,0.5449999999999999,0.0065000000000000014,0.0806225774829855
7,4,22,101000010101001010110101011001,0.5257142857142857,0.42263387117002693,0.3669999837875366,14,"[0, 2, 7, 9, 11, 14, 16, 18, 19, 21, 23, 25, 26, 29]",14,"[0, 2, 7, 9, 11, 14, 16, 18, 19, 21, 23, 25, 26, 29]",0,[],0.42263387117002693,0.04900657744466525,0.22137429264633518,20.405424172482338,0.4742857142857143,0.025653061224489796,0.1601657304934167,0.4742857142857143,0.025653061224489796,0.1601657304934167
7,4,23,111100100010001001100111011110,0.47,0.42870547639904544,0.5875000059604645,16,"[0, 1, 2, 3, 6, 10, 14, 17, 18, 21, 22, 23, 25, 26, 27, 28]",16,"[0, 1, 2, 3, 6, 10, 14, 17, 18, 21, 22, 23, 25, 26, 27, 28]",0,[],0.42870547639904544,0.0732376545878302,0.270624563903261,13.654178381705968,0.53,0.0138625,0.11773911839316617,0.53,0.0138625,0.11773911839316617
7,4,24,011000100010100100001010111110,0.4815384615384616,0.3788641465541262,0.5654999911785126,13,"[1, 2, 6, 10, 12, 15, 20, 22, 24, 25, 26, 27, 28]",13,"[1, 2, 6, 10, 12, 15, 20, 22, 24, 25, 26, 27, 28]",0,[],0.3788641465541262,0.09067091374555984,0.3011161133940856,11.028895140576104,0.5184615384615384,0.014089940828402368,0.1187010565597559,0.5184615384615384,0.014089940828402368,0.1187010565597559
7,4,25,010010010110100101101100110011,0.5033333333333333,0.4359146879365047,0.5645000040531158,15,"[1, 4, 7, 9, 10, 12, 15, 17, 18, 20, 21, 24, 25, 28, 29]",15,"[1, 4, 7, 9, 10, 12, 15, 17, 18, 20, 21, 24, 25, 28, 29]",0,[],0.4359146879365047,0.07111860413862682,0.26668071572317864,14.061018380658396,0.4966666666666667,0.019088888888888888,0.13816254517375137,0.4966666666666667,0.019088888888888888,0.13816254517375137
7,4,26,000000011111010000111011001110,0.5128571428571428,0.46171385974490214,0.4700000286102295,14,"[7, 8, 9, 10, 11, 13, 18, 19, 20, 22, 23, 26, 27, 28]",14,"[7, 8, 9, 10, 11, 13, 18, 19, 20, 22, 23, 26, 27, 28]",0,[],0.46171385974490214,0.09673306901004651,0.3110194029478652,10.337726386993284,0.4871428571428572,0.009120408163265306,0.09550082807633296,0.4871428571428572,0.009120408163265306,0.09550082807633296
7,4,27,101000110101001010110100001000,0.5066666666666666,0.4644806208088994,0.4169999957084656,12,"[0, 2, 6, 7, 9, 11, 14, 16, 18, 19, 21, 26]",12,"[0, 2, 6, 7, 9, 11, 14, 16, 18, 19, 21, 26]",0,[],0.4644806208088994,0.06305584113304262,0.25110922152131854,15.858959012061746,0.49333333333333335,0.017788888888888885,0.13337499349161702,0.49333333333333335,0.017788888888888885,0.13337499349161702
7,4,28,000000010001101100001010101100,0.5589999999999999,0.30001099230721595,0.5254999995231628,10,"[7, 11, 12, 14, 15, 20, 22, 24, 26, 27]",10,"[7, 11, 12, 14, 15, 20, 22, 24, 26, 27]",0,[],0.30001099230721595,0.07395387620361268,0.27194461973646894,13.521941666002213,0.441,0.008969000000000005,0.0947048045243746,0.441,0.008969000000000005,0.0947048045243746
7,4,29,010100011100100100001010110001,0.5208333333333333,0.4225915913314869,0.5164999961853027,12,"[1, 3, 7, 8, 9, 12, 15, 20, 22, 24, 25, 29]",12,"[1, 3, 7, 8, 9, 12, 15, 20, 22, 24, 25, 29]",0,[],0.4225915913314869,0.0888946245171322,0.29815201578579376,11.249274131387722,0.4791666666666667,0.019140972222222222,0.13835090249876297,0.4791666666666667,0.019140972222222222,0.13835090249876297
7,5,0,101000010101001010110101011001,0.5257142857142857,0.42263387117002693,0.3669999837875366,14,"[0, 2, 7, 9, 11, 14, 16, 18, 19, 21, 23, 25, 26, 29]",14,"[0, 2, 7, 9, 11, 14, 16, 18, 19, 21, 23, 25, 26, 29]",0,[],0.42263387117002693,0.04900657744466525,0.22137429264633518,20.405424172482338,0.4742857142857143,0.025653061224489796,0.1601657304934167,0.4742857142857143,0.025653061224489796,0.1601657304934167
7,5,1,000000010001101100001010101100,0.5589999999999999,0.30001099230721595,0.5254999995231628,10,"[7, 11, 12, 14, 15, 20, 22, 24, 26, 27]",10,"[7, 11, 12, 14, 15, 20, 22, 24, 26, 27]",0,[],0.30001099230721595,0.07395387620361268,0.27194461973646894,13.521941666002213,0.441,0.008969000000000005,0.0947048045243746,0.441,0.008969000000000005,0.0947048045243746
7,5,2,010000100000111000111000001100,0.46199999999999997,0.531548972800374,0.5,10,"[1, 6, 12, 13, 14, 18, 19, 20, 26, 27]",10,"[1, 6, 12, 13, 14, 18, 19, 20, 26, 27]",0,[],0.531548972800374,0.07816565601296951,0.27958121541507314,12.793342383438533,0.538,0.006316,0.07947326594522211,0.538,0.006316,0.07947326594522211
7,5,3,011000100000100100101000000010,0.45500000000000007,0.401198752457276,0.6119999885559082,8,"[1, 2, 6, 12, 15, 18, 20, 28]",8,"[1, 2, 6, 12, 15, 18, 20, 28]",0,[],0.401198752457276,0.0790348731715286,0.2811314161945061,12.652642559819258,0.5449999999999999,0.0065000000000000014,0.0806225774829855,0.5449999999999999,0.0065000000000000014,0.0806225774829855
7,5,4,100000010111000011001111101000,0.5615384615384615,0.39638519365913594,0.484499990940094,13,"[0, 7, 9, 10, 11, 16, 17, 20, 21, 22, 23, 24, 26]",13,"[0, 7, 9, 10, 11, 16, 17, 20, 21, 22, 23, 24, 26]",0,[],0.39638519365913594,0.06573571679159654,0.25638977513074995,15.212430149203714,0.43846153846153846,0.018689940828402366,0.13671115839024395,0.43846153846153846,0.018689940828402366,0.13671115839024395
7,5,5,000000011111010000111011001110,0.5128571428571428,0.46171385974490214,0.4700000286102295,14,"[7, 8, 9, 10, 11, 13, 18, 19, 20, 22, 23, 26, 27, 28]",14,"[7, 8, 9, 10, 11, 13, 18, 19, 20, 22, 23, 26, 27, 28]",0,[],0.46171385974490214,0.09673306901004651,0.3110194029478652,10.337726386993284,0.4871428571428572,0.009120408163265306,0.09550082807633296,0.4871428571428572,0.009120408163265306,0.09550082807633296
7,5,6,000000110001101100001010101100,0.5454545454545454,0.3436463540419936,0.5480000078678131,11,"[6, 7, 11, 12, 14, 15, 20, 22, 24, 26, 27]",11,"[6, 7, 11, 12, 14, 15, 20, 22, 24, 26, 27]",0,[],0.3436463540419936,0.08627124448598782,0.29371966989969844,11.591347800279154,0.45454545454545453,0.009988429752066118,0.09994213201681319,0.45454545454545453,0.009988429752066118,0.09994213201681319
7,5,7,101000110101001010110100001000,0.5066666666666666,0.4644806208088994,0.4169999957084656,12,"[0, 2, 6, 7, 9, 11, 14, 16, 18, 19, 21, 26]",12,"[0, 2, 6, 7, 9, 11, 14, 16, 18, 19, 21, 26]",0,[],0.4644806208088994,0.06305584113304262,0.25110922152131854,15.858959012061746,0.49333333333333335,0.017788888888888885,0.13337499349161702,0.49333333333333335,0.017788888888888885,0.13337499349161702
7,5,8,101000011101001010110101011011,0.51875,0.41290808632038534,0.38749998807907104,16,"[0, 2, 7, 8, 9, 11, 14, 16, 18, 19, 21, 23, 25, 26, 28, 29]",16,"[0, 2, 7, 8, 9, 11, 14, 16, 18, 19, 21, 23, 25, 26, 28, 29]",0,[],0.41290808632038534,0.058406150058383594,0.24167364369823946,17.12148462106107,0.48124999999999996,0.0228359375,0.15111564280378123,0.48124999999999996,0.0228359375,0.15111564280378123
7,5,9,111000000001101111001110100010,0.5221428571428572,0.34863449107589467,0.5805000066757202,14,"[0, 1, 2, 11, 12, 14, 15, 16, 17, 20, 21, 22, 24, 28]",14,"[0, 1, 2, 11, 12, 14, 15, 16, 17, 20, 21, 22, 24, 28]",0,[],0.34863449107589467,0.058770018421146555,0.24242528420349754,17.015478757110298,0.4778571428571428,0.01871683673469388,0.13680949066016537,0.4778571428571428,0.01871683673469388,0.13680949066016537
7,5,10,101101010110000100001100110100,0.5007692307692307,0.4969635269103142,0.4139999747276306,13,"[0, 2, 3, 5, 7, 9, 10, 15, 20, 21, 24, 25, 27]",13,"[0, 2, 3, 5, 7, 9, 10, 15, 20, 21, 24, 25, 27]",0,[],0.4969635269103142,0.06466311953589193,0.2542894404726471,15.464765807423499,0.49923076923076926,0.016653254437869823,0.12904748908006627,0.49923076923076926,0.016653254437869823,0.12904748908006627
7,5,11,001000100000100100101000011001,0.4755555555555556,0.4201751407235861,0.6029999852180481,9,"[2, 6, 12, 15, 18, 20, 25, 26, 29]",9,"[2, 6, 12, 15, 18, 20, 25, 26, 29]",0,[],0.4201751407235861,0.06723703284479152,0.2593010467483529,14.872756242952867,0.5244444444444444,0.014758024691358026,0.1214826106541921,0.5244444444444444,0.014758024691358026,0.1214826106541921
7,5,12,101000010101001010101000000110,0.5381818181818181,0.3914984959093007,0.49699997901916504,11,"[0, 2, 7, 9, 11, 14, 16, 18, 20, 27, 28]",11,"[0, 2, 7, 9, 11, 14, 16, 18, 20, 27, 28]",0,[],0.3914984959093007,0.04526622647681076,0.21275861081707306,22.091525577292945,0.46181818181818185,0.012305785123966944,0.11093144335113893,0.46181818181818185,0.012305785123966944,0.11093144335113893
7,5,13,010000000001101111001110001100,0.5125,0.37123528658412397,0.5965000092983246,12,"[1, 11, 12, 14, 15, 16, 17, 20, 21, 22, 26, 27]",12,"[1, 11, 12, 14, 15, 16, 17, 20, 21, 22, 26, 27]",0,[],0.37123528658412397,0.06635169001695801,0.25758821793117403,15.071206170399313,0.48750000000000004,0.016752083333333338,0.12942983942404215,0.48750000000000004,0.016752083333333338,0.12942983942404215
7,5,14,110100100010100100101110111110,0.47062500000000007,0.43675429589347914,0.56700000166893,16,"[0, 1, 3, 6, 10, 12, 15, 18, 20, 21, 22, 24, 25, 26, 27, 28]",16,"[0, 1, 3, 6, 10, 12, 15, 18, 20, 21, 22, 24, 25, 26, 27, 28]",0,[],0.43675429589347914,0.09206293922626105,0.3034187522653487,10.862134192156544,0.5293749999999999,0.013755859375,0.11728537579340402,0.5293749999999999,0.013755859375,0.11728537579340402
7,5,15,011000010100100101101101110011,0.5093333333333333,0.38311322989563146,0.527999997138977,15,"[1, 2, 7, 9, 12, 15, 17, 18, 20, 21, 23, 24, 25, 28, 29]",15,"[1, 2, 7, 9, 12, 15, 17, 18, 20, 21, 23, 24, 25, 28, 29]",0,[],0.38311322989563146,0.05691412274296213,0.2385668098100868,17.57033143629817,0.4906666666666667,0.022606222222222225,0.15035365716277813,0.4906666666666667,0.022606222222222225,0.15035365716277813
7,5,16,011000100110100100001010111110,0.4871428571428571,0.40636591433680486,0.55799999833107,14,"[1, 2, 6, 9, 10, 12, 15, 20, 22, 24, 25, 26, 27, 28]",14,"[1, 2, 6, 9, 10, 12, 15, 20, 22, 24, 25, 26, 27, 28]",0,[],0.40636591433680486,0.09402693391183224,0.3066381155561589,10.635250543612177,0.5128571428571429,0.013491836734693877,0.11615436597344879,0.5128571428571429,0.013491836734693877,0.11615436597344879
7,5,17,101000110101000111011111111001,0.5333333333333334,0.39911980828684235,0.5074999928474426,18,"[0, 2, 6, 7, 9, 11, 15, 16, 17, 19, 20, 21, 22, 23, 24, 25, 26, 29]",18,"[0, 2, 6, 7, 9, 11, 15, 16, 17, 19, 20, 21, 22, 23, 24, 25, 26, 29]",0,[],0.39911980828684235,0.06350266229765435,0.2519973458147017,15.747371272604706,0.46666666666666656,0.023522222222222226,0.15336956093769788,0.46666666666666656,0.023522222222222226,0.15336956093769788
7,5,18,011000100010100100001010111110,0.4815384615384616,0.3788641465541262,0.5654999911785126,13,"[1, 2, 6, 10, 12, 15, 20, 22, 24, 25, 26, 27, 28]",13,"[1, 2, 6, 10, 12, 15, 20, 22, 24, 25, 26, 27, 28]",0,[],0.3788641465541262,0.09067091374555984,0.3011161133940856,11.028895140576104,0.5184615384615384,0.014089940828402368,0.1187010565597559,0.5184615384615384,0.014089940828402368,0.1187010565597559
7,5,19,111100011100010001100110000111,0.4926666666666666,0.4688112670555711,0.5115000009536743,15,"[0, 1, 2, 3, 7, 8, 9, 13, 17, 18, 21, 22, 27, 28, 29]",15,"[0, 1, 2, 3, 7, 8, 9, 13, 17, 18, 21, 22, 27, 28, 29]",0,[],0.4688112670555711,0.07723280326469702,0.2779079042861088,12.947866162163484,0.5073333333333334,0.009259555555555554,0.09622658445333884,0.5073333333333334,0.009259555555555554,0.09622658445333884
7,5,20,011000110101001010110100000111,0.5007142857142857,0.44798522389360834,0.48350000381469727,14,"[1, 2, 6, 7, 9, 11, 14, 16, 18, 19, 21, 27, 28, 29]",14,"[1, 2, 6, 7, 9, 11, 14, 16, 18, 19, 21, 27, 28, 29]",0,[],0.44798522389360834,0.06077219338608207,0.24652016831505302,16.454893994808785,0.4992857142857144,0.019206632653061224,0.1385879960640936,0.4992857142857144,0.019206632653061224,0.1385879960640936
7,5,21,010000010110000011001111100111,0.5557142857142856,0.37672215214531335,0.5460000038146973,14,"[1, 7, 9, 10, 16, 17, 20, 21, 22, 23, 24, 27, 28, 29]",14,"[1, 7, 9, 10, 16, 17, 20, 21, 22, 23, 24, 27, 28, 29]",0,[],0.37672215214531335,0.06373786792412314,0.2524635972256657,15.689260287000057,0.44428571428571434,0.021510204081632654,0.14666357448812112,0.44428571428571434,0.021510204081632654,0.14666357448812112
7,5,22,011000100000111000101000000010,0.45999999999999996,0.4756070011191898,0.5024999976158142,9,"[1, 2, 6, 12, 13, 14, 18, 20, 28]",9,"[1, 2, 6, 12, 13, 14, 18, 20, 28]",0,[],0.4756070011191898,0.08224017627499311,0.2867754806028457,12.159507010979882,0.54,0.005177777777777779,0.07195677714974302,0.54,0.005177777777777779,0.07195677714974302
7,5,23,111100100010001001100111011110,0.47,0.42870547639904544,0.5875000059604645,16,"[0, 1, 2, 3, 6, 10, 14, 17, 18, 21, 22, 23, 25, 26, 27, 28]",16,"[0, 1, 2, 3, 6, 10, 14, 17, 18, 21, 22, 23, 25, 26, 27, 28]",0,[],0.42870547639904544,0.0732376545878302,0.270624563903261,13.654178381705968,0.53,0.0138625,0.11773911839316617,0.53,0.0138625,0.11773911839316617
7,5,24,100000101100001100110100011000,0.4663636363636363,0.4907636688175527,0.4869999885559082,11,"[0, 6, 8, 9, 14, 15, 18, 19, 21, 25, 26]",11,"[0, 6, 8, 9, 14, 15, 18, 19, 21, 25, 26]",0,[],0.4907636688175527,0.07564537640599185,0.27503704551567565,13.219578611559268,0.5336363636363637,0.01498677685950413,0.12242049199175818,0.5336363636363637,0.01498677685950413,0.12242049199175818
7,5,25,100000110101001010110100001000,0.5127272727272727,0.47034249488602986,0.4129999876022339,11,"[0, 6, 7, 9, 11, 14, 16, 18, 19, 21, 26]",11,"[0, 6, 7, 9, 11, 14, 16, 18, 19, 21, 26]",0,[],0.47034249488602986,0.06837585151460197,0.26148776551609826,14.625046384781701,0.48727272727272736,0.018965289256198344,0.1377145208618116,0.48727272727272736,0.018965289256198344,0.1377145208618116
7,5,26,011100100010110110101101110010,0.49624999999999997,0.48521007981617004,0.5,16,"[1, 2, 3, 6, 10, 12, 13, 15, 16, 18, 20, 21, 23, 24, 25, 28]",16,"[1, 2, 3, 6, 10, 12, 13, 15, 16, 18, 20, 21, 23, 24, 25, 28]",0,[],0.48521007981617004,0.08306030757065888,0.28820185212912647,12.039444943655022,0.50375,0.0247234375,0.1572368833957224,0.50375,0.0247234375,0.1572368833957224
7,5,27,000000110001101111001110101100,0.542142857142857,0.37301234987431336,0.554500013589859,14,"[6, 7, 11, 12, 14, 15, 16, 17, 20, 21, 22, 24, 26, 27]",14,"[6, 7, 11, 12, 14, 15, 16, 17, 20, 21, 22, 24, 26, 27]",0,[],0.37301234987431336,0.07574222860843004,0.27521306038854704,13.20267462909985,0.4578571428571429,0.01720255102040816,0.13115849579957892,0.4578571428571429,0.01720255102040816,0.13115849579957892
7,5,28,000000110001101000101000001100,0.4977777777777779,0.4441719017922878,0.551499992609024,9,"[6, 7, 11, 12, 14, 18, 20, 26, 27]",9,"[6, 7, 11, 12, 14, 18, 20, 26, 27]",0,[],0.4441719017922878,0.06931443266645111,0.2632763427777952,14.42700980922852,0.5022222222222221,0.0059728395061728395,0.077284147832352,0.5022222222222221,0.0059728395061728395,0.077284147832352
7,5,29,001101010110000111001010101100,0.5535714285714285,0.40067381391833934,0.4860000014305115,14,"[2, 3, 5, 7, 9, 10, 15, 16, 17, 20, 22, 24, 26, 27]",14,"[2, 3, 5, 7, 9, 10, 15, 16, 17, 20, 22, 24, 26, 27]",0,[],0.40067381391833934,0.08305757727494131,0.2881971153133586,12.03984070820836,0.4464285714285715,0.012565816326530614,0.11209735200498991,0.4464285714285715,0.012565816326530614,0.11209735200498991
8,1,0,001000111111010010111011001110,0.5141176470588236,0.40894257375860915,0.4559999704360962,17,"[2, 6, 7, 8, 9, 10, 11, 13, 16, 18, 19, 20, 22, 23, 26, 27, 28]",17,"[2, 6, 7, 8, 9, 10, 11, 13, 16, 18, 19, 20, 22, 23, 26, 27, 28]",0,[],0.40894257375860915,0.12302544108864429,0.3507498269260361,8.12840003783822,0.48588235294117643,0.011024221453287197,0.10499629256924835,0.48588235294117643,0.011024221453287197,0.10499629256924835
8,1,1,000011001111111001111101110000,0.47529411764705887,0.5491212286493358,0.5245000123977661,17,"[4, 5, 8, 9, 10, 11, 12, 13, 14, 17, 18, 19, 20, 21, 23, 24, 25]",17,"[4, 5, 8, 9, 10, 11, 12, 13, 14, 17, 18, 19, 20, 21, 23, 24, 25]",0,[],0.5491212286493358,0.09668340572363282,0.31093955316690225,10.343036558501836,0.5247058823529411,0.017860207612456748,0.13364208772859226,0.5247058823529411,0.017860207612456748,0.13364208772859226
8,1,2,100110011110001100110101000101,0.5086666666666666,0.4010161510358254,0.5035000145435333,15,"[0, 3, 4, 7, 8, 9, 10, 14, 15, 18, 19, 21, 23, 27, 29]",15,"[0, 3, 4, 7, 8, 9, 10, 14, 15, 18, 19, 21, 23, 27, 29]",0,[],0.4010161510358254,0.12934772790922774,0.3596494514235045,7.731098305041502,0.49133333333333334,0.01782488888888889,0.13350988311315717,0.49133333333333334,0.01782488888888889,0.13350988311315717
8,1,3,110100011100011001100111010001,0.478,0.4276642142484585,0.4789999723434448,15,"[0, 1, 3, 7, 8, 9, 13, 14, 17, 18, 21, 22, 23, 25, 29]",15,"[0, 1, 3, 7, 8, 9, 13, 14, 17, 18, 21, 22, 23, 25, 29]",0,[],0.4276642142484585,0.11625947083268501,0.3409684308446825,8.601449781576518,0.522,0.016349333333333337,0.1278645116259134,0.522,0.016349333333333337,0.1278645116259134
8,1,4,001000110101000111011101111001,0.5181250000000001,0.3970779230585322,0.4294999837875366,16,"[2, 6, 7, 9, 11, 15, 16, 17, 19, 20, 21, 23, 24, 25, 26, 29]",16,"[2, 6, 7, 9, 11, 15, 16, 17, 19, 20, 21, 23, 24, 25, 26, 29]",0,[],0.3970779230585322,0.12785366632145856,0.3575663103837644,7.821441721395229,0.48187499999999994,0.027565234374999997,0.16602781205267989,0.48187499999999994,0.027565234374999997,0.16602781205267989
8,1,5,101101010110000100001010110100,0.5046153846153847,0.2599334748318562,0.632999986410141,13,"[0, 2, 3, 5, 7, 9, 10, 15, 20, 22, 24, 25, 27]",13,"[0, 2, 3, 5, 7, 9, 10, 15, 20, 22, 24, 25, 27]",0,[],0.2599334748318562,0.09054071261199532,0.3008998381720989,11.044755128948639,0.49538461538461537,0.017517159763313608,0.1323524074707884,0.49538461538461537,0.017517159763313608,0.1323524074707884
8,1,6,001111101100001101000010001111,0.5166666666666666,0.23609401633342106,0.46549999713897705,15,"[2, 3, 4, 5, 6, 8, 9, 14, 15, 17, 22, 26, 27, 28, 29]",15,"[2, 3, 4, 5, 6, 8, 9, 14, 15, 17, 22, 26, 27, 28, 29]",0,[],0.23609401633342106,0.08801298663026631,0.29666982763716687,11.361959618537878,0.4833333333333334,0.008235555555555558,0.09074996173859005,0.4833333333333334,0.008235555555555558,0.09074996173859005
8,1,7,011101111100110000101000100010,0.5157142857142856,0.37263319694570135,0.5214999914169312,14,"[1, 2, 3, 5, 6, 7, 8, 9, 12, 13, 18, 20, 24, 28]",14,"[1, 2, 3, 5, 6, 7, 8, 9, 12, 13, 18, 20, 24, 28]",0,[],0.37263319694570135,0.11991175162767667,0.3462827625332752,8.339466202653579,0.4842857142857144,0.005567346938775511,0.07461465632686055,0.4842857142857144,0.005567346938775511,0.07461465632686055
8,1,8,100100111111000001011011110000,0.476,0.4794816227008899,0.5254999995231628,15,"[0, 3, 6, 7, 8, 9, 10, 11, 17, 19, 20, 22, 23, 24, 25]",15,"[0, 3, 6, 7, 8, 9, 10, 11, 17, 19, 20, 22, 23, 24, 25]",0,[],0.4794816227008899,0.131362117328164,0.3624391222373269,7.612544775765428,0.524,0.017024,0.13047605144240074,0.524,0.017024,0.13047605144240074
8,1,9,111100001011010011000110100110,0.4839999999999999,0.41903940923511984,0.5144999921321869,15,"[0, 1, 2, 3, 8, 10, 11, 13, 16, 17, 21, 22, 24, 27, 28]",15,"[0, 1, 2, 3, 8, 10, 11, 13, 16, 17, 21, 22, 24, 27, 28]",0,[],0.41903940923511984,0.11376742604819746,0.3372942721840937,8.789862219229175,0.5160000000000001,0.013864000000000003,0.11774548823628021,0.5160000000000001,0.013864000000000003,0.11774548823628021
8,1,10,111101101111010101110110000101,0.4705263157894737,0.39873665904528216,0.5410000085830688,19,"[0, 1, 2, 3, 5, 6, 8, 9, 10, 11, 13, 15, 17, 18, 19, 21, 22, 27, 29]",19,"[0, 1, 2, 3, 5, 6, 8, 9, 10, 11, 13, 15, 17, 18, 19, 21, 22, 27, 29]",0,[],0.39873665904528216,0.12436710155963973,0.35265720120201677,8.04071163080418,0.5294736842105263,0.01116288088642659,0.10565453556959394,0.5294736842105263,0.01116288088642659,0.10565453556959394
8,2,0,001000111111010010111011001110,0.5141176470588236,0.40894257375860915,0.4559999704360962,17,"[2, 6, 7, 8, 9, 10, 11, 13, 16, 18, 19, 20, 22, 23, 26, 27, 28]",17,"[2, 6, 7, 8, 9, 10, 11, 13, 16, 18, 19, 20, 22, 23, 26, 27, 28]",0,[],0.40894257375860915,0.12302544108864429,0.3507498269260361,8.12840003783822,0.48588235294117643,0.011024221453287197,0.10499629256924835,0.48588235294117643,0.011024221453287197,0.10499629256924835
8,2,1,110100011100011001100111010001,0.478,0.4276642142484585,0.4789999723434448,15,"[0, 1, 3, 7, 8, 9, 13, 14, 17, 18, 21, 22, 23, 25, 29]",15,"[0, 1, 3, 7, 8, 9, 13, 14, 17, 18, 21, 22, 23, 25, 29]",0,[],0.4276642142484585,0.11625947083268501,0.3409684308446825,8.601449781576518,0.522,0.016349333333333337,0.1278645116259134,0.522,0.016349333333333337,0.1278645116259134
8,2,2,001000110101000111011101111001,0.5181250000000001,0.3970779230585322,0.4294999837875366,16,"[2, 6, 7, 9, 11, 15, 16, 17, 19, 20, 21, 23, 24, 25, 26, 29]",16,"[2, 6, 7, 9, 11, 15, 16, 17, 19, 20, 21, 23, 24, 25, 26, 29]",0,[],0.3970779230585322,0.12785366632145856,0.3575663103837644,7.821441721395229,0.48187499999999994,0.027565234374999997,0.16602781205267989,0.48187499999999994,0.027565234374999997,0.16602781205267989
8,2,3,101101010110000100001010110100,0.5046153846153847,0.2599334748318562,0.632999986410141,13,"[0, 2, 3, 5, 7, 9, 10, 15, 20, 22, 24, 25, 27]",13,"[0, 2, 3, 5, 7, 9, 10, 15, 20, 22, 24, 25, 27]",0,[],0.2599334748318562,0.09054071261199532,0.3008998381720989,11.044755128948639,0.49538461538461537,0.017517159763313608,0.1323524074707884,0.49538461538461537,0.017517159763313608,0.1323524074707884
8,2,4,001111101100001101000010001111,0.5166666666666666,0.23609401633342106,0.46549999713897705,15,"[2, 3, 4, 5, 6, 8, 9, 14, 15, 17, 22, 26, 27, 28, 29]",15,"[2, 3, 4, 5, 6, 8, 9, 14, 15, 17, 22, 26, 27, 28, 29]",0,[],0.23609401633342106,0.08801298663026631,0.29666982763716687,11.361959618537878,0.4833333333333334,0.008235555555555558,0.09074996173859005,0.4833333333333334,0.008235555555555558,0.09074996173859005
8,2,5,001000101110001100110100000010,0.49,0.33781568248840893,0.5069999992847443,11,"[2, 6, 8, 9, 10, 14, 15, 18, 19, 21, 28]",11,"[2, 6, 8, 9, 10, 14, 15, 18, 19, 21, 28]",0,[],0.33781568248840893,0.11051844689071268,0.33244314835880234,9.04826323689529,0.51,0.016145454545454543,0.1270647651611356,0.51,0.016145454545454543,0.1270647651611356
8,2,6,001111101100001101000010110111,0.51125,0.2534634678158909,0.4789999723434448,16,"[2, 3, 4, 5, 6, 8, 9, 14, 15, 17, 22, 24, 25, 27, 28, 29]",16,"[2, 3, 4, 5, 6, 8, 9, 14, 15, 17, 22, 24, 25, 27, 28, 29]",0,[],0.2534634678158909,0.0944036222417108,0.30725172455449423,10.59281387995476,0.48875,0.015635937500000002,0.12504374234642854,0.48875,0.015635937500000002,0.12504374234642854
8,2,7,011011111110000011110110110110,0.4831578947368421,0.4107210552810054,0.4585000276565552,19,"[1, 2, 4, 5, 6, 7, 8, 9, 10, 16, 17, 18, 19, 21, 22, 24, 25, 27, 28]",19,"[1, 2, 4, 5, 6, 7, 8, 9, 10, 16, 17, 18, 19, 21, 22, 24, 25, 27, 28]",0,[],0.4107210552810054,0.12793900153237306,0.35768561829122103,7.816224826070453,0.5168421052631579,0.01722160664819945,0.13123111920653366,0.5168421052631579,0.01722160664819945,0.13123111920653366
8,2,8,001111110101001100000010001111,0.5253333333333333,0.18442391032973926,0.4909999966621399,15,"[2, 3, 4, 5, 6, 7, 9, 11, 14, 15, 22, 26, 27, 28, 29]",15,"[2, 3, 4, 5, 6, 7, 9, 11, 14, 15, 22, 26, 27, 28, 29]",0,[],0.18442391032973926,0.06606548846168454,0.25703207671744893,15.13649597217406,0.4746666666666667,0.008411555555555558,0.09171453295719037,0.4746666666666667,0.008411555555555558,0.09171453295719037
8,2,9,010100011100011001100110010001,0.4584615384615385,0.3764789125953729,0.4829999804496765,13,"[1, 3, 7, 8, 9, 13, 14, 17, 18, 21, 22, 25, 29]",13,"[1, 3, 7, 8, 9, 13, 14, 17, 18, 21, 22, 25, 29]",0,[],0.3764789125953729,0.11416931648659928,0.33788950336848184,8.758920792149752,0.5415384615384615,0.014305325443786987,0.11960487215739578,0.5415384615384615,0.014305325443786987,0.11960487215739578
8,2,10,101101010110000100001010001100,0.5108333333333333,0.23876082773009935,0.5645000040531158,12,"[0, 2, 3, 5, 7, 9, 10, 15, 20, 22, 26, 27]",12,"[0, 2, 3, 5, 7, 9, 10, 15, 20, 22, 26, 27]",0,[],0.23876082773009935,0.08243681304907567,0.2871181168945556,12.130502902928663,0.4891666666666667,0.00850763888888889,0.09223686296101408,0.4891666666666667,0.00850763888888889,0.09223686296101408
8,2,11,101101010110100100101010110100,0.5093333333333333,0.32224113022287687,0.484000027179718,15,"[0, 2, 3, 5, 7, 9, 10, 12, 15, 18, 20, 22, 24, 25, 27]",15,"[0, 2, 3, 5, 7, 9, 10, 12, 15, 18, 20, 22, 24, 25, 27]",0,[],0.32224113022287687,0.10372558123163499,0.3220645606576964,9.64082329668366,0.4906666666666667,0.015339555555555556,0.12385295941379663,0.4906666666666667,0.015339555555555556,0.12385295941379663
8,3,0,001000111111010010111011001110,0.5141176470588236,0.40894257375860915,0.4559999704360962,17,"[2, 6, 7, 8, 9, 10, 11, 13, 16, 18, 19, 20, 22, 23, 26, 27, 28]",17,"[2, 6, 7, 8, 9, 10, 11, 13, 16, 18, 19, 20, 22, 23, 26, 27, 28]",0,[],0.40894257375860915,0.12302544108864429,0.3507498269260361,8.12840003783822,0.48588235294117643,0.011024221453287197,0.10499629256924835,0.48588235294117643,0.011024221453287197,0.10499629256924835
8,3,1,110100011100011001100111010001,0.478,0.4276642142484585,0.4789999723434448,15,"[0, 1, 3, 7, 8, 9, 13, 14, 17, 18, 21, 22, 23, 25, 29]",15,"[0, 1, 3, 7, 8, 9, 13, 14, 17, 18, 21, 22, 23, 25, 29]",0,[],0.4276642142484585,0.11625947083268501,0.3409684308446825,8.601449781576518,0.522,0.016349333333333337,0.1278645116259134,0.522,0.016349333333333337,0.1278645116259134
8,3,2,001000110101000111011101111001,0.5181250000000001,0.3970779230585322,0.4294999837875366,16,"[2, 6, 7, 9, 11, 15, 16, 17, 19, 20, 21, 23, 24, 25, 26, 29]",16,"[2, 6, 7, 9, 11, 15, 16, 17, 19, 20, 21, 23, 24, 25, 26, 29]",0,[],0.3970779230585322,0.12785366632145856,0.3575663103837644,7.821441721395229,0.48187499999999994,0.027565234374999997,0.16602781205267989,0.48187499999999994,0.027565234374999997,0.16602781205267989
8,3,3,101101010110000100001010110100,0.5046153846153847,0.2599334748318562,0.632999986410141,13,"[0, 2, 3, 5, 7, 9, 10, 15, 20, 22, 24, 25, 27]",13,"[0, 2, 3, 5, 7, 9, 10, 15, 20, 22, 24, 25, 27]",0,[],0.2599334748318562,0.09054071261199532,0.3008998381720989,11.044755128948639,0.49538461538461537,0.017517159763313608,0.1323524074707884,0.49538461538461537,0.017517159763313608,0.1323524074707884
8,3,4,001111101100001101000010001111,0.5166666666666666,0.23609401633342106,0.46549999713897705,15,"[2, 3, 4, 5, 6, 8, 9, 14, 15, 17, 22, 26, 27, 28, 29]",15,"[2, 3, 4, 5, 6, 8, 9, 14, 15, 17, 22, 26, 27, 28, 29]",0,[],0.23609401633342106,0.08801298663026631,0.29666982763716687,11.361959618537878,0.4833333333333334,0.008235555555555558,0.09074996173859005,0.4833333333333334,0.008235555555555558,0.09074996173859005
8,3,5,001000101110001100110100000010,0.49,0.33781568248840893,0.5069999992847443,11,"[2, 6, 8, 9, 10, 14, 15, 18, 19, 21, 28]",11,"[2, 6, 8, 9, 10, 14, 15, 18, 19, 21, 28]",0,[],0.33781568248840893,0.11051844689071268,0.33244314835880234,9.04826323689529,0.51,0.016145454545454543,0.1270647651611356,0.51,0.016145454545454543,0.1270647651611356
8,3,6,001111101100001101000010110111,0.51125,0.2534634678158909,0.4789999723434448,16,"[2, 3, 4, 5, 6, 8, 9, 14, 15, 17, 22, 24, 25, 27, 28, 29]",16,"[2, 3, 4, 5, 6, 8, 9, 14, 15, 17, 22, 24, 25, 27, 28, 29]",0,[],0.2534634678158909,0.0944036222417108,0.30725172455449423,10.59281387995476,0.48875,0.015635937500000002,0.12504374234642854,0.48875,0.015635937500000002,0.12504374234642854
8,3,7,011011111110000011110110110110,0.4831578947368421,0.4107210552810054,0.4585000276565552,19,"[1, 2, 4, 5, 6, 7, 8, 9, 10, 16, 17, 18, 19, 21, 22, 24, 25, 27, 28]",19,"[1, 2, 4, 5, 6, 7, 8, 9, 10, 16, 17, 18, 19, 21, 22, 24, 25, 27, 28]",0,[],0.4107210552810054,0.12793900153237306,0.35768561829122103,7.816224826070453,0.5168421052631579,0.01722160664819945,0.13123111920653366,0.5168421052631579,0.01722160664819945,0.13123111920653366
8,3,8,001111110101001100000010001111,0.5253333333333333,0.18442391032973926,0.4909999966621399,15,"[2, 3, 4, 5, 6, 7, 9, 11, 14, 15, 22, 26, 27, 28, 29]",15,"[2, 3, 4, 5, 6, 7, 9, 11, 14, 15, 22, 26, 27, 28, 29]",0,[],0.18442391032973926,0.06606548846168454,0.25703207671744893,15.13649597217406,0.4746666666666667,0.008411555555555558,0.09171453295719037,0.4746666666666667,0.008411555555555558,0.09171453295719037
8,3,9,010100011100011001100110010001,0.4584615384615385,0.3764789125953729,0.4829999804496765,13,"[1, 3, 7, 8, 9, 13, 14, 17, 18, 21, 22, 25, 29]",13,"[1, 3, 7, 8, 9, 13, 14, 17, 18, 21, 22, 25, 29]",0,[],0.3764789125953729,0.11416931648659928,0.33788950336848184,8.758920792149752,0.5415384615384615,0.014305325443786987,0.11960487215739578,0.5415384615384615,0.014305325443786987,0.11960487215739578
8,3,10,101101010110000100001010001100,0.5108333333333333,0.23876082773009935,0.5645000040531158,12,"[0, 2, 3, 5, 7, 9, 10, 15, 20, 22, 26, 27]",12,"[0, 2, 3, 5, 7, 9, 10, 15, 20, 22, 26, 27]",0,[],0.23876082773009935,0.08243681304907567,0.2871181168945556,12.130502902928663,0.4891666666666667,0.00850763888888889,0.09223686296101408,0.4891666666666667,0.00850763888888889,0.09223686296101408
8,3,11,101101010110100100101010110100,0.5093333333333333,0.32224113022287687,0.484000027179718,15,"[0, 2, 3, 5, 7, 9, 10, 12, 15, 18, 20, 22, 24, 25, 27]",15,"[0, 2, 3, 5, 7, 9, 10, 12, 15, 18, 20, 22, 24, 25, 27]",0,[],0.32224113022287687,0.10372558123163499,0.3220645606576964,9.64082329668366,0.4906666666666667,0.015339555555555556,0.12385295941379663,0.4906666666666667,0.015339555555555556,0.12385295941379663
8,3,12,001000110000001101000010110111,0.5349999999999999,0.16771432477980852,0.6055000126361847,12,"[2, 6, 7, 14, 15, 17, 22, 24, 25, 27, 28, 29]",12,"[2, 6, 7, 14, 15, 17, 22, 24, 25, 27, 28, 29]",0,[],0.16771432477980852,0.06020706413774669,0.24537127814344262,16.609346665901487,0.465,0.018008333333333338,0.13419513155600443,0.465,0.018008333333333338,0.13419513155600443
8,3,13,001111101100010101000010001111,0.5106666666666666,0.24916809052228928,0.5214999914169312,15,"[2, 3, 4, 5, 6, 8, 9, 13, 15, 17, 22, 26, 27, 28, 29]",15,"[2, 3, 4, 5, 6, 8, 9, 13, 15, 17, 22, 26, 27, 28, 29]",0,[],0.24916809052228928,0.08786429253048668,0.29641911633780754,11.381187638346093,0.4893333333333334,0.008099555555555556,0.08999753083032642,0.4893333333333334,0.008099555555555556,0.08999753083032642
8,3,14,110101110111000100100110000101,0.49,0.3029433344801267,0.5449999868869781,15,"[0, 1, 3, 5, 6, 7, 9, 10, 11, 15, 18, 21, 22, 27, 29]",15,"[0, 1, 3, 5, 6, 7, 9, 10, 11, 15, 18, 21, 22, 27, 29]",0,[],0.3029433344801267,0.10669150177576898,0.32663665099888745,9.372817734833992,0.51,0.012213333333333335,0.11051395085387787,0.51,0.012213333333333335,0.11051395085387787
8,3,15,010100011100011000000010010001,0.475,0.31241108756512403,0.5139999985694885,10,"[1, 3, 7, 8, 9, 13, 14, 22, 25, 29]",10,"[1, 3, 7, 8, 9, 13, 14, 22, 25, 29]",0,[],0.31241108756512403,0.11658532538693629,0.3414459333290357,8.577408834954907,0.525,0.013725000000000005,0.11715374513859983,0.525,0.013725000000000005,0.11715374513859983
8,3,16,111101111111001100110110000101,0.48421052631578954,0.3496820256114006,0.4714999794960022,19,"[0, 1, 2, 3, 5, 6, 7, 8, 9, 10, 11, 14, 15, 18, 19, 21, 22, 27, 29]",19,"[0, 1, 2, 3, 5, 6, 7, 8, 9, 10, 11, 14, 15, 18, 19, 21, 22, 27, 29]",0,[],0.3496820256114006,0.1250361317129761,0.3536044848598163,7.997688238592727,0.5157894736842105,0.012108587257617728,0.11003902606629036,0.5157894736842105,0.012108587257617728,0.11003902606629036
8,3,17,010100011100011001100110010101,0.4585714285714285,0.35283431503921747,0.4894999861717224,14,"[1, 3, 7, 8, 9, 13, 14, 17, 18, 21, 22, 25, 27, 29]",14,"[1, 3, 7, 8, 9, 13, 14, 17, 18, 21, 22, 25, 27, 29]",0,[],0.35283431503921747,0.11328223622568823,0.3365742655428193,8.827509354668239,0.5414285714285715,0.013283673469387759,0.11525481972302833,0.5414285714285715,0.013283673469387759,0.11525481972302833
8,3,18,100101010110000100001010001110,0.5116666666666667,0.23227934570362171,0.5985000133514404,12,"[0, 3, 5, 7, 9, 10, 15, 20, 22, 26, 27, 28]",12,"[0, 3, 5, 7, 9, 10, 15, 20, 22, 26, 27, 28]",0,[],0.23227934570362171,0.08426557148084635,0.29028532770508114,11.867242842200401,0.48833333333333334,0.00856388888888889,0.09254128207934495,0.48833333333333334,0.00856388888888889,0.09254128207934495
8,4,0,001000110101000111011101111001,0.5181250000000001,0.3970779230585322,0.4294999837875366,16,"[2, 6, 7, 9, 11, 15, 16, 17, 19, 20, 21, 23, 24, 25, 26, 29]",16,"[2, 6, 7, 9, 11, 15, 16, 17, 19, 20, 21, 23, 24, 25, 26, 29]",0,[],0.3970779230585322,0.12785366632145856,0.3575663103837644,7.821441721395229,0.48187499999999994,0.027565234374999997,0.16602781205267989,0.48187499999999994,0.027565234374999997,0.16602781205267989
8,4,1,001111101100001101000010001111,0.5166666666666666,0.23609401633342106,0.46549999713897705,15,"[2, 3, 4, 5, 6, 8, 9, 14, 15, 17, 22, 26, 27, 28, 29]",15,"[2, 3, 4, 5, 6, 8, 9, 14, 15, 17, 22, 26, 27, 28, 29]",0,[],0.23609401633342106,0.08801298663026631,0.29666982763716687,11.361959618537878,0.4833333333333334,0.008235555555555558,0.09074996173859005,0.4833333333333334,0.008235555555555558,0.09074996173859005
8,4,2,001000101110001100110100000010,0.49,0.33781568248840893,0.5069999992847443,11,"[2, 6, 8, 9, 10, 14, 15, 18, 19, 21, 28]",11,"[2, 6, 8, 9, 10, 14, 15, 18, 19, 21, 28]",0,[],0.33781568248840893,0.11051844689071268,0.33244314835880234,9.04826323689529,0.51,0.016145454545454543,0.1270647651611356,0.51,0.016145454545454543,0.1270647651611356
8,4,3,001111101100001101000010110111,0.51125,0.2534634678158909,0.4789999723434448,16,"[2, 3, 4, 5, 6, 8, 9, 14, 15, 17, 22, 24, 25, 27, 28, 29]",16,"[2, 3, 4, 5, 6, 8, 9, 14, 15, 17, 22, 24, 25, 27, 28, 29]",0,[],0.2534634678158909,0.0944036222417108,0.30725172455449423,10.59281387995476,0.48875,0.015635937500000002,0.12504374234642854,0.48875,0.015635937500000002,0.12504374234642854
8,4,4,010100011100011001100110010001,0.4584615384615385,0.3764789125953729,0.4829999804496765,13,"[1, 3, 7, 8, 9, 13, 14, 17, 18, 21, 22, 25, 29]",13,"[1, 3, 7, 8, 9, 13, 14, 17, 18, 21, 22, 25, 29]",0,[],0.3764789125953729,0.11416931648659928,0.33788950336848184,8.758920792149752,0.5415384615384615,0.014305325443786987,0.11960487215739578,0.5415384615384615,0.014305325443786987,0.11960487215739578
8,4,5,101101010110000100001010001100,0.5108333333333333,0.23876082773009935,0.5645000040531158,12,"[0, 2, 3, 5, 7, 9, 10, 15, 20, 22, 26, 27]",12,"[0, 2, 3, 5, 7, 9, 10, 15, 20, 22, 26, 27]",0,[],0.23876082773009935,0.08243681304907567,0.2871181168945556,12.130502902928663,0.4891666666666667,0.00850763888888889,0.09223686296101408,0.4891666666666667,0.00850763888888889,0.09223686296101408
8,4,6,101101010110100100101010110100,0.5093333333333333,0.32224113022287687,0.484000027179718,15,"[0, 2, 3, 5, 7, 9, 10, 12, 15, 18, 20, 22, 24, 25, 27]",15,"[0, 2, 3, 5, 7, 9, 10, 12, 15, 18, 20, 22, 24, 25, 27]",0,[],0.32224113022287687,0.10372558123163499,0.3220645606576964,9.64082329668366,0.4906666666666667,0.015339555555555556,0.12385295941379663,0.4906666666666667,0.015339555555555556,0.12385295941379663
8,4,7,001111101100010101000010001111,0.5106666666666666,0.24916809052228928,0.5214999914169312,15,"[2, 3, 4, 5, 6, 8, 9, 13, 15, 17, 22, 26, 27, 28, 29]",15,"[2, 3, 4, 5, 6, 8, 9, 13, 15, 17, 22, 26, 27, 28, 29]",0,[],0.24916809052228928,0.08786429253048668,0.29641911633780754,11.381187638346093,0.4893333333333334,0.008099555555555556,0.08999753083032642,0.4893333333333334,0.008099555555555556,0.08999753083032642
8,4,8,110101110111000100100110000101,0.49,0.3029433344801267,0.5449999868869781,15,"[0, 1, 3, 5, 6, 7, 9, 10, 11, 15, 18, 21, 22, 27, 29]",15,"[0, 1, 3, 5, 6, 7, 9, 10, 11, 15, 18, 21, 22, 27, 29]",0,[],0.3029433344801267,0.10669150177576898,0.32663665099888745,9.372817734833992,0.51,0.012213333333333335,0.11051395085387787,0.51,0.012213333333333335,0.11051395085387787
8,4,9,010100011100011000000010010001,0.475,0.31241108756512403,0.5139999985694885,10,"[1, 3, 7, 8, 9, 13, 14, 22, 25, 29]",10,"[1, 3, 7, 8, 9, 13, 14, 22, 25, 29]",0,[],0.31241108756512403,0.11658532538693629,0.3414459333290357,8.577408834954907,0.525,0.013725000000000005,0.11715374513859983,0.525,0.013725000000000005,0.11715374513859983
8,4,10,111101111111001100110110000101,0.48421052631578954,0.3496820256114006,0.4714999794960022,19,"[0, 1, 2, 3, 5, 6, 7, 8, 9, 10, 11, 14, 15, 18, 19, 21, 22, 27, 29]",19,"[0, 1, 2, 3, 5, 6, 7, 8, 9, 10, 11, 14, 15, 18, 19, 21, 22, 27, 29]",0,[],0.3496820256114006,0.1250361317129761,0.3536044848598163,7.997688238592727,0.5157894736842105,0.012108587257617728,0.11003902606629036,0.5157894736842105,0.012108587257617728,0.11003902606629036
8,4,11,010100011100011001100110010101,0.4585714285714285,0.35283431503921747,0.4894999861717224,14,"[1, 3, 7, 8, 9, 13, 14, 17, 18, 21, 22, 25, 27, 29]",14,"[1, 3, 7, 8, 9, 13, 14, 17, 18, 21, 22, 25, 27, 29]",0,[],0.35283431503921747,0.11328223622568823,0.3365742655428193,8.827509354668239,0.5414285714285715,0.013283673469387759,0.11525481972302833,0.5414285714285715,0.013283673469387759,0.11525481972302833
8,4,12,100101010110000100001010001110,0.5116666666666667,0.23227934570362171,0.5985000133514404,12,"[0, 3, 5, 7, 9, 10, 15, 20, 22, 26, 27, 28]",12,"[0, 3, 5, 7, 9, 10, 15, 20, 22, 26, 27, 28]",0,[],0.23227934570362171,0.08426557148084635,0.29028532770508114,11.867242842200401,0.48833333333333334,0.00856388888888889,0.09254128207934495,0.48833333333333334,0.00856388888888889,0.09254128207934495
8,4,13,010101111100011001100110000101,0.4786666666666667,0.3081256760905186,0.512499988079071,15,"[1, 3, 5, 6, 7, 8, 9, 13, 14, 17, 18, 21, 22, 27, 29]",15,"[1, 3, 5, 6, 7, 8, 9, 13, 14, 17, 18, 21, 22, 27, 29]",0,[],0.3081256760905186,0.10348905147334723,0.3216971424699748,9.662857913598154,0.5213333333333333,0.007718222222222222,0.08785341326449543,0.5213333333333333,0.007718222222222222,0.08785341326449543
8,4,14,001101100111000100001010000100,0.49909090909090903,0.2519261027601632,0.5370000004768372,11,"[2, 3, 5, 6, 9, 10, 11, 15, 20, 22, 27]",11,"[2, 3, 5, 6, 9, 10, 11, 15, 20, 22, 27]",0,[],0.2519261027601632,0.08486899642389914,0.29132283882987814,11.782865853688824,0.500909090909091,0.009444628099173553,0.0971834764719474,0.500909090909091,0.009444628099173553,0.0971834764719474
8,4,15,010101101100110001100110010001,0.45071428571428573,0.4129532129902925,0.5275000035762787,14,"[1, 3, 5, 6, 8, 9, 12, 13, 17, 18, 21, 22, 25, 29]",14,"[1, 3, 5, 6, 8, 9, 12, 13, 17, 18, 21, 22, 25, 29]",0,[],0.4129532129902925,0.10865572889733363,0.32962968449054103,9.203380347711603,0.5492857142857143,0.01189234693877551,0.10905203775618093,0.5492857142857143,0.01189234693877551,0.10905203775618093
8,4,16,001001010110100001110100000110,0.4658333333333333,0.36590662878006697,0.44950002431869507,12,"[2, 5, 7, 9, 10, 12, 17, 18, 19, 21, 27, 28]",12,"[2, 5, 7, 9, 10, 12, 17, 18, 19, 21, 27, 28]",0,[],0.36590662878006697,0.11076346053841186,0.3328114489292877,9.028248080541038,0.5341666666666667,0.009557638888888888,0.09776317757156264,0.5341666666666667,0.009557638888888888,0.09776317757156264
8,4,17,001101110101001100000010001111,0.5214285714285714,0.13660186396113463,0.47600001096725464,14,"[2, 3, 5, 6, 7, 9, 11, 14, 15, 22, 26, 27, 28, 29]",14,"[2, 3, 5, 6, 7, 9, 11, 14, 15, 22, 26, 27, 28, 29]",0,[],0.13660186396113463,0.036480230140018895,0.19099798464910275,27.41210776800988,0.4785714285714286,0.008783673469387757,0.09372125409632415,0.4785714285714286,0.008783673469387757,0.09372125409632415
8,4,18,111101101110001111000010111101,0.5078947368421053,0.3236603517281382,0.43300002813339233,19,"[0, 1, 2, 3, 5, 6, 8, 9, 10, 14, 15, 16, 17, 22, 24, 25, 26, 27, 29]",19,"[0, 1, 2, 3, 5, 6, 8, 9, 10, 14, 15, 16, 17, 22, 24, 25, 26, 27, 29]",0,[],0.3236603517281382,0.10740183211362425,0.32772218739905945,9.310828133192961,0.4921052631578947,0.016774515235457067,0.12951646704360442,0.4921052631578947,0.016774515235457067,0.12951646704360442
8,4,19,000100100010000100000010110111,0.51,0.14602631852030754,0.7170000076293945,10,"[3, 6, 10, 15, 22, 24, 25, 27, 28, 29]",10,"[3, 6, 10, 15, 22, 24, 25, 27, 28, 29]",0,[],0.14602631852030754,0.03763141168524312,0.19398817408605898,26.57354468559952,0.49000000000000005,0.023060000000000004,0.15185519418182575,0.49000000000000005,0.023060000000000004,0.15185519418182575
8,4,20,001011101100001101000010001111,0.5271428571428571,0.2419688632445676,0.45249998569488525,14,"[2, 4, 5, 6, 8, 9, 14, 15, 17, 22, 26, 27, 28, 29]",14,"[2, 4, 5, 6, 8, 9, 14, 15, 17, 22, 26, 27, 28, 29]",0,[],0.2419688632445676,0.0937819211389871,0.30623834041312836,10.663035986626628,0.47285714285714286,0.007177551020408163,0.08472042858961563,0.47285714285714286,0.007177551020408163,0.08472042858961563
8,4,21,100101010110000101110110001110,0.47266666666666657,0.31191195075710615,0.5699999928474426,15,"[0, 3, 5, 7, 9, 10, 15, 17, 18, 19, 21, 22, 26, 27, 28]",15,"[0, 3, 5, 7, 9, 10, 15, 17, 18, 19, 21, 22, 26, 27, 28]",0,[],0.31191195075710615,0.10746272676142184,0.32781508013119504,9.305552075000865,0.5273333333333334,0.012966222222222221,0.11386932081215827,0.5273333333333334,0.012966222222222221,0.11386932081215827
8,4,22,101101100111011001110110000100,0.4524999999999999,0.3696427085669711,0.5475000143051147,16,"[0, 2, 3, 5, 6, 9, 10, 11, 13, 14, 17, 18, 19, 21, 22, 27]",16,"[0, 2, 3, 5, 6, 9, 10, 11, 13, 14, 17, 18, 19, 21, 22, 27]",0,[],0.3696427085669711,0.10245189536459315,0.3200810762363079,9.760678379265933,0.5475000000000001,0.006993749999999998,0.08362864341838865,0.5475000000000001,0.006993749999999998,0.08362864341838865
8,5,0,001000110101000111011101111001,0.5181250000000001,0.3970779230585322,0.4294999837875366,16,"[2, 6, 7, 9, 11, 15, 16, 17, 19, 20, 21, 23, 24, 25, 26, 29]",16,"[2, 6, 7, 9, 11, 15, 16, 17, 19, 20, 21, 23, 24, 25, 26, 29]",0,[],0.3970779230585322,0.12785366632145856,0.3575663103837644,7.821441721395229,0.48187499999999994,0.027565234374999997,0.16602781205267989,0.48187499999999994,0.027565234374999997,0.16602781205267989
8,5,1,001000101110001100110100000010,0.49,0.33781568248840893,0.5069999992847443,11,"[2, 6, 8, 9, 10, 14, 15, 18, 19, 21, 28]",11,"[2, 6, 8, 9, 10, 14, 15, 18, 19, 21, 28]",0,[],0.33781568248840893,0.11051844689071268,0.33244314835880234,9.04826323689529,0.51,0.016145454545454543,0.1270647651611356,0.51,0.016145454545454543,0.1270647651611356
8,5,2,010100011100011001100110010001,0.4584615384615385,0.3764789125953729,0.4829999804496765,13,"[1, 3, 7, 8, 9, 13, 14, 17, 18, 21, 22, 25, 29]",13,"[1, 3, 7, 8, 9, 13, 14, 17, 18, 21, 22, 25, 29]",0,[],0.3764789125953729,0.11416931648659928,0.33788950336848184,8.758920792149752,0.5415384615384615,0.014305325443786987,0.11960487215739578,0.5415384615384615,0.014305325443786987,0.11960487215739578
8,5,3,010100011100011000000010010001,0.475,0.31241108756512403,0.5139999985694885,10,"[1, 3, 7, 8, 9, 13, 14, 22, 25, 29]",10,"[1, 3, 7, 8, 9, 13, 14, 22, 25, 29]",0,[],0.31241108756512403,0.11658532538693629,0.3414459333290357,8.577408834954907,0.525,0.013725000000000005,0.11715374513859983,0.525,0.013725000000000005,0.11715374513859983
8,5,4,111101111111001100110110000101,0.48421052631578954,0.3496820256114006,0.4714999794960022,19,"[0, 1, 2, 3, 5, 6, 7, 8, 9, 10, 11, 14, 15, 18, 19, 21, 22, 27, 29]",19,"[0, 1, 2, 3, 5, 6, 7, 8, 9, 10, 11, 14, 15, 18, 19, 21, 22, 27, 29]",0,[],0.3496820256114006,0.1250361317129761,0.3536044848598163,7.997688238592727,0.5157894736842105,0.012108587257617728,0.11003902606629036,0.5157894736842105,0.012108587257617728,0.11003902606629036
8,5,5,010100011100011001100110010101,0.4585714285714285,0.35283431503921747,0.4894999861717224,14,"[1, 3, 7, 8, 9, 13, 14, 17, 18, 21, 22, 25, 27, 29]",14,"[1, 3, 7, 8, 9, 13, 14, 17, 18, 21, 22, 25, 27, 29]",0,[],0.35283431503921747,0.11328223622568823,0.3365742655428193,8.827509354668239,0.5414285714285715,0.013283673469387759,0.11525481972302833,0.5414285714285715,0.013283673469387759,0.11525481972302833
8,5,6,010101101100110001100110010001,0.45071428571428573,0.4129532129902925,0.5275000035762787,14,"[1, 3, 5, 6, 8, 9, 12, 13, 17, 18, 21, 22, 25, 29]",14,"[1, 3, 5, 6, 8, 9, 12, 13, 17, 18, 21, 22, 25, 29]",0,[],0.4129532129902925,0.10865572889733363,0.32962968449054103,9.203380347711603,0.5492857142857143,0.01189234693877551,0.10905203775618093,0.5492857142857143,0.01189234693877551,0.10905203775618093
8,5,7,001001010110100001110100000110,0.4658333333333333,0.36590662878006697,0.44950002431869507,12,"[2, 5, 7, 9, 10, 12, 17, 18, 19, 21, 27, 28]",12,"[2, 5, 7, 9, 10, 12, 17, 18, 19, 21, 27, 28]",0,[],0.36590662878006697,0.11076346053841186,0.3328114489292877,9.028248080541038,0.5341666666666667,0.009557638888888888,0.09776317757156264,0.5341666666666667,0.009557638888888888,0.09776317757156264
8,5,8,001101110101001100000010001111,0.5214285714285714,0.13660186396113463,0.47600001096725464,14,"[2, 3, 5, 6, 7, 9, 11, 14, 15, 22, 26, 27, 28, 29]",14,"[2, 3, 5, 6, 7, 9, 11, 14, 15, 22, 26, 27, 28, 29]",0,[],0.13660186396113463,0.036480230140018895,0.19099798464910275,27.41210776800988,0.4785714285714286,0.008783673469387757,0.09372125409632415,0.4785714285714286,0.008783673469387757,0.09372125409632415
8,5,9,111101101110001111000010111101,0.5078947368421053,0.3236603517281382,0.43300002813339233,19,"[0, 1, 2, 3, 5, 6, 8, 9, 10, 14, 15, 16, 17, 22, 24, 25, 26, 27, 29]",19,"[0, 1, 2, 3, 5, 6, 8, 9, 10, 14, 15, 16, 17, 22, 24, 25, 26, 27, 29]",0,[],0.3236603517281382,0.10740183211362425,0.32772218739905945,9.310828133192961,0.4921052631578947,0.016774515235457067,0.12951646704360442,0.4921052631578947,0.016774515235457067,0.12951646704360442
8,5,10,000100100010000100000010110111,0.51,0.14602631852030754,0.7170000076293945,10,"[3, 6, 10, 15, 22, 24, 25, 27, 28, 29]",10,"[3, 6, 10, 15, 22, 24, 25, 27, 28, 29]",0,[],0.14602631852030754,0.03763141168524312,0.19398817408605898,26.57354468559952,0.49000000000000005,0.023060000000000004,0.15185519418182575,0.49000000000000005,0.023060000000000004,0.15185519418182575
8,5,11,001011101100001101000010001111,0.5271428571428571,0.2419688632445676,0.45249998569488525,14,"[2, 4, 5, 6, 8, 9, 14, 15, 17, 22, 26, 27, 28, 29]",14,"[2, 4, 5, 6, 8, 9, 14, 15, 17, 22, 26, 27, 28, 29]",0,[],0.2419688632445676,0.0937819211389871,0.30623834041312836,10.663035986626628,0.47285714285714286,0.007177551020408163,0.08472042858961563,0.47285714285714286,0.007177551020408163,0.08472042858961563
8,5,12,100101010110000101110110001110,0.47266666666666657,0.31191195075710615,0.5699999928474426,15,"[0, 3, 5, 7, 9, 10, 15, 17, 18, 19, 21, 22, 26, 27, 28]",15,"[0, 3, 5, 7, 9, 10, 15, 17, 18, 19, 21, 22, 26, 27, 28]",0,[],0.31191195075710615,0.10746272676142184,0.32781508013119504,9.305552075000865,0.5273333333333334,0.012966222222222221,0.11386932081215827,0.5273333333333334,0.012966222222222221,0.11386932081215827
8,5,13,101101100111011001110110000100,0.4524999999999999,0.3696427085669711,0.5475000143051147,16,"[0, 2, 3, 5, 6, 9, 10, 11, 13, 14, 17, 18, 19, 21, 22, 27]",16,"[0, 2, 3, 5, 6, 9, 10, 11, 13, 14, 17, 18, 19, 21, 22, 27]",0,[],0.3696427085669711,0.10245189536459315,0.3200810762363079,9.760678379265933,0.5475000000000001,0.006993749999999998,0.08362864341838865,0.5475000000000001,0.006993749999999998,0.08362864341838865
8,5,14,111101111111001100110010000101,0.4966666666666666,0.353235788229439,0.4710000157356262,18,"[0, 1, 2, 3, 5, 6, 7, 8, 9, 10, 11, 14, 15, 18, 19, 22, 27, 29]",18,"[0, 1, 2, 3, 5, 6, 7, 8, 9, 10, 11, 14, 15, 18, 19, 22, 27, 29]",0,[],0.353235788229439,0.13174262812864612,0.3629636732906561,7.590557545455251,0.5033333333333334,0.009833333333333335,0.09916316520429012,0.5033333333333334,0.009833333333333335,0.09916316520429012
8,5,15,001101111100001100000010010111,0.5057142857142858,0.17339866581772054,0.585999995470047,14,"[2, 3, 5, 6, 7, 8, 9, 14, 15, 22, 25, 27, 28, 29]",14,"[2, 3, 5, 6, 7, 8, 9, 14, 15, 22, 25, 27, 28, 29]",0,[],0.17339866581772054,0.056776224718071915,0.23827762110209158,17.613006235719283,0.4942857142857143,0.015067346938775514,0.12274912194706533,0.4942857142857143,0.015067346938775514,0.12274912194706533
8,5,16,001101110101001100110010001111,0.5081249999999999,0.2266694891732186,0.4729999899864197,16,"[2, 3, 5, 6, 7, 9, 11, 14, 15, 18, 19, 22, 26, 27, 28, 29]",16,"[2, 3, 5, 6, 7, 9, 11, 14, 15, 18, 19, 22, 26, 27, 28, 29]",0,[],0.2266694891732186,0.09125646125598544,0.30208684389755447,10.95812818332807,0.491875,0.010577734375,0.1028481131329107,0.491875,0.010577734375,0.1028481131329107
8,5,17,000101111100001001000010110100,0.4766666666666667,0.2515175530376534,0.5115000009536743,12,"[3, 5, 6, 7, 8, 9, 14, 17, 22, 24, 25, 27]",12,"[3, 5, 6, 7, 8, 9, 14, 17, 22, 24, 25, 27]",0,[],0.2515175530376534,0.08579267949829018,0.2929038741606027,11.656006151666235,0.5233333333333333,0.01365555555555556,0.11685698761972071,0.5233333333333333,0.01365555555555556,0.11685698761972071
8,5,18,001000110010000101111101111001,0.5053333333333334,0.3924790944904089,0.4350000023841858,15,"[2, 6, 7, 10, 15, 17, 18, 19, 20, 21, 23, 24, 25, 26, 29]",15,"[2, 6, 7, 10, 15, 17, 18, 19, 20, 21, 23, 24, 25, 26, 29]",0,[],0.3924790944904089,0.1175012193478219,0.34278450861703463,8.510549980250369,0.49466666666666664,0.024931555555555557,0.15789729432626626,0.49466666666666664,0.024931555555555557,0.15789729432626626
8,5,19,001101101100001101000010001111,0.5121428571428571,0.1919626918222223,0.453000009059906,14,"[2, 3, 5, 6, 8, 9, 14, 15, 17, 22, 26, 27, 28, 29]",14,"[2, 3, 5, 6, 8, 9, 14, 15, 17, 22, 26, 27, 28, 29]",0,[],0.1919626918222223,0.0650860214857372,0.2551196219143819,15.364282178764572,0.4878571428571429,0.008516836734693879,0.09228670941524504,0.4878571428571429,0.008516836734693879,0.09228670941524504
8,5,20,101101100110000001110110000100,0.4453846153846154,0.3578409897879912,0.6119999885559082,13,"[0, 2, 3, 5, 6, 9, 10, 17, 18, 19, 21, 22, 27]",13,"[0, 2, 3, 5, 6, 9, 10, 17, 18, 19, 21, 22, 27]",0,[],0.3578409897879912,0.10827407724906848,0.3290502655356298,9.235821033132872,0.5546153846153846,0.007224852071005917,0.08499912982499243,0.5546153846153846,0.007224852071005917,0.08499912982499243
8,5,21,001101100111000101000010001111,0.4992857142857142,0.2057024628988334,0.49699997901916504,14,"[2, 3, 5, 6, 9, 10, 11, 15, 17, 22, 26, 27, 28, 29]",14,"[2, 3, 5, 6, 9, 10, 11, 15, 17, 22, 26, 27, 28, 29]",0,[],0.2057024628988334,0.06352624643054802,0.25204413587811964,15.741525057572543,0.5007142857142858,0.00912091836734694,0.09550349924137304,0.5007142857142858,0.00912091836734694,0.09550349924137304
8,5,22,101101100111001001100110000100,0.4614285714285714,0.3270916663376348,0.5099999904632568,14,"[0, 2, 3, 5, 6, 9, 10, 11, 14, 17, 18, 21, 22, 27]",14,"[0, 2, 3, 5, 6, 9, 10, 11, 14, 17, 18, 21, 22, 27]",0,[],0.3270916663376348,0.08680940125462668,0.2946343517898527,11.519489658347378,0.5385714285714286,0.006197959183673469,0.07872711847688488,0.5385714285714286,0.006197959183673469,0.07872711847688488
8,5,23,001111101100001101000010111111,0.5082352941176471,0.2480694233056377,0.45249998569488525,17,"[2, 3, 4, 5, 6, 8, 9, 14, 15, 17, 22, 24, 25, 26, 27, 28, 29]",17,"[2, 3, 4, 5, 6, 8, 9, 14, 15, 17, 22, 24, 25, 26, 27, 28, 29]",0,[],0.2480694233056377,0.08931599945105587,0.29885782481149104,11.196202317010274,0.4917647058823529,0.014861591695501733,0.12190812809448652,0.4917647058823529,0.014861591695501733,0.12190812809448652
9,1,0,000011001111111001111101110000,0.4870588235294119,0.6182565820567748,0.5119999945163727,17,"[4, 5, 8, 9, 10, 11, 12, 13, 14, 17, 18, 19, 20, 21, 23, 24, 25]",17,"[4, 5, 8, 9, 10, 11, 12, 13, 14, 17, 18, 19, 20, 21, 23, 24, 25]",0,[],0.6182565820567748,0.04292076675674723,0.2071732771299118,23.298745003030447,0.5129411764705881,0.022479584775086502,0.14993193380693287,0.5129411764705881,0.022479584775086502,0.14993193380693287
9,1,1,010000010110000011001111100111,0.5521428571428572,0.55759398133627,0.44199997186660767,14,"[1, 7, 9, 10, 16, 17, 20, 21, 22, 23, 24, 27, 28, 29]",14,"[1, 7, 9, 10, 16, 17, 20, 21, 22, 23, 24, 27, 28, 29]",0,[],0.55759398133627,0.062411538024313,0.24982301340011293,16.0226783645428,0.44785714285714284,0.021073979591836735,0.14516879689463827,0.44785714285714284,0.021073979591836735,0.14516879689463827
9,1,2,110100011100011001100111010001,0.508,0.5403686128556728,0.4455000162124634,15,"[0, 1, 3, 7, 8, 9, 13, 14, 17, 18, 21, 22, 23, 25, 29]",15,"[0, 1, 3, 7, 8, 9, 13, 14, 17, 18, 21, 22, 23, 25, 29]",0,[],0.5403686128556728,0.056183452095462286,0.2370304876919049,17.79883511431235,0.492,0.017669333333333332,0.13292604460124935,0.492,0.017669333333333332,0.13292604460124935
9,1,3,001000110101000111011101111001,0.524375,0.656297062523663,0.44099998474121094,16,"[2, 6, 7, 9, 11, 15, 16, 17, 19, 20, 21, 23, 24, 25, 26, 29]",16,"[2, 6, 7, 9, 11, 15, 16, 17, 19, 20, 21, 23, 24, 25, 26, 29]",0,[],0.656297062523663,0.04517309005472481,0.21253961996466636,22.137073173177946,0.47562499999999996,0.029299609375,0.17117128665462558,0.47562499999999996,0.029299609375,0.17117128665462558
9,1,4,011011111111000011110110110110,0.504,0.5947391437366605,0.49699997901916504,20,"[1, 2, 4, 5, 6, 7, 8, 9, 10, 11, 16, 17, 18, 19, 21, 22, 24, 25, 27, 28]",20,"[1, 2, 4, 5, 6, 7, 8, 9, 10, 11, 16, 17, 18, 19, 21, 22, 24, 25, 27, 28]",0,[],0.5947391437366605,0.061262627027757255,0.2475128825490852,16.323165500998083,0.496,0.022164,0.14887578715157143,0.496,0.022164,0.14887578715157143
9,1,5,100110100000101010011110001110,0.49928571428571433,0.5278926970703262,0.570499986410141,14,"[0, 3, 4, 6, 12, 14, 16, 19, 20, 21, 22, 26, 27, 28]",14,"[0, 3, 4, 6, 12, 14, 16, 19, 20, 21, 22, 26, 27, 28]",0,[],0.5278926970703262,0.08064174721415625,0.28397490595853053,12.400524970575725,0.5007142857142857,0.01856377551020408,0.1362489468223666,0.5007142857142857,0.01856377551020408,0.1362489468223666
9,1,6,100110101100001010100100001000,0.5172727272727272,0.4896762804551558,0.5349999964237213,11,"[0, 3, 4, 6, 8, 9, 14, 16, 18, 21, 26]",11,"[0, 3, 4, 6, 8, 9, 14, 16, 18, 21, 26]",0,[],0.4896762804551558,0.05394474098860261,0.23226007187763162,18.537488208744556,0.4827272727272728,0.017492561983471076,0.13225944950539859,0.4827272727272728,0.017492561983471076,0.13225944950539859
9,1,7,110101101110100110101010001101,0.5335294117647059,0.5394877907546127,0.4959999918937683,17,"[0, 1, 3, 5, 6, 8, 9, 10, 12, 15, 16, 18, 20, 22, 26, 27, 29]",17,"[0, 1, 3, 5, 6, 8, 9, 10, 12, 15, 16, 18, 20, 22, 26, 27, 29]",0,[],0.5394877907546127,0.07680885601157929,0.27714410694001645,13.019332039644562,0.4664705882352941,0.00892871972318339,0.0944919029503766,0.4664705882352941,0.00892871972318339,0.0944919029503766
9,1,8,111100001011010011000110100110,0.494,0.5752424242595832,0.5015000104904175,15,"[0, 1, 2, 3, 8, 10, 11, 13, 16, 17, 21, 22, 24, 27, 28]",15,"[0, 1, 2, 3, 8, 10, 11, 13, 16, 17, 21, 22, 24, 27, 28]",0,[],0.5752424242595832,0.06861544197130025,0.26194549427562264,14.573978848934175,0.506,0.018984000000000004,0.1377824371971987,0.506,0.018984000000000004,0.1377824371971987
9,1,9,111101101111010101110110000101,0.4836842105263157,0.6263049842887803,0.5169999897480011,19,"[0, 1, 2, 3, 5, 6, 8, 9, 10, 11, 13, 15, 17, 18, 19, 21, 22, 27, 29]",19,"[0, 1, 2, 3, 5, 6, 8, 9, 10, 11, 13, 15, 17, 18, 19, 21, 22, 27, 29]",0,[],0.6263049842887803,0.06638158106140211,0.2576462323834799,15.064419738285727,0.5163157894736843,0.015160110803324101,0.12312640173140812,0.5163157894736843,0.015160110803324101,0.12312640173140812
9,1,10,100110001001100010101100001010,0.4716666666666667,0.5097005603214105,0.5800000131130219,12,"[0, 3, 4, 8, 11, 12, 16, 18, 20, 21, 26, 28]",12,"[0, 3, 4, 8, 11, 12, 16, 18, 20, 21, 26, 28]",0,[],0.5097005603214105,0.07074325068708233,0.26597603404645753,14.135624109546317,0.5283333333333333,0.012963888888888888,0.11385907468835713,0.5283333333333333,0.012963888888888888,0.11385907468835713
9,1,11,110100100010000101010101000001,0.47545454545454546,0.649127047508955,0.5169999897480011,11,"[0, 1, 3, 6, 10, 15, 17, 19, 21, 23, 29]",11,"[0, 1, 3, 6, 10, 15, 17, 19, 21, 23, 29]",0,[],0.649127047508955,0.09123109161997024,0.3020448503450609,10.96117543091091,0.5245454545454545,0.02293388429752066,0.15143937499052437,0.5245454545454545,0.02293388429752066,0.15143937499052437
9,1,12,110111011100111000000010001000,0.5276923076923077,0.48868896898168784,0.5185000002384186,13,"[0, 1, 3, 4, 5, 7, 8, 9, 12, 13, 14, 22, 26]",13,"[0, 1, 3, 4, 5, 7, 8, 9, 12, 13, 14, 22, 26]",0,[],0.48868896898168784,0.07234119593131341,0.26896318694444676,13.823382197738077,0.47230769230769226,0.008510059171597632,0.092249981959877,0.47230769230769226,0.008510059171597632,0.092249981959877
9,2,0,010000010110000011001111100111,0.5521428571428572,0.55759398133627,0.44199997186660767,14,"[1, 7, 9, 10, 16, 17, 20, 21, 22, 23, 24, 27, 28, 29]",14,"[1, 7, 9, 10, 16, 17, 20, 21, 22, 23, 24, 27, 28, 29]",0,[],0.55759398133627,0.062411538024313,0.24982301340011293,16.0226783645428,0.44785714285714284,0.021073979591836735,0.14516879689463827,0.44785714285714284,0.021073979591836735,0.14516879689463827
9,2,1,110100011100011001100111010001,0.508,0.5403686128556728,0.4455000162124634,15,"[0, 1, 3, 7, 8, 9, 13, 14, 17, 18, 21, 22, 23, 25, 29]",15,"[0, 1, 3, 7, 8, 9, 13, 14, 17, 18, 21, 22, 23, 25, 29]",0,[],0.5403686128556728,0.056183452095462286,0.2370304876919049,17.79883511431235,0.492,0.017669333333333332,0.13292604460124935,0.492,0.017669333333333332,0.13292604460124935
9,2,2,001000110101000111011101111001,0.524375,0.656297062523663,0.44099998474121094,16,"[2, 6, 7, 9, 11, 15, 16, 17, 19, 20, 21, 23, 24, 25, 26, 29]",16,"[2, 6, 7, 9, 11, 15, 16, 17, 19, 20, 21, 23, 24, 25, 26, 29]",0,[],0.656297062523663,0.04517309005472481,0.21253961996466636,22.137073173177946,0.47562499999999996,0.029299609375,0.17117128665462558,0.47562499999999996,0.029299609375,0.17117128665462558
9,2,3,011011111111000011110110110110,0.504,0.5947391437366605,0.49699997901916504,20,"[1, 2, 4, 5, 6, 7, 8, 9, 10, 11, 16, 17, 18, 19, 21, 22, 24, 25, 27, 28]",20,"[1, 2, 4, 5, 6, 7, 8, 9, 10, 11, 16, 17, 18, 19, 21, 22, 24, 25, 27, 28]",0,[],0.5947391437366605,0.061262627027757255,0.2475128825490852,16.323165500998083,0.496,0.022164,0.14887578715157143,0.496,0.022164,0.14887578715157143
9,2,4,100110101100001010100100001000,0.5172727272727272,0.4896762804551558,0.5349999964237213,11,"[0, 3, 4, 6, 8, 9, 14, 16, 18, 21, 26]",11,"[0, 3, 4, 6, 8, 9, 14, 16, 18, 21, 26]",0,[],0.4896762804551558,0.05394474098860261,0.23226007187763162,18.537488208744556,0.4827272727272728,0.017492561983471076,0.13225944950539859,0.4827272727272728,0.017492561983471076,0.13225944950539859
9,2,5,110101101110100110101010001101,0.5335294117647059,0.5394877907546127,0.4959999918937683,17,"[0, 1, 3, 5, 6, 8, 9, 10, 12, 15, 16, 18, 20, 22, 26, 27, 29]",17,"[0, 1, 3, 5, 6, 8, 9, 10, 12, 15, 16, 18, 20, 22, 26, 27, 29]",0,[],0.5394877907546127,0.07680885601157929,0.27714410694001645,13.019332039644562,0.4664705882352941,0.00892871972318339,0.0944919029503766,0.4664705882352941,0.00892871972318339,0.0944919029503766
9,2,6,111100001011010011000110100110,0.494,0.5752424242595832,0.5015000104904175,15,"[0, 1, 2, 3, 8, 10, 11, 13, 16, 17, 21, 22, 24, 27, 28]",15,"[0, 1, 2, 3, 8, 10, 11, 13, 16, 17, 21, 22, 24, 27, 28]",0,[],0.5752424242595832,0.06861544197130025,0.26194549427562264,14.573978848934175,0.506,0.018984000000000004,0.1377824371971987,0.506,0.018984000000000004,0.1377824371971987
9,2,7,100110001001100010101100001010,0.4716666666666667,0.5097005603214105,0.5800000131130219,12,"[0, 3, 4, 8, 11, 12, 16, 18, 20, 21, 26, 28]",12,"[0, 3, 4, 8, 11, 12, 16, 18, 20, 21, 26, 28]",0,[],0.5097005603214105,0.07074325068708233,0.26597603404645753,14.135624109546317,0.5283333333333333,0.012963888888888888,0.11385907468835713,0.5283333333333333,0.012963888888888888,0.11385907468835713
9,2,8,110100100010000101010101000001,0.47545454545454546,0.649127047508955,0.5169999897480011,11,"[0, 1, 3, 6, 10, 15, 17, 19, 21, 23, 29]",11,"[0, 1, 3, 6, 10, 15, 17, 19, 21, 23, 29]",0,[],0.649127047508955,0.09123109161997024,0.3020448503450609,10.96117543091091,0.5245454545454545,0.02293388429752066,0.15143937499052437,0.5245454545454545,0.02293388429752066,0.15143937499052437
9,2,9,110111011100111000000010001000,0.5276923076923077,0.48868896898168784,0.5185000002384186,13,"[0, 1, 3, 4, 5, 7, 8, 9, 12, 13, 14, 22, 26]",13,"[0, 1, 3, 4, 5, 7, 8, 9, 12, 13, 14, 22, 26]",0,[],0.48868896898168784,0.07234119593131341,0.26896318694444676,13.823382197738077,0.47230769230769226,0.008510059171597632,0.092249981959877,0.47230769230769226,0.008510059171597632,0.092249981959877
9,2,10,001000111111010010111011101111,0.5347368421052632,0.6236500167532971,0.43550002574920654,19,"[2, 6, 7, 8, 9, 10, 11, 13, 16, 18, 19, 20, 22, 23, 24, 26, 27, 28, 29]",19,"[2, 6, 7, 8, 9, 10, 11, 13, 16, 18, 19, 20, 22, 23, 24, 26, 27, 28, 29]",0,[],0.6236500167532971,0.044634443267073574,0.21126865187971824,22.40422254213913,0.4652631578947368,0.01725650969529086,0.1313640350145003,0.4652631578947368,0.01725650969529086,0.1313640350145003
9,2,11,111011100010100100101101110100,0.5075,0.5447673734743148,0.5394999980926514,16,"[0, 1, 2, 4, 5, 6, 10, 12, 15, 18, 20, 21, 23, 24, 25, 27]",16,"[0, 1, 2, 4, 5, 6, 10, 12, 15, 18, 20, 21, 23, 24, 25, 27]",0,[],0.5447673734743148,0.07609932179072486,0.2758610552265848,13.140721578965268,0.49250000000000005,0.01996875,0.1413108276106258,0.49250000000000005,0.01996875,0.1413108276106258
9,2,12,110100110101010011001011000001,0.5428571428571429,0.5143552712563958,0.4950000047683716,14,"[0, 1, 3, 6, 7, 9, 11, 13, 16, 17, 20, 22, 23, 29]",14,"[0, 1, 3, 6, 7, 9, 11, 13, 16, 17, 20, 22, 23, 29]",0,[],0.5143552712563958,0.07360072167547645,0.27129452938729975,13.586823297864445,0.45714285714285713,0.011720408163265306,0.10826083393021368,0.45714285714285713,0.011720408163265306,0.10826083393021368
9,2,13,011011001001001010100101010001,0.49769230769230777,0.5225575179434739,0.5625,13,"[1, 2, 4, 5, 8, 11, 14, 16, 18, 21, 23, 25, 29]",13,"[1, 2, 4, 5, 8, 11, 14, 16, 18, 21, 23, 25, 29]",0,[],0.5225575179434739,0.05417554637378045,0.2327564099520794,18.458512501204307,0.5023076923076922,0.020540828402366866,0.1433207186779597,0.5023076923076922,0.020540828402366866,0.1433207186779597
9,2,14,001110001001110010101100001011,0.4792857142857143,0.5801426353199142,0.49900001287460327,14,"[2, 3, 4, 8, 11, 12, 13, 16, 18, 20, 21, 26, 28, 29]",14,"[2, 3, 4, 8, 11, 12, 13, 16, 18, 20, 21, 26, 28, 29]",0,[],0.5801426353199142,0.05220323610693546,0.2284802750937933,19.155900564316646,0.5207142857142857,0.012006632653061228,0.10957478109976414,0.5207142857142857,0.012006632653061228,0.10957478109976414
9,2,15,001001010110110111011101011001,0.5,0.6465572022339877,0.453000009059906,17,"[2, 5, 7, 9, 10, 12, 13, 15, 16, 17, 19, 20, 21, 23, 25, 26, 29]",17,"[2, 5, 7, 9, 10, 12, 13, 15, 16, 17, 19, 20, 21, 23, 25, 26, 29]",0,[],0.6465572022339877,0.04176931598709704,0.20437542901997058,23.941019295334165,0.5,0.02243529411764706,0.14978415843355083,0.5,0.02243529411764706,0.14978415843355083
9,2,16,100110100000001010111110001010,0.4930769230769231,0.48755625921946305,0.6004999876022339,13,"[0, 3, 4, 6, 14, 16, 18, 19, 20, 21, 22, 26, 28]",13,"[0, 3, 4, 6, 14, 16, 18, 19, 20, 21, 22, 26, 28]",0,[],0.48755625921946305,0.07849961037261424,0.2801778192016888,12.738916731602847,0.5069230769230769,0.019698224852071008,0.14035036463105827,0.5069230769230769,0.019698224852071008,0.14035036463105827
9,3,0,100110101100001010100100001000,0.5172727272727272,0.4896762804551558,0.5349999964237213,11,"[0, 3, 4, 6, 8, 9, 14, 16, 18, 21, 26]",11,"[0, 3, 4, 6, 8, 9, 14, 16, 18, 21, 26]",0,[],0.4896762804551558,0.05394474098860261,0.23226007187763162,18.537488208744556,0.4827272727272728,0.017492561983471076,0.13225944950539859,0.4827272727272728,0.017492561983471076,0.13225944950539859
9,3,1,111100001011010011000110100110,0.494,0.5752424242595832,0.5015000104904175,15,"[0, 1, 2, 3, 8, 10, 11, 13, 16, 17, 21, 22, 24, 27, 28]",15,"[0, 1, 2, 3, 8, 10, 11, 13, 16, 17, 21, 22, 24, 27, 28]",0,[],0.5752424242595832,0.06861544197130025,0.26194549427562264,14.573978848934175,0.506,0.018984000000000004,0.1377824371971987,0.506,0.018984000000000004,0.1377824371971987
9,3,2,100110001001100010101100001010,0.4716666666666667,0.5097005603214105,0.5800000131130219,12,"[0, 3, 4, 8, 11, 12, 16, 18, 20, 21, 26, 28]",12,"[0, 3, 4, 8, 11, 12, 16, 18, 20, 21, 26, 28]",0,[],0.5097005603214105,0.07074325068708233,0.26597603404645753,14.135624109546317,0.5283333333333333,0.012963888888888888,0.11385907468835713,0.5283333333333333,0.012963888888888888,0.11385907468835713
9,3,3,110100100010000101010101000001,0.47545454545454546,0.649127047508955,0.5169999897480011,11,"[0, 1, 3, 6, 10, 15, 17, 19, 21, 23, 29]",11,"[0, 1, 3, 6, 10, 15, 17, 19, 21, 23, 29]",0,[],0.649127047508955,0.09123109161997024,0.3020448503450609,10.96117543091091,0.5245454545454545,0.02293388429752066,0.15143937499052437,0.5245454545454545,0.02293388429752066,0.15143937499052437
9,3,4,110111011100111000000010001000,0.5276923076923077,0.48868896898168784,0.5185000002384186,13,"[0, 1, 3, 4, 5, 7, 8, 9, 12, 13, 14, 22, 26]",13,"[0, 1, 3, 4, 5, 7, 8, 9, 12, 13, 14, 22, 26]",0,[],0.48868896898168784,0.07234119593131341,0.26896318694444676,13.823382197738077,0.47230769230769226,0.008510059171597632,0.092249981959877,0.47230769230769226,0.008510059171597632,0.092249981959877
9,3,5,110100110101010011001011000001,0.5428571428571429,0.5143552712563958,0.4950000047683716,14,"[0, 1, 3, 6, 7, 9, 11, 13, 16, 17, 20, 22, 23, 29]",14,"[0, 1, 3, 6, 7, 9, 11, 13, 16, 17, 20, 22, 23, 29]",0,[],0.5143552712563958,0.07360072167547645,0.27129452938729975,13.586823297864445,0.45714285714285713,0.011720408163265306,0.10826083393021368,0.45714285714285713,0.011720408163265306,0.10826083393021368
9,3,6,011011001001001010100101010001,0.49769230769230777,0.5225575179434739,0.5625,13,"[1, 2, 4, 5, 8, 11, 14, 16, 18, 21, 23, 25, 29]",13,"[1, 2, 4, 5, 8, 11, 14, 16, 18, 21, 23, 25, 29]",0,[],0.5225575179434739,0.05417554637378045,0.2327564099520794,18.458512501204307,0.5023076923076922,0.020540828402366866,0.1433207186779597,0.5023076923076922,0.020540828402366866,0.1433207186779597
9,3,7,001110001001110010101100001011,0.4792857142857143,0.5801426353199142,0.49900001287460327,14,"[2, 3, 4, 8, 11, 12, 13, 16, 18, 20, 21, 26, 28, 29]",14,"[2, 3, 4, 8, 11, 12, 13, 16, 18, 20, 21, 26, 28, 29]",0,[],0.5801426353199142,0.05220323610693546,0.2284802750937933,19.155900564316646,0.5207142857142857,0.012006632653061228,0.10957478109976414,0.5207142857142857,0.012006632653061228,0.10957478109976414
9,3,8,100110100000001010111110001010,0.4930769230769231,0.48755625921946305,0.6004999876022339,13,"[0, 3, 4, 6, 14, 16, 18, 19, 20, 21, 22, 26, 28]",13,"[0, 3, 4, 6, 14, 16, 18, 19, 20, 21, 22, 26, 28]",0,[],0.48755625921946305,0.07849961037261424,0.2801778192016888,12.738916731602847,0.5069230769230769,0.019698224852071008,0.14035036463105827,0.5069230769230769,0.019698224852071008,0.14035036463105827
9,3,9,100100010100001010100100001100,0.526,0.5178177863359451,0.40700000524520874,10,"[0, 3, 7, 9, 14, 16, 18, 21, 26, 27]",10,"[0, 3, 7, 9, 14, 16, 18, 21, 26, 27]",0,[],0.5178177863359451,0.04118555952693211,0.20294225663210733,24.28035484976424,0.47400000000000003,0.021404,0.14630105946301278,0.47400000000000003,0.021404,0.14630105946301278
9,3,10,100110100000101011100100001000,0.5054545454545454,0.512027073990215,0.5455000102519989,11,"[0, 3, 4, 6, 12, 14, 16, 17, 18, 21, 26]",11,"[0, 3, 4, 6, 12, 14, 16, 17, 18, 21, 26]",0,[],0.512027073990215,0.06134880245150098,0.24768690407750868,16.30023668009731,0.49454545454545457,0.016552066115702483,0.12865483323879628,0.49454545454545457,0.016552066115702483,0.12865483323879628
9,3,11,110100010110000011000111010001,0.5069230769230769,0.5172342431659882,0.4085000157356262,13,"[0, 1, 3, 7, 9, 10, 16, 17, 21, 22, 23, 25, 29]",13,"[0, 1, 3, 7, 9, 10, 16, 17, 21, 22, 23, 25, 29]",0,[],0.5172342431659882,0.06708584241714115,0.2590093481269376,14.906274766320731,0.4930769230769231,0.022159763313609467,0.14886155754125868,0.4930769230769231,0.022159763313609467,0.14886155754125868
9,3,12,111101000000010101110110000101,0.47857142857142854,0.5949668461190802,0.527999997138977,14,"[0, 1, 2, 3, 5, 13, 15, 17, 18, 19, 21, 22, 27, 29]",14,"[0, 1, 2, 3, 5, 13, 15, 17, 18, 19, 21, 22, 27, 29]",0,[],0.5949668461190802,0.0836737268208269,0.289264112569857,11.951182742718398,0.5214285714285715,0.015997959183673475,0.1264830391146318,0.5214285714285715,0.015997959183673475,0.1264830391146318
9,3,13,100110100000001010001110001011,0.5216666666666667,0.4750298025707404,0.5774999856948853,12,"[0, 3, 4, 6, 14, 16, 20, 21, 22, 26, 28, 29]",12,"[0, 3, 4, 6, 14, 16, 20, 21, 22, 26, 28, 29]",0,[],0.4750298025707404,0.07036907680125043,0.26527170373270204,14.210787542721185,0.4783333333333333,0.016213888888888892,0.12733376963276039,0.4783333333333333,0.016213888888888892,0.12733376963276039
9,3,14,111110101100001010101010000010,0.5414285714285715,0.4484148443277393,0.5760000050067902,14,"[0, 1, 2, 3, 4, 6, 8, 9, 14, 16, 18, 20, 22, 28]",14,"[0, 1, 2, 3, 4, 6, 8, 9, 14, 16, 18, 20, 22, 28]",0,[],0.4484148443277393,0.07342217615405526,0.27096526743118804,13.619863267220362,0.4585714285714285,0.00726938775510204,0.0852607046364387,0.4585714285714285,0.00726938775510204,0.0852607046364387
9,3,15,111010001011010011000110100110,0.498,0.532200072457393,0.5065000057220459,15,"[0, 1, 2, 4, 8, 10, 11, 13, 16, 17, 21, 22, 24, 27, 28]",15,"[0, 1, 2, 4, 8, 10, 11, 13, 16, 17, 21, 22, 24, 27, 28]",0,[],0.532200072457393,0.0778530282889524,0.279021555240724,12.84471551046786,0.502,0.019016,0.1378985134075056,0.502,0.019016,0.1378985134075056
9,3,16,100110001001100010011110001010,0.46461538461538465,0.5313143558227099,0.5679999887943268,13,"[0, 3, 4, 8, 11, 12, 16, 19, 20, 21, 22, 26, 28]",13,"[0, 3, 4, 8, 11, 12, 16, 19, 20, 21, 22, 26, 28]",0,[],0.5313143558227099,0.08930910277860941,0.2988462862051483,11.197066915775935,0.5353846153846153,0.017163313609467455,0.13100883027287685,0.5353846153846153,0.017163313609467455,0.13100883027287685
9,3,17,010000010101001000100101010011,0.4954545454545455,0.5858465571972457,0.44450002908706665,11,"[1, 7, 9, 11, 14, 18, 21, 23, 25, 28, 29]",11,"[1, 7, 9, 11, 14, 18, 21, 23, 25, 28, 29]",0,[],0.5858465571972457,0.04446385632367291,0.21086454496589252,22.490177026494035,0.5045454545454545,0.024170247933884302,0.1554678356892007,0.5045454545454545,0.024170247933884302,0.1554678356892007
9,3,18,100100110101000010100100001000,0.499,0.5456146031618119,0.4610000252723694,10,"[0, 3, 6, 7, 9, 11, 16, 18, 21, 26]",10,"[0, 3, 6, 7, 9, 11, 16, 18, 21, 26]",0,[],0.5456146031618119,0.049642823930536914,0.22280669633235198,20.143898368861073,0.501,0.022289,0.14929500996349476,0.501,0.022289,0.14929500996349476
9,4,0,100110101100001010100100001000,0.5172727272727272,0.4896762804551558,0.5349999964237213,11,"[0, 3, 4, 6, 8, 9, 14, 16, 18, 21, 26]",11,"[0, 3, 4, 6, 8, 9, 14, 16, 18, 21, 26]",0,[],0.4896762804551558,0.05394474098860261,0.23226007187763162,18.537488208744556,0.4827272727272728,0.017492561983471076,0.13225944950539859,0.4827272727272728,0.017492561983471076,0.13225944950539859
9,4,1,100110001001100010101100001010,0.4716666666666667,0.5097005603214105,0.5800000131130219,12,"[0, 3, 4, 8, 11, 12, 16, 18, 20, 21, 26, 28]",12,"[0, 3, 4, 8, 11, 12, 16, 18, 20, 21, 26, 28]",0,[],0.5097005603214105,0.07074325068708233,0.26597603404645753,14.135624109546317,0.5283333333333333,0.012963888888888888,0.11385907468835713,0.5283333333333333,0.012963888888888888,0.11385907468835713
9,4,2,110100100010000101010101000001,0.47545454545454546,0.649127047508955,0.5169999897480011,11,"[0, 1, 3, 6, 10, 15, 17, 19, 21, 23, 29]",11,"[0, 1, 3, 6, 10, 15, 17, 19, 21, 23, 29]",0,[],0.649127047508955,0.09123109161997024,0.3020448503450609,10.96117543091091,0.5245454545454545,0.02293388429752066,0.15143937499052437,0.5245454545454545,0.02293388429752066,0.15143937499052437
9,4,3,110111011100111000000010001000,0.5276923076923077,0.48868896898168784,0.5185000002384186,13,"[0, 1, 3, 4, 5, 7, 8, 9, 12, 13, 14, 22, 26]",13,"[0, 1, 3, 4, 5, 7, 8, 9, 12, 13, 14, 22, 26]",0,[],0.48868896898168784,0.07234119593131341,0.26896318694444676,13.823382197738077,0.47230769230769226,0.008510059171597632,0.092249981959877,0.47230769230769226,0.008510059171597632,0.092249981959877
9,4,4,110100110101010011001011000001,0.5428571428571429,0.5143552712563958,0.4950000047683716,14,"[0, 1, 3, 6, 7, 9, 11, 13, 16, 17, 20, 22, 23, 29]",14,"[0, 1, 3, 6, 7, 9, 11, 13, 16, 17, 20, 22, 23, 29]",0,[],0.5143552712563958,0.07360072167547645,0.27129452938729975,13.586823297864445,0.45714285714285713,0.011720408163265306,0.10826083393021368,0.45714285714285713,0.011720408163265306,0.10826083393021368
9,4,5,001110001001110010101100001011,0.4792857142857143,0.5801426353199142,0.49900001287460327,14,"[2, 3, 4, 8, 11, 12, 13, 16, 18, 20, 21, 26, 28, 29]",14,"[2, 3, 4, 8, 11, 12, 13, 16, 18, 20, 21, 26, 28, 29]",0,[],0.5801426353199142,0.05220323610693546,0.2284802750937933,19.155900564316646,0.5207142857142857,0.012006632653061228,0.10957478109976414,0.5207142857142857,0.012006632653061228,0.10957478109976414
9,4,6,100110100000001010111110001010,0.4930769230769231,0.48755625921946305,0.6004999876022339,13,"[0, 3, 4, 6, 14, 16, 18, 19, 20, 21, 22, 26, 28]",13,"[0, 3, 4, 6, 14, 16, 18, 19, 20, 21, 22, 26, 28]",0,[],0.48755625921946305,0.07849961037261424,0.2801778192016888,12.738916731602847,0.5069230769230769,0.019698224852071008,0.14035036463105827,0.5069230769230769,0.019698224852071008,0.14035036463105827
9,4,7,100100010100001010100100001100,0.526,0.5178177863359451,0.40700000524520874,10,"[0, 3, 7, 9, 14, 16, 18, 21, 26, 27]",10,"[0, 3, 7, 9, 14, 16, 18, 21, 26, 27]",0,[],0.5178177863359451,0.04118555952693211,0.20294225663210733,24.28035484976424,0.47400000000000003,0.021404,0.14630105946301278,0.47400000000000003,0.021404,0.14630105946301278
9,4,8,100110100000101011100100001000,0.5054545454545454,0.512027073990215,0.5455000102519989,11,"[0, 3, 4, 6, 12, 14, 16, 17, 18, 21, 26]",11,"[0, 3, 4, 6, 12, 14, 16, 17, 18, 21, 26]",0,[],0.512027073990215,0.06134880245150098,0.24768690407750868,16.30023668009731,0.49454545454545457,0.016552066115702483,0.12865483323879628,0.49454545454545457,0.016552066115702483,0.12865483323879628
9,4,9,110100010110000011000111010001,0.5069230769230769,0.5172342431659882,0.4085000157356262,13,"[0, 1, 3, 7, 9, 10, 16, 17, 21, 22, 23, 25, 29]",13,"[0, 1, 3, 7, 9, 10, 16, 17, 21, 22, 23, 25, 29]",0,[],0.5172342431659882,0.06708584241714115,0.2590093481269376,14.906274766320731,0.4930769230769231,0.022159763313609467,0.14886155754125868,0.4930769230769231,0.022159763313609467,0.14886155754125868
9,4,10,111101000000010101110110000101,0.47857142857142854,0.5949668461190802,0.527999997138977,14,"[0, 1, 2, 3, 5, 13, 15, 17, 18, 19, 21, 22, 27, 29]",14,"[0, 1, 2, 3, 5, 13, 15, 17, 18, 19, 21, 22, 27, 29]",0,[],0.5949668461190802,0.0836737268208269,0.289264112569857,11.951182742718398,0.5214285714285715,0.015997959183673475,0.1264830391146318,0.5214285714285715,0.015997959183673475,0.1264830391146318
9,4,11,100110100000001010001110001011,0.5216666666666667,0.4750298025707404,0.5774999856948853,12,"[0, 3, 4, 6, 14, 16, 20, 21, 22, 26, 28, 29]",12,"[0, 3, 4, 6, 14, 16, 20, 21, 22, 26, 28, 29]",0,[],0.4750298025707404,0.07036907680125043,0.26527170373270204,14.210787542721185,0.4783333333333333,0.016213888888888892,0.12733376963276039,0.4783333333333333,0.016213888888888892,0.12733376963276039
9,4,12,111110101100001010101010000010,0.5414285714285715,0.4484148443277393,0.5760000050067902,14,"[0, 1, 2, 3, 4, 6, 8, 9, 14, 16, 18, 20, 22, 28]",14,"[0, 1, 2, 3, 4, 6, 8, 9, 14, 16, 18, 20, 22, 28]",0,[],0.4484148443277393,0.07342217615405526,0.27096526743118804,13.619863267220362,0.4585714285714285,0.00726938775510204,0.0852607046364387,0.4585714285714285,0.00726938775510204,0.0852607046364387
9,4,13,111010001011010011000110100110,0.498,0.532200072457393,0.5065000057220459,15,"[0, 1, 2, 4, 8, 10, 11, 13, 16, 17, 21, 22, 24, 27, 28]",15,"[0, 1, 2, 4, 8, 10, 11, 13, 16, 17, 21, 22, 24, 27, 28]",0,[],0.532200072457393,0.0778530282889524,0.279021555240724,12.84471551046786,0.502,0.019016,0.1378985134075056,0.502,0.019016,0.1378985134075056
9,4,14,100110001001100010011110001010,0.46461538461538465,0.5313143558227099,0.5679999887943268,13,"[0, 3, 4, 8, 11, 12, 16, 19, 20, 21, 22, 26, 28]",13,"[0, 3, 4, 8, 11, 12, 16, 19, 20, 21, 22, 26, 28]",0,[],0.5313143558227099,0.08930910277860941,0.2988462862051483,11.197066915775935,0.5353846153846153,0.017163313609467455,0.13100883027287685,0.5353846153846153,0.017163313609467455,0.13100883027287685
9,4,15,010000010101001000100101010011,0.4954545454545455,0.5858465571972457,0.44450002908706665,11,"[1, 7, 9, 11, 14, 18, 21, 23, 25, 28, 29]",11,"[1, 7, 9, 11, 14, 18, 21, 23, 25, 28, 29]",0,[],0.5858465571972457,0.04446385632367291,0.21086454496589252,22.490177026494035,0.5045454545454545,0.024170247933884302,0.1554678356892007,0.5045454545454545,0.024170247933884302,0.1554678356892007
9,4,16,111101010000010101111110001011,0.4852941176470589,0.5799501952441299,0.46050000190734863,17,"[0, 1, 2, 3, 5, 7, 13, 15, 17, 18, 19, 20, 21, 22, 26, 28, 29]",17,"[0, 1, 2, 3, 5, 7, 13, 15, 17, 18, 19, 20, 21, 22, 26, 28, 29]",0,[],0.5799501952441299,0.08192326327046755,0.28622240176210445,12.206545004176967,0.5147058823529411,0.015730795847750865,0.12542246946919386,0.5147058823529411,0.015730795847750865,0.12542246946919386
9,4,17,110100110101010001001100000001,0.48583333333333334,0.5636279300476114,0.49699997901916504,12,"[0, 1, 3, 6, 7, 9, 11, 13, 17, 20, 21, 29]",12,"[0, 1, 3, 6, 7, 9, 11, 13, 17, 20, 21, 29]",0,[],0.5636279300476114,0.07247739840495844,0.2692162669768646,13.797404735923667,0.5141666666666667,0.01580763888888889,0.12572843309645154,0.5141666666666667,0.01580763888888889,0.12572843309645154
9,4,18,110100010010000011000111010001,0.4983333333333334,0.5151982062185804,0.4514999985694885,12,"[0, 1, 3, 7, 10, 16, 17, 21, 22, 23, 25, 29]",12,"[0, 1, 3, 7, 10, 16, 17, 21, 22, 23, 25, 29]",0,[],0.5151982062185804,0.0726224384813705,0.26948550699688933,13.769848836135203,0.5016666666666666,0.023047222222222222,0.15181311610734502,0.5016666666666666,0.023047222222222222,0.15181311610734502
9,4,19,110110100010000100111110001010,0.46499999999999997,0.5187044242130858,0.6259999871253967,14,"[0, 1, 3, 4, 6, 10, 15, 18, 19, 20, 21, 22, 26, 28]",14,"[0, 1, 3, 4, 6, 10, 15, 18, 19, 20, 21, 22, 26, 28]",0,[],0.5187044242130858,0.10652472407662616,0.326381255706614,9.38749204626592,0.535,0.01649642857142857,0.12843842326744973,0.535,0.01649642857142857,0.12843842326744973
9,4,20,100110001100000010011110001010,0.4833333333333334,0.49004190787672997,0.5564999878406525,12,"[0, 3, 4, 8, 9, 16, 19, 20, 21, 22, 26, 28]",12,"[0, 3, 4, 8, 9, 16, 19, 20, 21, 22, 26, 28]",0,[],0.49004190787672997,0.0843678487245183,0.2904614410287849,11.852856450864891,0.5166666666666666,0.018805555555555555,0.13713334953816142,0.5166666666666666,0.018805555555555555,0.13713334953816142
9,4,21,111001000010110101010101000001,0.47076923076923083,0.6416810043156147,0.5320000052452087,13,"[0, 1, 2, 5, 10, 12, 13, 15, 17, 19, 21, 23, 29]",13,"[0, 1, 2, 5, 10, 12, 13, 15, 17, 19, 21, 23, 29]",0,[],0.6416810043156147,0.07690341297932646,0.27731464616807827,13.003324056226539,0.5292307692307692,0.018637869822485206,0.13652058387834856,0.5292307692307692,0.018637869822485206,0.13652058387834856
9,4,22,101100010100001110100011001100,0.5776923076923077,0.5386824172276717,0.406000018119812,13,"[0, 2, 3, 7, 9, 14, 15, 16, 18, 22, 23, 26, 27]",13,"[0, 2, 3, 7, 9, 14, 15, 16, 18, 22, 23, 26, 27]",0,[],0.5386824172276717,0.056898527415628314,0.23853412212014513,17.575147291515492,0.42230769230769233,0.010463905325443789,0.10229323206079564,0.42230769230769233,0.010463905325443789,0.10229323206079564
9,4,23,001010001001100010111100001110,0.46461538461538454,0.5845297403060473,0.5845000147819519,13,"[2, 4, 8, 11, 12, 16, 18, 19, 20, 21, 26, 27, 28]",13,"[2, 4, 8, 11, 12, 16, 18, 19, 20, 21, 26, 27, 28]",0,[],0.5845297403060473,0.06407069134845711,0.25312189029883825,15.607760412032468,0.5353846153846155,0.01628639053254438,0.1276181434300953,0.5353846153846155,0.01628639053254438,0.1276181434300953
9,4,24,100110001111100011011110001010,0.47187500000000004,0.5585387805476785,0.56700000166893,16,"[0, 3, 4, 8, 9, 10, 11, 12, 16, 17, 19, 20, 21, 22, 26, 28]",16,"[0, 3, 4, 8, 9, 10, 11, 12, 16, 17, 19, 20, 21, 22, 26, 28]",0,[],0.5585387805476785,0.0774813164323782,0.2783546594407541,12.906337244189054,0.528125,0.015852734375000004,0.1259076422422404,0.528125,0.015852734375000004,0.1259076422422404
9,5,0,100110101100001010100100001000,0.5172727272727272,0.4896762804551558,0.5349999964237213,11,"[0, 3, 4, 6, 8, 9, 14, 16, 18, 21, 26]",11,"[0, 3, 4, 6, 8, 9, 14, 16, 18, 21, 26]",0,[],0.4896762804551558,0.05394474098860261,0.23226007187763162,18.537488208744556,0.4827272727272728,0.017492561983471076,0.13225944950539859,0.4827272727272728,0.017492561983471076,0.13225944950539859
9,5,1,100110001001100010101100001010,0.4716666666666667,0.5097005603214105,0.5800000131130219,12,"[0, 3, 4, 8, 11, 12, 16, 18, 20, 21, 26, 28]",12,"[0, 3, 4, 8, 11, 12, 16, 18, 20, 21, 26, 28]",0,[],0.5097005603214105,0.07074325068708233,0.26597603404645753,14.135624109546317,0.5283333333333333,0.012963888888888888,0.11385907468835713,0.5283333333333333,0.012963888888888888,0.11385907468835713
9,5,2,110111011100111000000010001000,0.5276923076923077,0.48868896898168784,0.5185000002384186,13,"[0, 1, 3, 4, 5, 7, 8, 9, 12, 13, 14, 22, 26]",13,"[0, 1, 3, 4, 5, 7, 8, 9, 12, 13, 14, 22, 26]",0,[],0.48868896898168784,0.07234119593131341,0.26896318694444676,13.823382197738077,0.47230769230769226,0.008510059171597632,0.092249981959877,0.47230769230769226,0.008510059171597632,0.092249981959877
9,5,3,110100110101010011001011000001,0.5428571428571429,0.5143552712563958,0.4950000047683716,14,"[0, 1, 3, 6, 7, 9, 11, 13, 16, 17, 20, 22, 23, 29]",14,"[0, 1, 3, 6, 7, 9, 11, 13, 16, 17, 20, 22, 23, 29]",0,[],0.5143552712563958,0.07360072167547645,0.27129452938729975,13.586823297864445,0.45714285714285713,0.011720408163265306,0.10826083393021368,0.45714285714285713,0.011720408163265306,0.10826083393021368
9,5,4,001110001001110010101100001011,0.4792857142857143,0.5801426353199142,0.49900001287460327,14,"[2, 3, 4, 8, 11, 12, 13, 16, 18, 20, 21, 26, 28, 29]",14,"[2, 3, 4, 8, 11, 12, 13, 16, 18, 20, 21, 26, 28, 29]",0,[],0.5801426353199142,0.05220323610693546,0.2284802750937933,19.155900564316646,0.5207142857142857,0.012006632653061228,0.10957478109976414,0.5207142857142857,0.012006632653061228,0.10957478109976414
9,5,5,100110100000001010111110001010,0.4930769230769231,0.48755625921946305,0.6004999876022339,13,"[0, 3, 4, 6, 14, 16, 18, 19, 20, 21, 22, 26, 28]",13,"[0, 3, 4, 6, 14, 16, 18, 19, 20, 21, 22, 26, 28]",0,[],0.48755625921946305,0.07849961037261424,0.2801778192016888,12.738916731602847,0.5069230769230769,0.019698224852071008,0.14035036463105827,0.5069230769230769,0.019698224852071008,0.14035036463105827
9,5,6,100100010100001010100100001100,0.526,0.5178177863359451,0.40700000524520874,10,"[0, 3, 7, 9, 14, 16, 18, 21, 26, 27]",10,"[0, 3, 7, 9, 14, 16, 18, 21, 26, 27]",0,[],0.5178177863359451,0.04118555952693211,0.20294225663210733,24.28035484976424,0.47400000000000003,0.021404,0.14630105946301278,0.47400000000000003,0.021404,0.14630105946301278
9,5,7,110100010110000011000111010001,0.5069230769230769,0.5172342431659882,0.4085000157356262,13,"[0, 1, 3, 7, 9, 10, 16, 17, 21, 22, 23, 25, 29]",13,"[0, 1, 3, 7, 9, 10, 16, 17, 21, 22, 23, 25, 29]",0,[],0.5172342431659882,0.06708584241714115,0.2590093481269376,14.906274766320731,0.4930769230769231,0.022159763313609467,0.14886155754125868,0.4930769230769231,0.022159763313609467,0.14886155754125868
9,5,8,100110100000001010001110001011,0.5216666666666667,0.4750298025707404,0.5774999856948853,12,"[0, 3, 4, 6, 14, 16, 20, 21, 22, 26, 28, 29]",12,"[0, 3, 4, 6, 14, 16, 20, 21, 22, 26, 28, 29]",0,[],0.4750298025707404,0.07036907680125043,0.26527170373270204,14.210787542721185,0.4783333333333333,0.016213888888888892,0.12733376963276039,0.4783333333333333,0.016213888888888892,0.12733376963276039
9,5,9,111110101100001010101010000010,0.5414285714285715,0.4484148443277393,0.5760000050067902,14,"[0, 1, 2, 3, 4, 6, 8, 9, 14, 16, 18, 20, 22, 28]",14,"[0, 1, 2, 3, 4, 6, 8, 9, 14, 16, 18, 20, 22, 28]",0,[],0.4484148443277393,0.07342217615405526,0.27096526743118804,13.619863267220362,0.4585714285714285,0.00726938775510204,0.0852607046364387,0.4585714285714285,0.00726938775510204,0.0852607046364387
9,5,10,111010001011010011000110100110,0.498,0.532200072457393,0.5065000057220459,15,"[0, 1, 2, 4, 8, 10, 11, 13, 16, 17, 21, 22, 24, 27, 28]",15,"[0, 1, 2, 4, 8, 10, 11, 13, 16, 17, 21, 22, 24, 27, 28]",0,[],0.532200072457393,0.0778530282889524,0.279021555240724,12.84471551046786,0.502,0.019016,0.1378985134075056,0.502,0.019016,0.1378985134075056
9,5,11,100110001001100010011110001010,0.46461538461538465,0.5313143558227099,0.5679999887943268,13,"[0, 3, 4, 8, 11, 12, 16, 19, 20, 21, 22, 26, 28]",13,"[0, 3, 4, 8, 11, 12, 16, 19, 20, 21, 22, 26, 28]",0,[],0.5313143558227099,0.08930910277860941,0.2988462862051483,11.197066915775935,0.5353846153846153,0.017163313609467455,0.13100883027287685,0.5353846153846153,0.017163313609467455,0.13100883027287685
9,5,12,010000010101001000100101010011,0.4954545454545455,0.5858465571972457,0.44450002908706665,11,"[1, 7, 9, 11, 14, 18, 21, 23, 25, 28, 29]",11,"[1, 7, 9, 11, 14, 18, 21, 23, 25, 28, 29]",0,[],0.5858465571972457,0.04446385632367291,0.21086454496589252,22.490177026494035,0.5045454545454545,0.024170247933884302,0.1554678356892007,0.5045454545454545,0.024170247933884302,0.1554678356892007
9,5,13,111101010000010101111110001011,0.4852941176470589,0.5799501952441299,0.46050000190734863,17,"[0, 1, 2, 3, 5, 7, 13, 15, 17, 18, 19, 20, 21, 22, 26, 28, 29]",17,"[0, 1, 2, 3, 5, 7, 13, 15, 17, 18, 19, 20, 21, 22, 26, 28, 29]",0,[],0.5799501952441299,0.08192326327046755,0.28622240176210445,12.206545004176967,0.5147058823529411,0.015730795847750865,0.12542246946919386,0.5147058823529411,0.015730795847750865,0.12542246946919386
9,5,14,110100110101010001001100000001,0.48583333333333334,0.5636279300476114,0.49699997901916504,12,"[0, 1, 3, 6, 7, 9, 11, 13, 17, 20, 21, 29]",12,"[0, 1, 3, 6, 7, 9, 11, 13, 17, 20, 21, 29]",0,[],0.5636279300476114,0.07247739840495844,0.2692162669768646,13.797404735923667,0.5141666666666667,0.01580763888888889,0.12572843309645154,0.5141666666666667,0.01580763888888889,0.12572843309645154
9,5,15,110100010010000011000111010001,0.4983333333333334,0.5151982062185804,0.4514999985694885,12,"[0, 1, 3, 7, 10, 16, 17, 21, 22, 23, 25, 29]",12,"[0, 1, 3, 7, 10, 16, 17, 21, 22, 23, 25, 29]",0,[],0.5151982062185804,0.0726224384813705,0.26948550699688933,13.769848836135203,0.5016666666666666,0.023047222222222222,0.15181311610734502,0.5016666666666666,0.023047222222222222,0.15181311610734502
9,5,16,110110100010000100111110001010,0.46499999999999997,0.5187044242130858,0.6259999871253967,14,"[0, 1, 3, 4, 6, 10, 15, 18, 19, 20, 21, 22, 26, 28]",14,"[0, 1, 3, 4, 6, 10, 15, 18, 19, 20, 21, 22, 26, 28]",0,[],0.5187044242130858,0.10652472407662616,0.326381255706614,9.38749204626592,0.535,0.01649642857142857,0.12843842326744973,0.535,0.01649642857142857,0.12843842326744973
9,5,17,100110001100000010011110001010,0.4833333333333334,0.49004190787672997,0.5564999878406525,12,"[0, 3, 4, 8, 9, 16, 19, 20, 21, 22, 26, 28]",12,"[0, 3, 4, 8, 9, 16, 19, 20, 21, 22, 26, 28]",0,[],0.49004190787672997,0.0843678487245183,0.2904614410287849,11.852856450864891,0.5166666666666666,0.018805555555555555,0.13713334953816142,0.5166666666666666,0.018805555555555555,0.13713334953816142
9,5,18,101100010100001110100011001100,0.5776923076923077,0.5386824172276717,0.406000018119812,13,"[0, 2, 3, 7, 9, 14, 15, 16, 18, 22, 23, 26, 27]",13,"[0, 2, 3, 7, 9, 14, 15, 16, 18, 22, 23, 26, 27]",0,[],0.5386824172276717,0.056898527415628314,0.23853412212014513,17.575147291515492,0.42230769230769233,0.010463905325443789,0.10229323206079564,0.42230769230769233,0.010463905325443789,0.10229323206079564
9,5,19,100110001111100011011110001010,0.47187500000000004,0.5585387805476785,0.56700000166893,16,"[0, 3, 4, 8, 9, 10, 11, 12, 16, 17, 19, 20, 21, 22, 26, 28]",16,"[0, 3, 4, 8, 9, 10, 11, 12, 16, 17, 19, 20, 21, 22, 26, 28]",0,[],0.5585387805476785,0.0774813164323782,0.2783546594407541,12.906337244189054,0.528125,0.015852734375000004,0.1259076422422404,0.528125,0.015852734375000004,0.1259076422422404
9,5,20,110110100000001010001110101010,0.5284615384615385,0.44047816126392436,0.5834999978542328,13,"[0, 1, 3, 4, 6, 14, 16, 20, 21, 22, 24, 26, 28]",13,"[0, 1, 3, 4, 6, 14, 16, 20, 21, 22, 24, 26, 28]",0,[],0.44047816126392436,0.07859441889645948,0.280346961632295,12.723549763977555,0.47153846153846146,0.021336094674556216,0.14606880116765597,0.47153846153846146,0.021336094674556216,0.14606880116765597
9,5,21,000000011100011001111111111100,0.515,0.5960907572880387,0.3974999785423279,16,"[7, 8, 9, 13, 14, 17, 18, 19, 20, 21, 22, 23, 24, 25, 26, 27]",16,"[7, 8, 9, 13, 14, 17, 18, 19, 20, 21, 22, 23, 24, 25, 26, 27]",0,[],0.5960907572880387,0.03903621382787423,0.19757584322956648,25.617238506003346,0.485,0.0250625,0.15831140198987564,0.485,0.0250625,0.15831140198987564
9,5,22,110111011100111010110110001000,0.5005882352941176,0.511387814712875,0.5300000011920929,17,"[0, 1, 3, 4, 5, 7, 8, 9, 12, 13, 14, 16, 18, 19, 21, 22, 26]",17,"[0, 1, 3, 4, 5, 7, 8, 9, 12, 13, 14, 16, 18, 19, 21, 22, 26]",0,[],0.511387814712875,0.0741913061359417,0.2723808108805422,13.47866821710467,0.4994117647058824,0.018334948096885812,0.1354066028555691,0.4994117647058824,0.018334948096885812,0.1354066028555691
9,5,23,110100110101010011011110001001,0.4881249999999999,0.5430418022442609,0.4869999885559082,16,"[0, 1, 3, 6, 7, 9, 11, 13, 16, 17, 19, 20, 21, 22, 26, 29]",16,"[0, 1, 3, 6, 7, 9, 11, 13, 16, 17, 19, 20, 21, 22, 26, 29]",0,[],0.5430418022442609,0.07947218463433207,0.2819081138142925,12.583018883917768,0.5118750000000001,0.019790234375000004,0.14067776787751504,0.5118750000000001,0.019790234375000004,0.14067776787751504
9,5,24,111101000000010101110110001010,0.4621428571428572,0.5777890088834933,0.5085000097751617,14,"[0, 1, 2, 3, 5, 13, 15, 17, 18, 19, 21, 22, 26, 28]",14,"[0, 1, 2, 3, 5, 13, 15, 17, 18, 19, 21, 22, 26, 28]",0,[],0.5777890088834933,0.08529899786926784,0.29205992171002826,11.723467156468054,0.5378571428571428,0.014888265306122448,0.1220174795106113,0.5378571428571428,0.014888265306122448,0.1220174795106113
9,5,25,010110101100001010101010000001,0.56,0.45829242126395303,0.5439999997615814,12,"[1, 3, 4, 6, 8, 9, 14, 16, 18, 20, 22, 29]",12,"[1, 3, 4, 6, 8, 9, 14, 16, 18, 20, 22, 29]",0,[],0.45829242126395303,0.07042189120241953,0.2653712328087193,14.200129859131678,0.43999999999999995,0.007199999999999999,0.0848528137423857,0.43999999999999995,0.007199999999999999,0.0848528137423857
9,5,26,010100010101001000100101010011,0.4933333333333333,0.6011285760129491,0.4089999794960022,12,"[1, 3, 7, 9, 11, 14, 18, 21, 23, 25, 28, 29]",12,"[1, 3, 7, 9, 11, 14, 18, 21, 23, 25, 28, 29]",0,[],0.6011285760129491,0.0433274760532855,0.20815253073956486,23.08004276016836,0.5066666666666667,0.022205555555555558,0.14901528631504743,0.5066666666666667,0.022205555555555558,0.14901528631504743
9,5,27,010000010110010101011110001111,0.4906666666666667,0.6161423874398072,0.43650001287460327,15,"[1, 7, 9, 10, 13, 15, 17, 19, 20, 21, 22, 26, 27, 28, 29]",15,"[1, 7, 9, 10, 13, 15, 17, 19, 20, 21, 22, 26, 27, 28, 29]",0,[],0.6161423874398072,0.0739612134260099,0.2719581096897276,13.520600240021622,0.5093333333333333,0.019566222222222224,0.1398793130603029,0.5093333333333333,0.019566222222222224,0.1398793130603029
9,5,28,010001010111001000100101010010,0.4833333333333333,0.5845295963808894,0.46399998664855957,12,"[1, 5, 7, 9, 10, 11, 14, 18, 21, 23, 25, 28]",12,"[1, 5, 7, 9, 10, 11, 14, 18, 21, 23, 25, 28]",0,[],0.5845295963808894,0.039356356442267156,0.19838436541791077,25.408856164490874,0.5166666666666667,0.02277222222222222,0.1509046792588693,0.5166666666666667,0.02277222222222222,0.1509046792588693
