round,generation,solution_index,bitstring,objective_1,objective_2,objective_3,num_selected,selected_client_ids,num_available_selected,available_selected_client_ids,num_unavailable_selected,unavailable_selected_client_ids,mean_selected_client_accuracy,selected_client_accuracy_variance,selected_client_accuracy_std,inverse_accuracy_variance,mean_selected_utility,selected_utility_variance,selected_utility_std,mean_available_selected_utility,available_selected_utility_variance,available_selected_utility_std
0,1,0,110001001000101101111011110100,0.3346955852920186,0.12877873011997767,0.7960000038146973,16,"[0, 1, 5, 8, 12, 14, 15, 17, 18, 19, 20, 22, 23, 24, 25, 27]",14,"[0, 1, 5, 8, 12, 14, 15, 17, 18, 19, 20, 23, 25, 27]",2,"[22, 24]",0.13557685539126396,0.017687033589786922,0.13299260727494186,56.538593366918974,0.591439166811067,0.09082097676801168,0.3013651883811594,0.6653044147079814,0.06010636954227844,0.24516600405088476
0,1,1,110110000001101101000001101000,0.41838626888761765,0.11957874911075289,0.7715000063180923,12,"[0, 1, 3, 4, 11, 12, 14, 15, 17, 23, 24, 26]",11,"[0, 1, 3, 4, 11, 12, 14, 15, 17, 23, 26]",1,[24],0.12772979478662214,0.030555440858833296,0.17480114661761603,32.72739557645457,0.5379424835210709,0.0912868282213249,0.30213710169610897,0.5816137311123823,0.07669949639272029,0.2769467392707852
0,1,2,100110100011001111001001000111,0.5165298779511879,0.05565542355179787,0.7979999929666519,15,"[0, 3, 4, 6, 10, 11, 14, 15, 16, 17, 20, 23, 27, 28, 29]",15,"[0, 3, 4, 6, 10, 11, 14, 15, 16, 17, 20, 23, 27, 28, 29]",0,[],0.05565542355179787,0.004819628801098383,0.06942354644570085,207.48485853767454,0.4834701220488121,0.0690821922433214,0.2628349144298021,0.4834701220488121,0.0690821922433214,0.2628349144298021
0,1,3,010110100011000011000000110000,0.4578842826016646,0.08467276663415962,0.8835000023245811,10,"[1, 3, 4, 6, 10, 11, 16, 17, 24, 25]",9,"[1, 3, 4, 6, 10, 11, 16, 17, 25]",1,[24],0.09794461969286203,0.012321896359811398,0.1110040375833753,81.15633915421978,0.4936600216601663,0.08184081004084325,0.28607832850609854,0.5421157173983354,0.06745468888401451,0.2597204052130185
0,1,4,101110100111101000001001101010,0.4558192451339411,0.08527604168137679,0.863999992609024,15,"[0, 2, 3, 4, 6, 9, 10, 11, 12, 14, 20, 23, 24, 26, 28]",13,"[0, 2, 3, 4, 6, 10, 11, 12, 14, 20, 23, 26, 28]",2,"[9, 24]",0.09352686125785112,0.02450170012181235,0.15653018917069111,40.81349437093803,0.48154635000410295,0.08218597268174374,0.2866809597474931,0.5441807548660589,0.06536320065240292,0.2556622785089793
0,1,5,100100110010100000100000010111,0.4833562651655433,0.076017352566123,0.8490000069141388,11,"[0, 3, 6, 7, 10, 12, 18, 25, 27, 28, 29]",10,"[0, 3, 6, 10, 12, 18, 25, 27, 28, 29]",1,[7],0.07752419229258191,0.007506838404954989,0.08664201293226623,133.21187243619588,0.4706613636204422,0.09938741158735373,0.31525769076638516,0.5166437348344567,0.0860679896589915,0.2933734644765806
0,1,6,110000000111101100011001110110,0.3744258294813372,0.09087917394936085,0.8349999934434891,15,"[0, 1, 9, 10, 11, 12, 14, 15, 19, 20, 23, 24, 25, 27, 28]",13,"[0, 1, 10, 11, 12, 14, 15, 19, 20, 23, 25, 27, 28]",2,"[9, 24]",0.09838290922343731,0.014683308773579956,0.12117470352173326,68.10454070129785,0.5520873102363596,0.09491262816249799,0.3080789317082523,0.6255741705186628,0.06896842841715128,0.2626184083744917
0,1,7,100101011110101111011101010101,0.4067730895427344,0.10870059437173255,0.7985000014305115,19,"[0, 3, 5, 7, 8, 9, 10, 12, 14, 15, 16, 17, 19, 20, 21, 23, 25, 27, 29]",17,"[0, 3, 5, 8, 10, 12, 14, 15, 16, 17, 19, 20, 21, 23, 25, 27, 29]",2,"[7, 9]",0.10618030387712152,0.01605342461920266,0.12670210976618607,62.292004585976485,0.5361569371599972,0.09611698918684279,0.31002740070329715,0.5932269104572656,0.07629318838772406,0.27621221621739334
0,2,0,110001001000101101111011110100,0.3346955852920186,0.12877873011997767,0.7960000038146973,16,"[0, 1, 5, 8, 12, 14, 15, 17, 18, 19, 20, 22, 23, 24, 25, 27]",14,"[0, 1, 5, 8, 12, 14, 15, 17, 18, 19, 20, 23, 25, 27]",2,"[22, 24]",0.13557685539126396,0.017687033589786922,0.13299260727494186,56.538593366918974,0.591439166811067,0.09082097676801168,0.3013651883811594,0.6653044147079814,0.06010636954227844,0.24516600405088476
0,2,1,110110000001101101000001101000,0.41838626888761765,0.11957874911075289,0.7715000063180923,12,"[0, 1, 3, 4, 11, 12, 14, 15, 17, 23, 24, 26]",11,"[0, 1, 3, 4, 11, 12, 14, 15, 17, 23, 26]",1,[24],0.12772979478662214,0.030555440858833296,0.17480114661761603,32.72739557645457,0.5379424835210709,0.0912868282213249,0.30213710169610897,0.5816137311123823,0.07669949639272029,0.2769467392707852
0,2,2,110000000111101100011001110110,0.3744258294813372,0.09087917394936085,0.8349999934434891,15,"[0, 1, 9, 10, 11, 12, 14, 15, 19, 20, 23, 24, 25, 27, 28]",13,"[0, 1, 10, 11, 12, 14, 15, 19, 20, 23, 25, 27, 28]",2,"[9, 24]",0.09838290922343731,0.014683308773579956,0.12117470352173326,68.10454070129785,0.5520873102363596,0.09491262816249799,0.3080789317082523,0.6255741705186628,0.06896842841715128,0.2626184083744917
0,2,3,010110101011000101000000110000,0.40603418167154626,0.07643562704324722,0.7970000058412552,11,"[1, 3, 4, 6, 8, 10, 11, 15, 17, 24, 25]",10,"[1, 3, 4, 6, 8, 10, 11, 15, 17, 25]",1,[24],0.08924977887760509,0.011963458463516118,0.10937759580241338,83.58786909735258,0.5452015403001075,0.08368779163903362,0.28928842292603696,0.5939658183284537,0.06589906787505251,0.25670813753181354
0,2,4,001010010100101100000000100000,0.4287616290871712,0.01672073993831873,0.7175000011920929,8,"[2, 4, 7, 9, 12, 14, 15, 24]",5,"[2, 4, 12, 14, 15]",3,"[7, 9, 24]",0.05881383328232914,0.004632807215744748,0.06806472813245307,215.85184822745637,0.3769843678559025,0.09206416471236456,0.3034207717219844,0.5712383709128288,0.04602418432840019,0.21453247849311813
0,2,5,011101011110001011011100000111,0.3801698636883406,0.0898433086151878,0.8205000013113022,17,"[1, 2, 3, 5, 7, 8, 9, 10, 14, 16, 17, 19, 20, 21, 27, 28, 29]",15,"[1, 2, 3, 5, 8, 10, 14, 16, 17, 19, 20, 21, 27, 28, 29]",2,"[7, 9]",0.08924501756315723,0.01500668308273813,0.1225017676718917,66.63697730448368,0.5529162572318426,0.09541546644816205,0.30889394045232105,0.6198301363116594,0.06986332247067402,0.26431670864830703
0,2,6,100001010101010000010010000100,0.30629572254963267,0.2534462145219247,0.9125000014901161,9,"[0, 5, 7, 9, 11, 13, 19, 22, 27]",6,"[0, 5, 11, 13, 19, 27]",3,"[7, 9, 22]",0.2043476804263062,0.024363726323192048,0.15608884112322716,41.04462456746984,0.48395067733525843,0.14522513654968142,0.38108415940534895,0.6937042774503673,0.08512958986453699,0.29176975488308754
0,2,7,010101110001001100011011001111,0.3657378162718523,0.12328020536473819,0.8464999943971634,16,"[1, 3, 5, 6, 7, 11, 14, 15, 19, 20, 22, 23, 26, 27, 28, 29]",14,"[1, 3, 5, 6, 11, 14, 15, 19, 20, 23, 26, 27, 28, 29]",2,"[7, 22]",0.1229657270014286,0.03122969280713918,0.1767192485473475,32.020808087212366,0.5613571454201909,0.09233934747225653,0.30387390061052716,0.6342621837281477,0.06277884422540539,0.2505570678017393
0,2,8,110000000011101010001100100110,0.36631600974609824,0.041257715191353454,0.8540000021457672,12,"[0, 1, 10, 11, 12, 14, 16, 20, 21, 24, 27, 28]",11,"[0, 1, 10, 11, 12, 14, 16, 20, 21, 27, 28]",1,[24],0.05593551369383931,0.004299835573251465,0.06557313148883058,232.56703261418355,0.585673554400797,0.10558875901470673,0.3249442398546353,0.6336839902539018,0.08752771369729172,0.2958508301446723
0,3,0,001010010100101100000000100000,0.4287616290871712,0.01672073993831873,0.7175000011920929,8,"[2, 4, 7, 9, 12, 14, 15, 24]",5,"[2, 4, 12, 14, 15]",3,"[7, 9, 24]",0.05881383328232914,0.004632807215744748,0.06806472813245307,215.85184822745637,0.3769843678559025,0.09206416471236456,0.3034207717219844,0.5712383709128288,0.04602418432840019,0.21453247849311813
0,3,1,001010010100101110000000100000,0.475099562289632,0.016217054954419535,0.742000013589859,9,"[2, 4, 7, 9, 12, 14, 15, 16, 24]",6,"[2, 4, 12, 14, 15, 16]",3,"[7, 9, 24]",0.0538010329215063,0.004319076198099501,0.0657196789257183,231.53099277109868,0.3676761905050316,0.08252795040241952,0.2872767836119367,0.524900437710368,0.04908950720771205,0.22156152014217642
0,3,2,001001011100101100000000100000,0.27715875692516734,0.06666447455063462,0.698500007390976,9,"[2, 5, 7, 8, 9, 12, 14, 15, 24]",6,"[2, 5, 8, 12, 14, 15]",3,"[7, 9, 24]",0.08743264598564969,0.012569060566750207,0.11211182170828465,79.56044086901515,0.49963672741467463,0.12732954677856384,0.35683265934967867,0.7228412430748327,0.04098952606652562,0.20245870212595363
0,3,3,010000000111101100011001100010,0.34078927171753504,0.06380321551114321,0.7715000063180923,12,"[1, 9, 10, 11, 12, 14, 15, 19, 20, 23, 24, 28]",10,"[1, 10, 11, 12, 14, 15, 19, 20, 23, 28]",2,"[9, 24]",0.07769554434344172,0.013725716006074425,0.11715680093820599,72.85594424053667,0.5617460599689523,0.09236304355765003,0.3039128881071845,0.659210728282465,0.053782604233921304,0.23191076782659598
0,3,4,000000010100101100000110100110,0.32347879680156544,0.030519384580353897,0.8020000010728836,10,"[7, 9, 12, 14, 15, 21, 22, 24, 27, 28]",6,"[12, 14, 15, 21, 27, 28]",4,"[7, 9, 22, 24]",0.0718959441408515,0.004160386398519367,0.06450105734419682,240.36228951135124,0.43100164105223737,0.12010906004640284,0.34656754038196197,0.6765212031984346,0.048757806660442195,0.22081169955516894
0,4,0,001010010100101100000000100000,0.4287616290871712,0.01672073993831873,0.7175000011920929,8,"[2, 4, 7, 9, 12, 14, 15, 24]",5,"[2, 4, 12, 14, 15]",3,"[7, 9, 24]",0.05881383328232914,0.004632807215744748,0.06806472813245307,215.85184822745637,0.3769843678559025,0.09206416471236456,0.3034207717219844,0.5712383709128288,0.04602418432840019,0.21453247849311813
0,4,1,001010010100101110000000100000,0.475099562289632,0.016217054954419535,0.742000013589859,9,"[2, 4, 7, 9, 12, 14, 15, 16, 24]",6,"[2, 4, 12, 14, 15, 16]",3,"[7, 9, 24]",0.0538010329215063,0.004319076198099501,0.0657196789257183,231.53099277109868,0.3676761905050316,0.08252795040241952,0.2872767836119367,0.524900437710368,0.04908950720771205,0.22156152014217642
0,4,2,001001011100101100000000100000,0.27715875692516734,0.06666447455063462,0.698500007390976,9,"[2, 5, 7, 8, 9, 12, 14, 15, 24]",6,"[2, 5, 8, 12, 14, 15]",3,"[7, 9, 24]",0.08743264598564969,0.012569060566750207,0.11211182170828465,79.56044086901515,0.49963672741467463,0.12732954677856384,0.35683265934967867,0.7228412430748327,0.04098952606652562,0.20245870212595363
0,4,3,010000000111101100011001100010,0.34078927171753504,0.06380321551114321,0.7715000063180923,12,"[1, 9, 10, 11, 12, 14, 15, 19, 20, 23, 24, 28]",10,"[1, 10, 11, 12, 14, 15, 19, 20, 23, 28]",2,"[9, 24]",0.07769554434344172,0.013725716006074425,0.11715680093820599,72.85594424053667,0.5617460599689523,0.09236304355765003,0.3039128881071845,0.659210728282465,0.053782604233921304,0.23191076782659598
0,4,4,000000010100101100000110100110,0.32347879680156544,0.030519384580353897,0.8020000010728836,10,"[7, 9, 12, 14, 15, 21, 22, 24, 27, 28]",6,"[12, 14, 15, 21, 27, 28]",4,"[7, 9, 22, 24]",0.0718959441408515,0.004160386398519367,0.06450105734419682,240.36228951135124,0.43100164105223737,0.12010906004640284,0.34656754038196197,0.6765212031984346,0.048757806660442195,0.22081169955516894
0,4,5,110001001100001100000000100000,0.3521892142368196,0.09666358431180318,0.6780000030994415,8,"[0, 1, 5, 8, 9, 14, 15, 24]",6,"[0, 1, 5, 8, 14, 15]",2,"[9, 24]",0.10928698536008596,0.013443118304123687,0.1159444621537557,74.38750276364445,0.5044637689227325,0.1278766276891165,0.3575984167877656,0.6478107857631804,0.08821390360646529,0.2970082551150141
0,4,6,000000010100101100000110000110,0.32347879680156544,0.030519384580353897,0.8020000010728836,9,"[7, 9, 12, 14, 15, 21, 22, 27, 28]",6,"[12, 14, 15, 21, 27, 28]",3,"[7, 9, 22]",0.05572979379859236,0.002009207385025154,0.04482418303801146,497.7087021743555,0.47249529450063654,0.11623727839771128,0.34093588605148517,0.6765212031984346,0.048757806660442195,0.22081169955516894
0,4,7,000000010100101110100110100110,0.3718929441292862,0.03614032897166908,0.7785000056028366,12,"[7, 9, 12, 14, 15, 16, 18, 21, 22, 24, 27, 28]",8,"[12, 14, 15, 16, 18, 21, 27, 28]",4,"[7, 9, 22, 24]",0.06874714714164536,0.0037740376522172447,0.06143319666285684,264.96820968717697,0.4396454698581231,0.10645922556366881,0.32628089978371216,0.6281070558707138,0.052592288944051116,0.22933008730659638
0,4,8,010010010100101100001001100010,0.3886991562779547,0.02466646023094654,0.7339999973773956,11,"[1, 4, 7, 9, 12, 14, 15, 20, 23, 24, 28]",8,"[1, 4, 12, 14, 15, 20, 23, 28]",3,"[7, 9, 24]",0.053112604401328346,0.003685414680193399,0.060707616327717887,271.33988622076123,0.4590990761872216,0.10077012753992384,0.3174431091391398,0.6113008437220453,0.05321118588369161,0.2306754990970901
0,4,9,010000010111101100011001100010,0.34078927171753504,0.06380321551114321,0.7715000063180923,13,"[1, 7, 9, 10, 11, 12, 14, 15, 19, 20, 23, 24, 28]",10,"[1, 10, 11, 12, 14, 15, 19, 20, 23, 28]",3,"[7, 9, 24]",0.07884147089834397,0.012685649469945614,0.11263058851815351,78.82923159505268,0.5193684900852097,0.10680849520423331,0.32681568996030974,0.659210728282465,0.053782604233921304,0.23191076782659598
0,5,0,001010010100101100000000100000,0.4287616290871712,0.01672073993831873,0.7175000011920929,8,"[2, 4, 7, 9, 12, 14, 15, 24]",5,"[2, 4, 12, 14, 15]",3,"[7, 9, 24]",0.05881383328232914,0.004632807215744748,0.06806472813245307,215.85184822745637,0.3769843678559025,0.09206416471236456,0.3034207717219844,0.5712383709128288,0.04602418432840019,0.21453247849311813
0,5,1,001010010100101110000000100000,0.475099562289632,0.016217054954419535,0.742000013589859,9,"[2, 4, 7, 9, 12, 14, 15, 16, 24]",6,"[2, 4, 12, 14, 15, 16]",3,"[7, 9, 24]",0.0538010329215063,0.004319076198099501,0.0657196789257183,231.53099277109868,0.3676761905050316,0.08252795040241952,0.2872767836119367,0.524900437710368,0.04908950720771205,0.22156152014217642
0,5,2,001001011100101100000000100000,0.27715875692516734,0.06666447455063462,0.698500007390976,9,"[2, 5, 7, 8, 9, 12, 14, 15, 24]",6,"[2, 5, 8, 12, 14, 15]",3,"[7, 9, 24]",0.08743264598564969,0.012569060566750207,0.11211182170828465,79.56044086901515,0.49963672741467463,0.12732954677856384,0.35683265934967867,0.7228412430748327,0.04098952606652562,0.20245870212595363
0,5,3,010000000111101100011001100010,0.34078927171753504,0.06380321551114321,0.7715000063180923,12,"[1, 9, 10, 11, 12, 14, 15, 19, 20, 23, 24, 28]",10,"[1, 10, 11, 12, 14, 15, 19, 20, 23, 28]",2,"[9, 24]",0.07769554434344172,0.013725716006074425,0.11715680093820599,72.85594424053667,0.5617460599689523,0.09236304355765003,0.3039128881071845,0.659210728282465,0.053782604233921304,0.23191076782659598
0,5,4,000000010100101100000110100110,0.32347879680156544,0.030519384580353897,0.8020000010728836,10,"[7, 9, 12, 14, 15, 21, 22, 24, 27, 28]",6,"[12, 14, 15, 21, 27, 28]",4,"[7, 9, 22, 24]",0.0718959441408515,0.004160386398519367,0.06450105734419682,240.36228951135124,0.43100164105223737,0.12010906004640284,0.34656754038196197,0.6765212031984346,0.048757806660442195,0.22081169955516894
0,5,5,000000010100101100000110000110,0.32347879680156544,0.030519384580353897,0.8020000010728836,9,"[7, 9, 12, 14, 15, 21, 22, 27, 28]",6,"[12, 14, 15, 21, 27, 28]",3,"[7, 9, 22]",0.05572979379859236,0.002009207385025154,0.04482418303801146,497.7087021743555,0.47249529450063654,0.11623727839771128,0.34093588605148517,0.6765212031984346,0.048757806660442195,0.22081169955516894
0,5,6,010010010100101100001001100010,0.3886991562779547,0.02466646023094654,0.7339999973773956,11,"[1, 4, 7, 9, 12, 14, 15, 20, 23, 24, 28]",8,"[1, 4, 12, 14, 15, 20, 23, 28]",3,"[7, 9, 24]",0.053112604401328346,0.003685414680193399,0.060707616327717887,271.33988622076123,0.4590990761872216,0.10077012753992384,0.3174431091391398,0.6113008437220453,0.05321118588369161,0.2306754990970901
0,5,7,010000010111101100011001100010,0.34078927171753504,0.06380321551114321,0.7715000063180923,13,"[1, 7, 9, 10, 11, 12, 14, 15, 19, 20, 23, 24, 28]",10,"[1, 10, 11, 12, 14, 15, 19, 20, 23, 28]",3,"[7, 9, 24]",0.07884147089834397,0.012685649469945614,0.11263058851815351,78.82923159505268,0.5193684900852097,0.10680849520423331,0.32681568996030974,0.659210728282465,0.053782604233921304,0.23191076782659598
0,5,8,000000000101010000000010000100,0.1962653206892031,0.19576934600869814,0.9125000014901161,5,"[9, 11, 13, 22, 27]",3,"[11, 13, 27]",2,"[9, 22]",0.1626334570348263,0.026443105214692574,0.16261336111984334,37.81704122420427,0.5187393635534429,0.1381333285902298,0.3716629233461818,0.8037346793107969,0.027166388225943736,0.16482229286702613
0,5,9,001001010101010000010010100000,0.26467000288883435,0.2587039018049836,0.8174999952316284,9,"[2, 5, 7, 9, 11, 13, 19, 22, 24]",5,"[2, 5, 11, 13, 19]",4,"[7, 9, 22, 24]",0.20326251588347885,0.026330136025157557,0.16226563414709091,37.97929486746797,0.4363932418763994,0.12898763556627324,0.3591484867937957,0.7353299971111656,0.030241394940244148,0.1739005317422697
0,5,10,011100011100101100011001100111,0.3411850236658308,0.0549531364813447,0.7985000014305115,16,"[1, 2, 3, 7, 8, 9, 12, 14, 15, 19, 20, 23, 24, 27, 28, 29]",13,"[1, 2, 3, 8, 12, 14, 15, 19, 20, 23, 27, 28, 29]",3,"[7, 9, 24]",0.06883110880153254,0.010838603195293044,0.10410861249336216,92.26281117425509,0.5452673612892046,0.1058304107425551,0.3253158630355352,0.6588149763341692,0.06123873261739559,0.2474646088178986
0,5,11,001001001100001100000000100000,0.322711937697712,0.07999736946076155,0.6624999940395355,7,"[2, 5, 8, 9, 14, 15, 24]",5,"[2, 5, 8, 14, 15]",2,"[9, 24]",0.09918588918766805,0.01492621163123973,0.12217287600461786,66.99623619881254,0.5050408211877453,0.10049466221165339,0.3170089308074039,0.677288062302288,0.036736877608853954,0.19166866621556575
0,5,12,000001011011010000010010000100,0.24517179858915017,0.19854318403771945,0.8935000002384186,9,"[5, 7, 8, 10, 11, 13, 19, 22, 27]",7,"[5, 8, 10, 11, 13, 19, 27]",2,"[7, 22]",0.18125900502006212,0.029424965497248545,0.1715370674147385,33.984746731258106,0.598426796044993,0.1216198680508975,0.3487404020914375,0.7548282014108498,0.04583074014875036,0.21408115318437157
0,5,13,001010001111101100000000100000,0.37113132054692166,0.021010245312936604,0.7590000033378601,10,"[2, 4, 8, 9, 10, 11, 12, 14, 15, 24]",8,"[2, 4, 8, 10, 11, 12, 14, 15]",2,"[9, 24]",0.046239633951336144,0.0037551927770021025,0.06127962774856015,266.2979131522334,0.5179794872427406,0.10146015434410191,0.3185281060504738,0.6288686794530783,0.06527202991172047,0.2554839132151386
0,5,14,000000010100101000000110100110,0.2778636605575425,0.036623261496424676,0.8149999976158142,9,"[7, 9, 12, 14, 21, 22, 24, 27, 28]",5,"[12, 14, 21, 27, 28]",4,"[7, 9, 22, 24]",0.07988438237872389,0.003984500099107391,0.06312289678957542,250.97251226672586,0.4290634320604504,0.1334169446217114,0.36526284319885505,0.7221363394424575,0.04602492406516597,0.2145342025532665
1,1,0,110001001000101101111011110100,0.36812500000000004,0.18156450235983357,0.7905000001192093,16,"[0, 1, 5, 8, 12, 14, 15, 17, 18, 19, 20, 22, 23, 24, 25, 27]",16,"[0, 1, 5, 8, 12, 14, 15, 17, 18, 19, 20, 22, 23, 24, 25, 27]",0,[],0.18156450235983357,0.017769416519602413,0.13330197492761467,56.27646799189188,0.631875,0.086815234375,0.2946442505378308,0.631875,0.086815234375,0.2946442505378308
1,1,1,100110100011001111001001000111,0.4866666666666667,0.10678000325957934,0.7820000052452087,15,"[0, 3, 4, 6, 10, 11, 14, 15, 16, 17, 20, 23, 27, 28, 29]",15,"[0, 3, 4, 6, 10, 11, 14, 15, 16, 17, 20, 23, 27, 28, 29]",0,[],0.10678000325957934,0.010068098027182702,0.10033991243360092,99.32362570369453,0.5133333333333333,0.05444888888888889,0.2333428569485016,0.5133333333333333,0.05444888888888889,0.2333428569485016
1,1,2,010110100011000011000000110000,0.471,0.12064702734351158,0.8964999988675117,10,"[1, 3, 4, 6, 10, 11, 16, 17, 24, 25]",10,"[1, 3, 4, 6, 10, 11, 16, 17, 24, 25]",0,[],0.12064702734351158,0.012397711815753183,0.11134501253200874,80.6600455681949,0.529,0.070049,0.2646677162027889,0.529,0.070049,0.2646677162027889
1,1,3,100100110010100000100000010111,0.44799999999999995,0.1335147213190794,0.8509999960660934,11,"[0, 3, 6, 7, 10, 12, 18, 25, 27, 28, 29]",10,"[0, 3, 6, 10, 12, 18, 25, 27, 28, 29]",1,[7],0.137370285324075,0.01351414767473187,0.11625036634235554,73.9965274961257,0.5072727272727273,0.09016528925619836,0.30027535572570446,0.552,0.077176,0.27780568748677553
1,1,4,101100100000101011111000010100,0.37076923076923074,0.18107234514676607,0.898999996483326,13,"[0, 2, 3, 6, 12, 14, 16, 17, 18, 19, 20, 25, 27]",13,"[0, 2, 3, 6, 12, 14, 16, 17, 18, 19, 20, 25, 27]",0,[],0.18107234514676607,0.02475928274196871,0.15735082695038088,40.38889213478427,0.6292307692307693,0.05596094674556214,0.2365606618725145,0.6292307692307693,0.05596094674556214,0.2365606618725145
1,1,5,111111101011110101010101000011,0.3905263157894736,0.17892312586895728,0.8739999979734421,19,"[0, 1, 2, 3, 4, 5, 6, 8, 10, 11, 12, 13, 15, 17, 19, 21, 23, 28, 29]",19,"[0, 1, 2, 3, 4, 5, 6, 8, 10, 11, 12, 13, 15, 17, 19, 21, 23, 28, 29]",0,[],0.17892312586895728,0.03846471323516123,0.19612422908748736,25.997854030168188,0.6094736842105264,0.07424709141274238,0.2724831947345421,0.6094736842105264,0.07424709141274238,0.2724831947345421
1,1,6,011101010000000111110100000111,0.3630769230769231,0.20778261612241083,0.8525000065565109,14,"[1, 2, 3, 5, 7, 15, 16, 17, 18, 19, 21, 27, 28, 29]",13,"[1, 2, 3, 5, 15, 16, 17, 18, 19, 21, 27, 28, 29]",1,[7],0.2055071382118123,0.019990218440014074,0.14138676897084138,50.02446586568145,0.5957142857142858,0.07966734693877552,0.2822540468067296,0.6369230769230769,0.06202130177514791,0.2490407632801263
1,1,7,100101011110101111011101010101,0.3927777777777779,0.1553193940781057,0.7989999949932098,19,"[0, 3, 5, 7, 8, 9, 10, 12, 14, 15, 16, 17, 19, 20, 21, 23, 25, 27, 29]",18,"[0, 3, 5, 8, 9, 10, 12, 14, 15, 16, 17, 19, 20, 21, 23, 25, 27, 29]",1,[7],0.1564039483568386,0.018734527351466218,0.13687412959162962,53.37738077079042,0.578421052631579,0.09223434903047091,0.3037010850004835,0.6072222222222221,0.08159783950617285,0.2856533554960852
1,2,0,110001001000101101111011110100,0.36812500000000004,0.18156450235983357,0.7905000001192093,16,"[0, 1, 5, 8, 12, 14, 15, 17, 18, 19, 20, 22, 23, 24, 25, 27]",16,"[0, 1, 5, 8, 12, 14, 15, 17, 18, 19, 20, 22, 23, 24, 25, 27]",0,[],0.18156450235983357,0.017769416519602413,0.13330197492761467,56.27646799189188,0.631875,0.086815234375,0.2946442505378308,0.631875,0.086815234375,0.2946442505378308
1,2,1,100110100011001111001001000111,0.4866666666666667,0.10678000325957934,0.7820000052452087,15,"[0, 3, 4, 6, 10, 11, 14, 15, 16, 17, 20, 23, 27, 28, 29]",15,"[0, 3, 4, 6, 10, 11, 14, 15, 16, 17, 20, 23, 27, 28, 29]",0,[],0.10678000325957934,0.010068098027182702,0.10033991243360092,99.32362570369453,0.5133333333333333,0.05444888888888889,0.2333428569485016,0.5133333333333333,0.05444888888888889,0.2333428569485016
1,2,2,010110100011000011000000110000,0.471,0.12064702734351158,0.8964999988675117,10,"[1, 3, 4, 6, 10, 11, 16, 17, 24, 25]",10,"[1, 3, 4, 6, 10, 11, 16, 17, 24, 25]",0,[],0.12064702734351158,0.012397711815753183,0.11134501253200874,80.6600455681949,0.529,0.070049,0.2646677162027889,0.529,0.070049,0.2646677162027889
1,2,3,100101011110101111011101010101,0.3927777777777779,0.1553193940781057,0.7989999949932098,19,"[0, 3, 5, 7, 8, 9, 10, 12, 14, 15, 16, 17, 19, 20, 21, 23, 25, 27, 29]",18,"[0, 3, 5, 8, 9, 10, 12, 14, 15, 16, 17, 19, 20, 21, 23, 25, 27, 29]",1,[7],0.1564039483568386,0.018734527351466218,0.13687412959162962,53.37738077079042,0.578421052631579,0.09223434903047091,0.3037010850004835,0.6072222222222221,0.08159783950617285,0.2856533554960852
1,2,4,100100100010100110100000010111,0.47,0.1274951444938779,0.8055000007152557,12,"[0, 3, 6, 10, 12, 15, 16, 18, 25, 27, 28, 29]",12,"[0, 3, 6, 10, 12, 15, 16, 18, 25, 27, 28, 29]",0,[],0.1274951444938779,0.012735378213632643,0.11285113297451932,78.52142144703214,0.53,0.06780000000000001,0.2603843313258308,0.53,0.06780000000000001,0.2603843313258308
1,2,5,101011001010011010001100100101,0.4571428571428572,0.19825827776055252,0.7470000088214874,14,"[0, 2, 4, 5, 8, 10, 13, 14, 16, 20, 21, 24, 27, 29]",14,"[0, 2, 4, 5, 8, 10, 13, 14, 16, 20, 21, 24, 27, 29]",0,[],0.19825827776055252,0.03738487767734788,0.1933516942706939,26.748783522325567,0.5428571428571428,0.08453469387755101,0.29074850623442766,0.5428571428571428,0.08453469387755101,0.29074850623442766
1,2,6,100001011011101010100100010101,0.3523076923076923,0.1307357414267384,0.8065000027418137,14,"[0, 5, 7, 8, 10, 11, 12, 14, 16, 18, 21, 25, 27, 29]",13,"[0, 5, 8, 10, 11, 12, 14, 16, 18, 21, 25, 27, 29]",1,[7],0.1339636117086879,0.012879919477966961,0.11348973291874011,77.64023693709035,0.6057142857142856,0.09915306122448977,0.3148857907630793,0.6476923076923077,0.08211005917159762,0.28654852847571494
1,2,7,011101010000001100011000000111,0.3163636363636363,0.218287412754514,0.7314999997615814,12,"[1, 2, 3, 5, 7, 14, 15, 19, 20, 27, 28, 29]",11,"[1, 2, 3, 5, 14, 15, 19, 20, 27, 28, 29]",1,[7],0.21475728880614042,0.022121737229990075,0.14873377972064744,45.20440639916455,0.6316666666666667,0.08163055555555555,0.28571061505578604,0.6836363636363637,0.056641322314049586,0.23799437454286515
1,2,8,101011001110010010000011000011,0.5723076923076924,0.20471562294719312,0.7339999973773956,13,"[0, 2, 4, 5, 8, 9, 10, 13, 16, 22, 23, 28, 29]",13,"[0, 2, 4, 5, 8, 9, 10, 13, 16, 22, 23, 28, 29]",0,[],0.20471562294719312,0.04050090352463738,0.2012483627874706,24.690807191293477,0.42769230769230765,0.0701715976331361,0.26489922165445506,0.42769230769230765,0.0701715976331361,0.26489922165445506
1,2,9,100110100011001111001001010101,0.4733333333333334,0.11009675338864326,0.7929999977350235,15,"[0, 3, 4, 6, 10, 11, 14, 15, 16, 17, 20, 23, 25, 27, 29]",15,"[0, 3, 4, 6, 10, 11, 14, 15, 16, 17, 20, 23, 25, 27, 29]",0,[],0.11009675338864326,0.011394926363906247,0.10674702039825865,87.75835561057494,0.5266666666666666,0.053915555555555564,0.232197234168617,0.5266666666666666,0.053915555555555564,0.232197234168617
1,3,0,100001011011101010100100010101,0.3523076923076923,0.1307357414267384,0.8065000027418137,14,"[0, 5, 7, 8, 10, 11, 12, 14, 16, 18, 21, 25, 27, 29]",13,"[0, 5, 8, 10, 11, 12, 14, 16, 18, 21, 25, 27, 29]",1,[7],0.1339636117086879,0.012879919477966961,0.11348973291874011,77.64023693709035,0.6057142857142856,0.09915306122448977,0.3148857907630793,0.6476923076923077,0.08211005917159762,0.28654852847571494
1,3,1,011101010000001100011000000111,0.3163636363636363,0.218287412754514,0.7314999997615814,12,"[1, 2, 3, 5, 7, 14, 15, 19, 20, 27, 28, 29]",11,"[1, 2, 3, 5, 14, 15, 19, 20, 27, 28, 29]",1,[7],0.21475728880614042,0.022121737229990075,0.14873377972064744,45.20440639916455,0.6316666666666667,0.08163055555555555,0.28571061505578604,0.6836363636363637,0.056641322314049586,0.23799437454286515
1,3,2,101011001110010010000011000011,0.5723076923076924,0.20471562294719312,0.7339999973773956,13,"[0, 2, 4, 5, 8, 9, 10, 13, 16, 22, 23, 28, 29]",13,"[0, 2, 4, 5, 8, 9, 10, 13, 16, 22, 23, 28, 29]",0,[],0.20471562294719312,0.04050090352463738,0.2012483627874706,24.690807191293477,0.42769230769230765,0.0701715976331361,0.26489922165445506,0.42769230769230765,0.0701715976331361,0.26489922165445506
1,3,3,110110010001101101000100000110,0.35083333333333333,0.14591014633576074,0.8595000058412552,13,"[0, 1, 3, 4, 7, 11, 12, 14, 15, 17, 21, 27, 28]",12,"[0, 1, 3, 4, 11, 12, 14, 15, 17, 21, 27, 28]",1,[7],0.1482190524156277,0.007744691736348189,0.08800393023239467,129.1206976394808,0.6038461538461538,0.08990059171597634,0.2998342737513114,0.6491666666666667,0.07069097222222222,0.2658777392378351
1,3,4,101100100000101000111000010100,0.3218181818181818,0.1878011484037746,0.9010000005364418,11,"[0, 2, 3, 6, 12, 14, 18, 19, 20, 25, 27]",11,"[0, 2, 3, 6, 12, 14, 18, 19, 20, 25, 27]",0,[],0.1878011484037746,0.027517757349183637,0.16588477129979,36.340170723602476,0.6781818181818182,0.050487603305785125,0.2246944665669031,0.6781818181818182,0.050487603305785125,0.2246944665669031
1,3,5,010000001000101101111011110000,0.36769230769230765,0.16080439312813374,0.7405000030994415,13,"[1, 8, 12, 14, 15, 17, 18, 19, 20, 22, 23, 24, 25]",13,"[1, 8, 12, 14, 15, 17, 18, 19, 20, 22, 23, 24, 25]",0,[],0.16080439312813374,0.018340897051536006,0.13542856807755152,54.52296020146149,0.6323076923076923,0.0792792899408284,0.28156578261718596,0.6323076923076923,0.0792792899408284,0.28156578261718596
1,3,6,110110001000101101111011110100,0.38764705882352946,0.1593625168042148,0.801499992609024,17,"[0, 1, 3, 4, 8, 12, 14, 15, 17, 18, 19, 20, 22, 23, 24, 25, 27]",17,"[0, 1, 3, 4, 8, 12, 14, 15, 17, 18, 19, 20, 22, 23, 24, 25, 27]",0,[],0.1593625168042148,0.016419894848642855,0.12814013753950343,60.90172983553865,0.6123529411764705,0.08302975778546713,0.2881488465801436,0.6123529411764705,0.08302975778546713,0.2881488465801436
1,3,7,100110100011001110000001000111,0.5015384615384615,0.10292797564313962,0.7800000011920929,13,"[0, 3, 4, 6, 10, 11, 14, 15, 16, 23, 27, 28, 29]",13,"[0, 3, 4, 6, 10, 11, 14, 15, 16, 23, 27, 28, 29]",0,[],0.10292797564313962,0.009920315540863818,0.09960078082456893,100.80324520735198,0.4984615384615385,0.0530284023668639,0.2302789664013279,0.4984615384615385,0.0530284023668639,0.2302789664013279
1,3,8,100110110001001000001001000111,0.44454545454545447,0.1032792902128263,0.7504999935626984,12,"[0, 3, 4, 6, 7, 11, 14, 20, 23, 27, 28, 29]",11,"[0, 3, 4, 6, 11, 14, 20, 23, 27, 28, 29]",1,[7],0.10933317647626002,0.010925240141957573,0.10452387355029268,91.53116883532603,0.5141666666666667,0.07947430555555555,0.28191187551352914,0.5554545454545455,0.06624297520661158,0.25737710699790606
1,3,9,100101011110101110011101000111,0.39117647058823535,0.14780379453783526,0.7939999997615814,18,"[0, 3, 5, 7, 8, 9, 10, 12, 14, 15, 16, 19, 20, 21, 23, 27, 28, 29]",17,"[0, 3, 5, 8, 9, 10, 12, 14, 15, 16, 19, 20, 21, 23, 27, 28, 29]",1,[7],0.14936613513984615,0.018556477991744865,0.136222164098743,53.88953660521492,0.5783333333333334,0.09691388888888888,0.31130995629579356,0.6088235294117647,0.08588096885813147,0.2930545492875541
1,4,0,100001011011101010100100010101,0.3523076923076923,0.1307357414267384,0.8065000027418137,14,"[0, 5, 7, 8, 10, 11, 12, 14, 16, 18, 21, 25, 27, 29]",13,"[0, 5, 8, 10, 11, 12, 14, 16, 18, 21, 25, 27, 29]",1,[7],0.1339636117086879,0.012879919477966961,0.11348973291874011,77.64023693709035,0.6057142857142856,0.09915306122448977,0.3148857907630793,0.6476923076923077,0.08211005917159762,0.28654852847571494
1,4,1,011101010000001100011000000111,0.3163636363636363,0.218287412754514,0.7314999997615814,12,"[1, 2, 3, 5, 7, 14, 15, 19, 20, 27, 28, 29]",11,"[1, 2, 3, 5, 14, 15, 19, 20, 27, 28, 29]",1,[7],0.21475728880614042,0.022121737229990075,0.14873377972064744,45.20440639916455,0.6316666666666667,0.08163055555555555,0.28571061505578604,0.6836363636363637,0.056641322314049586,0.23799437454286515
1,4,2,010000001000101101111011110000,0.36769230769230765,0.16080439312813374,0.7405000030994415,13,"[1, 8, 12, 14, 15, 17, 18, 19, 20, 22, 23, 24, 25]",13,"[1, 8, 12, 14, 15, 17, 18, 19, 20, 22, 23, 24, 25]",0,[],0.16080439312813374,0.018340897051536006,0.13542856807755152,54.52296020146149,0.6323076923076923,0.0792792899408284,0.28156578261718596,0.6323076923076923,0.0792792899408284,0.28156578261718596
1,4,3,100110100011001110000001000111,0.5015384615384615,0.10292797564313962,0.7800000011920929,13,"[0, 3, 4, 6, 10, 11, 14, 15, 16, 23, 27, 28, 29]",13,"[0, 3, 4, 6, 10, 11, 14, 15, 16, 23, 27, 28, 29]",0,[],0.10292797564313962,0.009920315540863818,0.09960078082456893,100.80324520735198,0.4984615384615385,0.0530284023668639,0.2302789664013279,0.4984615384615385,0.0530284023668639,0.2302789664013279
1,4,4,100110110001001000001001000111,0.44454545454545447,0.1032792902128263,0.7504999935626984,12,"[0, 3, 4, 6, 7, 11, 14, 20, 23, 27, 28, 29]",11,"[0, 3, 4, 6, 11, 14, 20, 23, 27, 28, 29]",1,[7],0.10933317647626002,0.010925240141957573,0.10452387355029268,91.53116883532603,0.5141666666666667,0.07947430555555555,0.28191187551352914,0.5554545454545455,0.06624297520661158,0.25737710699790606
1,4,5,011101000011101100101001000111,0.32000000000000006,0.13890672102570534,0.7730000019073486,15,"[1, 2, 3, 5, 10, 11, 12, 14, 15, 18, 20, 23, 27, 28, 29]",15,"[1, 2, 3, 5, 10, 11, 12, 14, 15, 18, 20, 23, 27, 28, 29]",0,[],0.13890672102570534,0.017415341277885844,0.13196719773445917,57.42063758864197,0.6799999999999999,0.05715999999999998,0.23908157603629768,0.6799999999999999,0.05715999999999998,0.23908157603629768
1,4,6,100100001011001011001101000111,0.41500000000000004,0.1028077061554151,0.8005000054836273,14,"[0, 3, 8, 10, 11, 14, 16, 17, 20, 21, 23, 27, 28, 29]",14,"[0, 3, 8, 10, 11, 14, 16, 17, 20, 21, 23, 27, 28, 29]",0,[],0.1028077061554151,0.010525869350802103,0.1025956595124867,95.00402927989953,0.585,0.07321071428571425,0.2705747850146319,0.585,0.07321071428571425,0.2705747850146319
1,4,7,010010001000101101111000110000,0.3408333333333333,0.1729045236327996,0.7504999935626984,12,"[1, 4, 8, 12, 14, 15, 17, 18, 19, 20, 24, 25]",12,"[1, 4, 8, 12, 14, 15, 17, 18, 19, 20, 24, 25]",0,[],0.1729045236327996,0.01761920457359929,0.13273735184038926,56.75625115894309,0.6591666666666667,0.06999097222222223,0.26455806965999396,0.6591666666666667,0.06999097222222223,0.26455806965999396
1,4,8,100110101100001111001001001001,0.5085714285714286,0.13395436021632381,0.7039999961853027,14,"[0, 3, 4, 6, 8, 9, 14, 15, 16, 17, 20, 23, 26, 29]",14,"[0, 3, 4, 6, 8, 9, 14, 15, 16, 17, 20, 23, 26, 29]",0,[],0.13395436021632381,0.025109478950711337,0.15845970765690354,39.82559741534065,0.49142857142857144,0.06615510204081632,0.2572063413697577,0.49142857142857144,0.06615510204081632,0.2572063413697577
1,5,0,010000001000101101111011110000,0.36769230769230765,0.16080439312813374,0.7405000030994415,13,"[1, 8, 12, 14, 15, 17, 18, 19, 20, 22, 23, 24, 25]",13,"[1, 8, 12, 14, 15, 17, 18, 19, 20, 22, 23, 24, 25]",0,[],0.16080439312813374,0.018340897051536006,0.13542856807755152,54.52296020146149,0.6323076923076923,0.0792792899408284,0.28156578261718596,0.6323076923076923,0.0792792899408284,0.28156578261718596
1,5,1,100110100011001110000001000111,0.5015384615384615,0.10292797564313962,0.7800000011920929,13,"[0, 3, 4, 6, 10, 11, 14, 15, 16, 23, 27, 28, 29]",13,"[0, 3, 4, 6, 10, 11, 14, 15, 16, 23, 27, 28, 29]",0,[],0.10292797564313962,0.009920315540863818,0.09960078082456893,100.80324520735198,0.4984615384615385,0.0530284023668639,0.2302789664013279,0.4984615384615385,0.0530284023668639,0.2302789664013279
1,5,2,100110110001001000001001000111,0.44454545454545447,0.1032792902128263,0.7504999935626984,12,"[0, 3, 4, 6, 7, 11, 14, 20, 23, 27, 28, 29]",11,"[0, 3, 4, 6, 11, 14, 20, 23, 27, 28, 29]",1,[7],0.10933317647626002,0.010925240141957573,0.10452387355029268,91.53116883532603,0.5141666666666667,0.07947430555555555,0.28191187551352914,0.5554545454545455,0.06624297520661158,0.25737710699790606
1,5,3,100100001011001011001101000111,0.41500000000000004,0.1028077061554151,0.8005000054836273,14,"[0, 3, 8, 10, 11, 14, 16, 17, 20, 21, 23, 27, 28, 29]",14,"[0, 3, 8, 10, 11, 14, 16, 17, 20, 21, 23, 27, 28, 29]",0,[],0.1028077061554151,0.010525869350802103,0.1025956595124867,95.00402927989953,0.585,0.07321071428571425,0.2705747850146319,0.585,0.07321071428571425,0.2705747850146319
1,5,4,010010001000101101111000110000,0.3408333333333333,0.1729045236327996,0.7504999935626984,12,"[1, 4, 8, 12, 14, 15, 17, 18, 19, 20, 24, 25]",12,"[1, 4, 8, 12, 14, 15, 17, 18, 19, 20, 24, 25]",0,[],0.1729045236327996,0.01761920457359929,0.13273735184038926,56.75625115894309,0.6591666666666667,0.06999097222222223,0.26455806965999396,0.6591666666666667,0.06999097222222223,0.26455806965999396
1,5,5,100110101100001111001001001001,0.5085714285714286,0.13395436021632381,0.7039999961853027,14,"[0, 3, 4, 6, 8, 9, 14, 15, 16, 17, 20, 23, 26, 29]",14,"[0, 3, 4, 6, 8, 9, 14, 15, 16, 17, 20, 23, 26, 29]",0,[],0.13395436021632381,0.025109478950711337,0.15845970765690354,39.82559741534065,0.49142857142857144,0.06615510204081632,0.2572063413697577,0.49142857142857144,0.06615510204081632,0.2572063413697577
1,5,6,000110100011001010000100000101,0.42700000000000005,0.08455477692186833,0.802499994635582,10,"[3, 4, 6, 10, 11, 14, 16, 21, 27, 29]",10,"[3, 4, 6, 10, 11, 14, 16, 21, 27, 29]",0,[],0.08455477692186833,0.007623025300610676,0.08730993815488977,131.1815139744965,0.573,0.061760999999999996,0.24851760501018835,0.573,0.061760999999999996,0.24851760501018835
1,5,7,100010001000101101001001001001,0.44727272727272716,0.14439475629478693,0.7055000066757202,11,"[0, 4, 8, 12, 14, 15, 17, 20, 23, 26, 29]",11,"[0, 4, 8, 12, 14, 15, 17, 20, 23, 26, 29]",0,[],0.14439475629478693,0.02731231640709714,0.16526438335920157,36.61351842497507,0.5527272727272728,0.07667438016528924,0.2769013906886154,0.5527272727272728,0.07667438016528924,0.2769013906886154
1,5,8,110100001011001011001101000111,0.3906666666666666,0.10706497052063545,0.8009999990463257,15,"[0, 1, 3, 8, 10, 11, 14, 16, 17, 20, 21, 23, 27, 28, 29]",15,"[0, 1, 3, 8, 10, 11, 14, 16, 17, 20, 21, 23, 27, 28, 29]",0,[],0.10706497052063545,0.010077884925670546,0.10038866930919318,99.22716992459245,0.6093333333333334,0.07661955555555555,0.2768023763546035,0.6093333333333334,0.07661955555555555,0.2768023763546035
1,5,9,010001010000000000100000010000,0.19499999999999995,0.2342838253825903,0.9004999995231628,5,"[1, 5, 7, 18, 25]",4,"[1, 5, 18, 25]",1,[7],0.22261224538087845,0.009896909659808283,0.09948321295479094,101.04164172186364,0.6559999999999999,0.10706399999999998,0.3272063569064635,0.805,0.022824999999999998,0.15107944929738126
1,5,10,110001011000001100011000000110,0.29799999999999993,0.20961879482492804,0.7050000131130219,11,"[0, 1, 5, 7, 8, 14, 15, 19, 20, 27, 28]",10,"[0, 1, 5, 8, 14, 15, 19, 20, 27, 28]",1,[7],0.2065558066930283,0.018273929433628922,0.13518109865520742,54.72276795376764,0.6436363636363637,0.09435041322314049,0.30716512370895965,0.7020000000000001,0.06631599999999999,0.25751893134292086
1,5,11,010000011011100010100100010100,0.258,0.11460473230108618,0.7719999998807907,11,"[1, 7, 8, 10, 11, 12, 16, 18, 21, 25, 27]",10,"[1, 8, 10, 11, 12, 16, 18, 21, 25, 27]",1,[7],0.12017938621680845,0.01145938107205131,0.10704849869125353,87.26474787010403,0.6799999999999999,0.08403636363636363,0.2898902613686145,0.742,0.050156,0.22395535269334377
2,1,0,110001001000101101111011110100,0.359375,0.3581262743100524,0.7744999974966049,16,"[0, 1, 5, 8, 12, 14, 15, 17, 18, 19, 20, 22, 23, 24, 25, 27]",16,"[0, 1, 5, 8, 12, 14, 15, 17, 18, 19, 20, 22, 23, 24, 25, 27]",0,[],0.3581262743100524,0.027572063768531024,0.16604837779554193,36.26859448734249,0.640625,0.075205859375,0.27423686727900026,0.640625,0.075205859375,0.27423686727900026
2,1,1,110110000001101101000001101000,0.3916666666666667,0.2653236460561554,0.7894999980926514,12,"[0, 1, 3, 4, 11, 12, 14, 15, 17, 23, 24, 26]",12,"[0, 1, 3, 4, 11, 12, 14, 15, 17, 23, 24, 26]",0,[],0.2653236460561554,0.026641508884655343,0.16322226834796574,37.53541153879494,0.6083333333333333,0.0715472222222222,0.26748312511674865,0.6083333333333333,0.0715472222222222,0.26748312511674865
2,1,2,100110100011001111001001000111,0.43666666666666676,0.25326673810680705,0.7820000052452087,15,"[0, 3, 4, 6, 10, 11, 14, 15, 16, 17, 20, 23, 27, 28, 29]",15,"[0, 3, 4, 6, 10, 11, 14, 15, 16, 17, 20, 23, 27, 28, 29]",0,[],0.25326673810680705,0.027866536476472258,0.16693273039303064,35.88533511670175,0.5633333333333332,0.054448888888888894,0.23334285694850163,0.5633333333333332,0.054448888888888894,0.23334285694850163
2,1,3,010110100011000011000000110000,0.45099999999999996,0.21710300482809544,0.8809999972581863,10,"[1, 3, 4, 6, 10, 11, 16, 17, 24, 25]",10,"[1, 3, 4, 6, 10, 11, 16, 17, 24, 25]",0,[],0.21710300482809544,0.017412900821107753,0.13195795095827972,57.42868521870919,0.549,0.058889000000000004,0.24267055857684922,0.549,0.058889000000000004,0.24267055857684922
2,1,4,101100100000101011111000010100,0.34769230769230774,0.3296889095352246,0.8884999975562096,13,"[0, 2, 3, 6, 12, 14, 16, 17, 18, 19, 20, 25, 27]",13,"[0, 2, 3, 6, 12, 14, 16, 17, 18, 19, 20, 25, 27]",0,[],0.3296889095352246,0.040340132734097485,0.20084853181962145,24.789209460254213,0.6523076923076923,0.05461775147928993,0.23370441048317836,0.6523076923076923,0.05461775147928993,0.23370441048317836
2,1,5,111111101011110101010101000011,0.3594736842105263,0.29544322957333763,0.8419999927282333,19,"[0, 1, 2, 3, 4, 5, 6, 8, 10, 11, 12, 13, 15, 17, 19, 21, 23, 28, 29]",19,"[0, 1, 2, 3, 4, 5, 6, 8, 10, 11, 12, 13, 15, 17, 19, 21, 23, 28, 29]",0,[],0.29544322957333763,0.041560815724156125,0.2038646995537877,24.06112542730427,0.6405263157894737,0.06321551246537398,0.25142695254362446,0.6405263157894737,0.06321551246537398,0.25142695254362446
2,1,6,011101010000000111110100000111,0.38642857142857145,0.33243377559951376,0.7964999973773956,14,"[1, 2, 3, 5, 7, 15, 16, 17, 18, 19, 21, 27, 28, 29]",14,"[1, 2, 3, 5, 7, 15, 16, 17, 18, 19, 21, 27, 28, 29]",0,[],0.33243377559951376,0.03778013954676991,0.19437113866716405,26.46893346600931,0.6135714285714285,0.06560867346938776,0.2561419010419571,0.6135714285714285,0.06560867346938776,0.2561419010419571
2,1,7,001110001010011011111010010000,0.3928571428571429,0.35575697092073305,0.7524999976158142,14,"[2, 3, 4, 8, 10, 13, 14, 16, 17, 18, 19, 20, 22, 25]",14,"[2, 3, 4, 8, 10, 13, 14, 16, 17, 18, 19, 20, 22, 25]",0,[],0.35575697092073305,0.04360099236718388,0.20880850645312293,22.93525779364247,0.6071428571428571,0.053891836734693874,0.23214615382274562,0.6071428571428571,0.053891836734693874,0.23214615382274562
2,1,8,100101011110101111011101010101,0.3905263157894737,0.2924977262553416,0.7820000052452087,19,"[0, 3, 5, 7, 8, 9, 10, 12, 14, 15, 16, 17, 19, 20, 21, 23, 25, 27, 29]",19,"[0, 3, 5, 7, 8, 9, 10, 12, 14, 15, 16, 17, 19, 20, 21, 23, 25, 27, 29]",0,[],0.2924977262553416,0.0318009985349416,0.17832834473224274,31.44555347534896,0.6094736842105263,0.0855523545706371,0.29249334107059105,0.6094736842105263,0.0855523545706371,0.29249334107059105
2,2,0,110001001000101101111011110100,0.359375,0.3581262743100524,0.7744999974966049,16,"[0, 1, 5, 8, 12, 14, 15, 17, 18, 19, 20, 22, 23, 24, 25, 27]",16,"[0, 1, 5, 8, 12, 14, 15, 17, 18, 19, 20, 22, 23, 24, 25, 27]",0,[],0.3581262743100524,0.027572063768531024,0.16604837779554193,36.26859448734249,0.640625,0.075205859375,0.27423686727900026,0.640625,0.075205859375,0.27423686727900026
2,2,1,110110000001101101000001101000,0.3916666666666667,0.2653236460561554,0.7894999980926514,12,"[0, 1, 3, 4, 11, 12, 14, 15, 17, 23, 24, 26]",12,"[0, 1, 3, 4, 11, 12, 14, 15, 17, 23, 24, 26]",0,[],0.2653236460561554,0.026641508884655343,0.16322226834796574,37.53541153879494,0.6083333333333333,0.0715472222222222,0.26748312511674865,0.6083333333333333,0.0715472222222222,0.26748312511674865
2,2,2,100110100011001111001001000111,0.43666666666666676,0.25326673810680705,0.7820000052452087,15,"[0, 3, 4, 6, 10, 11, 14, 15, 16, 17, 20, 23, 27, 28, 29]",15,"[0, 3, 4, 6, 10, 11, 14, 15, 16, 17, 20, 23, 27, 28, 29]",0,[],0.25326673810680705,0.027866536476472258,0.16693273039303064,35.88533511670175,0.5633333333333332,0.054448888888888894,0.23334285694850163,0.5633333333333332,0.054448888888888894,0.23334285694850163
2,2,3,010110100011000011000000110000,0.45099999999999996,0.21710300482809544,0.8809999972581863,10,"[1, 3, 4, 6, 10, 11, 16, 17, 24, 25]",10,"[1, 3, 4, 6, 10, 11, 16, 17, 24, 25]",0,[],0.21710300482809544,0.017412900821107753,0.13195795095827972,57.42868521870919,0.549,0.058889000000000004,0.24267055857684922,0.549,0.058889000000000004,0.24267055857684922
2,2,4,100101011110101111011101010101,0.3905263157894737,0.2924977262553416,0.7820000052452087,19,"[0, 3, 5, 7, 8, 9, 10, 12, 14, 15, 16, 17, 19, 20, 21, 23, 25, 27, 29]",19,"[0, 3, 5, 7, 8, 9, 10, 12, 14, 15, 16, 17, 19, 20, 21, 23, 25, 27, 29]",0,[],0.2924977262553416,0.0318009985349416,0.17832834473224274,31.44555347534896,0.6094736842105263,0.0855523545706371,0.29249334107059105,0.6094736842105263,0.0855523545706371,0.29249334107059105
2,2,5,111111101011111000000001000011,0.36375,0.30963076814077795,0.6910000145435333,16,"[0, 1, 2, 3, 4, 5, 6, 8, 10, 11, 12, 13, 14, 23, 28, 29]",16,"[0, 1, 2, 3, 4, 5, 6, 8, 10, 11, 12, 13, 14, 23, 28, 29]",0,[],0.30963076814077795,0.046667736996481995,0.2160271672648651,21.428079961867105,0.63625,0.0656359375,0.2561951160736676,0.63625,0.0656359375,0.2561951160736676
2,2,6,100101011010101111010000100111,0.42937499999999995,0.2741938983090222,0.7654999941587448,16,"[0, 3, 5, 7, 8, 10, 12, 14, 15, 16, 17, 19, 24, 27, 28, 29]",16,"[0, 3, 5, 7, 8, 10, 12, 14, 15, 16, 17, 19, 24, 27, 28, 29]",0,[],0.2741938983090222,0.03057665170826618,0.17486180746025182,32.70469276822933,0.570625,0.092693359375,0.30445584142039384,0.570625,0.092693359375,0.30445584142039384
2,2,7,010111000011101011000000110000,0.3683333333333334,0.25865893345326185,0.8830000013113022,12,"[1, 3, 4, 5, 10, 11, 12, 14, 16, 17, 24, 25]",12,"[1, 3, 4, 5, 10, 11, 12, 14, 16, 17, 24, 25]",0,[],0.25865893345326185,0.029241779818864836,0.17100228015691732,34.19764481486408,0.6316666666666666,0.06918055555555556,0.2630219678193355,0.6316666666666666,0.06918055555555556,0.2630219678193355
2,2,8,110110000001101101000001010100,0.3383333333333334,0.29025752811382216,0.7870000004768372,12,"[0, 1, 3, 4, 11, 12, 14, 15, 17, 23, 25, 27]",12,"[0, 1, 3, 4, 11, 12, 14, 15, 17, 23, 25, 27]",0,[],0.29025752811382216,0.03590085176455234,0.18947520092231684,27.85449232676358,0.6616666666666666,0.05701388888888889,0.2387758130315734,0.6616666666666666,0.05701388888888889,0.2387758130315734
2,2,9,101011001010101011111000010000,0.36357142857142855,0.3274700700172356,0.7804999947547913,14,"[0, 2, 4, 5, 8, 10, 12, 14, 16, 17, 18, 19, 20, 25]",14,"[0, 2, 4, 5, 8, 10, 12, 14, 16, 17, 18, 19, 20, 25]",0,[],0.3274700700172356,0.031686456052012806,0.178006898888815,31.559225126297374,0.6364285714285715,0.059694387755102045,0.24432434949284537,0.6364285714285715,0.059694387755102045,0.24432434949284537
2,3,0,110001001000101101111011110100,0.359375,0.3581262743100524,0.7744999974966049,16,"[0, 1, 5, 8, 12, 14, 15, 17, 18, 19, 20, 22, 23, 24, 25, 27]",16,"[0, 1, 5, 8, 12, 14, 15, 17, 18, 19, 20, 22, 23, 24, 25, 27]",0,[],0.3581262743100524,0.027572063768531024,0.16604837779554193,36.26859448734249,0.640625,0.075205859375,0.27423686727900026,0.640625,0.075205859375,0.27423686727900026
2,3,1,110110000001101101000001101000,0.3916666666666667,0.2653236460561554,0.7894999980926514,12,"[0, 1, 3, 4, 11, 12, 14, 15, 17, 23, 24, 26]",12,"[0, 1, 3, 4, 11, 12, 14, 15, 17, 23, 24, 26]",0,[],0.2653236460561554,0.026641508884655343,0.16322226834796574,37.53541153879494,0.6083333333333333,0.0715472222222222,0.26748312511674865,0.6083333333333333,0.0715472222222222,0.26748312511674865
2,3,2,100110100011001111001001000111,0.43666666666666676,0.25326673810680705,0.7820000052452087,15,"[0, 3, 4, 6, 10, 11, 14, 15, 16, 17, 20, 23, 27, 28, 29]",15,"[0, 3, 4, 6, 10, 11, 14, 15, 16, 17, 20, 23, 27, 28, 29]",0,[],0.25326673810680705,0.027866536476472258,0.16693273039303064,35.88533511670175,0.5633333333333332,0.054448888888888894,0.23334285694850163,0.5633333333333332,0.054448888888888894,0.23334285694850163
2,3,3,010110100011000011000000110000,0.45099999999999996,0.21710300482809544,0.8809999972581863,10,"[1, 3, 4, 6, 10, 11, 16, 17, 24, 25]",10,"[1, 3, 4, 6, 10, 11, 16, 17, 24, 25]",0,[],0.21710300482809544,0.017412900821107753,0.13195795095827972,57.42868521870919,0.549,0.058889000000000004,0.24267055857684922,0.549,0.058889000000000004,0.24267055857684922
2,3,4,100101011110101111011101010101,0.3905263157894737,0.2924977262553416,0.7820000052452087,19,"[0, 3, 5, 7, 8, 9, 10, 12, 14, 15, 16, 17, 19, 20, 21, 23, 25, 27, 29]",19,"[0, 3, 5, 7, 8, 9, 10, 12, 14, 15, 16, 17, 19, 20, 21, 23, 25, 27, 29]",0,[],0.2924977262553416,0.0318009985349416,0.17832834473224274,31.44555347534896,0.6094736842105263,0.0855523545706371,0.29249334107059105,0.6094736842105263,0.0855523545706371,0.29249334107059105
2,3,5,111111101011111000000001000011,0.36375,0.30963076814077795,0.6910000145435333,16,"[0, 1, 2, 3, 4, 5, 6, 8, 10, 11, 12, 13, 14, 23, 28, 29]",16,"[0, 1, 2, 3, 4, 5, 6, 8, 10, 11, 12, 13, 14, 23, 28, 29]",0,[],0.30963076814077795,0.046667736996481995,0.2160271672648651,21.428079961867105,0.63625,0.0656359375,0.2561951160736676,0.63625,0.0656359375,0.2561951160736676
2,3,6,100101011010101111010000100111,0.42937499999999995,0.2741938983090222,0.7654999941587448,16,"[0, 3, 5, 7, 8, 10, 12, 14, 15, 16, 17, 19, 24, 27, 28, 29]",16,"[0, 3, 5, 7, 8, 10, 12, 14, 15, 16, 17, 19, 24, 27, 28, 29]",0,[],0.2741938983090222,0.03057665170826618,0.17486180746025182,32.70469276822933,0.570625,0.092693359375,0.30445584142039384,0.570625,0.092693359375,0.30445584142039384
2,3,7,110110000001101101000001010100,0.3383333333333334,0.29025752811382216,0.7870000004768372,12,"[0, 1, 3, 4, 11, 12, 14, 15, 17, 23, 25, 27]",12,"[0, 1, 3, 4, 11, 12, 14, 15, 17, 23, 25, 27]",0,[],0.29025752811382216,0.03590085176455234,0.18947520092231684,27.85449232676358,0.6616666666666666,0.05701388888888889,0.2387758130315734,0.6616666666666666,0.05701388888888889,0.2387758130315734
2,3,8,101011001010101011111000010000,0.36357142857142855,0.3274700700172356,0.7804999947547913,14,"[0, 2, 4, 5, 8, 10, 12, 14, 16, 17, 18, 19, 20, 25]",14,"[0, 2, 4, 5, 8, 10, 12, 14, 16, 17, 18, 19, 20, 25]",0,[],0.3274700700172356,0.031686456052012806,0.178006898888815,31.559225126297374,0.6364285714285715,0.059694387755102045,0.24432434949284537,0.6364285714285715,0.059694387755102045,0.24432434949284537
2,3,9,110101001001101101000001000100,0.26083333333333336,0.28525055292993784,0.8114999979734421,12,"[0, 1, 3, 5, 8, 11, 12, 14, 15, 17, 23, 27]",12,"[0, 1, 3, 5, 8, 11, 12, 14, 15, 17, 23, 27]",0,[],0.28525055292993784,0.041499786396244125,0.20371496360415972,24.096509568793913,0.7391666666666666,0.05645763888888889,0.23760816250476097,0.7391666666666666,0.05645763888888889,0.23760816250476097
2,3,10,101000100011000011000000100001,0.5755555555555556,0.23474201104707187,0.822500005364418,9,"[0, 2, 6, 10, 11, 16, 17, 24, 29]",9,"[0, 2, 6, 10, 11, 16, 17, 24, 29]",0,[],0.23474201104707187,0.02732010261105571,0.16528793849236462,36.60308360611087,0.4244444444444444,0.047580246913580246,0.21812896853371,0.4244444444444444,0.047580246913580246,0.21812896853371
2,3,11,110110100001000011000000000011,0.472,0.19961814023554325,0.880500003695488,10,"[0, 1, 3, 4, 6, 11, 16, 17, 28, 29]",10,"[0, 1, 3, 4, 6, 11, 16, 17, 28, 29]",0,[],0.19961814023554325,0.010318558585943768,0.10158030609298127,96.91276079608913,0.528,0.06539600000000001,0.2557264163124334,0.528,0.06539600000000001,0.2557264163124334
2,3,12,011101010000011000110100000010,0.3263636363636363,0.40606444532221014,0.8050000071525574,11,"[1, 2, 3, 5, 7, 13, 14, 18, 19, 21, 28]",11,"[1, 2, 3, 5, 7, 13, 14, 18, 19, 21, 28]",0,[],0.40606444532221014,0.0423207780732019,0.2057201450349525,23.629055171677333,0.6736363636363637,0.055204958677685954,0.23495735501934378,0.6736363636363637,0.055204958677685954,0.23495735501934378
2,3,13,000110010111100010100100100000,0.4518181818181818,0.21261131797324528,0.8530000001192093,11,"[3, 4, 7, 9, 10, 11, 12, 16, 18, 21, 24]",11,"[3, 4, 7, 9, 10, 11, 12, 16, 18, 21, 24]",0,[],0.21261131797324528,0.01796318754060273,0.13402681649805284,55.66940709936196,0.5481818181818182,0.10223305785123968,0.31973904649141566,0.5481818181818182,0.10223305785123968,0.31973904649141566
2,3,14,010111000011101000001000100010,0.3090909090909091,0.2515478781001134,0.8285000026226044,11,"[1, 3, 4, 5, 10, 11, 12, 14, 20, 24, 28]",11,"[1, 3, 4, 5, 10, 11, 12, 14, 20, 24, 28]",0,[],0.2515478781001134,0.026427351563752158,0.1625649149224769,37.83958440132167,0.6909090909090909,0.07044462809917355,0.26541406914324184,0.6909090909090909,0.07044462809917355,0.26541406914324184
2,3,15,111110101010101000000001000011,0.3915384615384615,0.2734159334347798,0.8174999952316284,13,"[0, 1, 2, 3, 4, 6, 8, 10, 12, 14, 23, 28, 29]",13,"[0, 1, 2, 3, 4, 6, 8, 10, 12, 14, 23, 28, 29]",0,[],0.2734159334347798,0.028489444152217432,0.1687881635429968,35.10071992479244,0.6084615384615385,0.07010532544378698,0.26477410266826884,0.6084615384615385,0.07010532544378698,0.26477410266826884
2,3,16,010110100011000010100100110000,0.4027272727272728,0.23239996114915068,0.8905000016093254,11,"[1, 3, 4, 6, 10, 11, 16, 18, 21, 24, 25]",11,"[1, 3, 4, 6, 10, 11, 16, 18, 21, 24, 25]",0,[],0.23239996114915068,0.020153516091825294,0.14196308003077876,49.61913322934363,0.5972727272727272,0.06094710743801654,0.24687467962109144,0.5972727272727272,0.06094710743801654,0.24687467962109144
2,3,17,111111101011101011111000010011,0.36249999999999993,0.2838285954669118,0.8120000064373016,20,"[0, 1, 2, 3, 4, 5, 6, 8, 10, 11, 12, 14, 16, 17, 18, 19, 20, 25, 28, 29]",20,"[0, 1, 2, 3, 4, 5, 6, 8, 10, 11, 12, 14, 16, 17, 18, 19, 20, 25, 28, 29]",0,[],0.2838285954669118,0.03055243739681051,0.1747925553243344,32.73061284807326,0.6375000000000001,0.06332875000000002,0.251652041517648,0.6375000000000001,0.06332875000000002,0.251652041517648
2,4,0,110110000001101101000001101000,0.3916666666666667,0.2653236460561554,0.7894999980926514,12,"[0, 1, 3, 4, 11, 12, 14, 15, 17, 23, 24, 26]",12,"[0, 1, 3, 4, 11, 12, 14, 15, 17, 23, 24, 26]",0,[],0.2653236460561554,0.026641508884655343,0.16322226834796574,37.53541153879494,0.6083333333333333,0.0715472222222222,0.26748312511674865,0.6083333333333333,0.0715472222222222,0.26748312511674865
2,4,1,100110100011001111001001000111,0.43666666666666676,0.25326673810680705,0.7820000052452087,15,"[0, 3, 4, 6, 10, 11, 14, 15, 16, 17, 20, 23, 27, 28, 29]",15,"[0, 3, 4, 6, 10, 11, 14, 15, 16, 17, 20, 23, 27, 28, 29]",0,[],0.25326673810680705,0.027866536476472258,0.16693273039303064,35.88533511670175,0.5633333333333332,0.054448888888888894,0.23334285694850163,0.5633333333333332,0.054448888888888894,0.23334285694850163
2,4,2,111111101011111000000001000011,0.36375,0.30963076814077795,0.6910000145435333,16,"[0, 1, 2, 3, 4, 5, 6, 8, 10, 11, 12, 13, 14, 23, 28, 29]",16,"[0, 1, 2, 3, 4, 5, 6, 8, 10, 11, 12, 13, 14, 23, 28, 29]",0,[],0.30963076814077795,0.046667736996481995,0.2160271672648651,21.428079961867105,0.63625,0.0656359375,0.2561951160736676,0.63625,0.0656359375,0.2561951160736676
2,4,3,100101011010101111010000100111,0.42937499999999995,0.2741938983090222,0.7654999941587448,16,"[0, 3, 5, 7, 8, 10, 12, 14, 15, 16, 17, 19, 24, 27, 28, 29]",16,"[0, 3, 5, 7, 8, 10, 12, 14, 15, 16, 17, 19, 24, 27, 28, 29]",0,[],0.2741938983090222,0.03057665170826618,0.17486180746025182,32.70469276822933,0.570625,0.092693359375,0.30445584142039384,0.570625,0.092693359375,0.30445584142039384
2,4,4,110110000001101101000001010100,0.3383333333333334,0.29025752811382216,0.7870000004768372,12,"[0, 1, 3, 4, 11, 12, 14, 15, 17, 23, 25, 27]",12,"[0, 1, 3, 4, 11, 12, 14, 15, 17, 23, 25, 27]",0,[],0.29025752811382216,0.03590085176455234,0.18947520092231684,27.85449232676358,0.6616666666666666,0.05701388888888889,0.2387758130315734,0.6616666666666666,0.05701388888888889,0.2387758130315734
2,4,5,110101001001101101000001000100,0.26083333333333336,0.28525055292993784,0.8114999979734421,12,"[0, 1, 3, 5, 8, 11, 12, 14, 15, 17, 23, 27]",12,"[0, 1, 3, 5, 8, 11, 12, 14, 15, 17, 23, 27]",0,[],0.28525055292993784,0.041499786396244125,0.20371496360415972,24.096509568793913,0.7391666666666666,0.05645763888888889,0.23760816250476097,0.7391666666666666,0.05645763888888889,0.23760816250476097
2,4,6,000110010111100010100100100000,0.4518181818181818,0.21261131797324528,0.8530000001192093,11,"[3, 4, 7, 9, 10, 11, 12, 16, 18, 21, 24]",11,"[3, 4, 7, 9, 10, 11, 12, 16, 18, 21, 24]",0,[],0.21261131797324528,0.01796318754060273,0.13402681649805284,55.66940709936196,0.5481818181818182,0.10223305785123968,0.31973904649141566,0.5481818181818182,0.10223305785123968,0.31973904649141566
2,4,7,010111000011101000001000100010,0.3090909090909091,0.2515478781001134,0.8285000026226044,11,"[1, 3, 4, 5, 10, 11, 12, 14, 20, 24, 28]",11,"[1, 3, 4, 5, 10, 11, 12, 14, 20, 24, 28]",0,[],0.2515478781001134,0.026427351563752158,0.1625649149224769,37.83958440132167,0.6909090909090909,0.07044462809917355,0.26541406914324184,0.6909090909090909,0.07044462809917355,0.26541406914324184
2,4,8,101001101000111100000001010100,0.3433333333333334,0.40924549475312233,0.6994999945163727,12,"[0, 2, 5, 6, 8, 12, 13, 14, 15, 23, 25, 27]",12,"[0, 2, 5, 6, 8, 12, 13, 14, 15, 23, 25, 27]",0,[],0.40924549475312233,0.05105777393578148,0.2259596732511832,19.58565606988197,0.6566666666666666,0.050805555555555555,0.22540087745072235,0.6566666666666666,0.050805555555555555,0.22540087745072235
2,4,9,010111000001100100001100110010,0.3008333333333334,0.2530955271795392,0.7985000014305115,12,"[1, 3, 4, 5, 11, 12, 15, 20, 21, 24, 25, 28]",12,"[1, 3, 4, 5, 11, 12, 15, 20, 21, 24, 25, 28]",0,[],0.2530955271795392,0.025822059378085554,0.16069243721496526,38.72657813066109,0.6991666666666666,0.0662576388888889,0.25740559218651193,0.6991666666666666,0.0662576388888889,0.25740559218651193
2,4,10,100101001111101111010101010101,0.3622222222222222,0.2873602155596018,0.7699999958276749,18,"[0, 3, 5, 8, 9, 10, 11, 12, 14, 15, 16, 17, 19, 21, 23, 25, 27, 29]",18,"[0, 3, 5, 8, 9, 10, 11, 12, 14, 15, 16, 17, 19, 21, 23, 25, 27, 29]",0,[],0.2873602155596018,0.03627255487530426,0.19045355044026946,27.5690533362688,0.6377777777777778,0.07596172839506171,0.27561155344989025,0.6377777777777778,0.07596172839506171,0.27561155344989025
2,4,11,110100100001000011000000000011,0.4600000000000001,0.18723003110951847,0.8760000020265579,9,"[0, 1, 3, 6, 11, 16, 17, 28, 29]",9,"[0, 1, 3, 6, 11, 16, 17, 28, 29]",0,[],0.18723003110951847,0.009930412618310094,0.09965145567582089,100.70075015374083,0.5399999999999999,0.07122222222222223,0.2668749186833079,0.5399999999999999,0.07122222222222223,0.2668749186833079
2,4,12,111110001010011000110100000010,0.346923076923077,0.34251974064570206,0.7360000014305115,13,"[0, 1, 2, 3, 4, 8, 10, 13, 14, 18, 19, 21, 28]",13,"[0, 1, 2, 3, 4, 8, 10, 13, 14, 18, 19, 21, 28]",0,[],0.34251974064570206,0.0413062392838927,0.20323936450376118,24.2094176893501,0.653076923076923,0.05480591715976332,0.23410663630013423,0.653076923076923,0.05480591715976332,0.23410663630013423
2,4,13,000111010111100010001100100000,0.4041666666666667,0.22297893868138394,0.8525000065565109,12,"[3, 4, 5, 7, 9, 10, 11, 12, 16, 20, 21, 24]",12,"[3, 4, 5, 7, 9, 10, 11, 12, 16, 20, 21, 24]",0,[],0.22297893868138394,0.023465118917662436,0.1531832853729885,42.61644714049541,0.5958333333333333,0.10834097222222222,0.3291518984028836,0.5958333333333333,0.10834097222222222,0.3291518984028836
2,4,14,010110100011000010100000100000,0.4244444444444445,0.20703752545846832,0.8784999996423721,9,"[1, 3, 4, 6, 10, 11, 16, 18, 24]",9,"[1, 3, 4, 6, 10, 11, 16, 18, 24]",0,[],0.20703752545846832,0.016698178670373813,0.1292214327051585,59.88677087125775,0.5755555555555555,0.06344691358024691,0.25188670782764006,0.5755555555555555,0.06344691358024691,0.25188670782764006
2,4,15,110110101000101101000000100010,0.39916666666666667,0.23128043487668037,0.8645000010728836,12,"[0, 1, 3, 4, 6, 8, 12, 14, 15, 17, 24, 28]",12,"[0, 1, 3, 4, 6, 8, 12, 14, 15, 17, 24, 28]",0,[],0.23128043487668037,0.01163007913109497,0.1078428445984942,85.9839377469352,0.6008333333333333,0.08002430555555555,0.2828856757694803,0.6008333333333333,0.08002430555555555,0.2828856757694803
2,4,16,111111101000101101110101000011,0.35111111111111104,0.3081873597370254,0.7650000005960464,18,"[0, 1, 2, 3, 4, 5, 6, 8, 12, 14, 15, 17, 18, 19, 21, 23, 28, 29]",18,"[0, 1, 2, 3, 4, 5, 6, 8, 12, 14, 15, 17, 18, 19, 21, 23, 28, 29]",0,[],0.3081873597370254,0.028686299037793114,0.16937030152241306,34.85984715848279,0.648888888888889,0.05987654320987654,0.2446968393949471,0.648888888888889,0.05987654320987654,0.2446968393949471
2,4,17,101100100011000011000100000001,0.45200000000000007,0.20599553920328617,0.8155000060796738,10,"[0, 2, 3, 6, 10, 11, 16, 17, 21, 29]",10,"[0, 2, 3, 6, 10, 11, 16, 17, 21, 29]",0,[],0.20599553920328617,0.027682175684770584,0.1663796131885472,36.12432820987233,0.5479999999999999,0.06779600000000001,0.26037665025881257,0.5479999999999999,0.06779600000000001,0.26037665025881257
2,4,18,111100100111111000000001000011,0.4214285714285715,0.30844541399606634,0.7534999996423721,14,"[0, 1, 2, 3, 6, 9, 10, 11, 12, 13, 14, 23, 28, 29]",14,"[0, 1, 2, 3, 6, 9, 10, 11, 12, 13, 14, 23, 28, 29]",0,[],0.30844541399606634,0.04686435239103796,0.2164817599499735,21.33818027945765,0.5785714285714285,0.06985510204081632,0.26430115784993513,0.5785714285714285,0.06985510204081632,0.26430115784993513
2,4,19,010110100011000000101100110000,0.3572727272727273,0.23909832774238152,0.8999999985098839,11,"[1, 3, 4, 6, 10, 11, 18, 20, 21, 24, 25]",11,"[1, 3, 4, 6, 10, 11, 18, 20, 21, 24, 25]",0,[],0.23909832774238152,0.01914044899432046,0.13834901154081464,52.24537837627162,0.6427272727272727,0.06276528925619834,0.2505300166770408,0.6427272727272727,0.06276528925619834,0.2505300166770408
2,4,20,010111001001101101001000110000,0.29153846153846164,0.2573401970932117,0.8090000003576279,13,"[1, 3, 4, 5, 8, 11, 12, 14, 15, 17, 20, 24, 25]",13,"[1, 3, 4, 5, 8, 11, 12, 14, 15, 17, 20, 24, 25]",0,[],0.2573401970932117,0.026473004339453547,0.1627052683211381,37.774329924075474,0.7084615384615384,0.06610532544378699,0.25710955922288653,0.7084615384615384,0.06610532544378699,0.25710955922288653
2,4,21,001110001010010010100100100001,0.43818181818181823,0.3016760938546874,0.7559999972581863,11,"[2, 3, 4, 8, 10, 13, 16, 18, 21, 24, 29]",11,"[2, 3, 4, 8, 10, 13, 16, 18, 21, 24, 29]",0,[],0.3016760938546874,0.0493380028680606,0.22212159478101312,20.26835181541892,0.5618181818181818,0.07188760330578513,0.26811863662525426,0.5618181818181818,0.07188760330578513,0.26811863662525426
2,4,22,011101001000111101111011110000,0.33705882352941174,0.3721582705483717,0.7055000066757202,17,"[1, 2, 3, 5, 8, 12, 13, 14, 15, 17, 18, 19, 20, 22, 23, 24, 25]",17,"[1, 2, 3, 5, 8, 12, 13, 14, 15, 17, 18, 19, 20, 22, 23, 24, 25]",0,[],0.3721582705483717,0.04055255688521082,0.2013766542705753,24.659357554953377,0.6629411764705883,0.06236193771626297,0.24972372277431507,0.6629411764705883,0.06236193771626297,0.24972372277431507
2,5,0,110110000001101101000001101000,0.3916666666666667,0.2653236460561554,0.7894999980926514,12,"[0, 1, 3, 4, 11, 12, 14, 15, 17, 23, 24, 26]",12,"[0, 1, 3, 4, 11, 12, 14, 15, 17, 23, 24, 26]",0,[],0.2653236460561554,0.026641508884655343,0.16322226834796574,37.53541153879494,0.6083333333333333,0.0715472222222222,0.26748312511674865,0.6083333333333333,0.0715472222222222,0.26748312511674865
2,5,1,100110100011001111001001000111,0.43666666666666676,0.25326673810680705,0.7820000052452087,15,"[0, 3, 4, 6, 10, 11, 14, 15, 16, 17, 20, 23, 27, 28, 29]",15,"[0, 3, 4, 6, 10, 11, 14, 15, 16, 17, 20, 23, 27, 28, 29]",0,[],0.25326673810680705,0.027866536476472258,0.16693273039303064,35.88533511670175,0.5633333333333332,0.054448888888888894,0.23334285694850163,0.5633333333333332,0.054448888888888894,0.23334285694850163
2,5,2,111111101011111000000001000011,0.36375,0.30963076814077795,0.6910000145435333,16,"[0, 1, 2, 3, 4, 5, 6, 8, 10, 11, 12, 13, 14, 23, 28, 29]",16,"[0, 1, 2, 3, 4, 5, 6, 8, 10, 11, 12, 13, 14, 23, 28, 29]",0,[],0.30963076814077795,0.046667736996481995,0.2160271672648651,21.428079961867105,0.63625,0.0656359375,0.2561951160736676,0.63625,0.0656359375,0.2561951160736676
2,5,3,110101001001101101000001000100,0.26083333333333336,0.28525055292993784,0.8114999979734421,12,"[0, 1, 3, 5, 8, 11, 12, 14, 15, 17, 23, 27]",12,"[0, 1, 3, 5, 8, 11, 12, 14, 15, 17, 23, 27]",0,[],0.28525055292993784,0.041499786396244125,0.20371496360415972,24.096509568793913,0.7391666666666666,0.05645763888888889,0.23760816250476097,0.7391666666666666,0.05645763888888889,0.23760816250476097
2,5,4,000110010111100010100100100000,0.4518181818181818,0.21261131797324528,0.8530000001192093,11,"[3, 4, 7, 9, 10, 11, 12, 16, 18, 21, 24]",11,"[3, 4, 7, 9, 10, 11, 12, 16, 18, 21, 24]",0,[],0.21261131797324528,0.01796318754060273,0.13402681649805284,55.66940709936196,0.5481818181818182,0.10223305785123968,0.31973904649141566,0.5481818181818182,0.10223305785123968,0.31973904649141566
2,5,5,010111000011101000001000100010,0.3090909090909091,0.2515478781001134,0.8285000026226044,11,"[1, 3, 4, 5, 10, 11, 12, 14, 20, 24, 28]",11,"[1, 3, 4, 5, 10, 11, 12, 14, 20, 24, 28]",0,[],0.2515478781001134,0.026427351563752158,0.1625649149224769,37.83958440132167,0.6909090909090909,0.07044462809917355,0.26541406914324184,0.6909090909090909,0.07044462809917355,0.26541406914324184
2,5,6,010111000001100100001100110010,0.3008333333333334,0.2530955271795392,0.7985000014305115,12,"[1, 3, 4, 5, 11, 12, 15, 20, 21, 24, 25, 28]",12,"[1, 3, 4, 5, 11, 12, 15, 20, 21, 24, 25, 28]",0,[],0.2530955271795392,0.025822059378085554,0.16069243721496526,38.72657813066109,0.6991666666666666,0.0662576388888889,0.25740559218651193,0.6991666666666666,0.0662576388888889,0.25740559218651193
2,5,7,110100100001000011000000000011,0.4600000000000001,0.18723003110951847,0.8760000020265579,9,"[0, 1, 3, 6, 11, 16, 17, 28, 29]",9,"[0, 1, 3, 6, 11, 16, 17, 28, 29]",0,[],0.18723003110951847,0.009930412618310094,0.09965145567582089,100.70075015374083,0.5399999999999999,0.07122222222222223,0.2668749186833079,0.5399999999999999,0.07122222222222223,0.2668749186833079
2,5,8,000111010111100010001100100000,0.4041666666666667,0.22297893868138394,0.8525000065565109,12,"[3, 4, 5, 7, 9, 10, 11, 12, 16, 20, 21, 24]",12,"[3, 4, 5, 7, 9, 10, 11, 12, 16, 20, 21, 24]",0,[],0.22297893868138394,0.023465118917662436,0.1531832853729885,42.61644714049541,0.5958333333333333,0.10834097222222222,0.3291518984028836,0.5958333333333333,0.10834097222222222,0.3291518984028836
2,5,9,010110100011000010100000100000,0.4244444444444445,0.20703752545846832,0.8784999996423721,9,"[1, 3, 4, 6, 10, 11, 16, 18, 24]",9,"[1, 3, 4, 6, 10, 11, 16, 18, 24]",0,[],0.20703752545846832,0.016698178670373813,0.1292214327051585,59.88677087125775,0.5755555555555555,0.06344691358024691,0.25188670782764006,0.5755555555555555,0.06344691358024691,0.25188670782764006
2,5,10,110110101000101101000000100010,0.39916666666666667,0.23128043487668037,0.8645000010728836,12,"[0, 1, 3, 4, 6, 8, 12, 14, 15, 17, 24, 28]",12,"[0, 1, 3, 4, 6, 8, 12, 14, 15, 17, 24, 28]",0,[],0.23128043487668037,0.01163007913109497,0.1078428445984942,85.9839377469352,0.6008333333333333,0.08002430555555555,0.2828856757694803,0.6008333333333333,0.08002430555555555,0.2828856757694803
2,5,11,101100100011000011000100000001,0.45200000000000007,0.20599553920328617,0.8155000060796738,10,"[0, 2, 3, 6, 10, 11, 16, 17, 21, 29]",10,"[0, 2, 3, 6, 10, 11, 16, 17, 21, 29]",0,[],0.20599553920328617,0.027682175684770584,0.1663796131885472,36.12432820987233,0.5479999999999999,0.06779600000000001,0.26037665025881257,0.5479999999999999,0.06779600000000001,0.26037665025881257
2,5,12,111100100111111000000001000011,0.4214285714285715,0.30844541399606634,0.7534999996423721,14,"[0, 1, 2, 3, 6, 9, 10, 11, 12, 13, 14, 23, 28, 29]",14,"[0, 1, 2, 3, 6, 9, 10, 11, 12, 13, 14, 23, 28, 29]",0,[],0.30844541399606634,0.04686435239103796,0.2164817599499735,21.33818027945765,0.5785714285714285,0.06985510204081632,0.26430115784993513,0.5785714285714285,0.06985510204081632,0.26430115784993513
2,5,13,010110100011000000101100110000,0.3572727272727273,0.23909832774238152,0.8999999985098839,11,"[1, 3, 4, 6, 10, 11, 18, 20, 21, 24, 25]",11,"[1, 3, 4, 6, 10, 11, 18, 20, 21, 24, 25]",0,[],0.23909832774238152,0.01914044899432046,0.13834901154081464,52.24537837627162,0.6427272727272727,0.06276528925619834,0.2505300166770408,0.6427272727272727,0.06276528925619834,0.2505300166770408
2,5,14,010111001001101101001000110000,0.29153846153846164,0.2573401970932117,0.8090000003576279,13,"[1, 3, 4, 5, 8, 11, 12, 14, 15, 17, 20, 24, 25]",13,"[1, 3, 4, 5, 8, 11, 12, 14, 15, 17, 20, 24, 25]",0,[],0.2573401970932117,0.026473004339453547,0.1627052683211381,37.774329924075474,0.7084615384615384,0.06610532544378699,0.25710955922288653,0.7084615384615384,0.06610532544378699,0.25710955922288653
2,5,15,001110001010010010100100100001,0.43818181818181823,0.3016760938546874,0.7559999972581863,11,"[2, 3, 4, 8, 10, 13, 16, 18, 21, 24, 29]",11,"[2, 3, 4, 8, 10, 13, 16, 18, 21, 24, 29]",0,[],0.3016760938546874,0.0493380028680606,0.22212159478101312,20.26835181541892,0.5618181818181818,0.07188760330578513,0.26811863662525426,0.5618181818181818,0.07188760330578513,0.26811863662525426
2,5,16,110110010011100011000000000011,0.4733333333333334,0.18942146779348454,0.784500002861023,12,"[0, 1, 3, 4, 7, 10, 11, 12, 16, 17, 28, 29]",12,"[0, 1, 3, 4, 7, 10, 11, 12, 16, 17, 28, 29]",0,[],0.18942146779348454,0.00964247140815607,0.09819608652159244,103.70785223735811,0.5266666666666666,0.08847222222222223,0.29744280495957914,0.5266666666666666,0.08847222222222223,0.29744280495957914
2,5,17,100100100001000011001000000011,0.4555555555555555,0.1776340723865562,0.880000002682209,9,"[0, 3, 6, 11, 16, 17, 20, 28, 29]",9,"[0, 3, 6, 11, 16, 17, 20, 28, 29]",0,[],0.1776340723865562,0.00882266540438318,0.09392904451969679,113.34443211494691,0.5444444444444445,0.07413580246913581,0.27227890566317436,0.5444444444444445,0.07413580246913581,0.27227890566317436
2,5,18,110001001010011000110100000100,0.2936363636363637,0.3958885087208314,0.7394999861717224,11,"[0, 1, 5, 8, 10, 13, 14, 18, 19, 21, 27]",11,"[0, 1, 5, 8, 10, 13, 14, 18, 19, 21, 27]",0,[],0.3958885087208314,0.042552590939602945,0.20628279361013838,23.50033165828494,0.7063636363636363,0.05280495867768595,0.22979329554555317,0.7063636363636363,0.05280495867768595,0.22979329554555317
2,5,19,010111000001001100111100110000,0.29692307692307707,0.30351931859667486,0.7814999967813492,13,"[1, 3, 4, 5, 11, 14, 15, 18, 19, 20, 21, 24, 25]",13,"[1, 3, 4, 5, 11, 14, 15, 18, 19, 20, 21, 24, 25]",0,[],0.30351931859667486,0.028199094361893252,0.16792585971759458,35.462131768009776,0.7030769230769229,0.05171360946745562,0.22740626523351465,0.7030769230769229,0.05171360946745562,0.22740626523351465
2,5,20,011111101001111010100010010000,0.33333333333333337,0.3415259393552939,0.6814999878406525,15,"[1, 2, 3, 4, 5, 6, 8, 11, 12, 13, 14, 16, 18, 22, 25]",15,"[1, 2, 3, 4, 5, 6, 8, 11, 12, 13, 14, 16, 18, 22, 25]",0,[],0.3415259393552939,0.0504486506174555,0.22460777060790996,19.822135731297333,0.6666666666666666,0.05784888888888889,0.2405179595973841,0.6666666666666666,0.05784888888888889,0.2405179595973841
2,5,21,010111001001101101001000100010,0.29538461538461547,0.2462712821479027,0.8324999958276749,13,"[1, 3, 4, 5, 8, 11, 12, 14, 15, 17, 20, 24, 28]",13,"[1, 3, 4, 5, 8, 11, 12, 14, 15, 17, 20, 24, 28]",0,[],0.2462712821479027,0.022855111753224102,0.15117907180963938,43.753888005335746,0.7046153846153845,0.06788639053254436,0.2605501689359352,0.7046153846153845,0.06788639053254436,0.2605501689359352
2,5,22,010110100011111101000001100000,0.38538461538461544,0.27137960579532844,0.7740000039339066,13,"[1, 3, 4, 6, 10, 11, 12, 13, 14, 15, 17, 23, 24]",13,"[1, 3, 4, 6, 10, 11, 12, 13, 14, 15, 17, 23, 24]",0,[],0.27137960579532844,0.03888678764510604,0.19719733173931647,25.71567518320973,0.6146153846153846,0.057224852071005916,0.23921716508437665,0.6146153846153846,0.057224852071005916,0.23921716508437665
2,5,23,010001101011101000001001100010,0.3058333333333333,0.27283616332958144,0.7594999969005585,12,"[1, 5, 6, 8, 10, 11, 12, 14, 20, 23, 24, 28]",12,"[1, 5, 6, 8, 10, 11, 12, 14, 20, 23, 24, 28]",0,[],0.27283616332958144,0.025646440805566915,0.16014506175829124,38.99176527383621,0.6941666666666667,0.06585763888888889,0.25662743206619376,0.6941666666666667,0.06585763888888889,0.25662743206619376
2,5,24,111110010001101101000101000010,0.38142857142857156,0.2696502504072019,0.7775000035762787,14,"[0, 1, 2, 3, 4, 7, 11, 12, 14, 15, 17, 21, 23, 28]",14,"[0, 1, 2, 3, 4, 7, 11, 12, 14, 15, 17, 21, 23, 28]",0,[],0.2696502504072019,0.028457132532489514,0.168692419902287,35.1405749984929,0.6185714285714284,0.0717265306122449,0.2678180923915427,0.6185714285714284,0.0717265306122449,0.2678180923915427
2,5,25,111110100010001111001001100011,0.479375,0.2704535271041095,0.7629999965429306,16,"[0, 1, 2, 3, 4, 6, 10, 14, 15, 16, 17, 20, 23, 24, 28, 29]",16,"[0, 1, 2, 3, 4, 6, 10, 14, 15, 16, 17, 20, 23, 24, 28, 29]",0,[],0.2704535271041095,0.02314520773464875,0.15213549137084598,43.2054882144343,0.520625,0.052793359375,0.2297680556017307,0.520625,0.052793359375,0.2297680556017307
3,1,0,110001001000101101111011110100,0.40312499999999996,0.37450923677533865,0.5329999923706055,16,"[0, 1, 5, 8, 12, 14, 15, 17, 18, 19, 20, 22, 23, 24, 25, 27]",16,"[0, 1, 5, 8, 12, 14, 15, 17, 18, 19, 20, 22, 23, 24, 25, 27]",0,[],0.37450923677533865,0.04928781556465036,0.22200859344775453,20.288990058573592,0.596875,0.06859648437499999,0.26190930562887604,0.596875,0.06859648437499999,0.26190930562887604
3,1,1,010110100011000011000000110000,0.4610000000000001,0.30862997770309447,0.8155000060796738,10,"[1, 3, 4, 6, 10, 11, 16, 17, 24, 25]",10,"[1, 3, 4, 6, 10, 11, 16, 17, 24, 25]",0,[],0.30862997770309447,0.055254721682206374,0.2350632291155007,18.098000850523313,0.5389999999999999,0.036869,0.1920130203918474,0.5389999999999999,0.036869,0.1920130203918474
3,1,2,100100110010100000100000010111,0.479090909090909,0.2975940643386407,0.835999995470047,11,"[0, 3, 6, 7, 10, 12, 18, 25, 27, 28, 29]",11,"[0, 3, 6, 7, 10, 12, 18, 25, 27, 28, 29]",0,[],0.2975940643386407,0.05421896104776653,0.2328496533125324,18.443732241918227,0.520909090909091,0.06219008264462809,0.24937939498809458,0.520909090909091,0.06219008264462809,0.24937939498809458
3,1,3,110000000111101100011001110110,0.42200000000000004,0.34125497192144394,0.6044999957084656,15,"[0, 1, 9, 10, 11, 12, 14, 15, 19, 20, 23, 24, 25, 27, 28]",15,"[0, 1, 9, 10, 11, 12, 14, 15, 19, 20, 23, 24, 25, 27, 28]",0,[],0.34125497192144394,0.04305116306789059,0.2074877419701959,23.228176168505026,0.578,0.06446933333333334,0.2539081198649097,0.578,0.06446933333333334,0.2539081198649097
3,1,4,101100100000101011111000010100,0.366923076923077,0.38269749398414904,0.7674999982118607,13,"[0, 2, 3, 6, 12, 14, 16, 17, 18, 19, 20, 25, 27]",13,"[0, 2, 3, 6, 12, 14, 16, 17, 18, 19, 20, 25, 27]",0,[],0.38269749398414904,0.07363121526480786,0.27135072372265356,13.581196458643152,0.633076923076923,0.05522130177514793,0.23499213130474803,0.633076923076923,0.05522130177514793,0.23499213130474803
3,1,5,111111101011110101010101000011,0.388421052631579,0.36234020598624883,0.6660000085830688,19,"[0, 1, 2, 3, 4, 5, 6, 8, 10, 11, 12, 13, 15, 17, 19, 21, 23, 28, 29]",19,"[0, 1, 2, 3, 4, 5, 6, 8, 10, 11, 12, 13, 15, 17, 19, 21, 23, 28, 29]",0,[],0.36234020598624883,0.04447510424679036,0.21089121424751284,22.484489175135934,0.611578947368421,0.05469750692520775,0.2338749814007641,0.611578947368421,0.05469750692520775,0.2338749814007641
3,1,6,100000011110110101010110010010,0.4821428571428571,0.30580699869564604,0.6974999904632568,14,"[0, 7, 8, 9, 10, 12, 13, 15, 17, 19, 21, 22, 25, 28]",14,"[0, 7, 8, 9, 10, 12, 13, 15, 17, 19, 21, 22, 25, 28]",0,[],0.30580699869564604,0.0338229034129276,0.18391004163157487,29.565764588316966,0.5178571428571429,0.07997397959183673,0.2827967107160844,0.5178571428571429,0.07997397959183673,0.2827967107160844
3,1,7,011101010000000111110100000111,0.4007142857142857,0.36814835188644274,0.6134999990463257,14,"[1, 2, 3, 5, 7, 15, 16, 17, 18, 19, 21, 27, 28, 29]",14,"[1, 2, 3, 5, 7, 15, 16, 17, 18, 19, 21, 27, 28, 29]",0,[],0.36814835188644274,0.03884602452130311,0.19709394846443945,25.742659958719873,0.5992857142857143,0.05464948979591837,0.23377230331225804,0.5992857142857143,0.05464948979591837,0.23377230331225804
3,1,8,100000100101010101101001111111,0.5006250000000001,0.24615693790838122,0.8164999932050705,16,"[0, 6, 9, 11, 13, 15, 17, 18, 20, 23, 24, 25, 26, 27, 28, 29]",16,"[0, 6, 9, 11, 13, 15, 17, 18, 20, 23, 24, 25, 26, 27, 28, 29]",0,[],0.24615693790838122,0.02408034626928869,0.15517843364749076,41.52764203708185,0.49937499999999996,0.048955859374999994,0.22125971023889549,0.49937499999999996,0.048955859374999994,0.22125971023889549
3,1,9,001110001010011011111010010000,0.38571428571428557,0.41723607054778505,0.640500009059906,14,"[2, 3, 4, 8, 10, 13, 14, 16, 17, 18, 19, 20, 22, 25]",14,"[2, 3, 4, 8, 10, 13, 14, 16, 17, 18, 19, 20, 22, 25]",0,[],0.41723607054778505,0.06053798786424732,0.24604468672224425,16.5185536434154,0.6142857142857144,0.04431020408163265,0.21049989093021557,0.6142857142857144,0.04431020408163265,0.21049989093021557
3,1,10,100111100111011101101110010101,0.4457894736842105,0.3225666551213515,0.6559999883174896,19,"[0, 3, 4, 5, 6, 9, 10, 11, 13, 14, 15, 17, 18, 20, 21, 22, 25, 27, 29]",19,"[0, 3, 4, 5, 6, 9, 10, 11, 13, 14, 15, 17, 18, 20, 21, 22, 25, 27, 29]",0,[],0.3225666551213515,0.046236075212150805,0.21502575476475091,21.628133344181446,0.5542105263157895,0.057182271468144044,0.23912814863195014,0.5542105263157895,0.057182271468144044,0.23912814863195014
3,1,11,100001010001010000010110100110,0.46272727272727276,0.29918288778175006,0.9114999994635582,11,"[0, 5, 7, 11, 13, 19, 21, 22, 24, 27, 28]",11,"[0, 5, 7, 11, 13, 19, 21, 22, 24, 27, 28]",0,[],0.29918288778175006,0.019955504272264783,0.14126395248705448,50.111487354887494,0.5372727272727272,0.08914710743801652,0.2985751286326718,0.5372727272727272,0.08914710743801652,0.2985751286326718
3,1,12,111101110011010101011111010001,0.4347368421052632,0.31285155133197184,0.7069999873638153,19,"[0, 1, 2, 3, 5, 6, 7, 10, 11, 13, 15, 17, 19, 20, 21, 22, 23, 25, 29]",19,"[0, 1, 2, 3, 5, 6, 7, 10, 11, 13, 15, 17, 19, 20, 21, 22, 23, 25, 29]",0,[],0.31285155133197184,0.044863578904512785,0.21181024268083162,22.28979551828423,0.5652631578947368,0.06596177285318558,0.256830241313568,0.5652631578947368,0.06596177285318558,0.256830241313568
3,2,0,110001001000101101111011110100,0.40312499999999996,0.37450923677533865,0.5329999923706055,16,"[0, 1, 5, 8, 12, 14, 15, 17, 18, 19, 20, 22, 23, 24, 25, 27]",16,"[0, 1, 5, 8, 12, 14, 15, 17, 18, 19, 20, 22, 23, 24, 25, 27]",0,[],0.37450923677533865,0.04928781556465036,0.22200859344775453,20.288990058573592,0.596875,0.06859648437499999,0.26190930562887604,0.596875,0.06859648437499999,0.26190930562887604
3,2,1,111111101011110101010101000011,0.388421052631579,0.36234020598624883,0.6660000085830688,19,"[0, 1, 2, 3, 4, 5, 6, 8, 10, 11, 12, 13, 15, 17, 19, 21, 23, 28, 29]",19,"[0, 1, 2, 3, 4, 5, 6, 8, 10, 11, 12, 13, 15, 17, 19, 21, 23, 28, 29]",0,[],0.36234020598624883,0.04447510424679036,0.21089121424751284,22.484489175135934,0.611578947368421,0.05469750692520775,0.2338749814007641,0.611578947368421,0.05469750692520775,0.2338749814007641
3,2,2,011101010000000111110100000111,0.4007142857142857,0.36814835188644274,0.6134999990463257,14,"[1, 2, 3, 5, 7, 15, 16, 17, 18, 19, 21, 27, 28, 29]",14,"[1, 2, 3, 5, 7, 15, 16, 17, 18, 19, 21, 27, 28, 29]",0,[],0.36814835188644274,0.03884602452130311,0.19709394846443945,25.742659958719873,0.5992857142857143,0.05464948979591837,0.23377230331225804,0.5992857142857143,0.05464948979591837,0.23377230331225804
3,2,3,100000100101010101101001111111,0.5006250000000001,0.24615693790838122,0.8164999932050705,16,"[0, 6, 9, 11, 13, 15, 17, 18, 20, 23, 24, 25, 26, 27, 28, 29]",16,"[0, 6, 9, 11, 13, 15, 17, 18, 20, 23, 24, 25, 26, 27, 28, 29]",0,[],0.24615693790838122,0.02408034626928869,0.15517843364749076,41.52764203708185,0.49937499999999996,0.048955859374999994,0.22125971023889549,0.49937499999999996,0.048955859374999994,0.22125971023889549
3,2,4,110000001011101010011001110110,0.3786666666666666,0.38118634273608526,0.5900000035762787,15,"[0, 1, 8, 10, 11, 12, 14, 16, 19, 20, 23, 24, 25, 27, 28]",15,"[0, 1, 8, 10, 11, 12, 14, 16, 19, 20, 23, 24, 25, 27, 28]",0,[],0.38118634273608526,0.051386258251660745,0.22668537282246676,19.460455655334297,0.6213333333333334,0.0620648888888889,0.24912825790923215,0.6213333333333334,0.0620648888888889,0.24912825790923215
3,2,5,100000100111010010101001111111,0.49249999999999994,0.2717969221994281,0.9015000015497208,16,"[0, 6, 9, 10, 11, 13, 16, 18, 20, 23, 24, 25, 26, 27, 28, 29]",16,"[0, 6, 9, 10, 11, 13, 16, 18, 20, 23, 24, 25, 26, 27, 28, 29]",0,[],0.2717969221994281,0.030178233487547043,0.17371883457917578,33.136465738216486,0.5075000000000001,0.047218750000000004,0.21729875747458843,0.5075000000000001,0.047218750000000004,0.21729875747458843
3,2,6,011001000001010000010101000111,0.33000000000000007,0.37724754349751904,0.7190000116825104,11,"[1, 2, 5, 11, 13, 19, 21, 23, 27, 28, 29]",11,"[1, 2, 5, 11, 13, 19, 21, 23, 27, 28, 29]",0,[],0.37724754349751904,0.02249687729911831,0.14998959063587816,44.45061359867895,0.6699999999999999,0.03561818181818182,0.1887277982126158,0.6699999999999999,0.03561818181818182,0.1887277982126158
3,2,7,001110001010011000011110010010,0.33846153846153837,0.4276848555757449,0.6464999914169312,13,"[2, 3, 4, 8, 10, 13, 14, 19, 20, 21, 22, 25, 28]",13,"[2, 3, 4, 8, 10, 13, 14, 19, 20, 21, 22, 25, 28]",0,[],0.4276848555757449,0.05334727348883353,0.23097028702591493,18.745100444717508,0.6615384615384616,0.04585917159763313,0.21414754632643618,0.6615384615384616,0.04585917159763313,0.21414754632643618
3,2,8,111111101011101000001001000011,0.375,0.41542583145201206,0.6310000121593475,16,"[0, 1, 2, 3, 4, 5, 6, 8, 10, 11, 12, 14, 20, 23, 28, 29]",16,"[0, 1, 2, 3, 4, 5, 6, 8, 10, 11, 12, 14, 20, 23, 28, 29]",0,[],0.41542583145201206,0.057313666708565886,0.2394027291167874,17.447845469125145,0.625,0.0529,0.23,0.625,0.0529,0.23
3,2,9,111100000111101101011111011001,0.416842105263158,0.3572140112519264,0.6540000140666962,19,"[0, 1, 2, 3, 9, 10, 11, 12, 14, 15, 17, 19, 20, 21, 22, 23, 25, 26, 29]",19,"[0, 1, 2, 3, 9, 10, 11, 12, 14, 15, 17, 19, 20, 21, 22, 23, 25, 26, 29]",0,[],0.3572140112519264,0.05932097132080388,0.24355896887777276,16.85744480804379,0.583157894736842,0.06688476454293628,0.25862088961051904,0.583157894736842,0.06688476454293628,0.25862088961051904
3,2,10,110001001000011111000011110100,0.4892857142857142,0.40432773530483246,0.5290000140666962,14,"[0, 1, 5, 8, 13, 14, 15, 16, 17, 22, 23, 24, 25, 27]",14,"[0, 1, 5, 8, 13, 14, 15, 16, 17, 22, 23, 24, 25, 27]",0,[],0.40432773530483246,0.050396642757186014,0.2244919659078828,19.842591595199284,0.5107142857142858,0.050863775510204094,0.2255299880508224,0.5107142857142858,0.050863775510204094,0.2255299880508224
3,2,11,101001001011101101100100101001,0.42200000000000004,0.32738775908946993,0.5949999988079071,15,"[0, 2, 5, 8, 10, 11, 12, 14, 15, 17, 18, 21, 24, 26, 29]",15,"[0, 2, 5, 8, 10, 11, 12, 14, 15, 17, 18, 21, 24, 26, 29]",0,[],0.32738775908946993,0.05023806648039394,0.22413849843432507,19.90522466445366,0.578,0.06557600000000001,0.25607811308270767,0.578,0.06557600000000001,0.25607811308270767
3,2,12,111101110011011101011101010001,0.4142105263157895,0.3250438853314048,0.664000004529953,19,"[0, 1, 2, 3, 5, 6, 7, 10, 11, 13, 14, 15, 17, 19, 20, 21, 23, 25, 29]",19,"[0, 1, 2, 3, 5, 6, 7, 10, 11, 13, 14, 15, 17, 19, 20, 21, 23, 25, 29]",0,[],0.3250438853314048,0.053918765157513364,0.23220414543567772,18.546418803893065,0.5857894736842105,0.06019279778393352,0.24534220546806357,0.5857894736842105,0.06019279778393352,0.24534220546806357
3,2,13,110110000001101101000001101001,0.4753846153846154,0.3702978308384235,0.5945000052452087,13,"[0, 1, 3, 4, 11, 12, 14, 15, 17, 23, 24, 26, 29]",13,"[0, 1, 3, 4, 11, 12, 14, 15, 17, 23, 24, 26, 29]",0,[],0.3702978308384235,0.06816752268538268,0.2610891087069368,14.669742431676081,0.5246153846153846,0.05907100591715976,0.24304527544710627,0.5246153846153846,0.05907100591715976,0.24304527544710627
3,2,14,100111100111011100011101001001,0.41294117647058837,0.331128316328806,0.7190000116825104,17,"[0, 3, 4, 5, 6, 9, 10, 11, 13, 14, 15, 19, 20, 21, 23, 26, 29]",17,"[0, 3, 4, 5, 6, 9, 10, 11, 13, 14, 15, 19, 20, 21, 23, 26, 29]",0,[],0.331128316328806,0.05017192746438419,0.22399090933424998,19.931464676334695,0.5870588235294116,0.058597231833910024,0.24206865107632178,0.5870588235294116,0.058597231833910024,0.24206865107632178
3,2,15,110001111011010100011001110110,0.4223529411764706,0.2932271146598984,0.6410000026226044,17,"[0, 1, 5, 6, 7, 8, 10, 11, 13, 15, 19, 20, 23, 24, 25, 27, 28]",17,"[0, 1, 5, 6, 7, 8, 10, 11, 13, 15, 19, 20, 23, 24, 25, 27, 28]",0,[],0.2932271146598984,0.02922098560364902,0.17094146835583524,34.22198051646565,0.5776470588235294,0.062112110726643605,0.24922301403891978,0.5776470588235294,0.062112110726643605,0.24922301403891978
3,2,16,110101110001101101111011001111,0.42100000000000004,0.3467383362352848,0.6464999914169312,20,"[0, 1, 3, 5, 6, 7, 11, 12, 14, 15, 17, 18, 19, 20, 22, 23, 26, 27, 28, 29]",20,"[0, 1, 3, 5, 6, 7, 11, 12, 14, 15, 17, 18, 19, 20, 22, 23, 26, 27, 28, 29]",0,[],0.3467383362352848,0.05428759853901514,0.23299699255358455,18.420413260338364,0.579,0.062669,0.2503377718203947,0.579,0.062669,0.2503377718203947
3,3,0,110001001000101101111011110100,0.40312499999999996,0.37450923677533865,0.5329999923706055,16,"[0, 1, 5, 8, 12, 14, 15, 17, 18, 19, 20, 22, 23, 24, 25, 27]",16,"[0, 1, 5, 8, 12, 14, 15, 17, 18, 19, 20, 22, 23, 24, 25, 27]",0,[],0.37450923677533865,0.04928781556465036,0.22200859344775453,20.288990058573592,0.596875,0.06859648437499999,0.26190930562887604,0.596875,0.06859648437499999,0.26190930562887604
3,3,1,111111101011110101010101000011,0.388421052631579,0.36234020598624883,0.6660000085830688,19,"[0, 1, 2, 3, 4, 5, 6, 8, 10, 11, 12, 13, 15, 17, 19, 21, 23, 28, 29]",19,"[0, 1, 2, 3, 4, 5, 6, 8, 10, 11, 12, 13, 15, 17, 19, 21, 23, 28, 29]",0,[],0.36234020598624883,0.04447510424679036,0.21089121424751284,22.484489175135934,0.611578947368421,0.05469750692520775,0.2338749814007641,0.611578947368421,0.05469750692520775,0.2338749814007641
3,3,2,011101010000000111110100000111,0.4007142857142857,0.36814835188644274,0.6134999990463257,14,"[1, 2, 3, 5, 7, 15, 16, 17, 18, 19, 21, 27, 28, 29]",14,"[1, 2, 3, 5, 7, 15, 16, 17, 18, 19, 21, 27, 28, 29]",0,[],0.36814835188644274,0.03884602452130311,0.19709394846443945,25.742659958719873,0.5992857142857143,0.05464948979591837,0.23377230331225804,0.5992857142857143,0.05464948979591837,0.23377230331225804
3,3,3,100000100101010101101001111111,0.5006250000000001,0.24615693790838122,0.8164999932050705,16,"[0, 6, 9, 11, 13, 15, 17, 18, 20, 23, 24, 25, 26, 27, 28, 29]",16,"[0, 6, 9, 11, 13, 15, 17, 18, 20, 23, 24, 25, 26, 27, 28, 29]",0,[],0.24615693790838122,0.02408034626928869,0.15517843364749076,41.52764203708185,0.49937499999999996,0.048955859374999994,0.22125971023889549,0.49937499999999996,0.048955859374999994,0.22125971023889549
3,3,4,110000001011101010011001110110,0.3786666666666666,0.38118634273608526,0.5900000035762787,15,"[0, 1, 8, 10, 11, 12, 14, 16, 19, 20, 23, 24, 25, 27, 28]",15,"[0, 1, 8, 10, 11, 12, 14, 16, 19, 20, 23, 24, 25, 27, 28]",0,[],0.38118634273608526,0.051386258251660745,0.22668537282246676,19.460455655334297,0.6213333333333334,0.0620648888888889,0.24912825790923215,0.6213333333333334,0.0620648888888889,0.24912825790923215
3,3,5,100000100111010010101001111111,0.49249999999999994,0.2717969221994281,0.9015000015497208,16,"[0, 6, 9, 10, 11, 13, 16, 18, 20, 23, 24, 25, 26, 27, 28, 29]",16,"[0, 6, 9, 10, 11, 13, 16, 18, 20, 23, 24, 25, 26, 27, 28, 29]",0,[],0.2717969221994281,0.030178233487547043,0.17371883457917578,33.136465738216486,0.5075000000000001,0.047218750000000004,0.21729875747458843,0.5075000000000001,0.047218750000000004,0.21729875747458843
3,3,6,011001000001010000010101000111,0.33000000000000007,0.37724754349751904,0.7190000116825104,11,"[1, 2, 5, 11, 13, 19, 21, 23, 27, 28, 29]",11,"[1, 2, 5, 11, 13, 19, 21, 23, 27, 28, 29]",0,[],0.37724754349751904,0.02249687729911831,0.14998959063587816,44.45061359867895,0.6699999999999999,0.03561818181818182,0.1887277982126158,0.6699999999999999,0.03561818181818182,0.1887277982126158
3,3,7,110001001000011111000011110100,0.4892857142857142,0.40432773530483246,0.5290000140666962,14,"[0, 1, 5, 8, 13, 14, 15, 16, 17, 22, 23, 24, 25, 27]",14,"[0, 1, 5, 8, 13, 14, 15, 16, 17, 22, 23, 24, 25, 27]",0,[],0.40432773530483246,0.050396642757186014,0.2244919659078828,19.842591595199284,0.5107142857142858,0.050863775510204094,0.2255299880508224,0.5107142857142858,0.050863775510204094,0.2255299880508224
3,3,8,101001001011101101100100101001,0.42200000000000004,0.32738775908946993,0.5949999988079071,15,"[0, 2, 5, 8, 10, 11, 12, 14, 15, 17, 18, 21, 24, 26, 29]",15,"[0, 2, 5, 8, 10, 11, 12, 14, 15, 17, 18, 21, 24, 26, 29]",0,[],0.32738775908946993,0.05023806648039394,0.22413849843432507,19.90522466445366,0.578,0.06557600000000001,0.25607811308270767,0.578,0.06557600000000001,0.25607811308270767
3,3,9,111101110011011101011101010001,0.4142105263157895,0.3250438853314048,0.664000004529953,19,"[0, 1, 2, 3, 5, 6, 7, 10, 11, 13, 14, 15, 17, 19, 20, 21, 23, 25, 29]",19,"[0, 1, 2, 3, 5, 6, 7, 10, 11, 13, 14, 15, 17, 19, 20, 21, 23, 25, 29]",0,[],0.3250438853314048,0.053918765157513364,0.23220414543567772,18.546418803893065,0.5857894736842105,0.06019279778393352,0.24534220546806357,0.5857894736842105,0.06019279778393352,0.24534220546806357
3,3,10,110110000001101101000001101001,0.4753846153846154,0.3702978308384235,0.5945000052452087,13,"[0, 1, 3, 4, 11, 12, 14, 15, 17, 23, 24, 26, 29]",13,"[0, 1, 3, 4, 11, 12, 14, 15, 17, 23, 24, 26, 29]",0,[],0.3702978308384235,0.06816752268538268,0.2610891087069368,14.669742431676081,0.5246153846153846,0.05907100591715976,0.24304527544710627,0.5246153846153846,0.05907100591715976,0.24304527544710627
3,3,11,110001111011010100011001110110,0.4223529411764706,0.2932271146598984,0.6410000026226044,17,"[0, 1, 5, 6, 7, 8, 10, 11, 13, 15, 19, 20, 23, 24, 25, 27, 28]",17,"[0, 1, 5, 6, 7, 8, 10, 11, 13, 15, 19, 20, 23, 24, 25, 27, 28]",0,[],0.2932271146598984,0.02922098560364902,0.17094146835583524,34.22198051646565,0.5776470588235294,0.062112110726643605,0.24922301403891978,0.5776470588235294,0.062112110726643605,0.24922301403891978
3,3,12,100110001010110101010110010000,0.41153846153846163,0.3569230620677655,0.6459999978542328,13,"[0, 3, 4, 8, 10, 12, 13, 15, 17, 19, 21, 22, 25]",13,"[0, 3, 4, 8, 10, 12, 13, 15, 17, 19, 21, 22, 25]",0,[],0.3569230620677655,0.052984033074638295,0.23018260810634303,18.873610443948387,0.5884615384615384,0.07299763313609467,0.2701807416084549,0.5884615384615384,0.07299763313609467,0.2701807416084549
3,3,13,100000100111010001101001111101,0.4993333333333333,0.23351516077915827,0.903999999165535,15,"[0, 6, 9, 10, 11, 13, 17, 18, 20, 23, 24, 25, 26, 27, 29]",15,"[0, 6, 9, 10, 11, 13, 17, 18, 20, 23, 24, 25, 26, 27, 29]",0,[],0.23351516077915827,0.02505000123665043,0.15827192182017136,39.92015770988901,0.5006666666666667,0.052112888888888896,0.22828247608804514,0.5006666666666667,0.052112888888888896,0.22828247608804514
3,3,14,100100110001001101100000010110,0.475,0.30322981625795364,0.6355000138282776,12,"[0, 3, 6, 7, 11, 14, 15, 17, 18, 25, 27, 28]",12,"[0, 3, 6, 7, 11, 14, 15, 17, 18, 25, 27, 28]",0,[],0.30322981625795364,0.06551174028166322,0.2559526133518922,15.264439560002051,0.525,0.050491666666666664,0.22470350835415692,0.525,0.050491666666666664,0.22470350835415692
3,3,15,010001001000101001111011010000,0.3291666666666666,0.4123788649837176,0.550000011920929,12,"[1, 5, 8, 12, 14, 17, 18, 19, 20, 22, 23, 25]",12,"[1, 5, 8, 12, 14, 17, 18, 19, 20, 22, 23, 25]",0,[],0.4123788649837176,0.053431470142724036,0.23115248244984096,18.71556214584475,0.6708333333333334,0.04944097222222222,0.22235325997660169,0.6708333333333334,0.04944097222222222,0.22235325997660169
3,3,16,110000000001111100011001110111,0.41333333333333344,0.34192217936118446,0.6245000064373016,15,"[0, 1, 11, 12, 13, 14, 15, 19, 20, 23, 24, 25, 27, 28, 29]",15,"[0, 1, 11, 12, 13, 14, 15, 19, 20, 23, 24, 25, 27, 28, 29]",0,[],0.34192217936118446,0.04294388517321261,0.20722906449919762,23.28620235375854,0.5866666666666666,0.0623288888888889,0.2496575432244916,0.5866666666666666,0.0623288888888889,0.2496575432244916
3,3,17,001100001000011100011110010010,0.3241666666666667,0.4395521115511656,0.5995000004768372,12,"[2, 3, 8, 13, 14, 15, 19, 20, 21, 22, 25, 28]",12,"[2, 3, 8, 13, 14, 15, 19, 20, 21, 22, 25, 28]",0,[],0.4395521115511656,0.054454659155116325,0.2333552209724829,18.36390155618198,0.6758333333333333,0.047090972222222215,0.2170045442432536,0.6758333333333333,0.047090972222222215,0.2170045442432536
3,3,18,100000100101011100101001111111,0.48187500000000005,0.29028958920389414,0.6739999949932098,16,"[0, 6, 9, 11, 13, 14, 15, 18, 20, 23, 24, 25, 26, 27, 28, 29]",16,"[0, 6, 9, 11, 13, 14, 15, 18, 20, 23, 24, 25, 26, 27, 28, 29]",0,[],0.29028958920389414,0.04039512370612326,0.20098538182197048,24.75546324044097,0.518125,0.047877734375,0.21880981325114282,0.518125,0.047877734375,0.21880981325114282
3,3,19,110001111011010101011101011110,0.3963157894736842,0.2764850662727105,0.7475000023841858,19,"[0, 1, 5, 6, 7, 8, 10, 11, 13, 15, 17, 19, 20, 21, 23, 25, 26, 27, 28]",19,"[0, 1, 5, 6, 7, 8, 10, 11, 13, 15, 17, 19, 20, 21, 23, 25, 26, 27, 28]",0,[],0.2764850662727105,0.030002497756047138,0.17321229100744306,33.3305582798834,0.6036842105263158,0.05792853185595568,0.24068346818166736,0.6036842105263158,0.05792853185595568,0.24068346818166736
3,3,20,110110000001010101101001001110,0.41214285714285714,0.32946117009435383,0.6739999949932098,14,"[0, 1, 3, 4, 11, 13, 15, 17, 18, 20, 23, 26, 27, 28]",14,"[0, 1, 3, 4, 11, 13, 15, 17, 18, 20, 23, 26, 27, 28]",0,[],0.32946117009435383,0.04350613726101131,0.20858124858436175,22.985262837759795,0.5878571428571429,0.0456311224489796,0.2136144247212243,0.5878571428571429,0.0456311224489796,0.2136144247212243
3,3,21,001010001011111010011001110000,0.3621428571428569,0.41177122986742426,0.5889999866485596,14,"[2, 4, 8, 10, 11, 12, 13, 14, 16, 19, 20, 23, 24, 25]",14,"[2, 4, 8, 10, 11, 12, 13, 14, 16, 19, 20, 23, 24, 25]",0,[],0.41177122986742426,0.05077957538540552,0.22534323904968953,19.692957107463496,0.6378571428571431,0.04550255102040817,0.21331326967727107,0.6378571428571431,0.04550255102040817,0.21331326967727107
3,4,0,110001001000101101111011110100,0.40312499999999996,0.37450923677533865,0.5329999923706055,16,"[0, 1, 5, 8, 12, 14, 15, 17, 18, 19, 20, 22, 23, 24, 25, 27]",16,"[0, 1, 5, 8, 12, 14, 15, 17, 18, 19, 20, 22, 23, 24, 25, 27]",0,[],0.37450923677533865,0.04928781556465036,0.22200859344775453,20.288990058573592,0.596875,0.06859648437499999,0.26190930562887604,0.596875,0.06859648437499999,0.26190930562887604
3,4,1,111111101011110101010101000011,0.388421052631579,0.36234020598624883,0.6660000085830688,19,"[0, 1, 2, 3, 4, 5, 6, 8, 10, 11, 12, 13, 15, 17, 19, 21, 23, 28, 29]",19,"[0, 1, 2, 3, 4, 5, 6, 8, 10, 11, 12, 13, 15, 17, 19, 21, 23, 28, 29]",0,[],0.36234020598624883,0.04447510424679036,0.21089121424751284,22.484489175135934,0.611578947368421,0.05469750692520775,0.2338749814007641,0.611578947368421,0.05469750692520775,0.2338749814007641
3,4,2,011101010000000111110100000111,0.4007142857142857,0.36814835188644274,0.6134999990463257,14,"[1, 2, 3, 5, 7, 15, 16, 17, 18, 19, 21, 27, 28, 29]",14,"[1, 2, 3, 5, 7, 15, 16, 17, 18, 19, 21, 27, 28, 29]",0,[],0.36814835188644274,0.03884602452130311,0.19709394846443945,25.742659958719873,0.5992857142857143,0.05464948979591837,0.23377230331225804,0.5992857142857143,0.05464948979591837,0.23377230331225804
3,4,3,100000100101010101101001111111,0.5006250000000001,0.24615693790838122,0.8164999932050705,16,"[0, 6, 9, 11, 13, 15, 17, 18, 20, 23, 24, 25, 26, 27, 28, 29]",16,"[0, 6, 9, 11, 13, 15, 17, 18, 20, 23, 24, 25, 26, 27, 28, 29]",0,[],0.24615693790838122,0.02408034626928869,0.15517843364749076,41.52764203708185,0.49937499999999996,0.048955859374999994,0.22125971023889549,0.49937499999999996,0.048955859374999994,0.22125971023889549
3,4,4,110000001011101010011001110110,0.3786666666666666,0.38118634273608526,0.5900000035762787,15,"[0, 1, 8, 10, 11, 12, 14, 16, 19, 20, 23, 24, 25, 27, 28]",15,"[0, 1, 8, 10, 11, 12, 14, 16, 19, 20, 23, 24, 25, 27, 28]",0,[],0.38118634273608526,0.051386258251660745,0.22668537282246676,19.460455655334297,0.6213333333333334,0.0620648888888889,0.24912825790923215,0.6213333333333334,0.0620648888888889,0.24912825790923215
3,4,5,011001000001010000010101000111,0.33000000000000007,0.37724754349751904,0.7190000116825104,11,"[1, 2, 5, 11, 13, 19, 21, 23, 27, 28, 29]",11,"[1, 2, 5, 11, 13, 19, 21, 23, 27, 28, 29]",0,[],0.37724754349751904,0.02249687729911831,0.14998959063587816,44.45061359867895,0.6699999999999999,0.03561818181818182,0.1887277982126158,0.6699999999999999,0.03561818181818182,0.1887277982126158
3,4,6,110001001000011111000011110100,0.4892857142857142,0.40432773530483246,0.5290000140666962,14,"[0, 1, 5, 8, 13, 14, 15, 16, 17, 22, 23, 24, 25, 27]",14,"[0, 1, 5, 8, 13, 14, 15, 16, 17, 22, 23, 24, 25, 27]",0,[],0.40432773530483246,0.050396642757186014,0.2244919659078828,19.842591595199284,0.5107142857142858,0.050863775510204094,0.2255299880508224,0.5107142857142858,0.050863775510204094,0.2255299880508224
3,4,7,101001001011101101100100101001,0.42200000000000004,0.32738775908946993,0.5949999988079071,15,"[0, 2, 5, 8, 10, 11, 12, 14, 15, 17, 18, 21, 24, 26, 29]",15,"[0, 2, 5, 8, 10, 11, 12, 14, 15, 17, 18, 21, 24, 26, 29]",0,[],0.32738775908946993,0.05023806648039394,0.22413849843432507,19.90522466445366,0.578,0.06557600000000001,0.25607811308270767,0.578,0.06557600000000001,0.25607811308270767
3,4,8,111101110011011101011101010001,0.4142105263157895,0.3250438853314048,0.664000004529953,19,"[0, 1, 2, 3, 5, 6, 7, 10, 11, 13, 14, 15, 17, 19, 20, 21, 23, 25, 29]",19,"[0, 1, 2, 3, 5, 6, 7, 10, 11, 13, 14, 15, 17, 19, 20, 21, 23, 25, 29]",0,[],0.3250438853314048,0.053918765157513364,0.23220414543567772,18.546418803893065,0.5857894736842105,0.06019279778393352,0.24534220546806357,0.5857894736842105,0.06019279778393352,0.24534220546806357
3,4,9,110001111011010100011001110110,0.4223529411764706,0.2932271146598984,0.6410000026226044,17,"[0, 1, 5, 6, 7, 8, 10, 11, 13, 15, 19, 20, 23, 24, 25, 27, 28]",17,"[0, 1, 5, 6, 7, 8, 10, 11, 13, 15, 19, 20, 23, 24, 25, 27, 28]",0,[],0.2932271146598984,0.02922098560364902,0.17094146835583524,34.22198051646565,0.5776470588235294,0.062112110726643605,0.24922301403891978,0.5776470588235294,0.062112110726643605,0.24922301403891978
3,4,10,100110001010110101010110010000,0.41153846153846163,0.3569230620677655,0.6459999978542328,13,"[0, 3, 4, 8, 10, 12, 13, 15, 17, 19, 21, 22, 25]",13,"[0, 3, 4, 8, 10, 12, 13, 15, 17, 19, 21, 22, 25]",0,[],0.3569230620677655,0.052984033074638295,0.23018260810634303,18.873610443948387,0.5884615384615384,0.07299763313609467,0.2701807416084549,0.5884615384615384,0.07299763313609467,0.2701807416084549
3,4,11,100000100111010001101001111101,0.4993333333333333,0.23351516077915827,0.903999999165535,15,"[0, 6, 9, 10, 11, 13, 17, 18, 20, 23, 24, 25, 26, 27, 29]",15,"[0, 6, 9, 10, 11, 13, 17, 18, 20, 23, 24, 25, 26, 27, 29]",0,[],0.23351516077915827,0.02505000123665043,0.15827192182017136,39.92015770988901,0.5006666666666667,0.052112888888888896,0.22828247608804514,0.5006666666666667,0.052112888888888896,0.22828247608804514
3,4,12,100100110001001101100000010110,0.475,0.30322981625795364,0.6355000138282776,12,"[0, 3, 6, 7, 11, 14, 15, 17, 18, 25, 27, 28]",12,"[0, 3, 6, 7, 11, 14, 15, 17, 18, 25, 27, 28]",0,[],0.30322981625795364,0.06551174028166322,0.2559526133518922,15.264439560002051,0.525,0.050491666666666664,0.22470350835415692,0.525,0.050491666666666664,0.22470350835415692
3,4,13,010001001000101001111011010000,0.3291666666666666,0.4123788649837176,0.550000011920929,12,"[1, 5, 8, 12, 14, 17, 18, 19, 20, 22, 23, 25]",12,"[1, 5, 8, 12, 14, 17, 18, 19, 20, 22, 23, 25]",0,[],0.4123788649837176,0.053431470142724036,0.23115248244984096,18.71556214584475,0.6708333333333334,0.04944097222222222,0.22235325997660169,0.6708333333333334,0.04944097222222222,0.22235325997660169
3,4,14,110000000001111100011001110111,0.41333333333333344,0.34192217936118446,0.6245000064373016,15,"[0, 1, 11, 12, 13, 14, 15, 19, 20, 23, 24, 25, 27, 28, 29]",15,"[0, 1, 11, 12, 13, 14, 15, 19, 20, 23, 24, 25, 27, 28, 29]",0,[],0.34192217936118446,0.04294388517321261,0.20722906449919762,23.28620235375854,0.5866666666666666,0.0623288888888889,0.2496575432244916,0.5866666666666666,0.0623288888888889,0.2496575432244916
3,4,15,001100001000011100011110010010,0.3241666666666667,0.4395521115511656,0.5995000004768372,12,"[2, 3, 8, 13, 14, 15, 19, 20, 21, 22, 25, 28]",12,"[2, 3, 8, 13, 14, 15, 19, 20, 21, 22, 25, 28]",0,[],0.4395521115511656,0.054454659155116325,0.2333552209724829,18.36390155618198,0.6758333333333333,0.047090972222222215,0.2170045442432536,0.6758333333333333,0.047090972222222215,0.2170045442432536
3,4,16,110001111011010101011101011110,0.3963157894736842,0.2764850662727105,0.7475000023841858,19,"[0, 1, 5, 6, 7, 8, 10, 11, 13, 15, 17, 19, 20, 21, 23, 25, 26, 27, 28]",19,"[0, 1, 5, 6, 7, 8, 10, 11, 13, 15, 17, 19, 20, 21, 23, 25, 26, 27, 28]",0,[],0.2764850662727105,0.030002497756047138,0.17321229100744306,33.3305582798834,0.6036842105263158,0.05792853185595568,0.24068346818166736,0.6036842105263158,0.05792853185595568,0.24068346818166736
3,4,17,110110000001010101101001001110,0.41214285714285714,0.32946117009435383,0.6739999949932098,14,"[0, 1, 3, 4, 11, 13, 15, 17, 18, 20, 23, 26, 27, 28]",14,"[0, 1, 3, 4, 11, 13, 15, 17, 18, 20, 23, 26, 27, 28]",0,[],0.32946117009435383,0.04350613726101131,0.20858124858436175,22.985262837759795,0.5878571428571429,0.0456311224489796,0.2136144247212243,0.5878571428571429,0.0456311224489796,0.2136144247212243
3,4,18,100100110001001101000000010110,0.48818181818181816,0.30981714210726996,0.6119999885559082,11,"[0, 3, 6, 7, 11, 14, 15, 17, 25, 27, 28]",11,"[0, 3, 6, 7, 11, 14, 15, 17, 25, 27, 28]",0,[],0.30981714210726996,0.07094663869240085,0.26635810235921276,14.095100464669523,0.5118181818181818,0.052996694214876024,0.23021010884597579,0.5118181818181818,0.052996694214876024,0.23021010884597579
3,4,19,110001111011010101010001101001,0.48250000000000004,0.26496855169534683,0.7660000026226044,16,"[0, 1, 5, 6, 7, 8, 10, 11, 13, 15, 17, 19, 23, 24, 26, 29]",16,"[0, 1, 5, 6, 7, 8, 10, 11, 13, 15, 17, 19, 23, 24, 26, 29]",0,[],0.26496855169534683,0.030867233938267673,0.17569073378601296,32.396812814518164,0.5175,0.06185625,0.248709167502929,0.5175,0.06185625,0.248709167502929
3,4,20,100010101001010101101001111101,0.46124999999999994,0.2655772506259382,0.7044999897480011,16,"[0, 4, 6, 8, 11, 13, 15, 17, 18, 20, 23, 24, 25, 26, 27, 29]",16,"[0, 4, 6, 8, 11, 13, 15, 17, 18, 20, 23, 24, 25, 26, 27, 29]",0,[],0.2655772506259382,0.032750103937535996,0.18096989787679055,30.534254239537432,0.5387500000000001,0.0532859375,0.23083746987870057,0.5387500000000001,0.0532859375,0.23083746987870057
3,4,21,110001111011010100011001110000,0.4279999999999997,0.27823281635840735,0.6534999907016754,15,"[0, 1, 5, 6, 7, 8, 10, 11, 13, 15, 19, 20, 23, 24, 25]",15,"[0, 1, 5, 6, 7, 8, 10, 11, 13, 15, 19, 20, 23, 24, 25]",0,[],0.27823281635840735,0.030686890056628675,0.17517673948509452,32.58720574664392,0.5720000000000003,0.06820266666666666,0.2611564026913119,0.5720000000000003,0.06820266666666666,0.2611564026913119
3,4,22,000000001000011100011110010110,0.33090909090909093,0.39083643731745804,0.5715000033378601,11,"[8, 13, 14, 15, 19, 20, 21, 22, 25, 27, 28]",11,"[8, 13, 14, 15, 19, 20, 21, 22, 25, 27, 28]",0,[],0.39083643731745804,0.04056897169930941,0.20141740664428537,24.649380009230615,0.6690909090909091,0.04951735537190083,0.22252495449252613,0.6690909090909091,0.04951735537190083,0.22252495449252613
3,4,23,110110000001000101011101011110,0.3746666666666666,0.30864373097817105,0.7305000126361847,15,"[0, 1, 3, 4, 11, 15, 17, 19, 20, 21, 23, 25, 26, 27, 28]",15,"[0, 1, 3, 4, 11, 15, 17, 19, 20, 21, 23, 25, 26, 27, 28]",0,[],0.30864373097817105,0.04450762042767301,0.21096829246991836,22.46806255627724,0.6253333333333334,0.055571555555555555,0.2357361990776036,0.6253333333333334,0.055571555555555555,0.2357361990776036
3,4,24,100000100111010001101001111111,0.4993749999999999,0.24037568783387542,0.898999996483326,16,"[0, 6, 9, 10, 11, 13, 17, 18, 20, 23, 24, 25, 26, 27, 28, 29]",16,"[0, 6, 9, 10, 11, 13, 17, 18, 20, 23, 24, 25, 26, 27, 28, 29]",0,[],0.24037568783387542,0.024190378631387368,0.15553256453677913,41.338749394459064,0.5006250000000001,0.048855859375,0.2210336159388431,0.5006250000000001,0.048855859375,0.2210336159388431
3,4,25,110000001111110101100010110100,0.472,0.3177097221215566,0.539000004529953,15,"[0, 1, 8, 9, 10, 11, 12, 13, 15, 17, 18, 22, 24, 25, 27]",15,"[0, 1, 8, 9, 10, 11, 12, 13, 15, 17, 18, 22, 24, 25, 27]",0,[],0.3177097221215566,0.03384048466264616,0.18395783392572918,29.550404196894412,0.528,0.064416,0.2538030732674449,0.528,0.064416,0.2538030732674449
3,4,26,110001111011010101111001110110,0.43052631578947353,0.2797700096117823,0.6399999856948853,19,"[0, 1, 5, 6, 7, 8, 10, 11, 13, 15, 17, 18, 19, 20, 23, 24, 25, 27, 28]",19,"[0, 1, 5, 6, 7, 8, 10, 11, 13, 15, 17, 18, 19, 20, 23, 24, 25, 27, 28]",0,[],0.2797700096117823,0.028134404199664887,0.16773313387540603,35.54367076349572,0.5694736842105265,0.05918393351800555,0.24327748255439827,0.5694736842105265,0.05918393351800555,0.24327748255439827
3,4,27,100010001010110100000000010000,0.44875,0.3257951224222779,0.590499997138977,8,"[0, 4, 8, 10, 12, 13, 15, 25]",8,"[0, 4, 8, 10, 12, 13, 15, 25]",0,[],0.3257951224222779,0.04065205015193934,0.20162353570934952,24.599005370268987,0.55125,0.05883593750000001,0.24256120361673672,0.55125,0.05883593750000001,0.24256120361673672
3,4,28,000000000101100100011110010010,0.354,0.3176710568368435,0.8634999990463257,10,"[9, 11, 12, 15, 19, 20, 21, 22, 25, 28]",10,"[9, 11, 12, 15, 19, 20, 21, 22, 25, 28]",0,[],0.3176710568368435,0.025328948692377527,0.1591507106247959,39.480517416853516,0.646,0.072424,0.26911707489492376,0.646,0.072424,0.26911707489492376
3,4,29,100001010001010000011101010110,0.38,0.28790527768433094,0.909500002861023,12,"[0, 5, 7, 11, 13, 19, 20, 21, 23, 25, 27, 28]",12,"[0, 5, 7, 11, 13, 19, 20, 21, 23, 25, 27, 28]",0,[],0.28790527768433094,0.02618508604700644,0.16181806464979873,38.18967782671553,0.62,0.07229999999999999,0.26888659319497504,0.62,0.07229999999999999,0.26888659319497504
3,5,0,001100001000001100011110010010,0.3145454545454546,0.44678412039171567,0.5550000071525574,11,"[2, 3, 8, 14, 15, 19, 20, 21, 22, 25, 28]",11,"[2, 3, 8, 14, 15, 19, 20, 21, 22, 25, 28]",0,[],0.44678412039171567,0.05877745929223483,0.24244063044843542,17.013324700343272,0.6854545454545454,0.05026115702479337,0.22419000206252143,0.6854545454545454,0.05026115702479337,0.22419000206252143
3,5,1,100000010001001101100000111010,0.5463636363636364,0.2301453548398885,0.7314999997615814,11,"[0, 7, 11, 14, 15, 17, 18, 24, 25, 26, 28]",11,"[0, 7, 11, 14, 15, 17, 18, 24, 25, 26, 28]",0,[],0.2301453548398885,0.040371466438919756,0.20092651999902789,24.769969689185203,0.45363636363636367,0.04671404958677686,0.2161343322722627,0.45363636363636367,0.04671404958677686,0.2161343322722627
3,5,2,000000001000011101011010010010,0.399,0.36222921758890153,0.50450000166893,10,"[8, 13, 14, 15, 17, 19, 20, 22, 25, 28]",10,"[8, 13, 14, 15, 17, 19, 20, 22, 25, 28]",0,[],0.36222921758890153,0.05099673157927408,0.22582455929166356,19.60909981937777,0.601,0.053488999999999995,0.23127689032845455,0.601,0.053488999999999995,0.23127689032845455
3,5,3,100001010001010000011101010110,0.38,0.28790527768433094,0.909500002861023,12,"[0, 5, 7, 11, 13, 19, 20, 21, 23, 25, 27, 28]",12,"[0, 5, 7, 11, 13, 19, 20, 21, 23, 25, 27, 28]",0,[],0.28790527768433094,0.02618508604700644,0.16181806464979873,38.18967782671553,0.62,0.07229999999999999,0.26888659319497504,0.62,0.07229999999999999,0.26888659319497504
3,5,4,010001001000101001111011010000,0.3291666666666666,0.4123788649837176,0.550000011920929,12,"[1, 5, 8, 12, 14, 17, 18, 19, 20, 22, 23, 25]",12,"[1, 5, 8, 12, 14, 17, 18, 19, 20, 22, 23, 25]",0,[],0.4123788649837176,0.053431470142724036,0.23115248244984096,18.71556214584475,0.6708333333333334,0.04944097222222222,0.22235325997660169,0.6708333333333334,0.04944097222222222,0.22235325997660169
3,5,5,110110000001011000011101001010,0.3453846153846154,0.3746746314259676,0.8400000035762787,13,"[0, 1, 3, 4, 11, 13, 14, 19, 20, 21, 23, 26, 28]",13,"[0, 1, 3, 4, 11, 13, 14, 19, 20, 21, 23, 26, 28]",0,[],0.3746746314259676,0.056737469400488724,0.23819628334734513,17.625037044591668,0.6546153846153846,0.05297869822485208,0.23017101951560295,0.6546153846153846,0.05297869822485208,0.23017101951560295
3,5,6,100000100101010101101001111111,0.5006250000000001,0.24615693790838122,0.8164999932050705,16,"[0, 6, 9, 11, 13, 15, 17, 18, 20, 23, 24, 25, 26, 27, 28, 29]",16,"[0, 6, 9, 11, 13, 15, 17, 18, 20, 23, 24, 25, 26, 27, 28, 29]",0,[],0.24615693790838122,0.02408034626928869,0.15517843364749076,41.52764203708185,0.49937499999999996,0.048955859374999994,0.22125971023889549,0.49937499999999996,0.048955859374999994,0.22125971023889549
3,5,7,000000001000011100011110010110,0.33090909090909093,0.39083643731745804,0.5715000033378601,11,"[8, 13, 14, 15, 19, 20, 21, 22, 25, 27, 28]",11,"[8, 13, 14, 15, 19, 20, 21, 22, 25, 27, 28]",0,[],0.39083643731745804,0.04056897169930941,0.20141740664428537,24.649380009230615,0.6690909090909091,0.04951735537190083,0.22252495449252613,0.6690909090909091,0.04951735537190083,0.22252495449252613
3,5,8,001100001000011100011110010010,0.3241666666666667,0.4395521115511656,0.5995000004768372,12,"[2, 3, 8, 13, 14, 15, 19, 20, 21, 22, 25, 28]",12,"[2, 3, 8, 13, 14, 15, 19, 20, 21, 22, 25, 28]",0,[],0.4395521115511656,0.054454659155116325,0.2333552209724829,18.36390155618198,0.6758333333333333,0.047090972222222215,0.2170045442432536,0.6758333333333333,0.047090972222222215,0.2170045442432536
3,5,9,100000100111010001100001111101,0.5307142857142857,0.23396104840295656,0.903499998152256,14,"[0, 6, 9, 10, 11, 13, 17, 18, 23, 24, 25, 26, 27, 29]",14,"[0, 6, 9, 10, 11, 13, 17, 18, 23, 24, 25, 26, 27, 29]",0,[],0.23396104840295656,0.02683630480267248,0.16381790134986005,37.26295432076086,0.4692857142857143,0.041063775510204084,0.2026419885171977,0.4692857142857143,0.041063775510204084,0.2026419885171977
3,5,10,110001111011010101010001101001,0.48250000000000004,0.26496855169534683,0.7660000026226044,16,"[0, 1, 5, 6, 7, 8, 10, 11, 13, 15, 17, 19, 23, 24, 26, 29]",16,"[0, 1, 5, 6, 7, 8, 10, 11, 13, 15, 17, 19, 23, 24, 26, 29]",0,[],0.26496855169534683,0.030867233938267673,0.17569073378601296,32.396812814518164,0.5175,0.06185625,0.248709167502929,0.5175,0.06185625,0.248709167502929
3,5,11,000000000101100100011110010010,0.354,0.3176710568368435,0.8634999990463257,10,"[9, 11, 12, 15, 19, 20, 21, 22, 25, 28]",10,"[9, 11, 12, 15, 19, 20, 21, 22, 25, 28]",0,[],0.3176710568368435,0.025328948692377527,0.1591507106247959,39.480517416853516,0.646,0.072424,0.26911707489492376,0.646,0.072424,0.26911707489492376
3,5,12,110000001111110101100010110100,0.472,0.3177097221215566,0.539000004529953,15,"[0, 1, 8, 9, 10, 11, 12, 13, 15, 17, 18, 22, 24, 25, 27]",15,"[0, 1, 8, 9, 10, 11, 12, 13, 15, 17, 18, 22, 24, 25, 27]",0,[],0.3177097221215566,0.03384048466264616,0.18395783392572918,29.550404196894412,0.528,0.064416,0.2538030732674449,0.528,0.064416,0.2538030732674449
3,5,13,111001111011010101011101011110,0.39349999999999996,0.29343004487454893,0.6780000030994415,20,"[0, 1, 2, 5, 6, 7, 8, 10, 11, 13, 15, 17, 19, 20, 21, 23, 25, 26, 27, 28]",20,"[0, 1, 2, 5, 6, 7, 8, 10, 11, 13, 15, 17, 19, 20, 21, 23, 25, 26, 27, 28]",0,[],0.29343004487454893,0.03395788656476326,0.18427665767742601,29.448240192829317,0.6065,0.05518275,0.23491008918307446,0.6065,0.05518275,0.23491008918307446
3,5,14,100010001010110100000000010000,0.44875,0.3257951224222779,0.590499997138977,8,"[0, 4, 8, 10, 12, 13, 15, 25]",8,"[0, 4, 8, 10, 12, 13, 15, 25]",0,[],0.3257951224222779,0.04065205015193934,0.20162353570934952,24.599005370268987,0.55125,0.05883593750000001,0.24256120361673672,0.55125,0.05883593750000001,0.24256120361673672
3,5,15,110000000001111100011001110111,0.41333333333333344,0.34192217936118446,0.6245000064373016,15,"[0, 1, 11, 12, 13, 14, 15, 19, 20, 23, 24, 25, 27, 28, 29]",15,"[0, 1, 11, 12, 13, 14, 15, 19, 20, 23, 24, 25, 27, 28, 29]",0,[],0.34192217936118446,0.04294388517321261,0.20722906449919762,23.28620235375854,0.5866666666666666,0.0623288888888889,0.2496575432244916,0.5866666666666666,0.0623288888888889,0.2496575432244916
3,5,16,100010101001010101101001111101,0.46124999999999994,0.2655772506259382,0.7044999897480011,16,"[0, 4, 6, 8, 11, 13, 15, 17, 18, 20, 23, 24, 25, 26, 27, 29]",16,"[0, 4, 6, 8, 11, 13, 15, 17, 18, 20, 23, 24, 25, 26, 27, 29]",0,[],0.2655772506259382,0.032750103937535996,0.18096989787679055,30.534254239537432,0.5387500000000001,0.0532859375,0.23083746987870057,0.5387500000000001,0.0532859375,0.23083746987870057
3,5,17,110001111011010101011101011110,0.3963157894736842,0.2764850662727105,0.7475000023841858,19,"[0, 1, 5, 6, 7, 8, 10, 11, 13, 15, 17, 19, 20, 21, 23, 25, 26, 27, 28]",19,"[0, 1, 5, 6, 7, 8, 10, 11, 13, 15, 17, 19, 20, 21, 23, 25, 26, 27, 28]",0,[],0.2764850662727105,0.030002497756047138,0.17321229100744306,33.3305582798834,0.6036842105263158,0.05792853185595568,0.24068346818166736,0.6036842105263158,0.05792853185595568,0.24068346818166736
3,5,18,110001111011010101111001110110,0.43052631578947353,0.2797700096117823,0.6399999856948853,19,"[0, 1, 5, 6, 7, 8, 10, 11, 13, 15, 17, 18, 19, 20, 23, 24, 25, 27, 28]",19,"[0, 1, 5, 6, 7, 8, 10, 11, 13, 15, 17, 18, 19, 20, 23, 24, 25, 27, 28]",0,[],0.2797700096117823,0.028134404199664887,0.16773313387540603,35.54367076349572,0.5694736842105265,0.05918393351800555,0.24327748255439827,0.5694736842105265,0.05918393351800555,0.24327748255439827
3,5,19,110011111011010101010000101001,0.48375,0.24785996787250042,0.8174999952316284,16,"[0, 1, 4, 5, 6, 7, 8, 10, 11, 13, 15, 17, 19, 24, 26, 29]",16,"[0, 1, 4, 5, 6, 7, 8, 10, 11, 13, 15, 17, 19, 24, 26, 29]",0,[],0.24785996787250042,0.022031259600954634,0.14842930842982,45.390051141545676,0.51625,0.06194843750000001,0.24889443043186002,0.51625,0.06194843750000001,0.24889443043186002
3,5,20,100100110001001101100000010110,0.475,0.30322981625795364,0.6355000138282776,12,"[0, 3, 6, 7, 11, 14, 15, 17, 18, 25, 27, 28]",12,"[0, 3, 6, 7, 11, 14, 15, 17, 18, 25, 27, 28]",0,[],0.30322981625795364,0.06551174028166322,0.2559526133518922,15.264439560002051,0.525,0.050491666666666664,0.22470350835415692,0.525,0.050491666666666664,0.22470350835415692
3,5,21,110001111011010100010100010010,0.40142857142857125,0.2663871576743467,0.6890000104904175,14,"[0, 1, 5, 6, 7, 8, 10, 11, 13, 15, 19, 21, 25, 28]",14,"[0, 1, 5, 6, 7, 8, 10, 11, 13, 15, 19, 21, 25, 28]",0,[],0.2663871576743467,0.022704854847828842,0.15068130225024218,44.04344386705583,0.5985714285714288,0.06289795918367347,0.25079465541289647,0.5985714285714288,0.06289795918367347,0.25079465541289647
3,5,22,100000100111010001101001111111,0.4993749999999999,0.24037568783387542,0.898999996483326,16,"[0, 6, 9, 10, 11, 13, 17, 18, 20, 23, 24, 25, 26, 27, 28, 29]",16,"[0, 6, 9, 10, 11, 13, 17, 18, 20, 23, 24, 25, 26, 27, 28, 29]",0,[],0.24037568783387542,0.024190378631387368,0.15553256453677913,41.338749394459064,0.5006250000000001,0.048855859375,0.2210336159388431,0.5006250000000001,0.048855859375,0.2210336159388431
3,5,23,100100110001001101000000010110,0.48818181818181816,0.30981714210726996,0.6119999885559082,11,"[0, 3, 6, 7, 11, 14, 15, 17, 25, 27, 28]",11,"[0, 3, 6, 7, 11, 14, 15, 17, 25, 27, 28]",0,[],0.30981714210726996,0.07094663869240085,0.26635810235921276,14.095100464669523,0.5118181818181818,0.052996694214876024,0.23021010884597579,0.5118181818181818,0.052996694214876024,0.23021010884597579
3,5,24,100110001010110101010110010000,0.41153846153846163,0.3569230620677655,0.6459999978542328,13,"[0, 3, 4, 8, 10, 12, 13, 15, 17, 19, 21, 22, 25]",13,"[0, 3, 4, 8, 10, 12, 13, 15, 17, 19, 21, 22, 25]",0,[],0.3569230620677655,0.052984033074638295,0.23018260810634303,18.873610443948387,0.5884615384615384,0.07299763313609467,0.2701807416084549,0.5884615384615384,0.07299763313609467,0.2701807416084549
3,5,25,101001001011101101100100101001,0.42200000000000004,0.32738775908946993,0.5949999988079071,15,"[0, 2, 5, 8, 10, 11, 12, 14, 15, 17, 18, 21, 24, 26, 29]",15,"[0, 2, 5, 8, 10, 11, 12, 14, 15, 17, 18, 21, 24, 26, 29]",0,[],0.32738775908946993,0.05023806648039394,0.22413849843432507,19.90522466445366,0.578,0.06557600000000001,0.25607811308270767,0.578,0.06557600000000001,0.25607811308270767
3,5,26,110010001010100101011101011110,0.37375,0.3163220635615289,0.6550000011920929,16,"[0, 1, 4, 8, 10, 12, 15, 17, 19, 20, 21, 23, 25, 26, 27, 28]",16,"[0, 1, 4, 8, 10, 12, 15, 17, 19, 20, 21, 23, 25, 26, 27, 28]",0,[],0.3163220635615289,0.03694730128784347,0.19221680802636243,27.065576243562433,0.62625,0.058510937500000006,0.24189034189070055,0.62625,0.058510937500000006,0.24189034189070055
3,5,27,010110000001010111111001010000,0.3699999999999999,0.34984035789966583,0.6545000076293945,13,"[1, 3, 4, 11, 13, 15, 16, 17, 18, 19, 20, 23, 25]",13,"[1, 3, 4, 11, 13, 15, 16, 17, 18, 19, 20, 23, 25]",0,[],0.34984035789966583,0.04671467098509599,0.21613576979550606,21.406551280625383,0.6300000000000001,0.03596923076923077,0.18965555823447613,0.6300000000000001,0.03596923076923077,0.18965555823447613
3,5,28,100000101001010001010110010000,0.41300000000000003,0.2631738156080246,0.9015000015497208,10,"[0, 6, 8, 11, 13, 17, 19, 21, 22, 25]",10,"[0, 6, 8, 11, 13, 17, 19, 21, 22, 25]",0,[],0.2631738156080246,0.037453448891413846,0.193528935540435,26.699810821140392,0.587,0.079341,0.28167534503395925,0.587,0.079341,0.28167534503395925
3,5,29,011001000001010000010101000111,0.33000000000000007,0.37724754349751904,0.7190000116825104,11,"[1, 2, 5, 11, 13, 19, 21, 23, 27, 28, 29]",11,"[1, 2, 5, 11, 13, 19, 21, 23, 27, 28, 29]",0,[],0.37724754349751904,0.02249687729911831,0.14998959063587816,44.45061359867895,0.6699999999999999,0.03561818181818182,0.1887277982126158,0.6699999999999999,0.03561818181818182,0.1887277982126158
4,1,0,110001001000101101111011110100,0.41874999999999996,0.4791015670634806,0.42000001668930054,16,"[0, 1, 5, 8, 12, 14, 15, 17, 18, 19, 20, 22, 23, 24, 25, 27]",16,"[0, 1, 5, 8, 12, 14, 15, 17, 18, 19, 20, 22, 23, 24, 25, 27]",0,[],0.4791015670634806,0.04858538435106097,0.2204209253928968,20.582321481175292,0.58125,0.0660359375,0.25697458531924905,0.58125,0.0660359375,0.25697458531924905
4,1,1,010110100011000011000000110000,0.44100000000000006,0.44005805924534797,0.7559999972581863,10,"[1, 3, 4, 6, 10, 11, 16, 17, 24, 25]",10,"[1, 3, 4, 6, 10, 11, 16, 17, 24, 25]",0,[],0.44005805924534797,0.030918793793028775,0.1758374072631554,32.3427882308096,0.5589999999999999,0.031409,0.17722584461641028,0.5589999999999999,0.031409,0.17722584461641028
4,1,2,110000000111101100011001110110,0.43200000000000005,0.47714311480522154,0.47450000047683716,15,"[0, 1, 9, 10, 11, 12, 14, 15, 19, 20, 23, 24, 25, 27, 28]",15,"[0, 1, 9, 10, 11, 12, 14, 15, 19, 20, 23, 24, 25, 27, 28]",0,[],0.47714311480522154,0.032521311274915164,0.18033666092870623,30.749067635883897,0.568,0.05982933333333333,0.24460035431972157,0.568,0.05982933333333333,0.24460035431972157
4,1,3,101100100000101011111000010100,0.3861538461538462,0.47584100468800616,0.6270000040531158,13,"[0, 2, 3, 6, 12, 14, 16, 17, 18, 19, 20, 25, 27]",13,"[0, 2, 3, 6, 12, 14, 16, 17, 18, 19, 20, 25, 27]",0,[],0.47584100468800616,0.06000891674736171,0.2449671748364701,16.664190160439198,0.6138461538461538,0.044392899408284024,0.21069622542486144,0.6138461538461538,0.044392899408284024,0.21069622542486144
4,1,4,111111101011110101010101000011,0.39368421052631575,0.47836650868779734,0.5839999914169312,19,"[0, 1, 2, 3, 4, 5, 6, 8, 10, 11, 12, 13, 15, 17, 19, 21, 23, 28, 29]",19,"[0, 1, 2, 3, 4, 5, 6, 8, 10, 11, 12, 13, 15, 17, 19, 21, 23, 28, 29]",0,[],0.47836650868779734,0.0443384999581151,0.21056709134647583,22.553762552739993,0.6063157894736843,0.04573905817174515,0.21386691696413718,0.6063157894736843,0.04573905817174515,0.21386691696413718
4,1,5,011101010000000111110100000111,0.41500000000000004,0.4798232045556818,0.5834999978542328,14,"[1, 2, 3, 5, 7, 15, 16, 17, 18, 19, 21, 27, 28, 29]",14,"[1, 2, 3, 5, 7, 15, 16, 17, 18, 19, 21, 27, 28, 29]",0,[],0.4798232045556818,0.03279930190283034,0.18110577545409848,30.48845377753931,0.585,0.04549642857142857,0.2132989183550366,0.585,0.04549642857142857,0.2132989183550366
4,1,6,100000100101010101101001111111,0.4881249999999999,0.3892181306146085,0.6610000133514404,16,"[0, 6, 9, 11, 13, 15, 17, 18, 20, 23, 24, 25, 26, 27, 28, 29]",16,"[0, 6, 9, 11, 13, 15, 17, 18, 20, 23, 24, 25, 26, 27, 28, 29]",0,[],0.3892181306146085,0.023996737487922408,0.15490880377797256,41.672331520203585,0.5118750000000001,0.044877734375,0.21184365549857753,0.5118750000000001,0.044877734375,0.21184365549857753
4,1,7,100001010001010000010110100110,0.4672727272727273,0.4336391470649026,0.6584999859333038,11,"[0, 5, 7, 11, 13, 19, 21, 22, 24, 27, 28]",11,"[0, 5, 7, 11, 13, 19, 21, 22, 24, 27, 28]",0,[],0.4336391470649026,0.020664954898303167,0.1437531039605864,48.39110488850434,0.5327272727272727,0.082601652892562,0.2874050328239956,0.5327272727272727,0.082601652892562,0.2874050328239956
4,1,8,110010101010111100000001011111,0.43937499999999996,0.4770732009783387,0.5929999947547913,16,"[0, 1, 4, 6, 8, 10, 12, 13, 14, 15, 23, 25, 26, 27, 28, 29]",16,"[0, 1, 4, 6, 8, 10, 12, 13, 14, 15, 23, 25, 26, 27, 28, 29]",0,[],0.4770732009783387,0.043450590143180756,0.20844805142572276,23.014647136085962,0.560625,0.040193359375,0.20048281566009593,0.560625,0.040193359375,0.20048281566009593
4,1,9,101001001011101010100100101001,0.3978571428571429,0.5009058362671307,0.55799999833107,14,"[0, 2, 5, 8, 10, 11, 12, 14, 16, 18, 21, 24, 26, 29]",14,"[0, 2, 5, 8, 10, 11, 12, 14, 16, 18, 21, 24, 26, 29]",0,[],0.5009058362671307,0.050846034121772576,0.22549065196094623,19.667217262315333,0.6021428571428571,0.05428826530612244,0.23299842339836216,0.6021428571428571,0.05428826530612244,0.23299842339836216
4,1,10,111101110011010101011111010001,0.44789473684210535,0.450156333022996,0.5674999952316284,19,"[0, 1, 2, 3, 5, 6, 7, 10, 11, 13, 15, 17, 19, 20, 21, 22, 23, 25, 29]",19,"[0, 1, 2, 3, 5, 6, 7, 10, 11, 13, 15, 17, 19, 20, 21, 22, 23, 25, 29]",0,[],0.450156333022996,0.034889004510437804,0.18678598585128864,28.66232539540726,0.5521052631578947,0.05584819944598337,0.23632223646111547,0.5521052631578947,0.05584819944598337,0.23632223646111547
4,2,0,110001001000101101111011110100,0.41874999999999996,0.4791015670634806,0.42000001668930054,16,"[0, 1, 5, 8, 12, 14, 15, 17, 18, 19, 20, 22, 23, 24, 25, 27]",16,"[0, 1, 5, 8, 12, 14, 15, 17, 18, 19, 20, 22, 23, 24, 25, 27]",0,[],0.4791015670634806,0.04858538435106097,0.2204209253928968,20.582321481175292,0.58125,0.0660359375,0.25697458531924905,0.58125,0.0660359375,0.25697458531924905
4,2,1,110000000111101100011001110110,0.43200000000000005,0.47714311480522154,0.47450000047683716,15,"[0, 1, 9, 10, 11, 12, 14, 15, 19, 20, 23, 24, 25, 27, 28]",15,"[0, 1, 9, 10, 11, 12, 14, 15, 19, 20, 23, 24, 25, 27, 28]",0,[],0.47714311480522154,0.032521311274915164,0.18033666092870623,30.749067635883897,0.568,0.05982933333333333,0.24460035431972157,0.568,0.05982933333333333,0.24460035431972157
4,2,2,101100100000101011111000010100,0.3861538461538462,0.47584100468800616,0.6270000040531158,13,"[0, 2, 3, 6, 12, 14, 16, 17, 18, 19, 20, 25, 27]",13,"[0, 2, 3, 6, 12, 14, 16, 17, 18, 19, 20, 25, 27]",0,[],0.47584100468800616,0.06000891674736171,0.2449671748364701,16.664190160439198,0.6138461538461538,0.044392899408284024,0.21069622542486144,0.6138461538461538,0.044392899408284024,0.21069622542486144
4,2,3,111111101011110101010101000011,0.39368421052631575,0.47836650868779734,0.5839999914169312,19,"[0, 1, 2, 3, 4, 5, 6, 8, 10, 11, 12, 13, 15, 17, 19, 21, 23, 28, 29]",19,"[0, 1, 2, 3, 4, 5, 6, 8, 10, 11, 12, 13, 15, 17, 19, 21, 23, 28, 29]",0,[],0.47836650868779734,0.0443384999581151,0.21056709134647583,22.553762552739993,0.6063157894736843,0.04573905817174515,0.21386691696413718,0.6063157894736843,0.04573905817174515,0.21386691696413718
4,2,4,100000100101010101101001111111,0.4881249999999999,0.3892181306146085,0.6610000133514404,16,"[0, 6, 9, 11, 13, 15, 17, 18, 20, 23, 24, 25, 26, 27, 28, 29]",16,"[0, 6, 9, 11, 13, 15, 17, 18, 20, 23, 24, 25, 26, 27, 28, 29]",0,[],0.3892181306146085,0.023996737487922408,0.15490880377797256,41.672331520203585,0.5118750000000001,0.044877734375,0.21184365549857753,0.5118750000000001,0.044877734375,0.21184365549857753
4,2,5,100001010001010000010110100110,0.4672727272727273,0.4336391470649026,0.6584999859333038,11,"[0, 5, 7, 11, 13, 19, 21, 22, 24, 27, 28]",11,"[0, 5, 7, 11, 13, 19, 21, 22, 24, 27, 28]",0,[],0.4336391470649026,0.020664954898303167,0.1437531039605864,48.39110488850434,0.5327272727272727,0.082601652892562,0.2874050328239956,0.5327272727272727,0.082601652892562,0.2874050328239956
4,2,6,101001001011101010100100101001,0.3978571428571429,0.5009058362671307,0.55799999833107,14,"[0, 2, 5, 8, 10, 11, 12, 14, 16, 18, 21, 24, 26, 29]",14,"[0, 2, 5, 8, 10, 11, 12, 14, 16, 18, 21, 24, 26, 29]",0,[],0.5009058362671307,0.050846034121772576,0.22549065196094623,19.667217262315333,0.6021428571428571,0.05428826530612244,0.23299842339836216,0.6021428571428571,0.05428826530612244,0.23299842339836216
4,2,7,111101110011010101011111010001,0.44789473684210535,0.450156333022996,0.5674999952316284,19,"[0, 1, 2, 3, 5, 6, 7, 10, 11, 13, 15, 17, 19, 20, 21, 22, 23, 25, 29]",19,"[0, 1, 2, 3, 5, 6, 7, 10, 11, 13, 15, 17, 19, 20, 21, 22, 23, 25, 29]",0,[],0.450156333022996,0.034889004510437804,0.18678598585128864,28.66232539540726,0.5521052631578947,0.05584819944598337,0.23632223646111547,0.5521052631578947,0.05584819944598337,0.23632223646111547
4,2,8,101100101000101101111000010100,0.3828571428571428,0.5029899994177478,0.45899999141693115,14,"[0, 2, 3, 6, 8, 12, 14, 15, 17, 18, 19, 20, 25, 27]",14,"[0, 2, 3, 6, 8, 12, 14, 15, 17, 18, 19, 20, 25, 27]",0,[],0.5029899994177478,0.06452080692911852,0.25400946228264515,15.498876216761879,0.6171428571428572,0.04756326530612244,0.21809003944729444,0.6171428571428572,0.04756326530612244,0.21809003944729444
4,2,9,100000100101010101101001111011,0.5066666666666666,0.38254189242919284,0.6949999928474426,15,"[0, 6, 9, 11, 13, 15, 17, 18, 20, 23, 24, 25, 26, 28, 29]",15,"[0, 6, 9, 11, 13, 15, 17, 18, 20, 23, 24, 25, 26, 28, 29]",0,[],0.38254189242919284,0.024883365486182793,0.15774462110063467,40.18748993399944,0.49333333333333335,0.042368888888888886,0.20583704450095683,0.49333333333333335,0.042368888888888886,0.20583704450095683
4,2,10,111111101011110101011111010001,0.4023809523809524,0.4780692263018517,0.56700000166893,21,"[0, 1, 2, 3, 4, 5, 6, 8, 10, 11, 12, 13, 15, 17, 19, 20, 21, 22, 23, 25, 29]",21,"[0, 1, 2, 3, 4, 5, 6, 8, 10, 11, 12, 13, 15, 17, 19, 20, 21, 22, 23, 25, 29]",0,[],0.4780692263018517,0.0410147998973225,0.20252110975728554,24.38144285729604,0.5976190476190476,0.05339909297052154,0.23108243760727804,0.5976190476190476,0.05339909297052154,0.23108243760727804
4,2,11,101001001011101111001000101011,0.4475,0.4747201013378799,0.4599999785423279,16,"[0, 2, 5, 8, 10, 11, 12, 14, 15, 16, 17, 20, 24, 26, 28, 29]",16,"[0, 2, 5, 8, 10, 11, 12, 14, 15, 16, 17, 20, 24, 26, 28, 29]",0,[],0.4747201013378799,0.05280863897005534,0.22980130323837447,18.93629564221568,0.5525,0.05378124999999999,0.2319078480776362,0.5525,0.05378124999999999,0.2319078480776362
4,2,12,100000100101011111000001111111,0.521875,0.4324680115096271,0.6419999897480011,16,"[0, 6, 9, 11, 13, 14, 15, 16, 17, 23, 24, 25, 26, 27, 28, 29]",16,"[0, 6, 9, 11, 13, 14, 15, 16, 17, 23, 24, 25, 26, 27, 28, 29]",0,[],0.4324680115096271,0.03910873310584834,0.19775928070724857,25.569736490657622,0.478125,0.034352734375,0.18534490652564478,0.478125,0.034352734375,0.18534490652564478
4,2,13,110001001000101100011001110100,0.3800000000000001,0.5105623717491443,0.4169999957084656,13,"[0, 1, 5, 8, 12, 14, 15, 19, 20, 23, 24, 25, 27]",13,"[0, 1, 5, 8, 12, 14, 15, 19, 20, 23, 24, 25, 27]",0,[],0.5105623717491443,0.04584594585840998,0.21411666413058555,21.812179491036936,0.6199999999999999,0.0602,0.24535688292770594,0.6199999999999999,0.0602,0.24535688292770594
4,2,14,110001000010101101111011110100,0.43625,0.45210156636312604,0.5094999969005585,16,"[0, 1, 5, 10, 12, 14, 15, 17, 18, 19, 20, 22, 23, 24, 25, 27]",16,"[0, 1, 5, 10, 12, 14, 15, 17, 18, 19, 20, 22, 23, 24, 25, 27]",0,[],0.45210156636312604,0.040463868118496615,0.2011563275626611,24.713405971755964,0.56375,0.06297343749999999,0.2509450886150195,0.56375,0.06297343749999999,0.2509450886150195
4,2,15,111101110011010101010001000011,0.46125000000000005,0.43471383722499013,0.5864999890327454,16,"[0, 1, 2, 3, 5, 6, 7, 10, 11, 13, 15, 17, 19, 23, 28, 29]",16,"[0, 1, 2, 3, 5, 6, 7, 10, 11, 13, 15, 17, 19, 23, 28, 29]",0,[],0.43471383722499013,0.03751152509735741,0.19367892269774067,26.658473559915254,0.53875,0.04596093750000001,0.21438502163164294,0.53875,0.04596093750000001,0.21438502163164294
4,2,16,010101110001010101101011001111,0.42823529411764705,0.4437789088662933,0.6150000095367432,17,"[1, 3, 5, 6, 7, 11, 13, 15, 17, 18, 20, 22, 23, 26, 27, 28, 29]",17,"[1, 3, 5, 6, 7, 11, 13, 15, 17, 18, 20, 22, 23, 26, 27, 28, 29]",0,[],0.4437789088662933,0.026716019472814226,0.16345035782406298,37.43072582416641,0.571764705882353,0.05015570934256056,0.223954703774135,0.571764705882353,0.05015570934256056,0.223954703774135
4,2,17,101100000010011011111000010100,0.41692307692307695,0.45880996550504977,0.6035000085830688,13,"[0, 2, 3, 10, 13, 14, 16, 17, 18, 19, 20, 25, 27]",13,"[0, 2, 3, 10, 13, 14, 16, 17, 18, 19, 20, 25, 27]",0,[],0.45880996550504977,0.05432499590174936,0.2330772316245183,18.407732635793874,0.583076923076923,0.03539053254437869,0.18812371606041248,0.583076923076923,0.03539053254437869,0.18812371606041248
4,2,18,010110100011000011000000010010,0.42699999999999994,0.43696482852101326,0.7439999878406525,10,"[1, 3, 4, 6, 10, 11, 16, 17, 25, 28]",10,"[1, 3, 4, 6, 10, 11, 16, 17, 25, 28]",0,[],0.43696482852101326,0.030858225074713863,0.17566509350099654,32.406270859027124,0.5730000000000001,0.024800999999999997,0.15748333245140578,0.5730000000000001,0.024800999999999997,0.15748333245140578
4,3,0,110001001000101101111011110100,0.41874999999999996,0.4791015670634806,0.42000001668930054,16,"[0, 1, 5, 8, 12, 14, 15, 17, 18, 19, 20, 22, 23, 24, 25, 27]",16,"[0, 1, 5, 8, 12, 14, 15, 17, 18, 19, 20, 22, 23, 24, 25, 27]",0,[],0.4791015670634806,0.04858538435106097,0.2204209253928968,20.582321481175292,0.58125,0.0660359375,0.25697458531924905,0.58125,0.0660359375,0.25697458531924905
4,3,1,110000000111101100011001110110,0.43200000000000005,0.47714311480522154,0.47450000047683716,15,"[0, 1, 9, 10, 11, 12, 14, 15, 19, 20, 23, 24, 25, 27, 28]",15,"[0, 1, 9, 10, 11, 12, 14, 15, 19, 20, 23, 24, 25, 27, 28]",0,[],0.47714311480522154,0.032521311274915164,0.18033666092870623,30.749067635883897,0.568,0.05982933333333333,0.24460035431972157,0.568,0.05982933333333333,0.24460035431972157
4,3,2,101100100000101011111000010100,0.3861538461538462,0.47584100468800616,0.6270000040531158,13,"[0, 2, 3, 6, 12, 14, 16, 17, 18, 19, 20, 25, 27]",13,"[0, 2, 3, 6, 12, 14, 16, 17, 18, 19, 20, 25, 27]",0,[],0.47584100468800616,0.06000891674736171,0.2449671748364701,16.664190160439198,0.6138461538461538,0.044392899408284024,0.21069622542486144,0.6138461538461538,0.044392899408284024,0.21069622542486144
4,3,3,111111101011110101010101000011,0.39368421052631575,0.47836650868779734,0.5839999914169312,19,"[0, 1, 2, 3, 4, 5, 6, 8, 10, 11, 12, 13, 15, 17, 19, 21, 23, 28, 29]",19,"[0, 1, 2, 3, 4, 5, 6, 8, 10, 11, 12, 13, 15, 17, 19, 21, 23, 28, 29]",0,[],0.47836650868779734,0.0443384999581151,0.21056709134647583,22.553762552739993,0.6063157894736843,0.04573905817174515,0.21386691696413718,0.6063157894736843,0.04573905817174515,0.21386691696413718
4,3,4,101001001011101010100100101001,0.3978571428571429,0.5009058362671307,0.55799999833107,14,"[0, 2, 5, 8, 10, 11, 12, 14, 16, 18, 21, 24, 26, 29]",14,"[0, 2, 5, 8, 10, 11, 12, 14, 16, 18, 21, 24, 26, 29]",0,[],0.5009058362671307,0.050846034121772576,0.22549065196094623,19.667217262315333,0.6021428571428571,0.05428826530612244,0.23299842339836216,0.6021428571428571,0.05428826530612244,0.23299842339836216
4,3,5,111101110011010101011111010001,0.44789473684210535,0.450156333022996,0.5674999952316284,19,"[0, 1, 2, 3, 5, 6, 7, 10, 11, 13, 15, 17, 19, 20, 21, 22, 23, 25, 29]",19,"[0, 1, 2, 3, 5, 6, 7, 10, 11, 13, 15, 17, 19, 20, 21, 22, 23, 25, 29]",0,[],0.450156333022996,0.034889004510437804,0.18678598585128864,28.66232539540726,0.5521052631578947,0.05584819944598337,0.23632223646111547,0.5521052631578947,0.05584819944598337,0.23632223646111547
4,3,6,101100101000101101111000010100,0.3828571428571428,0.5029899994177478,0.45899999141693115,14,"[0, 2, 3, 6, 8, 12, 14, 15, 17, 18, 19, 20, 25, 27]",14,"[0, 2, 3, 6, 8, 12, 14, 15, 17, 18, 19, 20, 25, 27]",0,[],0.5029899994177478,0.06452080692911852,0.25400946228264515,15.498876216761879,0.6171428571428572,0.04756326530612244,0.21809003944729444,0.6171428571428572,0.04756326530612244,0.21809003944729444
4,3,7,100000100101010101101001111011,0.5066666666666666,0.38254189242919284,0.6949999928474426,15,"[0, 6, 9, 11, 13, 15, 17, 18, 20, 23, 24, 25, 26, 28, 29]",15,"[0, 6, 9, 11, 13, 15, 17, 18, 20, 23, 24, 25, 26, 28, 29]",0,[],0.38254189242919284,0.024883365486182793,0.15774462110063467,40.18748993399944,0.49333333333333335,0.042368888888888886,0.20583704450095683,0.49333333333333335,0.042368888888888886,0.20583704450095683
4,3,8,111111101011110101011111010001,0.4023809523809524,0.4780692263018517,0.56700000166893,21,"[0, 1, 2, 3, 4, 5, 6, 8, 10, 11, 12, 13, 15, 17, 19, 20, 21, 22, 23, 25, 29]",21,"[0, 1, 2, 3, 4, 5, 6, 8, 10, 11, 12, 13, 15, 17, 19, 20, 21, 22, 23, 25, 29]",0,[],0.4780692263018517,0.0410147998973225,0.20252110975728554,24.38144285729604,0.5976190476190476,0.05339909297052154,0.23108243760727804,0.5976190476190476,0.05339909297052154,0.23108243760727804
4,3,9,101001001011101111001000101011,0.4475,0.4747201013378799,0.4599999785423279,16,"[0, 2, 5, 8, 10, 11, 12, 14, 15, 16, 17, 20, 24, 26, 28, 29]",16,"[0, 2, 5, 8, 10, 11, 12, 14, 15, 16, 17, 20, 24, 26, 28, 29]",0,[],0.4747201013378799,0.05280863897005534,0.22980130323837447,18.93629564221568,0.5525,0.05378124999999999,0.2319078480776362,0.5525,0.05378124999999999,0.2319078480776362
4,3,10,110001001000101100011001110100,0.3800000000000001,0.5105623717491443,0.4169999957084656,13,"[0, 1, 5, 8, 12, 14, 15, 19, 20, 23, 24, 25, 27]",13,"[0, 1, 5, 8, 12, 14, 15, 19, 20, 23, 24, 25, 27]",0,[],0.5105623717491443,0.04584594585840998,0.21411666413058555,21.812179491036936,0.6199999999999999,0.0602,0.24535688292770594,0.6199999999999999,0.0602,0.24535688292770594
4,3,11,110001000010101101111011110100,0.43625,0.45210156636312604,0.5094999969005585,16,"[0, 1, 5, 10, 12, 14, 15, 17, 18, 19, 20, 22, 23, 24, 25, 27]",16,"[0, 1, 5, 10, 12, 14, 15, 17, 18, 19, 20, 22, 23, 24, 25, 27]",0,[],0.45210156636312604,0.040463868118496615,0.2011563275626611,24.713405971755964,0.56375,0.06297343749999999,0.2509450886150195,0.56375,0.06297343749999999,0.2509450886150195
4,3,12,111101110011010101010001000011,0.46125000000000005,0.43471383722499013,0.5864999890327454,16,"[0, 1, 2, 3, 5, 6, 7, 10, 11, 13, 15, 17, 19, 23, 28, 29]",16,"[0, 1, 2, 3, 5, 6, 7, 10, 11, 13, 15, 17, 19, 23, 28, 29]",0,[],0.43471383722499013,0.03751152509735741,0.19367892269774067,26.658473559915254,0.53875,0.04596093750000001,0.21438502163164294,0.53875,0.04596093750000001,0.21438502163164294
4,3,13,010101110001010101101011001111,0.42823529411764705,0.4437789088662933,0.6150000095367432,17,"[1, 3, 5, 6, 7, 11, 13, 15, 17, 18, 20, 22, 23, 26, 27, 28, 29]",17,"[1, 3, 5, 6, 7, 11, 13, 15, 17, 18, 20, 22, 23, 26, 27, 28, 29]",0,[],0.4437789088662933,0.026716019472814226,0.16345035782406298,37.43072582416641,0.571764705882353,0.05015570934256056,0.223954703774135,0.571764705882353,0.05015570934256056,0.223954703774135
4,3,14,101100000010011011111000010100,0.41692307692307695,0.45880996550504977,0.6035000085830688,13,"[0, 2, 3, 10, 13, 14, 16, 17, 18, 19, 20, 25, 27]",13,"[0, 2, 3, 10, 13, 14, 16, 17, 18, 19, 20, 25, 27]",0,[],0.45880996550504977,0.05432499590174936,0.2330772316245183,18.407732635793874,0.583076923076923,0.03539053254437869,0.18812371606041248,0.583076923076923,0.03539053254437869,0.18812371606041248
4,3,15,010110100011000011000000010010,0.42699999999999994,0.43696482852101326,0.7439999878406525,10,"[1, 3, 4, 6, 10, 11, 16, 17, 25, 28]",10,"[1, 3, 4, 6, 10, 11, 16, 17, 25, 28]",0,[],0.43696482852101326,0.030858225074713863,0.17566509350099654,32.406270859027124,0.5730000000000001,0.024800999999999997,0.15748333245140578,0.5730000000000001,0.024800999999999997,0.15748333245140578
4,3,16,010110100011000011001001101000,0.40333333333333343,0.4427397170414527,0.6565000116825104,12,"[1, 3, 4, 6, 10, 11, 16, 17, 20, 23, 24, 26]",12,"[1, 3, 4, 6, 10, 11, 16, 17, 20, 23, 24, 26]",0,[],0.4427397170414527,0.03324258626386648,0.1823254953753492,30.081895315316206,0.5966666666666666,0.030922222222222222,0.1758471558547997,0.5966666666666666,0.030922222222222222,0.1758471558547997
4,3,17,001110000010011011111000010100,0.3884615384615385,0.48819030764011234,0.6209999918937683,13,"[2, 3, 4, 10, 13, 14, 16, 17, 18, 19, 20, 25, 27]",13,"[2, 3, 4, 10, 13, 14, 16, 17, 18, 19, 20, 25, 27]",0,[],0.48819030764011234,0.041396005193282945,0.203460082554989,24.156920343663096,0.6115384615384615,0.02045917159763314,0.1430355606051626,0.6115384615384615,0.02045917159763314,0.1430355606051626
4,3,18,101001000001100100000101101001,0.430909090909091,0.47590278359976684,0.5814999938011169,11,"[0, 2, 5, 11, 12, 15, 21, 23, 24, 26, 29]",11,"[0, 2, 5, 11, 12, 15, 21, 23, 24, 26, 29]",0,[],0.47590278359976684,0.04158051104848782,0.20391299872369054,24.04972846134289,0.569090909090909,0.06708099173553718,0.25899998404543806,0.569090909090909,0.06708099173553718,0.25899998404543806
4,3,19,100001010001010000110110110110,0.4592307692307692,0.42373016705879796,0.6489999890327454,13,"[0, 5, 7, 11, 13, 18, 19, 21, 22, 24, 25, 27, 28]",13,"[0, 5, 7, 11, 13, 18, 19, 21, 22, 24, 25, 27, 28]",0,[],0.42373016705879796,0.018062177720492942,0.1343956015667661,55.36430963501275,0.5407692307692308,0.07305325443786982,0.2702836555137395,0.5407692307692308,0.07305325443786982,0.2702836555137395
4,3,20,110001001010101100011001110100,0.3871428571428571,0.5026650599070958,0.4764999747276306,14,"[0, 1, 5, 8, 10, 12, 14, 15, 19, 20, 23, 24, 25, 27]",14,"[0, 1, 5, 8, 10, 12, 14, 15, 19, 20, 23, 24, 25, 27]",0,[],0.5026650599070958,0.04338201338624941,0.20828349283188385,23.05102787868682,0.6128571428571429,0.05656326530612245,0.23783032881893437,0.6128571428571429,0.05656326530612245,0.23783032881893437
4,3,21,101100001010011011111000000110,0.405,0.4889107138982841,0.5404999852180481,14,"[0, 2, 3, 8, 10, 13, 14, 16, 17, 18, 19, 20, 27, 28]",14,"[0, 2, 3, 8, 10, 13, 14, 16, 17, 18, 19, 20, 27, 28]",0,[],0.4889107138982841,0.05914148658486351,0.24319022715739116,16.90860439507344,0.595,0.03721071428571428,0.19290078871200678,0.595,0.03721071428571428,0.19290078871200678
4,3,22,011110100011001111011100010011,0.4135294117647059,0.4862378279075903,0.5275000035762787,17,"[1, 2, 3, 4, 6, 10, 11, 14, 15, 16, 17, 19, 20, 21, 25, 28, 29]",17,"[1, 2, 3, 4, 6, 10, 11, 14, 15, 16, 17, 19, 20, 21, 25, 28, 29]",0,[],0.4862378279075903,0.036804446110324074,0.1918448490586184,27.170630336411676,0.5864705882352941,0.032634602076124564,0.18065049702706207,0.5864705882352941,0.032634602076124564,0.18065049702706207
4,3,23,110000001000111000011001110100,0.37249999999999994,0.5045077030857404,0.5449999868869781,12,"[0, 1, 8, 12, 13, 14, 19, 20, 23, 24, 25, 27]",12,"[0, 1, 8, 12, 13, 14, 19, 20, 23, 24, 25, 27]",0,[],0.5045077030857404,0.04783815024088,0.2187193412592494,20.90381829073006,0.6275000000000001,0.05638541666666667,0.23745613630030002,0.6275000000000001,0.05638541666666667,0.23745613630030002
4,3,24,100000100101010101101001011111,0.47133333333333327,0.3842481310168902,0.648499995470047,15,"[0, 6, 9, 11, 13, 15, 17, 18, 20, 23, 25, 26, 27, 28, 29]",15,"[0, 6, 9, 11, 13, 15, 17, 18, 20, 23, 25, 26, 27, 28, 29]",0,[],0.3842481310168902,0.02520130565109611,0.15874919102501314,39.680483775113686,0.5286666666666667,0.04335822222222222,0.20822637254253415,0.5286666666666667,0.04335822222222222,0.20822637254253415
4,3,25,010110100001000011000000010010,0.4211111111111111,0.4410720310277409,0.8100000023841858,9,"[1, 3, 4, 6, 11, 16, 17, 25, 28]",9,"[1, 3, 4, 6, 11, 16, 17, 25, 28]",0,[],0.4410720310277409,0.034118225625369376,0.18471119518147613,29.309847791628044,0.5788888888888889,0.027209876543209874,0.1649541649768501,0.5788888888888889,0.027209876543209874,0.1649541649768501
4,3,26,100000100101011011111101111011,0.4605555555555555,0.4193362059692542,0.6394999921321869,18,"[0, 6, 9, 11, 13, 14, 16, 17, 18, 19, 20, 21, 23, 24, 25, 26, 28, 29]",18,"[0, 6, 9, 11, 13, 14, 16, 17, 18, 19, 20, 21, 23, 24, 25, 26, 28, 29]",0,[],0.4193362059692542,0.03593101830968223,0.18955478973025777,27.831106577086146,0.5394444444444445,0.044016358024691365,0.20980075792210895,0.5394444444444445,0.044016358024691365,0.20980075792210895
4,3,27,110010101011101100001100101101,0.390625,0.4808785552158952,0.5600000023841858,16,"[0, 1, 4, 6, 8, 10, 11, 12, 14, 15, 20, 21, 24, 26, 27, 29]",16,"[0, 1, 4, 6, 8, 10, 11, 12, 14, 15, 20, 21, 24, 26, 27, 29]",0,[],0.4808785552158952,0.04289497997111966,0.20711103295363012,23.3127512980139,0.609375,0.05583085937499999,0.23628554626764625,0.609375,0.05583085937499999,0.23628554626764625
4,3,28,010110000011000011000100010000,0.38,0.47130733811193043,0.823500007390976,9,"[1, 3, 4, 10, 11, 16, 17, 21, 25]",9,"[1, 3, 4, 10, 11, 16, 17, 21, 25]",0,[],0.47130733811193043,0.03701018777291869,0.19238032064875735,27.01958731297564,0.62,0.029911111111111104,0.17294829028097128,0.62,0.029911111111111104,0.17294829028097128
4,4,0,110001001000101101111011110100,0.41874999999999996,0.4791015670634806,0.42000001668930054,16,"[0, 1, 5, 8, 12, 14, 15, 17, 18, 19, 20, 22, 23, 24, 25, 27]",16,"[0, 1, 5, 8, 12, 14, 15, 17, 18, 19, 20, 22, 23, 24, 25, 27]",0,[],0.4791015670634806,0.04858538435106097,0.2204209253928968,20.582321481175292,0.58125,0.0660359375,0.25697458531924905,0.58125,0.0660359375,0.25697458531924905
4,4,1,101100101000101101111000010100,0.3828571428571428,0.5029899994177478,0.45899999141693115,14,"[0, 2, 3, 6, 8, 12, 14, 15, 17, 18, 19, 20, 25, 27]",14,"[0, 2, 3, 6, 8, 12, 14, 15, 17, 18, 19, 20, 25, 27]",0,[],0.5029899994177478,0.06452080692911852,0.25400946228264515,15.498876216761879,0.6171428571428572,0.04756326530612244,0.21809003944729444,0.6171428571428572,0.04756326530612244,0.21809003944729444
4,4,2,100000100101010101101001111011,0.5066666666666666,0.38254189242919284,0.6949999928474426,15,"[0, 6, 9, 11, 13, 15, 17, 18, 20, 23, 24, 25, 26, 28, 29]",15,"[0, 6, 9, 11, 13, 15, 17, 18, 20, 23, 24, 25, 26, 28, 29]",0,[],0.38254189242919284,0.024883365486182793,0.15774462110063467,40.18748993399944,0.49333333333333335,0.042368888888888886,0.20583704450095683,0.49333333333333335,0.042368888888888886,0.20583704450095683
4,4,3,111111101011110101011111010001,0.4023809523809524,0.4780692263018517,0.56700000166893,21,"[0, 1, 2, 3, 4, 5, 6, 8, 10, 11, 12, 13, 15, 17, 19, 20, 21, 22, 23, 25, 29]",21,"[0, 1, 2, 3, 4, 5, 6, 8, 10, 11, 12, 13, 15, 17, 19, 20, 21, 22, 23, 25, 29]",0,[],0.4780692263018517,0.0410147998973225,0.20252110975728554,24.38144285729604,0.5976190476190476,0.05339909297052154,0.23108243760727804,0.5976190476190476,0.05339909297052154,0.23108243760727804
4,4,4,101001001011101111001000101011,0.4475,0.4747201013378799,0.4599999785423279,16,"[0, 2, 5, 8, 10, 11, 12, 14, 15, 16, 17, 20, 24, 26, 28, 29]",16,"[0, 2, 5, 8, 10, 11, 12, 14, 15, 16, 17, 20, 24, 26, 28, 29]",0,[],0.4747201013378799,0.05280863897005534,0.22980130323837447,18.93629564221568,0.5525,0.05378124999999999,0.2319078480776362,0.5525,0.05378124999999999,0.2319078480776362
4,4,5,110001001000101100011001110100,0.3800000000000001,0.5105623717491443,0.4169999957084656,13,"[0, 1, 5, 8, 12, 14, 15, 19, 20, 23, 24, 25, 27]",13,"[0, 1, 5, 8, 12, 14, 15, 19, 20, 23, 24, 25, 27]",0,[],0.5105623717491443,0.04584594585840998,0.21411666413058555,21.812179491036936,0.6199999999999999,0.0602,0.24535688292770594,0.6199999999999999,0.0602,0.24535688292770594
4,4,6,110001000010101101111011110100,0.43625,0.45210156636312604,0.5094999969005585,16,"[0, 1, 5, 10, 12, 14, 15, 17, 18, 19, 20, 22, 23, 24, 25, 27]",16,"[0, 1, 5, 10, 12, 14, 15, 17, 18, 19, 20, 22, 23, 24, 25, 27]",0,[],0.45210156636312604,0.040463868118496615,0.2011563275626611,24.713405971755964,0.56375,0.06297343749999999,0.2509450886150195,0.56375,0.06297343749999999,0.2509450886150195
4,4,7,111101110011010101010001000011,0.46125000000000005,0.43471383722499013,0.5864999890327454,16,"[0, 1, 2, 3, 5, 6, 7, 10, 11, 13, 15, 17, 19, 23, 28, 29]",16,"[0, 1, 2, 3, 5, 6, 7, 10, 11, 13, 15, 17, 19, 23, 28, 29]",0,[],0.43471383722499013,0.03751152509735741,0.19367892269774067,26.658473559915254,0.53875,0.04596093750000001,0.21438502163164294,0.53875,0.04596093750000001,0.21438502163164294
4,4,8,010101110001010101101011001111,0.42823529411764705,0.4437789088662933,0.6150000095367432,17,"[1, 3, 5, 6, 7, 11, 13, 15, 17, 18, 20, 22, 23, 26, 27, 28, 29]",17,"[1, 3, 5, 6, 7, 11, 13, 15, 17, 18, 20, 22, 23, 26, 27, 28, 29]",0,[],0.4437789088662933,0.026716019472814226,0.16345035782406298,37.43072582416641,0.571764705882353,0.05015570934256056,0.223954703774135,0.571764705882353,0.05015570934256056,0.223954703774135
4,4,9,010110100011000011001001101000,0.40333333333333343,0.4427397170414527,0.6565000116825104,12,"[1, 3, 4, 6, 10, 11, 16, 17, 20, 23, 24, 26]",12,"[1, 3, 4, 6, 10, 11, 16, 17, 20, 23, 24, 26]",0,[],0.4427397170414527,0.03324258626386648,0.1823254953753492,30.081895315316206,0.5966666666666666,0.030922222222222222,0.1758471558547997,0.5966666666666666,0.030922222222222222,0.1758471558547997
4,4,10,110001001010101100011001110100,0.3871428571428571,0.5026650599070958,0.4764999747276306,14,"[0, 1, 5, 8, 10, 12, 14, 15, 19, 20, 23, 24, 25, 27]",14,"[0, 1, 5, 8, 10, 12, 14, 15, 19, 20, 23, 24, 25, 27]",0,[],0.5026650599070958,0.04338201338624941,0.20828349283188385,23.05102787868682,0.6128571428571429,0.05656326530612245,0.23783032881893437,0.6128571428571429,0.05656326530612245,0.23783032881893437
4,4,11,101100001010011011111000000110,0.405,0.4889107138982841,0.5404999852180481,14,"[0, 2, 3, 8, 10, 13, 14, 16, 17, 18, 19, 20, 27, 28]",14,"[0, 2, 3, 8, 10, 13, 14, 16, 17, 18, 19, 20, 27, 28]",0,[],0.4889107138982841,0.05914148658486351,0.24319022715739116,16.90860439507344,0.595,0.03721071428571428,0.19290078871200678,0.595,0.03721071428571428,0.19290078871200678
4,4,12,011110100011001111011100010011,0.4135294117647059,0.4862378279075903,0.5275000035762787,17,"[1, 2, 3, 4, 6, 10, 11, 14, 15, 16, 17, 19, 20, 21, 25, 28, 29]",17,"[1, 2, 3, 4, 6, 10, 11, 14, 15, 16, 17, 19, 20, 21, 25, 28, 29]",0,[],0.4862378279075903,0.036804446110324074,0.1918448490586184,27.170630336411676,0.5864705882352941,0.032634602076124564,0.18065049702706207,0.5864705882352941,0.032634602076124564,0.18065049702706207
4,4,13,100000100101010101101001011111,0.47133333333333327,0.3842481310168902,0.648499995470047,15,"[0, 6, 9, 11, 13, 15, 17, 18, 20, 23, 25, 26, 27, 28, 29]",15,"[0, 6, 9, 11, 13, 15, 17, 18, 20, 23, 25, 26, 27, 28, 29]",0,[],0.3842481310168902,0.02520130565109611,0.15874919102501314,39.680483775113686,0.5286666666666667,0.04335822222222222,0.20822637254253415,0.5286666666666667,0.04335822222222222,0.20822637254253415
4,4,14,100000100101011011111101111011,0.4605555555555555,0.4193362059692542,0.6394999921321869,18,"[0, 6, 9, 11, 13, 14, 16, 17, 18, 19, 20, 21, 23, 24, 25, 26, 28, 29]",18,"[0, 6, 9, 11, 13, 14, 16, 17, 18, 19, 20, 21, 23, 24, 25, 26, 28, 29]",0,[],0.4193362059692542,0.03593101830968223,0.18955478973025777,27.831106577086146,0.5394444444444445,0.044016358024691365,0.20980075792210895,0.5394444444444445,0.044016358024691365,0.20980075792210895
4,4,15,110010101011101100001100101101,0.390625,0.4808785552158952,0.5600000023841858,16,"[0, 1, 4, 6, 8, 10, 11, 12, 14, 15, 20, 21, 24, 26, 27, 29]",16,"[0, 1, 4, 6, 8, 10, 11, 12, 14, 15, 20, 21, 24, 26, 27, 29]",0,[],0.4808785552158952,0.04289497997111966,0.20711103295363012,23.3127512980139,0.609375,0.05583085937499999,0.23628554626764625,0.609375,0.05583085937499999,0.23628554626764625
4,4,16,110001001101010101101001111100,0.41999999999999993,0.42261081328615546,0.632999986410141,16,"[0, 1, 5, 8, 9, 11, 13, 15, 17, 18, 20, 23, 24, 25, 26, 27]",16,"[0, 1, 5, 8, 9, 11, 13, 15, 17, 18, 20, 23, 24, 25, 26, 27]",0,[],0.42261081328615546,0.03458285615844842,0.18596466373601309,28.916061629447135,0.5800000000000001,0.05233750000000001,0.22877390585466692,0.5800000000000001,0.05233750000000001,0.22877390585466692
4,4,17,010110100010000101000000010010,0.4733333333333333,0.4398658449451129,0.5225000083446503,9,"[1, 3, 4, 6, 10, 15, 17, 25, 28]",9,"[1, 3, 4, 6, 10, 15, 17, 25, 28]",0,[],0.4398658449451129,0.03522302303249184,0.18767797695119115,28.39052170728048,0.5266666666666667,0.021644444444444445,0.14712050993809275,0.5266666666666667,0.021644444444444445,0.14712050993809275
4,4,18,100000101111010101101001111011,0.48705882352941177,0.4100075535037938,0.6259999871253967,17,"[0, 6, 8, 9, 10, 11, 13, 15, 17, 18, 20, 23, 24, 25, 26, 28, 29]",17,"[0, 6, 8, 9, 10, 11, 13, 15, 17, 18, 20, 23, 24, 25, 26, 28, 29]",0,[],0.4100075535037938,0.03310257122131538,0.18194112020462933,30.209133704879118,0.5129411764705882,0.042573702422145324,0.20633395848028827,0.5129411764705882,0.042573702422145324,0.20633395848028827
4,4,19,110110101011101100001001101101,0.40117647058823536,0.5015669508891947,0.5144999921321869,17,"[0, 1, 3, 4, 6, 8, 10, 11, 12, 14, 15, 20, 23, 24, 26, 27, 29]",17,"[0, 1, 3, 4, 6, 8, 10, 11, 12, 14, 15, 20, 23, 24, 26, 27, 29]",0,[],0.5015669508891947,0.04712497403454724,0.21708287365554021,21.220170843317636,0.5988235294117646,0.05044567474048443,0.22460114590198427,0.5988235294117646,0.05044567474048443,0.22460114590198427
4,4,20,110001100000101101111011110100,0.431875,0.44848314533010125,0.5439999997615814,16,"[0, 1, 5, 6, 12, 14, 15, 17, 18, 19, 20, 22, 23, 24, 25, 27]",16,"[0, 1, 5, 6, 12, 14, 15, 17, 18, 19, 20, 22, 23, 24, 25, 27]",0,[],0.44848314533010125,0.04103731344410896,0.20257668534189455,24.36806691456439,0.568125,0.062877734375,0.2507543307203287,0.568125,0.062877734375,0.2507543307203287
4,4,21,111011001011101010100100101011,0.40294117647058825,0.48764482228194966,0.546999990940094,17,"[0, 1, 2, 4, 5, 8, 10, 11, 12, 14, 16, 18, 21, 24, 26, 28, 29]",17,"[0, 1, 2, 4, 5, 8, 10, 11, 12, 14, 16, 18, 21, 24, 26, 28, 29]",0,[],0.48764482228194966,0.04275637375305326,0.20677614406176856,23.38832581489887,0.5970588235294118,0.04978546712802767,0.22312657199004263,0.5970588235294118,0.04978546712802767,0.22312657199004263
4,4,22,010100100011010011001001101000,0.39500000000000013,0.4423693461964528,0.8044999986886978,12,"[1, 3, 6, 10, 11, 13, 16, 17, 20, 23, 24, 26]",12,"[1, 3, 6, 10, 11, 13, 16, 17, 20, 23, 24, 26]",0,[],0.4423693461964528,0.03324283241894721,0.18232617041705015,30.081672566205167,0.6049999999999999,0.030408333333333332,0.174379853576419,0.6049999999999999,0.030408333333333332,0.174379853576419
4,4,23,010001001011100001000000010010,0.3388888888888889,0.4555648672911856,0.5830000042915344,9,"[1, 5, 8, 10, 11, 12, 17, 25, 28]",9,"[1, 5, 8, 10, 11, 12, 17, 25, 28]",0,[],0.4555648672911856,0.039258320943739905,0.19813712661623994,25.47230691381515,0.6611111111111111,0.04318765432098765,0.20781639569819232,0.6611111111111111,0.04318765432098765,0.20781639569819232
4,4,24,110000001000010100011001110100,0.4181818181818181,0.46310126510533417,0.4894999861717224,11,"[0, 1, 8, 13, 15, 19, 20, 23, 24, 25, 27]",11,"[0, 1, 8, 13, 15, 19, 20, 23, 24, 25, 27]",0,[],0.46310126510533417,0.03566671825923728,0.18885634291502437,28.037342620974425,0.5818181818181819,0.05610578512396695,0.23686659773798194,0.5818181818181819,0.05610578512396695,0.23686659773798194
4,4,25,110000001010111000011100110100,0.35769230769230775,0.4961258585636432,0.5315000116825104,13,"[0, 1, 8, 10, 12, 13, 14, 19, 20, 21, 24, 25, 27]",13,"[0, 1, 8, 10, 12, 13, 14, 19, 20, 21, 24, 25, 27]",0,[],0.4961258585636432,0.04482892215374483,0.21172841602804482,22.30702751608459,0.6423076923076922,0.05560236686390533,0.23580154126702677,0.6423076923076922,0.05560236686390533,0.23580154126702677
4,4,26,100001001101010100101101011111,0.4125,0.4498267052695155,0.6110000014305115,16,"[0, 5, 8, 9, 11, 13, 15, 18, 20, 21, 23, 25, 26, 27, 28, 29]",16,"[0, 5, 8, 9, 11, 13, 15, 18, 20, 21, 23, 25, 26, 27, 28, 29]",0,[],0.4498267052695155,0.031021273477482715,0.17612857087219755,32.2359428837074,0.5875,0.050831249999999994,0.22545786746086283,0.5875,0.050831249999999994,0.22545786746086283
4,4,27,100000100100011011111000010011,0.4938461538461538,0.39459793670819354,0.6349999904632568,13,"[0, 6, 9, 13, 14, 16, 17, 18, 19, 20, 25, 28, 29]",13,"[0, 6, 9, 13, 14, 16, 17, 18, 19, 20, 25, 28, 29]",0,[],0.39459793670819354,0.037811452042429056,0.19445167019706736,26.44701395962996,0.5061538461538462,0.038685207100591715,0.19668555386858413,0.5061538461538462,0.038685207100591715,0.19668555386858413
4,4,28,110001001110101101011001110100,0.421875,0.4761300035752356,0.453499972820282,16,"[0, 1, 5, 8, 9, 10, 12, 14, 15, 17, 19, 20, 23, 24, 25, 27]",16,"[0, 1, 5, 8, 9, 10, 12, 14, 15, 17, 19, 20, 23, 24, 25, 27]",0,[],0.4761300035752356,0.047418813573804175,0.21775861308752903,21.088676089366253,0.578125,0.058190234375,0.24122652087819862,0.578125,0.058190234375,0.24122652087819862
4,5,0,010001001011100001000000010010,0.3388888888888889,0.4555648672911856,0.5830000042915344,9,"[1, 5, 8, 10, 11, 12, 17, 25, 28]",9,"[1, 5, 8, 10, 11, 12, 17, 25, 28]",0,[],0.4555648672911856,0.039258320943739905,0.19813712661623994,25.47230691381515,0.6611111111111111,0.04318765432098765,0.20781639569819232,0.6611111111111111,0.04318765432098765,0.20781639569819232
4,5,1,100000100101010101101001110011,0.5171428571428571,0.3940696104296616,0.6044999957084656,14,"[0, 6, 9, 11, 13, 15, 17, 18, 20, 23, 24, 25, 28, 29]",14,"[0, 6, 9, 11, 13, 15, 17, 18, 20, 23, 24, 25, 28, 29]",0,[],0.3940696104296616,0.024667424500720885,0.15705866579313885,40.53929505168956,0.48285714285714293,0.04374897959183673,0.20916256737723588,0.48285714285714293,0.04374897959183673,0.20916256737723588
4,5,2,100000100101010101101001111011,0.5066666666666666,0.38254189242919284,0.6949999928474426,15,"[0, 6, 9, 11, 13, 15, 17, 18, 20, 23, 24, 25, 26, 28, 29]",15,"[0, 6, 9, 11, 13, 15, 17, 18, 20, 23, 24, 25, 26, 28, 29]",0,[],0.38254189242919284,0.024883365486182793,0.15774462110063467,40.18748993399944,0.49333333333333335,0.042368888888888886,0.20583704450095683,0.49333333333333335,0.042368888888888886,0.20583704450095683
4,5,3,010100100011010011001001101000,0.39500000000000013,0.4423693461964528,0.8044999986886978,12,"[1, 3, 6, 10, 11, 13, 16, 17, 20, 23, 24, 26]",12,"[1, 3, 6, 10, 11, 13, 16, 17, 20, 23, 24, 26]",0,[],0.4423693461964528,0.03324283241894721,0.18232617041705015,30.081672566205167,0.6049999999999999,0.030408333333333332,0.174379853576419,0.6049999999999999,0.030408333333333332,0.174379853576419
4,5,4,110001001000101100011011110100,0.41428571428571437,0.5151270649262837,0.4125000238418579,14,"[0, 1, 5, 8, 12, 14, 15, 19, 20, 22, 23, 24, 25, 27]",14,"[0, 1, 5, 8, 12, 14, 15, 19, 20, 22, 23, 24, 25, 27]",0,[],0.5151270649262837,0.042842108949370614,0.2069833542808953,23.34152133317636,0.5857142857142856,0.07118163265306122,0.26679886179116513,0.5857142857142856,0.07118163265306122,0.26679886179116513
4,5,5,110000001010111000011100110100,0.35769230769230775,0.4961258585636432,0.5315000116825104,13,"[0, 1, 8, 10, 12, 13, 14, 19, 20, 21, 24, 25, 27]",13,"[0, 1, 8, 10, 12, 13, 14, 19, 20, 21, 24, 25, 27]",0,[],0.4961258585636432,0.04482892215374483,0.21172841602804482,22.30702751608459,0.6423076923076922,0.05560236686390533,0.23580154126702677,0.6423076923076922,0.05560236686390533,0.23580154126702677
4,5,6,110001001101010101101001111100,0.41999999999999993,0.42261081328615546,0.632999986410141,16,"[0, 1, 5, 8, 9, 11, 13, 15, 17, 18, 20, 23, 24, 25, 26, 27]",16,"[0, 1, 5, 8, 9, 11, 13, 15, 17, 18, 20, 23, 24, 25, 26, 27]",0,[],0.42261081328615546,0.03458285615844842,0.18596466373601309,28.916061629447135,0.5800000000000001,0.05233750000000001,0.22877390585466692,0.5800000000000001,0.05233750000000001,0.22877390585466692
4,5,7,101001001011101111001000101011,0.4475,0.4747201013378799,0.4599999785423279,16,"[0, 2, 5, 8, 10, 11, 12, 14, 15, 16, 17, 20, 24, 26, 28, 29]",16,"[0, 2, 5, 8, 10, 11, 12, 14, 15, 16, 17, 20, 24, 26, 28, 29]",0,[],0.4747201013378799,0.05280863897005534,0.22980130323837447,18.93629564221568,0.5525,0.05378124999999999,0.2319078480776362,0.5525,0.05378124999999999,0.2319078480776362
4,5,8,110001001011100001000000111011,0.43692307692307686,0.3974487317296175,0.6540000140666962,13,"[0, 1, 5, 8, 10, 11, 12, 17, 24, 25, 26, 28, 29]",13,"[0, 1, 5, 8, 10, 11, 12, 17, 24, 25, 26, 28, 29]",0,[],0.3974487317296175,0.04134568830165148,0.20333639197559172,24.186318841862327,0.5630769230769231,0.06174437869822485,0.24848416186595243,0.5630769230769231,0.06174437869822485,0.24848416186595243
4,5,9,110001001000101100011001110100,0.3800000000000001,0.5105623717491443,0.4169999957084656,13,"[0, 1, 5, 8, 12, 14, 15, 19, 20, 23, 24, 25, 27]",13,"[0, 1, 5, 8, 12, 14, 15, 19, 20, 23, 24, 25, 27]",0,[],0.5105623717491443,0.04584594585840998,0.21411666413058555,21.812179491036936,0.6199999999999999,0.0602,0.24535688292770594,0.6199999999999999,0.0602,0.24535688292770594
4,5,10,110000001000010100011001110100,0.4181818181818181,0.46310126510533417,0.4894999861717224,11,"[0, 1, 8, 13, 15, 19, 20, 23, 24, 25, 27]",11,"[0, 1, 8, 13, 15, 19, 20, 23, 24, 25, 27]",0,[],0.46310126510533417,0.03566671825923728,0.18885634291502437,28.037342620974425,0.5818181818181819,0.05610578512396695,0.23686659773798194,0.5818181818181819,0.05610578512396695,0.23686659773798194
4,5,11,110001100000101101111011110100,0.431875,0.44848314533010125,0.5439999997615814,16,"[0, 1, 5, 6, 12, 14, 15, 17, 18, 19, 20, 22, 23, 24, 25, 27]",16,"[0, 1, 5, 6, 12, 14, 15, 17, 18, 19, 20, 22, 23, 24, 25, 27]",0,[],0.44848314533010125,0.04103731344410896,0.20257668534189455,24.36806691456439,0.568125,0.062877734375,0.2507543307203287,0.568125,0.062877734375,0.2507543307203287
4,5,12,110001001101010101101000111100,0.41733333333333344,0.407350525756677,0.6355000138282776,15,"[0, 1, 5, 8, 9, 11, 13, 15, 17, 18, 20, 24, 25, 26, 27]",15,"[0, 1, 5, 8, 9, 11, 13, 15, 17, 18, 20, 24, 25, 26, 27]",0,[],0.407350525756677,0.033162357894627285,0.18210534834163242,30.15467124435119,0.5826666666666666,0.055712888888888895,0.23603577883212726,0.5826666666666666,0.055712888888888895,0.23603577883212726
4,5,13,100000100101010101101001011111,0.47133333333333327,0.3842481310168902,0.648499995470047,15,"[0, 6, 9, 11, 13, 15, 17, 18, 20, 23, 25, 26, 27, 28, 29]",15,"[0, 6, 9, 11, 13, 15, 17, 18, 20, 23, 25, 26, 27, 28, 29]",0,[],0.3842481310168902,0.02520130565109611,0.15874919102501314,39.680483775113686,0.5286666666666667,0.04335822222222222,0.20822637254253415,0.5286666666666667,0.04335822222222222,0.20822637254253415
4,5,14,010101011011101101101011001111,0.4047368421052632,0.5042516522501644,0.43949997425079346,19,"[1, 3, 5, 7, 8, 10, 11, 12, 14, 15, 17, 18, 20, 22, 23, 26, 27, 28, 29]",19,"[1, 3, 5, 7, 8, 10, 11, 12, 14, 15, 17, 18, 20, 22, 23, 26, 27, 28, 29]",0,[],0.5042516522501644,0.04117323288673773,0.2029118845379386,24.287624019004568,0.5952631578947368,0.05468808864265927,0.2338548452409299,0.5952631578947368,0.05468808864265927,0.2338548452409299
4,5,15,111101110011010101010001000011,0.46125000000000005,0.43471383722499013,0.5864999890327454,16,"[0, 1, 2, 3, 5, 6, 7, 10, 11, 13, 15, 17, 19, 23, 28, 29]",16,"[0, 1, 2, 3, 5, 6, 7, 10, 11, 13, 15, 17, 19, 23, 28, 29]",0,[],0.43471383722499013,0.03751152509735741,0.19367892269774067,26.658473559915254,0.53875,0.04596093750000001,0.21438502163164294,0.53875,0.04596093750000001,0.21438502163164294
4,5,16,010110100010000101000000010010,0.4733333333333333,0.4398658449451129,0.5225000083446503,9,"[1, 3, 4, 6, 10, 15, 17, 25, 28]",9,"[1, 3, 4, 6, 10, 15, 17, 25, 28]",0,[],0.4398658449451129,0.03522302303249184,0.18767797695119115,28.39052170728048,0.5266666666666667,0.021644444444444445,0.14712050993809275,0.5266666666666667,0.021644444444444445,0.14712050993809275
4,5,17,100000100100011011111000010011,0.4938461538461538,0.39459793670819354,0.6349999904632568,13,"[0, 6, 9, 13, 14, 16, 17, 18, 19, 20, 25, 28, 29]",13,"[0, 6, 9, 13, 14, 16, 17, 18, 19, 20, 25, 28, 29]",0,[],0.39459793670819354,0.037811452042429056,0.19445167019706736,26.44701395962996,0.5061538461538462,0.038685207100591715,0.19668555386858413,0.5061538461538462,0.038685207100591715,0.19668555386858413
4,5,18,110110100010000101010000010010,0.48272727272727267,0.39461245929652994,0.5839999914169312,11,"[0, 1, 3, 4, 6, 10, 15, 17, 19, 25, 28]",11,"[0, 1, 3, 4, 6, 10, 15, 17, 19, 25, 28]",0,[],0.39461245929652994,0.0410351766441214,0.2025714112211331,24.36933581820605,0.5172727272727273,0.03731074380165289,0.19315989180379267,0.5172727272727273,0.03731074380165289,0.19315989180379267
4,5,19,110001000010101101111011110100,0.43625,0.45210156636312604,0.5094999969005585,16,"[0, 1, 5, 10, 12, 14, 15, 17, 18, 19, 20, 22, 23, 24, 25, 27]",16,"[0, 1, 5, 10, 12, 14, 15, 17, 18, 19, 20, 22, 23, 24, 25, 27]",0,[],0.45210156636312604,0.040463868118496615,0.2011563275626611,24.713405971755964,0.56375,0.06297343749999999,0.2509450886150195,0.56375,0.06297343749999999,0.2509450886150195
4,5,20,110010101011101100001100101101,0.390625,0.4808785552158952,0.5600000023841858,16,"[0, 1, 4, 6, 8, 10, 11, 12, 14, 15, 20, 21, 24, 26, 27, 29]",16,"[0, 1, 4, 6, 8, 10, 11, 12, 14, 15, 20, 21, 24, 26, 27, 29]",0,[],0.4808785552158952,0.04289497997111966,0.20711103295363012,23.3127512980139,0.609375,0.05583085937499999,0.23628554626764625,0.609375,0.05583085937499999,0.23628554626764625
4,5,21,101100101000101101111000010100,0.3828571428571428,0.5029899994177478,0.45899999141693115,14,"[0, 2, 3, 6, 8, 12, 14, 15, 17, 18, 19, 20, 25, 27]",14,"[0, 2, 3, 6, 8, 12, 14, 15, 17, 18, 19, 20, 25, 27]",0,[],0.5029899994177478,0.06452080692911852,0.25400946228264515,15.498876216761879,0.6171428571428572,0.04756326530612244,0.21809003944729444,0.6171428571428572,0.04756326530612244,0.21809003944729444
4,5,22,010001001001001111011100010011,0.3821428571428571,0.4848294561462743,0.4595000147819519,14,"[1, 5, 8, 11, 14, 15, 16, 17, 19, 20, 21, 25, 28, 29]",14,"[1, 5, 8, 11, 14, 15, 16, 17, 19, 20, 21, 25, 28, 29]",0,[],0.4848294561462743,0.04028095890921061,0.20070116818098147,24.825625483591477,0.6178571428571429,0.04300255102040816,0.20737056449845567,0.6178571428571429,0.04300255102040816,0.20737056449845567
4,5,23,110001001110101101011001110100,0.421875,0.4761300035752356,0.453499972820282,16,"[0, 1, 5, 8, 9, 10, 12, 14, 15, 17, 19, 20, 23, 24, 25, 27]",16,"[0, 1, 5, 8, 9, 10, 12, 14, 15, 17, 19, 20, 23, 24, 25, 27]",0,[],0.4761300035752356,0.047418813573804175,0.21775861308752903,21.088676089366253,0.578125,0.058190234375,0.24122652087819862,0.578125,0.058190234375,0.24122652087819862
4,5,24,110001001101010100101101010111,0.40249999999999997,0.46100459061563015,0.5494999885559082,16,"[0, 1, 5, 8, 9, 11, 13, 15, 18, 20, 21, 23, 25, 27, 28, 29]",16,"[0, 1, 5, 8, 9, 11, 13, 15, 18, 20, 21, 23, 25, 27, 28, 29]",0,[],0.46100459061563015,0.027783292159593874,0.16668320899116945,35.99285477961938,0.5975,0.05338125,0.23104382701124043,0.5975,0.05338125,0.23104382701124043
4,5,25,110000100101010101101001110100,0.45499999999999996,0.40386947829808506,0.5879999995231628,14,"[0, 1, 6, 9, 11, 13, 15, 17, 18, 20, 23, 24, 25, 27]",14,"[0, 1, 6, 9, 11, 13, 15, 17, 18, 20, 23, 24, 25, 27]",0,[],0.40386947829808506,0.024716143294622194,0.15721368672803968,40.45938672873703,0.545,0.051425000000000005,0.22677080940897135,0.545,0.051425000000000005,0.22677080940897135
4,5,26,110001100111010100101011110000,0.472,0.4290553867816925,0.585999995470047,15,"[0, 1, 5, 6, 9, 10, 11, 13, 15, 18, 20, 22, 23, 24, 25]",15,"[0, 1, 5, 6, 9, 10, 11, 13, 15, 18, 20, 22, 23, 24, 25]",0,[],0.4290553867816925,0.017735858716187422,0.13317604407770725,56.382948015215376,0.528,0.057202666666666666,0.23917078974378678,0.528,0.057202666666666666,0.23917078974378678
4,5,27,110001001011001100011001110100,0.39428571428571424,0.48234251354421886,0.4959999918937683,14,"[0, 1, 5, 8, 10, 11, 14, 15, 19, 20, 23, 24, 25, 27]",14,"[0, 1, 5, 8, 10, 11, 14, 15, 19, 20, 23, 24, 25, 27]",0,[],0.48234251354421886,0.03994601412944686,0.19986498975420097,25.03378676929956,0.6057142857142858,0.052410204081632654,0.228932750129012,0.6057142857142858,0.052410204081632654,0.228932750129012
4,5,28,100000100111100101101001011111,0.45125000000000004,0.40268876357004046,0.6024999916553497,16,"[0, 6, 9, 10, 11, 12, 15, 17, 18, 20, 23, 25, 26, 27, 28, 29]",16,"[0, 6, 9, 10, 11, 12, 15, 17, 18, 20, 23, 25, 26, 27, 28, 29]",0,[],0.40268876357004046,0.03012356892051056,0.17356142693729665,33.19659774174763,0.54875,0.0508234375,0.22544054094150856,0.54875,0.0508234375,0.22544054094150856
4,5,29,110001001000101101111011110100,0.41874999999999996,0.4791015670634806,0.42000001668930054,16,"[0, 1, 5, 8, 12, 14, 15, 17, 18, 19, 20, 22, 23, 24, 25, 27]",16,"[0, 1, 5, 8, 12, 14, 15, 17, 18, 19, 20, 22, 23, 24, 25, 27]",0,[],0.4791015670634806,0.04858538435106097,0.2204209253928968,20.582321481175292,0.58125,0.0660359375,0.25697458531924905,0.58125,0.0660359375,0.25697458531924905
5,1,0,110001001000101101111011110100,0.42500000000000004,0.4409850351512432,0.41350001096725464,16,"[0, 1, 5, 8, 12, 14, 15, 17, 18, 19, 20, 22, 23, 24, 25, 27]",16,"[0, 1, 5, 8, 12, 14, 15, 17, 18, 19, 20, 22, 23, 24, 25, 27]",0,[],0.4409850351512432,0.05305860770712229,0.23034454130090057,18.84708331435854,0.575,0.058324999999999995,0.24150569351466644,0.575,0.058324999999999995,0.24150569351466644
5,1,1,100100110010100000100000010111,0.4745454545454546,0.37748348441990937,0.6554999947547913,11,"[0, 3, 6, 7, 10, 12, 18, 25, 27, 28, 29]",11,"[0, 3, 6, 7, 10, 12, 18, 25, 27, 28, 29]",0,[],0.37748348441990937,0.039620402329874634,0.1990487436028538,25.239521589763832,0.5254545454545454,0.05775206611570249,0.2403165955894484,0.5254545454545454,0.05775206611570249,0.2403165955894484
5,1,2,110000000111101100011001110110,0.44200000000000006,0.43860181669394177,0.46549999713897705,15,"[0, 1, 9, 10, 11, 12, 14, 15, 19, 20, 23, 24, 25, 27, 28]",15,"[0, 1, 9, 10, 11, 12, 14, 15, 19, 20, 23, 24, 25, 27, 28]",0,[],0.43860181669394177,0.03521355311163341,0.1876527460807153,28.39815672192513,0.5579999999999999,0.053989333333333334,0.23235604862652776,0.5579999999999999,0.053989333333333334,0.23235604862652776
5,1,3,101100100000101011111000010100,0.37076923076923074,0.4082160626466458,0.6195000112056732,13,"[0, 2, 3, 6, 12, 14, 16, 17, 18, 19, 20, 25, 27]",13,"[0, 2, 3, 6, 12, 14, 16, 17, 18, 19, 20, 25, 27]",0,[],0.4082160626466458,0.056912561659330334,0.23856353799214652,17.57081338186538,0.6292307692307693,0.04980710059171597,0.22317504473331234,0.6292307692307693,0.04980710059171597,0.22317504473331234
5,1,4,111111101011110101010101000011,0.4068421052631578,0.44557963233245046,0.5480000078678131,19,"[0, 1, 2, 3, 4, 5, 6, 8, 10, 11, 12, 13, 15, 17, 19, 21, 23, 28, 29]",19,"[0, 1, 2, 3, 4, 5, 6, 8, 10, 11, 12, 13, 15, 17, 19, 21, 23, 28, 29]",0,[],0.44557963233245046,0.04341647501225467,0.2083662041029079,23.03273123204363,0.5931578947368422,0.04096897506925208,0.20240794220892638,0.5931578947368422,0.04096897506925208,0.20240794220892638
5,1,5,100010110100111000011111010101,0.4325,0.3945051711052656,0.6324999928474426,16,"[0, 4, 6, 7, 9, 12, 13, 14, 19, 20, 21, 22, 23, 25, 27, 29]",16,"[0, 4, 6, 7, 9, 12, 13, 14, 19, 20, 21, 22, 23, 25, 27, 29]",0,[],0.3945051711052656,0.03710109273448816,0.19261643941909048,26.953384019075735,0.5675,0.060531249999999995,0.24603099398246553,0.5675,0.060531249999999995,0.24603099398246553
5,1,6,011101010000000111110100000111,0.40785714285714303,0.415651264999594,0.5959999859333038,14,"[1, 2, 3, 5, 7, 15, 16, 17, 18, 19, 21, 27, 28, 29]",14,"[1, 2, 3, 5, 7, 15, 16, 17, 18, 19, 21, 27, 28, 29]",0,[],0.415651264999594,0.02512446723235705,0.15850699426951811,39.80183901022704,0.592142857142857,0.04923112244897959,0.22188087445514448,0.592142857142857,0.04923112244897959,0.22188087445514448
5,1,7,100000100101010101101001111111,0.47562499999999996,0.35297209955751896,0.6489999890327454,16,"[0, 6, 9, 11, 13, 15, 17, 18, 20, 23, 24, 25, 26, 27, 28, 29]",16,"[0, 6, 9, 11, 13, 15, 17, 18, 20, 23, 24, 25, 26, 27, 28, 29]",0,[],0.35297209955751896,0.023885289387776308,0.15454866349398272,41.86677346734457,0.524375,0.048487109375000004,0.22019788685407496,0.524375,0.048487109375000004,0.22019788685407496
5,1,8,100111100111011101101110010101,0.44052631578947377,0.41227856043138,0.5419999957084656,19,"[0, 3, 4, 5, 6, 9, 10, 11, 13, 14, 15, 17, 18, 20, 21, 22, 25, 27, 29]",19,"[0, 3, 4, 5, 6, 9, 10, 11, 13, 14, 15, 17, 18, 20, 21, 22, 25, 27, 29]",0,[],0.41227856043138,0.03924301566952162,0.19809849991739367,25.482241436828655,0.5594736842105262,0.05168919667590027,0.2273525822943304,0.5594736842105262,0.05168919667590027,0.2273525822943304
5,1,9,100001010001010000010110100110,0.45818181818181825,0.3854421512647109,0.6425000131130219,11,"[0, 5, 7, 11, 13, 19, 21, 22, 24, 27, 28]",11,"[0, 5, 7, 11, 13, 19, 21, 22, 24, 27, 28]",0,[],0.3854421512647109,0.02391958938266653,0.1546595919517006,41.8067377329084,0.5418181818181818,0.07474214876033057,0.2733901036254432,0.5418181818181818,0.07474214876033057,0.2733901036254432
5,1,10,101001001011101010100100101001,0.4014285714285716,0.47228823070015225,0.468999981880188,14,"[0, 2, 5, 8, 10, 11, 12, 14, 16, 18, 21, 24, 26, 29]",14,"[0, 2, 5, 8, 10, 11, 12, 14, 16, 18, 21, 24, 26, 29]",0,[],0.47228823070015225,0.05360342876595763,0.2315241429440084,18.655523033166084,0.5985714285714284,0.039969387755102045,0.19992345473981296,0.5985714285714284,0.039969387755102045,0.19992345473981296
5,1,11,111101110011010101011111010001,0.4452631578947369,0.3978166337075986,0.5349999964237213,19,"[0, 1, 2, 3, 5, 6, 7, 10, 11, 13, 15, 17, 19, 20, 21, 22, 23, 25, 29]",19,"[0, 1, 2, 3, 5, 6, 7, 10, 11, 13, 15, 17, 19, 20, 21, 22, 23, 25, 29]",0,[],0.3978166337075986,0.034633216460228156,0.18610001735687226,28.874014665902394,0.5547368421052631,0.05301440443213296,0.23024857096653817,0.5547368421052631,0.05301440443213296,0.23024857096653817
5,2,0,110001001000101101111011110100,0.42500000000000004,0.4409850351512432,0.41350001096725464,16,"[0, 1, 5, 8, 12, 14, 15, 17, 18, 19, 20, 22, 23, 24, 25, 27]",16,"[0, 1, 5, 8, 12, 14, 15, 17, 18, 19, 20, 22, 23, 24, 25, 27]",0,[],0.4409850351512432,0.05305860770712229,0.23034454130090057,18.84708331435854,0.575,0.058324999999999995,0.24150569351466644,0.575,0.058324999999999995,0.24150569351466644
5,2,1,110000000111101100011001110110,0.44200000000000006,0.43860181669394177,0.46549999713897705,15,"[0, 1, 9, 10, 11, 12, 14, 15, 19, 20, 23, 24, 25, 27, 28]",15,"[0, 1, 9, 10, 11, 12, 14, 15, 19, 20, 23, 24, 25, 27, 28]",0,[],0.43860181669394177,0.03521355311163341,0.1876527460807153,28.39815672192513,0.5579999999999999,0.053989333333333334,0.23235604862652776,0.5579999999999999,0.053989333333333334,0.23235604862652776
5,2,2,101100100000101011111000010100,0.37076923076923074,0.4082160626466458,0.6195000112056732,13,"[0, 2, 3, 6, 12, 14, 16, 17, 18, 19, 20, 25, 27]",13,"[0, 2, 3, 6, 12, 14, 16, 17, 18, 19, 20, 25, 27]",0,[],0.4082160626466458,0.056912561659330334,0.23856353799214652,17.57081338186538,0.6292307692307693,0.04980710059171597,0.22317504473331234,0.6292307692307693,0.04980710059171597,0.22317504473331234
5,2,3,111111101011110101010101000011,0.4068421052631578,0.44557963233245046,0.5480000078678131,19,"[0, 1, 2, 3, 4, 5, 6, 8, 10, 11, 12, 13, 15, 17, 19, 21, 23, 28, 29]",19,"[0, 1, 2, 3, 4, 5, 6, 8, 10, 11, 12, 13, 15, 17, 19, 21, 23, 28, 29]",0,[],0.44557963233245046,0.04341647501225467,0.2083662041029079,23.03273123204363,0.5931578947368422,0.04096897506925208,0.20240794220892638,0.5931578947368422,0.04096897506925208,0.20240794220892638
5,2,4,011101010000000111110100000111,0.40785714285714303,0.415651264999594,0.5959999859333038,14,"[1, 2, 3, 5, 7, 15, 16, 17, 18, 19, 21, 27, 28, 29]",14,"[1, 2, 3, 5, 7, 15, 16, 17, 18, 19, 21, 27, 28, 29]",0,[],0.415651264999594,0.02512446723235705,0.15850699426951811,39.80183901022704,0.592142857142857,0.04923112244897959,0.22188087445514448,0.592142857142857,0.04923112244897959,0.22188087445514448
5,2,5,100111100111011101101110010101,0.44052631578947377,0.41227856043138,0.5419999957084656,19,"[0, 3, 4, 5, 6, 9, 10, 11, 13, 14, 15, 17, 18, 20, 21, 22, 25, 27, 29]",19,"[0, 3, 4, 5, 6, 9, 10, 11, 13, 14, 15, 17, 18, 20, 21, 22, 25, 27, 29]",0,[],0.41227856043138,0.03924301566952162,0.19809849991739367,25.482241436828655,0.5594736842105262,0.05168919667590027,0.2273525822943304,0.5594736842105262,0.05168919667590027,0.2273525822943304
5,2,6,111101110011010101011111010001,0.4452631578947369,0.3978166337075986,0.5349999964237213,19,"[0, 1, 2, 3, 5, 6, 7, 10, 11, 13, 15, 17, 19, 20, 21, 22, 23, 25, 29]",19,"[0, 1, 2, 3, 5, 6, 7, 10, 11, 13, 15, 17, 19, 20, 21, 22, 23, 25, 29]",0,[],0.3978166337075986,0.034633216460228156,0.18610001735687226,28.874014665902394,0.5547368421052631,0.05301440443213296,0.23024857096653817,0.5547368421052631,0.05301440443213296,0.23024857096653817
5,2,7,100101100011010101011000111111,0.4447058823529412,0.37074245074216056,0.5954999923706055,17,"[0, 3, 5, 6, 10, 11, 13, 15, 17, 19, 20, 24, 25, 26, 27, 28, 29]",17,"[0, 3, 5, 6, 10, 11, 13, 15, 17, 19, 20, 24, 25, 26, 27, 28, 29]",0,[],0.37074245074216056,0.031172208464647327,0.176556530506938,32.07985732336253,0.5552941176470588,0.05141314878892734,0.22674467753163985,0.5552941176470588,0.05141314878892734,0.22674467753163985
5,2,8,111000100000010101010101000011,0.45833333333333337,0.34878309071063995,0.578000009059906,12,"[0, 1, 2, 6, 13, 15, 17, 19, 21, 23, 28, 29]",12,"[0, 1, 2, 6, 13, 15, 17, 19, 21, 23, 28, 29]",0,[],0.34878309071063995,0.027793596488731292,0.16671411604519665,35.97951061876582,0.5416666666666666,0.047313888888888884,0.21751755995525715,0.5416666666666666,0.047313888888888884,0.21751755995525715
5,2,9,110001001000101100011001110100,0.3876923076923078,0.4586012466595723,0.4169999957084656,13,"[0, 1, 5, 8, 12, 14, 15, 19, 20, 23, 24, 25, 27]",13,"[0, 1, 5, 8, 12, 14, 15, 19, 20, 23, 24, 25, 27]",0,[],0.4586012466595723,0.05607112004734142,0.23679341217048547,17.834493035910285,0.6123076923076922,0.049371597633136095,0.22219720437740906,0.6123076923076922,0.049371597633136095,0.22219720437740906
5,2,10,111101111011010101011111010101,0.4247619047619049,0.42501545591013773,0.5399999916553497,21,"[0, 1, 2, 3, 5, 6, 7, 8, 10, 11, 13, 15, 17, 19, 20, 21, 22, 23, 25, 27, 29]",21,"[0, 1, 2, 3, 5, 6, 7, 8, 10, 11, 13, 15, 17, 19, 20, 21, 22, 23, 25, 27, 29]",0,[],0.42501545591013773,0.04369388134855894,0.20903081435175758,22.88649964563015,0.5752380952380951,0.0524249433106576,0.22896493904232937,0.5752380952380951,0.0524249433106576,0.22896493904232937
5,2,11,111000100101110001101111010001,0.431875,0.3733378415927291,0.695499986410141,16,"[0, 1, 2, 6, 9, 11, 12, 13, 17, 18, 20, 21, 22, 23, 25, 29]",16,"[0, 1, 2, 6, 9, 11, 12, 13, 17, 18, 20, 21, 22, 23, 25, 29]",0,[],0.3733378415927291,0.03033433233532351,0.17416754099235457,32.96594726218935,0.568125,0.056002734375,0.2366489686751244,0.568125,0.056002734375,0.2366489686751244
5,2,12,101111101001101000010011000100,0.3678571428571429,0.5239626690745354,0.5455000102519989,14,"[0, 2, 3, 4, 5, 6, 8, 11, 12, 14, 19, 22, 23, 27]",14,"[0, 2, 3, 4, 5, 6, 8, 11, 12, 14, 19, 22, 23, 27]",0,[],0.5239626690745354,0.0553872986404775,0.23534506291927498,18.054680848240388,0.6321428571428571,0.04101683673469387,0.20252613839871106,0.6321428571428571,0.04101683673469387,0.20252613839871106
5,2,13,010101110001000111110111001111,0.4144444444444444,0.41542571700281566,0.5674999952316284,18,"[1, 3, 5, 6, 7, 11, 15, 16, 17, 18, 19, 21, 22, 23, 26, 27, 28, 29]",18,"[1, 3, 5, 6, 7, 11, 15, 16, 17, 18, 19, 21, 22, 23, 26, 27, 28, 29]",0,[],0.41542571700281566,0.02784940242867465,0.16688140228519968,35.907413186372985,0.5855555555555556,0.04925802469135802,0.2219414893420291,0.5855555555555556,0.04925802469135802,0.2219414893420291
5,2,14,101101000010010011111000010100,0.39230769230769236,0.387398545558636,0.6299999952316284,13,"[0, 2, 3, 5, 10, 13, 16, 17, 18, 19, 20, 25, 27]",13,"[0, 2, 3, 5, 10, 13, 16, 17, 18, 19, 20, 25, 27]",0,[],0.387398545558636,0.03950831438883278,0.19876698515808097,25.31112793520381,0.6076923076923076,0.049279289940828405,0.2219893915051537,0.6076923076923076,0.049279289940828405,0.2219893915051537
5,2,15,110000000111101101111011110110,0.46611111111111114,0.42627620034747654,0.5065000057220459,18,"[0, 1, 9, 10, 11, 12, 14, 15, 17, 18, 19, 20, 22, 23, 24, 25, 27, 28]",18,"[0, 1, 9, 10, 11, 12, 14, 15, 17, 18, 19, 20, 22, 23, 24, 25, 27, 28]",0,[],0.42627620034747654,0.03557628093001925,0.18861675675829878,28.108615455535162,0.5338888888888889,0.05872376543209876,0.24232986904651016,0.5338888888888889,0.05872376543209876,0.24232986904651016
5,2,16,011101011110100110011101010101,0.3844444444444446,0.47291839867830276,0.5755000114440918,18,"[1, 2, 3, 5, 7, 8, 9, 10, 12, 15, 16, 19, 20, 21, 23, 25, 27, 29]",18,"[1, 2, 3, 5, 7, 8, 9, 10, 12, 15, 16, 19, 20, 21, 23, 25, 27, 29]",0,[],0.47291839867830276,0.03486892190099179,0.18673221977203558,28.678833341605454,0.6155555555555554,0.04353580246913579,0.2086523483432089,0.6155555555555554,0.04353580246913579,0.2086523483432089
5,3,0,110001001000101101111011110100,0.42500000000000004,0.4409850351512432,0.41350001096725464,16,"[0, 1, 5, 8, 12, 14, 15, 17, 18, 19, 20, 22, 23, 24, 25, 27]",16,"[0, 1, 5, 8, 12, 14, 15, 17, 18, 19, 20, 22, 23, 24, 25, 27]",0,[],0.4409850351512432,0.05305860770712229,0.23034454130090057,18.84708331435854,0.575,0.058324999999999995,0.24150569351466644,0.575,0.058324999999999995,0.24150569351466644
5,3,1,110000000111101100011001110110,0.44200000000000006,0.43860181669394177,0.46549999713897705,15,"[0, 1, 9, 10, 11, 12, 14, 15, 19, 20, 23, 24, 25, 27, 28]",15,"[0, 1, 9, 10, 11, 12, 14, 15, 19, 20, 23, 24, 25, 27, 28]",0,[],0.43860181669394177,0.03521355311163341,0.1876527460807153,28.39815672192513,0.5579999999999999,0.053989333333333334,0.23235604862652776,0.5579999999999999,0.053989333333333334,0.23235604862652776
5,3,2,101100100000101011111000010100,0.37076923076923074,0.4082160626466458,0.6195000112056732,13,"[0, 2, 3, 6, 12, 14, 16, 17, 18, 19, 20, 25, 27]",13,"[0, 2, 3, 6, 12, 14, 16, 17, 18, 19, 20, 25, 27]",0,[],0.4082160626466458,0.056912561659330334,0.23856353799214652,17.57081338186538,0.6292307692307693,0.04980710059171597,0.22317504473331234,0.6292307692307693,0.04980710059171597,0.22317504473331234
5,3,3,111101110011010101011111010001,0.4452631578947369,0.3978166337075986,0.5349999964237213,19,"[0, 1, 2, 3, 5, 6, 7, 10, 11, 13, 15, 17, 19, 20, 21, 22, 23, 25, 29]",19,"[0, 1, 2, 3, 5, 6, 7, 10, 11, 13, 15, 17, 19, 20, 21, 22, 23, 25, 29]",0,[],0.3978166337075986,0.034633216460228156,0.18610001735687226,28.874014665902394,0.5547368421052631,0.05301440443213296,0.23024857096653817,0.5547368421052631,0.05301440443213296,0.23024857096653817
5,3,4,100101100011010101011000111111,0.4447058823529412,0.37074245074216056,0.5954999923706055,17,"[0, 3, 5, 6, 10, 11, 13, 15, 17, 19, 20, 24, 25, 26, 27, 28, 29]",17,"[0, 3, 5, 6, 10, 11, 13, 15, 17, 19, 20, 24, 25, 26, 27, 28, 29]",0,[],0.37074245074216056,0.031172208464647327,0.176556530506938,32.07985732336253,0.5552941176470588,0.05141314878892734,0.22674467753163985,0.5552941176470588,0.05141314878892734,0.22674467753163985
5,3,5,111000100000010101010101000011,0.45833333333333337,0.34878309071063995,0.578000009059906,12,"[0, 1, 2, 6, 13, 15, 17, 19, 21, 23, 28, 29]",12,"[0, 1, 2, 6, 13, 15, 17, 19, 21, 23, 28, 29]",0,[],0.34878309071063995,0.027793596488731292,0.16671411604519665,35.97951061876582,0.5416666666666666,0.047313888888888884,0.21751755995525715,0.5416666666666666,0.047313888888888884,0.21751755995525715
5,3,6,110001001000101100011001110100,0.3876923076923078,0.4586012466595723,0.4169999957084656,13,"[0, 1, 5, 8, 12, 14, 15, 19, 20, 23, 24, 25, 27]",13,"[0, 1, 5, 8, 12, 14, 15, 19, 20, 23, 24, 25, 27]",0,[],0.4586012466595723,0.05607112004734142,0.23679341217048547,17.834493035910285,0.6123076923076922,0.049371597633136095,0.22219720437740906,0.6123076923076922,0.049371597633136095,0.22219720437740906
5,3,7,111000100101110001101111010001,0.431875,0.3733378415927291,0.695499986410141,16,"[0, 1, 2, 6, 9, 11, 12, 13, 17, 18, 20, 21, 22, 23, 25, 29]",16,"[0, 1, 2, 6, 9, 11, 12, 13, 17, 18, 20, 21, 22, 23, 25, 29]",0,[],0.3733378415927291,0.03033433233532351,0.17416754099235457,32.96594726218935,0.568125,0.056002734375,0.2366489686751244,0.568125,0.056002734375,0.2366489686751244
5,3,8,101111101001101000010011000100,0.3678571428571429,0.5239626690745354,0.5455000102519989,14,"[0, 2, 3, 4, 5, 6, 8, 11, 12, 14, 19, 22, 23, 27]",14,"[0, 2, 3, 4, 5, 6, 8, 11, 12, 14, 19, 22, 23, 27]",0,[],0.5239626690745354,0.0553872986404775,0.23534506291927498,18.054680848240388,0.6321428571428571,0.04101683673469387,0.20252613839871106,0.6321428571428571,0.04101683673469387,0.20252613839871106
5,3,9,101101000010010011111000010100,0.39230769230769236,0.387398545558636,0.6299999952316284,13,"[0, 2, 3, 5, 10, 13, 16, 17, 18, 19, 20, 25, 27]",13,"[0, 2, 3, 5, 10, 13, 16, 17, 18, 19, 20, 25, 27]",0,[],0.387398545558636,0.03950831438883278,0.19876698515808097,25.31112793520381,0.6076923076923076,0.049279289940828405,0.2219893915051537,0.6076923076923076,0.049279289940828405,0.2219893915051537
5,3,10,111001100000010101010001000111,0.45000000000000007,0.3691180142072531,0.5785000026226044,13,"[0, 1, 2, 5, 6, 13, 15, 17, 19, 23, 27, 28, 29]",13,"[0, 1, 2, 5, 6, 13, 15, 17, 19, 23, 27, 28, 29]",0,[],0.3691180142072531,0.025957910714344033,0.16111458876943463,38.523901673157845,0.5499999999999999,0.04304615384615384,0.2074756704921178,0.5499999999999999,0.04304615384615384,0.2074756704921178
5,3,11,110000000100111101101000110110,0.46571428571428586,0.39185069288526264,0.527999997138977,14,"[0, 1, 9, 12, 13, 14, 15, 17, 18, 20, 24, 25, 27, 28]",14,"[0, 1, 9, 12, 13, 14, 15, 17, 18, 20, 24, 25, 27, 28]",0,[],0.39185069288526264,0.03449111116650214,0.18571782673319798,28.992977210058765,0.5342857142857141,0.056753061224489795,0.23822901003968805,0.5342857142857141,0.056753061224489795,0.23822901003968805
5,3,12,100101100011010101111000101111,0.42000000000000004,0.37647397465565624,0.5974999964237213,17,"[0, 3, 5, 6, 10, 11, 13, 15, 17, 18, 19, 20, 24, 26, 27, 28, 29]",17,"[0, 3, 5, 6, 10, 11, 13, 15, 17, 18, 19, 20, 24, 26, 27, 28, 29]",0,[],0.37647397465565624,0.029505446053200792,0.17177149371534495,33.892048206860395,0.58,0.05103529411764706,0.22590992478783897,0.58,0.05103529411764706,0.22590992478783897
5,3,13,110011101001101010100100110110,0.39437500000000014,0.44232911244034767,0.5009999871253967,16,"[0, 1, 4, 5, 6, 8, 11, 12, 14, 16, 18, 21, 24, 25, 27, 28]",16,"[0, 1, 4, 5, 6, 8, 11, 12, 14, 16, 18, 21, 24, 25, 27, 28]",0,[],0.44232911244034767,0.04919244545961627,0.2217937002252685,20.328324616854708,0.6056249999999999,0.043012109374999996,0.20739360977378254,0.6056249999999999,0.043012109374999996,0.20739360977378254
5,3,14,100000101000101011111000110100,0.40000000000000013,0.40919871857533086,0.5404999852180481,13,"[0, 6, 8, 12, 14, 16, 17, 18, 19, 20, 24, 25, 27]",13,"[0, 6, 8, 12, 14, 16, 17, 18, 19, 20, 24, 25, 27]",0,[],0.40919871857533086,0.06405792503215554,0.25309667131781,15.610870934361735,0.5999999999999999,0.0554,0.2353720459187964,0.5999999999999999,0.0554,0.2353720459187964
5,3,15,101000100000010101010101000011,0.4727272727272728,0.34715731035579334,0.574999988079071,11,"[0, 2, 6, 13, 15, 17, 19, 21, 23, 28, 29]",11,"[0, 2, 6, 13, 15, 17, 19, 21, 23, 28, 29]",0,[],0.34715731035579334,0.030288569137469492,0.1740361144632616,33.015755728220135,0.5272727272727272,0.0491289256198347,0.22165045819901816,0.5272727272727272,0.0491289256198347,0.22165045819901816
5,3,16,100100010010100000011100010111,0.41666666666666674,0.3738217813273271,0.6225000023841858,12,"[0, 3, 7, 10, 12, 19, 20, 21, 25, 27, 28, 29]",12,"[0, 3, 7, 10, 12, 19, 20, 21, 25, 27, 28, 29]",0,[],0.3738217813273271,0.03637925726599651,0.19073347180292322,27.488191765110457,0.5833333333333333,0.07443888888888889,0.2728349114187715,0.5833333333333333,0.07443888888888889,0.2728349114187715
5,3,17,100111101011101111011100101000,0.3866666666666667,0.4561421929134263,0.42799997329711914,18,"[0, 3, 4, 5, 6, 8, 10, 11, 12, 14, 15, 16, 17, 19, 20, 21, 24, 26]",18,"[0, 3, 4, 5, 6, 8, 10, 11, 12, 14, 15, 16, 17, 19, 20, 21, 24, 26]",0,[],0.4561421929134263,0.05413612299409865,0.23267170647523658,18.471954486083337,0.6133333333333333,0.04435555555555555,0.21060758665241752,0.6133333333333333,0.04435555555555555,0.21060758665241752
5,3,18,001111001010110101111010010100,0.38312499999999994,0.46946833096444607,0.4959999918937683,16,"[2, 3, 4, 5, 8, 10, 12, 13, 15, 17, 18, 19, 20, 22, 25, 27]",16,"[2, 3, 4, 5, 8, 10, 12, 13, 15, 17, 18, 19, 20, 22, 25, 27]",0,[],0.46946833096444607,0.039461761138940614,0.1986498455547867,25.340987607702242,0.6168750000000001,0.047171484374999996,0.21718997300750326,0.6168750000000001,0.047171484374999996,0.21718997300750326
5,3,19,110001001000110101010101110100,0.40500000000000014,0.4040470080716269,0.50450000166893,14,"[0, 1, 5, 8, 12, 13, 15, 17, 19, 21, 23, 24, 25, 27]",14,"[0, 1, 5, 8, 12, 13, 15, 17, 19, 21, 23, 24, 25, 27]",0,[],0.4040470080716269,0.046097879411190666,0.21470416719568036,21.69297184107001,0.5949999999999999,0.05359642857142858,0.23150902481637423,0.5949999999999999,0.05359642857142858,0.23150902481637423
5,3,20,111100100101010101101001111111,0.44842105263157905,0.38869546745952804,0.5834999978542328,19,"[0, 1, 2, 3, 6, 9, 11, 13, 15, 17, 18, 20, 23, 24, 25, 26, 27, 28, 29]",19,"[0, 1, 2, 3, 6, 9, 11, 13, 15, 17, 18, 20, 23, 24, 25, 26, 27, 28, 29]",0,[],0.38869546745952804,0.03145199265638957,0.1773470965547211,31.79448790176564,0.551578947368421,0.04553961218836564,0.213400122278235,0.551578947368421,0.04553961218836564,0.213400122278235
5,3,21,101101000000010011111000010100,0.3766666666666668,0.3748900890350342,0.6599999964237213,12,"[0, 2, 3, 5, 13, 16, 17, 18, 19, 20, 25, 27]",12,"[0, 2, 3, 5, 13, 16, 17, 18, 19, 20, 25, 27]",0,[],0.3748900890350342,0.04076667462139864,0.20190758931104755,24.529839857850334,0.6233333333333332,0.05020555555555555,0.22406596251005093,0.6233333333333332,0.05020555555555555,0.22406596251005093
5,3,22,000000000111101000010001000100,0.3474999999999999,0.5306274332106113,0.5324999988079071,8,"[9, 10, 11, 12, 14, 19, 23, 27]",8,"[9, 10, 11, 12, 14, 19, 23, 27]",0,[],0.5306274332106113,0.025337446128173555,0.1591774045779537,39.467276810035976,0.6525000000000001,0.035443749999999996,0.18826510563564347,0.6525000000000001,0.035443749999999996,0.18826510563564347
5,4,0,110001001000101101111011110100,0.42500000000000004,0.4409850351512432,0.41350001096725464,16,"[0, 1, 5, 8, 12, 14, 15, 17, 18, 19, 20, 22, 23, 24, 25, 27]",16,"[0, 1, 5, 8, 12, 14, 15, 17, 18, 19, 20, 22, 23, 24, 25, 27]",0,[],0.4409850351512432,0.05305860770712229,0.23034454130090057,18.84708331435854,0.575,0.058324999999999995,0.24150569351466644,0.575,0.058324999999999995,0.24150569351466644
5,4,1,101100100000101011111000010100,0.37076923076923074,0.4082160626466458,0.6195000112056732,13,"[0, 2, 3, 6, 12, 14, 16, 17, 18, 19, 20, 25, 27]",13,"[0, 2, 3, 6, 12, 14, 16, 17, 18, 19, 20, 25, 27]",0,[],0.4082160626466458,0.056912561659330334,0.23856353799214652,17.57081338186538,0.6292307692307693,0.04980710059171597,0.22317504473331234,0.6292307692307693,0.04980710059171597,0.22317504473331234
5,4,2,100101100011010101011000111111,0.4447058823529412,0.37074245074216056,0.5954999923706055,17,"[0, 3, 5, 6, 10, 11, 13, 15, 17, 19, 20, 24, 25, 26, 27, 28, 29]",17,"[0, 3, 5, 6, 10, 11, 13, 15, 17, 19, 20, 24, 25, 26, 27, 28, 29]",0,[],0.37074245074216056,0.031172208464647327,0.176556530506938,32.07985732336253,0.5552941176470588,0.05141314878892734,0.22674467753163985,0.5552941176470588,0.05141314878892734,0.22674467753163985
5,4,3,111000100000010101010101000011,0.45833333333333337,0.34878309071063995,0.578000009059906,12,"[0, 1, 2, 6, 13, 15, 17, 19, 21, 23, 28, 29]",12,"[0, 1, 2, 6, 13, 15, 17, 19, 21, 23, 28, 29]",0,[],0.34878309071063995,0.027793596488731292,0.16671411604519665,35.97951061876582,0.5416666666666666,0.047313888888888884,0.21751755995525715,0.5416666666666666,0.047313888888888884,0.21751755995525715
5,4,4,110001001000101100011001110100,0.3876923076923078,0.4586012466595723,0.4169999957084656,13,"[0, 1, 5, 8, 12, 14, 15, 19, 20, 23, 24, 25, 27]",13,"[0, 1, 5, 8, 12, 14, 15, 19, 20, 23, 24, 25, 27]",0,[],0.4586012466595723,0.05607112004734142,0.23679341217048547,17.834493035910285,0.6123076923076922,0.049371597633136095,0.22219720437740906,0.6123076923076922,0.049371597633136095,0.22219720437740906
5,4,5,101101000010010011111000010100,0.39230769230769236,0.387398545558636,0.6299999952316284,13,"[0, 2, 3, 5, 10, 13, 16, 17, 18, 19, 20, 25, 27]",13,"[0, 2, 3, 5, 10, 13, 16, 17, 18, 19, 20, 25, 27]",0,[],0.387398545558636,0.03950831438883278,0.19876698515808097,25.31112793520381,0.6076923076923076,0.049279289940828405,0.2219893915051537,0.6076923076923076,0.049279289940828405,0.2219893915051537
5,4,6,111001100000010101010001000111,0.45000000000000007,0.3691180142072531,0.5785000026226044,13,"[0, 1, 2, 5, 6, 13, 15, 17, 19, 23, 27, 28, 29]",13,"[0, 1, 2, 5, 6, 13, 15, 17, 19, 23, 27, 28, 29]",0,[],0.3691180142072531,0.025957910714344033,0.16111458876943463,38.523901673157845,0.5499999999999999,0.04304615384615384,0.2074756704921178,0.5499999999999999,0.04304615384615384,0.2074756704921178
5,4,7,110000000100111101101000110110,0.46571428571428586,0.39185069288526264,0.527999997138977,14,"[0, 1, 9, 12, 13, 14, 15, 17, 18, 20, 24, 25, 27, 28]",14,"[0, 1, 9, 12, 13, 14, 15, 17, 18, 20, 24, 25, 27, 28]",0,[],0.39185069288526264,0.03449111116650214,0.18571782673319798,28.992977210058765,0.5342857142857141,0.056753061224489795,0.23822901003968805,0.5342857142857141,0.056753061224489795,0.23822901003968805
5,4,8,100101100011010101111000101111,0.42000000000000004,0.37647397465565624,0.5974999964237213,17,"[0, 3, 5, 6, 10, 11, 13, 15, 17, 18, 19, 20, 24, 26, 27, 28, 29]",17,"[0, 3, 5, 6, 10, 11, 13, 15, 17, 18, 19, 20, 24, 26, 27, 28, 29]",0,[],0.37647397465565624,0.029505446053200792,0.17177149371534495,33.892048206860395,0.58,0.05103529411764706,0.22590992478783897,0.58,0.05103529411764706,0.22590992478783897
5,4,9,110011101001101010100100110110,0.39437500000000014,0.44232911244034767,0.5009999871253967,16,"[0, 1, 4, 5, 6, 8, 11, 12, 14, 16, 18, 21, 24, 25, 27, 28]",16,"[0, 1, 4, 5, 6, 8, 11, 12, 14, 16, 18, 21, 24, 25, 27, 28]",0,[],0.44232911244034767,0.04919244545961627,0.2217937002252685,20.328324616854708,0.6056249999999999,0.043012109374999996,0.20739360977378254,0.6056249999999999,0.043012109374999996,0.20739360977378254
5,4,10,100000101000101011111000110100,0.40000000000000013,0.40919871857533086,0.5404999852180481,13,"[0, 6, 8, 12, 14, 16, 17, 18, 19, 20, 24, 25, 27]",13,"[0, 6, 8, 12, 14, 16, 17, 18, 19, 20, 24, 25, 27]",0,[],0.40919871857533086,0.06405792503215554,0.25309667131781,15.610870934361735,0.5999999999999999,0.0554,0.2353720459187964,0.5999999999999999,0.0554,0.2353720459187964
5,4,11,101000100000010101010101000011,0.4727272727272728,0.34715731035579334,0.574999988079071,11,"[0, 2, 6, 13, 15, 17, 19, 21, 23, 28, 29]",11,"[0, 2, 6, 13, 15, 17, 19, 21, 23, 28, 29]",0,[],0.34715731035579334,0.030288569137469492,0.1740361144632616,33.015755728220135,0.5272727272727272,0.0491289256198347,0.22165045819901816,0.5272727272727272,0.0491289256198347,0.22165045819901816
5,4,12,100100010010100000011100010111,0.41666666666666674,0.3738217813273271,0.6225000023841858,12,"[0, 3, 7, 10, 12, 19, 20, 21, 25, 27, 28, 29]",12,"[0, 3, 7, 10, 12, 19, 20, 21, 25, 27, 28, 29]",0,[],0.3738217813273271,0.03637925726599651,0.19073347180292322,27.488191765110457,0.5833333333333333,0.07443888888888889,0.2728349114187715,0.5833333333333333,0.07443888888888889,0.2728349114187715
5,4,13,100111101011101111011100101000,0.3866666666666667,0.4561421929134263,0.42799997329711914,18,"[0, 3, 4, 5, 6, 8, 10, 11, 12, 14, 15, 16, 17, 19, 20, 21, 24, 26]",18,"[0, 3, 4, 5, 6, 8, 10, 11, 12, 14, 15, 16, 17, 19, 20, 21, 24, 26]",0,[],0.4561421929134263,0.05413612299409865,0.23267170647523658,18.471954486083337,0.6133333333333333,0.04435555555555555,0.21060758665241752,0.6133333333333333,0.04435555555555555,0.21060758665241752
5,4,14,001111001010110101111010010100,0.38312499999999994,0.46946833096444607,0.4959999918937683,16,"[2, 3, 4, 5, 8, 10, 12, 13, 15, 17, 18, 19, 20, 22, 25, 27]",16,"[2, 3, 4, 5, 8, 10, 12, 13, 15, 17, 18, 19, 20, 22, 25, 27]",0,[],0.46946833096444607,0.039461761138940614,0.1986498455547867,25.340987607702242,0.6168750000000001,0.047171484374999996,0.21718997300750326,0.6168750000000001,0.047171484374999996,0.21718997300750326
5,4,15,110001001000110101010101110100,0.40500000000000014,0.4040470080716269,0.50450000166893,14,"[0, 1, 5, 8, 12, 13, 15, 17, 19, 21, 23, 24, 25, 27]",14,"[0, 1, 5, 8, 12, 13, 15, 17, 19, 21, 23, 24, 25, 27]",0,[],0.4040470080716269,0.046097879411190666,0.21470416719568036,21.69297184107001,0.5949999999999999,0.05359642857142858,0.23150902481637423,0.5949999999999999,0.05359642857142858,0.23150902481637423
5,4,16,101101000000010011111000010100,0.3766666666666668,0.3748900890350342,0.6599999964237213,12,"[0, 2, 3, 5, 13, 16, 17, 18, 19, 20, 25, 27]",12,"[0, 2, 3, 5, 13, 16, 17, 18, 19, 20, 25, 27]",0,[],0.3748900890350342,0.04076667462139864,0.20190758931104755,24.529839857850334,0.6233333333333332,0.05020555555555555,0.22406596251005093,0.6233333333333332,0.05020555555555555,0.22406596251005093
5,4,17,000000000111101000010001000100,0.3474999999999999,0.5306274332106113,0.5324999988079071,8,"[9, 10, 11, 12, 14, 19, 23, 27]",8,"[9, 10, 11, 12, 14, 19, 23, 27]",0,[],0.5306274332106113,0.025337446128173555,0.1591774045779537,39.467276810035976,0.6525000000000001,0.035443749999999996,0.18826510563564347,0.6525000000000001,0.035443749999999996,0.18826510563564347
5,4,18,111000100101110001010101000001,0.4046153846153847,0.36944243770379287,0.6599999964237213,13,"[0, 1, 2, 6, 9, 11, 12, 13, 17, 19, 21, 23, 29]",13,"[0, 1, 2, 6, 9, 11, 12, 13, 17, 19, 21, 23, 29]",0,[],0.36944243770379287,0.03047133685219444,0.17456041032317277,32.817726535945646,0.5953846153846153,0.048532544378698216,0.220301031270165,0.5953846153846153,0.048532544378698216,0.220301031270165
5,4,19,111001100000010101010100000111,0.42692307692307696,0.34169445817287153,0.6074999868869781,13,"[0, 1, 2, 5, 6, 13, 15, 17, 19, 21, 27, 28, 29]",13,"[0, 1, 2, 5, 6, 13, 15, 17, 19, 21, 27, 28, 29]",0,[],0.34169445817287153,0.0211558938842938,0.14545065790258152,47.26815163042593,0.573076923076923,0.05128284023668639,0.22645714878688725,0.573076923076923,0.05128284023668639,0.22645714878688725
5,4,20,000000100101110001101001000100,0.33799999999999997,0.4068818330764771,0.7470000088214874,10,"[6, 9, 11, 12, 13, 17, 18, 20, 23, 27]",10,"[6, 9, 11, 12, 13, 17, 18, 20, 23, 27]",0,[],0.4068818330764771,0.020181960062705704,0.1420632255818011,49.54920121202215,0.662,0.039376,0.1984338680769994,0.662,0.039376,0.1984338680769994
5,4,21,110001101000110101010101110100,0.402,0.3920228213071823,0.523499995470047,15,"[0, 1, 5, 6, 8, 12, 13, 15, 17, 19, 21, 23, 24, 25, 27]",15,"[0, 1, 5, 6, 8, 12, 13, 15, 17, 19, 21, 23, 24, 25, 27]",0,[],0.3920228213071823,0.04504882239329204,0.21224707864489453,22.19813852778767,0.598,0.05014933333333333,0.22394046827970449,0.598,0.05014933333333333,0.22394046827970449
5,4,22,110001001000100001101011010000,0.43454545454545457,0.414170503616333,0.49049997329711914,11,"[0, 1, 5, 8, 12, 17, 18, 20, 22, 23, 25]",11,"[0, 1, 5, 8, 12, 17, 18, 20, 22, 23, 25]",0,[],0.414170503616333,0.058410496015387885,0.24168263490658132,17.120210719261074,0.5654545454545454,0.06231570247933884,0.24963113283270347,0.5654545454545454,0.06231570247933884,0.24963113283270347
5,4,23,010000101000010101101110010001,0.4291666666666666,0.38341744368275005,0.5300000011920929,12,"[1, 6, 8, 13, 15, 17, 18, 20, 21, 22, 25, 29]",12,"[1, 6, 8, 13, 15, 17, 18, 20, 21, 22, 25, 29]",0,[],0.38341744368275005,0.04154718294729763,0.2038312609667556,24.069020546314643,0.5708333333333334,0.05327430555555556,0.23081227340753688,0.5708333333333334,0.05327430555555556,0.23081227340753688
5,4,24,000000000111101100011001000100,0.349,0.5105019450187683,0.5024999976158142,10,"[9, 10, 11, 12, 14, 15, 19, 20, 23, 27]",10,"[9, 10, 11, 12, 14, 15, 19, 20, 23, 27]",0,[],0.5105019450187683,0.023758986207536345,0.15413950242405852,42.089337956802225,0.651,0.040369,0.20092038224132464,0.651,0.040369,0.20092038224132464
5,4,25,111000100011110101111001010011,0.4329411764705883,0.3760058573063682,0.5455000102519989,17,"[0, 1, 2, 6, 10, 11, 12, 13, 15, 17, 18, 19, 20, 23, 25, 28, 29]",17,"[0, 1, 2, 6, 10, 11, 12, 13, 15, 17, 18, 19, 20, 23, 25, 28, 29]",0,[],0.3760058573063682,0.02843252778131755,0.16861947628111515,35.17098471480542,0.5670588235294117,0.04699723183391003,0.21678844949376347,0.5670588235294117,0.04699723183391003,0.21678844949376347
5,4,26,110001001010111101111010010000,0.42999999999999994,0.43009812037150064,0.44199997186660767,15,"[0, 1, 5, 8, 10, 12, 13, 14, 15, 17, 18, 19, 20, 22, 25]",15,"[0, 1, 5, 8, 10, 12, 13, 14, 15, 17, 18, 19, 20, 22, 25]",0,[],0.43009812037150064,0.05506931213106767,0.2346685154234962,18.15893391985632,0.5700000000000001,0.05501333333333333,0.23454921303072696,0.5700000000000001,0.05501333333333333,0.23454921303072696
5,4,27,111000100000010101010100000011,0.46272727272727276,0.32401681488210504,0.5864999890327454,11,"[0, 1, 2, 6, 13, 15, 17, 19, 21, 28, 29]",11,"[0, 1, 2, 6, 13, 15, 17, 19, 21, 28, 29]",0,[],0.32401681488210504,0.022959866057635083,0.15152513341896479,43.554261052296496,0.5372727272727272,0.05138347107438017,0.226679225061275,0.5372727272727272,0.05138347107438017,0.226679225061275
5,4,28,100000100000010101111000000011,0.46299999999999997,0.29533252120018005,0.6355000138282776,10,"[0, 6, 13, 15, 17, 18, 19, 20, 28, 29]",10,"[0, 6, 13, 15, 17, 18, 19, 20, 28, 29]",0,[],0.29533252120018005,0.017068772873441017,0.13064751384332202,58.58651980518168,0.537,0.05876100000000001,0.24240668307618915,0.537,0.05876100000000001,0.24240668307618915
5,5,0,110000000100111101101000110110,0.46571428571428586,0.39185069288526264,0.527999997138977,14,"[0, 1, 9, 12, 13, 14, 15, 17, 18, 20, 24, 25, 27, 28]",14,"[0, 1, 9, 12, 13, 14, 15, 17, 18, 20, 24, 25, 27, 28]",0,[],0.39185069288526264,0.03449111116650214,0.18571782673319798,28.992977210058765,0.5342857142857141,0.056753061224489795,0.23822901003968805,0.5342857142857141,0.056753061224489795,0.23822901003968805
5,5,1,000111101111101000110001000100,0.33000000000000007,0.5246127088155065,0.523499995470047,14,"[3, 4, 5, 6, 8, 9, 10, 11, 12, 14, 18, 19, 23, 27]",14,"[3, 4, 5, 6, 8, 9, 10, 11, 12, 14, 18, 19, 23, 27]",0,[],0.5246127088155065,0.04208611047626108,0.205148995796375,23.76080822588858,0.6699999999999999,0.022914285714285717,0.1513746534737098,0.6699999999999999,0.022914285714285717,0.1513746534737098
5,5,2,000000100101110001101001000100,0.33799999999999997,0.4068818330764771,0.7470000088214874,10,"[6, 9, 11, 12, 13, 17, 18, 20, 23, 27]",10,"[6, 9, 11, 12, 13, 17, 18, 20, 23, 27]",0,[],0.4068818330764771,0.020181960062705704,0.1420632255818011,49.54920121202215,0.662,0.039376,0.1984338680769994,0.662,0.039376,0.1984338680769994
5,5,3,100000100000010101111000000011,0.46299999999999997,0.29533252120018005,0.6355000138282776,10,"[0, 6, 13, 15, 17, 18, 19, 20, 28, 29]",10,"[0, 6, 13, 15, 17, 18, 19, 20, 28, 29]",0,[],0.29533252120018005,0.017068772873441017,0.13064751384332202,58.58651980518168,0.537,0.05876100000000001,0.24240668307618915,0.537,0.05876100000000001,0.24240668307618915
5,5,4,110001001000101101101011010000,0.44615384615384623,0.4545440627978398,0.3995000123977661,13,"[0, 1, 5, 8, 12, 14, 15, 17, 18, 20, 22, 23, 25]",13,"[0, 1, 5, 8, 12, 14, 15, 17, 18, 20, 22, 23, 25]",0,[],0.4545440627978398,0.06184779998036845,0.2486921791700906,16.16872387243228,0.5538461538461538,0.054715976331360945,0.23391446370705885,0.5538461538461538,0.054715976331360945,0.23391446370705885
5,5,5,011111001010110101111010010100,0.3782352941176471,0.46342117470853467,0.4729999899864197,17,"[1, 2, 3, 4, 5, 8, 10, 12, 13, 15, 17, 18, 19, 20, 22, 25, 27]",17,"[1, 2, 3, 4, 5, 8, 10, 12, 13, 15, 17, 18, 19, 20, 22, 25, 27]",0,[],0.46342117470853467,0.03772557065247864,0.19423071500789632,26.50721997585736,0.6217647058823529,0.04477923875432526,0.21161105536886599,0.6217647058823529,0.04477923875432526,0.21161105536886599
5,5,6,000000000111101100011001000100,0.349,0.5105019450187683,0.5024999976158142,10,"[9, 10, 11, 12, 14, 15, 19, 20, 23, 27]",10,"[9, 10, 11, 12, 14, 15, 19, 20, 23, 27]",0,[],0.5105019450187683,0.023758986207536345,0.15413950242405852,42.089337956802225,0.651,0.040369,0.20092038224132464,0.651,0.040369,0.20092038224132464
5,5,7,111000100000010001101101010000,0.400909090909091,0.31609146567908203,0.6980000138282776,11,"[0, 1, 2, 6, 13, 17, 18, 20, 21, 23, 25]",11,"[0, 1, 2, 6, 13, 17, 18, 20, 21, 23, 25]",0,[],0.31609146567908203,0.02748073422689815,0.16577314084886655,36.38912962599084,0.599090909090909,0.048971900826446285,0.22129595754655412,0.599090909090909,0.048971900826446285,0.22129595754655412
5,5,8,100001101000110101010101000100,0.36583333333333345,0.40586836139361065,0.5489999949932098,12,"[0, 5, 6, 8, 12, 13, 15, 17, 19, 21, 23, 27]",12,"[0, 5, 6, 8, 12, 13, 15, 17, 19, 21, 23, 27]",0,[],0.40586836139361065,0.05187251901347983,0.2277553929404962,19.278030429563977,0.6341666666666665,0.04847430555555554,0.2201688114959872,0.6341666666666665,0.04847430555555554,0.2201688114959872
5,5,9,100000101000010001010100000011,0.4555555555555556,0.33345645003848606,0.5715000033378601,9,"[0, 6, 8, 13, 17, 19, 21, 28, 29]",9,"[0, 6, 8, 13, 17, 19, 21, 28, 29]",0,[],0.33345645003848606,0.05482842761480052,0.23415470871797672,18.238713811483763,0.5444444444444444,0.06006913580246912,0.2450900565148842,0.5444444444444444,0.06006913580246912,0.2450900565148842
5,5,10,101101000000010011111000010100,0.3766666666666668,0.3748900890350342,0.6599999964237213,12,"[0, 2, 3, 5, 13, 16, 17, 18, 19, 20, 25, 27]",12,"[0, 2, 3, 5, 13, 16, 17, 18, 19, 20, 25, 27]",0,[],0.3748900890350342,0.04076667462139864,0.20190758931104755,24.529839857850334,0.6233333333333332,0.05020555555555555,0.22406596251005093,0.6233333333333332,0.05020555555555555,0.22406596251005093
5,5,11,000000100011110101101001000100,0.3545454545454546,0.4272993342442946,0.5715000033378601,11,"[6, 10, 11, 12, 13, 15, 17, 18, 20, 23, 27]",11,"[6, 10, 11, 12, 13, 15, 17, 18, 20, 23, 27]",0,[],0.4272993342442946,0.02072521032423859,0.1439625309733008,48.25041504309743,0.6454545454545454,0.03766115702479338,0.19406482686152424,0.6454545454545454,0.03766115702479338,0.19406482686152424
5,5,12,111000100000010101010100000011,0.46272727272727276,0.32401681488210504,0.5864999890327454,11,"[0, 1, 2, 6, 13, 15, 17, 19, 21, 28, 29]",11,"[0, 1, 2, 6, 13, 15, 17, 19, 21, 28, 29]",0,[],0.32401681488210504,0.022959866057635083,0.15152513341896479,43.554261052296496,0.5372727272727272,0.05138347107438017,0.226679225061275,0.5372727272727272,0.05138347107438017,0.226679225061275
5,5,13,100000000011101111011100101000,0.41153846153846163,0.4144557003791516,0.44849997758865356,13,"[0, 10, 11, 12, 14, 15, 16, 17, 19, 20, 21, 24, 26]",13,"[0, 10, 11, 12, 14, 15, 16, 17, 19, 20, 21, 24, 26]",0,[],0.4144557003791516,0.0443247878423747,0.21053452886017224,22.5607396826386,0.5884615384615384,0.05730532544378697,0.23938530749356146,0.5884615384615384,0.05730532544378697,0.23938530749356146
5,5,14,110001001000110101010101110100,0.40500000000000014,0.4040470080716269,0.50450000166893,14,"[0, 1, 5, 8, 12, 13, 15, 17, 19, 21, 23, 24, 25, 27]",14,"[0, 1, 5, 8, 12, 13, 15, 17, 19, 21, 23, 24, 25, 27]",0,[],0.4040470080716269,0.046097879411190666,0.21470416719568036,21.69297184107001,0.5949999999999999,0.05359642857142858,0.23150902481637423,0.5949999999999999,0.05359642857142858,0.23150902481637423
5,5,15,110001001000100001101011010000,0.43454545454545457,0.414170503616333,0.49049997329711914,11,"[0, 1, 5, 8, 12, 17, 18, 20, 22, 23, 25]",11,"[0, 1, 5, 8, 12, 17, 18, 20, 22, 23, 25]",0,[],0.414170503616333,0.058410496015387885,0.24168263490658132,17.120210719261074,0.5654545454545454,0.06231570247933884,0.24963113283270347,0.5654545454545454,0.06231570247933884,0.24963113283270347
5,5,16,101101000010010011111000010100,0.39230769230769236,0.387398545558636,0.6299999952316284,13,"[0, 2, 3, 5, 10, 13, 16, 17, 18, 19, 20, 25, 27]",13,"[0, 2, 3, 5, 10, 13, 16, 17, 18, 19, 20, 25, 27]",0,[],0.387398545558636,0.03950831438883278,0.19876698515808097,25.31112793520381,0.6076923076923076,0.049279289940828405,0.2219893915051537,0.6076923076923076,0.049279289940828405,0.2219893915051537
5,5,17,111001100000010101010100000111,0.42692307692307696,0.34169445817287153,0.6074999868869781,13,"[0, 1, 2, 5, 6, 13, 15, 17, 19, 21, 27, 28, 29]",13,"[0, 1, 2, 5, 6, 13, 15, 17, 19, 21, 27, 28, 29]",0,[],0.34169445817287153,0.0211558938842938,0.14545065790258152,47.26815163042593,0.573076923076923,0.05128284023668639,0.22645714878688725,0.573076923076923,0.05128284023668639,0.22645714878688725
5,5,18,101000100000110101111001010011,0.44500000000000006,0.35162253571408136,0.5374999940395355,14,"[0, 2, 6, 12, 13, 15, 17, 18, 19, 20, 23, 25, 28, 29]",14,"[0, 2, 6, 12, 13, 15, 17, 18, 19, 20, 23, 25, 28, 29]",0,[],0.35162253571408136,0.02950433844314778,0.17176826960515082,33.89332053409401,0.5549999999999999,0.051725,0.22743130831088318,0.5549999999999999,0.051725,0.22743130831088318
5,5,19,100111101011101111011100101000,0.3866666666666667,0.4561421929134263,0.42799997329711914,18,"[0, 3, 4, 5, 6, 8, 10, 11, 12, 14, 15, 16, 17, 19, 20, 21, 24, 26]",18,"[0, 3, 4, 5, 6, 8, 10, 11, 12, 14, 15, 16, 17, 19, 20, 21, 24, 26]",0,[],0.4561421929134263,0.05413612299409865,0.23267170647523658,18.471954486083337,0.6133333333333333,0.04435555555555555,0.21060758665241752,0.6133333333333333,0.04435555555555555,0.21060758665241752
5,5,20,110011101001101010100100110110,0.39437500000000014,0.44232911244034767,0.5009999871253967,16,"[0, 1, 4, 5, 6, 8, 11, 12, 14, 16, 18, 21, 24, 25, 27, 28]",16,"[0, 1, 4, 5, 6, 8, 11, 12, 14, 16, 18, 21, 24, 25, 27, 28]",0,[],0.44232911244034767,0.04919244545961627,0.2217937002252685,20.328324616854708,0.6056249999999999,0.043012109374999996,0.20739360977378254,0.6056249999999999,0.043012109374999996,0.20739360977378254
5,5,21,110001001000100101101011010000,0.44833333333333336,0.4235451817512512,0.44450002908706665,12,"[0, 1, 5, 8, 12, 15, 17, 18, 20, 22, 23, 25]",12,"[0, 1, 5, 8, 12, 15, 17, 18, 20, 22, 23, 25]",0,[],0.4235451817512512,0.05450968517223868,0.2334730930369465,18.345363706288502,0.5516666666666666,0.05921388888888889,0.24333904102894977,0.5516666666666666,0.05921388888888889,0.24333904102894977
5,5,22,101100100001110001111000010100,0.34769230769230763,0.371750445320056,0.6825000047683716,13,"[0, 2, 3, 6, 11, 12, 13, 17, 18, 19, 20, 25, 27]",13,"[0, 2, 3, 6, 11, 12, 13, 17, 18, 19, 20, 25, 27]",0,[],0.371750445320056,0.04113318122563862,0.20281316827474152,24.31127304534113,0.6523076923076924,0.049725443786982244,0.22299202628565498,0.6523076923076924,0.049725443786982244,0.22299202628565498
5,5,23,110001001000101101111011110100,0.42500000000000004,0.4409850351512432,0.41350001096725464,16,"[0, 1, 5, 8, 12, 14, 15, 17, 18, 19, 20, 22, 23, 24, 25, 27]",16,"[0, 1, 5, 8, 12, 14, 15, 17, 18, 19, 20, 22, 23, 24, 25, 27]",0,[],0.4409850351512432,0.05305860770712229,0.23034454130090057,18.84708331435854,0.575,0.058324999999999995,0.24150569351466644,0.575,0.058324999999999995,0.24150569351466644
5,5,24,111000100100010100010101110100,0.43153846153846165,0.36713818403390736,0.5999999940395355,13,"[0, 1, 2, 6, 9, 13, 15, 19, 21, 23, 24, 25, 27]",13,"[0, 1, 2, 6, 9, 13, 15, 19, 21, 23, 24, 25, 27]",0,[],0.36713818403390736,0.02741033021122326,0.16556065417611535,36.482595878781,0.5684615384615384,0.04785917159763313,0.218767391531812,0.5684615384615384,0.04785917159763313,0.218767391531812
5,5,25,110001001000100001111011110100,0.4128571428571429,0.4073259489876883,0.4919999837875366,14,"[0, 1, 5, 8, 12, 17, 18, 19, 20, 22, 23, 24, 25, 27]",14,"[0, 1, 5, 8, 12, 17, 18, 19, 20, 22, 23, 24, 25, 27]",0,[],0.4073259489876883,0.048363564193981655,0.21991717575937914,20.6767225837429,0.5871428571428571,0.06432040816326531,0.25361468443933866,0.5871428571428571,0.06432040816326531,0.25361468443933866
5,5,26,100101100011010101011000111111,0.4447058823529412,0.37074245074216056,0.5954999923706055,17,"[0, 3, 5, 6, 10, 11, 13, 15, 17, 19, 20, 24, 25, 26, 27, 28, 29]",17,"[0, 3, 5, 6, 10, 11, 13, 15, 17, 19, 20, 24, 25, 26, 27, 28, 29]",0,[],0.37074245074216056,0.031172208464647327,0.176556530506938,32.07985732336253,0.5552941176470588,0.05141314878892734,0.22674467753163985,0.5552941176470588,0.05141314878892734,0.22674467753163985
5,5,27,111000100000010111111001000111,0.42333333333333345,0.3720330595970154,0.5410000085830688,15,"[0, 1, 2, 6, 13, 15, 16, 17, 18, 19, 20, 23, 27, 28, 29]",15,"[0, 1, 2, 6, 13, 15, 16, 17, 18, 19, 20, 23, 27, 28, 29]",0,[],0.3720330595970154,0.026523419433257416,0.16286012229289715,37.70252936339389,0.5766666666666665,0.046035555555555545,0.21455897920048825,0.5766666666666665,0.046035555555555545,0.21455897920048825
5,5,28,110001101000110101010101110100,0.402,0.3920228213071823,0.523499995470047,15,"[0, 1, 5, 6, 8, 12, 13, 15, 17, 19, 21, 23, 24, 25, 27]",15,"[0, 1, 5, 6, 8, 12, 13, 15, 17, 19, 21, 23, 24, 25, 27]",0,[],0.3920228213071823,0.04504882239329204,0.21224707864489453,22.19813852778767,0.598,0.05014933333333333,0.22394046827970449,0.598,0.05014933333333333,0.22394046827970449
5,5,29,110001001000101100011001110100,0.3876923076923078,0.4586012466595723,0.4169999957084656,13,"[0, 1, 5, 8, 12, 14, 15, 19, 20, 23, 24, 25, 27]",13,"[0, 1, 5, 8, 12, 14, 15, 19, 20, 23, 24, 25, 27]",0,[],0.4586012466595723,0.05607112004734142,0.23679341217048547,17.834493035910285,0.6123076923076922,0.049371597633136095,0.22219720437740906,0.6123076923076922,0.049371597633136095,0.22219720437740906
6,1,0,101111111010101010110010001110,0.4338888888888889,0.5457237859567007,0.42799997329711914,18,"[0, 2, 3, 4, 5, 6, 7, 8, 10, 12, 14, 16, 18, 19, 22, 26, 27, 28]",18,"[0, 2, 3, 4, 5, 6, 7, 8, 10, 12, 14, 16, 18, 19, 22, 26, 27, 28]",0,[],0.5457237859567007,0.04520828061264945,0.21262238972565764,22.119841463738307,0.5661111111111111,0.037557098765432104,0.19379653961160428,0.5661111111111111,0.037557098765432104,0.19379653961160428
6,1,1,110001001000101101111011110100,0.44999999999999996,0.5276283123530447,0.4129999876022339,16,"[0, 1, 5, 8, 12, 14, 15, 17, 18, 19, 20, 22, 23, 24, 25, 27]",16,"[0, 1, 5, 8, 12, 14, 15, 17, 18, 19, 20, 22, 23, 24, 25, 27]",0,[],0.5276283123530447,0.049220235390122366,0.22185633953106312,20.31684716811985,0.55,0.0558875,0.2364053721893815,0.55,0.0558875,0.2364053721893815
6,1,2,110110000001101101000001101000,0.4541666666666667,0.464794364447395,0.5085000097751617,12,"[0, 1, 3, 4, 11, 12, 14, 15, 17, 23, 24, 26]",12,"[0, 1, 3, 4, 11, 12, 14, 15, 17, 23, 24, 26]",0,[],0.464794364447395,0.05814968168414375,0.24114245102043677,17.196998694365682,0.5458333333333333,0.045640972222222236,0.21363747850558018,0.5458333333333333,0.045640972222222236,0.21363747850558018
6,1,3,010110100011000011000000110000,0.4909999999999999,0.44644896015524865,0.453499972820282,10,"[1, 3, 4, 6, 10, 11, 16, 17, 24, 25]",10,"[1, 3, 4, 6, 10, 11, 16, 17, 24, 25]",0,[],0.44644896015524865,0.02917386241480142,0.17080357846017577,34.2772576966925,0.5090000000000001,0.032609000000000006,0.18057962232765912,0.5090000000000001,0.032609000000000006,0.18057962232765912
6,1,4,110000000111101100011001110110,0.46199999999999997,0.5038225283225377,0.4300000071525574,15,"[0, 1, 9, 10, 11, 12, 14, 15, 19, 20, 23, 24, 25, 27, 28]",15,"[0, 1, 9, 10, 11, 12, 14, 15, 19, 20, 23, 24, 25, 27, 28]",0,[],0.5038225283225377,0.04330628978314867,0.20810163330245313,23.091333961126352,0.538,0.04310933333333334,0.20762787224583634,0.538,0.04310933333333334,0.20762787224583634
6,1,5,111111101011110101010101000011,0.4278947368421052,0.4659256037128599,0.47049999237060547,19,"[0, 1, 2, 3, 4, 5, 6, 8, 10, 11, 12, 13, 15, 17, 19, 21, 23, 28, 29]",19,"[0, 1, 2, 3, 4, 5, 6, 8, 10, 11, 12, 13, 15, 17, 19, 21, 23, 28, 29]",0,[],0.4659256037128599,0.04287213957112666,0.20705588514004297,23.32517131180165,0.5721052631578948,0.04197451523545707,0.20487682942552843,0.5721052631578948,0.04197451523545707,0.20487682942552843
6,1,6,100001010001010000010110100110,0.4763636363636363,0.4552307548848065,0.6114999949932098,11,"[0, 5, 7, 11, 13, 19, 21, 22, 24, 27, 28]",11,"[0, 5, 7, 11, 13, 19, 21, 22, 24, 27, 28]",0,[],0.4552307548848065,0.04498440355335928,0.2120952699928956,22.229926841506902,0.5236363636363637,0.06393223140495868,0.2528482378917415,0.5236363636363637,0.06393223140495868,0.2528482378917415
6,1,7,110010101010111100000001011111,0.451875,0.5053292624652386,0.39649999141693115,16,"[0, 1, 4, 6, 8, 10, 12, 13, 14, 15, 23, 25, 26, 27, 28, 29]",16,"[0, 1, 4, 6, 8, 10, 12, 13, 14, 15, 23, 25, 26, 27, 28, 29]",0,[],0.5053292624652386,0.039490739891293355,0.19872277144628733,25.32239210388846,0.548125,0.036115234375000006,0.1900400862318264,0.548125,0.036115234375000006,0.1900400862318264
6,1,8,101001001011101010100100101001,0.405,0.480800453041281,0.4505000114440918,14,"[0, 2, 5, 8, 10, 11, 12, 14, 16, 18, 21, 24, 26, 29]",14,"[0, 2, 5, 8, 10, 11, 12, 14, 16, 18, 21, 24, 26, 29]",0,[],0.480800453041281,0.04912588149669668,0.22164359114735685,20.355868831936217,0.595,0.041125,0.20279299790673247,0.595,0.041125,0.20279299790673247
6,2,0,101111111010101010110010001110,0.4338888888888889,0.5457237859567007,0.42799997329711914,18,"[0, 2, 3, 4, 5, 6, 7, 8, 10, 12, 14, 16, 18, 19, 22, 26, 27, 28]",18,"[0, 2, 3, 4, 5, 6, 7, 8, 10, 12, 14, 16, 18, 19, 22, 26, 27, 28]",0,[],0.5457237859567007,0.04520828061264945,0.21262238972565764,22.119841463738307,0.5661111111111111,0.037557098765432104,0.19379653961160428,0.5661111111111111,0.037557098765432104,0.19379653961160428
6,2,1,110001001000101101111011110100,0.44999999999999996,0.5276283123530447,0.4129999876022339,16,"[0, 1, 5, 8, 12, 14, 15, 17, 18, 19, 20, 22, 23, 24, 25, 27]",16,"[0, 1, 5, 8, 12, 14, 15, 17, 18, 19, 20, 22, 23, 24, 25, 27]",0,[],0.5276283123530447,0.049220235390122366,0.22185633953106312,20.31684716811985,0.55,0.0558875,0.2364053721893815,0.55,0.0558875,0.2364053721893815
6,2,2,010110100011000011000000110000,0.4909999999999999,0.44644896015524865,0.453499972820282,10,"[1, 3, 4, 6, 10, 11, 16, 17, 24, 25]",10,"[1, 3, 4, 6, 10, 11, 16, 17, 24, 25]",0,[],0.44644896015524865,0.02917386241480142,0.17080357846017577,34.2772576966925,0.5090000000000001,0.032609000000000006,0.18057962232765912,0.5090000000000001,0.032609000000000006,0.18057962232765912
6,2,3,110000000111101100011001110110,0.46199999999999997,0.5038225283225377,0.4300000071525574,15,"[0, 1, 9, 10, 11, 12, 14, 15, 19, 20, 23, 24, 25, 27, 28]",15,"[0, 1, 9, 10, 11, 12, 14, 15, 19, 20, 23, 24, 25, 27, 28]",0,[],0.5038225283225377,0.04330628978314867,0.20810163330245313,23.091333961126352,0.538,0.04310933333333334,0.20762787224583634,0.538,0.04310933333333334,0.20762787224583634
6,2,4,111111101011110101010101000011,0.4278947368421052,0.4659256037128599,0.47049999237060547,19,"[0, 1, 2, 3, 4, 5, 6, 8, 10, 11, 12, 13, 15, 17, 19, 21, 23, 28, 29]",19,"[0, 1, 2, 3, 4, 5, 6, 8, 10, 11, 12, 13, 15, 17, 19, 21, 23, 28, 29]",0,[],0.4659256037128599,0.04287213957112666,0.20705588514004297,23.32517131180165,0.5721052631578948,0.04197451523545707,0.20487682942552843,0.5721052631578948,0.04197451523545707,0.20487682942552843
6,2,5,100001010001010000010110100110,0.4763636363636363,0.4552307548848065,0.6114999949932098,11,"[0, 5, 7, 11, 13, 19, 21, 22, 24, 27, 28]",11,"[0, 5, 7, 11, 13, 19, 21, 22, 24, 27, 28]",0,[],0.4552307548848065,0.04498440355335928,0.2120952699928956,22.229926841506902,0.5236363636363637,0.06393223140495868,0.2528482378917415,0.5236363636363637,0.06393223140495868,0.2528482378917415
6,2,6,110010101010111100000001011111,0.451875,0.5053292624652386,0.39649999141693115,16,"[0, 1, 4, 6, 8, 10, 12, 13, 14, 15, 23, 25, 26, 27, 28, 29]",16,"[0, 1, 4, 6, 8, 10, 12, 13, 14, 15, 23, 25, 26, 27, 28, 29]",0,[],0.5053292624652386,0.039490739891293355,0.19872277144628733,25.32239210388846,0.548125,0.036115234375000006,0.1900400862318264,0.548125,0.036115234375000006,0.1900400862318264
6,2,7,101001001011101010100100101001,0.405,0.480800453041281,0.4505000114440918,14,"[0, 2, 5, 8, 10, 11, 12, 14, 16, 18, 21, 24, 26, 29]",14,"[0, 2, 5, 8, 10, 11, 12, 14, 16, 18, 21, 24, 26, 29]",0,[],0.480800453041281,0.04912588149669668,0.22164359114735685,20.355868831936217,0.595,0.041125,0.20279299790673247,0.595,0.041125,0.20279299790673247
6,2,8,101001001001101111100100101001,0.43400000000000005,0.4695804253220558,0.4620000123977661,15,"[0, 2, 5, 8, 11, 12, 14, 15, 16, 17, 18, 21, 24, 26, 29]",15,"[0, 2, 5, 8, 11, 12, 14, 15, 16, 17, 18, 21, 24, 26, 29]",0,[],0.4695804253220558,0.05575910336279326,0.23613365571809805,17.93429125812085,0.566,0.049384,0.22222511109233356,0.566,0.049384,0.22222511109233356
6,2,9,110100110000101011111000011111,0.4564705882352941,0.4876515045762062,0.4480000138282776,17,"[0, 1, 3, 6, 7, 12, 14, 16, 17, 18, 19, 20, 25, 26, 27, 28, 29]",17,"[0, 1, 3, 6, 7, 12, 14, 16, 17, 18, 19, 20, 25, 26, 27, 28, 29]",0,[],0.4876515045762062,0.05111665990694202,0.22608993765079866,19.563093555418174,0.5435294117647059,0.048964013840830455,0.22127813683423506,0.5435294117647059,0.048964013840830455,0.22127813683423506
6,2,10,100001010001010000010110101010,0.4763636363636363,0.39971446042711084,0.6430000066757202,11,"[0, 5, 7, 11, 13, 19, 21, 22, 24, 26, 28]",11,"[0, 5, 7, 11, 13, 19, 21, 22, 24, 26, 28]",0,[],0.39971446042711084,0.031854620000402026,0.17847862617244123,31.39262059906473,0.5236363636363637,0.06393223140495868,0.2528482378917415,0.5236363636363637,0.06393223140495868,0.2528482378917415
6,2,11,000010110100111000010100100100,0.3999999999999999,0.5673032809387554,0.4829999804496765,11,"[4, 6, 7, 9, 12, 13, 14, 19, 21, 24, 27]",11,"[4, 6, 7, 9, 12, 13, 14, 19, 21, 24, 27]",0,[],0.5673032809387554,0.022698309028044036,0.1506595799411509,44.056145273398464,0.6000000000000001,0.0338,0.18384776310850234,0.6000000000000001,0.0338,0.18384776310850234
6,2,12,100001010001011011111010100110,0.488,0.48174639890591303,0.4449999928474426,15,"[0, 5, 7, 11, 13, 14, 16, 17, 18, 19, 20, 22, 24, 27, 28]",15,"[0, 5, 7, 11, 13, 14, 16, 17, 18, 19, 20, 22, 24, 27, 28]",0,[],0.48174639890591303,0.05304120758352046,0.2303067684275051,18.85326608421135,0.512,0.050269333333333346,0.22420823654213362,0.512,0.050269333333333346,0.22420823654213362
6,2,13,110000100101001100011101110110,0.44466666666666665,0.5052681773900985,0.43800002336502075,15,"[0, 1, 6, 9, 11, 14, 15, 19, 20, 21, 23, 24, 25, 27, 28]",15,"[0, 1, 6, 9, 11, 14, 15, 19, 20, 21, 23, 24, 25, 27, 28]",0,[],0.5052681773900985,0.041824806661708645,0.20451114067871376,23.909255769866302,0.5553333333333333,0.050278222222222224,0.2242280585079,0.5553333333333333,0.050278222222222224,0.2242280585079
6,2,14,101011001010010010001100010101,0.42307692307692313,0.4997535302088811,0.44700002670288086,13,"[0, 2, 4, 5, 8, 10, 13, 16, 20, 21, 25, 27, 29]",13,"[0, 2, 4, 5, 8, 10, 13, 16, 20, 21, 25, 27, 29]",0,[],0.4997535302088811,0.04319040886302846,0.20782302293785562,23.153288573195535,0.5769230769230769,0.049282840236686394,0.22199738790509765,0.5769230769230769,0.049282840236686394,0.22199738790509765
6,2,15,101011001010010000010110000001,0.4436363636363637,0.45748458396304736,0.4739999771118164,11,"[0, 2, 4, 5, 8, 10, 13, 19, 21, 22, 29]",11,"[0, 2, 4, 5, 8, 10, 13, 19, 21, 22, 29]",0,[],0.45748458396304736,0.04362132613836717,0.20885719077486217,22.924566686211985,0.5563636363636363,0.05458677685950413,0.23363813228902539,0.5563636363636363,0.05458677685950413,0.23363813228902539
6,3,0,110001001000101101111011110100,0.44999999999999996,0.5276283123530447,0.4129999876022339,16,"[0, 1, 5, 8, 12, 14, 15, 17, 18, 19, 20, 22, 23, 24, 25, 27]",16,"[0, 1, 5, 8, 12, 14, 15, 17, 18, 19, 20, 22, 23, 24, 25, 27]",0,[],0.5276283123530447,0.049220235390122366,0.22185633953106312,20.31684716811985,0.55,0.0558875,0.2364053721893815,0.55,0.0558875,0.2364053721893815
6,3,1,010110100011000011000000110000,0.4909999999999999,0.44644896015524865,0.453499972820282,10,"[1, 3, 4, 6, 10, 11, 16, 17, 24, 25]",10,"[1, 3, 4, 6, 10, 11, 16, 17, 24, 25]",0,[],0.44644896015524865,0.02917386241480142,0.17080357846017577,34.2772576966925,0.5090000000000001,0.032609000000000006,0.18057962232765912,0.5090000000000001,0.032609000000000006,0.18057962232765912
6,3,2,111111101011110101010101000011,0.4278947368421052,0.4659256037128599,0.47049999237060547,19,"[0, 1, 2, 3, 4, 5, 6, 8, 10, 11, 12, 13, 15, 17, 19, 21, 23, 28, 29]",19,"[0, 1, 2, 3, 4, 5, 6, 8, 10, 11, 12, 13, 15, 17, 19, 21, 23, 28, 29]",0,[],0.4659256037128599,0.04287213957112666,0.20705588514004297,23.32517131180165,0.5721052631578948,0.04197451523545707,0.20487682942552843,0.5721052631578948,0.04197451523545707,0.20487682942552843
6,3,3,100001010001010000010110100110,0.4763636363636363,0.4552307548848065,0.6114999949932098,11,"[0, 5, 7, 11, 13, 19, 21, 22, 24, 27, 28]",11,"[0, 5, 7, 11, 13, 19, 21, 22, 24, 27, 28]",0,[],0.4552307548848065,0.04498440355335928,0.2120952699928956,22.229926841506902,0.5236363636363637,0.06393223140495868,0.2528482378917415,0.5236363636363637,0.06393223140495868,0.2528482378917415
6,3,4,110010101010111100000001011111,0.451875,0.5053292624652386,0.39649999141693115,16,"[0, 1, 4, 6, 8, 10, 12, 13, 14, 15, 23, 25, 26, 27, 28, 29]",16,"[0, 1, 4, 6, 8, 10, 12, 13, 14, 15, 23, 25, 26, 27, 28, 29]",0,[],0.5053292624652386,0.039490739891293355,0.19872277144628733,25.32239210388846,0.548125,0.036115234375000006,0.1900400862318264,0.548125,0.036115234375000006,0.1900400862318264
6,3,5,101001001011101010100100101001,0.405,0.480800453041281,0.4505000114440918,14,"[0, 2, 5, 8, 10, 11, 12, 14, 16, 18, 21, 24, 26, 29]",14,"[0, 2, 5, 8, 10, 11, 12, 14, 16, 18, 21, 24, 26, 29]",0,[],0.480800453041281,0.04912588149669668,0.22164359114735685,20.355868831936217,0.595,0.041125,0.20279299790673247,0.595,0.041125,0.20279299790673247
6,3,6,101001001001101111100100101001,0.43400000000000005,0.4695804253220558,0.4620000123977661,15,"[0, 2, 5, 8, 11, 12, 14, 15, 16, 17, 18, 21, 24, 26, 29]",15,"[0, 2, 5, 8, 11, 12, 14, 15, 16, 17, 18, 21, 24, 26, 29]",0,[],0.4695804253220558,0.05575910336279326,0.23613365571809805,17.93429125812085,0.566,0.049384,0.22222511109233356,0.566,0.049384,0.22222511109233356
6,3,7,110100110000101011111000011111,0.4564705882352941,0.4876515045762062,0.4480000138282776,17,"[0, 1, 3, 6, 7, 12, 14, 16, 17, 18, 19, 20, 25, 26, 27, 28, 29]",17,"[0, 1, 3, 6, 7, 12, 14, 16, 17, 18, 19, 20, 25, 26, 27, 28, 29]",0,[],0.4876515045762062,0.05111665990694202,0.22608993765079866,19.563093555418174,0.5435294117647059,0.048964013840830455,0.22127813683423506,0.5435294117647059,0.048964013840830455,0.22127813683423506
6,3,8,100001010001010000010110101010,0.4763636363636363,0.39971446042711084,0.6430000066757202,11,"[0, 5, 7, 11, 13, 19, 21, 22, 24, 26, 28]",11,"[0, 5, 7, 11, 13, 19, 21, 22, 24, 26, 28]",0,[],0.39971446042711084,0.031854620000402026,0.17847862617244123,31.39262059906473,0.5236363636363637,0.06393223140495868,0.2528482378917415,0.5236363636363637,0.06393223140495868,0.2528482378917415
6,3,9,101011001010010000010110000001,0.4436363636363637,0.45748458396304736,0.4739999771118164,11,"[0, 2, 4, 5, 8, 10, 13, 19, 21, 22, 29]",11,"[0, 2, 4, 5, 8, 10, 13, 19, 21, 22, 29]",0,[],0.45748458396304736,0.04362132613836717,0.20885719077486217,22.924566686211985,0.5563636363636363,0.05458677685950413,0.23363813228902539,0.5563636363636363,0.05458677685950413,0.23363813228902539
6,3,10,100101001110101111011000010001,0.4700000000000001,0.46843269318342207,0.4509999752044678,15,"[0, 3, 5, 8, 9, 10, 12, 14, 15, 16, 17, 19, 20, 25, 29]",15,"[0, 3, 5, 8, 9, 10, 12, 14, 15, 16, 17, 19, 20, 25, 29]",0,[],0.46843269318342207,0.0451543695296074,0.21249557531771668,22.14625097011502,0.5299999999999999,0.04832,0.21981810662454537,0.5299999999999999,0.04832,0.21981810662454537
6,3,11,000011000010010010001100100100,0.3522222222222222,0.5282971660296122,0.43049997091293335,9,"[4, 5, 10, 13, 16, 20, 21, 24, 27]",9,"[4, 5, 10, 13, 16, 20, 21, 24, 27]",0,[],0.5282971660296122,0.016722163229516696,0.12931420351035186,59.80087541753424,0.6477777777777778,0.02768395061728395,0.1663849470874212,0.6477777777777778,0.02768395061728395,0.1663849470874212
6,3,12,110100111000011101110101011101,0.43833333333333335,0.5007349256840017,0.421999990940094,18,"[0, 1, 3, 6, 7, 8, 13, 14, 15, 17, 18, 19, 21, 23, 25, 26, 27, 29]",18,"[0, 1, 3, 6, 7, 8, 13, 14, 15, 17, 18, 19, 21, 23, 25, 26, 27, 29]",0,[],0.5007349256840017,0.05117332732894976,0.22621522346860248,19.541430119871848,0.5616666666666666,0.05011388888888889,0.22386131619573957,0.5616666666666666,0.05011388888888889,0.22386131619573957
6,3,13,110111100011000011000000100110,0.4784615384615385,0.44720971985505176,0.3700000047683716,13,"[0, 1, 3, 4, 5, 6, 10, 11, 16, 17, 24, 27, 28]",13,"[0, 1, 3, 4, 5, 6, 10, 11, 16, 17, 24, 27, 28]",0,[],0.44720971985505176,0.04729706791350025,0.21747889073080232,21.142959682593023,0.5215384615384615,0.04315147928994083,0.20772934142759136,0.5215384615384615,0.04315147928994083,0.20772934142759136
6,3,14,010110101011010000010000010000,0.397,0.47155986577272413,0.5060000121593475,10,"[1, 3, 4, 6, 8, 10, 11, 13, 19, 25]",10,"[1, 3, 4, 6, 8, 10, 11, 13, 19, 25]",0,[],0.47155986577272413,0.023363683140170212,0.15285183394441237,42.80147072704713,0.603,0.022061000000000004,0.14852945835759318,0.603,0.022061000000000004,0.14852945835759318
6,3,15,100101001010101111011101010101,0.4188235294117648,0.49812877046711307,0.4259999990463257,17,"[0, 3, 5, 8, 10, 12, 14, 15, 16, 17, 19, 20, 21, 23, 25, 27, 29]",17,"[0, 3, 5, 8, 10, 12, 14, 15, 16, 17, 19, 20, 21, 23, 25, 27, 29]",0,[],0.49812877046711307,0.049952600947004246,0.2235007851149616,20.018977611614673,0.5811764705882352,0.05205743944636678,0.2281609945770021,0.5811764705882352,0.05205743944636678,0.2281609945770021
6,3,16,100001010001111100010110101010,0.45785714285714285,0.45690060194049564,0.6100000143051147,14,"[0, 5, 7, 11, 12, 13, 14, 15, 19, 21, 22, 24, 26, 28]",14,"[0, 5, 7, 11, 12, 13, 14, 15, 19, 21, 22, 24, 26, 28]",0,[],0.45690060194049564,0.03854719540127371,0.1963343968877428,25.942224579248045,0.5421428571428571,0.054745408163265306,0.2339773667756463,0.5421428571428571,0.054745408163265306,0.2339773667756463
6,3,17,000001010001010000010110110000,0.46444444444444444,0.45245496266418034,0.6270000040531158,9,"[5, 7, 11, 13, 19, 21, 22, 24, 25]",9,"[5, 7, 11, 13, 19, 21, 22, 24, 25]",0,[],0.45245496266418034,0.019254192350574836,0.13875947661538232,51.93674093372942,0.5355555555555556,0.05782469135802469,0.24046765137544943,0.5355555555555556,0.05782469135802469,0.24046765137544943
6,4,0,110001001000101101111011110100,0.44999999999999996,0.5276283123530447,0.4129999876022339,16,"[0, 1, 5, 8, 12, 14, 15, 17, 18, 19, 20, 22, 23, 24, 25, 27]",16,"[0, 1, 5, 8, 12, 14, 15, 17, 18, 19, 20, 22, 23, 24, 25, 27]",0,[],0.5276283123530447,0.049220235390122366,0.22185633953106312,20.31684716811985,0.55,0.0558875,0.2364053721893815,0.55,0.0558875,0.2364053721893815
6,4,1,010110100011000011000000110000,0.4909999999999999,0.44644896015524865,0.453499972820282,10,"[1, 3, 4, 6, 10, 11, 16, 17, 24, 25]",10,"[1, 3, 4, 6, 10, 11, 16, 17, 24, 25]",0,[],0.44644896015524865,0.02917386241480142,0.17080357846017577,34.2772576966925,0.5090000000000001,0.032609000000000006,0.18057962232765912,0.5090000000000001,0.032609000000000006,0.18057962232765912
6,4,2,111111101011110101010101000011,0.4278947368421052,0.4659256037128599,0.47049999237060547,19,"[0, 1, 2, 3, 4, 5, 6, 8, 10, 11, 12, 13, 15, 17, 19, 21, 23, 28, 29]",19,"[0, 1, 2, 3, 4, 5, 6, 8, 10, 11, 12, 13, 15, 17, 19, 21, 23, 28, 29]",0,[],0.4659256037128599,0.04287213957112666,0.20705588514004297,23.32517131180165,0.5721052631578948,0.04197451523545707,0.20487682942552843,0.5721052631578948,0.04197451523545707,0.20487682942552843
6,4,3,110010101010111100000001011111,0.451875,0.5053292624652386,0.39649999141693115,16,"[0, 1, 4, 6, 8, 10, 12, 13, 14, 15, 23, 25, 26, 27, 28, 29]",16,"[0, 1, 4, 6, 8, 10, 12, 13, 14, 15, 23, 25, 26, 27, 28, 29]",0,[],0.5053292624652386,0.039490739891293355,0.19872277144628733,25.32239210388846,0.548125,0.036115234375000006,0.1900400862318264,0.548125,0.036115234375000006,0.1900400862318264
6,4,4,101001001011101010100100101001,0.405,0.480800453041281,0.4505000114440918,14,"[0, 2, 5, 8, 10, 11, 12, 14, 16, 18, 21, 24, 26, 29]",14,"[0, 2, 5, 8, 10, 11, 12, 14, 16, 18, 21, 24, 26, 29]",0,[],0.480800453041281,0.04912588149669668,0.22164359114735685,20.355868831936217,0.595,0.041125,0.20279299790673247,0.595,0.041125,0.20279299790673247
6,4,5,100001010001010000010110101010,0.4763636363636363,0.39971446042711084,0.6430000066757202,11,"[0, 5, 7, 11, 13, 19, 21, 22, 24, 26, 28]",11,"[0, 5, 7, 11, 13, 19, 21, 22, 24, 26, 28]",0,[],0.39971446042711084,0.031854620000402026,0.17847862617244123,31.39262059906473,0.5236363636363637,0.06393223140495868,0.2528482378917415,0.5236363636363637,0.06393223140495868,0.2528482378917415
6,4,6,101011001010010000010110000001,0.4436363636363637,0.45748458396304736,0.4739999771118164,11,"[0, 2, 4, 5, 8, 10, 13, 19, 21, 22, 29]",11,"[0, 2, 4, 5, 8, 10, 13, 19, 21, 22, 29]",0,[],0.45748458396304736,0.04362132613836717,0.20885719077486217,22.924566686211985,0.5563636363636363,0.05458677685950413,0.23363813228902539,0.5563636363636363,0.05458677685950413,0.23363813228902539
6,4,7,000011000010010010001100100100,0.3522222222222222,0.5282971660296122,0.43049997091293335,9,"[4, 5, 10, 13, 16, 20, 21, 24, 27]",9,"[4, 5, 10, 13, 16, 20, 21, 24, 27]",0,[],0.5282971660296122,0.016722163229516696,0.12931420351035186,59.80087541753424,0.6477777777777778,0.02768395061728395,0.1663849470874212,0.6477777777777778,0.02768395061728395,0.1663849470874212
6,4,8,110100111000011101110101011101,0.43833333333333335,0.5007349256840017,0.421999990940094,18,"[0, 1, 3, 6, 7, 8, 13, 14, 15, 17, 18, 19, 21, 23, 25, 26, 27, 29]",18,"[0, 1, 3, 6, 7, 8, 13, 14, 15, 17, 18, 19, 21, 23, 25, 26, 27, 29]",0,[],0.5007349256840017,0.05117332732894976,0.22621522346860248,19.541430119871848,0.5616666666666666,0.05011388888888889,0.22386131619573957,0.5616666666666666,0.05011388888888889,0.22386131619573957
6,4,9,110111100011000011000000100110,0.4784615384615385,0.44720971985505176,0.3700000047683716,13,"[0, 1, 3, 4, 5, 6, 10, 11, 16, 17, 24, 27, 28]",13,"[0, 1, 3, 4, 5, 6, 10, 11, 16, 17, 24, 27, 28]",0,[],0.44720971985505176,0.04729706791350025,0.21747889073080232,21.142959682593023,0.5215384615384615,0.04315147928994083,0.20772934142759136,0.5215384615384615,0.04315147928994083,0.20772934142759136
6,4,10,010110101011010000010000010000,0.397,0.47155986577272413,0.5060000121593475,10,"[1, 3, 4, 6, 8, 10, 11, 13, 19, 25]",10,"[1, 3, 4, 6, 8, 10, 11, 13, 19, 25]",0,[],0.47155986577272413,0.023363683140170212,0.15285183394441237,42.80147072704713,0.603,0.022061000000000004,0.14852945835759318,0.603,0.022061000000000004,0.14852945835759318
6,4,11,100101001010101111011101010101,0.4188235294117648,0.49812877046711307,0.4259999990463257,17,"[0, 3, 5, 8, 10, 12, 14, 15, 16, 17, 19, 20, 21, 23, 25, 27, 29]",17,"[0, 3, 5, 8, 10, 12, 14, 15, 16, 17, 19, 20, 21, 23, 25, 27, 29]",0,[],0.49812877046711307,0.049952600947004246,0.2235007851149616,20.018977611614673,0.5811764705882352,0.05205743944636678,0.2281609945770021,0.5811764705882352,0.05205743944636678,0.2281609945770021
6,4,12,100011001000010000010010101010,0.4770000000000001,0.42413980066776275,0.554500013589859,10,"[0, 4, 5, 8, 13, 19, 22, 24, 26, 28]",10,"[0, 4, 5, 8, 13, 19, 22, 24, 26, 28]",0,[],0.42413980066776275,0.03352798929838528,0.18310649714956945,29.825826747330783,0.5229999999999999,0.052881,0.2299586919427052,0.5229999999999999,0.052881,0.2299586919427052
6,4,13,000011000011010100001100100100,0.3659999999999999,0.5051517888903618,0.5475000143051147,10,"[4, 5, 10, 11, 13, 15, 20, 21, 24, 27]",10,"[4, 5, 10, 11, 13, 15, 20, 21, 24, 27]",0,[],0.5051517888903618,0.02468860926000005,0.1571260935045483,40.504509163267386,0.6340000000000001,0.028304000000000003,0.16823792675850474,0.6340000000000001,0.028304000000000003,0.16823792675850474
6,4,14,000011001010111100001100100100,0.3483333333333333,0.5748229920864105,0.49000000953674316,12,"[4, 5, 8, 10, 12, 13, 14, 15, 20, 21, 24, 27]",12,"[4, 5, 8, 10, 12, 13, 14, 15, 20, 21, 24, 27]",0,[],0.5748229920864105,0.01846955779012749,0.1359027512235403,54.14314794989455,0.6516666666666667,0.025497222222222223,0.15967849643024018,0.6516666666666667,0.025497222222222223,0.15967849643024018
6,4,15,111001001010010000010110000001,0.43181818181818177,0.4600098349831321,0.4390000104904175,11,"[0, 1, 2, 5, 8, 10, 13, 19, 21, 22, 29]",11,"[0, 1, 2, 5, 8, 10, 13, 19, 21, 22, 29]",0,[],0.4600098349831321,0.04384370257495445,0.2093888788234811,22.808292668494797,0.5681818181818182,0.057487603305785125,0.23976572587796013,0.5681818181818182,0.057487603305785125,0.23976572587796013
6,4,16,110111100011010000010110101010,0.43266666666666664,0.43043671747048695,0.5029999911785126,15,"[0, 1, 3, 4, 5, 6, 10, 11, 13, 19, 21, 22, 24, 26, 28]",15,"[0, 1, 3, 4, 5, 6, 10, 11, 13, 19, 21, 22, 24, 26, 28]",0,[],0.43043671747048695,0.02964762183924572,0.17218484787938143,33.72951818605095,0.5673333333333334,0.047806222222222215,0.21864634051870663,0.5673333333333334,0.047806222222222215,0.21864634051870663
6,4,17,010110101001010000010001010000,0.38,0.502506835758686,0.48350000381469727,10,"[1, 3, 4, 6, 8, 11, 13, 19, 23, 25]",10,"[1, 3, 4, 6, 8, 11, 13, 19, 23, 25]",0,[],0.502506835758686,0.02678032067796023,0.16364693910354763,37.34085233799996,0.62,0.02014,0.14191546779685435,0.62,0.02014,0.14191546779685435
6,5,0,110001001000101101111011110100,0.44999999999999996,0.5276283123530447,0.4129999876022339,16,"[0, 1, 5, 8, 12, 14, 15, 17, 18, 19, 20, 22, 23, 24, 25, 27]",16,"[0, 1, 5, 8, 12, 14, 15, 17, 18, 19, 20, 22, 23, 24, 25, 27]",0,[],0.5276283123530447,0.049220235390122366,0.22185633953106312,20.31684716811985,0.55,0.0558875,0.2364053721893815,0.55,0.0558875,0.2364053721893815
6,5,1,010110100011000011000000110000,0.4909999999999999,0.44644896015524865,0.453499972820282,10,"[1, 3, 4, 6, 10, 11, 16, 17, 24, 25]",10,"[1, 3, 4, 6, 10, 11, 16, 17, 24, 25]",0,[],0.44644896015524865,0.02917386241480142,0.17080357846017577,34.2772576966925,0.5090000000000001,0.032609000000000006,0.18057962232765912,0.5090000000000001,0.032609000000000006,0.18057962232765912
6,5,2,111111101011110101010101000011,0.4278947368421052,0.4659256037128599,0.47049999237060547,19,"[0, 1, 2, 3, 4, 5, 6, 8, 10, 11, 12, 13, 15, 17, 19, 21, 23, 28, 29]",19,"[0, 1, 2, 3, 4, 5, 6, 8, 10, 11, 12, 13, 15, 17, 19, 21, 23, 28, 29]",0,[],0.4659256037128599,0.04287213957112666,0.20705588514004297,23.32517131180165,0.5721052631578948,0.04197451523545707,0.20487682942552843,0.5721052631578948,0.04197451523545707,0.20487682942552843
6,5,3,110010101010111100000001011111,0.451875,0.5053292624652386,0.39649999141693115,16,"[0, 1, 4, 6, 8, 10, 12, 13, 14, 15, 23, 25, 26, 27, 28, 29]",16,"[0, 1, 4, 6, 8, 10, 12, 13, 14, 15, 23, 25, 26, 27, 28, 29]",0,[],0.5053292624652386,0.039490739891293355,0.19872277144628733,25.32239210388846,0.548125,0.036115234375000006,0.1900400862318264,0.548125,0.036115234375000006,0.1900400862318264
6,5,4,101001001011101010100100101001,0.405,0.480800453041281,0.4505000114440918,14,"[0, 2, 5, 8, 10, 11, 12, 14, 16, 18, 21, 24, 26, 29]",14,"[0, 2, 5, 8, 10, 11, 12, 14, 16, 18, 21, 24, 26, 29]",0,[],0.480800453041281,0.04912588149669668,0.22164359114735685,20.355868831936217,0.595,0.041125,0.20279299790673247,0.595,0.041125,0.20279299790673247
6,5,5,100001010001010000010110101010,0.4763636363636363,0.39971446042711084,0.6430000066757202,11,"[0, 5, 7, 11, 13, 19, 21, 22, 24, 26, 28]",11,"[0, 5, 7, 11, 13, 19, 21, 22, 24, 26, 28]",0,[],0.39971446042711084,0.031854620000402026,0.17847862617244123,31.39262059906473,0.5236363636363637,0.06393223140495868,0.2528482378917415,0.5236363636363637,0.06393223140495868,0.2528482378917415
6,5,6,101011001010010000010110000001,0.4436363636363637,0.45748458396304736,0.4739999771118164,11,"[0, 2, 4, 5, 8, 10, 13, 19, 21, 22, 29]",11,"[0, 2, 4, 5, 8, 10, 13, 19, 21, 22, 29]",0,[],0.45748458396304736,0.04362132613836717,0.20885719077486217,22.924566686211985,0.5563636363636363,0.05458677685950413,0.23363813228902539,0.5563636363636363,0.05458677685950413,0.23363813228902539
6,5,7,000011000010010010001100100100,0.3522222222222222,0.5282971660296122,0.43049997091293335,9,"[4, 5, 10, 13, 16, 20, 21, 24, 27]",9,"[4, 5, 10, 13, 16, 20, 21, 24, 27]",0,[],0.5282971660296122,0.016722163229516696,0.12931420351035186,59.80087541753424,0.6477777777777778,0.02768395061728395,0.1663849470874212,0.6477777777777778,0.02768395061728395,0.1663849470874212
6,5,8,110111100011000011000000100110,0.4784615384615385,0.44720971985505176,0.3700000047683716,13,"[0, 1, 3, 4, 5, 6, 10, 11, 16, 17, 24, 27, 28]",13,"[0, 1, 3, 4, 5, 6, 10, 11, 16, 17, 24, 27, 28]",0,[],0.44720971985505176,0.04729706791350025,0.21747889073080232,21.142959682593023,0.5215384615384615,0.04315147928994083,0.20772934142759136,0.5215384615384615,0.04315147928994083,0.20772934142759136
6,5,9,000011000011010100001100100100,0.3659999999999999,0.5051517888903618,0.5475000143051147,10,"[4, 5, 10, 11, 13, 15, 20, 21, 24, 27]",10,"[4, 5, 10, 11, 13, 15, 20, 21, 24, 27]",0,[],0.5051517888903618,0.02468860926000005,0.1571260935045483,40.504509163267386,0.6340000000000001,0.028304000000000003,0.16823792675850474,0.6340000000000001,0.028304000000000003,0.16823792675850474
6,5,10,000011001010111100001100100100,0.3483333333333333,0.5748229920864105,0.49000000953674316,12,"[4, 5, 8, 10, 12, 13, 14, 15, 20, 21, 24, 27]",12,"[4, 5, 8, 10, 12, 13, 14, 15, 20, 21, 24, 27]",0,[],0.5748229920864105,0.01846955779012749,0.1359027512235403,54.14314794989455,0.6516666666666667,0.025497222222222223,0.15967849643024018,0.6516666666666667,0.025497222222222223,0.15967849643024018
6,5,11,111001001010010000010110000001,0.43181818181818177,0.4600098349831321,0.4390000104904175,11,"[0, 1, 2, 5, 8, 10, 13, 19, 21, 22, 29]",11,"[0, 1, 2, 5, 8, 10, 13, 19, 21, 22, 29]",0,[],0.4600098349831321,0.04384370257495445,0.2093888788234811,22.808292668494797,0.5681818181818182,0.057487603305785125,0.23976572587796013,0.5681818181818182,0.057487603305785125,0.23976572587796013
6,5,12,110111100011010000010110101010,0.43266666666666664,0.43043671747048695,0.5029999911785126,15,"[0, 1, 3, 4, 5, 6, 10, 11, 13, 19, 21, 22, 24, 26, 28]",15,"[0, 1, 3, 4, 5, 6, 10, 11, 13, 19, 21, 22, 24, 26, 28]",0,[],0.43043671747048695,0.02964762183924572,0.17218484787938143,33.72951818605095,0.5673333333333334,0.047806222222222215,0.21864634051870663,0.5673333333333334,0.047806222222222215,0.21864634051870663
6,5,13,010110101001010000010001010000,0.38,0.502506835758686,0.48350000381469727,10,"[1, 3, 4, 6, 8, 11, 13, 19, 23, 25]",10,"[1, 3, 4, 6, 8, 11, 13, 19, 23, 25]",0,[],0.502506835758686,0.02678032067796023,0.16364693910354763,37.34085233799996,0.62,0.02014,0.14191546779685435,0.62,0.02014,0.14191546779685435
6,5,14,100000111001010011000010010010,0.5881818181818181,0.42903710969469766,0.4020000100135803,11,"[0, 6, 7, 8, 11, 13, 16, 17, 22, 25, 28]",11,"[0, 6, 7, 8, 11, 13, 16, 17, 22, 25, 28]",0,[],0.42903710969469766,0.04282009283471705,0.20693016414896367,23.353522465725124,0.41181818181818186,0.042287603305785126,0.20563949840870827,0.41181818181818186,0.042287603305785126,0.20563949840870827
6,5,15,110111100001000011000000100110,0.47416666666666674,0.4521855308363835,0.36549997329711914,12,"[0, 1, 3, 4, 5, 6, 11, 16, 17, 24, 27, 28]",12,"[0, 1, 3, 4, 5, 6, 11, 16, 17, 24, 27, 28]",0,[],0.4521855308363835,0.05091662720564003,0.22564712984135213,19.639949754747896,0.5258333333333333,0.0465076388888889,0.21565629805059924,0.5258333333333333,0.0465076388888889,0.21565629805059924
6,5,16,100110001101000101010001011111,0.486,0.44275326281785965,0.4714999794960022,15,"[0, 3, 4, 8, 9, 11, 15, 17, 19, 23, 25, 26, 27, 28, 29]",15,"[0, 3, 4, 8, 9, 11, 15, 17, 19, 23, 25, 26, 27, 28, 29]",0,[],0.44275326281785965,0.05525817336589466,0.23507057103324241,18.096870364831855,0.514,0.046304,0.21518364250100425,0.514,0.046304,0.21518364250100425
6,5,17,100001001000010000010110101010,0.44500000000000006,0.42230973541736605,0.5164999961853027,10,"[0, 5, 8, 13, 19, 21, 22, 24, 26, 28]",10,"[0, 5, 8, 13, 19, 21, 22, 24, 26, 28]",0,[],0.42230973541736605,0.033321141432650955,0.1825407938863282,30.010976725428527,0.5549999999999999,0.068305,0.2613522527165205,0.5549999999999999,0.068305,0.2613522527165205
6,5,18,110100101010010010001101100101,0.40428571428571425,0.5261450984648296,0.4375,14,"[0, 1, 3, 6, 8, 10, 13, 16, 20, 21, 23, 24, 27, 29]",14,"[0, 1, 3, 6, 8, 10, 13, 16, 20, 21, 23, 24, 27, 29]",0,[],0.5261450984648296,0.036326699073955214,0.19059564285144404,27.52796222866723,0.5957142857142858,0.041824489795918365,0.20451036598646624,0.5957142857142858,0.041824489795918365,0.20451036598646624
6,5,19,110011001010010010001101110101,0.41733333333333333,0.49279754956563315,0.421500027179718,15,"[0, 1, 4, 5, 8, 10, 13, 16, 20, 21, 23, 24, 25, 27, 29]",15,"[0, 1, 4, 5, 8, 10, 13, 16, 20, 21, 23, 24, 25, 27, 29]",0,[],0.49279754956563315,0.031684857139525596,0.17800240767901315,31.560817699018116,0.5826666666666667,0.047779555555555554,0.2185853507341138,0.5826666666666667,0.047779555555555554,0.2185853507341138
6,5,20,010010101010111000000001011111,0.4128571428571428,0.5313137982572828,0.42000001668930054,14,"[1, 4, 6, 8, 10, 12, 13, 14, 23, 25, 26, 27, 28, 29]",14,"[1, 4, 6, 8, 10, 12, 13, 14, 23, 25, 26, 27, 28, 29]",0,[],0.5313137982572828,0.028804016358851905,0.16971746038299038,34.71738064378251,0.5871428571428572,0.02472040816326531,0.1572272500658372,0.5871428571428572,0.02472040816326531,0.1572272500658372
6,5,21,000010100011000000010100100100,0.36624999999999996,0.47102307341992855,0.49650001525878906,8,"[4, 6, 10, 11, 19, 21, 24, 27]",8,"[4, 6, 10, 11, 19, 21, 24, 27]",0,[],0.47102307341992855,0.0337340312815843,0.18366826421999066,29.643655442565166,0.63375,0.028698437499999997,0.16940613182526776,0.63375,0.028698437499999997,0.16940613182526776
7,1,0,110001001000101101111011110100,0.4375,0.5949999336153269,0.4035000205039978,16,"[0, 1, 5, 8, 12, 14, 15, 17, 18, 19, 20, 22, 23, 24, 25, 27]",16,"[0, 1, 5, 8, 12, 14, 15, 17, 18, 19, 20, 22, 23, 24, 25, 27]",0,[],0.5949999336153269,0.03201655622232793,0.17893170826415292,31.23384017493465,0.5625,0.051856250000000007,0.22771967416101754,0.5625,0.051856250000000007,0.22771967416101754
7,1,1,101011001010010010001100100001,0.47750000000000015,0.5536717300613722,0.41850000619888306,12,"[0, 2, 4, 5, 8, 10, 13, 16, 20, 21, 24, 29]",12,"[0, 2, 4, 5, 8, 10, 13, 16, 20, 21, 24, 29]",0,[],0.5536717300613722,0.0411943789427945,0.20296398434893442,24.275156603008202,0.5224999999999999,0.03841875000000001,0.19600701518057972,0.5224999999999999,0.03841875000000001,0.19600701518057972
7,1,2,010110100011000011000000110000,0.5010000000000001,0.5644973307847977,0.406499981880188,10,"[1, 3, 4, 6, 10, 11, 16, 17, 24, 25]",10,"[1, 3, 4, 6, 10, 11, 16, 17, 24, 25]",0,[],0.5644973307847977,0.013119750101621372,0.11454147764727576,76.22096398592359,0.49899999999999994,0.037889,0.19465096968677037,0.49899999999999994,0.037889,0.19465096968677037
7,1,3,110000000111101100011001110110,0.45200000000000007,0.5806794067223867,0.421500027179718,15,"[0, 1, 9, 10, 11, 12, 14, 15, 19, 20, 23, 24, 25, 27, 28]",15,"[0, 1, 9, 10, 11, 12, 14, 15, 19, 20, 23, 24, 25, 27, 28]",0,[],0.5806794067223867,0.025826068566954973,0.16070491145871982,38.720566291670195,0.5479999999999999,0.04334933333333334,0.20820502715672679,0.5479999999999999,0.04334933333333334,0.20820502715672679
7,1,4,111111101011110101010101000011,0.4173684210526316,0.5454576517406263,0.4490000009536743,19,"[0, 1, 2, 3, 4, 5, 6, 8, 10, 11, 12, 13, 15, 17, 19, 21, 23, 28, 29]",19,"[0, 1, 2, 3, 4, 5, 6, 8, 10, 11, 12, 13, 15, 17, 19, 21, 23, 28, 29]",0,[],0.5454576517406263,0.03184626735740883,0.1784552250773533,31.400854259529304,0.5826315789473684,0.03860886426592797,0.19649138471171698,0.5826315789473684,0.03860886426592797,0.19649138471171698
7,1,5,100000011110110101010110010010,0.5178571428571428,0.5429502640451703,0.5085000097751617,14,"[0, 7, 8, 9, 10, 12, 13, 15, 17, 19, 21, 22, 25, 28]",14,"[0, 7, 8, 9, 10, 12, 13, 15, 17, 19, 21, 22, 25, 28]",0,[],0.5429502640451703,0.03190598607357263,0.17862246799765316,31.342081003046907,0.48214285714285715,0.05083112244897959,0.22545758458960655,0.48214285714285715,0.05083112244897959,0.22545758458960655
7,1,6,011101010000000111110100000111,0.41500000000000004,0.5703412571123668,0.5559999942779541,14,"[1, 2, 3, 5, 7, 15, 16, 17, 18, 19, 21, 27, 28, 29]",14,"[1, 2, 3, 5, 7, 15, 16, 17, 18, 19, 21, 27, 28, 29]",0,[],0.5703412571123668,0.027595136550440543,0.16611783935038568,36.23826967379277,0.585,0.031782142857142856,0.17827546902797045,0.585,0.031782142857142856,0.17827546902797045
7,1,7,100101011110101111011101010101,0.44052631578947365,0.5812343876612814,0.43800002336502075,19,"[0, 3, 5, 7, 8, 9, 10, 12, 14, 15, 16, 17, 19, 20, 21, 23, 25, 27, 29]",19,"[0, 3, 5, 7, 8, 9, 10, 12, 14, 15, 16, 17, 19, 20, 21, 23, 25, 27, 29]",0,[],0.5812343876612814,0.037312447780103807,0.19316430255123176,26.800707525096545,0.5594736842105263,0.04181551246537397,0.20448841645769075,0.5594736842105263,0.04181551246537397,0.20448841645769075
7,1,8,100111100111011101101110010101,0.474736842105263,0.5638531462142342,0.4359999895095825,19,"[0, 3, 4, 5, 6, 9, 10, 11, 13, 14, 15, 17, 18, 20, 21, 22, 25, 27, 29]",19,"[0, 3, 4, 5, 6, 9, 10, 11, 13, 14, 15, 17, 18, 20, 21, 22, 25, 27, 29]",0,[],0.5638531462142342,0.03251535669538305,0.1803201505527961,30.754698752604885,0.525263157894737,0.03503545706371192,0.1871776083395445,0.525263157894737,0.03503545706371192,0.1871776083395445
7,1,9,110010101010111100000001011111,0.43937500000000007,0.5864547453820705,0.3880000114440918,16,"[0, 1, 4, 6, 8, 10, 12, 13, 14, 15, 23, 25, 26, 27, 28, 29]",16,"[0, 1, 4, 6, 8, 10, 12, 13, 14, 15, 23, 25, 26, 27, 28, 29]",0,[],0.5864547453820705,0.03390073144888116,0.18412151272700633,29.497888607739863,0.5606249999999999,0.036443359375000005,0.19090143890238231,0.5606249999999999,0.036443359375000005,0.19090143890238231
7,1,10,101001001011101010100100101001,0.4085714285714286,0.5847231362547193,0.421999990940094,14,"[0, 2, 5, 8, 10, 11, 12, 14, 16, 18, 21, 24, 26, 29]",14,"[0, 2, 5, 8, 10, 11, 12, 14, 16, 18, 21, 24, 26, 29]",0,[],0.5847231362547193,0.039172204277789426,0.19791969148568675,25.528305553307817,0.5914285714285714,0.043397959183673465,0.2083217683864878,0.5914285714285714,0.043397959183673465,0.2083217683864878
7,1,11,111101110011010101011111010001,0.4636842105263157,0.537471060690127,0.5135000050067902,19,"[0, 1, 2, 3, 5, 6, 7, 10, 11, 13, 15, 17, 19, 20, 21, 22, 23, 25, 29]",19,"[0, 1, 2, 3, 5, 6, 7, 10, 11, 13, 15, 17, 19, 20, 21, 22, 23, 25, 29]",0,[],0.537471060690127,0.02551288671685269,0.15972753900581044,39.19587818886226,0.5363157894736843,0.04145484764542935,0.2036046356187141,0.5363157894736843,0.04145484764542935,0.2036046356187141
7,2,0,110001001000101101111011110100,0.4375,0.5949999336153269,0.4035000205039978,16,"[0, 1, 5, 8, 12, 14, 15, 17, 18, 19, 20, 22, 23, 24, 25, 27]",16,"[0, 1, 5, 8, 12, 14, 15, 17, 18, 19, 20, 22, 23, 24, 25, 27]",0,[],0.5949999336153269,0.03201655622232793,0.17893170826415292,31.23384017493465,0.5625,0.051856250000000007,0.22771967416101754,0.5625,0.051856250000000007,0.22771967416101754
7,2,1,101011001010010010001100100001,0.47750000000000015,0.5536717300613722,0.41850000619888306,12,"[0, 2, 4, 5, 8, 10, 13, 16, 20, 21, 24, 29]",12,"[0, 2, 4, 5, 8, 10, 13, 16, 20, 21, 24, 29]",0,[],0.5536717300613722,0.0411943789427945,0.20296398434893442,24.275156603008202,0.5224999999999999,0.03841875000000001,0.19600701518057972,0.5224999999999999,0.03841875000000001,0.19600701518057972
7,2,2,010110100011000011000000110000,0.5010000000000001,0.5644973307847977,0.406499981880188,10,"[1, 3, 4, 6, 10, 11, 16, 17, 24, 25]",10,"[1, 3, 4, 6, 10, 11, 16, 17, 24, 25]",0,[],0.5644973307847977,0.013119750101621372,0.11454147764727576,76.22096398592359,0.49899999999999994,0.037889,0.19465096968677037,0.49899999999999994,0.037889,0.19465096968677037
7,2,3,111111101011110101010101000011,0.4173684210526316,0.5454576517406263,0.4490000009536743,19,"[0, 1, 2, 3, 4, 5, 6, 8, 10, 11, 12, 13, 15, 17, 19, 21, 23, 28, 29]",19,"[0, 1, 2, 3, 4, 5, 6, 8, 10, 11, 12, 13, 15, 17, 19, 21, 23, 28, 29]",0,[],0.5454576517406263,0.03184626735740883,0.1784552250773533,31.400854259529304,0.5826315789473684,0.03860886426592797,0.19649138471171698,0.5826315789473684,0.03860886426592797,0.19649138471171698
7,2,4,011101010000000111110100000111,0.41500000000000004,0.5703412571123668,0.5559999942779541,14,"[1, 2, 3, 5, 7, 15, 16, 17, 18, 19, 21, 27, 28, 29]",14,"[1, 2, 3, 5, 7, 15, 16, 17, 18, 19, 21, 27, 28, 29]",0,[],0.5703412571123668,0.027595136550440543,0.16611783935038568,36.23826967379277,0.585,0.031782142857142856,0.17827546902797045,0.585,0.031782142857142856,0.17827546902797045
7,2,5,100101011110101111011101010101,0.44052631578947365,0.5812343876612814,0.43800002336502075,19,"[0, 3, 5, 7, 8, 9, 10, 12, 14, 15, 16, 17, 19, 20, 21, 23, 25, 27, 29]",19,"[0, 3, 5, 7, 8, 9, 10, 12, 14, 15, 16, 17, 19, 20, 21, 23, 25, 27, 29]",0,[],0.5812343876612814,0.037312447780103807,0.19316430255123176,26.800707525096545,0.5594736842105263,0.04181551246537397,0.20448841645769075,0.5594736842105263,0.04181551246537397,0.20448841645769075
7,2,6,100111100111011101101110010101,0.474736842105263,0.5638531462142342,0.4359999895095825,19,"[0, 3, 4, 5, 6, 9, 10, 11, 13, 14, 15, 17, 18, 20, 21, 22, 25, 27, 29]",19,"[0, 3, 4, 5, 6, 9, 10, 11, 13, 14, 15, 17, 18, 20, 21, 22, 25, 27, 29]",0,[],0.5638531462142342,0.03251535669538305,0.1803201505527961,30.754698752604885,0.525263157894737,0.03503545706371192,0.1871776083395445,0.525263157894737,0.03503545706371192,0.1871776083395445
7,2,7,110010101010111100000001011111,0.43937500000000007,0.5864547453820705,0.3880000114440918,16,"[0, 1, 4, 6, 8, 10, 12, 13, 14, 15, 23, 25, 26, 27, 28, 29]",16,"[0, 1, 4, 6, 8, 10, 12, 13, 14, 15, 23, 25, 26, 27, 28, 29]",0,[],0.5864547453820705,0.03390073144888116,0.18412151272700633,29.497888607739863,0.5606249999999999,0.036443359375000005,0.19090143890238231,0.5606249999999999,0.036443359375000005,0.19090143890238231
7,2,8,101001001011101010100100101001,0.4085714285714286,0.5847231362547193,0.421999990940094,14,"[0, 2, 5, 8, 10, 11, 12, 14, 16, 18, 21, 24, 26, 29]",14,"[0, 2, 5, 8, 10, 11, 12, 14, 16, 18, 21, 24, 26, 29]",0,[],0.5847231362547193,0.039172204277789426,0.19791969148568675,25.528305553307817,0.5914285714285714,0.043397959183673465,0.2083217683864878,0.5914285714285714,0.043397959183673465,0.2083217683864878
7,2,9,100111100101011010101110010101,0.44882352941176473,0.5768420433296877,0.42100000381469727,17,"[0, 3, 4, 5, 6, 9, 11, 13, 14, 16, 18, 20, 21, 22, 25, 27, 29]",17,"[0, 3, 4, 5, 6, 9, 11, 13, 14, 16, 18, 20, 21, 22, 25, 27, 29]",0,[],0.5768420433296877,0.033928321830633275,0.18419642187250346,29.473901037366307,0.5511764705882353,0.03197508650519031,0.17881578930617484,0.5511764705882353,0.03197508650519031,0.17881578930617484
7,2,10,100101100011010101011100010101,0.45799999999999996,0.5277929206689199,0.44999998807907104,15,"[0, 3, 5, 6, 10, 11, 13, 15, 17, 19, 20, 21, 25, 27, 29]",15,"[0, 3, 5, 6, 10, 11, 13, 15, 17, 19, 20, 21, 25, 27, 29]",0,[],0.5277929206689199,0.033444571831270836,0.18287857127414037,29.900218338719924,0.542,0.040829333333333336,0.20206269654078493,0.542,0.040829333333333336,0.20206269654078493
7,2,11,110101110010110101010101000011,0.446875,0.5171242449432611,0.4959999918937683,16,"[0, 1, 3, 5, 6, 7, 10, 12, 13, 15, 17, 19, 21, 23, 28, 29]",16,"[0, 1, 3, 5, 6, 7, 10, 12, 13, 15, 17, 19, 21, 23, 28, 29]",0,[],0.5171242449432611,0.026423415281171612,0.16255280766929747,37.84522134474284,0.553125,0.043983984375,0.20972359041128397,0.553125,0.043983984375,0.20972359041128397
7,2,12,101100100000101111111000010101,0.44333333333333336,0.5739462415377299,0.42750000953674316,15,"[0, 2, 3, 6, 12, 14, 15, 16, 17, 18, 19, 20, 25, 27, 29]",15,"[0, 2, 3, 6, 12, 14, 15, 16, 17, 18, 19, 20, 25, 27, 29]",0,[],0.5739462415377299,0.03659137571435154,0.1912887234375083,27.328844037087926,0.5566666666666666,0.037955555555555555,0.1948218559493661,0.5566666666666666,0.037955555555555555,0.1948218559493661
7,2,13,110010101010111000000001011101,0.4235714285714287,0.591719423021589,0.4104999899864197,14,"[0, 1, 4, 6, 8, 10, 12, 13, 14, 23, 25, 26, 27, 29]",14,"[0, 1, 4, 6, 8, 10, 12, 13, 14, 23, 25, 26, 27, 29]",0,[],0.591719423021589,0.038056761587858125,0.19508142296963626,26.276539523506028,0.5764285714285713,0.03929438775510206,0.19822812049530728,0.5764285714285713,0.03929438775510206,0.19822812049530728
7,2,14,110110000111101101000001100000,0.4715384615384616,0.5766967741342691,0.421999990940094,13,"[0, 1, 3, 4, 9, 10, 11, 12, 14, 15, 17, 23, 24]",13,"[0, 1, 3, 4, 9, 10, 11, 12, 14, 15, 17, 23, 24]",0,[],0.5766967741342691,0.030364502838426767,0.17425413291634367,32.93319193537013,0.5284615384615384,0.046520710059171605,0.21568660148273375,0.5284615384615384,0.046520710059171605,0.21568660148273375
7,2,15,111101111011010101011111010001,0.4505000000000001,0.5553975090384483,0.4390000104904175,20,"[0, 1, 2, 3, 5, 6, 7, 8, 10, 11, 13, 15, 17, 19, 20, 21, 22, 23, 25, 29]",20,"[0, 1, 2, 3, 5, 6, 7, 8, 10, 11, 13, 15, 17, 19, 20, 21, 22, 23, 25, 29]",0,[],0.5553975090384483,0.03034303583832574,0.1741925252079599,32.95649141134778,0.5494999999999999,0.04268475000000001,0.2066028799412051,0.5494999999999999,0.04268475000000001,0.2066028799412051
7,2,16,101111101001100000100000000111,0.40538461538461545,0.5921714580976046,0.4415000081062317,13,"[0, 2, 3, 4, 5, 6, 8, 11, 12, 18, 27, 28, 29]",13,"[0, 2, 3, 4, 5, 6, 8, 11, 12, 18, 27, 28, 29]",0,[],0.5921714580976046,0.04054680795381636,0.2013623796885018,24.662853883319748,0.5946153846153845,0.03019408284023669,0.1737644464216909,0.5946153846153845,0.03019408284023669,0.1737644464216909
7,2,17,110101110001101101111011001111,0.41600000000000004,0.5679493218660354,0.4595000147819519,20,"[0, 1, 3, 5, 6, 7, 11, 12, 14, 15, 17, 18, 19, 20, 22, 23, 26, 27, 28, 29]",20,"[0, 1, 3, 5, 6, 7, 11, 12, 14, 15, 17, 18, 19, 20, 22, 23, 26, 27, 28, 29]",0,[],0.5679493218660354,0.026850105111777267,0.16386001681855542,37.24380205727276,0.584,0.038954,0.1973676771915807,0.584,0.038954,0.1973676771915807
7,2,18,101111111000101010110010001100,0.401875,0.6309784576296806,0.42650002241134644,16,"[0, 2, 3, 4, 5, 6, 7, 8, 12, 14, 16, 18, 19, 22, 26, 27]",16,"[0, 2, 3, 4, 5, 6, 7, 8, 12, 14, 16, 18, 19, 22, 26, 27]",0,[],0.6309784576296806,0.0321461446634595,0.17929345962265186,31.107929441277584,0.598125,0.035890234375,0.18944718096345484,0.598125,0.035890234375,0.18944718096345484
7,3,0,111111101011110101010101000011,0.4173684210526316,0.5454576517406263,0.4490000009536743,19,"[0, 1, 2, 3, 4, 5, 6, 8, 10, 11, 12, 13, 15, 17, 19, 21, 23, 28, 29]",19,"[0, 1, 2, 3, 4, 5, 6, 8, 10, 11, 12, 13, 15, 17, 19, 21, 23, 28, 29]",0,[],0.5454576517406263,0.03184626735740883,0.1784552250773533,31.400854259529304,0.5826315789473684,0.03860886426592797,0.19649138471171698,0.5826315789473684,0.03860886426592797,0.19649138471171698
7,3,1,110010101010111100000001011111,0.43937500000000007,0.5864547453820705,0.3880000114440918,16,"[0, 1, 4, 6, 8, 10, 12, 13, 14, 15, 23, 25, 26, 27, 28, 29]",16,"[0, 1, 4, 6, 8, 10, 12, 13, 14, 15, 23, 25, 26, 27, 28, 29]",0,[],0.5864547453820705,0.03390073144888116,0.18412151272700633,29.497888607739863,0.5606249999999999,0.036443359375000005,0.19090143890238231,0.5606249999999999,0.036443359375000005,0.19090143890238231
7,3,2,101001001011101010100100101001,0.4085714285714286,0.5847231362547193,0.421999990940094,14,"[0, 2, 5, 8, 10, 11, 12, 14, 16, 18, 21, 24, 26, 29]",14,"[0, 2, 5, 8, 10, 11, 12, 14, 16, 18, 21, 24, 26, 29]",0,[],0.5847231362547193,0.039172204277789426,0.19791969148568675,25.528305553307817,0.5914285714285714,0.043397959183673465,0.2083217683864878,0.5914285714285714,0.043397959183673465,0.2083217683864878
7,3,3,100101100011010101011100010101,0.45799999999999996,0.5277929206689199,0.44999998807907104,15,"[0, 3, 5, 6, 10, 11, 13, 15, 17, 19, 20, 21, 25, 27, 29]",15,"[0, 3, 5, 6, 10, 11, 13, 15, 17, 19, 20, 21, 25, 27, 29]",0,[],0.5277929206689199,0.033444571831270836,0.18287857127414037,29.900218338719924,0.542,0.040829333333333336,0.20206269654078493,0.542,0.040829333333333336,0.20206269654078493
7,3,4,110101110010110101010101000011,0.446875,0.5171242449432611,0.4959999918937683,16,"[0, 1, 3, 5, 6, 7, 10, 12, 13, 15, 17, 19, 21, 23, 28, 29]",16,"[0, 1, 3, 5, 6, 7, 10, 12, 13, 15, 17, 19, 21, 23, 28, 29]",0,[],0.5171242449432611,0.026423415281171612,0.16255280766929747,37.84522134474284,0.553125,0.043983984375,0.20972359041128397,0.553125,0.043983984375,0.20972359041128397
7,3,5,110101110001101101111011001111,0.41600000000000004,0.5679493218660354,0.4595000147819519,20,"[0, 1, 3, 5, 6, 7, 11, 12, 14, 15, 17, 18, 19, 20, 22, 23, 26, 27, 28, 29]",20,"[0, 1, 3, 5, 6, 7, 11, 12, 14, 15, 17, 18, 19, 20, 22, 23, 26, 27, 28, 29]",0,[],0.5679493218660354,0.026850105111777267,0.16386001681855542,37.24380205727276,0.584,0.038954,0.1973676771915807,0.584,0.038954,0.1973676771915807
7,3,6,101111111000101010110010001100,0.401875,0.6309784576296806,0.42650002241134644,16,"[0, 2, 3, 4, 5, 6, 7, 8, 12, 14, 16, 18, 19, 22, 26, 27]",16,"[0, 2, 3, 4, 5, 6, 7, 8, 12, 14, 16, 18, 19, 22, 26, 27]",0,[],0.6309784576296806,0.0321461446634595,0.17929345962265186,31.107929441277584,0.598125,0.035890234375,0.18944718096345484,0.598125,0.035890234375,0.18944718096345484
7,3,7,100101100011111001011100010101,0.43062500000000004,0.5460070800036192,0.4010000228881836,16,"[0, 3, 5, 6, 10, 11, 12, 13, 14, 17, 19, 20, 21, 25, 27, 29]",16,"[0, 3, 5, 6, 10, 11, 12, 13, 14, 17, 19, 20, 21, 25, 27, 29]",0,[],0.5460070800036192,0.03716314248162266,0.19277744287551554,26.9083810793047,0.569375,0.042768359375,0.2068051241507328,0.569375,0.042768359375,0.2068051241507328
7,3,8,101011000011101000001101100001,0.4323076923076925,0.5426339254929469,0.4350000023841858,13,"[0, 2, 4, 5, 10, 11, 12, 14, 20, 21, 23, 24, 29]",13,"[0, 2, 4, 5, 10, 11, 12, 14, 20, 21, 23, 24, 29]",0,[],0.5426339254929469,0.033869720158725324,0.18403727926353758,29.524897026419207,0.5676923076923075,0.03961775147928993,0.19904208469389062,0.5676923076923075,0.03961775147928993,0.19904208469389062
7,3,9,110010101010111100100001001111,0.41312499999999996,0.5906214118003845,0.3774999976158142,16,"[0, 1, 4, 6, 8, 10, 12, 13, 14, 15, 18, 23, 26, 27, 28, 29]",16,"[0, 1, 4, 6, 8, 10, 12, 13, 14, 15, 18, 23, 26, 27, 28, 29]",0,[],0.5906214118003845,0.033974880134789553,0.18432276076163126,29.433510759498496,0.586875,0.033096484375000006,0.18192439191873092,0.586875,0.033096484375000006,0.18192439191873092
7,3,10,100101100011001011011000010101,0.4650000000000001,0.5542490397180829,0.3669999837875366,14,"[0, 3, 5, 6, 10, 11, 14, 16, 17, 19, 20, 25, 27, 29]",14,"[0, 3, 5, 6, 10, 11, 14, 16, 17, 19, 20, 25, 27, 29]",0,[],0.5542490397180829,0.03598663808333928,0.18970144460003271,27.788091726828174,0.5349999999999999,0.03841071428571429,0.19598651557113386,0.5349999999999999,0.03841071428571429,0.19598651557113386
7,3,11,100101110001000101010101000011,0.45307692307692304,0.49925060684864336,0.6029999852180481,13,"[0, 3, 5, 6, 7, 11, 15, 17, 19, 21, 23, 28, 29]",13,"[0, 3, 5, 6, 7, 11, 15, 17, 19, 21, 23, 28, 29]",0,[],0.49925060684864336,0.0288138296846208,0.16974636869347398,34.70555670472862,0.546923076923077,0.043267455621301784,0.20800830661611036,0.546923076923077,0.043267455621301784,0.20800830661611036
7,3,12,111100100011000011000100110000,0.4983333333333333,0.5313069050510725,0.41600000858306885,12,"[0, 1, 2, 3, 6, 10, 11, 16, 17, 21, 24, 25]",12,"[0, 1, 2, 3, 6, 10, 11, 16, 17, 21, 24, 25]",0,[],0.5313069050510725,0.03282903738205115,0.18118785108845226,30.46083832317109,0.5016666666666667,0.051680555555555556,0.2273335777124786,0.5016666666666667,0.051680555555555556,0.2273335777124786
7,3,13,110000001001101100011001010110,0.3884615384615385,0.5909787668631628,0.43949997425079346,13,"[0, 1, 8, 11, 12, 14, 15, 19, 20, 23, 25, 27, 28]",13,"[0, 1, 8, 11, 12, 14, 15, 19, 20, 23, 25, 27, 28]",0,[],0.5909787668631628,0.03553390645478168,0.18850439372805528,28.142135210282607,0.6115384615384615,0.04115147928994083,0.2028582739006246,0.6115384615384615,0.04115147928994083,0.2028582739006246
7,3,14,101111101001100000011100000111,0.3773333333333332,0.5556708137194316,0.4645000100135803,15,"[0, 2, 3, 4, 5, 6, 8, 11, 12, 19, 20, 21, 27, 28, 29]",15,"[0, 2, 3, 4, 5, 6, 8, 11, 12, 19, 20, 21, 27, 28, 29]",0,[],0.5556708137194316,0.04122100265488483,0.2030295610370195,24.259477829113326,0.6226666666666668,0.031766222222222223,0.17823081165225677,0.6226666666666668,0.031766222222222223,0.17823081165225677
7,3,15,010000101000011101111011001111,0.4025000000000001,0.600734531879425,0.37800002098083496,16,"[1, 6, 8, 13, 14, 15, 17, 18, 19, 20, 22, 23, 26, 27, 28, 29]",16,"[1, 6, 8, 13, 14, 15, 17, 18, 19, 20, 22, 23, 26, 27, 28, 29]",0,[],0.600734531879425,0.025907817541529377,0.16095905548160183,38.598388243125186,0.5974999999999999,0.031968750000000004,0.17879807045938725,0.5974999999999999,0.031968750000000004,0.17879807045938725
7,4,0,111111101011110101010101000011,0.4173684210526316,0.5454576517406263,0.4490000009536743,19,"[0, 1, 2, 3, 4, 5, 6, 8, 10, 11, 12, 13, 15, 17, 19, 21, 23, 28, 29]",19,"[0, 1, 2, 3, 4, 5, 6, 8, 10, 11, 12, 13, 15, 17, 19, 21, 23, 28, 29]",0,[],0.5454576517406263,0.03184626735740883,0.1784552250773533,31.400854259529304,0.5826315789473684,0.03860886426592797,0.19649138471171698,0.5826315789473684,0.03860886426592797,0.19649138471171698
7,4,1,110010101010111100000001011111,0.43937500000000007,0.5864547453820705,0.3880000114440918,16,"[0, 1, 4, 6, 8, 10, 12, 13, 14, 15, 23, 25, 26, 27, 28, 29]",16,"[0, 1, 4, 6, 8, 10, 12, 13, 14, 15, 23, 25, 26, 27, 28, 29]",0,[],0.5864547453820705,0.03390073144888116,0.18412151272700633,29.497888607739863,0.5606249999999999,0.036443359375000005,0.19090143890238231,0.5606249999999999,0.036443359375000005,0.19090143890238231
7,4,2,110101110010110101010101000011,0.446875,0.5171242449432611,0.4959999918937683,16,"[0, 1, 3, 5, 6, 7, 10, 12, 13, 15, 17, 19, 21, 23, 28, 29]",16,"[0, 1, 3, 5, 6, 7, 10, 12, 13, 15, 17, 19, 21, 23, 28, 29]",0,[],0.5171242449432611,0.026423415281171612,0.16255280766929747,37.84522134474284,0.553125,0.043983984375,0.20972359041128397,0.553125,0.043983984375,0.20972359041128397
7,4,3,100101100011111001011100010101,0.43062500000000004,0.5460070800036192,0.4010000228881836,16,"[0, 3, 5, 6, 10, 11, 12, 13, 14, 17, 19, 20, 21, 25, 27, 29]",16,"[0, 3, 5, 6, 10, 11, 12, 13, 14, 17, 19, 20, 21, 25, 27, 29]",0,[],0.5460070800036192,0.03716314248162266,0.19277744287551554,26.9083810793047,0.569375,0.042768359375,0.2068051241507328,0.569375,0.042768359375,0.2068051241507328
7,4,4,101011000011101000001101100001,0.4323076923076925,0.5426339254929469,0.4350000023841858,13,"[0, 2, 4, 5, 10, 11, 12, 14, 20, 21, 23, 24, 29]",13,"[0, 2, 4, 5, 10, 11, 12, 14, 20, 21, 23, 24, 29]",0,[],0.5426339254929469,0.033869720158725324,0.18403727926353758,29.524897026419207,0.5676923076923075,0.03961775147928993,0.19904208469389062,0.5676923076923075,0.03961775147928993,0.19904208469389062
7,4,5,110010101010111100100001001111,0.41312499999999996,0.5906214118003845,0.3774999976158142,16,"[0, 1, 4, 6, 8, 10, 12, 13, 14, 15, 18, 23, 26, 27, 28, 29]",16,"[0, 1, 4, 6, 8, 10, 12, 13, 14, 15, 18, 23, 26, 27, 28, 29]",0,[],0.5906214118003845,0.033974880134789553,0.18432276076163126,29.433510759498496,0.586875,0.033096484375000006,0.18192439191873092,0.586875,0.033096484375000006,0.18192439191873092
7,4,6,100101100011001011011000010101,0.4650000000000001,0.5542490397180829,0.3669999837875366,14,"[0, 3, 5, 6, 10, 11, 14, 16, 17, 19, 20, 25, 27, 29]",14,"[0, 3, 5, 6, 10, 11, 14, 16, 17, 19, 20, 25, 27, 29]",0,[],0.5542490397180829,0.03598663808333928,0.18970144460003271,27.788091726828174,0.5349999999999999,0.03841071428571429,0.19598651557113386,0.5349999999999999,0.03841071428571429,0.19598651557113386
7,4,7,100101110001000101010101000011,0.45307692307692304,0.49925060684864336,0.6029999852180481,13,"[0, 3, 5, 6, 7, 11, 15, 17, 19, 21, 23, 28, 29]",13,"[0, 3, 5, 6, 7, 11, 15, 17, 19, 21, 23, 28, 29]",0,[],0.49925060684864336,0.0288138296846208,0.16974636869347398,34.70555670472862,0.546923076923077,0.043267455621301784,0.20800830661611036,0.546923076923077,0.043267455621301784,0.20800830661611036
7,4,8,101111101001100000011100000111,0.3773333333333332,0.5556708137194316,0.4645000100135803,15,"[0, 2, 3, 4, 5, 6, 8, 11, 12, 19, 20, 21, 27, 28, 29]",15,"[0, 2, 3, 4, 5, 6, 8, 11, 12, 19, 20, 21, 27, 28, 29]",0,[],0.5556708137194316,0.04122100265488483,0.2030295610370195,24.259477829113326,0.6226666666666668,0.031766222222222223,0.17823081165225677,0.6226666666666668,0.031766222222222223,0.17823081165225677
7,4,9,010000101000011101111011001111,0.4025000000000001,0.600734531879425,0.37800002098083496,16,"[1, 6, 8, 13, 14, 15, 17, 18, 19, 20, 22, 23, 26, 27, 28, 29]",16,"[1, 6, 8, 13, 14, 15, 17, 18, 19, 20, 22, 23, 26, 27, 28, 29]",0,[],0.600734531879425,0.025907817541529377,0.16095905548160183,38.598388243125186,0.5974999999999999,0.031968750000000004,0.17879807045938725,0.5974999999999999,0.031968750000000004,0.17879807045938725
7,4,10,110010101000111100011011111111,0.43999999999999995,0.5833507823316675,0.38349997997283936,19,"[0, 1, 4, 6, 8, 12, 13, 14, 15, 19, 20, 22, 23, 24, 25, 26, 27, 28, 29]",19,"[0, 1, 4, 6, 8, 12, 13, 14, 15, 19, 20, 22, 23, 24, 25, 26, 27, 28, 29]",0,[],0.5833507823316675,0.030076538214392736,0.17342588680584203,33.2485072873667,0.56,0.04128421052631579,0.20318516315497986,0.56,0.04128421052631579,0.20318516315497986
7,4,11,101111101001100001011100000111,0.401875,0.5438580550253391,0.4555000066757202,16,"[0, 2, 3, 4, 5, 6, 8, 11, 12, 17, 19, 20, 21, 27, 28, 29]",16,"[0, 2, 3, 4, 5, 6, 8, 11, 12, 17, 19, 20, 21, 27, 28, 29]",0,[],0.5438580550253391,0.04073780900842737,0.20183609441432265,24.547220980714293,0.598125,0.038815234375,0.19701582265137996,0.598125,0.038815234375,0.19701582265137996
7,4,12,110100110010110101010101000011,0.45333333333333325,0.5102198859055836,0.5015000104904175,15,"[0, 1, 3, 6, 7, 10, 12, 13, 15, 17, 19, 21, 23, 28, 29]",15,"[0, 1, 3, 6, 7, 10, 12, 13, 15, 17, 19, 21, 23, 28, 29]",0,[],0.5102198859055836,0.02742225352037786,0.16559665914618524,36.46673309532661,0.5466666666666667,0.04624888888888889,0.2150555483796893,0.5466666666666667,0.04624888888888889,0.2150555483796893
7,4,13,011101011000101010110100000011,0.34999999999999987,0.6058761839355741,0.49650001525878906,14,"[1, 2, 3, 5, 7, 8, 12, 14, 16, 18, 19, 21, 28, 29]",14,"[1, 2, 3, 5, 7, 8, 12, 14, 16, 18, 19, 21, 28, 29]",0,[],0.6058761839355741,0.030691394778489818,0.17518959666170197,32.58242276759783,0.6500000000000001,0.02507142857142857,0.15833959887352428,0.6500000000000001,0.02507142857142857,0.15833959887352428
7,4,14,101111101001100000011001000111,0.3873333333333332,0.5794973115126292,0.4154999852180481,15,"[0, 2, 3, 4, 5, 6, 8, 11, 12, 19, 20, 23, 27, 28, 29]",15,"[0, 2, 3, 4, 5, 6, 8, 11, 12, 19, 20, 23, 27, 28, 29]",0,[],0.5794973115126292,0.036705039302424546,0.19158559262748476,27.244215481168144,0.6126666666666668,0.02881955555555555,0.16976323381567504,0.6126666666666668,0.02881955555555555,0.16976323381567504
7,4,15,100000100011000011000100101001,0.511,0.47102147340774536,0.5625,10,"[0, 6, 10, 11, 16, 17, 21, 24, 26, 29]",10,"[0, 6, 10, 11, 16, 17, 21, 24, 26, 29]",0,[],0.47102147340774536,0.027071619243113253,0.16453455334097228,36.93905381202456,0.489,0.051749,0.22748406537601706,0.489,0.051749,0.22748406537601706
7,4,16,100101110001100101010101000011,0.43499999999999994,0.5049432324511665,0.5949999988079071,14,"[0, 3, 5, 6, 7, 11, 12, 15, 17, 19, 21, 23, 28, 29]",14,"[0, 3, 5, 6, 7, 11, 12, 15, 17, 19, 21, 23, 28, 29]",0,[],0.5049432324511665,0.02717697681411868,0.16485441096348827,36.79585138699059,0.5650000000000001,0.044425,0.21077238908357993,0.5650000000000001,0.044425,0.21077238908357993
7,4,17,110110000001101101011000000100,0.3966666666666666,0.56221870581309,0.421999990940094,12,"[0, 1, 3, 4, 11, 12, 14, 15, 17, 19, 20, 27]",12,"[0, 1, 3, 4, 11, 12, 14, 15, 17, 19, 20, 27]",0,[],0.56221870581309,0.037892444777943374,0.19465981808771776,26.390485118080452,0.6033333333333334,0.04322222222222224,0.2078995483935024,0.6033333333333334,0.04322222222222224,0.2078995483935024
7,4,18,110001100011011001011100010101,0.44133333333333324,0.5229777276515961,0.39649999141693115,15,"[0, 1, 5, 6, 10, 11, 13, 14, 17, 19, 20, 21, 25, 27, 29]",15,"[0, 1, 5, 6, 10, 11, 13, 14, 17, 19, 20, 21, 25, 27, 29]",0,[],0.5229777276515961,0.0344445417511713,0.18559240757954323,29.03217604763154,0.5586666666666668,0.04378488888888888,0.20924839040931445,0.5586666666666668,0.04378488888888888,0.20924839040931445
7,4,19,011000101000011100011100000111,0.36615384615384616,0.5989364958726443,0.4635000228881836,13,"[1, 2, 6, 8, 13, 14, 15, 19, 20, 21, 27, 28, 29]",13,"[1, 2, 6, 8, 13, 14, 15, 19, 20, 21, 27, 28, 29]",0,[],0.5989364958726443,0.03666943139105147,0.19149264056629298,27.270671021204663,0.6338461538461538,0.020331360946745567,0.14258808136287396,0.6338461538461538,0.020331360946745567,0.14258808136287396
7,5,0,111111101011110101010101000011,0.4173684210526316,0.5454576517406263,0.4490000009536743,19,"[0, 1, 2, 3, 4, 5, 6, 8, 10, 11, 12, 13, 15, 17, 19, 21, 23, 28, 29]",19,"[0, 1, 2, 3, 4, 5, 6, 8, 10, 11, 12, 13, 15, 17, 19, 21, 23, 28, 29]",0,[],0.5454576517406263,0.03184626735740883,0.1784552250773533,31.400854259529304,0.5826315789473684,0.03860886426592797,0.19649138471171698,0.5826315789473684,0.03860886426592797,0.19649138471171698
7,5,1,100101100011111001011100010101,0.43062500000000004,0.5460070800036192,0.4010000228881836,16,"[0, 3, 5, 6, 10, 11, 12, 13, 14, 17, 19, 20, 21, 25, 27, 29]",16,"[0, 3, 5, 6, 10, 11, 12, 13, 14, 17, 19, 20, 21, 25, 27, 29]",0,[],0.5460070800036192,0.03716314248162266,0.19277744287551554,26.9083810793047,0.569375,0.042768359375,0.2068051241507328,0.569375,0.042768359375,0.2068051241507328
7,5,2,110010101010111100100001001111,0.41312499999999996,0.5906214118003845,0.3774999976158142,16,"[0, 1, 4, 6, 8, 10, 12, 13, 14, 15, 18, 23, 26, 27, 28, 29]",16,"[0, 1, 4, 6, 8, 10, 12, 13, 14, 15, 18, 23, 26, 27, 28, 29]",0,[],0.5906214118003845,0.033974880134789553,0.18432276076163126,29.433510759498496,0.586875,0.033096484375000006,0.18192439191873092,0.586875,0.033096484375000006,0.18192439191873092
7,5,3,100101100011001011011000010101,0.4650000000000001,0.5542490397180829,0.3669999837875366,14,"[0, 3, 5, 6, 10, 11, 14, 16, 17, 19, 20, 25, 27, 29]",14,"[0, 3, 5, 6, 10, 11, 14, 16, 17, 19, 20, 25, 27, 29]",0,[],0.5542490397180829,0.03598663808333928,0.18970144460003271,27.788091726828174,0.5349999999999999,0.03841071428571429,0.19598651557113386,0.5349999999999999,0.03841071428571429,0.19598651557113386
7,5,4,101111101001100000011100000111,0.3773333333333332,0.5556708137194316,0.4645000100135803,15,"[0, 2, 3, 4, 5, 6, 8, 11, 12, 19, 20, 21, 27, 28, 29]",15,"[0, 2, 3, 4, 5, 6, 8, 11, 12, 19, 20, 21, 27, 28, 29]",0,[],0.5556708137194316,0.04122100265488483,0.2030295610370195,24.259477829113326,0.6226666666666668,0.031766222222222223,0.17823081165225677,0.6226666666666668,0.031766222222222223,0.17823081165225677
7,5,5,010000101000011101111011001111,0.4025000000000001,0.600734531879425,0.37800002098083496,16,"[1, 6, 8, 13, 14, 15, 17, 18, 19, 20, 22, 23, 26, 27, 28, 29]",16,"[1, 6, 8, 13, 14, 15, 17, 18, 19, 20, 22, 23, 26, 27, 28, 29]",0,[],0.600734531879425,0.025907817541529377,0.16095905548160183,38.598388243125186,0.5974999999999999,0.031968750000000004,0.17879807045938725,0.5974999999999999,0.031968750000000004,0.17879807045938725
7,5,6,101111101001100001011100000111,0.401875,0.5438580550253391,0.4555000066757202,16,"[0, 2, 3, 4, 5, 6, 8, 11, 12, 17, 19, 20, 21, 27, 28, 29]",16,"[0, 2, 3, 4, 5, 6, 8, 11, 12, 17, 19, 20, 21, 27, 28, 29]",0,[],0.5438580550253391,0.04073780900842737,0.20183609441432265,24.547220980714293,0.598125,0.038815234375,0.19701582265137996,0.598125,0.038815234375,0.19701582265137996
7,5,7,011101011000101010110100000011,0.34999999999999987,0.6058761839355741,0.49650001525878906,14,"[1, 2, 3, 5, 7, 8, 12, 14, 16, 18, 19, 21, 28, 29]",14,"[1, 2, 3, 5, 7, 8, 12, 14, 16, 18, 19, 21, 28, 29]",0,[],0.6058761839355741,0.030691394778489818,0.17518959666170197,32.58242276759783,0.6500000000000001,0.02507142857142857,0.15833959887352428,0.6500000000000001,0.02507142857142857,0.15833959887352428
7,5,8,101111101001100000011001000111,0.3873333333333332,0.5794973115126292,0.4154999852180481,15,"[0, 2, 3, 4, 5, 6, 8, 11, 12, 19, 20, 23, 27, 28, 29]",15,"[0, 2, 3, 4, 5, 6, 8, 11, 12, 19, 20, 23, 27, 28, 29]",0,[],0.5794973115126292,0.036705039302424546,0.19158559262748476,27.244215481168144,0.6126666666666668,0.02881955555555555,0.16976323381567504,0.6126666666666668,0.02881955555555555,0.16976323381567504
7,5,9,110110000001101101011000000100,0.3966666666666666,0.56221870581309,0.421999990940094,12,"[0, 1, 3, 4, 11, 12, 14, 15, 17, 19, 20, 27]",12,"[0, 1, 3, 4, 11, 12, 14, 15, 17, 19, 20, 27]",0,[],0.56221870581309,0.037892444777943374,0.19465981808771776,26.390485118080452,0.6033333333333334,0.04322222222222224,0.2078995483935024,0.6033333333333334,0.04322222222222224,0.2078995483935024
7,5,10,011000101000011100011100000111,0.36615384615384616,0.5989364958726443,0.4635000228881836,13,"[1, 2, 6, 8, 13, 14, 15, 19, 20, 21, 27, 28, 29]",13,"[1, 2, 6, 8, 13, 14, 15, 19, 20, 21, 27, 28, 29]",0,[],0.5989364958726443,0.03666943139105147,0.19149264056629298,27.270671021204663,0.6338461538461538,0.020331360946745567,0.14258808136287396,0.6338461538461538,0.020331360946745567,0.14258808136287396
7,5,11,010000100011000011010100000011,0.43099999999999994,0.46794451773166656,0.38200002908706665,10,"[1, 6, 10, 11, 16, 17, 19, 21, 28, 29]",10,"[1, 6, 10, 11, 16, 17, 19, 21, 28, 29]",0,[],0.46794451773166656,0.009884468214516717,0.09942066291529501,101.16882145782621,0.5690000000000001,0.039689,0.19922098283062456,0.5690000000000001,0.039689,0.19922098283062456
7,5,12,110101110001110001010101001101,0.39312500000000006,0.5428309943526983,0.5169999897480011,16,"[0, 1, 3, 5, 6, 7, 11, 12, 13, 17, 19, 21, 23, 26, 27, 29]",16,"[0, 1, 3, 5, 6, 7, 11, 12, 13, 17, 19, 21, 23, 26, 27, 29]",0,[],0.5428309943526983,0.033280171944700086,0.1824285392823724,30.047921677257182,0.6068749999999999,0.042683984375000004,0.20660102704246172,0.6068749999999999,0.042683984375000004,0.20660102704246172
7,5,13,100101100011001101111000010101,0.45199999999999996,0.5586989442507426,0.37449997663497925,15,"[0, 3, 5, 6, 10, 11, 14, 15, 17, 18, 19, 20, 25, 27, 29]",15,"[0, 3, 5, 6, 10, 11, 14, 15, 17, 18, 19, 20, 25, 27, 29]",0,[],0.5586989442507426,0.033883423542482236,0.1840745054114834,29.51295635006373,0.548,0.03790933333333334,0.19470319292023266,0.548,0.03790933333333334,0.19470319292023266
7,5,14,110101001000101101111011001101,0.386470588235294,0.5922118916231043,0.39149999618530273,17,"[0, 1, 3, 5, 8, 12, 14, 15, 17, 18, 19, 20, 22, 23, 26, 27, 29]",17,"[0, 1, 3, 5, 8, 12, 14, 15, 17, 18, 19, 20, 22, 23, 26, 27, 29]",0,[],0.5922118916231043,0.036499760983472636,0.19104910620956236,27.397439683312104,0.613529411764706,0.04196401384083045,0.2048511992662734,0.613529411764706,0.04196401384083045,0.2048511992662734
7,5,15,101111100011000000011100000111,0.4207142857142857,0.5292939160551343,0.46399998664855957,14,"[0, 2, 3, 4, 5, 6, 10, 11, 19, 20, 21, 27, 28, 29]",14,"[0, 2, 3, 4, 5, 6, 10, 11, 19, 20, 21, 27, 28, 29]",0,[],0.5292939160551343,0.03516007541992958,0.1875102008423264,28.441349685876265,0.5792857142857143,0.03222091836734694,0.17950186173782973,0.5792857142857143,0.03222091836734694,0.17950186173782973
7,5,16,100111111001100001011100000111,0.41437499999999994,0.5351329818367958,0.44999998807907104,16,"[0, 3, 4, 5, 6, 7, 8, 11, 12, 17, 19, 20, 21, 27, 28, 29]",16,"[0, 3, 4, 5, 6, 7, 8, 11, 12, 17, 19, 20, 21, 27, 28, 29]",0,[],0.5351329818367958,0.03794692544829753,0.19479970597590113,26.35259611117887,0.5856250000000001,0.042112109375,0.20521235190650683,0.5856250000000001,0.042112109375,0.20521235190650683
7,5,17,011101100011011100011100000111,0.38187499999999996,0.5899113398045301,0.44599997997283936,16,"[1, 2, 3, 5, 6, 10, 11, 13, 14, 15, 19, 20, 21, 27, 28, 29]",16,"[1, 2, 3, 5, 6, 10, 11, 13, 14, 15, 19, 20, 21, 27, 28, 29]",0,[],0.5899113398045301,0.0272979336737224,0.16522086331248365,36.63280935298859,0.618125,0.019765234375000003,0.14058888425120958,0.618125,0.019765234375000003,0.14058888425120958
7,5,18,010010101000101010110100000011,0.3408333333333333,0.5532587865988413,0.5239999890327454,12,"[1, 4, 6, 8, 12, 14, 16, 18, 19, 21, 28, 29]",12,"[1, 4, 6, 8, 12, 14, 16, 18, 19, 21, 28, 29]",0,[],0.5532587865988413,0.029265870358545675,0.1710727048904812,34.16949462799758,0.6591666666666667,0.02265763888888889,0.15052454580196842,0.6591666666666667,0.02265763888888889,0.15052454580196842
8,1,0,110001001000101101111011110100,0.4437500000000001,0.5741749359294772,0.37300002574920654,16,"[0, 1, 5, 8, 12, 14, 15, 17, 18, 19, 20, 22, 23, 24, 25, 27]",16,"[0, 1, 5, 8, 12, 14, 15, 17, 18, 19, 20, 22, 23, 24, 25, 27]",0,[],0.5741749359294772,0.03456180106776357,0.1859080446558555,28.933677328891246,0.5562499999999999,0.034160937499999995,0.18482677701025899,0.5562499999999999,0.034160937499999995,0.18482677701025899
8,1,1,110110000001101101000001101000,0.4291666666666667,0.5938424182434877,0.4559999704360962,12,"[0, 1, 3, 4, 11, 12, 14, 15, 17, 23, 24, 26]",12,"[0, 1, 3, 4, 11, 12, 14, 15, 17, 23, 24, 26]",0,[],0.5938424182434877,0.04798822929980915,0.21906215852996871,20.838443397284863,0.5708333333333333,0.04364097222222221,0.2089042178181719,0.5708333333333333,0.04364097222222221,0.2089042178181719
8,1,2,010110100011000011000000110000,0.5110000000000001,0.5645652517676354,0.3985000252723694,10,"[1, 3, 4, 6, 10, 11, 16, 17, 24, 25]",10,"[1, 3, 4, 6, 10, 11, 16, 17, 24, 25]",0,[],0.5645652517676354,0.03943559407734032,0.198583972357641,25.35780234573922,0.4889999999999999,0.031168999999999995,0.17654744404833506,0.4889999999999999,0.031168999999999995,0.17654744404833506
8,1,3,000011110100111101101011011000,0.451875,0.5544814756140113,0.5309999883174896,16,"[4, 5, 6, 7, 9, 12, 13, 14, 15, 17, 18, 20, 22, 23, 25, 26]",16,"[4, 5, 6, 7, 9, 12, 13, 14, 15, 17, 18, 20, 22, 23, 25, 26]",0,[],0.5544814756140113,0.033512901689567345,0.18306529351454728,29.839254423955257,0.548125,0.025540234375,0.1598131232877951,0.548125,0.025540234375,0.1598131232877951
8,1,4,011101010000000111110100000111,0.44000000000000006,0.5692639829857009,0.515500009059906,14,"[1, 2, 3, 5, 7, 15, 16, 17, 18, 19, 21, 27, 28, 29]",14,"[1, 2, 3, 5, 7, 15, 16, 17, 18, 19, 21, 27, 28, 29]",0,[],0.5692639829857009,0.032881929175016394,0.181333750788474,30.41184094392483,0.5599999999999999,0.0283,0.16822603841260722,0.5599999999999999,0.0283,0.16822603841260722
8,1,5,101111010110011100011001001001,0.433125,0.5728427302092314,0.49650001525878906,16,"[0, 2, 3, 4, 5, 7, 9, 10, 13, 14, 15, 19, 20, 23, 26, 29]",16,"[0, 2, 3, 4, 5, 7, 9, 10, 13, 14, 15, 19, 20, 23, 26, 29]",0,[],0.5728427302092314,0.028232162880486127,0.16802429253083057,35.420594739172216,0.566875,0.029183984375,0.1708332063007658,0.566875,0.029183984375,0.1708332063007658
8,1,6,100000100101010101101001111111,0.485,0.5017744647338986,0.46549999713897705,16,"[0, 6, 9, 11, 13, 15, 17, 18, 20, 23, 24, 25, 26, 27, 28, 29]",16,"[0, 6, 9, 11, 13, 15, 17, 18, 20, 23, 24, 25, 26, 27, 28, 29]",0,[],0.5017744647338986,0.020961539845712633,0.14478100650883952,47.70641886810309,0.515,0.037325,0.19319679086361657,0.515,0.037325,0.19319679086361657
8,1,7,100111100111011101101110010101,0.4721052631578948,0.5588588644015161,0.42900002002716064,19,"[0, 3, 4, 5, 6, 9, 10, 11, 13, 14, 15, 17, 18, 20, 21, 22, 25, 27, 29]",19,"[0, 3, 4, 5, 6, 9, 10, 11, 13, 14, 15, 17, 18, 20, 21, 22, 25, 27, 29]",0,[],0.5588588644015161,0.02809870139892534,0.16762667269538384,35.588833298831595,0.5278947368421052,0.02934293628808864,0.17129780000948244,0.5278947368421052,0.02934293628808864,0.17129780000948244
8,1,8,110010101010111100000001011111,0.464375,0.6033333372324705,0.3709999918937683,16,"[0, 1, 4, 6, 8, 10, 12, 13, 14, 15, 23, 25, 26, 27, 28, 29]",16,"[0, 1, 4, 6, 8, 10, 12, 13, 14, 15, 23, 25, 26, 27, 28, 29]",0,[],0.6033333372324705,0.02575307030456741,0.1604776317888802,38.830321517921924,0.535625,0.031287109375,0.17688162531761176,0.535625,0.031287109375,0.17688162531761176
8,1,9,101001001011101010100100101001,0.4335714285714286,0.5870015238012586,0.3999999761581421,14,"[0, 2, 5, 8, 10, 11, 12, 14, 16, 18, 21, 24, 26, 29]",14,"[0, 2, 5, 8, 10, 11, 12, 14, 16, 18, 21, 24, 26, 29]",0,[],0.5870015238012586,0.030549869222573058,0.17478520882092127,32.73336434648656,0.5664285714285714,0.034880102040816326,0.1867621536629312,0.5664285714285714,0.034880102040816326,0.1867621536629312
8,1,10,111101110011010101011111010001,0.4531578947368422,0.5588432464160418,0.48750001192092896,19,"[0, 1, 2, 3, 5, 6, 7, 10, 11, 13, 15, 17, 19, 20, 21, 22, 23, 25, 29]",19,"[0, 1, 2, 3, 5, 6, 7, 10, 11, 13, 15, 17, 19, 20, 21, 22, 23, 25, 29]",0,[],0.5588432464160418,0.027002291756611035,0.16432374069686656,37.033893604796255,0.5468421052631578,0.03289529085872576,0.18137058983949342,0.5468421052631578,0.03289529085872576,0.18137058983949342
8,2,0,110001001000101101111011110100,0.4437500000000001,0.5741749359294772,0.37300002574920654,16,"[0, 1, 5, 8, 12, 14, 15, 17, 18, 19, 20, 22, 23, 24, 25, 27]",16,"[0, 1, 5, 8, 12, 14, 15, 17, 18, 19, 20, 22, 23, 24, 25, 27]",0,[],0.5741749359294772,0.03456180106776357,0.1859080446558555,28.933677328891246,0.5562499999999999,0.034160937499999995,0.18482677701025899,0.5562499999999999,0.034160937499999995,0.18482677701025899
8,2,1,010110100011000011000000110000,0.5110000000000001,0.5645652517676354,0.3985000252723694,10,"[1, 3, 4, 6, 10, 11, 16, 17, 24, 25]",10,"[1, 3, 4, 6, 10, 11, 16, 17, 24, 25]",0,[],0.5645652517676354,0.03943559407734032,0.198583972357641,25.35780234573922,0.4889999999999999,0.031168999999999995,0.17654744404833506,0.4889999999999999,0.031168999999999995,0.17654744404833506
8,2,2,100000100101010101101001111111,0.485,0.5017744647338986,0.46549999713897705,16,"[0, 6, 9, 11, 13, 15, 17, 18, 20, 23, 24, 25, 26, 27, 28, 29]",16,"[0, 6, 9, 11, 13, 15, 17, 18, 20, 23, 24, 25, 26, 27, 28, 29]",0,[],0.5017744647338986,0.020961539845712633,0.14478100650883952,47.70641886810309,0.515,0.037325,0.19319679086361657,0.515,0.037325,0.19319679086361657
8,2,3,110010101010111100000001011111,0.464375,0.6033333372324705,0.3709999918937683,16,"[0, 1, 4, 6, 8, 10, 12, 13, 14, 15, 23, 25, 26, 27, 28, 29]",16,"[0, 1, 4, 6, 8, 10, 12, 13, 14, 15, 23, 25, 26, 27, 28, 29]",0,[],0.6033333372324705,0.02575307030456741,0.1604776317888802,38.830321517921924,0.535625,0.031287109375,0.17688162531761176,0.535625,0.031287109375,0.17688162531761176
8,2,4,101001001011101010100100101001,0.4335714285714286,0.5870015238012586,0.3999999761581421,14,"[0, 2, 5, 8, 10, 11, 12, 14, 16, 18, 21, 24, 26, 29]",14,"[0, 2, 5, 8, 10, 11, 12, 14, 16, 18, 21, 24, 26, 29]",0,[],0.5870015238012586,0.030549869222573058,0.17478520882092127,32.73336434648656,0.5664285714285714,0.034880102040816326,0.1867621536629312,0.5664285714285714,0.034880102040816326,0.1867621536629312
8,2,5,111101110011010101011111010001,0.4531578947368422,0.5588432464160418,0.48750001192092896,19,"[0, 1, 2, 3, 5, 6, 7, 10, 11, 13, 15, 17, 19, 20, 21, 22, 23, 25, 29]",19,"[0, 1, 2, 3, 5, 6, 7, 10, 11, 13, 15, 17, 19, 20, 21, 22, 23, 25, 29]",0,[],0.5588432464160418,0.027002291756611035,0.16432374069686656,37.033893604796255,0.5468421052631578,0.03289529085872576,0.18137058983949342,0.5468421052631578,0.03289529085872576,0.18137058983949342
8,2,6,100001011110110000010110100110,0.4842857142857143,0.5597307916198458,0.41600000858306885,14,"[0, 5, 7, 8, 9, 10, 12, 13, 19, 21, 22, 24, 27, 28]",14,"[0, 5, 7, 8, 9, 10, 12, 13, 19, 21, 22, 24, 27, 28]",0,[],0.5597307916198458,0.016659868788908152,0.1290731141210599,60.02448234561022,0.5157142857142857,0.032638775510204075,0.18066204778592562,0.5157142857142857,0.032638775510204075,0.18066204778592562
8,2,7,101001001011100101010100101011,0.45533333333333337,0.5245556781689326,0.49550002813339233,15,"[0, 2, 5, 8, 10, 11, 12, 15, 17, 19, 21, 24, 26, 28, 29]",15,"[0, 2, 5, 8, 10, 11, 12, 15, 17, 19, 21, 24, 26, 28, 29]",0,[],0.5245556781689326,0.034584451495573675,0.18596895304209698,28.914727767996727,0.5446666666666666,0.04121155555555556,0.2030062943742276,0.5446666666666666,0.04121155555555556,0.2030062943742276
8,2,8,100000100101001000001001111111,0.47307692307692306,0.5498259503107804,0.4259999990463257,13,"[0, 6, 9, 11, 14, 20, 23, 24, 25, 26, 27, 28, 29]",13,"[0, 6, 9, 11, 14, 20, 23, 24, 25, 26, 27, 28, 29]",0,[],0.5498259503107804,0.02013621762367233,0.14190214101158705,49.66175965561628,0.5269230769230769,0.04092899408284024,0.20230915471831779,0.5269230769230769,0.04092899408284024,0.20230915471831779
8,2,9,100110100011001111001011000111,0.49750000000000005,0.5989316301420331,0.36250001192092896,16,"[0, 3, 4, 6, 10, 11, 14, 15, 16, 17, 20, 22, 23, 27, 28, 29]",16,"[0, 3, 4, 6, 10, 11, 14, 15, 16, 17, 20, 22, 23, 27, 28, 29]",0,[],0.5989316301420331,0.03177523201078489,0.17825608548036975,31.471052663300405,0.5025,0.034181249999999996,0.1848817189448432,0.5025,0.034181249999999996,0.1848817189448432
8,2,10,101001001011101010100100101101,0.42533333333333334,0.5861659606297811,0.4100000262260437,15,"[0, 2, 5, 8, 10, 11, 12, 14, 16, 18, 21, 24, 26, 27, 29]",15,"[0, 2, 5, 8, 10, 11, 12, 14, 16, 18, 21, 24, 26, 27, 29]",0,[],0.5861659606297811,0.02852298559579093,0.16888749389990643,35.05944343174116,0.5746666666666667,0.03350488888888888,0.183043407116697,0.5746666666666667,0.03350488888888888,0.183043407116697
8,2,11,100001010011010101010110000010,0.5075000000000001,0.4955587324996789,0.5309999883174896,12,"[0, 5, 7, 10, 11, 13, 15, 17, 19, 21, 22, 28]",12,"[0, 5, 7, 10, 11, 13, 15, 17, 19, 21, 22, 28]",0,[],0.4955587324996789,0.02164500062316119,0.1471224001407032,46.200044869943405,0.4925,0.035068749999999996,0.18726652130052504,0.4925,0.035068749999999996,0.18726652130052504
8,2,12,001101110011011011111110010000,0.4458823529411766,0.563817016342107,0.43300002813339233,17,"[2, 3, 5, 6, 7, 10, 11, 13, 14, 16, 17, 18, 19, 20, 21, 22, 25]",17,"[2, 3, 5, 6, 7, 10, 11, 13, 14, 16, 17, 18, 19, 20, 21, 22, 25]",0,[],0.563817016342107,0.03485551256168104,0.1866963110553635,28.68986643734988,0.5541176470588234,0.026047750865051903,0.16139315619025454,0.5541176470588234,0.026047750865051903,0.16139315619025454
8,2,13,001110100111110101101001101010,0.4376470588235294,0.5533964765422484,0.5,17,"[2, 3, 4, 6, 9, 10, 11, 12, 13, 15, 17, 18, 20, 23, 24, 26, 28]",17,"[2, 3, 4, 6, 9, 10, 11, 12, 13, 15, 17, 18, 20, 23, 24, 26, 28]",0,[],0.5533964765422484,0.03305402032459159,0.18180764649648704,30.253505933014086,0.5623529411764706,0.030147404844290654,0.1736300804707832,0.5623529411764706,0.030147404844290654,0.1736300804707832
8,2,14,110101110001101101111011001111,0.42599999999999993,0.5660703398287297,0.4085000157356262,20,"[0, 1, 3, 5, 6, 7, 11, 12, 14, 15, 17, 18, 19, 20, 22, 23, 26, 27, 28, 29]",20,"[0, 1, 3, 5, 6, 7, 11, 12, 14, 15, 17, 18, 19, 20, 22, 23, 26, 27, 28, 29]",0,[],0.5660703398287297,0.03394844536627044,0.18425103898287912,29.456429866256922,0.5740000000000001,0.035533999999999996,0.188504641852661,0.5740000000000001,0.035533999999999996,0.188504641852661
8,2,15,110000000111011100011001110110,0.46399999999999997,0.5545852363109589,0.4190000295639038,15,"[0, 1, 9, 10, 11, 13, 14, 15, 19, 20, 23, 24, 25, 27, 28]",15,"[0, 1, 9, 10, 11, 13, 14, 15, 19, 20, 23, 24, 25, 27, 28]",0,[],0.5545852363109589,0.0163781481146498,0.12797713903135122,61.05696401081681,0.536,0.031917333333333325,0.17865422842276452,0.536,0.031917333333333325,0.17865422842276452
8,2,16,110100111000011101101001011101,0.4376470588235295,0.5830884374239865,0.3725000023841858,17,"[0, 1, 3, 6, 7, 8, 13, 14, 15, 17, 18, 20, 23, 25, 26, 27, 29]",17,"[0, 1, 3, 6, 7, 8, 13, 14, 15, 17, 18, 20, 23, 25, 26, 27, 29]",0,[],0.5830884374239865,0.040037604413976025,0.2000939889501332,24.976519315699306,0.5623529411764705,0.03346505190311418,0.1829345563394576,0.5623529411764705,0.03346505190311418,0.1829345563394576
8,3,0,110001001000101101111011110100,0.4437500000000001,0.5741749359294772,0.37300002574920654,16,"[0, 1, 5, 8, 12, 14, 15, 17, 18, 19, 20, 22, 23, 24, 25, 27]",16,"[0, 1, 5, 8, 12, 14, 15, 17, 18, 19, 20, 22, 23, 24, 25, 27]",0,[],0.5741749359294772,0.03456180106776357,0.1859080446558555,28.933677328891246,0.5562499999999999,0.034160937499999995,0.18482677701025899,0.5562499999999999,0.034160937499999995,0.18482677701025899
8,3,1,100000100101010101101001111111,0.485,0.5017744647338986,0.46549999713897705,16,"[0, 6, 9, 11, 13, 15, 17, 18, 20, 23, 24, 25, 26, 27, 28, 29]",16,"[0, 6, 9, 11, 13, 15, 17, 18, 20, 23, 24, 25, 26, 27, 28, 29]",0,[],0.5017744647338986,0.020961539845712633,0.14478100650883952,47.70641886810309,0.515,0.037325,0.19319679086361657,0.515,0.037325,0.19319679086361657
8,3,2,101001001011101010100100101001,0.4335714285714286,0.5870015238012586,0.3999999761581421,14,"[0, 2, 5, 8, 10, 11, 12, 14, 16, 18, 21, 24, 26, 29]",14,"[0, 2, 5, 8, 10, 11, 12, 14, 16, 18, 21, 24, 26, 29]",0,[],0.5870015238012586,0.030549869222573058,0.17478520882092127,32.73336434648656,0.5664285714285714,0.034880102040816326,0.1867621536629312,0.5664285714285714,0.034880102040816326,0.1867621536629312
8,3,3,111101110011010101011111010001,0.4531578947368422,0.5588432464160418,0.48750001192092896,19,"[0, 1, 2, 3, 5, 6, 7, 10, 11, 13, 15, 17, 19, 20, 21, 22, 23, 25, 29]",19,"[0, 1, 2, 3, 5, 6, 7, 10, 11, 13, 15, 17, 19, 20, 21, 22, 23, 25, 29]",0,[],0.5588432464160418,0.027002291756611035,0.16432374069686656,37.033893604796255,0.5468421052631578,0.03289529085872576,0.18137058983949342,0.5468421052631578,0.03289529085872576,0.18137058983949342
8,3,4,100001011110110000010110100110,0.4842857142857143,0.5597307916198458,0.41600000858306885,14,"[0, 5, 7, 8, 9, 10, 12, 13, 19, 21, 22, 24, 27, 28]",14,"[0, 5, 7, 8, 9, 10, 12, 13, 19, 21, 22, 24, 27, 28]",0,[],0.5597307916198458,0.016659868788908152,0.1290731141210599,60.02448234561022,0.5157142857142857,0.032638775510204075,0.18066204778592562,0.5157142857142857,0.032638775510204075,0.18066204778592562
8,3,5,101001001011100101010100101011,0.45533333333333337,0.5245556781689326,0.49550002813339233,15,"[0, 2, 5, 8, 10, 11, 12, 15, 17, 19, 21, 24, 26, 28, 29]",15,"[0, 2, 5, 8, 10, 11, 12, 15, 17, 19, 21, 24, 26, 28, 29]",0,[],0.5245556781689326,0.034584451495573675,0.18596895304209698,28.914727767996727,0.5446666666666666,0.04121155555555556,0.2030062943742276,0.5446666666666666,0.04121155555555556,0.2030062943742276
8,3,6,100110100011001111001011000111,0.49750000000000005,0.5989316301420331,0.36250001192092896,16,"[0, 3, 4, 6, 10, 11, 14, 15, 16, 17, 20, 22, 23, 27, 28, 29]",16,"[0, 3, 4, 6, 10, 11, 14, 15, 16, 17, 20, 22, 23, 27, 28, 29]",0,[],0.5989316301420331,0.03177523201078489,0.17825608548036975,31.471052663300405,0.5025,0.034181249999999996,0.1848817189448432,0.5025,0.034181249999999996,0.1848817189448432
8,3,7,001110100111110101101001101010,0.4376470588235294,0.5533964765422484,0.5,17,"[2, 3, 4, 6, 9, 10, 11, 12, 13, 15, 17, 18, 20, 23, 24, 26, 28]",17,"[2, 3, 4, 6, 9, 10, 11, 12, 13, 15, 17, 18, 20, 23, 24, 26, 28]",0,[],0.5533964765422484,0.03305402032459159,0.18180764649648704,30.253505933014086,0.5623529411764706,0.030147404844290654,0.1736300804707832,0.5623529411764706,0.030147404844290654,0.1736300804707832
8,3,8,110101110001101101111011001111,0.42599999999999993,0.5660703398287297,0.4085000157356262,20,"[0, 1, 3, 5, 6, 7, 11, 12, 14, 15, 17, 18, 19, 20, 22, 23, 26, 27, 28, 29]",20,"[0, 1, 3, 5, 6, 7, 11, 12, 14, 15, 17, 18, 19, 20, 22, 23, 26, 27, 28, 29]",0,[],0.5660703398287297,0.03394844536627044,0.18425103898287912,29.456429866256922,0.5740000000000001,0.035533999999999996,0.188504641852661,0.5740000000000001,0.035533999999999996,0.188504641852661
8,3,9,110000000111011100011001110110,0.46399999999999997,0.5545852363109589,0.4190000295639038,15,"[0, 1, 9, 10, 11, 13, 14, 15, 19, 20, 23, 24, 25, 27, 28]",15,"[0, 1, 9, 10, 11, 13, 14, 15, 19, 20, 23, 24, 25, 27, 28]",0,[],0.5545852363109589,0.0163781481146498,0.12797713903135122,61.05696401081681,0.536,0.031917333333333325,0.17865422842276452,0.536,0.031917333333333325,0.17865422842276452
8,3,10,110100111000011101101001011101,0.4376470588235295,0.5830884374239865,0.3725000023841858,17,"[0, 1, 3, 6, 7, 8, 13, 14, 15, 17, 18, 20, 23, 25, 26, 27, 29]",17,"[0, 1, 3, 6, 7, 8, 13, 14, 15, 17, 18, 20, 23, 25, 26, 27, 29]",0,[],0.5830884374239865,0.040037604413976025,0.2000939889501332,24.976519315699306,0.5623529411764705,0.03346505190311418,0.1829345563394576,0.5623529411764705,0.03346505190311418,0.1829345563394576
8,3,11,001001001011101010100100101111,0.41866666666666674,0.5856218059857686,0.4085000157356262,15,"[2, 5, 8, 10, 11, 12, 14, 16, 18, 21, 24, 26, 27, 28, 29]",15,"[2, 5, 8, 10, 11, 12, 14, 16, 18, 21, 24, 26, 27, 28, 29]",0,[],0.5856218059857686,0.02860390143830293,0.16912687970367965,34.9602658978862,0.5813333333333333,0.029131555555555553,0.1706796870033325,0.5813333333333333,0.029131555555555553,0.1706796870033325
8,3,12,100000110101010101101000111111,0.505625,0.49430392775684595,0.5230000019073486,16,"[0, 6, 7, 9, 11, 13, 15, 17, 18, 20, 24, 25, 26, 27, 28, 29]",16,"[0, 6, 7, 9, 11, 13, 15, 17, 18, 20, 24, 25, 26, 27, 28, 29]",0,[],0.49430392775684595,0.018655867728701578,0.13658648442910293,53.60243836106993,0.494375,0.034424609375,0.18553870047782484,0.494375,0.034424609375,0.18553870047782484
8,3,13,111100000011001111001011011001,0.45999999999999996,0.5802257163450122,0.36500000953674316,16,"[0, 1, 2, 3, 10, 11, 14, 15, 16, 17, 20, 22, 23, 25, 26, 29]",16,"[0, 1, 2, 3, 10, 11, 14, 15, 16, 17, 20, 22, 23, 25, 26, 29]",0,[],0.5802257163450122,0.03919855737988317,0.19798625553275956,25.51114293081621,0.54,0.0393125,0.19827380058898353,0.54,0.0393125,0.19827380058898353
8,3,14,000000100101010101101110010000,0.4663636363636364,0.5229628099636598,0.5225000083446503,11,"[6, 9, 11, 13, 15, 17, 18, 20, 21, 22, 25]",11,"[6, 9, 11, 13, 15, 17, 18, 20, 21, 22, 25]",0,[],0.5229628099636598,0.024614873457028275,0.1568912790980693,40.625843628477824,0.5336363636363636,0.02538677685950413,0.15933228442316433,0.5336363636363636,0.02538677685950413,0.15933228442316433
8,3,15,100111100011000000010110100111,0.4850000000000001,0.5608744642564228,0.39149999618530273,14,"[0, 3, 4, 5, 6, 10, 11, 19, 21, 22, 24, 27, 28, 29]",14,"[0, 3, 4, 5, 6, 10, 11, 19, 21, 22, 24, 27, 28, 29]",0,[],0.5608744642564228,0.016752222443561858,0.12943037681920677,59.69357220327,0.5149999999999999,0.03806785714285714,0.19510985916364437,0.5149999999999999,0.03806785714285714,0.19510985916364437
8,3,16,011001001011101010100100000100,0.3666666666666667,0.6397787481546402,0.4455000162124634,12,"[1, 2, 5, 8, 10, 11, 12, 14, 16, 18, 21, 27]",12,"[1, 2, 5, 8, 10, 11, 12, 14, 16, 18, 21, 27]",0,[],0.6397787481546402,0.02324710351758097,0.1524700085839211,43.01611163058379,0.6333333333333333,0.012855555555555552,0.11338234234463297,0.6333333333333333,0.012855555555555552,0.11338234234463297
8,3,17,110100000001011101000001101000,0.4318181818181819,0.5635909830982034,0.43199998140335083,11,"[0, 1, 3, 11, 13, 14, 15, 17, 23, 24, 26]",11,"[0, 1, 3, 11, 13, 14, 15, 17, 23, 24, 26]",0,[],0.5635909830982034,0.05090028310406189,0.2256109108710434,19.646256150591018,0.5681818181818181,0.04425123966942148,0.21035978624590176,0.5681818181818181,0.04425123966942148,0.21035978624590176
8,3,18,001110101101111010101001101010,0.41294117647058826,0.6230794419260586,0.4179999828338623,17,"[2, 3, 4, 6, 8, 9, 11, 12, 13, 14, 16, 18, 20, 23, 24, 26, 28]",17,"[2, 3, 4, 6, 8, 9, 11, 12, 13, 14, 16, 18, 20, 23, 24, 26, 28]",0,[],0.6230794419260586,0.02958334945962297,0.17199810888385653,33.80279847502923,0.5870588235294117,0.026526643598615916,0.16287002056430128,0.5870588235294117,0.026526643598615916,0.16287002056430128
8,3,19,101001000011000011001101100101,0.46615384615384614,0.532799169421196,0.453499972820282,13,"[0, 2, 5, 10, 11, 16, 17, 20, 21, 23, 24, 27, 29]",13,"[0, 2, 5, 10, 11, 16, 17, 20, 21, 23, 24, 27, 29]",0,[],0.532799169421196,0.023877757652073776,0.15452429469851586,41.87997945917465,0.5338461538461539,0.03988520710059171,0.1997128115584769,0.5338461538461539,0.03988520710059171,0.1997128115584769
8,3,20,111001001011111100001000101101,0.41375000000000006,0.5796632338315248,0.4244999885559082,16,"[0, 1, 2, 5, 8, 10, 11, 12, 13, 14, 15, 20, 24, 26, 27, 29]",16,"[0, 1, 2, 5, 8, 10, 11, 12, 13, 14, 15, 20, 24, 26, 27, 29]",0,[],0.5796632338315248,0.026786029760077483,0.16366438146425594,37.33289363735506,0.5862499999999999,0.03022343749999999,0.17384889272008605,0.5862499999999999,0.03022343749999999,0.17384889272008605
8,3,21,000000100001010000000001111111,0.4640000000000001,0.5160563677549362,0.5634999871253967,10,"[6, 11, 13, 23, 24, 25, 26, 27, 28, 29]",10,"[6, 11, 13, 23, 24, 25, 26, 27, 28, 29]",0,[],0.5160563677549362,0.015011630930793284,0.12252196101431484,66.61501369239667,0.5359999999999999,0.037484,0.1936078510804766,0.5359999999999999,0.037484,0.1936078510804766
8,3,22,101101110011011011111001111111,0.4640909090909091,0.5391222638162699,0.42250001430511475,22,"[0, 2, 3, 5, 6, 7, 10, 11, 13, 14, 16, 17, 18, 19, 20, 23, 24, 25, 26, 27, 28, 29]",22,"[0, 2, 3, 5, 6, 7, 10, 11, 13, 14, 16, 17, 18, 19, 20, 23, 24, 25, 26, 27, 28, 29]",0,[],0.5391222638162699,0.03122623585435328,0.17670946735914655,32.02435300444927,0.5359090909090909,0.03515144628099173,0.18748718964503078,0.5359090909090909,0.03515144628099173,0.18748718964503078
8,3,23,100000101101111101001001001111,0.44125000000000003,0.5692811170592904,0.4039999842643738,16,"[0, 6, 8, 9, 11, 12, 13, 14, 15, 17, 20, 23, 26, 27, 28, 29]",16,"[0, 6, 8, 9, 11, 12, 13, 14, 15, 17, 20, 23, 26, 27, 28, 29]",0,[],0.5692811170592904,0.037211184737282896,0.19290200812143687,26.873640467514406,0.55875,0.0349359375,0.18691157668801578,0.55875,0.0349359375,0.18691157668801578
8,3,24,100110100011000001000101111101,0.47285714285714286,0.5340479473982539,0.42750000953674316,14,"[0, 3, 4, 6, 10, 11, 17, 21, 23, 24, 25, 26, 27, 29]",14,"[0, 3, 4, 6, 10, 11, 17, 21, 23, 24, 25, 26, 27, 29]",0,[],0.5340479473982539,0.03319939777780831,0.18220701901356134,30.12102829974936,0.5271428571428571,0.04459183673469387,0.2111677928442069,0.5271428571428571,0.04459183673469387,0.2111677928442069
8,4,0,011001001011101010100100000100,0.3666666666666667,0.6397787481546402,0.4455000162124634,12,"[1, 2, 5, 8, 10, 11, 12, 14, 16, 18, 21, 27]",12,"[1, 2, 5, 8, 10, 11, 12, 14, 16, 18, 21, 27]",0,[],0.6397787481546402,0.02324710351758097,0.1524700085839211,43.01611163058379,0.6333333333333333,0.012855555555555552,0.11338234234463297,0.6333333333333333,0.012855555555555552,0.11338234234463297
8,4,1,101000110101010001101100111101,0.474375,0.5042362669482827,0.5575000047683716,16,"[0, 2, 6, 7, 9, 11, 13, 17, 18, 20, 21, 24, 25, 26, 27, 29]",16,"[0, 2, 6, 7, 9, 11, 13, 17, 18, 20, 21, 24, 25, 26, 27, 29]",0,[],0.5042362669482827,0.020426783942234114,0.14292230036713693,48.95533250990211,0.525625,0.035499609375,0.18841340020019806,0.525625,0.035499609375,0.18841340020019806
8,4,2,100000110101010101101000111111,0.505625,0.49430392775684595,0.5230000019073486,16,"[0, 6, 7, 9, 11, 13, 15, 17, 18, 20, 24, 25, 26, 27, 28, 29]",16,"[0, 6, 7, 9, 11, 13, 15, 17, 18, 20, 24, 25, 26, 27, 28, 29]",0,[],0.49430392775684595,0.018655867728701578,0.13658648442910293,53.60243836106993,0.494375,0.034424609375,0.18553870047782484,0.494375,0.034424609375,0.18553870047782484
8,4,3,100001000011001011001101100101,0.4684615384615385,0.5450762682236158,0.3604999780654907,13,"[0, 5, 10, 11, 14, 16, 17, 20, 21, 23, 24, 27, 29]",13,"[0, 5, 10, 11, 14, 16, 17, 20, 21, 23, 24, 27, 29]",0,[],0.5450762682236158,0.030232682525912453,0.1738754799444489,33.07678698848173,0.5315384615384615,0.03959763313609467,0.19899154036313874,0.5315384615384615,0.03959763313609467,0.19899154036313874
8,4,4,001110101101111001101001001010,0.4025000000000001,0.5933252638205886,0.4190000295639038,16,"[2, 3, 4, 6, 8, 9, 11, 12, 13, 14, 17, 18, 20, 23, 26, 28]",16,"[2, 3, 4, 6, 8, 9, 11, 12, 13, 14, 17, 18, 20, 23, 26, 28]",0,[],0.5933252638205886,0.043625747958064204,0.20886777625585093,22.922243097385117,0.5974999999999999,0.026743749999999997,0.16353516441426288,0.5974999999999999,0.026743749999999997,0.16353516441426288
8,4,5,011001001011001010100100000100,0.3727272727272727,0.6293599117885936,0.45399999618530273,11,"[1, 2, 5, 8, 10, 11, 14, 16, 18, 21, 27]",11,"[1, 2, 5, 8, 10, 11, 14, 16, 18, 21, 27]",0,[],0.6293599117885936,0.024057850749964336,0.15510593396116196,41.56647284884675,0.6272727272727273,0.01358347107438016,0.11654814916754432,0.6272727272727273,0.01358347107438016,0.11654814916754432
8,4,6,001110101101111010101001101010,0.41294117647058826,0.6230794419260586,0.4179999828338623,17,"[2, 3, 4, 6, 8, 9, 11, 12, 13, 14, 16, 18, 20, 23, 24, 26, 28]",17,"[2, 3, 4, 6, 8, 9, 11, 12, 13, 14, 16, 18, 20, 23, 24, 26, 28]",0,[],0.6230794419260586,0.02958334945962297,0.17199810888385653,33.80279847502923,0.5870588235294117,0.026526643598615916,0.16287002056430128,0.5870588235294117,0.026526643598615916,0.16287002056430128
8,4,7,011001001011010000000000010100,0.39555555555555566,0.5659908122486539,0.44450002908706665,9,"[1, 2, 5, 8, 10, 11, 13, 25, 27]",9,"[1, 2, 5, 8, 10, 11, 13, 25, 27]",0,[],0.5659908122486539,0.020648442849077412,0.14369566050885954,48.429802058641954,0.6044444444444443,0.017980246913580248,0.1340904430359608,0.6044444444444443,0.017980246913580248,0.1340904430359608
8,4,8,100000100101011011111001111111,0.48,0.5170741751790047,0.3934999704360962,18,"[0, 6, 9, 11, 13, 14, 16, 17, 18, 19, 20, 23, 24, 25, 26, 27, 28, 29]",18,"[0, 6, 9, 11, 13, 14, 16, 17, 18, 19, 20, 23, 24, 25, 26, 27, 28, 29]",0,[],0.5170741751790047,0.027795264044785925,0.16671911721451121,35.97735205496595,0.52,0.03608888888888888,0.18997075798366675,0.52,0.03608888888888888,0.18997075798366675
8,4,9,001001000111110101101001101010,0.42866666666666653,0.5076934029658635,0.5,15,"[2, 5, 9, 10, 11, 12, 13, 15, 17, 18, 20, 23, 24, 26, 28]",15,"[2, 5, 9, 10, 11, 12, 13, 15, 17, 18, 20, 23, 24, 26, 28]",0,[],0.5076934029658635,0.026827293325048948,0.16379039448346458,37.27547121074226,0.5713333333333335,0.03049155555555555,0.1746183139179724,0.5713333333333335,0.03049155555555555,0.1746183139179724
8,4,10,100110100011000001000101111111,0.488,0.5322755962610245,0.3840000033378601,15,"[0, 3, 4, 6, 10, 11, 17, 21, 23, 24, 25, 26, 27, 28, 29]",15,"[0, 3, 4, 6, 10, 11, 17, 21, 23, 24, 25, 26, 27, 28, 29]",0,[],0.5322755962610245,0.03103008179237202,0.17615357445244198,32.22679226858581,0.512,0.04482933333333332,0.21172938703291358,0.512,0.04482933333333332,0.21172938703291358
8,4,11,100000100101010101101001111111,0.485,0.5017744647338986,0.46549999713897705,16,"[0, 6, 9, 11, 13, 15, 17, 18, 20, 23, 24, 25, 26, 27, 28, 29]",16,"[0, 6, 9, 11, 13, 15, 17, 18, 20, 23, 24, 25, 26, 27, 28, 29]",0,[],0.5017744647338986,0.020961539845712633,0.14478100650883952,47.70641886810309,0.515,0.037325,0.19319679086361657,0.515,0.037325,0.19319679086361657
8,4,12,110100000001011101000001101000,0.4318181818181819,0.5635909830982034,0.43199998140335083,11,"[0, 1, 3, 11, 13, 14, 15, 17, 23, 24, 26]",11,"[0, 1, 3, 11, 13, 14, 15, 17, 23, 24, 26]",0,[],0.5635909830982034,0.05090028310406189,0.2256109108710434,19.646256150591018,0.5681818181818181,0.04425123966942148,0.21035978624590176,0.5681818181818181,0.04425123966942148,0.21035978624590176
8,4,13,001001001011101010100100101111,0.41866666666666674,0.5856218059857686,0.4085000157356262,15,"[2, 5, 8, 10, 11, 12, 14, 16, 18, 21, 24, 26, 27, 28, 29]",15,"[2, 5, 8, 10, 11, 12, 14, 16, 18, 21, 24, 26, 27, 28, 29]",0,[],0.5856218059857686,0.02860390143830293,0.16912687970367965,34.9602658978862,0.5813333333333333,0.029131555555555553,0.1706796870033325,0.5813333333333333,0.029131555555555553,0.1706796870033325
8,4,14,001001001010010101000111101111,0.45933333333333337,0.5413300305604934,0.4710000157356262,15,"[2, 5, 8, 10, 13, 15, 17, 21, 22, 23, 24, 26, 27, 28, 29]",15,"[2, 5, 8, 10, 13, 15, 17, 21, 22, 23, 24, 26, 27, 28, 29]",0,[],0.5413300305604934,0.03288681142309464,0.18134721233891254,30.40732612033509,0.5406666666666666,0.03403288888888889,0.1844800501108152,0.5406666666666666,0.03403288888888889,0.1844800501108152
8,4,15,100000101101111101001001001111,0.44125000000000003,0.5692811170592904,0.4039999842643738,16,"[0, 6, 8, 9, 11, 12, 13, 14, 15, 17, 20, 23, 26, 27, 28, 29]",16,"[0, 6, 8, 9, 11, 12, 13, 14, 15, 17, 20, 23, 26, 27, 28, 29]",0,[],0.5692811170592904,0.037211184737282896,0.19290200812143687,26.873640467514406,0.55875,0.0349359375,0.18691157668801578,0.55875,0.0349359375,0.18691157668801578
8,4,16,111101110011010101011111010001,0.4531578947368422,0.5588432464160418,0.48750001192092896,19,"[0, 1, 2, 3, 5, 6, 7, 10, 11, 13, 15, 17, 19, 20, 21, 22, 23, 25, 29]",19,"[0, 1, 2, 3, 5, 6, 7, 10, 11, 13, 15, 17, 19, 20, 21, 22, 23, 25, 29]",0,[],0.5588432464160418,0.027002291756611035,0.16432374069686656,37.033893604796255,0.5468421052631578,0.03289529085872576,0.18137058983949342,0.5468421052631578,0.03289529085872576,0.18137058983949342
8,4,17,101001001011100101010100101011,0.45533333333333337,0.5245556781689326,0.49550002813339233,15,"[0, 2, 5, 8, 10, 11, 12, 15, 17, 19, 21, 24, 26, 28, 29]",15,"[0, 2, 5, 8, 10, 11, 12, 15, 17, 19, 21, 24, 26, 28, 29]",0,[],0.5245556781689326,0.034584451495573675,0.18596895304209698,28.914727767996727,0.5446666666666666,0.04121155555555556,0.2030062943742276,0.5446666666666666,0.04121155555555556,0.2030062943742276
8,4,18,110001001000101101111011110100,0.4437500000000001,0.5741749359294772,0.37300002574920654,16,"[0, 1, 5, 8, 12, 14, 15, 17, 18, 19, 20, 22, 23, 24, 25, 27]",16,"[0, 1, 5, 8, 12, 14, 15, 17, 18, 19, 20, 22, 23, 24, 25, 27]",0,[],0.5741749359294772,0.03456180106776357,0.1859080446558555,28.933677328891246,0.5562499999999999,0.034160937499999995,0.18482677701025899,0.5562499999999999,0.034160937499999995,0.18482677701025899
8,4,19,100100110101010101101001111111,0.47611111111111115,0.5284227240416739,0.4869999885559082,18,"[0, 3, 6, 7, 9, 11, 13, 15, 17, 18, 20, 23, 24, 25, 26, 27, 28, 29]",18,"[0, 3, 6, 7, 9, 11, 13, 15, 17, 18, 20, 23, 24, 25, 26, 27, 28, 29]",0,[],0.5284227240416739,0.02678083191241261,0.16364850110041523,37.340139517343054,0.5238888888888888,0.037612654320987655,0.1939398213905222,0.5238888888888888,0.037612654320987655,0.1939398213905222
8,4,20,110100111000011101101001011101,0.4376470588235295,0.5830884374239865,0.3725000023841858,17,"[0, 1, 3, 6, 7, 8, 13, 14, 15, 17, 18, 20, 23, 25, 26, 27, 29]",17,"[0, 1, 3, 6, 7, 8, 13, 14, 15, 17, 18, 20, 23, 25, 26, 27, 29]",0,[],0.5830884374239865,0.040037604413976025,0.2000939889501332,24.976519315699306,0.5623529411764705,0.03346505190311418,0.1829345563394576,0.5623529411764705,0.03346505190311418,0.1829345563394576
8,4,21,110000000111011100011001110110,0.46399999999999997,0.5545852363109589,0.4190000295639038,15,"[0, 1, 9, 10, 11, 13, 14, 15, 19, 20, 23, 24, 25, 27, 28]",15,"[0, 1, 9, 10, 11, 13, 14, 15, 19, 20, 23, 24, 25, 27, 28]",0,[],0.5545852363109589,0.0163781481146498,0.12797713903135122,61.05696401081681,0.536,0.031917333333333325,0.17865422842276452,0.536,0.031917333333333325,0.17865422842276452
8,4,22,100110100011000001000101111101,0.47285714285714286,0.5340479473982539,0.42750000953674316,14,"[0, 3, 4, 6, 10, 11, 17, 21, 23, 24, 25, 26, 27, 29]",14,"[0, 3, 4, 6, 10, 11, 17, 21, 23, 24, 25, 26, 27, 29]",0,[],0.5340479473982539,0.03319939777780831,0.18220701901356134,30.12102829974936,0.5271428571428571,0.04459183673469387,0.2111677928442069,0.5271428571428571,0.04459183673469387,0.2111677928442069
8,4,23,111100000011001111001011011001,0.45999999999999996,0.5802257163450122,0.36500000953674316,16,"[0, 1, 2, 3, 10, 11, 14, 15, 16, 17, 20, 22, 23, 25, 26, 29]",16,"[0, 1, 2, 3, 10, 11, 14, 15, 16, 17, 20, 22, 23, 25, 26, 29]",0,[],0.5802257163450122,0.03919855737988317,0.19798625553275956,25.51114293081621,0.54,0.0393125,0.19827380058898353,0.54,0.0393125,0.19827380058898353
8,4,24,110001001011101010100101011111,0.4241176470588237,0.5840927099480349,0.3799999952316284,17,"[0, 1, 5, 8, 10, 11, 12, 14, 16, 18, 21, 23, 25, 26, 27, 28, 29]",17,"[0, 1, 5, 8, 10, 11, 12, 14, 16, 18, 21, 23, 25, 26, 27, 28, 29]",0,[],0.5840927099480349,0.02622061489849837,0.1619278076752056,38.13793093224786,0.5758823529411763,0.03530657439446366,0.18790043745149626,0.5758823529411763,0.03530657439446366,0.18790043745149626
8,4,25,111001001011111100001000101101,0.41375000000000006,0.5796632338315248,0.4244999885559082,16,"[0, 1, 2, 5, 8, 10, 11, 12, 13, 14, 15, 20, 24, 26, 27, 29]",16,"[0, 1, 2, 5, 8, 10, 11, 12, 13, 14, 15, 20, 24, 26, 27, 29]",0,[],0.5796632338315248,0.026786029760077483,0.16366438146425594,37.33289363735506,0.5862499999999999,0.03022343749999999,0.17384889272008605,0.5862499999999999,0.03022343749999999,0.17384889272008605
8,4,26,101101110011011011111001111111,0.4640909090909091,0.5391222638162699,0.42250001430511475,22,"[0, 2, 3, 5, 6, 7, 10, 11, 13, 14, 16, 17, 18, 19, 20, 23, 24, 25, 26, 27, 28, 29]",22,"[0, 2, 3, 5, 6, 7, 10, 11, 13, 14, 16, 17, 18, 19, 20, 23, 24, 25, 26, 27, 28, 29]",0,[],0.5391222638162699,0.03122623585435328,0.17670946735914655,32.02435300444927,0.5359090909090909,0.03515144628099173,0.18748718964503078,0.5359090909090909,0.03515144628099173,0.18748718964503078
8,4,27,101101110011010101101001111111,0.46650000000000014,0.5290873043239117,0.4919999837875366,20,"[0, 2, 3, 5, 6, 7, 10, 11, 13, 15, 17, 18, 20, 23, 24, 25, 26, 27, 28, 29]",20,"[0, 2, 3, 5, 6, 7, 10, 11, 13, 15, 17, 18, 20, 23, 24, 25, 26, 27, 28, 29]",0,[],0.5290873043239117,0.026680033349774805,0.16334023799962705,37.48121251911556,0.5334999999999999,0.03616275,0.19016505988219812,0.5334999999999999,0.03616275,0.19016505988219812
8,4,28,000000100001101000100101111111,0.42461538461538473,0.5742926001548767,0.40799999237060547,13,"[6, 11, 12, 14, 18, 21, 23, 24, 25, 26, 27, 28, 29]",13,"[6, 11, 12, 14, 18, 21, 23, 24, 25, 26, 27, 28, 29]",0,[],0.5742926001548767,0.02410356819212617,0.1552532389102597,41.48763336735623,0.5753846153846153,0.033224852071005916,0.18227685555496592,0.5753846153846153,0.033224852071005916,0.18227685555496592
8,4,29,101001000011000011001101100101,0.46615384615384614,0.532799169421196,0.453499972820282,13,"[0, 2, 5, 10, 11, 16, 17, 20, 21, 23, 24, 27, 29]",13,"[0, 2, 5, 10, 11, 16, 17, 20, 21, 23, 24, 27, 29]",0,[],0.532799169421196,0.023877757652073776,0.15452429469851586,41.87997945917465,0.5338461538461539,0.03988520710059171,0.1997128115584769,0.5338461538461539,0.03988520710059171,0.1997128115584769
8,5,0,101000110101010001101100111101,0.474375,0.5042362669482827,0.5575000047683716,16,"[0, 2, 6, 7, 9, 11, 13, 17, 18, 20, 21, 24, 25, 26, 27, 29]",16,"[0, 2, 6, 7, 9, 11, 13, 17, 18, 20, 21, 24, 25, 26, 27, 29]",0,[],0.5042362669482827,0.020426783942234114,0.14292230036713693,48.95533250990211,0.525625,0.035499609375,0.18841340020019806,0.525625,0.035499609375,0.18841340020019806
8,5,1,100001000011001011001101100101,0.4684615384615385,0.5450762682236158,0.3604999780654907,13,"[0, 5, 10, 11, 14, 16, 17, 20, 21, 23, 24, 27, 29]",13,"[0, 5, 10, 11, 14, 16, 17, 20, 21, 23, 24, 27, 29]",0,[],0.5450762682236158,0.030232682525912453,0.1738754799444489,33.07678698848173,0.5315384615384615,0.03959763313609467,0.19899154036313874,0.5315384615384615,0.03959763313609467,0.19899154036313874
8,5,2,100000110101010101101000111111,0.505625,0.49430392775684595,0.5230000019073486,16,"[0, 6, 7, 9, 11, 13, 15, 17, 18, 20, 24, 25, 26, 27, 28, 29]",16,"[0, 6, 7, 9, 11, 13, 15, 17, 18, 20, 24, 25, 26, 27, 28, 29]",0,[],0.49430392775684595,0.018655867728701578,0.13658648442910293,53.60243836106993,0.494375,0.034424609375,0.18553870047782484,0.494375,0.034424609375,0.18553870047782484
8,5,3,001110101101111001101001001010,0.4025000000000001,0.5933252638205886,0.4190000295639038,16,"[2, 3, 4, 6, 8, 9, 11, 12, 13, 14, 17, 18, 20, 23, 26, 28]",16,"[2, 3, 4, 6, 8, 9, 11, 12, 13, 14, 17, 18, 20, 23, 26, 28]",0,[],0.5933252638205886,0.043625747958064204,0.20886777625585093,22.922243097385117,0.5974999999999999,0.026743749999999997,0.16353516441426288,0.5974999999999999,0.026743749999999997,0.16353516441426288
8,5,4,011001000011101000011100000100,0.3336363636363636,0.5911119986664165,0.42650002241134644,11,"[1, 2, 5, 10, 11, 12, 14, 19, 20, 21, 27]",11,"[1, 2, 5, 10, 11, 12, 14, 19, 20, 21, 27]",0,[],0.5911119986664165,0.022410706145179447,0.14970205791898603,44.62153015268108,0.6663636363636364,0.008568595041322314,0.0925667059007844,0.6663636363636364,0.008568595041322314,0.0925667059007844
8,5,5,011001001011010000000000010100,0.39555555555555566,0.5659908122486539,0.44450002908706665,9,"[1, 2, 5, 8, 10, 11, 13, 25, 27]",9,"[1, 2, 5, 8, 10, 11, 13, 25, 27]",0,[],0.5659908122486539,0.020648442849077412,0.14369566050885954,48.429802058641954,0.6044444444444443,0.017980246913580248,0.1340904430359608,0.6044444444444443,0.017980246913580248,0.1340904430359608
8,5,6,001001000111110101101001101010,0.42866666666666653,0.5076934029658635,0.5,15,"[2, 5, 9, 10, 11, 12, 13, 15, 17, 18, 20, 23, 24, 26, 28]",15,"[2, 5, 9, 10, 11, 12, 13, 15, 17, 18, 20, 23, 24, 26, 28]",0,[],0.5076934029658635,0.026827293325048948,0.16379039448346458,37.27547121074226,0.5713333333333335,0.03049155555555555,0.1746183139179724,0.5713333333333335,0.03049155555555555,0.1746183139179724
8,5,7,100000100101011011111001111111,0.48,0.5170741751790047,0.3934999704360962,18,"[0, 6, 9, 11, 13, 14, 16, 17, 18, 19, 20, 23, 24, 25, 26, 27, 28, 29]",18,"[0, 6, 9, 11, 13, 14, 16, 17, 18, 19, 20, 23, 24, 25, 26, 27, 28, 29]",0,[],0.5170741751790047,0.027795264044785925,0.16671911721451121,35.97735205496595,0.52,0.03608888888888888,0.18997075798366675,0.52,0.03608888888888888,0.18997075798366675
8,5,8,101001001000101101111001001010,0.4099999999999999,0.5605511761137417,0.4309999942779541,14,"[0, 2, 5, 8, 12, 14, 15, 17, 18, 19, 20, 23, 26, 28]",14,"[0, 2, 5, 8, 12, 14, 15, 17, 18, 19, 20, 23, 26, 28]",0,[],0.5605511761137417,0.04546569461991474,0.213226861862934,21.9946051272245,0.5900000000000001,0.03508571428571428,0.18731181032095728,0.5900000000000001,0.03508571428571428,0.18731181032095728
8,5,9,100000100101010101101001111111,0.485,0.5017744647338986,0.46549999713897705,16,"[0, 6, 9, 11, 13, 15, 17, 18, 20, 23, 24, 25, 26, 27, 28, 29]",16,"[0, 6, 9, 11, 13, 15, 17, 18, 20, 23, 24, 25, 26, 27, 28, 29]",0,[],0.5017744647338986,0.020961539845712633,0.14478100650883952,47.70641886810309,0.515,0.037325,0.19319679086361657,0.515,0.037325,0.19319679086361657
8,5,10,101001001011100101010100101011,0.45533333333333337,0.5245556781689326,0.49550002813339233,15,"[0, 2, 5, 8, 10, 11, 12, 15, 17, 19, 21, 24, 26, 28, 29]",15,"[0, 2, 5, 8, 10, 11, 12, 15, 17, 19, 21, 24, 26, 28, 29]",0,[],0.5245556781689326,0.034584451495573675,0.18596895304209698,28.914727767996727,0.5446666666666666,0.04121155555555556,0.2030062943742276,0.5446666666666666,0.04121155555555556,0.2030062943742276
8,5,11,100110100011000001000101111111,0.488,0.5322755962610245,0.3840000033378601,15,"[0, 3, 4, 6, 10, 11, 17, 21, 23, 24, 25, 26, 27, 28, 29]",15,"[0, 3, 4, 6, 10, 11, 17, 21, 23, 24, 25, 26, 27, 28, 29]",0,[],0.5322755962610245,0.03103008179237202,0.17615357445244198,32.22679226858581,0.512,0.04482933333333332,0.21172938703291358,0.512,0.04482933333333332,0.21172938703291358
8,5,12,111100000011001111001011011001,0.45999999999999996,0.5802257163450122,0.36500000953674316,16,"[0, 1, 2, 3, 10, 11, 14, 15, 16, 17, 20, 22, 23, 25, 26, 29]",16,"[0, 1, 2, 3, 10, 11, 14, 15, 16, 17, 20, 22, 23, 25, 26, 29]",0,[],0.5802257163450122,0.03919855737988317,0.19798625553275956,25.51114293081621,0.54,0.0393125,0.19827380058898353,0.54,0.0393125,0.19827380058898353
8,5,13,110001001011101010100101011111,0.4241176470588237,0.5840927099480349,0.3799999952316284,17,"[0, 1, 5, 8, 10, 11, 12, 14, 16, 18, 21, 23, 25, 26, 27, 28, 29]",17,"[0, 1, 5, 8, 10, 11, 12, 14, 16, 18, 21, 23, 25, 26, 27, 28, 29]",0,[],0.5840927099480349,0.02622061489849837,0.1619278076752056,38.13793093224786,0.5758823529411763,0.03530657439446366,0.18790043745149626,0.5758823529411763,0.03530657439446366,0.18790043745149626
8,5,14,001001001111110101101001101010,0.420625,0.5299625666812062,0.4819999933242798,16,"[2, 5, 8, 9, 10, 11, 12, 13, 15, 17, 18, 20, 23, 24, 26, 28]",16,"[2, 5, 8, 9, 10, 11, 12, 13, 15, 17, 18, 20, 23, 24, 26, 28]",0,[],0.5299625666812062,0.03258932228094442,0.1805251292228991,30.684897077001157,0.579375,0.029555859374999997,0.17191817639505136,0.579375,0.029555859374999997,0.17191817639505136
8,5,15,000000100001101000100101111111,0.42461538461538473,0.5742926001548767,0.40799999237060547,13,"[6, 11, 12, 14, 18, 21, 23, 24, 25, 26, 27, 28, 29]",13,"[6, 11, 12, 14, 18, 21, 23, 24, 25, 26, 27, 28, 29]",0,[],0.5742926001548767,0.02410356819212617,0.1552532389102597,41.48763336735623,0.5753846153846153,0.033224852071005916,0.18227685555496592,0.5753846153846153,0.033224852071005916,0.18227685555496592
8,5,16,011001001011010011001100010100,0.4161538461538462,0.5495302184269979,0.421999990940094,13,"[1, 2, 5, 8, 10, 11, 13, 16, 17, 20, 21, 25, 27]",13,"[1, 2, 5, 8, 10, 11, 13, 16, 17, 20, 21, 25, 27]",0,[],0.5495302184269979,0.031649792018336446,0.1779038842137418,31.59578424466883,0.5838461538461538,0.026485207100591712,0.16274276358902018,0.5838461538461538,0.026485207100591712,0.16274276358902018
8,5,17,001001001010010101000111101111,0.45933333333333337,0.5413300305604934,0.4710000157356262,15,"[2, 5, 8, 10, 13, 15, 17, 21, 22, 23, 24, 26, 27, 28, 29]",15,"[2, 5, 8, 10, 13, 15, 17, 21, 22, 23, 24, 26, 27, 28, 29]",0,[],0.5413300305604934,0.03288681142309464,0.18134721233891254,30.40732612033509,0.5406666666666666,0.03403288888888889,0.1844800501108152,0.5406666666666666,0.03403288888888889,0.1844800501108152
8,5,18,110100111000011101101001011101,0.4376470588235295,0.5830884374239865,0.3725000023841858,17,"[0, 1, 3, 6, 7, 8, 13, 14, 15, 17, 18, 20, 23, 25, 26, 27, 29]",17,"[0, 1, 3, 6, 7, 8, 13, 14, 15, 17, 18, 20, 23, 25, 26, 27, 29]",0,[],0.5830884374239865,0.040037604413976025,0.2000939889501332,24.976519315699306,0.5623529411764705,0.03346505190311418,0.1829345563394576,0.5623529411764705,0.03346505190311418,0.1829345563394576
8,5,19,110101011011100101110101101101,0.41052631578947385,0.5547860931409033,0.4190000295639038,19,"[0, 1, 3, 5, 7, 8, 10, 11, 12, 15, 17, 18, 19, 21, 23, 24, 26, 27, 29]",19,"[0, 1, 3, 5, 7, 8, 10, 11, 12, 15, 17, 18, 19, 21, 23, 24, 26, 27, 29]",0,[],0.5547860931409033,0.03495708382285026,0.18696813584900038,28.606505195560217,0.5894736842105261,0.035710249307479215,0.18897155687425346,0.5894736842105261,0.035710249307479215,0.18897155687425346
8,5,20,101101110011011011111001111111,0.4640909090909091,0.5391222638162699,0.42250001430511475,22,"[0, 2, 3, 5, 6, 7, 10, 11, 13, 14, 16, 17, 18, 19, 20, 23, 24, 25, 26, 27, 28, 29]",22,"[0, 2, 3, 5, 6, 7, 10, 11, 13, 14, 16, 17, 18, 19, 20, 23, 24, 25, 26, 27, 28, 29]",0,[],0.5391222638162699,0.03122623585435328,0.17670946735914655,32.02435300444927,0.5359090909090909,0.03515144628099173,0.18748718964503078,0.5359090909090909,0.03515144628099173,0.18748718964503078
8,5,21,100100110101010101101001111111,0.47611111111111115,0.5284227240416739,0.4869999885559082,18,"[0, 3, 6, 7, 9, 11, 13, 15, 17, 18, 20, 23, 24, 25, 26, 27, 28, 29]",18,"[0, 3, 6, 7, 9, 11, 13, 15, 17, 18, 20, 23, 24, 25, 26, 27, 28, 29]",0,[],0.5284227240416739,0.02678083191241261,0.16364850110041523,37.340139517343054,0.5238888888888888,0.037612654320987655,0.1939398213905222,0.5238888888888888,0.037612654320987655,0.1939398213905222
8,5,22,001000100101011111111001101111,0.4461111111111111,0.5423029851582315,0.45399999618530273,18,"[2, 6, 9, 11, 13, 14, 15, 16, 17, 18, 19, 20, 23, 24, 26, 27, 28, 29]",18,"[2, 6, 9, 11, 13, 14, 15, 16, 17, 18, 19, 20, 23, 24, 26, 27, 28, 29]",0,[],0.5423029851582315,0.03136887790473321,0.1771126136240251,31.87873034658697,0.5538888888888889,0.028145987654320984,0.1677676597390599,0.5538888888888889,0.028145987654320984,0.1677676597390599
8,5,23,011000001011111111101001001110,0.4041176470588236,0.5814810947460287,0.4020000100135803,17,"[1, 2, 8, 10, 11, 12, 13, 14, 15, 16, 17, 18, 20, 23, 26, 27, 28]",17,"[1, 2, 8, 10, 11, 12, 13, 14, 15, 16, 17, 18, 20, 23, 26, 27, 28]",0,[],0.5814810947460287,0.03827194876659573,0.19563217722704956,26.128797519524625,0.5958823529411764,0.02563598615916954,0.1601124172547824,0.5958823529411764,0.02563598615916954,0.1601124172547824
8,5,24,100110100011000001000101111101,0.47285714285714286,0.5340479473982539,0.42750000953674316,14,"[0, 3, 4, 6, 10, 11, 17, 21, 23, 24, 25, 26, 27, 29]",14,"[0, 3, 4, 6, 10, 11, 17, 21, 23, 24, 25, 26, 27, 29]",0,[],0.5340479473982539,0.03319939777780831,0.18220701901356134,30.12102829974936,0.5271428571428571,0.04459183673469387,0.2111677928442069,0.5271428571428571,0.04459183673469387,0.2111677928442069
8,5,25,100001001000101101111011110100,0.45333333333333337,0.5680088192224503,0.3865000009536743,15,"[0, 5, 8, 12, 14, 15, 17, 18, 19, 20, 22, 23, 24, 25, 27]",15,"[0, 5, 8, 12, 14, 15, 17, 18, 19, 20, 22, 23, 24, 25, 27]",0,[],0.5680088192224503,0.036257585215032966,0.1904142463552372,27.58043576452478,0.5466666666666666,0.03496888888888889,0.18699970291123164,0.5466666666666666,0.03496888888888889,0.18699970291123164
8,5,26,110001001000101101111011110100,0.4437500000000001,0.5741749359294772,0.37300002574920654,16,"[0, 1, 5, 8, 12, 14, 15, 17, 18, 19, 20, 22, 23, 24, 25, 27]",16,"[0, 1, 5, 8, 12, 14, 15, 17, 18, 19, 20, 22, 23, 24, 25, 27]",0,[],0.5741749359294772,0.03456180106776357,0.1859080446558555,28.933677328891246,0.5562499999999999,0.034160937499999995,0.18482677701025899,0.5562499999999999,0.034160937499999995,0.18482677701025899
8,5,27,100000101101111101001001001111,0.44125000000000003,0.5692811170592904,0.4039999842643738,16,"[0, 6, 8, 9, 11, 12, 13, 14, 15, 17, 20, 23, 26, 27, 28, 29]",16,"[0, 6, 8, 9, 11, 12, 13, 14, 15, 17, 20, 23, 26, 27, 28, 29]",0,[],0.5692811170592904,0.037211184737282896,0.19290200812143687,26.873640467514406,0.55875,0.0349359375,0.18691157668801578,0.55875,0.0349359375,0.18691157668801578
8,5,28,101110001101110001100100111101,0.44882352941176473,0.5518084177199531,0.40549999475479126,17,"[0, 2, 3, 4, 8, 9, 11, 12, 13, 17, 18, 21, 24, 25, 26, 27, 29]",17,"[0, 2, 3, 4, 8, 9, 11, 12, 13, 17, 18, 21, 24, 25, 26, 27, 29]",0,[],0.5518084177199531,0.034887993637694355,0.186783279866519,28.663155880639717,0.5511764705882353,0.037233910034602066,0.19296090286532674,0.5511764705882353,0.037233910034602066,0.19296090286532674
8,5,29,101001000011000011001101100101,0.46615384615384614,0.532799169421196,0.453499972820282,13,"[0, 2, 5, 10, 11, 16, 17, 20, 21, 23, 24, 27, 29]",13,"[0, 2, 5, 10, 11, 16, 17, 20, 21, 23, 24, 27, 29]",0,[],0.532799169421196,0.023877757652073776,0.15452429469851586,41.87997945917465,0.5338461538461539,0.03988520710059171,0.1997128115584769,0.5338461538461539,0.03988520710059171,0.1997128115584769
9,1,0,110001001000101101111011110100,0.459375,0.5520829735323787,0.36250001192092896,16,"[0, 1, 5, 8, 12, 14, 15, 17, 18, 19, 20, 22, 23, 24, 25, 27]",16,"[0, 1, 5, 8, 12, 14, 15, 17, 18, 19, 20, 22, 23, 24, 25, 27]",0,[],0.5520829735323787,0.051241833187199805,0.22636659026278547,19.51530493350499,0.540625,0.022518359374999998,0.15006118543780733,0.540625,0.022518359374999998,0.15006118543780733
9,1,1,110110000001101101000001101000,0.4291666666666666,0.5245707792540392,0.4664999842643738,12,"[0, 1, 3, 4, 11, 12, 14, 15, 17, 23, 24, 26]",12,"[0, 1, 3, 4, 11, 12, 14, 15, 17, 23, 24, 26]",0,[],0.5245707792540392,0.06385582064381311,0.2526970926698863,15.660279515911107,0.5708333333333334,0.03747430555555556,0.19358281317192277,0.5708333333333334,0.03747430555555556,0.19358281317192277
9,1,2,101011001010010010001100100001,0.5025,0.5301921268304189,0.39399999380111694,12,"[0, 2, 4, 5, 8, 10, 13, 16, 20, 21, 24, 29]",12,"[0, 2, 4, 5, 8, 10, 13, 16, 20, 21, 24, 29]",0,[],0.5301921268304189,0.04013177436390904,0.20032916503572074,24.917911451712722,0.4975,0.02016875,0.1420167243672378,0.4975,0.02016875,0.1420167243672378
9,1,3,111100001100010101000111111001,0.44562500000000005,0.5255334777757525,0.41600000858306885,16,"[0, 1, 2, 3, 8, 9, 13, 15, 17, 21, 22, 23, 24, 25, 26, 29]",16,"[0, 1, 2, 3, 8, 9, 13, 15, 17, 21, 22, 23, 24, 25, 26, 29]",0,[],0.5255334777757525,0.056112342040780944,0.2368804382822291,17.82139122393478,0.554375,0.034124609374999997,0.18472847472709777,0.554375,0.034124609374999997,0.18472847472709777
9,1,4,010110100011000011000000110000,0.506,0.5224107429385185,0.3799999952316284,10,"[1, 3, 4, 6, 10, 11, 16, 17, 24, 25]",10,"[1, 3, 4, 6, 10, 11, 16, 17, 24, 25]",0,[],0.5224107429385185,0.028514271259521672,0.16886169269411483,35.07015805869748,0.49400000000000005,0.023804,0.15428544973522293,0.49400000000000005,0.023804,0.15428544973522293
9,1,5,110100111000011000000001111101,0.4335714285714285,0.5497894925730569,0.3799999952316284,14,"[0, 1, 3, 6, 7, 8, 13, 14, 23, 24, 25, 26, 27, 29]",14,"[0, 1, 3, 6, 7, 8, 13, 14, 23, 24, 25, 26, 27, 29]",0,[],0.5497894925730569,0.055636856199700505,0.23587466205529686,17.973697083290322,0.5664285714285715,0.033637244897959176,0.18340459344836263,0.5664285714285715,0.033637244897959176,0.18340459344836263
9,1,6,111111101011110101010101000011,0.4515789473684212,0.5231668706002989,0.4100000262260437,19,"[0, 1, 2, 3, 4, 5, 6, 8, 10, 11, 12, 13, 15, 17, 19, 21, 23, 28, 29]",19,"[0, 1, 2, 3, 4, 5, 6, 8, 10, 11, 12, 13, 15, 17, 19, 21, 23, 28, 29]",0,[],0.5231668706002989,0.04545309265392433,0.21319730920892113,22.000703177975325,0.5484210526315788,0.02438171745152355,0.15614646154019485,0.5484210526315788,0.02438171745152355,0.15614646154019485
9,1,7,101111010110011100011001001001,0.43937499999999996,0.534053236246109,0.4599999785423279,16,"[0, 2, 3, 4, 5, 7, 9, 10, 13, 14, 15, 19, 20, 23, 26, 29]",16,"[0, 2, 3, 4, 5, 7, 9, 10, 13, 14, 15, 19, 20, 23, 26, 29]",0,[],0.534053236246109,0.05211148128583998,0.22827939303809264,19.18962914362071,0.560625,0.027918359375000004,0.1670878791983428,0.560625,0.027918359375000004,0.1670878791983428
9,1,8,100000100101010101101001111111,0.463125,0.4830418461933732,0.4570000171661377,16,"[0, 6, 9, 11, 13, 15, 17, 18, 20, 23, 24, 25, 26, 27, 28, 29]",16,"[0, 6, 9, 11, 13, 15, 17, 18, 20, 23, 24, 25, 26, 27, 28, 29]",0,[],0.4830418461933732,0.04052750770946276,0.2013144498277825,24.67459897038056,0.536875,0.028846484375000002,0.16984252816947823,0.536875,0.028846484375000002,0.16984252816947823
9,1,9,100111100111011101101110010101,0.47736842105263155,0.5361256936663076,0.40700000524520874,19,"[0, 3, 4, 5, 6, 9, 10, 11, 13, 14, 15, 17, 18, 20, 21, 22, 25, 27, 29]",19,"[0, 3, 4, 5, 6, 9, 10, 11, 13, 14, 15, 17, 18, 20, 21, 22, 25, 27, 29]",0,[],0.5361256936663076,0.04189725968419793,0.20468820113577121,23.867909441751927,0.5226315789473684,0.01997728531855955,0.14134102489567404,0.5226315789473684,0.01997728531855955,0.14134102489567404
9,1,10,110010101010111100000001011111,0.46124999999999994,0.5385927557945251,0.36949998140335083,16,"[0, 1, 4, 6, 8, 10, 12, 13, 14, 15, 23, 25, 26, 27, 28, 29]",16,"[0, 1, 4, 6, 8, 10, 12, 13, 14, 15, 23, 25, 26, 27, 28, 29]",0,[],0.5385927557945251,0.04511049933353084,0.2123923240927761,22.167788314785852,0.5387500000000001,0.028398437500000002,0.16851835953390953,0.5387500000000001,0.028398437500000002,0.16851835953390953
9,1,11,101001001011101010100100101001,0.4585714285714285,0.5458406060934067,0.37849998474121094,14,"[0, 2, 5, 8, 10, 11, 12, 14, 16, 18, 21, 24, 26, 29]",14,"[0, 2, 5, 8, 10, 11, 12, 14, 16, 18, 21, 24, 26, 29]",0,[],0.5458406060934067,0.05463878862246622,0.23374941416496903,18.302016300354488,0.5414285714285715,0.029040816326530616,0.17041366238224745,0.5414285714285715,0.029040816326530616,0.17041366238224745
9,1,12,110101110001011111000011001111,0.45666666666666655,0.5175706553790305,0.4100000262260437,18,"[0, 1, 3, 5, 6, 7, 11, 13, 14, 15, 16, 17, 22, 23, 26, 27, 28, 29]",18,"[0, 1, 3, 5, 6, 7, 11, 13, 14, 15, 16, 17, 22, 23, 26, 27, 28, 29]",0,[],0.5175706553790305,0.04852050392993312,0.2202737023113134,20.609843653810096,0.5433333333333334,0.02868888888888889,0.16937794687883334,0.5433333333333334,0.02868888888888889,0.16937794687883334
9,1,13,111101110011010101011111010001,0.46631578947368413,0.5020553744152972,0.43949997425079346,19,"[0, 1, 2, 3, 5, 6, 7, 10, 11, 13, 15, 17, 19, 20, 21, 22, 23, 25, 29]",19,"[0, 1, 2, 3, 5, 6, 7, 10, 11, 13, 15, 17, 19, 20, 21, 22, 23, 25, 29]",0,[],0.5020553744152972,0.04092039361838948,0.20228789785449222,24.437692592248272,0.5336842105263159,0.02282326869806094,0.15107371941559172,0.5336842105263159,0.02282326869806094,0.15107371941559172
9,2,0,110001001000101101111011110100,0.459375,0.5520829735323787,0.36250001192092896,16,"[0, 1, 5, 8, 12, 14, 15, 17, 18, 19, 20, 22, 23, 24, 25, 27]",16,"[0, 1, 5, 8, 12, 14, 15, 17, 18, 19, 20, 22, 23, 24, 25, 27]",0,[],0.5520829735323787,0.051241833187199805,0.22636659026278547,19.51530493350499,0.540625,0.022518359374999998,0.15006118543780733,0.540625,0.022518359374999998,0.15006118543780733
9,2,1,110110000001101101000001101000,0.4291666666666666,0.5245707792540392,0.4664999842643738,12,"[0, 1, 3, 4, 11, 12, 14, 15, 17, 23, 24, 26]",12,"[0, 1, 3, 4, 11, 12, 14, 15, 17, 23, 24, 26]",0,[],0.5245707792540392,0.06385582064381311,0.2526970926698863,15.660279515911107,0.5708333333333334,0.03747430555555556,0.19358281317192277,0.5708333333333334,0.03747430555555556,0.19358281317192277
9,2,2,111100001100010101000111111001,0.44562500000000005,0.5255334777757525,0.41600000858306885,16,"[0, 1, 2, 3, 8, 9, 13, 15, 17, 21, 22, 23, 24, 25, 26, 29]",16,"[0, 1, 2, 3, 8, 9, 13, 15, 17, 21, 22, 23, 24, 25, 26, 29]",0,[],0.5255334777757525,0.056112342040780944,0.2368804382822291,17.82139122393478,0.554375,0.034124609374999997,0.18472847472709777,0.554375,0.034124609374999997,0.18472847472709777
9,2,3,110100111000011000000001111101,0.4335714285714285,0.5497894925730569,0.3799999952316284,14,"[0, 1, 3, 6, 7, 8, 13, 14, 23, 24, 25, 26, 27, 29]",14,"[0, 1, 3, 6, 7, 8, 13, 14, 23, 24, 25, 26, 27, 29]",0,[],0.5497894925730569,0.055636856199700505,0.23587466205529686,17.973697083290322,0.5664285714285715,0.033637244897959176,0.18340459344836263,0.5664285714285715,0.033637244897959176,0.18340459344836263
9,2,4,111111101011110101010101000011,0.4515789473684212,0.5231668706002989,0.4100000262260437,19,"[0, 1, 2, 3, 4, 5, 6, 8, 10, 11, 12, 13, 15, 17, 19, 21, 23, 28, 29]",19,"[0, 1, 2, 3, 4, 5, 6, 8, 10, 11, 12, 13, 15, 17, 19, 21, 23, 28, 29]",0,[],0.5231668706002989,0.04545309265392433,0.21319730920892113,22.000703177975325,0.5484210526315788,0.02438171745152355,0.15614646154019485,0.5484210526315788,0.02438171745152355,0.15614646154019485
9,2,5,100000100101010101101001111111,0.463125,0.4830418461933732,0.4570000171661377,16,"[0, 6, 9, 11, 13, 15, 17, 18, 20, 23, 24, 25, 26, 27, 28, 29]",16,"[0, 6, 9, 11, 13, 15, 17, 18, 20, 23, 24, 25, 26, 27, 28, 29]",0,[],0.4830418461933732,0.04052750770946276,0.2013144498277825,24.67459897038056,0.536875,0.028846484375000002,0.16984252816947823,0.536875,0.028846484375000002,0.16984252816947823
9,2,6,111101110011010101011111010001,0.46631578947368413,0.5020553744152972,0.43949997425079346,19,"[0, 1, 2, 3, 5, 6, 7, 10, 11, 13, 15, 17, 19, 20, 21, 22, 23, 25, 29]",19,"[0, 1, 2, 3, 5, 6, 7, 10, 11, 13, 15, 17, 19, 20, 21, 22, 23, 25, 29]",0,[],0.5020553744152972,0.04092039361838948,0.20228789785449222,24.437692592248272,0.5336842105263159,0.02282326869806094,0.15107371941559172,0.5336842105263159,0.02282326869806094,0.15107371941559172
9,2,7,111100001000010011000111111001,0.45533333333333337,0.5173585285743078,0.390500009059906,15,"[0, 1, 2, 3, 8, 13, 16, 17, 21, 22, 23, 24, 25, 26, 29]",15,"[0, 1, 2, 3, 8, 13, 16, 17, 21, 22, 23, 24, 25, 26, 29]",0,[],0.5173585285743078,0.05880561246483594,0.24249868549094433,17.0051795752994,0.5446666666666666,0.037024888888888885,0.1924185253266662,0.5446666666666666,0.037024888888888885,0.1924185253266662
9,2,8,100000100111010101101001111111,0.47588235294117653,0.4855099714854184,0.44349998235702515,17,"[0, 6, 9, 10, 11, 13, 15, 17, 18, 20, 23, 24, 25, 26, 27, 28, 29]",17,"[0, 6, 9, 10, 11, 13, 15, 17, 18, 20, 23, 24, 25, 26, 27, 28, 29]",0,[],0.4855099714854184,0.03824100294704538,0.1955530693879423,26.149941762373757,0.5241176470588235,0.029753633217993083,0.1724924149578557,0.5241176470588235,0.029753633217993083,0.1724924149578557
9,2,9,010111100011000011000000110000,0.49636363636363623,0.5125364132902839,0.37949997186660767,11,"[1, 3, 4, 5, 6, 10, 11, 16, 17, 24, 25]",11,"[1, 3, 4, 5, 6, 10, 11, 16, 17, 24, 25]",0,[],0.5125364132902839,0.026897088641403392,0.16400331899508433,37.17874500590647,0.5036363636363638,0.022568595041322317,0.15022847613326282,0.5036363636363638,0.022568595041322317,0.15022847613326282
9,2,10,110110100011011000000001111101,0.45599999999999985,0.5246532301108042,0.3644999861717224,15,"[0, 1, 3, 4, 6, 10, 11, 13, 14, 23, 24, 25, 26, 27, 29]",15,"[0, 1, 3, 4, 6, 10, 11, 13, 14, 23, 24, 25, 26, 27, 29]",0,[],0.5246532301108042,0.048082126644063534,0.21927637046445186,20.797748972350522,0.5440000000000002,0.033024000000000005,0.18172506706560876,0.5440000000000002,0.033024000000000005,0.18172506706560876
9,2,11,110100111000000000100001111101,0.4192307692307692,0.5417090562673715,0.4415000081062317,13,"[0, 1, 3, 6, 7, 8, 18, 23, 24, 25, 26, 27, 29]",13,"[0, 1, 3, 6, 7, 8, 18, 23, 24, 25, 26, 27, 29]",0,[],0.5417090562673715,0.05387213355300379,0.23210371292377852,18.562472544662047,0.5807692307692308,0.03626863905325444,0.19044326990800814,0.5807692307692308,0.03626863905325444,0.19044326990800814
9,2,12,100101011100101111011101101001,0.4322222222222222,0.5283412395252122,0.39899998903274536,18,"[0, 3, 5, 7, 8, 9, 12, 14, 15, 16, 17, 19, 20, 21, 23, 24, 26, 29]",18,"[0, 3, 5, 7, 8, 9, 12, 14, 15, 16, 17, 19, 20, 21, 23, 24, 26, 29]",0,[],0.5283412395252122,0.053909653840701045,0.2321845254117962,18.549553350034937,0.5677777777777778,0.02937283950617284,0.17138506208585635,0.5677777777777778,0.02937283950617284,0.17138506208585635
9,2,13,110101110001010111000001001111,0.443125,0.48614236805588007,0.49949997663497925,16,"[0, 1, 3, 5, 6, 7, 11, 13, 15, 16, 17, 23, 26, 27, 28, 29]",16,"[0, 1, 3, 5, 6, 7, 11, 13, 15, 16, 17, 23, 26, 27, 28, 29]",0,[],0.48614236805588007,0.04472471900603993,0.21148219548236188,22.359000173147052,0.556875,0.030371484375,0.17427416439334892,0.556875,0.030371484375,0.17427416439334892
9,2,14,100000100001010101101111011101,0.44200000000000006,0.48053075969219206,0.5264999866485596,15,"[0, 6, 11, 13, 15, 17, 18, 20, 21, 22, 23, 25, 26, 27, 29]",15,"[0, 6, 11, 13, 15, 17, 18, 20, 21, 22, 23, 25, 26, 27, 29]",0,[],0.48053075969219206,0.04341302520590287,0.20835792570934966,23.034561522886683,0.5579999999999999,0.028056000000000005,0.16749925372968086,0.5579999999999999,0.028056000000000005,0.16749925372968086
9,2,15,111101111001011111000111111001,0.45238095238095233,0.534120255282947,0.37800002098083496,21,"[0, 1, 2, 3, 5, 6, 7, 8, 11, 13, 14, 15, 16, 17, 21, 22, 23, 24, 25, 26, 29]",21,"[0, 1, 2, 3, 5, 6, 7, 8, 11, 13, 14, 15, 16, 17, 21, 22, 23, 24, 25, 26, 29]",0,[],0.534120255282947,0.048723967938566336,0.22073506277564137,20.523780026718082,0.5476190476190477,0.027799092970521543,0.16673059998249135,0.5476190476190477,0.027799092970521543,0.16673059998249135
9,2,16,111100100011000011001111010001,0.4833333333333333,0.5192492971817653,0.37300002574920654,15,"[0, 1, 2, 3, 6, 10, 11, 16, 17, 20, 21, 22, 23, 25, 29]",15,"[0, 1, 2, 3, 6, 10, 11, 16, 17, 20, 21, 22, 23, 25, 29]",0,[],0.5192492971817653,0.04733813953843299,0.2175732969333162,21.12461557953958,0.5166666666666667,0.02787555555555556,0.1669597423199843,0.5166666666666667,0.02787555555555556,0.1669597423199843
9,3,0,110001001000101101111011110100,0.459375,0.5520829735323787,0.36250001192092896,16,"[0, 1, 5, 8, 12, 14, 15, 17, 18, 19, 20, 22, 23, 24, 25, 27]",16,"[0, 1, 5, 8, 12, 14, 15, 17, 18, 19, 20, 22, 23, 24, 25, 27]",0,[],0.5520829735323787,0.051241833187199805,0.22636659026278547,19.51530493350499,0.540625,0.022518359374999998,0.15006118543780733,0.540625,0.022518359374999998,0.15006118543780733
9,3,1,111100001100010101000111111001,0.44562500000000005,0.5255334777757525,0.41600000858306885,16,"[0, 1, 2, 3, 8, 9, 13, 15, 17, 21, 22, 23, 24, 25, 26, 29]",16,"[0, 1, 2, 3, 8, 9, 13, 15, 17, 21, 22, 23, 24, 25, 26, 29]",0,[],0.5255334777757525,0.056112342040780944,0.2368804382822291,17.82139122393478,0.554375,0.034124609374999997,0.18472847472709777,0.554375,0.034124609374999997,0.18472847472709777
9,3,2,110100111000011000000001111101,0.4335714285714285,0.5497894925730569,0.3799999952316284,14,"[0, 1, 3, 6, 7, 8, 13, 14, 23, 24, 25, 26, 27, 29]",14,"[0, 1, 3, 6, 7, 8, 13, 14, 23, 24, 25, 26, 27, 29]",0,[],0.5497894925730569,0.055636856199700505,0.23587466205529686,17.973697083290322,0.5664285714285715,0.033637244897959176,0.18340459344836263,0.5664285714285715,0.033637244897959176,0.18340459344836263
9,3,3,111111101011110101010101000011,0.4515789473684212,0.5231668706002989,0.4100000262260437,19,"[0, 1, 2, 3, 4, 5, 6, 8, 10, 11, 12, 13, 15, 17, 19, 21, 23, 28, 29]",19,"[0, 1, 2, 3, 4, 5, 6, 8, 10, 11, 12, 13, 15, 17, 19, 21, 23, 28, 29]",0,[],0.5231668706002989,0.04545309265392433,0.21319730920892113,22.000703177975325,0.5484210526315788,0.02438171745152355,0.15614646154019485,0.5484210526315788,0.02438171745152355,0.15614646154019485
9,3,4,100000100101010101101001111111,0.463125,0.4830418461933732,0.4570000171661377,16,"[0, 6, 9, 11, 13, 15, 17, 18, 20, 23, 24, 25, 26, 27, 28, 29]",16,"[0, 6, 9, 11, 13, 15, 17, 18, 20, 23, 24, 25, 26, 27, 28, 29]",0,[],0.4830418461933732,0.04052750770946276,0.2013144498277825,24.67459897038056,0.536875,0.028846484375000002,0.16984252816947823,0.536875,0.028846484375000002,0.16984252816947823
9,3,5,111101110011010101011111010001,0.46631578947368413,0.5020553744152972,0.43949997425079346,19,"[0, 1, 2, 3, 5, 6, 7, 10, 11, 13, 15, 17, 19, 20, 21, 22, 23, 25, 29]",19,"[0, 1, 2, 3, 5, 6, 7, 10, 11, 13, 15, 17, 19, 20, 21, 22, 23, 25, 29]",0,[],0.5020553744152972,0.04092039361838948,0.20228789785449222,24.437692592248272,0.5336842105263159,0.02282326869806094,0.15107371941559172,0.5336842105263159,0.02282326869806094,0.15107371941559172
9,3,6,111100001000010011000111111001,0.45533333333333337,0.5173585285743078,0.390500009059906,15,"[0, 1, 2, 3, 8, 13, 16, 17, 21, 22, 23, 24, 25, 26, 29]",15,"[0, 1, 2, 3, 8, 13, 16, 17, 21, 22, 23, 24, 25, 26, 29]",0,[],0.5173585285743078,0.05880561246483594,0.24249868549094433,17.0051795752994,0.5446666666666666,0.037024888888888885,0.1924185253266662,0.5446666666666666,0.037024888888888885,0.1924185253266662
9,3,7,100000100111010101101001111111,0.47588235294117653,0.4855099714854184,0.44349998235702515,17,"[0, 6, 9, 10, 11, 13, 15, 17, 18, 20, 23, 24, 25, 26, 27, 28, 29]",17,"[0, 6, 9, 10, 11, 13, 15, 17, 18, 20, 23, 24, 25, 26, 27, 28, 29]",0,[],0.4855099714854184,0.03824100294704538,0.1955530693879423,26.149941762373757,0.5241176470588235,0.029753633217993083,0.1724924149578557,0.5241176470588235,0.029753633217993083,0.1724924149578557
9,3,8,010111100011000011000000110000,0.49636363636363623,0.5125364132902839,0.37949997186660767,11,"[1, 3, 4, 5, 6, 10, 11, 16, 17, 24, 25]",11,"[1, 3, 4, 5, 6, 10, 11, 16, 17, 24, 25]",0,[],0.5125364132902839,0.026897088641403392,0.16400331899508433,37.17874500590647,0.5036363636363638,0.022568595041322317,0.15022847613326282,0.5036363636363638,0.022568595041322317,0.15022847613326282
9,3,9,110110100011011000000001111101,0.45599999999999985,0.5246532301108042,0.3644999861717224,15,"[0, 1, 3, 4, 6, 10, 11, 13, 14, 23, 24, 25, 26, 27, 29]",15,"[0, 1, 3, 4, 6, 10, 11, 13, 14, 23, 24, 25, 26, 27, 29]",0,[],0.5246532301108042,0.048082126644063534,0.21927637046445186,20.797748972350522,0.5440000000000002,0.033024000000000005,0.18172506706560876,0.5440000000000002,0.033024000000000005,0.18172506706560876
9,3,10,110100111000000000100001111101,0.4192307692307692,0.5417090562673715,0.4415000081062317,13,"[0, 1, 3, 6, 7, 8, 18, 23, 24, 25, 26, 27, 29]",13,"[0, 1, 3, 6, 7, 8, 18, 23, 24, 25, 26, 27, 29]",0,[],0.5417090562673715,0.05387213355300379,0.23210371292377852,18.562472544662047,0.5807692307692308,0.03626863905325444,0.19044326990800814,0.5807692307692308,0.03626863905325444,0.19044326990800814
9,3,11,100101011100101111011101101001,0.4322222222222222,0.5283412395252122,0.39899998903274536,18,"[0, 3, 5, 7, 8, 9, 12, 14, 15, 16, 17, 19, 20, 21, 23, 24, 26, 29]",18,"[0, 3, 5, 7, 8, 9, 12, 14, 15, 16, 17, 19, 20, 21, 23, 24, 26, 29]",0,[],0.5283412395252122,0.053909653840701045,0.2321845254117962,18.549553350034937,0.5677777777777778,0.02937283950617284,0.17138506208585635,0.5677777777777778,0.02937283950617284,0.17138506208585635
9,3,12,110101110001010111000001001111,0.443125,0.48614236805588007,0.49949997663497925,16,"[0, 1, 3, 5, 6, 7, 11, 13, 15, 16, 17, 23, 26, 27, 28, 29]",16,"[0, 1, 3, 5, 6, 7, 11, 13, 15, 16, 17, 23, 26, 27, 28, 29]",0,[],0.48614236805588007,0.04472471900603993,0.21148219548236188,22.359000173147052,0.556875,0.030371484375,0.17427416439334892,0.556875,0.030371484375,0.17427416439334892
9,3,13,100000100001010101101111011101,0.44200000000000006,0.48053075969219206,0.5264999866485596,15,"[0, 6, 11, 13, 15, 17, 18, 20, 21, 22, 23, 25, 26, 27, 29]",15,"[0, 6, 11, 13, 15, 17, 18, 20, 21, 22, 23, 25, 26, 27, 29]",0,[],0.48053075969219206,0.04341302520590287,0.20835792570934966,23.034561522886683,0.5579999999999999,0.028056000000000005,0.16749925372968086,0.5579999999999999,0.028056000000000005,0.16749925372968086
9,3,14,111101111001011111000111111001,0.45238095238095233,0.534120255282947,0.37800002098083496,21,"[0, 1, 2, 3, 5, 6, 7, 8, 11, 13, 14, 15, 16, 17, 21, 22, 23, 24, 25, 26, 29]",21,"[0, 1, 2, 3, 5, 6, 7, 8, 11, 13, 14, 15, 16, 17, 21, 22, 23, 24, 25, 26, 29]",0,[],0.534120255282947,0.048723967938566336,0.22073506277564137,20.523780026718082,0.5476190476190477,0.027799092970521543,0.16673059998249135,0.5476190476190477,0.027799092970521543,0.16673059998249135
9,3,15,111100100011000011001111010001,0.4833333333333333,0.5192492971817653,0.37300002574920654,15,"[0, 1, 2, 3, 6, 10, 11, 16, 17, 20, 21, 22, 23, 25, 29]",15,"[0, 1, 2, 3, 6, 10, 11, 16, 17, 20, 21, 22, 23, 25, 29]",0,[],0.5192492971817653,0.04733813953843299,0.2175732969333162,21.12461557953958,0.5166666666666667,0.02787555555555556,0.1669597423199843,0.5166666666666667,0.02787555555555556,0.1669597423199843
9,3,16,110101110011000111000001001111,0.45875,0.4883298659697175,0.46700000762939453,16,"[0, 1, 3, 5, 6, 7, 10, 11, 15, 16, 17, 23, 26, 27, 28, 29]",16,"[0, 1, 3, 5, 6, 7, 10, 11, 15, 16, 17, 23, 26, 27, 28, 29]",0,[],0.4883298659697175,0.04481337337826902,0.2116916941645775,22.314767325347614,0.54125,0.0336234375,0.18336694767596476,0.54125,0.0336234375,0.18336694767596476
9,3,17,110110001001101100010001101000,0.3946153846153847,0.5543046524891486,0.39899998903274536,13,"[0, 1, 3, 4, 8, 11, 12, 14, 15, 19, 23, 24, 26]",13,"[0, 1, 3, 4, 8, 11, 12, 14, 15, 19, 23, 24, 26]",0,[],0.5543046524891486,0.05872686129948556,0.24233625667548295,17.027983070649135,0.6053846153846153,0.03147100591715976,0.17740069311352694,0.6053846153846153,0.03147100591715976,0.17740069311352694
9,3,18,110000100001010101011111011101,0.44375,0.45583946723490953,0.5020000040531158,16,"[0, 1, 6, 11, 13, 15, 17, 19, 20, 21, 22, 23, 25, 26, 27, 29]",16,"[0, 1, 6, 11, 13, 15, 17, 19, 20, 21, 22, 23, 25, 26, 27, 29]",0,[],0.45583946723490953,0.03987994749896465,0.19969964321191125,25.075258687990036,0.55625,0.0257359375,0.1604242422453664,0.55625,0.0257359375,0.1604242422453664
9,3,19,110010100011000011000000101111,0.5223076923076924,0.44951071074375737,0.37800002098083496,13,"[0, 1, 4, 6, 10, 11, 16, 17, 24, 26, 27, 28, 29]",13,"[0, 1, 4, 6, 10, 11, 16, 17, 24, 26, 27, 28, 29]",0,[],0.44951071074375737,0.0392322777562175,0.1980713956032458,25.4892159515648,0.47769230769230764,0.028048520710059168,0.16747692590341862,0.47769230769230764,0.028048520710059168,0.16747692590341862
9,3,20,110000011100110101010001111101,0.453125,0.4896107306703925,0.4789999723434448,16,"[0, 1, 7, 8, 9, 12, 13, 15, 17, 19, 23, 24, 25, 26, 27, 29]",16,"[0, 1, 7, 8, 9, 12, 13, 15, 17, 19, 23, 24, 25, 26, 27, 29]",0,[],0.4896107306703925,0.04985806869423105,0.2232892041596079,20.056934137035825,0.546875,0.027946484375,0.16717202031141457,0.546875,0.027946484375,0.16717202031141457
9,3,21,110110000001010111000001010100,0.45666666666666667,0.5141106384495894,0.40149998664855957,12,"[0, 1, 3, 4, 11, 13, 15, 16, 17, 23, 25, 27]",12,"[0, 1, 3, 4, 11, 13, 15, 16, 17, 23, 25, 27]",0,[],0.5141106384495894,0.049685703089585254,0.22290290058584983,20.126514023500103,0.5433333333333333,0.027655555555555555,0.16629959577688563,0.5433333333333333,0.027655555555555555,0.16629959577688563
9,3,22,110001001000100000100001111101,0.42333333333333334,0.5158096477389336,0.4240000247955322,12,"[0, 1, 5, 8, 12, 18, 23, 24, 25, 26, 27, 29]",12,"[0, 1, 5, 8, 12, 18, 23, 24, 25, 26, 27, 29]",0,[],0.5158096477389336,0.053657962951076076,0.23164188513970455,18.636562869741695,0.5766666666666667,0.03280555555555555,0.18112303982529543,0.5766666666666667,0.03280555555555555,0.18112303982529543
9,3,23,100001010001011011111010010010,0.5121428571428572,0.4783061881150518,0.4129999876022339,14,"[0, 5, 7, 11, 13, 14, 16, 17, 18, 19, 20, 22, 25, 28]",14,"[0, 5, 7, 11, 13, 14, 16, 17, 18, 19, 20, 22, 25, 28]",0,[],0.4783061881150518,0.04201440062956039,0.20497414624669227,23.801362985443195,0.4878571428571428,0.01681683673469388,0.12967974681766573,0.4878571428571428,0.01681683673469388,0.12967974681766573
9,3,24,101001010001010000010110001001,0.4563636363636364,0.44063425876877527,0.5674999952316284,11,"[0, 2, 5, 7, 11, 13, 19, 21, 22, 26, 29]",11,"[0, 2, 5, 7, 11, 13, 19, 21, 22, 26, 29]",0,[],0.44063425876877527,0.04648214157060033,0.2155971743103335,21.51363870533224,0.5436363636363636,0.02553223140495868,0.1597880828001847,0.5436363636363636,0.02553223140495868,0.1597880828001847
9,3,25,111100000001010011001111010001,0.4671428571428572,0.5124851518443653,0.3799999952316284,14,"[0, 1, 2, 3, 11, 13, 16, 17, 20, 21, 22, 23, 25, 29]",14,"[0, 1, 2, 3, 11, 13, 16, 17, 20, 21, 22, 23, 25, 29]",0,[],0.5124851518443653,0.05047786664216965,0.22467279907049195,19.810662900808715,0.5328571428571428,0.027006122448979587,0.16433539621450877,0.5328571428571428,0.027006122448979587,0.16433539621450877
9,3,26,010101101010111100000001011000,0.3869230769230769,0.5885596367029043,0.4100000262260437,13,"[1, 3, 5, 6, 8, 10, 12, 13, 14, 15, 23, 25, 26]",13,"[1, 3, 5, 6, 8, 10, 12, 13, 14, 15, 23, 25, 26]",0,[],0.5885596367029043,0.03596666894755452,0.18964880423444416,27.803520016217487,0.6130769230769231,0.025436686390532544,0.15948882841921105,0.6130769230769231,0.025436686390532544,0.15948882841921105
9,3,27,100000100111010101011111010001,0.4880000000000001,0.4649003396431605,0.43650001287460327,15,"[0, 6, 9, 10, 11, 13, 15, 17, 19, 20, 21, 22, 23, 25, 29]",15,"[0, 6, 9, 10, 11, 13, 15, 17, 19, 20, 21, 22, 23, 25, 29]",0,[],0.4649003396431605,0.03339173753890946,0.18273406233898884,29.94752815227892,0.5119999999999999,0.02160266666666667,0.1469784564712348,0.5119999999999999,0.02160266666666667,0.1469784564712348
9,3,28,010110100010000011000000010000,0.50875,0.5243902448564768,0.35500001907348633,8,"[1, 3, 4, 6, 10, 16, 17, 25]",8,"[1, 3, 4, 6, 10, 16, 17, 25]",0,[],0.5243902448564768,0.03403482029762794,0.18448528477260168,29.381674157677136,0.49124999999999996,0.0244609375,0.15639992806903716,0.49124999999999996,0.0244609375,0.15639992806903716
9,3,29,110100111000001101111011110000,0.4568749999999999,0.5561622167006135,0.359499990940094,16,"[0, 1, 3, 6, 7, 8, 14, 15, 17, 18, 19, 20, 22, 23, 24, 25]",16,"[0, 1, 3, 6, 7, 8, 14, 15, 17, 18, 19, 20, 22, 23, 24, 25]",0,[],0.5561622167006135,0.05039745106793542,0.224493766211749,19.842273345372305,0.5431250000000001,0.027558984374999998,0.16600898883795417,0.5431250000000001,0.027558984374999998,0.16600898883795417
9,4,0,110100111000011000000001111101,0.4335714285714285,0.5497894925730569,0.3799999952316284,14,"[0, 1, 3, 6, 7, 8, 13, 14, 23, 24, 25, 26, 27, 29]",14,"[0, 1, 3, 6, 7, 8, 13, 14, 23, 24, 25, 26, 27, 29]",0,[],0.5497894925730569,0.055636856199700505,0.23587466205529686,17.973697083290322,0.5664285714285715,0.033637244897959176,0.18340459344836263,0.5664285714285715,0.033637244897959176,0.18340459344836263
9,4,1,100000100101010101101001111111,0.463125,0.4830418461933732,0.4570000171661377,16,"[0, 6, 9, 11, 13, 15, 17, 18, 20, 23, 24, 25, 26, 27, 28, 29]",16,"[0, 6, 9, 11, 13, 15, 17, 18, 20, 23, 24, 25, 26, 27, 28, 29]",0,[],0.4830418461933732,0.04052750770946276,0.2013144498277825,24.67459897038056,0.536875,0.028846484375000002,0.16984252816947823,0.536875,0.028846484375000002,0.16984252816947823
9,4,2,111100001000010011000111111001,0.45533333333333337,0.5173585285743078,0.390500009059906,15,"[0, 1, 2, 3, 8, 13, 16, 17, 21, 22, 23, 24, 25, 26, 29]",15,"[0, 1, 2, 3, 8, 13, 16, 17, 21, 22, 23, 24, 25, 26, 29]",0,[],0.5173585285743078,0.05880561246483594,0.24249868549094433,17.0051795752994,0.5446666666666666,0.037024888888888885,0.1924185253266662,0.5446666666666666,0.037024888888888885,0.1924185253266662
9,4,3,100101011100101111011101101001,0.4322222222222222,0.5283412395252122,0.39899998903274536,18,"[0, 3, 5, 7, 8, 9, 12, 14, 15, 16, 17, 19, 20, 21, 23, 24, 26, 29]",18,"[0, 3, 5, 7, 8, 9, 12, 14, 15, 16, 17, 19, 20, 21, 23, 24, 26, 29]",0,[],0.5283412395252122,0.053909653840701045,0.2321845254117962,18.549553350034937,0.5677777777777778,0.02937283950617284,0.17138506208585635,0.5677777777777778,0.02937283950617284,0.17138506208585635
9,4,4,110101110011000111000001001111,0.45875,0.4883298659697175,0.46700000762939453,16,"[0, 1, 3, 5, 6, 7, 10, 11, 15, 16, 17, 23, 26, 27, 28, 29]",16,"[0, 1, 3, 5, 6, 7, 10, 11, 15, 16, 17, 23, 26, 27, 28, 29]",0,[],0.4883298659697175,0.04481337337826902,0.2116916941645775,22.314767325347614,0.54125,0.0336234375,0.18336694767596476,0.54125,0.0336234375,0.18336694767596476
9,4,5,110110001001101100010001101000,0.3946153846153847,0.5543046524891486,0.39899998903274536,13,"[0, 1, 3, 4, 8, 11, 12, 14, 15, 19, 23, 24, 26]",13,"[0, 1, 3, 4, 8, 11, 12, 14, 15, 19, 23, 24, 26]",0,[],0.5543046524891486,0.05872686129948556,0.24233625667548295,17.027983070649135,0.6053846153846153,0.03147100591715976,0.17740069311352694,0.6053846153846153,0.03147100591715976,0.17740069311352694
9,4,6,110000100001010101011111011101,0.44375,0.45583946723490953,0.5020000040531158,16,"[0, 1, 6, 11, 13, 15, 17, 19, 20, 21, 22, 23, 25, 26, 27, 29]",16,"[0, 1, 6, 11, 13, 15, 17, 19, 20, 21, 22, 23, 25, 26, 27, 29]",0,[],0.45583946723490953,0.03987994749896465,0.19969964321191125,25.075258687990036,0.55625,0.0257359375,0.1604242422453664,0.55625,0.0257359375,0.1604242422453664
9,4,7,110010100011000011000000101111,0.5223076923076924,0.44951071074375737,0.37800002098083496,13,"[0, 1, 4, 6, 10, 11, 16, 17, 24, 26, 27, 28, 29]",13,"[0, 1, 4, 6, 10, 11, 16, 17, 24, 26, 27, 28, 29]",0,[],0.44951071074375737,0.0392322777562175,0.1980713956032458,25.4892159515648,0.47769230769230764,0.028048520710059168,0.16747692590341862,0.47769230769230764,0.028048520710059168,0.16747692590341862
9,4,8,110110000001010111000001010100,0.45666666666666667,0.5141106384495894,0.40149998664855957,12,"[0, 1, 3, 4, 11, 13, 15, 16, 17, 23, 25, 27]",12,"[0, 1, 3, 4, 11, 13, 15, 16, 17, 23, 25, 27]",0,[],0.5141106384495894,0.049685703089585254,0.22290290058584983,20.126514023500103,0.5433333333333333,0.027655555555555555,0.16629959577688563,0.5433333333333333,0.027655555555555555,0.16629959577688563
9,4,9,110001001000100000100001111101,0.42333333333333334,0.5158096477389336,0.4240000247955322,12,"[0, 1, 5, 8, 12, 18, 23, 24, 25, 26, 27, 29]",12,"[0, 1, 5, 8, 12, 18, 23, 24, 25, 26, 27, 29]",0,[],0.5158096477389336,0.053657962951076076,0.23164188513970455,18.636562869741695,0.5766666666666667,0.03280555555555555,0.18112303982529543,0.5766666666666667,0.03280555555555555,0.18112303982529543
9,4,10,101001010001010000010110001001,0.4563636363636364,0.44063425876877527,0.5674999952316284,11,"[0, 2, 5, 7, 11, 13, 19, 21, 22, 26, 29]",11,"[0, 2, 5, 7, 11, 13, 19, 21, 22, 26, 29]",0,[],0.44063425876877527,0.04648214157060033,0.2155971743103335,21.51363870533224,0.5436363636363636,0.02553223140495868,0.1597880828001847,0.5436363636363636,0.02553223140495868,0.1597880828001847
9,4,11,111100000001010011001111010001,0.4671428571428572,0.5124851518443653,0.3799999952316284,14,"[0, 1, 2, 3, 11, 13, 16, 17, 20, 21, 22, 23, 25, 29]",14,"[0, 1, 2, 3, 11, 13, 16, 17, 20, 21, 22, 23, 25, 29]",0,[],0.5124851518443653,0.05047786664216965,0.22467279907049195,19.810662900808715,0.5328571428571428,0.027006122448979587,0.16433539621450877,0.5328571428571428,0.027006122448979587,0.16433539621450877
9,4,12,010101101010111100000001011000,0.3869230769230769,0.5885596367029043,0.4100000262260437,13,"[1, 3, 5, 6, 8, 10, 12, 13, 14, 15, 23, 25, 26]",13,"[1, 3, 5, 6, 8, 10, 12, 13, 14, 15, 23, 25, 26]",0,[],0.5885596367029043,0.03596666894755452,0.18964880423444416,27.803520016217487,0.6130769230769231,0.025436686390532544,0.15948882841921105,0.6130769230769231,0.025436686390532544,0.15948882841921105
9,4,13,100000100111010101011111010001,0.4880000000000001,0.4649003396431605,0.43650001287460327,15,"[0, 6, 9, 10, 11, 13, 15, 17, 19, 20, 21, 22, 23, 25, 29]",15,"[0, 6, 9, 10, 11, 13, 15, 17, 19, 20, 21, 22, 23, 25, 29]",0,[],0.4649003396431605,0.03339173753890946,0.18273406233898884,29.94752815227892,0.5119999999999999,0.02160266666666667,0.1469784564712348,0.5119999999999999,0.02160266666666667,0.1469784564712348
9,4,14,101000100111010101011111001101,0.45470588235294107,0.4970495131085901,0.46299999952316284,17,"[0, 2, 6, 9, 10, 11, 13, 15, 17, 19, 20, 21, 22, 23, 26, 27, 29]",17,"[0, 2, 6, 9, 10, 11, 13, 15, 17, 19, 20, 21, 22, 23, 26, 27, 29]",0,[],0.4970495131085901,0.047969350186656504,0.21901906352337575,20.846644703520855,0.5452941176470589,0.025977854671280276,0.16117647058823528,0.5452941176470589,0.025977854671280276,0.16117647058823528
9,4,15,100100100001010101101111011101,0.42500000000000004,0.5042085247114301,0.4700000286102295,16,"[0, 3, 6, 11, 13, 15, 17, 18, 20, 21, 22, 23, 25, 26, 27, 29]",16,"[0, 3, 6, 11, 13, 15, 17, 18, 20, 21, 22, 23, 25, 26, 27, 29]",0,[],0.5042085247114301,0.049109259475127696,0.22160609078977883,20.36275868721801,0.575,0.030637499999999998,0.17503571064214296,0.575,0.030637499999999998,0.17503571064214296
9,4,16,111100000000100000100001011001,0.404,0.5325655579566956,0.4359999895095825,10,"[0, 1, 2, 3, 12, 18, 23, 25, 26, 29]",10,"[0, 1, 2, 3, 12, 18, 23, 25, 26, 29]",0,[],0.5325655579566956,0.07148623368042127,0.26736909634514844,13.988707314900562,0.596,0.038084,0.19515122341404884,0.596,0.038084,0.19515122341404884
9,4,17,100001010001010011010110001001,0.4800000000000001,0.3953823658327262,0.5020000040531158,12,"[0, 5, 7, 11, 13, 16, 17, 19, 21, 22, 26, 29]",12,"[0, 5, 7, 11, 13, 16, 17, 19, 21, 22, 26, 29]",0,[],0.3953823658327262,0.03351397501770916,0.18306822503566578,29.83829878346537,0.5199999999999999,0.027450000000000002,0.1656804152578089,0.5199999999999999,0.027450000000000002,0.1656804152578089
9,4,18,111111101011110011001001001011,0.4447368421052631,0.5214070873825174,0.33799999952316284,19,"[0, 1, 2, 3, 4, 5, 6, 8, 10, 11, 12, 13, 16, 17, 20, 23, 26, 28, 29]",19,"[0, 1, 2, 3, 4, 5, 6, 8, 10, 11, 12, 13, 16, 17, 20, 23, 26, 28, 29]",0,[],0.5214070873825174,0.047822005496883306,0.21868243070005258,20.910875435058298,0.5552631578947369,0.03081440443213297,0.17554032138552375,0.5552631578947369,0.03081440443213297,0.17554032138552375
9,4,19,110011111001011111000101111001,0.4610526315789474,0.4938043285357325,0.39499998092651367,19,"[0, 1, 4, 5, 6, 7, 8, 11, 13, 14, 15, 16, 17, 21, 23, 24, 25, 26, 29]",19,"[0, 1, 4, 5, 6, 7, 8, 11, 13, 14, 15, 16, 17, 21, 23, 24, 25, 26, 29]",0,[],0.4938043285357325,0.03962539360680052,0.19906128103375734,25.236342379912152,0.5389473684210526,0.025388365650969535,0.1593372701252583,0.5389473684210526,0.025388365650969535,0.1593372701252583
9,4,20,111101100011010101011111010101,0.45947368421052637,0.5137616513591063,0.3920000195503235,19,"[0, 1, 2, 3, 5, 6, 10, 11, 13, 15, 17, 19, 20, 21, 22, 23, 25, 27, 29]",19,"[0, 1, 2, 3, 5, 6, 10, 11, 13, 15, 17, 19, 20, 21, 22, 23, 25, 27, 29]",0,[],0.5137616513591063,0.04485641674989247,0.21179333499874936,22.29335449542784,0.5405263157894736,0.02265761772853185,0.15052447551322626,0.5405263157894736,0.02265761772853185,0.15052447551322626
9,4,21,110010100001010011001111011111,0.4729411764705883,0.4754142279134077,0.3930000066757202,17,"[0, 1, 4, 6, 11, 13, 16, 17, 20, 21, 22, 23, 25, 26, 27, 28, 29]",17,"[0, 1, 4, 6, 11, 13, 16, 17, 20, 21, 22, 23, 25, 26, 27, 28, 29]",0,[],0.4754142279134077,0.03617093072341445,0.19018656819926702,27.64651005655965,0.5270588235294117,0.026879584775086503,0.16394994594414022,0.5270588235294117,0.026879584775086503,0.16394994594414022
9,4,22,100000000111000101011111010001,0.4946153846153847,0.4541967476789768,0.4585000276565552,13,"[0, 9, 10, 11, 15, 17, 19, 20, 21, 22, 23, 25, 29]",13,"[0, 9, 10, 11, 15, 17, 19, 20, 21, 22, 23, 25, 29]",0,[],0.4541967476789768,0.0373653827803997,0.19330127464763314,26.762739348265363,0.5053846153846153,0.024563313609467452,0.15672687583649286,0.5053846153846153,0.024563313609467452,0.15672687583649286
9,4,23,110100100001010101011011011101,0.431875,0.4764621676877141,0.4729999899864197,16,"[0, 1, 3, 6, 11, 13, 15, 17, 19, 20, 22, 23, 25, 26, 27, 29]",16,"[0, 1, 3, 6, 11, 13, 15, 17, 19, 20, 22, 23, 25, 26, 27, 29]",0,[],0.4764621676877141,0.049293904170095576,0.22202230556882246,20.286484035619473,0.568125,0.029840234375,0.17274326144599678,0.568125,0.029840234375,0.17274326144599678
9,4,24,110001011001010011001111110101,0.4776470588235293,0.5060980661826975,0.3554999828338623,17,"[0, 1, 5, 7, 8, 11, 13, 16, 17, 20, 21, 22, 23, 24, 25, 27, 29]",17,"[0, 1, 5, 7, 8, 11, 13, 16, 17, 20, 21, 22, 23, 24, 25, 27, 29]",0,[],0.5060980661826975,0.03728639010619615,0.19309684126415985,26.819437257183626,0.5223529411764707,0.022206228373702425,0.14901754384535543,0.5223529411764707,0.022206228373702425,0.14901754384535543
9,4,25,110101010001011011111001111101,0.4436842105263158,0.49904898514873103,0.4039999842643738,19,"[0, 1, 3, 5, 7, 11, 13, 14, 16, 17, 18, 19, 20, 23, 24, 25, 26, 27, 29]",19,"[0, 1, 3, 5, 7, 11, 13, 14, 16, 17, 18, 19, 20, 23, 24, 25, 26, 27, 29]",0,[],0.49904898514873103,0.049622510215796445,0.2227611057069803,20.15214457413055,0.5563157894736842,0.027991689750692522,0.1673071718447614,0.5563157894736842,0.027991689750692522,0.1673071718447614
9,4,26,111100100001010101011111011101,0.4311111111111111,0.5013667419552803,0.421999990940094,18,"[0, 1, 2, 3, 6, 11, 13, 15, 17, 19, 20, 21, 22, 23, 25, 26, 27, 29]",18,"[0, 1, 2, 3, 6, 11, 13, 15, 17, 19, 20, 21, 22, 23, 25, 26, 27, 29]",0,[],0.5013667419552803,0.05203498898582638,0.2281117905453955,19.217838217903463,0.5688888888888889,0.026998765432098767,0.16431301053811523,0.5688888888888889,0.026998765432098767,0.16431301053811523
9,5,0,110010100011000011000000101111,0.5223076923076924,0.44951071074375737,0.37800002098083496,13,"[0, 1, 4, 6, 10, 11, 16, 17, 24, 26, 27, 28, 29]",13,"[0, 1, 4, 6, 10, 11, 16, 17, 24, 26, 27, 28, 29]",0,[],0.44951071074375737,0.0392322777562175,0.1980713956032458,25.4892159515648,0.47769230769230764,0.028048520710059168,0.16747692590341862,0.47769230769230764,0.028048520710059168,0.16747692590341862
9,5,1,111111101011110011001001001011,0.4447368421052631,0.5214070873825174,0.33799999952316284,19,"[0, 1, 2, 3, 4, 5, 6, 8, 10, 11, 12, 13, 16, 17, 20, 23, 26, 28, 29]",19,"[0, 1, 2, 3, 4, 5, 6, 8, 10, 11, 12, 13, 16, 17, 20, 23, 26, 28, 29]",0,[],0.5214070873825174,0.047822005496883306,0.21868243070005258,20.910875435058298,0.5552631578947369,0.03081440443213297,0.17554032138552375,0.5552631578947369,0.03081440443213297,0.17554032138552375
9,5,2,010101101010111100100001011000,0.3828571428571428,0.5959702134132385,0.406000018119812,14,"[1, 3, 5, 6, 8, 10, 12, 13, 14, 15, 18, 23, 25, 26]",14,"[1, 3, 5, 6, 8, 10, 12, 13, 14, 15, 18, 23, 25, 26]",0,[],0.5959702134132385,0.03411153757892306,0.18469309023058514,29.31559439929448,0.6171428571428572,0.02383469387755102,0.1543848887603674,0.6171428571428572,0.02383469387755102,0.1543848887603674
9,5,3,100001010001010011010110001001,0.4800000000000001,0.3953823658327262,0.5020000040531158,12,"[0, 5, 7, 11, 13, 16, 17, 19, 21, 22, 26, 29]",12,"[0, 5, 7, 11, 13, 16, 17, 19, 21, 22, 26, 29]",0,[],0.3953823658327262,0.03351397501770916,0.18306822503566578,29.83829878346537,0.5199999999999999,0.027450000000000002,0.1656804152578089,0.5199999999999999,0.027450000000000002,0.1656804152578089
9,5,4,010001010001010000010101011000,0.38,0.4494088262319565,0.6209999918937683,10,"[1, 5, 7, 11, 13, 19, 21, 23, 25, 26]",10,"[1, 5, 7, 11, 13, 19, 21, 23, 25, 26]",0,[],0.4494088262319565,0.018159951131609276,0.13475886290559622,55.06622747785904,0.62,0.018080000000000002,0.1344618905117729,0.62,0.018080000000000002,0.1344618905117729
9,5,5,110110001001101100010001101000,0.3946153846153847,0.5543046524891486,0.39899998903274536,13,"[0, 1, 3, 4, 8, 11, 12, 14, 15, 19, 23, 24, 26]",13,"[0, 1, 3, 4, 8, 11, 12, 14, 15, 19, 23, 24, 26]",0,[],0.5543046524891486,0.05872686129948556,0.24233625667548295,17.027983070649135,0.6053846153846153,0.03147100591715976,0.17740069311352694,0.6053846153846153,0.03147100591715976,0.17740069311352694
9,5,6,111100000000100000100001011001,0.404,0.5325655579566956,0.4359999895095825,10,"[0, 1, 2, 3, 12, 18, 23, 25, 26, 29]",10,"[0, 1, 2, 3, 12, 18, 23, 25, 26, 29]",0,[],0.5325655579566956,0.07148623368042127,0.26736909634514844,13.988707314900562,0.596,0.038084,0.19515122341404884,0.596,0.038084,0.19515122341404884
9,5,7,100001110011010011010110001001,0.492857142857143,0.4177525522453444,0.44199997186660767,14,"[0, 5, 6, 7, 10, 11, 13, 16, 17, 19, 21, 22, 26, 29]",14,"[0, 5, 6, 7, 10, 11, 13, 16, 17, 19, 21, 22, 26, 29]",0,[],0.4177525522453444,0.03183275577004435,0.1784173639813243,31.414182523934425,0.507142857142857,0.026248979591836728,0.1620153683816345,0.507142857142857,0.026248979591836728,0.1620153683816345
9,5,8,010101101010111100000001011000,0.3869230769230769,0.5885596367029043,0.4100000262260437,13,"[1, 3, 5, 6, 8, 10, 12, 13, 14, 15, 23, 25, 26]",13,"[1, 3, 5, 6, 8, 10, 12, 13, 14, 15, 23, 25, 26]",0,[],0.5885596367029043,0.03596666894755452,0.18964880423444416,27.803520016217487,0.6130769230769231,0.025436686390532544,0.15948882841921105,0.6130769230769231,0.025436686390532544,0.15948882841921105
9,5,9,100000010001010101011011011101,0.45857142857142863,0.4464205088359969,0.5645000040531158,14,"[0, 7, 11, 13, 15, 17, 19, 20, 22, 23, 25, 26, 27, 29]",14,"[0, 7, 11, 13, 15, 17, 19, 20, 22, 23, 25, 26, 27, 29]",0,[],0.4464205088359969,0.044728153946994934,0.21149031643788074,22.35728309254724,0.5414285714285714,0.029197959183673468,0.17087410331490688,0.5414285714285714,0.029197959183673468,0.17087410331490688
9,5,10,001011100011000011000000101001,0.4972727272727272,0.48063234984874725,0.38200002908706665,11,"[2, 4, 5, 6, 10, 11, 16, 17, 24, 26, 29]",11,"[2, 4, 5, 6, 10, 11, 16, 17, 24, 26, 29]",0,[],0.48063234984874725,0.037339122021308964,0.19323333568851148,26.781561693638984,0.5027272727272728,0.025274380165289257,0.15897918154679644,0.5027272727272728,0.025274380165289257,0.15897918154679644
9,5,11,101001010001010000010110001001,0.4563636363636364,0.44063425876877527,0.5674999952316284,11,"[0, 2, 5, 7, 11, 13, 19, 21, 22, 26, 29]",11,"[0, 2, 5, 7, 11, 13, 19, 21, 22, 26, 29]",0,[],0.44063425876877527,0.04648214157060033,0.2155971743103335,21.51363870533224,0.5436363636363636,0.02553223140495868,0.1597880828001847,0.5436363636363636,0.02553223140495868,0.1597880828001847
9,5,12,110001001000100000100001111101,0.42333333333333334,0.5158096477389336,0.4240000247955322,12,"[0, 1, 5, 8, 12, 18, 23, 24, 25, 26, 27, 29]",12,"[0, 1, 5, 8, 12, 18, 23, 24, 25, 26, 27, 29]",0,[],0.5158096477389336,0.053657962951076076,0.23164188513970455,18.636562869741695,0.5766666666666667,0.03280555555555555,0.18112303982529543,0.5766666666666667,0.03280555555555555,0.18112303982529543
9,5,13,110001011001010011001111110101,0.4776470588235293,0.5060980661826975,0.3554999828338623,17,"[0, 1, 5, 7, 8, 11, 13, 16, 17, 20, 21, 22, 23, 24, 25, 27, 29]",17,"[0, 1, 5, 7, 8, 11, 13, 16, 17, 20, 21, 22, 23, 24, 25, 27, 29]",0,[],0.5060980661826975,0.03728639010619615,0.19309684126415985,26.819437257183626,0.5223529411764707,0.022206228373702425,0.14901754384535543,0.5223529411764707,0.022206228373702425,0.14901754384535543
9,5,14,100000000111000101011111011001,0.4671428571428572,0.43617719944034306,0.48500001430511475,14,"[0, 9, 10, 11, 15, 17, 19, 20, 21, 22, 23, 25, 26, 29]",14,"[0, 9, 10, 11, 15, 17, 19, 20, 21, 22, 23, 25, 26, 29]",0,[],0.43617719944034306,0.038917580410931844,0.197275392309664,25.695328163800816,0.5328571428571428,0.03262040816326531,0.18061120719176124,0.5328571428571428,0.03262040816326531,0.18061120719176124
9,5,15,100000100101010101101001111111,0.463125,0.4830418461933732,0.4570000171661377,16,"[0, 6, 9, 11, 13, 15, 17, 18, 20, 23, 24, 25, 26, 27, 28, 29]",16,"[0, 6, 9, 11, 13, 15, 17, 18, 20, 23, 24, 25, 26, 27, 28, 29]",0,[],0.4830418461933732,0.04052750770946276,0.2013144498277825,24.67459897038056,0.536875,0.028846484375000002,0.16984252816947823,0.536875,0.028846484375000002,0.16984252816947823
9,5,16,100000100111010101011111010001,0.4880000000000001,0.4649003396431605,0.43650001287460327,15,"[0, 6, 9, 10, 11, 13, 15, 17, 19, 20, 21, 22, 23, 25, 29]",15,"[0, 6, 9, 10, 11, 13, 15, 17, 19, 20, 21, 22, 23, 25, 29]",0,[],0.4649003396431605,0.03339173753890946,0.18273406233898884,29.94752815227892,0.5119999999999999,0.02160266666666667,0.1469784564712348,0.5119999999999999,0.02160266666666667,0.1469784564712348
9,5,17,110000100001010101011111011101,0.44375,0.45583946723490953,0.5020000040531158,16,"[0, 1, 6, 11, 13, 15, 17, 19, 20, 21, 22, 23, 25, 26, 27, 29]",16,"[0, 1, 6, 11, 13, 15, 17, 19, 20, 21, 22, 23, 25, 26, 27, 29]",0,[],0.45583946723490953,0.03987994749896465,0.19969964321191125,25.075258687990036,0.55625,0.0257359375,0.1604242422453664,0.55625,0.0257359375,0.1604242422453664
9,5,18,110110001001100101111001111110,0.423888888888889,0.5248853522870276,0.37050002813339233,18,"[0, 1, 3, 4, 8, 11, 12, 15, 17, 18, 19, 20, 23, 24, 25, 26, 27, 28]",18,"[0, 1, 3, 4, 8, 11, 12, 15, 17, 18, 19, 20, 23, 24, 25, 26, 27, 28]",0,[],0.5248853522870276,0.05071074091166978,0.2251904547525711,19.719688216384856,0.576111111111111,0.03149043209876544,0.17745543693774343,0.576111111111111,0.03149043209876544,0.17745543693774343
9,5,19,110010100001010011001111011111,0.4729411764705883,0.4754142279134077,0.3930000066757202,17,"[0, 1, 4, 6, 11, 13, 16, 17, 20, 21, 22, 23, 25, 26, 27, 28, 29]",17,"[0, 1, 4, 6, 11, 13, 16, 17, 20, 21, 22, 23, 25, 26, 27, 28, 29]",0,[],0.4754142279134077,0.03617093072341445,0.19018656819926702,27.64651005655965,0.5270588235294117,0.026879584775086503,0.16394994594414022,0.5270588235294117,0.026879584775086503,0.16394994594414022
9,5,20,110000000000100000100101011111,0.4363636363636364,0.49124262549660425,0.4700000286102295,11,"[0, 1, 12, 18, 21, 23, 25, 26, 27, 28, 29]",11,"[0, 1, 12, 18, 21, 23, 25, 26, 27, 28, 29]",0,[],0.49124262549660425,0.049151474244291206,0.221701317642208,20.345269707065743,0.5636363636363636,0.03360495867768595,0.18331655320152065,0.5636363636363636,0.03360495867768595,0.18331655320152065
9,5,21,111100000000100011001001001001,0.42727272727272736,0.5085360421375795,0.421500027179718,11,"[0, 1, 2, 3, 12, 16, 17, 20, 23, 26, 29]",11,"[0, 1, 2, 3, 12, 16, 17, 20, 23, 26, 29]",0,[],0.5085360421375795,0.0728887179549516,0.2699791065155813,13.719544369240293,0.5727272727272726,0.03891074380165289,0.19725806397116669,0.5727272727272726,0.03891074380165289,0.19725806397116669
9,5,22,110101110011001111000001011000,0.45466666666666655,0.4970624655485153,0.4375,15,"[0, 1, 3, 5, 6, 7, 10, 11, 14, 15, 16, 17, 23, 25, 26]",15,"[0, 1, 3, 5, 6, 7, 10, 11, 14, 15, 16, 17, 23, 25, 26]",0,[],0.4970624655485153,0.049648445200988434,0.22281931065549151,20.14161764687228,0.5453333333333334,0.03385155555555555,0.18398792230892644,0.5453333333333334,0.03385155555555555,0.18398792230892644
9,5,23,100000100101010101011111011111,0.4594117647058824,0.46648232814143686,0.4829999804496765,17,"[0, 6, 9, 11, 13, 15, 17, 19, 20, 21, 22, 23, 25, 26, 27, 28, 29]",17,"[0, 6, 9, 11, 13, 15, 17, 19, 20, 21, 22, 23, 25, 26, 27, 28, 29]",0,[],0.46648232814143686,0.03947302525009339,0.19867819520544622,25.33375624655559,0.5405882352941176,0.02638200692041523,0.1624253887802496,0.5405882352941176,0.02638200692041523,0.1624253887802496
9,5,24,110101010001011011111001111101,0.4436842105263158,0.49904898514873103,0.4039999842643738,19,"[0, 1, 3, 5, 7, 11, 13, 14, 16, 17, 18, 19, 20, 23, 24, 25, 26, 27, 29]",19,"[0, 1, 3, 5, 7, 11, 13, 14, 16, 17, 18, 19, 20, 23, 24, 25, 26, 27, 29]",0,[],0.49904898514873103,0.049622510215796445,0.2227611057069803,20.15214457413055,0.5563157894736842,0.027991689750692522,0.1673071718447614,0.5563157894736842,0.027991689750692522,0.1673071718447614
9,5,25,110100100001010101011011011101,0.431875,0.4764621676877141,0.4729999899864197,16,"[0, 1, 3, 6, 11, 13, 15, 17, 19, 20, 22, 23, 25, 26, 27, 29]",16,"[0, 1, 3, 6, 11, 13, 15, 17, 19, 20, 22, 23, 25, 26, 27, 29]",0,[],0.4764621676877141,0.049293904170095576,0.22202230556882246,20.286484035619473,0.568125,0.029840234375,0.17274326144599678,0.568125,0.029840234375,0.17274326144599678
9,5,26,110011111001011111000101111001,0.4610526315789474,0.4938043285357325,0.39499998092651367,19,"[0, 1, 4, 5, 6, 7, 8, 11, 13, 14, 15, 16, 17, 21, 23, 24, 25, 26, 29]",19,"[0, 1, 4, 5, 6, 7, 8, 11, 13, 14, 15, 16, 17, 21, 23, 24, 25, 26, 29]",0,[],0.4938043285357325,0.03962539360680052,0.19906128103375734,25.236342379912152,0.5389473684210526,0.025388365650969535,0.1593372701252583,0.5389473684210526,0.025388365650969535,0.1593372701252583
9,5,27,111100001000010011000111111001,0.45533333333333337,0.5173585285743078,0.390500009059906,15,"[0, 1, 2, 3, 8, 13, 16, 17, 21, 22, 23, 24, 25, 26, 29]",15,"[0, 1, 2, 3, 8, 13, 16, 17, 21, 22, 23, 24, 25, 26, 29]",0,[],0.5173585285743078,0.05880561246483594,0.24249868549094433,17.0051795752994,0.5446666666666666,0.037024888888888885,0.1924185253266662,0.5446666666666666,0.037024888888888885,0.1924185253266662
9,5,28,110100100001111000000111011001,0.42500000000000004,0.5237634756735393,0.4139999747276306,14,"[0, 1, 3, 6, 11, 12, 13, 14, 21, 22, 23, 25, 26, 29]",14,"[0, 1, 3, 6, 11, 12, 13, 14, 21, 22, 23, 25, 26, 29]",0,[],0.5237634756735393,0.051004081532538055,0.22584083229685914,19.606274046167265,0.575,0.03045357142857142,0.17450951672780318,0.575,0.03045357142857142,0.17450951672780318
9,5,29,111100000001010011001111010001,0.4671428571428572,0.5124851518443653,0.3799999952316284,14,"[0, 1, 2, 3, 11, 13, 16, 17, 20, 21, 22, 23, 25, 29]",14,"[0, 1, 2, 3, 11, 13, 16, 17, 20, 21, 22, 23, 25, 29]",0,[],0.5124851518443653,0.05047786664216965,0.22467279907049195,19.810662900808715,0.5328571428571428,0.027006122448979587,0.16433539621450877,0.5328571428571428,0.027006122448979587,0.16433539621450877
