round,generation,solution_index,client_id,bitstring,selected,available,unavailable,utility,local_test_accuracy,last_round_participated,number_of_times_fitted
0,1,0,0,110001001000101101111011110100,1,1,0,0.1031238688359326,0.171875,1,1
0,1,0,1,110001001000101101111011110100,1,1,0,0.9025529066795668,0.01666666753590107,1,1
0,1,0,5,110001001000101101111011110100,1,1,0,0.8955232284962005,0.3448275923728943,1,1
0,1,0,8,110001001000101101111011110100,1,1,0,0.9053819764192635,0.01600000075995922,1,1
0,1,0,12,110001001000101101111011110100,1,1,0,0.950607146937556,0.0,1,1
0,1,0,14,110001001000101101111011110100,1,1,0,0.6318372121697993,0.030612245202064514,1,1
0,1,0,15,110001001000101101111011110100,1,1,0,0.4484455219783197,0.0,1,1
0,1,0,17,110001001000101101111011110100,1,1,0,0.3286645453699159,0.2666666805744171,1,1
0,1,0,18,110001001000101101111011110100,1,1,0,0.6725184560770384,0.0923076942563057,1,1
0,1,0,19,110001001000101101111011110100,1,1,0,0.75237452943768,0.4166666567325592,1,1
0,1,0,20,110001001000101101111011110100,1,1,0,0.7915790437258485,0.0,1,1
0,1,0,22,110001001000101101111011110100,1,0,1,0.0912061030486903,0.1489361673593521,1,1
0,1,0,23,110001001000101101111011110100,1,1,0,0.4944203047025814,0.07575757801532745,1,1
0,1,0,24,110001001000101101111011110100,1,0,1,0.0575587600166442,0.21739129722118378,1,1
0,1,0,25,110001001000101101111011110100,1,1,0,0.5495288823237355,0.3076923191547394,1,1
0,1,0,27,110001001000101101111011110100,1,1,0,0.8877041827582998,0.06382978707551956,1,1
0,1,1,0,110110000001101101000001101000,1,1,0,0.1031238688359326,0.171875,1,1
0,1,1,1,110110000001101101000001101000,1,1,0,0.9025529066795668,0.01666666753590107,1,1
0,1,1,3,110110000001101101000001101000,1,1,0,0.8264574661077416,0.03125,1,1
0,1,1,4,110110000001101101000001101000,1,1,0,0.3200496010306117,0.04444444552063942,1,1
0,1,1,11,110110000001101101000001101000,1,1,0,0.9500619670508048,0.043478261679410934,1,1
0,1,1,12,110110000001101101000001101000,1,1,0,0.950607146937556,0.0,1,1
0,1,1,14,110110000001101101000001101000,1,1,0,0.6318372121697993,0.030612245202064514,1,1
0,1,1,15,110110000001101101000001101000,1,1,0,0.4484455219783197,0.0,1,1
0,1,1,17,110110000001101101000001101000,1,1,0,0.3286645453699159,0.2666666805744171,1,1
0,1,1,23,110110000001101101000001101000,1,1,0,0.4944203047025814,0.07575757801532745,1,1
0,1,1,24,110110000001101101000001101000,1,0,1,0.0575587600166442,0.21739129722118378,1,1
0,1,1,26,110110000001101101000001101000,1,1,0,0.441530501373377,0.6346153616905212,1,1
0,1,2,0,100110100011001111001001000111,1,1,0,0.1031238688359326,0.171875,1,1
0,1,2,3,100110100011001111001001000111,1,1,0,0.8264574661077416,0.03125,1,1
0,1,2,4,100110100011001111001001000111,1,1,0,0.3200496010306117,0.04444444552063942,1,1
0,1,2,6,100110100011001111001001000111,1,1,0,0.3892016787341631,0.01315789483487606,1,1
0,1,2,10,100110100011001111001001000111,1,1,0,0.3193136375904148,0.02500000037252903,1,1
0,1,2,11,100110100011001111001001000111,1,1,0,0.9500619670508048,0.043478261679410934,1,1
0,1,2,14,100110100011001111001001000111,1,1,0,0.6318372121697993,0.030612245202064514,1,1
0,1,2,15,100110100011001111001001000111,1,1,0,0.4484455219783197,0.0,1,1
0,1,2,16,100110100011001111001001000111,1,1,0,0.2932107716980645,0.013698630034923553,1,1
0,1,2,17,100110100011001111001001000111,1,1,0,0.3286645453699159,0.2666666805744171,1,1
0,1,2,20,100110100011001111001001000111,1,1,0,0.7915790437258485,0.0,1,1
0,1,2,23,100110100011001111001001000111,1,1,0,0.4944203047025814,0.07575757801532745,1,1
0,1,2,27,100110100011001111001001000111,1,1,0,0.8877041827582998,0.06382978707551956,1,1
0,1,2,28,100110100011001111001001000111,1,1,0,0.3509150125520787,0.02985074557363987,1,1
0,1,2,29,100110100011001111001001000111,1,1,0,0.1170670164276058,0.02521008439362049,1,1
0,1,3,1,010110100011000011000000110000,1,1,0,0.9025529066795668,0.01666666753590107,1,1
0,1,3,3,010110100011000011000000110000,1,1,0,0.8264574661077416,0.03125,1,1
0,1,3,4,010110100011000011000000110000,1,1,0,0.3200496010306117,0.04444444552063942,1,1
0,1,3,6,010110100011000011000000110000,1,1,0,0.3892016787341631,0.01315789483487606,1,1
0,1,3,10,010110100011000011000000110000,1,1,0,0.3193136375904148,0.02500000037252903,1,1
0,1,3,11,010110100011000011000000110000,1,1,0,0.9500619670508048,0.043478261679410934,1,1
0,1,3,16,010110100011000011000000110000,1,1,0,0.2932107716980645,0.013698630034923553,1,1
0,1,3,17,010110100011000011000000110000,1,1,0,0.3286645453699159,0.2666666805744171,1,1
0,1,3,24,010110100011000011000000110000,1,0,1,0.0575587600166442,0.21739129722118378,1,1
0,1,3,25,010110100011000011000000110000,1,1,0,0.5495288823237355,0.3076923191547394,1,1
0,1,4,0,101110100111101000001001101010,1,1,0,0.1031238688359326,0.171875,1,1
0,1,4,2,101110100111101000001001101010,1,1,0,0.5052523724478571,0.008547008968889713,1,1
0,1,4,3,101110100111101000001001101010,1,1,0,0.8264574661077416,0.03125,1,1
0,1,4,4,101110100111101000001001101010,1,1,0,0.3200496010306117,0.04444444552063942,1,1
0,1,4,6,101110100111101000001001101010,1,1,0,0.3892016787341631,0.01315789483487606,1,1
0,1,4,9,101110100111101000001001101010,1,0,1,0.0912866767861335,0.07692307978868484,1,1
0,1,4,10,101110100111101000001001101010,1,1,0,0.3193136375904148,0.02500000037252903,1,1
0,1,4,11,101110100111101000001001101010,1,1,0,0.9500619670508048,0.043478261679410934,1,1
0,1,4,12,101110100111101000001001101010,1,1,0,0.950607146937556,0.0,1,1
0,1,4,14,101110100111101000001001101010,1,1,0,0.6318372121697993,0.030612245202064514,1,1
0,1,4,20,101110100111101000001001101010,1,1,0,0.7915790437258485,0.0,1,1
0,1,4,23,101110100111101000001001101010,1,1,0,0.4944203047025814,0.07575757801532745,1,1
0,1,4,24,101110100111101000001001101010,1,0,1,0.0575587600166442,0.21739129722118378,1,1
0,1,4,26,101110100111101000001001101010,1,1,0,0.441530501373377,0.6346153616905212,1,1
0,1,4,28,101110100111101000001001101010,1,1,0,0.3509150125520787,0.02985074557363987,1,1
0,1,5,0,100100110010100000100000010111,1,1,0,0.1031238688359326,0.171875,1,1
0,1,5,3,100100110010100000100000010111,1,1,0,0.8264574661077416,0.03125,1,1
0,1,5,6,100100110010100000100000010111,1,1,0,0.3892016787341631,0.01315789483487606,1,1
0,1,5,7,100100110010100000100000010111,1,0,1,0.0108376514802983,0.09259258955717087,1,1
0,1,5,10,100100110010100000100000010111,1,1,0,0.3193136375904148,0.02500000037252903,1,1
0,1,5,12,100100110010100000100000010111,1,1,0,0.950607146937556,0.0,1,1
0,1,5,18,100100110010100000100000010111,1,1,0,0.6725184560770384,0.0923076942563057,1,1
0,1,5,25,100100110010100000100000010111,1,1,0,0.5495288823237355,0.3076923191547394,1,1
0,1,5,27,100100110010100000100000010111,1,1,0,0.8877041827582998,0.06382978707551956,1,1
0,1,5,28,100100110010100000100000010111,1,1,0,0.3509150125520787,0.02985074557363987,1,1
0,1,5,29,100100110010100000100000010111,1,1,0,0.1170670164276058,0.02521008439362049,1,1
0,1,6,0,110000000111101100011001110110,1,1,0,0.1031238688359326,0.171875,1,1
0,1,6,1,110000000111101100011001110110,1,1,0,0.9025529066795668,0.01666666753590107,1,1
0,1,6,9,110000000111101100011001110110,1,0,1,0.0912866767861335,0.07692307978868484,1,1
0,1,6,10,110000000111101100011001110110,1,1,0,0.3193136375904148,0.02500000037252903,1,1
0,1,6,11,110000000111101100011001110110,1,1,0,0.9500619670508048,0.043478261679410934,1,1
0,1,6,12,110000000111101100011001110110,1,1,0,0.950607146937556,0.0,1,1
0,1,6,14,110000000111101100011001110110,1,1,0,0.6318372121697993,0.030612245202064514,1,1
0,1,6,15,110000000111101100011001110110,1,1,0,0.4484455219783197,0.0,1,1
0,1,6,19,110000000111101100011001110110,1,1,0,0.75237452943768,0.4166666567325592,1,1
0,1,6,20,110000000111101100011001110110,1,1,0,0.7915790437258485,0.0,1,1
0,1,6,23,110000000111101100011001110110,1,1,0,0.4944203047025814,0.07575757801532745,1,1
0,1,6,24,110000000111101100011001110110,1,0,1,0.0575587600166442,0.21739129722118378,1,1
0,1,6,25,110000000111101100011001110110,1,1,0,0.5495288823237355,0.3076923191547394,1,1
0,1,6,27,110000000111101100011001110110,1,1,0,0.8877041827582998,0.06382978707551956,1,1
0,1,6,28,110000000111101100011001110110,1,1,0,0.3509150125520787,0.02985074557363987,1,1
0,1,7,0,100101011110101111011101010101,1,1,0,0.1031238688359326,0.171875,1,1
0,1,7,3,100101011110101111011101010101,1,1,0,0.8264574661077416,0.03125,1,1
0,1,7,5,100101011110101111011101010101,1,1,0,0.8955232284962005,0.3448275923728943,1,1
0,1,7,7,100101011110101111011101010101,1,0,1,0.0108376514802983,0.09259258955717087,1,1
0,1,7,8,100101011110101111011101010101,1,1,0,0.9053819764192635,0.01600000075995922,1,1
0,1,7,9,100101011110101111011101010101,1,0,1,0.0912866767861335,0.07692307978868484,1,1
0,1,7,10,100101011110101111011101010101,1,1,0,0.3193136375904148,0.02500000037252903,1,1
0,1,7,12,100101011110101111011101010101,1,1,0,0.950607146937556,0.0,1,1
0,1,7,14,100101011110101111011101010101,1,1,0,0.6318372121697993,0.030612245202064514,1,1
0,1,7,15,100101011110101111011101010101,1,1,0,0.4484455219783197,0.0,1,1
0,1,7,16,100101011110101111011101010101,1,1,0,0.2932107716980645,0.013698630034923553,1,1
0,1,7,17,100101011110101111011101010101,1,1,0,0.3286645453699159,0.2666666805744171,1,1
0,1,7,19,100101011110101111011101010101,1,1,0,0.75237452943768,0.4166666567325592,1,1
0,1,7,20,100101011110101111011101010101,1,1,0,0.7915790437258485,0.0,1,1
0,1,7,21,100101011110101111011101010101,1,1,0,0.7896181427945539,0.05882352963089943,1,1
0,1,7,23,100101011110101111011101010101,1,1,0,0.4944203047025814,0.07575757801532745,1,1
0,1,7,25,100101011110101111011101010101,1,1,0,0.5495288823237355,0.3076923191547394,1,1
0,1,7,27,100101011110101111011101010101,1,1,0,0.8877041827582998,0.06382978707551956,1,1
0,1,7,29,100101011110101111011101010101,1,1,0,0.1170670164276058,0.02521008439362049,1,1
0,2,0,0,110001001000101101111011110100,1,1,0,0.1031238688359326,0.171875,1,1
0,2,0,1,110001001000101101111011110100,1,1,0,0.9025529066795668,0.01666666753590107,1,1
0,2,0,5,110001001000101101111011110100,1,1,0,0.8955232284962005,0.3448275923728943,1,1
0,2,0,8,110001001000101101111011110100,1,1,0,0.9053819764192635,0.01600000075995922,1,1
0,2,0,12,110001001000101101111011110100,1,1,0,0.950607146937556,0.0,1,1
0,2,0,14,110001001000101101111011110100,1,1,0,0.6318372121697993,0.030612245202064514,1,1
0,2,0,15,110001001000101101111011110100,1,1,0,0.4484455219783197,0.0,1,1
0,2,0,17,110001001000101101111011110100,1,1,0,0.3286645453699159,0.2666666805744171,1,1
0,2,0,18,110001001000101101111011110100,1,1,0,0.6725184560770384,0.0923076942563057,1,1
0,2,0,19,110001001000101101111011110100,1,1,0,0.75237452943768,0.4166666567325592,1,1
0,2,0,20,110001001000101101111011110100,1,1,0,0.7915790437258485,0.0,1,1
0,2,0,22,110001001000101101111011110100,1,0,1,0.0912061030486903,0.1489361673593521,1,1
0,2,0,23,110001001000101101111011110100,1,1,0,0.4944203047025814,0.07575757801532745,1,1
0,2,0,24,110001001000101101111011110100,1,0,1,0.0575587600166442,0.21739129722118378,1,1
0,2,0,25,110001001000101101111011110100,1,1,0,0.5495288823237355,0.3076923191547394,1,1
0,2,0,27,110001001000101101111011110100,1,1,0,0.8877041827582998,0.06382978707551956,1,1
0,2,1,0,110110000001101101000001101000,1,1,0,0.1031238688359326,0.171875,1,1
0,2,1,1,110110000001101101000001101000,1,1,0,0.9025529066795668,0.01666666753590107,1,1
0,2,1,3,110110000001101101000001101000,1,1,0,0.8264574661077416,0.03125,1,1
0,2,1,4,110110000001101101000001101000,1,1,0,0.3200496010306117,0.04444444552063942,1,1
0,2,1,11,110110000001101101000001101000,1,1,0,0.9500619670508048,0.043478261679410934,1,1
0,2,1,12,110110000001101101000001101000,1,1,0,0.950607146937556,0.0,1,1
0,2,1,14,110110000001101101000001101000,1,1,0,0.6318372121697993,0.030612245202064514,1,1
0,2,1,15,110110000001101101000001101000,1,1,0,0.4484455219783197,0.0,1,1
0,2,1,17,110110000001101101000001101000,1,1,0,0.3286645453699159,0.2666666805744171,1,1
0,2,1,23,110110000001101101000001101000,1,1,0,0.4944203047025814,0.07575757801532745,1,1
0,2,1,24,110110000001101101000001101000,1,0,1,0.0575587600166442,0.21739129722118378,1,1
0,2,1,26,110110000001101101000001101000,1,1,0,0.441530501373377,0.6346153616905212,1,1
0,2,2,0,110000000111101100011001110110,1,1,0,0.1031238688359326,0.171875,1,1
0,2,2,1,110000000111101100011001110110,1,1,0,0.9025529066795668,0.01666666753590107,1,1
0,2,2,9,110000000111101100011001110110,1,0,1,0.0912866767861335,0.07692307978868484,1,1
0,2,2,10,110000000111101100011001110110,1,1,0,0.3193136375904148,0.02500000037252903,1,1
0,2,2,11,110000000111101100011001110110,1,1,0,0.9500619670508048,0.043478261679410934,1,1
0,2,2,12,110000000111101100011001110110,1,1,0,0.950607146937556,0.0,1,1
0,2,2,14,110000000111101100011001110110,1,1,0,0.6318372121697993,0.030612245202064514,1,1
0,2,2,15,110000000111101100011001110110,1,1,0,0.4484455219783197,0.0,1,1
0,2,2,19,110000000111101100011001110110,1,1,0,0.75237452943768,0.4166666567325592,1,1
0,2,2,20,110000000111101100011001110110,1,1,0,0.7915790437258485,0.0,1,1
0,2,2,23,110000000111101100011001110110,1,1,0,0.4944203047025814,0.07575757801532745,1,1
0,2,2,24,110000000111101100011001110110,1,0,1,0.0575587600166442,0.21739129722118378,1,1
0,2,2,25,110000000111101100011001110110,1,1,0,0.5495288823237355,0.3076923191547394,1,1
0,2,2,27,110000000111101100011001110110,1,1,0,0.8877041827582998,0.06382978707551956,1,1
0,2,2,28,110000000111101100011001110110,1,1,0,0.3509150125520787,0.02985074557363987,1,1
0,2,3,1,010110101011000101000000110000,1,1,0,0.9025529066795668,0.01666666753590107,1,1
0,2,3,3,010110101011000101000000110000,1,1,0,0.8264574661077416,0.03125,1,1
0,2,3,4,010110101011000101000000110000,1,1,0,0.3200496010306117,0.04444444552063942,1,1
0,2,3,6,010110101011000101000000110000,1,1,0,0.3892016787341631,0.01315789483487606,1,1
0,2,3,8,010110101011000101000000110000,1,1,0,0.9053819764192635,0.01600000075995922,1,1
0,2,3,10,010110101011000101000000110000,1,1,0,0.3193136375904148,0.02500000037252903,1,1
0,2,3,11,010110101011000101000000110000,1,1,0,0.9500619670508048,0.043478261679410934,1,1
0,2,3,15,010110101011000101000000110000,1,1,0,0.4484455219783197,0.0,1,1
0,2,3,17,010110101011000101000000110000,1,1,0,0.3286645453699159,0.2666666805744171,1,1
0,2,3,24,010110101011000101000000110000,1,0,1,0.0575587600166442,0.21739129722118378,1,1
0,2,3,25,010110101011000101000000110000,1,1,0,0.5495288823237355,0.3076923191547394,1,1
0,2,4,2,001010010100101100000000100000,1,1,0,0.5052523724478571,0.008547008968889713,1,1
0,2,4,4,001010010100101100000000100000,1,1,0,0.3200496010306117,0.04444444552063942,1,1
0,2,4,7,001010010100101100000000100000,1,0,1,0.0108376514802983,0.09259258955717087,1,1
0,2,4,9,001010010100101100000000100000,1,0,1,0.0912866767861335,0.07692307978868484,1,1
0,2,4,12,001010010100101100000000100000,1,1,0,0.950607146937556,0.0,1,1
0,2,4,14,001010010100101100000000100000,1,1,0,0.6318372121697993,0.030612245202064514,1,1
0,2,4,15,001010010100101100000000100000,1,1,0,0.4484455219783197,0.0,1,1
0,2,4,24,001010010100101100000000100000,1,0,1,0.0575587600166442,0.21739129722118378,1,1
0,2,5,1,011101011110001011011100000111,1,1,0,0.9025529066795668,0.01666666753590107,1,1
0,2,5,2,011101011110001011011100000111,1,1,0,0.5052523724478571,0.008547008968889713,1,1
0,2,5,3,011101011110001011011100000111,1,1,0,0.8264574661077416,0.03125,1,1
0,2,5,5,011101011110001011011100000111,1,1,0,0.8955232284962005,0.3448275923728943,1,1
0,2,5,7,011101011110001011011100000111,1,0,1,0.0108376514802983,0.09259258955717087,1,1
0,2,5,8,011101011110001011011100000111,1,1,0,0.9053819764192635,0.01600000075995922,1,1
0,2,5,9,011101011110001011011100000111,1,0,1,0.0912866767861335,0.07692307978868484,1,1
0,2,5,10,011101011110001011011100000111,1,1,0,0.3193136375904148,0.02500000037252903,1,1
0,2,5,14,011101011110001011011100000111,1,1,0,0.6318372121697993,0.030612245202064514,1,1
0,2,5,16,011101011110001011011100000111,1,1,0,0.2932107716980645,0.013698630034923553,1,1
0,2,5,17,011101011110001011011100000111,1,1,0,0.3286645453699159,0.2666666805744171,1,1
0,2,5,19,011101011110001011011100000111,1,1,0,0.75237452943768,0.4166666567325592,1,1
0,2,5,20,011101011110001011011100000111,1,1,0,0.7915790437258485,0.0,1,1
0,2,5,21,011101011110001011011100000111,1,1,0,0.7896181427945539,0.05882352963089943,1,1
0,2,5,27,011101011110001011011100000111,1,1,0,0.8877041827582998,0.06382978707551956,1,1
0,2,5,28,011101011110001011011100000111,1,1,0,0.3509150125520787,0.02985074557363987,1,1
0,2,5,29,011101011110001011011100000111,1,1,0,0.1170670164276058,0.02521008439362049,1,1
0,2,6,0,100001010101010000010010000100,1,1,0,0.1031238688359326,0.171875,1,1
0,2,6,5,100001010101010000010010000100,1,1,0,0.8955232284962005,0.3448275923728943,1,1
0,2,6,7,100001010101010000010010000100,1,0,1,0.0108376514802983,0.09259258955717087,1,1
0,2,6,9,100001010101010000010010000100,1,0,1,0.0912866767861335,0.07692307978868484,1,1
0,2,6,11,100001010101010000010010000100,1,1,0,0.9500619670508048,0.043478261679410934,1,1
0,2,6,13,100001010101010000010010000100,1,1,0,0.5734378881232861,0.47999998927116394,1,1
0,2,6,19,100001010101010000010010000100,1,1,0,0.75237452943768,0.4166666567325592,1,1
0,2,6,22,100001010101010000010010000100,1,0,1,0.0912061030486903,0.1489361673593521,1,1
0,2,6,27,100001010101010000010010000100,1,1,0,0.8877041827582998,0.06382978707551956,1,1
0,2,7,1,010101110001001100011011001111,1,1,0,0.9025529066795668,0.01666666753590107,1,1
0,2,7,3,010101110001001100011011001111,1,1,0,0.8264574661077416,0.03125,1,1
0,2,7,5,010101110001001100011011001111,1,1,0,0.8955232284962005,0.3448275923728943,1,1
0,2,7,6,010101110001001100011011001111,1,1,0,0.3892016787341631,0.01315789483487606,1,1
0,2,7,7,010101110001001100011011001111,1,0,1,0.0108376514802983,0.09259258955717087,1,1
0,2,7,11,010101110001001100011011001111,1,1,0,0.9500619670508048,0.043478261679410934,1,1
0,2,7,14,010101110001001100011011001111,1,1,0,0.6318372121697993,0.030612245202064514,1,1
0,2,7,15,010101110001001100011011001111,1,1,0,0.4484455219783197,0.0,1,1
0,2,7,19,010101110001001100011011001111,1,1,0,0.75237452943768,0.4166666567325592,1,1
0,2,7,20,010101110001001100011011001111,1,1,0,0.7915790437258485,0.0,1,1
0,2,7,22,010101110001001100011011001111,1,0,1,0.0912061030486903,0.1489361673593521,1,1
0,2,7,23,010101110001001100011011001111,1,1,0,0.4944203047025814,0.07575757801532745,1,1
0,2,7,26,010101110001001100011011001111,1,1,0,0.441530501373377,0.6346153616905212,1,1
0,2,7,27,010101110001001100011011001111,1,1,0,0.8877041827582998,0.06382978707551956,1,1
0,2,7,28,010101110001001100011011001111,1,1,0,0.3509150125520787,0.02985074557363987,1,1
0,2,7,29,010101110001001100011011001111,1,1,0,0.1170670164276058,0.02521008439362049,1,1
0,2,8,0,110000000011101010001100100110,1,1,0,0.1031238688359326,0.171875,1,1
0,2,8,1,110000000011101010001100100110,1,1,0,0.9025529066795668,0.01666666753590107,1,1
0,2,8,10,110000000011101010001100100110,1,1,0,0.3193136375904148,0.02500000037252903,1,1
0,2,8,11,110000000011101010001100100110,1,1,0,0.9500619670508048,0.043478261679410934,1,1
0,2,8,12,110000000011101010001100100110,1,1,0,0.950607146937556,0.0,1,1
0,2,8,14,110000000011101010001100100110,1,1,0,0.6318372121697993,0.030612245202064514,1,1
0,2,8,16,110000000011101010001100100110,1,1,0,0.2932107716980645,0.013698630034923553,1,1
0,2,8,20,110000000011101010001100100110,1,1,0,0.7915790437258485,0.0,1,1
0,2,8,21,110000000011101010001100100110,1,1,0,0.7896181427945539,0.05882352963089943,1,1
0,2,8,24,110000000011101010001100100110,1,0,1,0.0575587600166442,0.21739129722118378,1,1
0,2,8,27,110000000011101010001100100110,1,1,0,0.8877041827582998,0.06382978707551956,1,1
0,2,8,28,110000000011101010001100100110,1,1,0,0.3509150125520787,0.02985074557363987,1,1
0,3,0,2,001010010100101100000000100000,1,1,0,0.5052523724478571,0.008547008968889713,1,1
0,3,0,4,001010010100101100000000100000,1,1,0,0.3200496010306117,0.04444444552063942,1,1
0,3,0,7,001010010100101100000000100000,1,0,1,0.0108376514802983,0.09259258955717087,1,1
0,3,0,9,001010010100101100000000100000,1,0,1,0.0912866767861335,0.07692307978868484,1,1
0,3,0,12,001010010100101100000000100000,1,1,0,0.950607146937556,0.0,1,1
0,3,0,14,001010010100101100000000100000,1,1,0,0.6318372121697993,0.030612245202064514,1,1
0,3,0,15,001010010100101100000000100000,1,1,0,0.4484455219783197,0.0,1,1
0,3,0,24,001010010100101100000000100000,1,0,1,0.0575587600166442,0.21739129722118378,1,1
0,3,1,2,001010010100101110000000100000,1,1,0,0.5052523724478571,0.008547008968889713,1,1
0,3,1,4,001010010100101110000000100000,1,1,0,0.3200496010306117,0.04444444552063942,1,1
0,3,1,7,001010010100101110000000100000,1,0,1,0.0108376514802983,0.09259258955717087,1,1
0,3,1,9,001010010100101110000000100000,1,0,1,0.0912866767861335,0.07692307978868484,1,1
0,3,1,12,001010010100101110000000100000,1,1,0,0.950607146937556,0.0,1,1
0,3,1,14,001010010100101110000000100000,1,1,0,0.6318372121697993,0.030612245202064514,1,1
0,3,1,15,001010010100101110000000100000,1,1,0,0.4484455219783197,0.0,1,1
0,3,1,16,001010010100101110000000100000,1,1,0,0.2932107716980645,0.013698630034923553,1,1
0,3,1,24,001010010100101110000000100000,1,0,1,0.0575587600166442,0.21739129722118378,1,1
0,3,2,2,001001011100101100000000100000,1,1,0,0.5052523724478571,0.008547008968889713,1,1
0,3,2,5,001001011100101100000000100000,1,1,0,0.8955232284962005,0.3448275923728943,1,1
0,3,2,7,001001011100101100000000100000,1,0,1,0.0108376514802983,0.09259258955717087,1,1
0,3,2,8,001001011100101100000000100000,1,1,0,0.9053819764192635,0.01600000075995922,1,1
0,3,2,9,001001011100101100000000100000,1,0,1,0.0912866767861335,0.07692307978868484,1,1
0,3,2,12,001001011100101100000000100000,1,1,0,0.950607146937556,0.0,1,1
0,3,2,14,001001011100101100000000100000,1,1,0,0.6318372121697993,0.030612245202064514,1,1
0,3,2,15,001001011100101100000000100000,1,1,0,0.4484455219783197,0.0,1,1
0,3,2,24,001001011100101100000000100000,1,0,1,0.0575587600166442,0.21739129722118378,1,1
0,3,3,1,010000000111101100011001100010,1,1,0,0.9025529066795668,0.01666666753590107,1,1
0,3,3,9,010000000111101100011001100010,1,0,1,0.0912866767861335,0.07692307978868484,1,1
0,3,3,10,010000000111101100011001100010,1,1,0,0.3193136375904148,0.02500000037252903,1,1
0,3,3,11,010000000111101100011001100010,1,1,0,0.9500619670508048,0.043478261679410934,1,1
0,3,3,12,010000000111101100011001100010,1,1,0,0.950607146937556,0.0,1,1
0,3,3,14,010000000111101100011001100010,1,1,0,0.6318372121697993,0.030612245202064514,1,1
0,3,3,15,010000000111101100011001100010,1,1,0,0.4484455219783197,0.0,1,1
0,3,3,19,010000000111101100011001100010,1,1,0,0.75237452943768,0.4166666567325592,1,1
0,3,3,20,010000000111101100011001100010,1,1,0,0.7915790437258485,0.0,1,1
0,3,3,23,010000000111101100011001100010,1,1,0,0.4944203047025814,0.07575757801532745,1,1
0,3,3,24,010000000111101100011001100010,1,0,1,0.0575587600166442,0.21739129722118378,1,1
0,3,3,28,010000000111101100011001100010,1,1,0,0.3509150125520787,0.02985074557363987,1,1
0,3,4,7,000000010100101100000110100110,1,0,1,0.0108376514802983,0.09259258955717087,1,1
0,3,4,9,000000010100101100000110100110,1,0,1,0.0912866767861335,0.07692307978868484,1,1
0,3,4,12,000000010100101100000110100110,1,1,0,0.950607146937556,0.0,1,1
0,3,4,14,000000010100101100000110100110,1,1,0,0.6318372121697993,0.030612245202064514,1,1
0,3,4,15,000000010100101100000110100110,1,1,0,0.4484455219783197,0.0,1,1
0,3,4,21,000000010100101100000110100110,1,1,0,0.7896181427945539,0.05882352963089943,1,1
0,3,4,22,000000010100101100000110100110,1,0,1,0.0912061030486903,0.1489361673593521,1,1
0,3,4,24,000000010100101100000110100110,1,0,1,0.0575587600166442,0.21739129722118378,1,1
0,3,4,27,000000010100101100000110100110,1,1,0,0.8877041827582998,0.06382978707551956,1,1
0,3,4,28,000000010100101100000110100110,1,1,0,0.3509150125520787,0.02985074557363987,1,1
0,4,0,2,001010010100101100000000100000,1,1,0,0.5052523724478571,0.008547008968889713,1,1
0,4,0,4,001010010100101100000000100000,1,1,0,0.3200496010306117,0.04444444552063942,1,1
0,4,0,7,001010010100101100000000100000,1,0,1,0.0108376514802983,0.09259258955717087,1,1
0,4,0,9,001010010100101100000000100000,1,0,1,0.0912866767861335,0.07692307978868484,1,1
0,4,0,12,001010010100101100000000100000,1,1,0,0.950607146937556,0.0,1,1
0,4,0,14,001010010100101100000000100000,1,1,0,0.6318372121697993,0.030612245202064514,1,1
0,4,0,15,001010010100101100000000100000,1,1,0,0.4484455219783197,0.0,1,1
0,4,0,24,001010010100101100000000100000,1,0,1,0.0575587600166442,0.21739129722118378,1,1
0,4,1,2,001010010100101110000000100000,1,1,0,0.5052523724478571,0.008547008968889713,1,1
0,4,1,4,001010010100101110000000100000,1,1,0,0.3200496010306117,0.04444444552063942,1,1
0,4,1,7,001010010100101110000000100000,1,0,1,0.0108376514802983,0.09259258955717087,1,1
0,4,1,9,001010010100101110000000100000,1,0,1,0.0912866767861335,0.07692307978868484,1,1
0,4,1,12,001010010100101110000000100000,1,1,0,0.950607146937556,0.0,1,1
0,4,1,14,001010010100101110000000100000,1,1,0,0.6318372121697993,0.030612245202064514,1,1
0,4,1,15,001010010100101110000000100000,1,1,0,0.4484455219783197,0.0,1,1
0,4,1,16,001010010100101110000000100000,1,1,0,0.2932107716980645,0.013698630034923553,1,1
0,4,1,24,001010010100101110000000100000,1,0,1,0.0575587600166442,0.21739129722118378,1,1
0,4,2,2,001001011100101100000000100000,1,1,0,0.5052523724478571,0.008547008968889713,1,1
0,4,2,5,001001011100101100000000100000,1,1,0,0.8955232284962005,0.3448275923728943,1,1
0,4,2,7,001001011100101100000000100000,1,0,1,0.0108376514802983,0.09259258955717087,1,1
0,4,2,8,001001011100101100000000100000,1,1,0,0.9053819764192635,0.01600000075995922,1,1
0,4,2,9,001001011100101100000000100000,1,0,1,0.0912866767861335,0.07692307978868484,1,1
0,4,2,12,001001011100101100000000100000,1,1,0,0.950607146937556,0.0,1,1
0,4,2,14,001001011100101100000000100000,1,1,0,0.6318372121697993,0.030612245202064514,1,1
0,4,2,15,001001011100101100000000100000,1,1,0,0.4484455219783197,0.0,1,1
0,4,2,24,001001011100101100000000100000,1,0,1,0.0575587600166442,0.21739129722118378,1,1
0,4,3,1,010000000111101100011001100010,1,1,0,0.9025529066795668,0.01666666753590107,1,1
0,4,3,9,010000000111101100011001100010,1,0,1,0.0912866767861335,0.07692307978868484,1,1
0,4,3,10,010000000111101100011001100010,1,1,0,0.3193136375904148,0.02500000037252903,1,1
0,4,3,11,010000000111101100011001100010,1,1,0,0.9500619670508048,0.043478261679410934,1,1
0,4,3,12,010000000111101100011001100010,1,1,0,0.950607146937556,0.0,1,1
0,4,3,14,010000000111101100011001100010,1,1,0,0.6318372121697993,0.030612245202064514,1,1
0,4,3,15,010000000111101100011001100010,1,1,0,0.4484455219783197,0.0,1,1
0,4,3,19,010000000111101100011001100010,1,1,0,0.75237452943768,0.4166666567325592,1,1
0,4,3,20,010000000111101100011001100010,1,1,0,0.7915790437258485,0.0,1,1
0,4,3,23,010000000111101100011001100010,1,1,0,0.4944203047025814,0.07575757801532745,1,1
0,4,3,24,010000000111101100011001100010,1,0,1,0.0575587600166442,0.21739129722118378,1,1
0,4,3,28,010000000111101100011001100010,1,1,0,0.3509150125520787,0.02985074557363987,1,1
0,4,4,7,000000010100101100000110100110,1,0,1,0.0108376514802983,0.09259258955717087,1,1
0,4,4,9,000000010100101100000110100110,1,0,1,0.0912866767861335,0.07692307978868484,1,1
0,4,4,12,000000010100101100000110100110,1,1,0,0.950607146937556,0.0,1,1
0,4,4,14,000000010100101100000110100110,1,1,0,0.6318372121697993,0.030612245202064514,1,1
0,4,4,15,000000010100101100000110100110,1,1,0,0.4484455219783197,0.0,1,1
0,4,4,21,000000010100101100000110100110,1,1,0,0.7896181427945539,0.05882352963089943,1,1
0,4,4,22,000000010100101100000110100110,1,0,1,0.0912061030486903,0.1489361673593521,1,1
0,4,4,24,000000010100101100000110100110,1,0,1,0.0575587600166442,0.21739129722118378,1,1
0,4,4,27,000000010100101100000110100110,1,1,0,0.8877041827582998,0.06382978707551956,1,1
0,4,4,28,000000010100101100000110100110,1,1,0,0.3509150125520787,0.02985074557363987,1,1
0,4,5,0,110001001100001100000000100000,1,1,0,0.1031238688359326,0.171875,1,1
0,4,5,1,110001001100001100000000100000,1,1,0,0.9025529066795668,0.01666666753590107,1,1
0,4,5,5,110001001100001100000000100000,1,1,0,0.8955232284962005,0.3448275923728943,1,1
0,4,5,8,110001001100001100000000100000,1,1,0,0.9053819764192635,0.01600000075995922,1,1
0,4,5,9,110001001100001100000000100000,1,0,1,0.0912866767861335,0.07692307978868484,1,1
0,4,5,14,110001001100001100000000100000,1,1,0,0.6318372121697993,0.030612245202064514,1,1
0,4,5,15,110001001100001100000000100000,1,1,0,0.4484455219783197,0.0,1,1
0,4,5,24,110001001100001100000000100000,1,0,1,0.0575587600166442,0.21739129722118378,1,1
0,4,6,7,000000010100101100000110000110,1,0,1,0.0108376514802983,0.09259258955717087,1,1
0,4,6,9,000000010100101100000110000110,1,0,1,0.0912866767861335,0.07692307978868484,1,1
0,4,6,12,000000010100101100000110000110,1,1,0,0.950607146937556,0.0,1,1
0,4,6,14,000000010100101100000110000110,1,1,0,0.6318372121697993,0.030612245202064514,1,1
0,4,6,15,000000010100101100000110000110,1,1,0,0.4484455219783197,0.0,1,1
0,4,6,21,000000010100101100000110000110,1,1,0,0.7896181427945539,0.05882352963089943,1,1
0,4,6,22,000000010100101100000110000110,1,0,1,0.0912061030486903,0.1489361673593521,1,1
0,4,6,27,000000010100101100000110000110,1,1,0,0.8877041827582998,0.06382978707551956,1,1
0,4,6,28,000000010100101100000110000110,1,1,0,0.3509150125520787,0.02985074557363987,1,1
0,4,7,7,000000010100101110100110100110,1,0,1,0.0108376514802983,0.09259258955717087,1,1
0,4,7,9,000000010100101110100110100110,1,0,1,0.0912866767861335,0.07692307978868484,1,1
0,4,7,12,000000010100101110100110100110,1,1,0,0.950607146937556,0.0,1,1
0,4,7,14,000000010100101110100110100110,1,1,0,0.6318372121697993,0.030612245202064514,1,1
0,4,7,15,000000010100101110100110100110,1,1,0,0.4484455219783197,0.0,1,1
0,4,7,16,000000010100101110100110100110,1,1,0,0.2932107716980645,0.013698630034923553,1,1
0,4,7,18,000000010100101110100110100110,1,1,0,0.6725184560770384,0.0923076942563057,1,1
0,4,7,21,000000010100101110100110100110,1,1,0,0.7896181427945539,0.05882352963089943,1,1
0,4,7,22,000000010100101110100110100110,1,0,1,0.0912061030486903,0.1489361673593521,1,1
0,4,7,24,000000010100101110100110100110,1,0,1,0.0575587600166442,0.21739129722118378,1,1
0,4,7,27,000000010100101110100110100110,1,1,0,0.8877041827582998,0.06382978707551956,1,1
0,4,7,28,000000010100101110100110100110,1,1,0,0.3509150125520787,0.02985074557363987,1,1
0,4,8,1,010010010100101100001001100010,1,1,0,0.9025529066795668,0.01666666753590107,1,1
0,4,8,4,010010010100101100001001100010,1,1,0,0.3200496010306117,0.04444444552063942,1,1
0,4,8,7,010010010100101100001001100010,1,0,1,0.0108376514802983,0.09259258955717087,1,1
0,4,8,9,010010010100101100001001100010,1,0,1,0.0912866767861335,0.07692307978868484,1,1
0,4,8,12,010010010100101100001001100010,1,1,0,0.950607146937556,0.0,1,1
0,4,8,14,010010010100101100001001100010,1,1,0,0.6318372121697993,0.030612245202064514,1,1
0,4,8,15,010010010100101100001001100010,1,1,0,0.4484455219783197,0.0,1,1
0,4,8,20,010010010100101100001001100010,1,1,0,0.7915790437258485,0.0,1,1
0,4,8,23,010010010100101100001001100010,1,1,0,0.4944203047025814,0.07575757801532745,1,1
0,4,8,24,010010010100101100001001100010,1,0,1,0.0575587600166442,0.21739129722118378,1,1
0,4,8,28,010010010100101100001001100010,1,1,0,0.3509150125520787,0.02985074557363987,1,1
0,4,9,1,010000010111101100011001100010,1,1,0,0.9025529066795668,0.01666666753590107,1,1
0,4,9,7,010000010111101100011001100010,1,0,1,0.0108376514802983,0.09259258955717087,1,1
0,4,9,9,010000010111101100011001100010,1,0,1,0.0912866767861335,0.07692307978868484,1,1
0,4,9,10,010000010111101100011001100010,1,1,0,0.3193136375904148,0.02500000037252903,1,1
0,4,9,11,010000010111101100011001100010,1,1,0,0.9500619670508048,0.043478261679410934,1,1
0,4,9,12,010000010111101100011001100010,1,1,0,0.950607146937556,0.0,1,1
0,4,9,14,010000010111101100011001100010,1,1,0,0.6318372121697993,0.030612245202064514,1,1
0,4,9,15,010000010111101100011001100010,1,1,0,0.4484455219783197,0.0,1,1
0,4,9,19,010000010111101100011001100010,1,1,0,0.75237452943768,0.4166666567325592,1,1
0,4,9,20,010000010111101100011001100010,1,1,0,0.7915790437258485,0.0,1,1
0,4,9,23,010000010111101100011001100010,1,1,0,0.4944203047025814,0.07575757801532745,1,1
0,4,9,24,010000010111101100011001100010,1,0,1,0.0575587600166442,0.21739129722118378,1,1
0,4,9,28,010000010111101100011001100010,1,1,0,0.3509150125520787,0.02985074557363987,1,1
0,5,0,2,001010010100101100000000100000,1,1,0,0.5052523724478571,0.008547008968889713,1,1
0,5,0,4,001010010100101100000000100000,1,1,0,0.3200496010306117,0.04444444552063942,1,1
0,5,0,7,001010010100101100000000100000,1,0,1,0.0108376514802983,0.09259258955717087,1,1
0,5,0,9,001010010100101100000000100000,1,0,1,0.0912866767861335,0.07692307978868484,1,1
0,5,0,12,001010010100101100000000100000,1,1,0,0.950607146937556,0.0,1,1
0,5,0,14,001010010100101100000000100000,1,1,0,0.6318372121697993,0.030612245202064514,1,1
0,5,0,15,001010010100101100000000100000,1,1,0,0.4484455219783197,0.0,1,1
0,5,0,24,001010010100101100000000100000,1,0,1,0.0575587600166442,0.21739129722118378,1,1
0,5,1,2,001010010100101110000000100000,1,1,0,0.5052523724478571,0.008547008968889713,1,1
0,5,1,4,001010010100101110000000100000,1,1,0,0.3200496010306117,0.04444444552063942,1,1
0,5,1,7,001010010100101110000000100000,1,0,1,0.0108376514802983,0.09259258955717087,1,1
0,5,1,9,001010010100101110000000100000,1,0,1,0.0912866767861335,0.07692307978868484,1,1
0,5,1,12,001010010100101110000000100000,1,1,0,0.950607146937556,0.0,1,1
0,5,1,14,001010010100101110000000100000,1,1,0,0.6318372121697993,0.030612245202064514,1,1
0,5,1,15,001010010100101110000000100000,1,1,0,0.4484455219783197,0.0,1,1
0,5,1,16,001010010100101110000000100000,1,1,0,0.2932107716980645,0.013698630034923553,1,1
0,5,1,24,001010010100101110000000100000,1,0,1,0.0575587600166442,0.21739129722118378,1,1
0,5,2,2,001001011100101100000000100000,1,1,0,0.5052523724478571,0.008547008968889713,1,1
0,5,2,5,001001011100101100000000100000,1,1,0,0.8955232284962005,0.3448275923728943,1,1
0,5,2,7,001001011100101100000000100000,1,0,1,0.0108376514802983,0.09259258955717087,1,1
0,5,2,8,001001011100101100000000100000,1,1,0,0.9053819764192635,0.01600000075995922,1,1
0,5,2,9,001001011100101100000000100000,1,0,1,0.0912866767861335,0.07692307978868484,1,1
0,5,2,12,001001011100101100000000100000,1,1,0,0.950607146937556,0.0,1,1
0,5,2,14,001001011100101100000000100000,1,1,0,0.6318372121697993,0.030612245202064514,1,1
0,5,2,15,001001011100101100000000100000,1,1,0,0.4484455219783197,0.0,1,1
0,5,2,24,001001011100101100000000100000,1,0,1,0.0575587600166442,0.21739129722118378,1,1
0,5,3,1,010000000111101100011001100010,1,1,0,0.9025529066795668,0.01666666753590107,1,1
0,5,3,9,010000000111101100011001100010,1,0,1,0.0912866767861335,0.07692307978868484,1,1
0,5,3,10,010000000111101100011001100010,1,1,0,0.3193136375904148,0.02500000037252903,1,1
0,5,3,11,010000000111101100011001100010,1,1,0,0.9500619670508048,0.043478261679410934,1,1
0,5,3,12,010000000111101100011001100010,1,1,0,0.950607146937556,0.0,1,1
0,5,3,14,010000000111101100011001100010,1,1,0,0.6318372121697993,0.030612245202064514,1,1
0,5,3,15,010000000111101100011001100010,1,1,0,0.4484455219783197,0.0,1,1
0,5,3,19,010000000111101100011001100010,1,1,0,0.75237452943768,0.4166666567325592,1,1
0,5,3,20,010000000111101100011001100010,1,1,0,0.7915790437258485,0.0,1,1
0,5,3,23,010000000111101100011001100010,1,1,0,0.4944203047025814,0.07575757801532745,1,1
0,5,3,24,010000000111101100011001100010,1,0,1,0.0575587600166442,0.21739129722118378,1,1
0,5,3,28,010000000111101100011001100010,1,1,0,0.3509150125520787,0.02985074557363987,1,1
0,5,4,7,000000010100101100000110100110,1,0,1,0.0108376514802983,0.09259258955717087,1,1
0,5,4,9,000000010100101100000110100110,1,0,1,0.0912866767861335,0.07692307978868484,1,1
0,5,4,12,000000010100101100000110100110,1,1,0,0.950607146937556,0.0,1,1
0,5,4,14,000000010100101100000110100110,1,1,0,0.6318372121697993,0.030612245202064514,1,1
0,5,4,15,000000010100101100000110100110,1,1,0,0.4484455219783197,0.0,1,1
0,5,4,21,000000010100101100000110100110,1,1,0,0.7896181427945539,0.05882352963089943,1,1
0,5,4,22,000000010100101100000110100110,1,0,1,0.0912061030486903,0.1489361673593521,1,1
0,5,4,24,000000010100101100000110100110,1,0,1,0.0575587600166442,0.21739129722118378,1,1
0,5,4,27,000000010100101100000110100110,1,1,0,0.8877041827582998,0.06382978707551956,1,1
0,5,4,28,000000010100101100000110100110,1,1,0,0.3509150125520787,0.02985074557363987,1,1
0,5,5,7,000000010100101100000110000110,1,0,1,0.0108376514802983,0.09259258955717087,1,1
0,5,5,9,000000010100101100000110000110,1,0,1,0.0912866767861335,0.07692307978868484,1,1
0,5,5,12,000000010100101100000110000110,1,1,0,0.950607146937556,0.0,1,1
0,5,5,14,000000010100101100000110000110,1,1,0,0.6318372121697993,0.030612245202064514,1,1
0,5,5,15,000000010100101100000110000110,1,1,0,0.4484455219783197,0.0,1,1
0,5,5,21,000000010100101100000110000110,1,1,0,0.7896181427945539,0.05882352963089943,1,1
0,5,5,22,000000010100101100000110000110,1,0,1,0.0912061030486903,0.1489361673593521,1,1
0,5,5,27,000000010100101100000110000110,1,1,0,0.8877041827582998,0.06382978707551956,1,1
0,5,5,28,000000010100101100000110000110,1,1,0,0.3509150125520787,0.02985074557363987,1,1
0,5,6,1,010010010100101100001001100010,1,1,0,0.9025529066795668,0.01666666753590107,1,1
0,5,6,4,010010010100101100001001100010,1,1,0,0.3200496010306117,0.04444444552063942,1,1
0,5,6,7,010010010100101100001001100010,1,0,1,0.0108376514802983,0.09259258955717087,1,1
0,5,6,9,010010010100101100001001100010,1,0,1,0.0912866767861335,0.07692307978868484,1,1
0,5,6,12,010010010100101100001001100010,1,1,0,0.950607146937556,0.0,1,1
0,5,6,14,010010010100101100001001100010,1,1,0,0.6318372121697993,0.030612245202064514,1,1
0,5,6,15,010010010100101100001001100010,1,1,0,0.4484455219783197,0.0,1,1
0,5,6,20,010010010100101100001001100010,1,1,0,0.7915790437258485,0.0,1,1
0,5,6,23,010010010100101100001001100010,1,1,0,0.4944203047025814,0.07575757801532745,1,1
0,5,6,24,010010010100101100001001100010,1,0,1,0.0575587600166442,0.21739129722118378,1,1
0,5,6,28,010010010100101100001001100010,1,1,0,0.3509150125520787,0.02985074557363987,1,1
0,5,7,1,010000010111101100011001100010,1,1,0,0.9025529066795668,0.01666666753590107,1,1
0,5,7,7,010000010111101100011001100010,1,0,1,0.0108376514802983,0.09259258955717087,1,1
0,5,7,9,010000010111101100011001100010,1,0,1,0.0912866767861335,0.07692307978868484,1,1
0,5,7,10,010000010111101100011001100010,1,1,0,0.3193136375904148,0.02500000037252903,1,1
0,5,7,11,010000010111101100011001100010,1,1,0,0.9500619670508048,0.043478261679410934,1,1
0,5,7,12,010000010111101100011001100010,1,1,0,0.950607146937556,0.0,1,1
0,5,7,14,010000010111101100011001100010,1,1,0,0.6318372121697993,0.030612245202064514,1,1
0,5,7,15,010000010111101100011001100010,1,1,0,0.4484455219783197,0.0,1,1
0,5,7,19,010000010111101100011001100010,1,1,0,0.75237452943768,0.4166666567325592,1,1
0,5,7,20,010000010111101100011001100010,1,1,0,0.7915790437258485,0.0,1,1
0,5,7,23,010000010111101100011001100010,1,1,0,0.4944203047025814,0.07575757801532745,1,1
0,5,7,24,010000010111101100011001100010,1,0,1,0.0575587600166442,0.21739129722118378,1,1
0,5,7,28,010000010111101100011001100010,1,1,0,0.3509150125520787,0.02985074557363987,1,1
0,5,8,9,000000000101010000000010000100,1,0,1,0.0912866767861335,0.07692307978868484,1,1
0,5,8,11,000000000101010000000010000100,1,1,0,0.9500619670508048,0.043478261679410934,1,1
0,5,8,13,000000000101010000000010000100,1,1,0,0.5734378881232861,0.47999998927116394,1,1
0,5,8,22,000000000101010000000010000100,1,0,1,0.0912061030486903,0.1489361673593521,1,1
0,5,8,27,000000000101010000000010000100,1,1,0,0.8877041827582998,0.06382978707551956,1,1
0,5,9,2,001001010101010000010010100000,1,1,0,0.5052523724478571,0.008547008968889713,1,1
0,5,9,5,001001010101010000010010100000,1,1,0,0.8955232284962005,0.3448275923728943,1,1
0,5,9,7,001001010101010000010010100000,1,0,1,0.0108376514802983,0.09259258955717087,1,1
0,5,9,9,001001010101010000010010100000,1,0,1,0.0912866767861335,0.07692307978868484,1,1
0,5,9,11,001001010101010000010010100000,1,1,0,0.9500619670508048,0.043478261679410934,1,1
0,5,9,13,001001010101010000010010100000,1,1,0,0.5734378881232861,0.47999998927116394,1,1
0,5,9,19,001001010101010000010010100000,1,1,0,0.75237452943768,0.4166666567325592,1,1
0,5,9,22,001001010101010000010010100000,1,0,1,0.0912061030486903,0.1489361673593521,1,1
0,5,9,24,001001010101010000010010100000,1,0,1,0.0575587600166442,0.21739129722118378,1,1
0,5,10,1,011100011100101100011001100111,1,1,0,0.9025529066795668,0.01666666753590107,1,1
0,5,10,2,011100011100101100011001100111,1,1,0,0.5052523724478571,0.008547008968889713,1,1
0,5,10,3,011100011100101100011001100111,1,1,0,0.8264574661077416,0.03125,1,1
0,5,10,7,011100011100101100011001100111,1,0,1,0.0108376514802983,0.09259258955717087,1,1
0,5,10,8,011100011100101100011001100111,1,1,0,0.9053819764192635,0.01600000075995922,1,1
0,5,10,9,011100011100101100011001100111,1,0,1,0.0912866767861335,0.07692307978868484,1,1
0,5,10,12,011100011100101100011001100111,1,1,0,0.950607146937556,0.0,1,1
0,5,10,14,011100011100101100011001100111,1,1,0,0.6318372121697993,0.030612245202064514,1,1
0,5,10,15,011100011100101100011001100111,1,1,0,0.4484455219783197,0.0,1,1
0,5,10,19,011100011100101100011001100111,1,1,0,0.75237452943768,0.4166666567325592,1,1
0,5,10,20,011100011100101100011001100111,1,1,0,0.7915790437258485,0.0,1,1
0,5,10,23,011100011100101100011001100111,1,1,0,0.4944203047025814,0.07575757801532745,1,1
0,5,10,24,011100011100101100011001100111,1,0,1,0.0575587600166442,0.21739129722118378,1,1
0,5,10,27,011100011100101100011001100111,1,1,0,0.8877041827582998,0.06382978707551956,1,1
0,5,10,28,011100011100101100011001100111,1,1,0,0.3509150125520787,0.02985074557363987,1,1
0,5,10,29,011100011100101100011001100111,1,1,0,0.1170670164276058,0.02521008439362049,1,1
0,5,11,2,001001001100001100000000100000,1,1,0,0.5052523724478571,0.008547008968889713,1,1
0,5,11,5,001001001100001100000000100000,1,1,0,0.8955232284962005,0.3448275923728943,1,1
0,5,11,8,001001001100001100000000100000,1,1,0,0.9053819764192635,0.01600000075995922,1,1
0,5,11,9,001001001100001100000000100000,1,0,1,0.0912866767861335,0.07692307978868484,1,1
0,5,11,14,001001001100001100000000100000,1,1,0,0.6318372121697993,0.030612245202064514,1,1
0,5,11,15,001001001100001100000000100000,1,1,0,0.4484455219783197,0.0,1,1
0,5,11,24,001001001100001100000000100000,1,0,1,0.0575587600166442,0.21739129722118378,1,1
0,5,12,5,000001011011010000010010000100,1,1,0,0.8955232284962005,0.3448275923728943,1,1
0,5,12,7,000001011011010000010010000100,1,0,1,0.0108376514802983,0.09259258955717087,1,1
0,5,12,8,000001011011010000010010000100,1,1,0,0.9053819764192635,0.01600000075995922,1,1
0,5,12,10,000001011011010000010010000100,1,1,0,0.3193136375904148,0.02500000037252903,1,1
0,5,12,11,000001011011010000010010000100,1,1,0,0.9500619670508048,0.043478261679410934,1,1
0,5,12,13,000001011011010000010010000100,1,1,0,0.5734378881232861,0.47999998927116394,1,1
0,5,12,19,000001011011010000010010000100,1,1,0,0.75237452943768,0.4166666567325592,1,1
0,5,12,22,000001011011010000010010000100,1,0,1,0.0912061030486903,0.1489361673593521,1,1
0,5,12,27,000001011011010000010010000100,1,1,0,0.8877041827582998,0.06382978707551956,1,1
0,5,13,2,001010001111101100000000100000,1,1,0,0.5052523724478571,0.008547008968889713,1,1
0,5,13,4,001010001111101100000000100000,1,1,0,0.3200496010306117,0.04444444552063942,1,1
0,5,13,8,001010001111101100000000100000,1,1,0,0.9053819764192635,0.01600000075995922,1,1
0,5,13,9,001010001111101100000000100000,1,0,1,0.0912866767861335,0.07692307978868484,1,1
0,5,13,10,001010001111101100000000100000,1,1,0,0.3193136375904148,0.02500000037252903,1,1
0,5,13,11,001010001111101100000000100000,1,1,0,0.9500619670508048,0.043478261679410934,1,1
0,5,13,12,001010001111101100000000100000,1,1,0,0.950607146937556,0.0,1,1
0,5,13,14,001010001111101100000000100000,1,1,0,0.6318372121697993,0.030612245202064514,1,1
0,5,13,15,001010001111101100000000100000,1,1,0,0.4484455219783197,0.0,1,1
0,5,13,24,001010001111101100000000100000,1,0,1,0.0575587600166442,0.21739129722118378,1,1
0,5,14,7,000000010100101000000110100110,1,0,1,0.0108376514802983,0.09259258955717087,1,1
0,5,14,9,000000010100101000000110100110,1,0,1,0.0912866767861335,0.07692307978868484,1,1
0,5,14,12,000000010100101000000110100110,1,1,0,0.950607146937556,0.0,1,1
0,5,14,14,000000010100101000000110100110,1,1,0,0.6318372121697993,0.030612245202064514,1,1
0,5,14,21,000000010100101000000110100110,1,1,0,0.7896181427945539,0.05882352963089943,1,1
0,5,14,22,000000010100101000000110100110,1,0,1,0.0912061030486903,0.1489361673593521,1,1
0,5,14,24,000000010100101000000110100110,1,0,1,0.0575587600166442,0.21739129722118378,1,1
0,5,14,27,000000010100101000000110100110,1,1,0,0.8877041827582998,0.06382978707551956,1,1
0,5,14,28,000000010100101000000110100110,1,1,0,0.3509150125520787,0.02985074557363987,1,1
1,1,0,0,110001001000101101111011110100,1,1,0,0.15,0.171875,1,1
1,1,0,1,110001001000101101111011110100,1,1,0,0.95,0.1666666716337204,1,1
1,1,0,5,110001001000101101111011110100,1,1,0,0.95,0.3448275923728943,1,1
1,1,0,8,110001001000101101111011110100,1,1,0,0.96,0.00800000037997961,1,1
1,1,0,12,110001001000101101111011110100,1,1,0,1.0,0.05263157933950424,1,1
1,1,0,14,110001001000101101111011110100,1,1,0,0.68,0.15306122601032257,1,1
1,1,0,15,110001001000101101111011110100,1,1,0,0.5,0.14000000059604645,1,1
1,1,0,17,110001001000101101111011110100,1,1,0,0.38,0.23333333432674408,1,1
1,1,0,18,110001001000101101111011110100,1,1,0,0.72,0.0923076942563057,1,1
1,1,0,19,110001001000101101111011110100,1,1,0,0.8,0.5,1,1
1,1,0,20,110001001000101101111011110100,1,1,0,0.84,0.03030303120613098,1,1
1,1,0,22,110001001000101101111011110100,1,1,0,0.14,0.1489361673593521,1,1
1,1,0,23,110001001000101101111011110100,1,1,0,0.54,0.0,1,1
1,1,0,24,110001001000101101111011110100,1,1,0,0.11,0.23188406229019165,1,1
1,1,0,25,110001001000101101111011110100,1,1,0,0.6,0.3333333432674408,1,1
1,1,0,27,110001001000101101111011110100,1,1,0,0.79,0.2978723347187042,2,2
1,1,1,0,100110100011001111001001000111,1,1,0,0.15,0.171875,1,1
1,1,1,3,100110100011001111001001000111,1,1,0,0.88,0.015625,1,1
1,1,1,4,100110100011001111001001000111,1,1,0,0.37,0.13333334028720856,1,1
1,1,1,6,100110100011001111001001000111,1,1,0,0.44,0.0,1,1
1,1,1,10,100110100011001111001001000111,1,1,0,0.37,0.03750000149011612,1,1
1,1,1,11,100110100011001111001001000111,1,1,0,0.85,0.0,2,2
1,1,1,14,100110100011001111001001000111,1,1,0,0.68,0.15306122601032257,1,1
1,1,1,15,100110100011001111001001000111,1,1,0,0.5,0.14000000059604645,1,1
1,1,1,16,100110100011001111001001000111,1,1,0,0.34,0.054794520139694214,1,1
1,1,1,17,100110100011001111001001000111,1,1,0,0.38,0.23333333432674408,1,1
1,1,1,20,100110100011001111001001000111,1,1,0,0.84,0.03030303120613098,1,1
1,1,1,23,100110100011001111001001000111,1,1,0,0.54,0.0,1,1
1,1,1,27,100110100011001111001001000111,1,1,0,0.79,0.2978723347187042,2,2
1,1,1,28,100110100011001111001001000111,1,1,0,0.4,0.28358209133148193,1,1
1,1,1,29,100110100011001111001001000111,1,1,0,0.17,0.05042016878724098,1,1
1,1,2,1,010110100011000011000000110000,1,1,0,0.95,0.1666666716337204,1,1
1,1,2,3,010110100011000011000000110000,1,1,0,0.88,0.015625,1,1
1,1,2,4,010110100011000011000000110000,1,1,0,0.37,0.13333334028720856,1,1
1,1,2,6,010110100011000011000000110000,1,1,0,0.44,0.0,1,1
1,1,2,10,010110100011000011000000110000,1,1,0,0.37,0.03750000149011612,1,1
1,1,2,11,010110100011000011000000110000,1,1,0,0.85,0.0,2,2
1,1,2,16,010110100011000011000000110000,1,1,0,0.34,0.054794520139694214,1,1
1,1,2,17,010110100011000011000000110000,1,1,0,0.38,0.23333333432674408,1,1
1,1,2,24,010110100011000011000000110000,1,1,0,0.11,0.23188406229019165,1,1
1,1,2,25,010110100011000011000000110000,1,1,0,0.6,0.3333333432674408,1,1
1,1,3,0,100100110010100000100000010111,1,1,0,0.15,0.171875,1,1
1,1,3,3,100100110010100000100000010111,1,1,0,0.88,0.015625,1,1
1,1,3,6,100100110010100000100000010111,1,1,0,0.44,0.0,1,1
1,1,3,7,100100110010100000100000010111,1,0,1,0.06,0.17592592537403107,1,1
1,1,3,10,100100110010100000100000010111,1,1,0,0.37,0.03750000149011612,1,1
1,1,3,12,100100110010100000100000010111,1,1,0,1.0,0.05263157933950424,1,1
1,1,3,18,100100110010100000100000010111,1,1,0,0.72,0.0923076942563057,1,1
1,1,3,25,100100110010100000100000010111,1,1,0,0.6,0.3333333432674408,1,1
1,1,3,27,100100110010100000100000010111,1,1,0,0.79,0.2978723347187042,2,2
1,1,3,28,100100110010100000100000010111,1,1,0,0.4,0.28358209133148193,1,1
1,1,3,29,100100110010100000100000010111,1,1,0,0.17,0.05042016878724098,1,1
1,1,4,0,101100100000101011111000010100,1,1,0,0.15,0.171875,1,1
1,1,4,2,101100100000101011111000010100,1,1,0,0.56,0.4188034236431122,1,1
1,1,4,3,101100100000101011111000010100,1,1,0,0.88,0.015625,1,1
1,1,4,6,101100100000101011111000010100,1,1,0,0.44,0.0,1,1
1,1,4,12,101100100000101011111000010100,1,1,0,1.0,0.05263157933950424,1,1
1,1,4,14,101100100000101011111000010100,1,1,0,0.68,0.15306122601032257,1,1
1,1,4,16,101100100000101011111000010100,1,1,0,0.34,0.054794520139694214,1,1
1,1,4,17,101100100000101011111000010100,1,1,0,0.38,0.23333333432674408,1,1
1,1,4,18,101100100000101011111000010100,1,1,0,0.72,0.0923076942563057,1,1
1,1,4,19,101100100000101011111000010100,1,1,0,0.8,0.5,1,1
1,1,4,20,101100100000101011111000010100,1,1,0,0.84,0.03030303120613098,1,1
1,1,4,25,101100100000101011111000010100,1,1,0,0.6,0.3333333432674408,1,1
1,1,4,27,101100100000101011111000010100,1,1,0,0.79,0.2978723347187042,2,2
1,1,5,0,111111101011110101010101000011,1,1,0,0.15,0.171875,1,1
1,1,5,1,111111101011110101010101000011,1,1,0,0.95,0.1666666716337204,1,1
1,1,5,2,111111101011110101010101000011,1,1,0,0.56,0.4188034236431122,1,1
1,1,5,3,111111101011110101010101000011,1,1,0,0.88,0.015625,1,1
1,1,5,4,111111101011110101010101000011,1,1,0,0.37,0.13333334028720856,1,1
1,1,5,5,111111101011110101010101000011,1,1,0,0.95,0.3448275923728943,1,1
1,1,5,6,111111101011110101010101000011,1,1,0,0.44,0.0,1,1
1,1,5,8,111111101011110101010101000011,1,1,0,0.96,0.00800000037997961,1,1
1,1,5,10,111111101011110101010101000011,1,1,0,0.37,0.03750000149011612,1,1
1,1,5,11,111111101011110101010101000011,1,1,0,0.85,0.0,2,2
1,1,5,12,111111101011110101010101000011,1,1,0,1.0,0.05263157933950424,1,1
1,1,5,13,111111101011110101010101000011,1,1,0,0.47,0.7400000095367432,2,2
1,1,5,15,111111101011110101010101000011,1,1,0,0.5,0.14000000059604645,1,1
1,1,5,17,111111101011110101010101000011,1,1,0,0.38,0.23333333432674408,1,1
1,1,5,19,111111101011110101010101000011,1,1,0,0.8,0.5,1,1
1,1,5,21,111111101011110101010101000011,1,1,0,0.84,0.10294117778539658,1,1
1,1,5,23,111111101011110101010101000011,1,1,0,0.54,0.0,1,1
1,1,5,28,111111101011110101010101000011,1,1,0,0.4,0.28358209133148193,1,1
1,1,5,29,111111101011110101010101000011,1,1,0,0.17,0.05042016878724098,1,1
1,1,6,1,011101010000000111110100000111,1,1,0,0.95,0.1666666716337204,1,1
1,1,6,2,011101010000000111110100000111,1,1,0,0.56,0.4188034236431122,1,1
1,1,6,3,011101010000000111110100000111,1,1,0,0.88,0.015625,1,1
1,1,6,5,011101010000000111110100000111,1,1,0,0.95,0.3448275923728943,1,1
1,1,6,7,011101010000000111110100000111,1,0,1,0.06,0.17592592537403107,1,1
1,1,6,15,011101010000000111110100000111,1,1,0,0.5,0.14000000059604645,1,1
1,1,6,16,011101010000000111110100000111,1,1,0,0.34,0.054794520139694214,1,1
1,1,6,17,011101010000000111110100000111,1,1,0,0.38,0.23333333432674408,1,1
1,1,6,18,011101010000000111110100000111,1,1,0,0.72,0.0923076942563057,1,1
1,1,6,19,011101010000000111110100000111,1,1,0,0.8,0.5,1,1
1,1,6,21,011101010000000111110100000111,1,1,0,0.84,0.10294117778539658,1,1
1,1,6,27,011101010000000111110100000111,1,1,0,0.79,0.2978723347187042,2,2
1,1,6,28,011101010000000111110100000111,1,1,0,0.4,0.28358209133148193,1,1
1,1,6,29,011101010000000111110100000111,1,1,0,0.17,0.05042016878724098,1,1
1,1,7,0,100101011110101111011101010101,1,1,0,0.15,0.171875,1,1
1,1,7,3,100101011110101111011101010101,1,1,0,0.88,0.015625,1,1
1,1,7,5,100101011110101111011101010101,1,1,0,0.95,0.3448275923728943,1,1
1,1,7,7,100101011110101111011101010101,1,0,1,0.06,0.17592592537403107,1,1
1,1,7,8,100101011110101111011101010101,1,1,0,0.96,0.00800000037997961,1,1
1,1,7,9,100101011110101111011101010101,1,1,0,0.14,0.26923078298568726,1,1
1,1,7,10,100101011110101111011101010101,1,1,0,0.37,0.03750000149011612,1,1
1,1,7,12,100101011110101111011101010101,1,1,0,1.0,0.05263157933950424,1,1
1,1,7,14,100101011110101111011101010101,1,1,0,0.68,0.15306122601032257,1,1
1,1,7,15,100101011110101111011101010101,1,1,0,0.5,0.14000000059604645,1,1
1,1,7,16,100101011110101111011101010101,1,1,0,0.34,0.054794520139694214,1,1
1,1,7,17,100101011110101111011101010101,1,1,0,0.38,0.23333333432674408,1,1
1,1,7,19,100101011110101111011101010101,1,1,0,0.8,0.5,1,1
1,1,7,20,100101011110101111011101010101,1,1,0,0.84,0.03030303120613098,1,1
1,1,7,21,100101011110101111011101010101,1,1,0,0.84,0.10294117778539658,1,1
1,1,7,23,100101011110101111011101010101,1,1,0,0.54,0.0,1,1
1,1,7,25,100101011110101111011101010101,1,1,0,0.6,0.3333333432674408,1,1
1,1,7,27,100101011110101111011101010101,1,1,0,0.79,0.2978723347187042,2,2
1,1,7,29,100101011110101111011101010101,1,1,0,0.17,0.05042016878724098,1,1
1,2,0,0,110001001000101101111011110100,1,1,0,0.15,0.171875,1,1
1,2,0,1,110001001000101101111011110100,1,1,0,0.95,0.1666666716337204,1,1
1,2,0,5,110001001000101101111011110100,1,1,0,0.95,0.3448275923728943,1,1
1,2,0,8,110001001000101101111011110100,1,1,0,0.96,0.00800000037997961,1,1
1,2,0,12,110001001000101101111011110100,1,1,0,1.0,0.05263157933950424,1,1
1,2,0,14,110001001000101101111011110100,1,1,0,0.68,0.15306122601032257,1,1
1,2,0,15,110001001000101101111011110100,1,1,0,0.5,0.14000000059604645,1,1
1,2,0,17,110001001000101101111011110100,1,1,0,0.38,0.23333333432674408,1,1
1,2,0,18,110001001000101101111011110100,1,1,0,0.72,0.0923076942563057,1,1
1,2,0,19,110001001000101101111011110100,1,1,0,0.8,0.5,1,1
1,2,0,20,110001001000101101111011110100,1,1,0,0.84,0.03030303120613098,1,1
1,2,0,22,110001001000101101111011110100,1,1,0,0.14,0.1489361673593521,1,1
1,2,0,23,110001001000101101111011110100,1,1,0,0.54,0.0,1,1
1,2,0,24,110001001000101101111011110100,1,1,0,0.11,0.23188406229019165,1,1
1,2,0,25,110001001000101101111011110100,1,1,0,0.6,0.3333333432674408,1,1
1,2,0,27,110001001000101101111011110100,1,1,0,0.79,0.2978723347187042,2,2
1,2,1,0,100110100011001111001001000111,1,1,0,0.15,0.171875,1,1
1,2,1,3,100110100011001111001001000111,1,1,0,0.88,0.015625,1,1
1,2,1,4,100110100011001111001001000111,1,1,0,0.37,0.13333334028720856,1,1
1,2,1,6,100110100011001111001001000111,1,1,0,0.44,0.0,1,1
1,2,1,10,100110100011001111001001000111,1,1,0,0.37,0.03750000149011612,1,1
1,2,1,11,100110100011001111001001000111,1,1,0,0.85,0.0,2,2
1,2,1,14,100110100011001111001001000111,1,1,0,0.68,0.15306122601032257,1,1
1,2,1,15,100110100011001111001001000111,1,1,0,0.5,0.14000000059604645,1,1
1,2,1,16,100110100011001111001001000111,1,1,0,0.34,0.054794520139694214,1,1
1,2,1,17,100110100011001111001001000111,1,1,0,0.38,0.23333333432674408,1,1
1,2,1,20,100110100011001111001001000111,1,1,0,0.84,0.03030303120613098,1,1
1,2,1,23,100110100011001111001001000111,1,1,0,0.54,0.0,1,1
1,2,1,27,100110100011001111001001000111,1,1,0,0.79,0.2978723347187042,2,2
1,2,1,28,100110100011001111001001000111,1,1,0,0.4,0.28358209133148193,1,1
1,2,1,29,100110100011001111001001000111,1,1,0,0.17,0.05042016878724098,1,1
1,2,2,1,010110100011000011000000110000,1,1,0,0.95,0.1666666716337204,1,1
1,2,2,3,010110100011000011000000110000,1,1,0,0.88,0.015625,1,1
1,2,2,4,010110100011000011000000110000,1,1,0,0.37,0.13333334028720856,1,1
1,2,2,6,010110100011000011000000110000,1,1,0,0.44,0.0,1,1
1,2,2,10,010110100011000011000000110000,1,1,0,0.37,0.03750000149011612,1,1
1,2,2,11,010110100011000011000000110000,1,1,0,0.85,0.0,2,2
1,2,2,16,010110100011000011000000110000,1,1,0,0.34,0.054794520139694214,1,1
1,2,2,17,010110100011000011000000110000,1,1,0,0.38,0.23333333432674408,1,1
1,2,2,24,010110100011000011000000110000,1,1,0,0.11,0.23188406229019165,1,1
1,2,2,25,010110100011000011000000110000,1,1,0,0.6,0.3333333432674408,1,1
1,2,3,0,100101011110101111011101010101,1,1,0,0.15,0.171875,1,1
1,2,3,3,100101011110101111011101010101,1,1,0,0.88,0.015625,1,1
1,2,3,5,100101011110101111011101010101,1,1,0,0.95,0.3448275923728943,1,1
1,2,3,7,100101011110101111011101010101,1,0,1,0.06,0.17592592537403107,1,1
1,2,3,8,100101011110101111011101010101,1,1,0,0.96,0.00800000037997961,1,1
1,2,3,9,100101011110101111011101010101,1,1,0,0.14,0.26923078298568726,1,1
1,2,3,10,100101011110101111011101010101,1,1,0,0.37,0.03750000149011612,1,1
1,2,3,12,100101011110101111011101010101,1,1,0,1.0,0.05263157933950424,1,1
1,2,3,14,100101011110101111011101010101,1,1,0,0.68,0.15306122601032257,1,1
1,2,3,15,100101011110101111011101010101,1,1,0,0.5,0.14000000059604645,1,1
1,2,3,16,100101011110101111011101010101,1,1,0,0.34,0.054794520139694214,1,1
1,2,3,17,100101011110101111011101010101,1,1,0,0.38,0.23333333432674408,1,1
1,2,3,19,100101011110101111011101010101,1,1,0,0.8,0.5,1,1
1,2,3,20,100101011110101111011101010101,1,1,0,0.84,0.03030303120613098,1,1
1,2,3,21,100101011110101111011101010101,1,1,0,0.84,0.10294117778539658,1,1
1,2,3,23,100101011110101111011101010101,1,1,0,0.54,0.0,1,1
1,2,3,25,100101011110101111011101010101,1,1,0,0.6,0.3333333432674408,1,1
1,2,3,27,100101011110101111011101010101,1,1,0,0.79,0.2978723347187042,2,2
1,2,3,29,100101011110101111011101010101,1,1,0,0.17,0.05042016878724098,1,1
1,2,4,0,100100100010100110100000010111,1,1,0,0.15,0.171875,1,1
1,2,4,3,100100100010100110100000010111,1,1,0,0.88,0.015625,1,1
1,2,4,6,100100100010100110100000010111,1,1,0,0.44,0.0,1,1
1,2,4,10,100100100010100110100000010111,1,1,0,0.37,0.03750000149011612,1,1
1,2,4,12,100100100010100110100000010111,1,1,0,1.0,0.05263157933950424,1,1
1,2,4,15,100100100010100110100000010111,1,1,0,0.5,0.14000000059604645,1,1
1,2,4,16,100100100010100110100000010111,1,1,0,0.34,0.054794520139694214,1,1
1,2,4,18,100100100010100110100000010111,1,1,0,0.72,0.0923076942563057,1,1
1,2,4,25,100100100010100110100000010111,1,1,0,0.6,0.3333333432674408,1,1
1,2,4,27,100100100010100110100000010111,1,1,0,0.79,0.2978723347187042,2,2
1,2,4,28,100100100010100110100000010111,1,1,0,0.4,0.28358209133148193,1,1
1,2,4,29,100100100010100110100000010111,1,1,0,0.17,0.05042016878724098,1,1
1,2,5,0,101011001010011010001100100101,1,1,0,0.15,0.171875,1,1
1,2,5,2,101011001010011010001100100101,1,1,0,0.56,0.4188034236431122,1,1
1,2,5,4,101011001010011010001100100101,1,1,0,0.37,0.13333334028720856,1,1
1,2,5,5,101011001010011010001100100101,1,1,0,0.95,0.3448275923728943,1,1
1,2,5,8,101011001010011010001100100101,1,1,0,0.96,0.00800000037997961,1,1
1,2,5,10,101011001010011010001100100101,1,1,0,0.37,0.03750000149011612,1,1
1,2,5,13,101011001010011010001100100101,1,1,0,0.47,0.7400000095367432,2,2
1,2,5,14,101011001010011010001100100101,1,1,0,0.68,0.15306122601032257,1,1
1,2,5,16,101011001010011010001100100101,1,1,0,0.34,0.054794520139694214,1,1
1,2,5,20,101011001010011010001100100101,1,1,0,0.84,0.03030303120613098,1,1
1,2,5,21,101011001010011010001100100101,1,1,0,0.84,0.10294117778539658,1,1
1,2,5,24,101011001010011010001100100101,1,1,0,0.11,0.23188406229019165,1,1
1,2,5,27,101011001010011010001100100101,1,1,0,0.79,0.2978723347187042,2,2
1,2,5,29,101011001010011010001100100101,1,1,0,0.17,0.05042016878724098,1,1
1,2,6,0,100001011011101010100100010101,1,1,0,0.15,0.171875,1,1
1,2,6,5,100001011011101010100100010101,1,1,0,0.95,0.3448275923728943,1,1
1,2,6,7,100001011011101010100100010101,1,0,1,0.06,0.17592592537403107,1,1
1,2,6,8,100001011011101010100100010101,1,1,0,0.96,0.00800000037997961,1,1
1,2,6,10,100001011011101010100100010101,1,1,0,0.37,0.03750000149011612,1,1
1,2,6,11,100001011011101010100100010101,1,1,0,0.85,0.0,2,2
1,2,6,12,100001011011101010100100010101,1,1,0,1.0,0.05263157933950424,1,1
1,2,6,14,100001011011101010100100010101,1,1,0,0.68,0.15306122601032257,1,1
1,2,6,16,100001011011101010100100010101,1,1,0,0.34,0.054794520139694214,1,1
1,2,6,18,100001011011101010100100010101,1,1,0,0.72,0.0923076942563057,1,1
1,2,6,21,100001011011101010100100010101,1,1,0,0.84,0.10294117778539658,1,1
1,2,6,25,100001011011101010100100010101,1,1,0,0.6,0.3333333432674408,1,1
1,2,6,27,100001011011101010100100010101,1,1,0,0.79,0.2978723347187042,2,2
1,2,6,29,100001011011101010100100010101,1,1,0,0.17,0.05042016878724098,1,1
1,2,7,1,011101010000001100011000000111,1,1,0,0.95,0.1666666716337204,1,1
1,2,7,2,011101010000001100011000000111,1,1,0,0.56,0.4188034236431122,1,1
1,2,7,3,011101010000001100011000000111,1,1,0,0.88,0.015625,1,1
1,2,7,5,011101010000001100011000000111,1,1,0,0.95,0.3448275923728943,1,1
1,2,7,7,011101010000001100011000000111,1,0,1,0.06,0.17592592537403107,1,1
1,2,7,14,011101010000001100011000000111,1,1,0,0.68,0.15306122601032257,1,1
1,2,7,15,011101010000001100011000000111,1,1,0,0.5,0.14000000059604645,1,1
1,2,7,19,011101010000001100011000000111,1,1,0,0.8,0.5,1,1
1,2,7,20,011101010000001100011000000111,1,1,0,0.84,0.03030303120613098,1,1
1,2,7,27,011101010000001100011000000111,1,1,0,0.79,0.2978723347187042,2,2
1,2,7,28,011101010000001100011000000111,1,1,0,0.4,0.28358209133148193,1,1
1,2,7,29,011101010000001100011000000111,1,1,0,0.17,0.05042016878724098,1,1
1,2,8,0,101011001110010010000011000011,1,1,0,0.15,0.171875,1,1
1,2,8,2,101011001110010010000011000011,1,1,0,0.56,0.4188034236431122,1,1
1,2,8,4,101011001110010010000011000011,1,1,0,0.37,0.13333334028720856,1,1
1,2,8,5,101011001110010010000011000011,1,1,0,0.95,0.3448275923728943,1,1
1,2,8,8,101011001110010010000011000011,1,1,0,0.96,0.00800000037997961,1,1
1,2,8,9,101011001110010010000011000011,1,1,0,0.14,0.26923078298568726,1,1
1,2,8,10,101011001110010010000011000011,1,1,0,0.37,0.03750000149011612,1,1
1,2,8,13,101011001110010010000011000011,1,1,0,0.47,0.7400000095367432,2,2
1,2,8,16,101011001110010010000011000011,1,1,0,0.34,0.054794520139694214,1,1
1,2,8,22,101011001110010010000011000011,1,1,0,0.14,0.1489361673593521,1,1
1,2,8,23,101011001110010010000011000011,1,1,0,0.54,0.0,1,1
1,2,8,28,101011001110010010000011000011,1,1,0,0.4,0.28358209133148193,1,1
1,2,8,29,101011001110010010000011000011,1,1,0,0.17,0.05042016878724098,1,1
1,2,9,0,100110100011001111001001010101,1,1,0,0.15,0.171875,1,1
1,2,9,3,100110100011001111001001010101,1,1,0,0.88,0.015625,1,1
1,2,9,4,100110100011001111001001010101,1,1,0,0.37,0.13333334028720856,1,1
1,2,9,6,100110100011001111001001010101,1,1,0,0.44,0.0,1,1
1,2,9,10,100110100011001111001001010101,1,1,0,0.37,0.03750000149011612,1,1
1,2,9,11,100110100011001111001001010101,1,1,0,0.85,0.0,2,2
1,2,9,14,100110100011001111001001010101,1,1,0,0.68,0.15306122601032257,1,1
1,2,9,15,100110100011001111001001010101,1,1,0,0.5,0.14000000059604645,1,1
1,2,9,16,100110100011001111001001010101,1,1,0,0.34,0.054794520139694214,1,1
1,2,9,17,100110100011001111001001010101,1,1,0,0.38,0.23333333432674408,1,1
1,2,9,20,100110100011001111001001010101,1,1,0,0.84,0.03030303120613098,1,1
1,2,9,23,100110100011001111001001010101,1,1,0,0.54,0.0,1,1
1,2,9,25,100110100011001111001001010101,1,1,0,0.6,0.3333333432674408,1,1
1,2,9,27,100110100011001111001001010101,1,1,0,0.79,0.2978723347187042,2,2
1,2,9,29,100110100011001111001001010101,1,1,0,0.17,0.05042016878724098,1,1
1,3,0,0,100001011011101010100100010101,1,1,0,0.15,0.171875,1,1
1,3,0,5,100001011011101010100100010101,1,1,0,0.95,0.3448275923728943,1,1
1,3,0,7,100001011011101010100100010101,1,0,1,0.06,0.17592592537403107,1,1
1,3,0,8,100001011011101010100100010101,1,1,0,0.96,0.00800000037997961,1,1
1,3,0,10,100001011011101010100100010101,1,1,0,0.37,0.03750000149011612,1,1
1,3,0,11,100001011011101010100100010101,1,1,0,0.85,0.0,2,2
1,3,0,12,100001011011101010100100010101,1,1,0,1.0,0.05263157933950424,1,1
1,3,0,14,100001011011101010100100010101,1,1,0,0.68,0.15306122601032257,1,1
1,3,0,16,100001011011101010100100010101,1,1,0,0.34,0.054794520139694214,1,1
1,3,0,18,100001011011101010100100010101,1,1,0,0.72,0.0923076942563057,1,1
1,3,0,21,100001011011101010100100010101,1,1,0,0.84,0.10294117778539658,1,1
1,3,0,25,100001011011101010100100010101,1,1,0,0.6,0.3333333432674408,1,1
1,3,0,27,100001011011101010100100010101,1,1,0,0.79,0.2978723347187042,2,2
1,3,0,29,100001011011101010100100010101,1,1,0,0.17,0.05042016878724098,1,1
1,3,1,1,011101010000001100011000000111,1,1,0,0.95,0.1666666716337204,1,1
1,3,1,2,011101010000001100011000000111,1,1,0,0.56,0.4188034236431122,1,1
1,3,1,3,011101010000001100011000000111,1,1,0,0.88,0.015625,1,1
1,3,1,5,011101010000001100011000000111,1,1,0,0.95,0.3448275923728943,1,1
1,3,1,7,011101010000001100011000000111,1,0,1,0.06,0.17592592537403107,1,1
1,3,1,14,011101010000001100011000000111,1,1,0,0.68,0.15306122601032257,1,1
1,3,1,15,011101010000001100011000000111,1,1,0,0.5,0.14000000059604645,1,1
1,3,1,19,011101010000001100011000000111,1,1,0,0.8,0.5,1,1
1,3,1,20,011101010000001100011000000111,1,1,0,0.84,0.03030303120613098,1,1
1,3,1,27,011101010000001100011000000111,1,1,0,0.79,0.2978723347187042,2,2
1,3,1,28,011101010000001100011000000111,1,1,0,0.4,0.28358209133148193,1,1
1,3,1,29,011101010000001100011000000111,1,1,0,0.17,0.05042016878724098,1,1
1,3,2,0,101011001110010010000011000011,1,1,0,0.15,0.171875,1,1
1,3,2,2,101011001110010010000011000011,1,1,0,0.56,0.4188034236431122,1,1
1,3,2,4,101011001110010010000011000011,1,1,0,0.37,0.13333334028720856,1,1
1,3,2,5,101011001110010010000011000011,1,1,0,0.95,0.3448275923728943,1,1
1,3,2,8,101011001110010010000011000011,1,1,0,0.96,0.00800000037997961,1,1
1,3,2,9,101011001110010010000011000011,1,1,0,0.14,0.26923078298568726,1,1
1,3,2,10,101011001110010010000011000011,1,1,0,0.37,0.03750000149011612,1,1
1,3,2,13,101011001110010010000011000011,1,1,0,0.47,0.7400000095367432,2,2
1,3,2,16,101011001110010010000011000011,1,1,0,0.34,0.054794520139694214,1,1
1,3,2,22,101011001110010010000011000011,1,1,0,0.14,0.1489361673593521,1,1
1,3,2,23,101011001110010010000011000011,1,1,0,0.54,0.0,1,1
1,3,2,28,101011001110010010000011000011,1,1,0,0.4,0.28358209133148193,1,1
1,3,2,29,101011001110010010000011000011,1,1,0,0.17,0.05042016878724098,1,1
1,3,3,0,110110010001101101000100000110,1,1,0,0.15,0.171875,1,1
1,3,3,1,110110010001101101000100000110,1,1,0,0.95,0.1666666716337204,1,1
1,3,3,3,110110010001101101000100000110,1,1,0,0.88,0.015625,1,1
1,3,3,4,110110010001101101000100000110,1,1,0,0.37,0.13333334028720856,1,1
1,3,3,7,110110010001101101000100000110,1,0,1,0.06,0.17592592537403107,1,1
1,3,3,11,110110010001101101000100000110,1,1,0,0.85,0.0,2,2
1,3,3,12,110110010001101101000100000110,1,1,0,1.0,0.05263157933950424,1,1
1,3,3,14,110110010001101101000100000110,1,1,0,0.68,0.15306122601032257,1,1
1,3,3,15,110110010001101101000100000110,1,1,0,0.5,0.14000000059604645,1,1
1,3,3,17,110110010001101101000100000110,1,1,0,0.38,0.23333333432674408,1,1
1,3,3,21,110110010001101101000100000110,1,1,0,0.84,0.10294117778539658,1,1
1,3,3,27,110110010001101101000100000110,1,1,0,0.79,0.2978723347187042,2,2
1,3,3,28,110110010001101101000100000110,1,1,0,0.4,0.28358209133148193,1,1
1,3,4,0,101100100000101000111000010100,1,1,0,0.15,0.171875,1,1
1,3,4,2,101100100000101000111000010100,1,1,0,0.56,0.4188034236431122,1,1
1,3,4,3,101100100000101000111000010100,1,1,0,0.88,0.015625,1,1
1,3,4,6,101100100000101000111000010100,1,1,0,0.44,0.0,1,1
1,3,4,12,101100100000101000111000010100,1,1,0,1.0,0.05263157933950424,1,1
1,3,4,14,101100100000101000111000010100,1,1,0,0.68,0.15306122601032257,1,1
1,3,4,18,101100100000101000111000010100,1,1,0,0.72,0.0923076942563057,1,1
1,3,4,19,101100100000101000111000010100,1,1,0,0.8,0.5,1,1
1,3,4,20,101100100000101000111000010100,1,1,0,0.84,0.03030303120613098,1,1
1,3,4,25,101100100000101000111000010100,1,1,0,0.6,0.3333333432674408,1,1
1,3,4,27,101100100000101000111000010100,1,1,0,0.79,0.2978723347187042,2,2
1,3,5,1,010000001000101101111011110000,1,1,0,0.95,0.1666666716337204,1,1
1,3,5,8,010000001000101101111011110000,1,1,0,0.96,0.00800000037997961,1,1
1,3,5,12,010000001000101101111011110000,1,1,0,1.0,0.05263157933950424,1,1
1,3,5,14,010000001000101101111011110000,1,1,0,0.68,0.15306122601032257,1,1
1,3,5,15,010000001000101101111011110000,1,1,0,0.5,0.14000000059604645,1,1
1,3,5,17,010000001000101101111011110000,1,1,0,0.38,0.23333333432674408,1,1
1,3,5,18,010000001000101101111011110000,1,1,0,0.72,0.0923076942563057,1,1
1,3,5,19,010000001000101101111011110000,1,1,0,0.8,0.5,1,1
1,3,5,20,010000001000101101111011110000,1,1,0,0.84,0.03030303120613098,1,1
1,3,5,22,010000001000101101111011110000,1,1,0,0.14,0.1489361673593521,1,1
1,3,5,23,010000001000101101111011110000,1,1,0,0.54,0.0,1,1
1,3,5,24,010000001000101101111011110000,1,1,0,0.11,0.23188406229019165,1,1
1,3,5,25,010000001000101101111011110000,1,1,0,0.6,0.3333333432674408,1,1
1,3,6,0,110110001000101101111011110100,1,1,0,0.15,0.171875,1,1
1,3,6,1,110110001000101101111011110100,1,1,0,0.95,0.1666666716337204,1,1
1,3,6,3,110110001000101101111011110100,1,1,0,0.88,0.015625,1,1
1,3,6,4,110110001000101101111011110100,1,1,0,0.37,0.13333334028720856,1,1
1,3,6,8,110110001000101101111011110100,1,1,0,0.96,0.00800000037997961,1,1
1,3,6,12,110110001000101101111011110100,1,1,0,1.0,0.05263157933950424,1,1
1,3,6,14,110110001000101101111011110100,1,1,0,0.68,0.15306122601032257,1,1
1,3,6,15,110110001000101101111011110100,1,1,0,0.5,0.14000000059604645,1,1
1,3,6,17,110110001000101101111011110100,1,1,0,0.38,0.23333333432674408,1,1
1,3,6,18,110110001000101101111011110100,1,1,0,0.72,0.0923076942563057,1,1
1,3,6,19,110110001000101101111011110100,1,1,0,0.8,0.5,1,1
1,3,6,20,110110001000101101111011110100,1,1,0,0.84,0.03030303120613098,1,1
1,3,6,22,110110001000101101111011110100,1,1,0,0.14,0.1489361673593521,1,1
1,3,6,23,110110001000101101111011110100,1,1,0,0.54,0.0,1,1
1,3,6,24,110110001000101101111011110100,1,1,0,0.11,0.23188406229019165,1,1
1,3,6,25,110110001000101101111011110100,1,1,0,0.6,0.3333333432674408,1,1
1,3,6,27,110110001000101101111011110100,1,1,0,0.79,0.2978723347187042,2,2
1,3,7,0,100110100011001110000001000111,1,1,0,0.15,0.171875,1,1
1,3,7,3,100110100011001110000001000111,1,1,0,0.88,0.015625,1,1
1,3,7,4,100110100011001110000001000111,1,1,0,0.37,0.13333334028720856,1,1
1,3,7,6,100110100011001110000001000111,1,1,0,0.44,0.0,1,1
1,3,7,10,100110100011001110000001000111,1,1,0,0.37,0.03750000149011612,1,1
1,3,7,11,100110100011001110000001000111,1,1,0,0.85,0.0,2,2
1,3,7,14,100110100011001110000001000111,1,1,0,0.68,0.15306122601032257,1,1
1,3,7,15,100110100011001110000001000111,1,1,0,0.5,0.14000000059604645,1,1
1,3,7,16,100110100011001110000001000111,1,1,0,0.34,0.054794520139694214,1,1
1,3,7,23,100110100011001110000001000111,1,1,0,0.54,0.0,1,1
1,3,7,27,100110100011001110000001000111,1,1,0,0.79,0.2978723347187042,2,2
1,3,7,28,100110100011001110000001000111,1,1,0,0.4,0.28358209133148193,1,1
1,3,7,29,100110100011001110000001000111,1,1,0,0.17,0.05042016878724098,1,1
1,3,8,0,100110110001001000001001000111,1,1,0,0.15,0.171875,1,1
1,3,8,3,100110110001001000001001000111,1,1,0,0.88,0.015625,1,1
1,3,8,4,100110110001001000001001000111,1,1,0,0.37,0.13333334028720856,1,1
1,3,8,6,100110110001001000001001000111,1,1,0,0.44,0.0,1,1
1,3,8,7,100110110001001000001001000111,1,0,1,0.06,0.17592592537403107,1,1
1,3,8,11,100110110001001000001001000111,1,1,0,0.85,0.0,2,2
1,3,8,14,100110110001001000001001000111,1,1,0,0.68,0.15306122601032257,1,1
1,3,8,20,100110110001001000001001000111,1,1,0,0.84,0.03030303120613098,1,1
1,3,8,23,100110110001001000001001000111,1,1,0,0.54,0.0,1,1
1,3,8,27,100110110001001000001001000111,1,1,0,0.79,0.2978723347187042,2,2
1,3,8,28,100110110001001000001001000111,1,1,0,0.4,0.28358209133148193,1,1
1,3,8,29,100110110001001000001001000111,1,1,0,0.17,0.05042016878724098,1,1
1,3,9,0,100101011110101110011101000111,1,1,0,0.15,0.171875,1,1
1,3,9,3,100101011110101110011101000111,1,1,0,0.88,0.015625,1,1
1,3,9,5,100101011110101110011101000111,1,1,0,0.95,0.3448275923728943,1,1
1,3,9,7,100101011110101110011101000111,1,0,1,0.06,0.17592592537403107,1,1
1,3,9,8,100101011110101110011101000111,1,1,0,0.96,0.00800000037997961,1,1
1,3,9,9,100101011110101110011101000111,1,1,0,0.14,0.26923078298568726,1,1
1,3,9,10,100101011110101110011101000111,1,1,0,0.37,0.03750000149011612,1,1
1,3,9,12,100101011110101110011101000111,1,1,0,1.0,0.05263157933950424,1,1
1,3,9,14,100101011110101110011101000111,1,1,0,0.68,0.15306122601032257,1,1
1,3,9,15,100101011110101110011101000111,1,1,0,0.5,0.14000000059604645,1,1
1,3,9,16,100101011110101110011101000111,1,1,0,0.34,0.054794520139694214,1,1
1,3,9,19,100101011110101110011101000111,1,1,0,0.8,0.5,1,1
1,3,9,20,100101011110101110011101000111,1,1,0,0.84,0.03030303120613098,1,1
1,3,9,21,100101011110101110011101000111,1,1,0,0.84,0.10294117778539658,1,1
1,3,9,23,100101011110101110011101000111,1,1,0,0.54,0.0,1,1
1,3,9,27,100101011110101110011101000111,1,1,0,0.79,0.2978723347187042,2,2
1,3,9,28,100101011110101110011101000111,1,1,0,0.4,0.28358209133148193,1,1
1,3,9,29,100101011110101110011101000111,1,1,0,0.17,0.05042016878724098,1,1
1,4,0,0,100001011011101010100100010101,1,1,0,0.15,0.171875,1,1
1,4,0,5,100001011011101010100100010101,1,1,0,0.95,0.3448275923728943,1,1
1,4,0,7,100001011011101010100100010101,1,0,1,0.06,0.17592592537403107,1,1
1,4,0,8,100001011011101010100100010101,1,1,0,0.96,0.00800000037997961,1,1
1,4,0,10,100001011011101010100100010101,1,1,0,0.37,0.03750000149011612,1,1
1,4,0,11,100001011011101010100100010101,1,1,0,0.85,0.0,2,2
1,4,0,12,100001011011101010100100010101,1,1,0,1.0,0.05263157933950424,1,1
1,4,0,14,100001011011101010100100010101,1,1,0,0.68,0.15306122601032257,1,1
1,4,0,16,100001011011101010100100010101,1,1,0,0.34,0.054794520139694214,1,1
1,4,0,18,100001011011101010100100010101,1,1,0,0.72,0.0923076942563057,1,1
1,4,0,21,100001011011101010100100010101,1,1,0,0.84,0.10294117778539658,1,1
1,4,0,25,100001011011101010100100010101,1,1,0,0.6,0.3333333432674408,1,1
1,4,0,27,100001011011101010100100010101,1,1,0,0.79,0.2978723347187042,2,2
1,4,0,29,100001011011101010100100010101,1,1,0,0.17,0.05042016878724098,1,1
1,4,1,1,011101010000001100011000000111,1,1,0,0.95,0.1666666716337204,1,1
1,4,1,2,011101010000001100011000000111,1,1,0,0.56,0.4188034236431122,1,1
1,4,1,3,011101010000001100011000000111,1,1,0,0.88,0.015625,1,1
1,4,1,5,011101010000001100011000000111,1,1,0,0.95,0.3448275923728943,1,1
1,4,1,7,011101010000001100011000000111,1,0,1,0.06,0.17592592537403107,1,1
1,4,1,14,011101010000001100011000000111,1,1,0,0.68,0.15306122601032257,1,1
1,4,1,15,011101010000001100011000000111,1,1,0,0.5,0.14000000059604645,1,1
1,4,1,19,011101010000001100011000000111,1,1,0,0.8,0.5,1,1
1,4,1,20,011101010000001100011000000111,1,1,0,0.84,0.03030303120613098,1,1
1,4,1,27,011101010000001100011000000111,1,1,0,0.79,0.2978723347187042,2,2
1,4,1,28,011101010000001100011000000111,1,1,0,0.4,0.28358209133148193,1,1
1,4,1,29,011101010000001100011000000111,1,1,0,0.17,0.05042016878724098,1,1
1,4,2,1,010000001000101101111011110000,1,1,0,0.95,0.1666666716337204,1,1
1,4,2,8,010000001000101101111011110000,1,1,0,0.96,0.00800000037997961,1,1
1,4,2,12,010000001000101101111011110000,1,1,0,1.0,0.05263157933950424,1,1
1,4,2,14,010000001000101101111011110000,1,1,0,0.68,0.15306122601032257,1,1
1,4,2,15,010000001000101101111011110000,1,1,0,0.5,0.14000000059604645,1,1
1,4,2,17,010000001000101101111011110000,1,1,0,0.38,0.23333333432674408,1,1
1,4,2,18,010000001000101101111011110000,1,1,0,0.72,0.0923076942563057,1,1
1,4,2,19,010000001000101101111011110000,1,1,0,0.8,0.5,1,1
1,4,2,20,010000001000101101111011110000,1,1,0,0.84,0.03030303120613098,1,1
1,4,2,22,010000001000101101111011110000,1,1,0,0.14,0.1489361673593521,1,1
1,4,2,23,010000001000101101111011110000,1,1,0,0.54,0.0,1,1
1,4,2,24,010000001000101101111011110000,1,1,0,0.11,0.23188406229019165,1,1
1,4,2,25,010000001000101101111011110000,1,1,0,0.6,0.3333333432674408,1,1
1,4,3,0,100110100011001110000001000111,1,1,0,0.15,0.171875,1,1
1,4,3,3,100110100011001110000001000111,1,1,0,0.88,0.015625,1,1
1,4,3,4,100110100011001110000001000111,1,1,0,0.37,0.13333334028720856,1,1
1,4,3,6,100110100011001110000001000111,1,1,0,0.44,0.0,1,1
1,4,3,10,100110100011001110000001000111,1,1,0,0.37,0.03750000149011612,1,1
1,4,3,11,100110100011001110000001000111,1,1,0,0.85,0.0,2,2
1,4,3,14,100110100011001110000001000111,1,1,0,0.68,0.15306122601032257,1,1
1,4,3,15,100110100011001110000001000111,1,1,0,0.5,0.14000000059604645,1,1
1,4,3,16,100110100011001110000001000111,1,1,0,0.34,0.054794520139694214,1,1
1,4,3,23,100110100011001110000001000111,1,1,0,0.54,0.0,1,1
1,4,3,27,100110100011001110000001000111,1,1,0,0.79,0.2978723347187042,2,2
1,4,3,28,100110100011001110000001000111,1,1,0,0.4,0.28358209133148193,1,1
1,4,3,29,100110100011001110000001000111,1,1,0,0.17,0.05042016878724098,1,1
1,4,4,0,100110110001001000001001000111,1,1,0,0.15,0.171875,1,1
1,4,4,3,100110110001001000001001000111,1,1,0,0.88,0.015625,1,1
1,4,4,4,100110110001001000001001000111,1,1,0,0.37,0.13333334028720856,1,1
1,4,4,6,100110110001001000001001000111,1,1,0,0.44,0.0,1,1
1,4,4,7,100110110001001000001001000111,1,0,1,0.06,0.17592592537403107,1,1
1,4,4,11,100110110001001000001001000111,1,1,0,0.85,0.0,2,2
1,4,4,14,100110110001001000001001000111,1,1,0,0.68,0.15306122601032257,1,1
1,4,4,20,100110110001001000001001000111,1,1,0,0.84,0.03030303120613098,1,1
1,4,4,23,100110110001001000001001000111,1,1,0,0.54,0.0,1,1
1,4,4,27,100110110001001000001001000111,1,1,0,0.79,0.2978723347187042,2,2
1,4,4,28,100110110001001000001001000111,1,1,0,0.4,0.28358209133148193,1,1
1,4,4,29,100110110001001000001001000111,1,1,0,0.17,0.05042016878724098,1,1
1,4,5,1,011101000011101100101001000111,1,1,0,0.95,0.1666666716337204,1,1
1,4,5,2,011101000011101100101001000111,1,1,0,0.56,0.4188034236431122,1,1
1,4,5,3,011101000011101100101001000111,1,1,0,0.88,0.015625,1,1
1,4,5,5,011101000011101100101001000111,1,1,0,0.95,0.3448275923728943,1,1
1,4,5,10,011101000011101100101001000111,1,1,0,0.37,0.03750000149011612,1,1
1,4,5,11,011101000011101100101001000111,1,1,0,0.85,0.0,2,2
1,4,5,12,011101000011101100101001000111,1,1,0,1.0,0.05263157933950424,1,1
1,4,5,14,011101000011101100101001000111,1,1,0,0.68,0.15306122601032257,1,1
1,4,5,15,011101000011101100101001000111,1,1,0,0.5,0.14000000059604645,1,1
1,4,5,18,011101000011101100101001000111,1,1,0,0.72,0.0923076942563057,1,1
1,4,5,20,011101000011101100101001000111,1,1,0,0.84,0.03030303120613098,1,1
1,4,5,23,011101000011101100101001000111,1,1,0,0.54,0.0,1,1
1,4,5,27,011101000011101100101001000111,1,1,0,0.79,0.2978723347187042,2,2
1,4,5,28,011101000011101100101001000111,1,1,0,0.4,0.28358209133148193,1,1
1,4,5,29,011101000011101100101001000111,1,1,0,0.17,0.05042016878724098,1,1
1,4,6,0,100100001011001011001101000111,1,1,0,0.15,0.171875,1,1
1,4,6,3,100100001011001011001101000111,1,1,0,0.88,0.015625,1,1
1,4,6,8,100100001011001011001101000111,1,1,0,0.96,0.00800000037997961,1,1
1,4,6,10,100100001011001011001101000111,1,1,0,0.37,0.03750000149011612,1,1
1,4,6,11,100100001011001011001101000111,1,1,0,0.85,0.0,2,2
1,4,6,14,100100001011001011001101000111,1,1,0,0.68,0.15306122601032257,1,1
1,4,6,16,100100001011001011001101000111,1,1,0,0.34,0.054794520139694214,1,1
1,4,6,17,100100001011001011001101000111,1,1,0,0.38,0.23333333432674408,1,1
1,4,6,20,100100001011001011001101000111,1,1,0,0.84,0.03030303120613098,1,1
1,4,6,21,100100001011001011001101000111,1,1,0,0.84,0.10294117778539658,1,1
1,4,6,23,100100001011001011001101000111,1,1,0,0.54,0.0,1,1
1,4,6,27,100100001011001011001101000111,1,1,0,0.79,0.2978723347187042,2,2
1,4,6,28,100100001011001011001101000111,1,1,0,0.4,0.28358209133148193,1,1
1,4,6,29,100100001011001011001101000111,1,1,0,0.17,0.05042016878724098,1,1
1,4,7,1,010010001000101101111000110000,1,1,0,0.95,0.1666666716337204,1,1
1,4,7,4,010010001000101101111000110000,1,1,0,0.37,0.13333334028720856,1,1
1,4,7,8,010010001000101101111000110000,1,1,0,0.96,0.00800000037997961,1,1
1,4,7,12,010010001000101101111000110000,1,1,0,1.0,0.05263157933950424,1,1
1,4,7,14,010010001000101101111000110000,1,1,0,0.68,0.15306122601032257,1,1
1,4,7,15,010010001000101101111000110000,1,1,0,0.5,0.14000000059604645,1,1
1,4,7,17,010010001000101101111000110000,1,1,0,0.38,0.23333333432674408,1,1
1,4,7,18,010010001000101101111000110000,1,1,0,0.72,0.0923076942563057,1,1
1,4,7,19,010010001000101101111000110000,1,1,0,0.8,0.5,1,1
1,4,7,20,010010001000101101111000110000,1,1,0,0.84,0.03030303120613098,1,1
1,4,7,24,010010001000101101111000110000,1,1,0,0.11,0.23188406229019165,1,1
1,4,7,25,010010001000101101111000110000,1,1,0,0.6,0.3333333432674408,1,1
1,4,8,0,100110101100001111001001001001,1,1,0,0.15,0.171875,1,1
1,4,8,3,100110101100001111001001001001,1,1,0,0.88,0.015625,1,1
1,4,8,4,100110101100001111001001001001,1,1,0,0.37,0.13333334028720856,1,1
1,4,8,6,100110101100001111001001001001,1,1,0,0.44,0.0,1,1
1,4,8,8,100110101100001111001001001001,1,1,0,0.96,0.00800000037997961,1,1
1,4,8,9,100110101100001111001001001001,1,1,0,0.14,0.26923078298568726,1,1
1,4,8,14,100110101100001111001001001001,1,1,0,0.68,0.15306122601032257,1,1
1,4,8,15,100110101100001111001001001001,1,1,0,0.5,0.14000000059604645,1,1
1,4,8,16,100110101100001111001001001001,1,1,0,0.34,0.054794520139694214,1,1
1,4,8,17,100110101100001111001001001001,1,1,0,0.38,0.23333333432674408,1,1
1,4,8,20,100110101100001111001001001001,1,1,0,0.84,0.03030303120613098,1,1
1,4,8,23,100110101100001111001001001001,1,1,0,0.54,0.0,1,1
1,4,8,26,100110101100001111001001001001,1,1,0,0.49,0.6153846383094788,1,1
1,4,8,29,100110101100001111001001001001,1,1,0,0.17,0.05042016878724098,1,1
1,5,0,1,010000001000101101111011110000,1,1,0,0.95,0.1666666716337204,1,1
1,5,0,8,010000001000101101111011110000,1,1,0,0.96,0.00800000037997961,1,1
1,5,0,12,010000001000101101111011110000,1,1,0,1.0,0.05263157933950424,1,1
1,5,0,14,010000001000101101111011110000,1,1,0,0.68,0.15306122601032257,1,1
1,5,0,15,010000001000101101111011110000,1,1,0,0.5,0.14000000059604645,1,1
1,5,0,17,010000001000101101111011110000,1,1,0,0.38,0.23333333432674408,1,1
1,5,0,18,010000001000101101111011110000,1,1,0,0.72,0.0923076942563057,1,1
1,5,0,19,010000001000101101111011110000,1,1,0,0.8,0.5,1,1
1,5,0,20,010000001000101101111011110000,1,1,0,0.84,0.03030303120613098,1,1
1,5,0,22,010000001000101101111011110000,1,1,0,0.14,0.1489361673593521,1,1
1,5,0,23,010000001000101101111011110000,1,1,0,0.54,0.0,1,1
1,5,0,24,010000001000101101111011110000,1,1,0,0.11,0.23188406229019165,1,1
1,5,0,25,010000001000101101111011110000,1,1,0,0.6,0.3333333432674408,1,1
1,5,1,0,100110100011001110000001000111,1,1,0,0.15,0.171875,1,1
1,5,1,3,100110100011001110000001000111,1,1,0,0.88,0.015625,1,1
1,5,1,4,100110100011001110000001000111,1,1,0,0.37,0.13333334028720856,1,1
1,5,1,6,100110100011001110000001000111,1,1,0,0.44,0.0,1,1
1,5,1,10,100110100011001110000001000111,1,1,0,0.37,0.03750000149011612,1,1
1,5,1,11,100110100011001110000001000111,1,1,0,0.85,0.0,2,2
1,5,1,14,100110100011001110000001000111,1,1,0,0.68,0.15306122601032257,1,1
1,5,1,15,100110100011001110000001000111,1,1,0,0.5,0.14000000059604645,1,1
1,5,1,16,100110100011001110000001000111,1,1,0,0.34,0.054794520139694214,1,1
1,5,1,23,100110100011001110000001000111,1,1,0,0.54,0.0,1,1
1,5,1,27,100110100011001110000001000111,1,1,0,0.79,0.2978723347187042,2,2
1,5,1,28,100110100011001110000001000111,1,1,0,0.4,0.28358209133148193,1,1
1,5,1,29,100110100011001110000001000111,1,1,0,0.17,0.05042016878724098,1,1
1,5,2,0,100110110001001000001001000111,1,1,0,0.15,0.171875,1,1
1,5,2,3,100110110001001000001001000111,1,1,0,0.88,0.015625,1,1
1,5,2,4,100110110001001000001001000111,1,1,0,0.37,0.13333334028720856,1,1
1,5,2,6,100110110001001000001001000111,1,1,0,0.44,0.0,1,1
1,5,2,7,100110110001001000001001000111,1,0,1,0.06,0.17592592537403107,1,1
1,5,2,11,100110110001001000001001000111,1,1,0,0.85,0.0,2,2
1,5,2,14,100110110001001000001001000111,1,1,0,0.68,0.15306122601032257,1,1
1,5,2,20,100110110001001000001001000111,1,1,0,0.84,0.03030303120613098,1,1
1,5,2,23,100110110001001000001001000111,1,1,0,0.54,0.0,1,1
1,5,2,27,100110110001001000001001000111,1,1,0,0.79,0.2978723347187042,2,2
1,5,2,28,100110110001001000001001000111,1,1,0,0.4,0.28358209133148193,1,1
1,5,2,29,100110110001001000001001000111,1,1,0,0.17,0.05042016878724098,1,1
1,5,3,0,100100001011001011001101000111,1,1,0,0.15,0.171875,1,1
1,5,3,3,100100001011001011001101000111,1,1,0,0.88,0.015625,1,1
1,5,3,8,100100001011001011001101000111,1,1,0,0.96,0.00800000037997961,1,1
1,5,3,10,100100001011001011001101000111,1,1,0,0.37,0.03750000149011612,1,1
1,5,3,11,100100001011001011001101000111,1,1,0,0.85,0.0,2,2
1,5,3,14,100100001011001011001101000111,1,1,0,0.68,0.15306122601032257,1,1
1,5,3,16,100100001011001011001101000111,1,1,0,0.34,0.054794520139694214,1,1
1,5,3,17,100100001011001011001101000111,1,1,0,0.38,0.23333333432674408,1,1
1,5,3,20,100100001011001011001101000111,1,1,0,0.84,0.03030303120613098,1,1
1,5,3,21,100100001011001011001101000111,1,1,0,0.84,0.10294117778539658,1,1
1,5,3,23,100100001011001011001101000111,1,1,0,0.54,0.0,1,1
1,5,3,27,100100001011001011001101000111,1,1,0,0.79,0.2978723347187042,2,2
1,5,3,28,100100001011001011001101000111,1,1,0,0.4,0.28358209133148193,1,1
1,5,3,29,100100001011001011001101000111,1,1,0,0.17,0.05042016878724098,1,1
1,5,4,1,010010001000101101111000110000,1,1,0,0.95,0.1666666716337204,1,1
1,5,4,4,010010001000101101111000110000,1,1,0,0.37,0.13333334028720856,1,1
1,5,4,8,010010001000101101111000110000,1,1,0,0.96,0.00800000037997961,1,1
1,5,4,12,010010001000101101111000110000,1,1,0,1.0,0.05263157933950424,1,1
1,5,4,14,010010001000101101111000110000,1,1,0,0.68,0.15306122601032257,1,1
1,5,4,15,010010001000101101111000110000,1,1,0,0.5,0.14000000059604645,1,1
1,5,4,17,010010001000101101111000110000,1,1,0,0.38,0.23333333432674408,1,1
1,5,4,18,010010001000101101111000110000,1,1,0,0.72,0.0923076942563057,1,1
1,5,4,19,010010001000101101111000110000,1,1,0,0.8,0.5,1,1
1,5,4,20,010010001000101101111000110000,1,1,0,0.84,0.03030303120613098,1,1
1,5,4,24,010010001000101101111000110000,1,1,0,0.11,0.23188406229019165,1,1
1,5,4,25,010010001000101101111000110000,1,1,0,0.6,0.3333333432674408,1,1
1,5,5,0,100110101100001111001001001001,1,1,0,0.15,0.171875,1,1
1,5,5,3,100110101100001111001001001001,1,1,0,0.88,0.015625,1,1
1,5,5,4,100110101100001111001001001001,1,1,0,0.37,0.13333334028720856,1,1
1,5,5,6,100110101100001111001001001001,1,1,0,0.44,0.0,1,1
1,5,5,8,100110101100001111001001001001,1,1,0,0.96,0.00800000037997961,1,1
1,5,5,9,100110101100001111001001001001,1,1,0,0.14,0.26923078298568726,1,1
1,5,5,14,100110101100001111001001001001,1,1,0,0.68,0.15306122601032257,1,1
1,5,5,15,100110101100001111001001001001,1,1,0,0.5,0.14000000059604645,1,1
1,5,5,16,100110101100001111001001001001,1,1,0,0.34,0.054794520139694214,1,1
1,5,5,17,100110101100001111001001001001,1,1,0,0.38,0.23333333432674408,1,1
1,5,5,20,100110101100001111001001001001,1,1,0,0.84,0.03030303120613098,1,1
1,5,5,23,100110101100001111001001001001,1,1,0,0.54,0.0,1,1
1,5,5,26,100110101100001111001001001001,1,1,0,0.49,0.6153846383094788,1,1
1,5,5,29,100110101100001111001001001001,1,1,0,0.17,0.05042016878724098,1,1
1,5,6,3,000110100011001010000100000101,1,1,0,0.88,0.015625,1,1
1,5,6,4,000110100011001010000100000101,1,1,0,0.37,0.13333334028720856,1,1
1,5,6,6,000110100011001010000100000101,1,1,0,0.44,0.0,1,1
1,5,6,10,000110100011001010000100000101,1,1,0,0.37,0.03750000149011612,1,1
1,5,6,11,000110100011001010000100000101,1,1,0,0.85,0.0,2,2
1,5,6,14,000110100011001010000100000101,1,1,0,0.68,0.15306122601032257,1,1
1,5,6,16,000110100011001010000100000101,1,1,0,0.34,0.054794520139694214,1,1
1,5,6,21,000110100011001010000100000101,1,1,0,0.84,0.10294117778539658,1,1
1,5,6,27,000110100011001010000100000101,1,1,0,0.79,0.2978723347187042,2,2
1,5,6,29,000110100011001010000100000101,1,1,0,0.17,0.05042016878724098,1,1
1,5,7,0,100010001000101101001001001001,1,1,0,0.15,0.171875,1,1
1,5,7,4,100010001000101101001001001001,1,1,0,0.37,0.13333334028720856,1,1
1,5,7,8,100010001000101101001001001001,1,1,0,0.96,0.00800000037997961,1,1
1,5,7,12,100010001000101101001001001001,1,1,0,1.0,0.05263157933950424,1,1
1,5,7,14,100010001000101101001001001001,1,1,0,0.68,0.15306122601032257,1,1
1,5,7,15,100010001000101101001001001001,1,1,0,0.5,0.14000000059604645,1,1
1,5,7,17,100010001000101101001001001001,1,1,0,0.38,0.23333333432674408,1,1
1,5,7,20,100010001000101101001001001001,1,1,0,0.84,0.03030303120613098,1,1
1,5,7,23,100010001000101101001001001001,1,1,0,0.54,0.0,1,1
1,5,7,26,100010001000101101001001001001,1,1,0,0.49,0.6153846383094788,1,1
1,5,7,29,100010001000101101001001001001,1,1,0,0.17,0.05042016878724098,1,1
1,5,8,0,110100001011001011001101000111,1,1,0,0.15,0.171875,1,1
1,5,8,1,110100001011001011001101000111,1,1,0,0.95,0.1666666716337204,1,1
1,5,8,3,110100001011001011001101000111,1,1,0,0.88,0.015625,1,1
1,5,8,8,110100001011001011001101000111,1,1,0,0.96,0.00800000037997961,1,1
1,5,8,10,110100001011001011001101000111,1,1,0,0.37,0.03750000149011612,1,1
1,5,8,11,110100001011001011001101000111,1,1,0,0.85,0.0,2,2
1,5,8,14,110100001011001011001101000111,1,1,0,0.68,0.15306122601032257,1,1
1,5,8,16,110100001011001011001101000111,1,1,0,0.34,0.054794520139694214,1,1
1,5,8,17,110100001011001011001101000111,1,1,0,0.38,0.23333333432674408,1,1
1,5,8,20,110100001011001011001101000111,1,1,0,0.84,0.03030303120613098,1,1
1,5,8,21,110100001011001011001101000111,1,1,0,0.84,0.10294117778539658,1,1
1,5,8,23,110100001011001011001101000111,1,1,0,0.54,0.0,1,1
1,5,8,27,110100001011001011001101000111,1,1,0,0.79,0.2978723347187042,2,2
1,5,8,28,110100001011001011001101000111,1,1,0,0.4,0.28358209133148193,1,1
1,5,8,29,110100001011001011001101000111,1,1,0,0.17,0.05042016878724098,1,1
1,5,9,1,010001010000000000100000010000,1,1,0,0.95,0.1666666716337204,1,1
1,5,9,5,010001010000000000100000010000,1,1,0,0.95,0.3448275923728943,1,1
1,5,9,7,010001010000000000100000010000,1,0,1,0.06,0.17592592537403107,1,1
1,5,9,18,010001010000000000100000010000,1,1,0,0.72,0.0923076942563057,1,1
1,5,9,25,010001010000000000100000010000,1,1,0,0.6,0.3333333432674408,1,1
1,5,10,0,110001011000001100011000000110,1,1,0,0.15,0.171875,1,1
1,5,10,1,110001011000001100011000000110,1,1,0,0.95,0.1666666716337204,1,1
1,5,10,5,110001011000001100011000000110,1,1,0,0.95,0.3448275923728943,1,1
1,5,10,7,110001011000001100011000000110,1,0,1,0.06,0.17592592537403107,1,1
1,5,10,8,110001011000001100011000000110,1,1,0,0.96,0.00800000037997961,1,1
1,5,10,14,110001011000001100011000000110,1,1,0,0.68,0.15306122601032257,1,1
1,5,10,15,110001011000001100011000000110,1,1,0,0.5,0.14000000059604645,1,1
1,5,10,19,110001011000001100011000000110,1,1,0,0.8,0.5,1,1
1,5,10,20,110001011000001100011000000110,1,1,0,0.84,0.03030303120613098,1,1
1,5,10,27,110001011000001100011000000110,1,1,0,0.79,0.2978723347187042,2,2
1,5,10,28,110001011000001100011000000110,1,1,0,0.4,0.28358209133148193,1,1
1,5,11,1,010000011011100010100100010100,1,1,0,0.95,0.1666666716337204,1,1
1,5,11,7,010000011011100010100100010100,1,0,1,0.06,0.17592592537403107,1,1
1,5,11,8,010000011011100010100100010100,1,1,0,0.96,0.00800000037997961,1,1
1,5,11,10,010000011011100010100100010100,1,1,0,0.37,0.03750000149011612,1,1
1,5,11,11,010000011011100010100100010100,1,1,0,0.85,0.0,2,2
1,5,11,12,010000011011100010100100010100,1,1,0,1.0,0.05263157933950424,1,1
1,5,11,16,010000011011100010100100010100,1,1,0,0.34,0.054794520139694214,1,1
1,5,11,18,010000011011100010100100010100,1,1,0,0.72,0.0923076942563057,1,1
1,5,11,21,010000011011100010100100010100,1,1,0,0.84,0.10294117778539658,1,1
1,5,11,25,010000011011100010100100010100,1,1,0,0.6,0.3333333432674408,1,1
1,5,11,27,010000011011100010100100010100,1,1,0,0.79,0.2978723347187042,2,2
2,1,0,0,110001001000101101111011110100,1,1,0,0.2,0.203125,1,1
2,1,0,1,110001001000101101111011110100,1,1,0,0.85,0.28333333134651184,3,2
2,1,0,5,110001001000101101111011110100,1,1,0,0.85,0.5862069129943848,3,2
2,1,0,8,110001001000101101111011110100,1,1,0,1.0,0.15199999511241913,1,1
2,1,0,12,110001001000101101111011110100,1,1,0,1.0,0.10526315867900848,1,1
2,1,0,14,110001001000101101111011110100,1,1,0,0.73,0.43877550959587097,1,1
2,1,0,15,110001001000101101111011110100,1,1,0,0.55,0.15333333611488342,1,1
2,1,0,17,110001001000101101111011110100,1,1,0,0.43,0.2666666805744171,1,1
2,1,0,18,110001001000101101111011110100,1,1,0,0.62,0.446153849363327,3,2
2,1,0,19,110001001000101101111011110100,1,1,0,0.85,0.4722222089767456,1,1
2,1,0,20,110001001000101101111011110100,1,1,0,0.89,0.19696970283985138,1,1
2,1,0,22,110001001000101101111011110100,1,1,0,0.19,0.4893617033958435,1,1
2,1,0,23,110001001000101101111011110100,1,1,0,0.59,0.5,1,1
2,1,0,24,110001001000101101111011110100,1,1,0,0.16,0.28985506296157837,1,1
2,1,0,25,110001001000101101111011110100,1,1,0,0.5,0.4871794879436493,3,2
2,1,0,27,110001001000101101111011110100,1,1,0,0.84,0.6595744490623474,2,2
2,1,1,0,110110000001101101000001101000,1,1,0,0.2,0.203125,1,1
2,1,1,1,110110000001101101000001101000,1,1,0,0.85,0.28333333134651184,3,2
2,1,1,3,110110000001101101000001101000,1,1,0,0.93,0.03125,1,1
2,1,1,4,110110000001101101000001101000,1,1,0,0.42,0.31111112236976624,1,1
2,1,1,11,110110000001101101000001101000,1,1,0,0.9,0.043478261679410934,2,2
2,1,1,12,110110000001101101000001101000,1,1,0,1.0,0.10526315867900848,1,1
2,1,1,14,110110000001101101000001101000,1,1,0,0.73,0.43877550959587097,1,1
2,1,1,15,110110000001101101000001101000,1,1,0,0.55,0.15333333611488342,1,1
2,1,1,17,110110000001101101000001101000,1,1,0,0.43,0.2666666805744171,1,1
2,1,1,23,110110000001101101000001101000,1,1,0,0.59,0.5,1,1
2,1,1,24,110110000001101101000001101000,1,1,0,0.16,0.28985506296157837,1,1
2,1,1,26,110110000001101101000001101000,1,1,0,0.54,0.557692289352417,1,1
2,1,2,0,100110100011001111001001000111,1,1,0,0.2,0.203125,1,1
2,1,2,3,100110100011001111001001000111,1,1,0,0.93,0.03125,1,1
2,1,2,4,100110100011001111001001000111,1,1,0,0.42,0.31111112236976624,1,1
2,1,2,6,100110100011001111001001000111,1,1,0,0.49,0.19736842811107635,1,1
2,1,2,10,100110100011001111001001000111,1,1,0,0.42,0.13750000298023224,1,1
2,1,2,11,100110100011001111001001000111,1,1,0,0.9,0.043478261679410934,2,2
2,1,2,14,100110100011001111001001000111,1,1,0,0.73,0.43877550959587097,1,1
2,1,2,15,100110100011001111001001000111,1,1,0,0.55,0.15333333611488342,1,1
2,1,2,16,100110100011001111001001000111,1,1,0,0.39,0.12328767031431198,1,1
2,1,2,17,100110100011001111001001000111,1,1,0,0.43,0.2666666805744171,1,1
2,1,2,20,100110100011001111001001000111,1,1,0,0.89,0.19696970283985138,1,1
2,1,2,23,100110100011001111001001000111,1,1,0,0.59,0.5,1,1
2,1,2,27,100110100011001111001001000111,1,1,0,0.84,0.6595744490623474,2,2
2,1,2,28,100110100011001111001001000111,1,1,0,0.45,0.34328359365463257,1,1
2,1,2,29,100110100011001111001001000111,1,1,0,0.22,0.19327731430530548,1,1
2,1,3,1,010110100011000011000000110000,1,1,0,0.85,0.28333333134651184,3,2
2,1,3,3,010110100011000011000000110000,1,1,0,0.93,0.03125,1,1
2,1,3,4,010110100011000011000000110000,1,1,0,0.42,0.31111112236976624,1,1
2,1,3,6,010110100011000011000000110000,1,1,0,0.49,0.19736842811107635,1,1
2,1,3,10,010110100011000011000000110000,1,1,0,0.42,0.13750000298023224,1,1
2,1,3,11,010110100011000011000000110000,1,1,0,0.9,0.043478261679410934,2,2
2,1,3,16,010110100011000011000000110000,1,1,0,0.39,0.12328767031431198,1,1
2,1,3,17,010110100011000011000000110000,1,1,0,0.43,0.2666666805744171,1,1
2,1,3,24,010110100011000011000000110000,1,1,0,0.16,0.28985506296157837,1,1
2,1,3,25,010110100011000011000000110000,1,1,0,0.5,0.4871794879436493,3,2
2,1,4,0,101100100000101011111000010100,1,1,0,0.2,0.203125,1,1
2,1,4,2,101100100000101011111000010100,1,1,0,0.61,0.6581196784973145,1,1
2,1,4,3,101100100000101011111000010100,1,1,0,0.93,0.03125,1,1
2,1,4,6,101100100000101011111000010100,1,1,0,0.49,0.19736842811107635,1,1
2,1,4,12,101100100000101011111000010100,1,1,0,1.0,0.10526315867900848,1,1
2,1,4,14,101100100000101011111000010100,1,1,0,0.73,0.43877550959587097,1,1
2,1,4,16,101100100000101011111000010100,1,1,0,0.39,0.12328767031431198,1,1
2,1,4,17,101100100000101011111000010100,1,1,0,0.43,0.2666666805744171,1,1
2,1,4,18,101100100000101011111000010100,1,1,0,0.62,0.446153849363327,3,2
2,1,4,19,101100100000101011111000010100,1,1,0,0.85,0.4722222089767456,1,1
2,1,4,20,101100100000101011111000010100,1,1,0,0.89,0.19696970283985138,1,1
2,1,4,25,101100100000101011111000010100,1,1,0,0.5,0.4871794879436493,3,2
2,1,4,27,101100100000101011111000010100,1,1,0,0.84,0.6595744490623474,2,2
2,1,5,0,111111101011110101010101000011,1,1,0,0.2,0.203125,1,1
2,1,5,1,111111101011110101010101000011,1,1,0,0.85,0.28333333134651184,3,2
2,1,5,2,111111101011110101010101000011,1,1,0,0.61,0.6581196784973145,1,1
2,1,5,3,111111101011110101010101000011,1,1,0,0.93,0.03125,1,1
2,1,5,4,111111101011110101010101000011,1,1,0,0.42,0.31111112236976624,1,1
2,1,5,5,111111101011110101010101000011,1,1,0,0.85,0.5862069129943848,3,2
2,1,5,6,111111101011110101010101000011,1,1,0,0.49,0.19736842811107635,1,1
2,1,5,8,111111101011110101010101000011,1,1,0,1.0,0.15199999511241913,1,1
2,1,5,10,111111101011110101010101000011,1,1,0,0.42,0.13750000298023224,1,1
2,1,5,11,111111101011110101010101000011,1,1,0,0.9,0.043478261679410934,2,2
2,1,5,12,111111101011110101010101000011,1,1,0,1.0,0.10526315867900848,1,1
2,1,5,13,111111101011110101010101000011,1,1,0,0.52,0.7699999809265137,2,2
2,1,5,15,111111101011110101010101000011,1,1,0,0.55,0.15333333611488342,1,1
2,1,5,17,111111101011110101010101000011,1,1,0,0.43,0.2666666805744171,1,1
2,1,5,19,111111101011110101010101000011,1,1,0,0.85,0.4722222089767456,1,1
2,1,5,21,111111101011110101010101000011,1,1,0,0.89,0.20588235557079315,1,1
2,1,5,23,111111101011110101010101000011,1,1,0,0.59,0.5,1,1
2,1,5,28,111111101011110101010101000011,1,1,0,0.45,0.34328359365463257,1,1
2,1,5,29,111111101011110101010101000011,1,1,0,0.22,0.19327731430530548,1,1
2,1,6,1,011101010000000111110100000111,1,1,0,0.85,0.28333333134651184,3,2
2,1,6,2,011101010000000111110100000111,1,1,0,0.61,0.6581196784973145,1,1
2,1,6,3,011101010000000111110100000111,1,1,0,0.93,0.03125,1,1
2,1,6,5,011101010000000111110100000111,1,1,0,0.85,0.5862069129943848,3,2
2,1,6,7,011101010000000111110100000111,1,1,0,0.11,0.23148147761821747,1,1
2,1,6,15,011101010000000111110100000111,1,1,0,0.55,0.15333333611488342,1,1
2,1,6,16,011101010000000111110100000111,1,1,0,0.39,0.12328767031431198,1,1
2,1,6,17,011101010000000111110100000111,1,1,0,0.43,0.2666666805744171,1,1
2,1,6,18,011101010000000111110100000111,1,1,0,0.62,0.446153849363327,3,2
2,1,6,19,011101010000000111110100000111,1,1,0,0.85,0.4722222089767456,1,1
2,1,6,21,011101010000000111110100000111,1,1,0,0.89,0.20588235557079315,1,1
2,1,6,27,011101010000000111110100000111,1,1,0,0.84,0.6595744490623474,2,2
2,1,6,28,011101010000000111110100000111,1,1,0,0.45,0.34328359365463257,1,1
2,1,6,29,011101010000000111110100000111,1,1,0,0.22,0.19327731430530548,1,1
2,1,7,2,001110001010011011111010010000,1,1,0,0.61,0.6581196784973145,1,1
2,1,7,3,001110001010011011111010010000,1,1,0,0.93,0.03125,1,1
2,1,7,4,001110001010011011111010010000,1,1,0,0.42,0.31111112236976624,1,1
2,1,7,8,001110001010011011111010010000,1,1,0,1.0,0.15199999511241913,1,1
2,1,7,10,001110001010011011111010010000,1,1,0,0.42,0.13750000298023224,1,1
2,1,7,13,001110001010011011111010010000,1,1,0,0.52,0.7699999809265137,2,2
2,1,7,14,001110001010011011111010010000,1,1,0,0.73,0.43877550959587097,1,1
2,1,7,16,001110001010011011111010010000,1,1,0,0.39,0.12328767031431198,1,1
2,1,7,17,001110001010011011111010010000,1,1,0,0.43,0.2666666805744171,1,1
2,1,7,18,001110001010011011111010010000,1,1,0,0.62,0.446153849363327,3,2
2,1,7,19,001110001010011011111010010000,1,1,0,0.85,0.4722222089767456,1,1
2,1,7,20,001110001010011011111010010000,1,1,0,0.89,0.19696970283985138,1,1
2,1,7,22,001110001010011011111010010000,1,1,0,0.19,0.4893617033958435,1,1
2,1,7,25,001110001010011011111010010000,1,1,0,0.5,0.4871794879436493,3,2
2,1,8,0,100101011110101111011101010101,1,1,0,0.2,0.203125,1,1
2,1,8,3,100101011110101111011101010101,1,1,0,0.93,0.03125,1,1
2,1,8,5,100101011110101111011101010101,1,1,0,0.85,0.5862069129943848,3,2
2,1,8,7,100101011110101111011101010101,1,1,0,0.11,0.23148147761821747,1,1
2,1,8,8,100101011110101111011101010101,1,1,0,1.0,0.15199999511241913,1,1
2,1,8,9,100101011110101111011101010101,1,1,0,0.19,0.4134615361690521,1,1
2,1,8,10,100101011110101111011101010101,1,1,0,0.42,0.13750000298023224,1,1
2,1,8,12,100101011110101111011101010101,1,1,0,1.0,0.10526315867900848,1,1
2,1,8,14,100101011110101111011101010101,1,1,0,0.73,0.43877550959587097,1,1
2,1,8,15,100101011110101111011101010101,1,1,0,0.55,0.15333333611488342,1,1
2,1,8,16,100101011110101111011101010101,1,1,0,0.39,0.12328767031431198,1,1
2,1,8,17,100101011110101111011101010101,1,1,0,0.43,0.2666666805744171,1,1
2,1,8,19,100101011110101111011101010101,1,1,0,0.85,0.4722222089767456,1,1
2,1,8,20,100101011110101111011101010101,1,1,0,0.89,0.19696970283985138,1,1
2,1,8,21,100101011110101111011101010101,1,1,0,0.89,0.20588235557079315,1,1
2,1,8,23,100101011110101111011101010101,1,1,0,0.59,0.5,1,1
2,1,8,25,100101011110101111011101010101,1,1,0,0.5,0.4871794879436493,3,2
2,1,8,27,100101011110101111011101010101,1,1,0,0.84,0.6595744490623474,2,2
2,1,8,29,100101011110101111011101010101,1,1,0,0.22,0.19327731430530548,1,1
2,2,0,0,110001001000101101111011110100,1,1,0,0.2,0.203125,1,1
2,2,0,1,110001001000101101111011110100,1,1,0,0.85,0.28333333134651184,3,2
2,2,0,5,110001001000101101111011110100,1,1,0,0.85,0.5862069129943848,3,2
2,2,0,8,110001001000101101111011110100,1,1,0,1.0,0.15199999511241913,1,1
2,2,0,12,110001001000101101111011110100,1,1,0,1.0,0.10526315867900848,1,1
2,2,0,14,110001001000101101111011110100,1,1,0,0.73,0.43877550959587097,1,1
2,2,0,15,110001001000101101111011110100,1,1,0,0.55,0.15333333611488342,1,1
2,2,0,17,110001001000101101111011110100,1,1,0,0.43,0.2666666805744171,1,1
2,2,0,18,110001001000101101111011110100,1,1,0,0.62,0.446153849363327,3,2
2,2,0,19,110001001000101101111011110100,1,1,0,0.85,0.4722222089767456,1,1
2,2,0,20,110001001000101101111011110100,1,1,0,0.89,0.19696970283985138,1,1
2,2,0,22,110001001000101101111011110100,1,1,0,0.19,0.4893617033958435,1,1
2,2,0,23,110001001000101101111011110100,1,1,0,0.59,0.5,1,1
2,2,0,24,110001001000101101111011110100,1,1,0,0.16,0.28985506296157837,1,1
2,2,0,25,110001001000101101111011110100,1,1,0,0.5,0.4871794879436493,3,2
2,2,0,27,110001001000101101111011110100,1,1,0,0.84,0.6595744490623474,2,2
2,2,1,0,110110000001101101000001101000,1,1,0,0.2,0.203125,1,1
2,2,1,1,110110000001101101000001101000,1,1,0,0.85,0.28333333134651184,3,2
2,2,1,3,110110000001101101000001101000,1,1,0,0.93,0.03125,1,1
2,2,1,4,110110000001101101000001101000,1,1,0,0.42,0.31111112236976624,1,1
2,2,1,11,110110000001101101000001101000,1,1,0,0.9,0.043478261679410934,2,2
2,2,1,12,110110000001101101000001101000,1,1,0,1.0,0.10526315867900848,1,1
2,2,1,14,110110000001101101000001101000,1,1,0,0.73,0.43877550959587097,1,1
2,2,1,15,110110000001101101000001101000,1,1,0,0.55,0.15333333611488342,1,1
2,2,1,17,110110000001101101000001101000,1,1,0,0.43,0.2666666805744171,1,1
2,2,1,23,110110000001101101000001101000,1,1,0,0.59,0.5,1,1
2,2,1,24,110110000001101101000001101000,1,1,0,0.16,0.28985506296157837,1,1
2,2,1,26,110110000001101101000001101000,1,1,0,0.54,0.557692289352417,1,1
2,2,2,0,100110100011001111001001000111,1,1,0,0.2,0.203125,1,1
2,2,2,3,100110100011001111001001000111,1,1,0,0.93,0.03125,1,1
2,2,2,4,100110100011001111001001000111,1,1,0,0.42,0.31111112236976624,1,1
2,2,2,6,100110100011001111001001000111,1,1,0,0.49,0.19736842811107635,1,1
2,2,2,10,100110100011001111001001000111,1,1,0,0.42,0.13750000298023224,1,1
2,2,2,11,100110100011001111001001000111,1,1,0,0.9,0.043478261679410934,2,2
2,2,2,14,100110100011001111001001000111,1,1,0,0.73,0.43877550959587097,1,1
2,2,2,15,100110100011001111001001000111,1,1,0,0.55,0.15333333611488342,1,1
2,2,2,16,100110100011001111001001000111,1,1,0,0.39,0.12328767031431198,1,1
2,2,2,17,100110100011001111001001000111,1,1,0,0.43,0.2666666805744171,1,1
2,2,2,20,100110100011001111001001000111,1,1,0,0.89,0.19696970283985138,1,1
2,2,2,23,100110100011001111001001000111,1,1,0,0.59,0.5,1,1
2,2,2,27,100110100011001111001001000111,1,1,0,0.84,0.6595744490623474,2,2
2,2,2,28,100110100011001111001001000111,1,1,0,0.45,0.34328359365463257,1,1
2,2,2,29,100110100011001111001001000111,1,1,0,0.22,0.19327731430530548,1,1
2,2,3,1,010110100011000011000000110000,1,1,0,0.85,0.28333333134651184,3,2
2,2,3,3,010110100011000011000000110000,1,1,0,0.93,0.03125,1,1
2,2,3,4,010110100011000011000000110000,1,1,0,0.42,0.31111112236976624,1,1
2,2,3,6,010110100011000011000000110000,1,1,0,0.49,0.19736842811107635,1,1
2,2,3,10,010110100011000011000000110000,1,1,0,0.42,0.13750000298023224,1,1
2,2,3,11,010110100011000011000000110000,1,1,0,0.9,0.043478261679410934,2,2
2,2,3,16,010110100011000011000000110000,1,1,0,0.39,0.12328767031431198,1,1
2,2,3,17,010110100011000011000000110000,1,1,0,0.43,0.2666666805744171,1,1
2,2,3,24,010110100011000011000000110000,1,1,0,0.16,0.28985506296157837,1,1
2,2,3,25,010110100011000011000000110000,1,1,0,0.5,0.4871794879436493,3,2
2,2,4,0,100101011110101111011101010101,1,1,0,0.2,0.203125,1,1
2,2,4,3,100101011110101111011101010101,1,1,0,0.93,0.03125,1,1
2,2,4,5,100101011110101111011101010101,1,1,0,0.85,0.5862069129943848,3,2
2,2,4,7,100101011110101111011101010101,1,1,0,0.11,0.23148147761821747,1,1
2,2,4,8,100101011110101111011101010101,1,1,0,1.0,0.15199999511241913,1,1
2,2,4,9,100101011110101111011101010101,1,1,0,0.19,0.4134615361690521,1,1
2,2,4,10,100101011110101111011101010101,1,1,0,0.42,0.13750000298023224,1,1
2,2,4,12,100101011110101111011101010101,1,1,0,1.0,0.10526315867900848,1,1
2,2,4,14,100101011110101111011101010101,1,1,0,0.73,0.43877550959587097,1,1
2,2,4,15,100101011110101111011101010101,1,1,0,0.55,0.15333333611488342,1,1
2,2,4,16,100101011110101111011101010101,1,1,0,0.39,0.12328767031431198,1,1
2,2,4,17,100101011110101111011101010101,1,1,0,0.43,0.2666666805744171,1,1
2,2,4,19,100101011110101111011101010101,1,1,0,0.85,0.4722222089767456,1,1
2,2,4,20,100101011110101111011101010101,1,1,0,0.89,0.19696970283985138,1,1
2,2,4,21,100101011110101111011101010101,1,1,0,0.89,0.20588235557079315,1,1
2,2,4,23,100101011110101111011101010101,1,1,0,0.59,0.5,1,1
2,2,4,25,100101011110101111011101010101,1,1,0,0.5,0.4871794879436493,3,2
2,2,4,27,100101011110101111011101010101,1,1,0,0.84,0.6595744490623474,2,2
2,2,4,29,100101011110101111011101010101,1,1,0,0.22,0.19327731430530548,1,1
2,2,5,0,111111101011111000000001000011,1,1,0,0.2,0.203125,1,1
2,2,5,1,111111101011111000000001000011,1,1,0,0.85,0.28333333134651184,3,2
2,2,5,2,111111101011111000000001000011,1,1,0,0.61,0.6581196784973145,1,1
2,2,5,3,111111101011111000000001000011,1,1,0,0.93,0.03125,1,1
2,2,5,4,111111101011111000000001000011,1,1,0,0.42,0.31111112236976624,1,1
2,2,5,5,111111101011111000000001000011,1,1,0,0.85,0.5862069129943848,3,2
2,2,5,6,111111101011111000000001000011,1,1,0,0.49,0.19736842811107635,1,1
2,2,5,8,111111101011111000000001000011,1,1,0,1.0,0.15199999511241913,1,1
2,2,5,10,111111101011111000000001000011,1,1,0,0.42,0.13750000298023224,1,1
2,2,5,11,111111101011111000000001000011,1,1,0,0.9,0.043478261679410934,2,2
2,2,5,12,111111101011111000000001000011,1,1,0,1.0,0.10526315867900848,1,1
2,2,5,13,111111101011111000000001000011,1,1,0,0.52,0.7699999809265137,2,2
2,2,5,14,111111101011111000000001000011,1,1,0,0.73,0.43877550959587097,1,1
2,2,5,23,111111101011111000000001000011,1,1,0,0.59,0.5,1,1
2,2,5,28,111111101011111000000001000011,1,1,0,0.45,0.34328359365463257,1,1
2,2,5,29,111111101011111000000001000011,1,1,0,0.22,0.19327731430530548,1,1
2,2,6,0,100101011010101111010000100111,1,1,0,0.2,0.203125,1,1
2,2,6,3,100101011010101111010000100111,1,1,0,0.93,0.03125,1,1
2,2,6,5,100101011010101111010000100111,1,1,0,0.85,0.5862069129943848,3,2
2,2,6,7,100101011010101111010000100111,1,1,0,0.11,0.23148147761821747,1,1
2,2,6,8,100101011010101111010000100111,1,1,0,1.0,0.15199999511241913,1,1
2,2,6,10,100101011010101111010000100111,1,1,0,0.42,0.13750000298023224,1,1
2,2,6,12,100101011010101111010000100111,1,1,0,1.0,0.10526315867900848,1,1
2,2,6,14,100101011010101111010000100111,1,1,0,0.73,0.43877550959587097,1,1
2,2,6,15,100101011010101111010000100111,1,1,0,0.55,0.15333333611488342,1,1
2,2,6,16,100101011010101111010000100111,1,1,0,0.39,0.12328767031431198,1,1
2,2,6,17,100101011010101111010000100111,1,1,0,0.43,0.2666666805744171,1,1
2,2,6,19,100101011010101111010000100111,1,1,0,0.85,0.4722222089767456,1,1
2,2,6,24,100101011010101111010000100111,1,1,0,0.16,0.28985506296157837,1,1
2,2,6,27,100101011010101111010000100111,1,1,0,0.84,0.6595744490623474,2,2
2,2,6,28,100101011010101111010000100111,1,1,0,0.45,0.34328359365463257,1,1
2,2,6,29,100101011010101111010000100111,1,1,0,0.22,0.19327731430530548,1,1
2,2,7,1,010111000011101011000000110000,1,1,0,0.85,0.28333333134651184,3,2
2,2,7,3,010111000011101011000000110000,1,1,0,0.93,0.03125,1,1
2,2,7,4,010111000011101011000000110000,1,1,0,0.42,0.31111112236976624,1,1
2,2,7,5,010111000011101011000000110000,1,1,0,0.85,0.5862069129943848,3,2
2,2,7,10,010111000011101011000000110000,1,1,0,0.42,0.13750000298023224,1,1
2,2,7,11,010111000011101011000000110000,1,1,0,0.9,0.043478261679410934,2,2
2,2,7,12,010111000011101011000000110000,1,1,0,1.0,0.10526315867900848,1,1
2,2,7,14,010111000011101011000000110000,1,1,0,0.73,0.43877550959587097,1,1
2,2,7,16,010111000011101011000000110000,1,1,0,0.39,0.12328767031431198,1,1
2,2,7,17,010111000011101011000000110000,1,1,0,0.43,0.2666666805744171,1,1
2,2,7,24,010111000011101011000000110000,1,1,0,0.16,0.28985506296157837,1,1
2,2,7,25,010111000011101011000000110000,1,1,0,0.5,0.4871794879436493,3,2
2,2,8,0,110110000001101101000001010100,1,1,0,0.2,0.203125,1,1
2,2,8,1,110110000001101101000001010100,1,1,0,0.85,0.28333333134651184,3,2
2,2,8,3,110110000001101101000001010100,1,1,0,0.93,0.03125,1,1
2,2,8,4,110110000001101101000001010100,1,1,0,0.42,0.31111112236976624,1,1
2,2,8,11,110110000001101101000001010100,1,1,0,0.9,0.043478261679410934,2,2
2,2,8,12,110110000001101101000001010100,1,1,0,1.0,0.10526315867900848,1,1
2,2,8,14,110110000001101101000001010100,1,1,0,0.73,0.43877550959587097,1,1
2,2,8,15,110110000001101101000001010100,1,1,0,0.55,0.15333333611488342,1,1
2,2,8,17,110110000001101101000001010100,1,1,0,0.43,0.2666666805744171,1,1
2,2,8,23,110110000001101101000001010100,1,1,0,0.59,0.5,1,1
2,2,8,25,110110000001101101000001010100,1,1,0,0.5,0.4871794879436493,3,2
2,2,8,27,110110000001101101000001010100,1,1,0,0.84,0.6595744490623474,2,2
2,2,9,0,101011001010101011111000010000,1,1,0,0.2,0.203125,1,1
2,2,9,2,101011001010101011111000010000,1,1,0,0.61,0.6581196784973145,1,1
2,2,9,4,101011001010101011111000010000,1,1,0,0.42,0.31111112236976624,1,1
2,2,9,5,101011001010101011111000010000,1,1,0,0.85,0.5862069129943848,3,2
2,2,9,8,101011001010101011111000010000,1,1,0,1.0,0.15199999511241913,1,1
2,2,9,10,101011001010101011111000010000,1,1,0,0.42,0.13750000298023224,1,1
2,2,9,12,101011001010101011111000010000,1,1,0,1.0,0.10526315867900848,1,1
2,2,9,14,101011001010101011111000010000,1,1,0,0.73,0.43877550959587097,1,1
2,2,9,16,101011001010101011111000010000,1,1,0,0.39,0.12328767031431198,1,1
2,2,9,17,101011001010101011111000010000,1,1,0,0.43,0.2666666805744171,1,1
2,2,9,18,101011001010101011111000010000,1,1,0,0.62,0.446153849363327,3,2
2,2,9,19,101011001010101011111000010000,1,1,0,0.85,0.4722222089767456,1,1
2,2,9,20,101011001010101011111000010000,1,1,0,0.89,0.19696970283985138,1,1
2,2,9,25,101011001010101011111000010000,1,1,0,0.5,0.4871794879436493,3,2
2,3,0,0,110001001000101101111011110100,1,1,0,0.2,0.203125,1,1
2,3,0,1,110001001000101101111011110100,1,1,0,0.85,0.28333333134651184,3,2
2,3,0,5,110001001000101101111011110100,1,1,0,0.85,0.5862069129943848,3,2
2,3,0,8,110001001000101101111011110100,1,1,0,1.0,0.15199999511241913,1,1
2,3,0,12,110001001000101101111011110100,1,1,0,1.0,0.10526315867900848,1,1
2,3,0,14,110001001000101101111011110100,1,1,0,0.73,0.43877550959587097,1,1
2,3,0,15,110001001000101101111011110100,1,1,0,0.55,0.15333333611488342,1,1
2,3,0,17,110001001000101101111011110100,1,1,0,0.43,0.2666666805744171,1,1
2,3,0,18,110001001000101101111011110100,1,1,0,0.62,0.446153849363327,3,2
2,3,0,19,110001001000101101111011110100,1,1,0,0.85,0.4722222089767456,1,1
2,3,0,20,110001001000101101111011110100,1,1,0,0.89,0.19696970283985138,1,1
2,3,0,22,110001001000101101111011110100,1,1,0,0.19,0.4893617033958435,1,1
2,3,0,23,110001001000101101111011110100,1,1,0,0.59,0.5,1,1
2,3,0,24,110001001000101101111011110100,1,1,0,0.16,0.28985506296157837,1,1
2,3,0,25,110001001000101101111011110100,1,1,0,0.5,0.4871794879436493,3,2
2,3,0,27,110001001000101101111011110100,1,1,0,0.84,0.6595744490623474,2,2
2,3,1,0,110110000001101101000001101000,1,1,0,0.2,0.203125,1,1
2,3,1,1,110110000001101101000001101000,1,1,0,0.85,0.28333333134651184,3,2
2,3,1,3,110110000001101101000001101000,1,1,0,0.93,0.03125,1,1
2,3,1,4,110110000001101101000001101000,1,1,0,0.42,0.31111112236976624,1,1
2,3,1,11,110110000001101101000001101000,1,1,0,0.9,0.043478261679410934,2,2
2,3,1,12,110110000001101101000001101000,1,1,0,1.0,0.10526315867900848,1,1
2,3,1,14,110110000001101101000001101000,1,1,0,0.73,0.43877550959587097,1,1
2,3,1,15,110110000001101101000001101000,1,1,0,0.55,0.15333333611488342,1,1
2,3,1,17,110110000001101101000001101000,1,1,0,0.43,0.2666666805744171,1,1
2,3,1,23,110110000001101101000001101000,1,1,0,0.59,0.5,1,1
2,3,1,24,110110000001101101000001101000,1,1,0,0.16,0.28985506296157837,1,1
2,3,1,26,110110000001101101000001101000,1,1,0,0.54,0.557692289352417,1,1
2,3,2,0,100110100011001111001001000111,1,1,0,0.2,0.203125,1,1
2,3,2,3,100110100011001111001001000111,1,1,0,0.93,0.03125,1,1
2,3,2,4,100110100011001111001001000111,1,1,0,0.42,0.31111112236976624,1,1
2,3,2,6,100110100011001111001001000111,1,1,0,0.49,0.19736842811107635,1,1
2,3,2,10,100110100011001111001001000111,1,1,0,0.42,0.13750000298023224,1,1
2,3,2,11,100110100011001111001001000111,1,1,0,0.9,0.043478261679410934,2,2
2,3,2,14,100110100011001111001001000111,1,1,0,0.73,0.43877550959587097,1,1
2,3,2,15,100110100011001111001001000111,1,1,0,0.55,0.15333333611488342,1,1
2,3,2,16,100110100011001111001001000111,1,1,0,0.39,0.12328767031431198,1,1
2,3,2,17,100110100011001111001001000111,1,1,0,0.43,0.2666666805744171,1,1
2,3,2,20,100110100011001111001001000111,1,1,0,0.89,0.19696970283985138,1,1
2,3,2,23,100110100011001111001001000111,1,1,0,0.59,0.5,1,1
2,3,2,27,100110100011001111001001000111,1,1,0,0.84,0.6595744490623474,2,2
2,3,2,28,100110100011001111001001000111,1,1,0,0.45,0.34328359365463257,1,1
2,3,2,29,100110100011001111001001000111,1,1,0,0.22,0.19327731430530548,1,1
2,3,3,1,010110100011000011000000110000,1,1,0,0.85,0.28333333134651184,3,2
2,3,3,3,010110100011000011000000110000,1,1,0,0.93,0.03125,1,1
2,3,3,4,010110100011000011000000110000,1,1,0,0.42,0.31111112236976624,1,1
2,3,3,6,010110100011000011000000110000,1,1,0,0.49,0.19736842811107635,1,1
2,3,3,10,010110100011000011000000110000,1,1,0,0.42,0.13750000298023224,1,1
2,3,3,11,010110100011000011000000110000,1,1,0,0.9,0.043478261679410934,2,2
2,3,3,16,010110100011000011000000110000,1,1,0,0.39,0.12328767031431198,1,1
2,3,3,17,010110100011000011000000110000,1,1,0,0.43,0.2666666805744171,1,1
2,3,3,24,010110100011000011000000110000,1,1,0,0.16,0.28985506296157837,1,1
2,3,3,25,010110100011000011000000110000,1,1,0,0.5,0.4871794879436493,3,2
2,3,4,0,100101011110101111011101010101,1,1,0,0.2,0.203125,1,1
2,3,4,3,100101011110101111011101010101,1,1,0,0.93,0.03125,1,1
2,3,4,5,100101011110101111011101010101,1,1,0,0.85,0.5862069129943848,3,2
2,3,4,7,100101011110101111011101010101,1,1,0,0.11,0.23148147761821747,1,1
2,3,4,8,100101011110101111011101010101,1,1,0,1.0,0.15199999511241913,1,1
2,3,4,9,100101011110101111011101010101,1,1,0,0.19,0.4134615361690521,1,1
2,3,4,10,100101011110101111011101010101,1,1,0,0.42,0.13750000298023224,1,1
2,3,4,12,100101011110101111011101010101,1,1,0,1.0,0.10526315867900848,1,1
2,3,4,14,100101011110101111011101010101,1,1,0,0.73,0.43877550959587097,1,1
2,3,4,15,100101011110101111011101010101,1,1,0,0.55,0.15333333611488342,1,1
2,3,4,16,100101011110101111011101010101,1,1,0,0.39,0.12328767031431198,1,1
2,3,4,17,100101011110101111011101010101,1,1,0,0.43,0.2666666805744171,1,1
2,3,4,19,100101011110101111011101010101,1,1,0,0.85,0.4722222089767456,1,1
2,3,4,20,100101011110101111011101010101,1,1,0,0.89,0.19696970283985138,1,1
2,3,4,21,100101011110101111011101010101,1,1,0,0.89,0.20588235557079315,1,1
2,3,4,23,100101011110101111011101010101,1,1,0,0.59,0.5,1,1
2,3,4,25,100101011110101111011101010101,1,1,0,0.5,0.4871794879436493,3,2
2,3,4,27,100101011110101111011101010101,1,1,0,0.84,0.6595744490623474,2,2
2,3,4,29,100101011110101111011101010101,1,1,0,0.22,0.19327731430530548,1,1
2,3,5,0,111111101011111000000001000011,1,1,0,0.2,0.203125,1,1
2,3,5,1,111111101011111000000001000011,1,1,0,0.85,0.28333333134651184,3,2
2,3,5,2,111111101011111000000001000011,1,1,0,0.61,0.6581196784973145,1,1
2,3,5,3,111111101011111000000001000011,1,1,0,0.93,0.03125,1,1
2,3,5,4,111111101011111000000001000011,1,1,0,0.42,0.31111112236976624,1,1
2,3,5,5,111111101011111000000001000011,1,1,0,0.85,0.5862069129943848,3,2
2,3,5,6,111111101011111000000001000011,1,1,0,0.49,0.19736842811107635,1,1
2,3,5,8,111111101011111000000001000011,1,1,0,1.0,0.15199999511241913,1,1
2,3,5,10,111111101011111000000001000011,1,1,0,0.42,0.13750000298023224,1,1
2,3,5,11,111111101011111000000001000011,1,1,0,0.9,0.043478261679410934,2,2
2,3,5,12,111111101011111000000001000011,1,1,0,1.0,0.10526315867900848,1,1
2,3,5,13,111111101011111000000001000011,1,1,0,0.52,0.7699999809265137,2,2
2,3,5,14,111111101011111000000001000011,1,1,0,0.73,0.43877550959587097,1,1
2,3,5,23,111111101011111000000001000011,1,1,0,0.59,0.5,1,1
2,3,5,28,111111101011111000000001000011,1,1,0,0.45,0.34328359365463257,1,1
2,3,5,29,111111101011111000000001000011,1,1,0,0.22,0.19327731430530548,1,1
2,3,6,0,100101011010101111010000100111,1,1,0,0.2,0.203125,1,1
2,3,6,3,100101011010101111010000100111,1,1,0,0.93,0.03125,1,1
2,3,6,5,100101011010101111010000100111,1,1,0,0.85,0.5862069129943848,3,2
2,3,6,7,100101011010101111010000100111,1,1,0,0.11,0.23148147761821747,1,1
2,3,6,8,100101011010101111010000100111,1,1,0,1.0,0.15199999511241913,1,1
2,3,6,10,100101011010101111010000100111,1,1,0,0.42,0.13750000298023224,1,1
2,3,6,12,100101011010101111010000100111,1,1,0,1.0,0.10526315867900848,1,1
2,3,6,14,100101011010101111010000100111,1,1,0,0.73,0.43877550959587097,1,1
2,3,6,15,100101011010101111010000100111,1,1,0,0.55,0.15333333611488342,1,1
2,3,6,16,100101011010101111010000100111,1,1,0,0.39,0.12328767031431198,1,1
2,3,6,17,100101011010101111010000100111,1,1,0,0.43,0.2666666805744171,1,1
2,3,6,19,100101011010101111010000100111,1,1,0,0.85,0.4722222089767456,1,1
2,3,6,24,100101011010101111010000100111,1,1,0,0.16,0.28985506296157837,1,1
2,3,6,27,100101011010101111010000100111,1,1,0,0.84,0.6595744490623474,2,2
2,3,6,28,100101011010101111010000100111,1,1,0,0.45,0.34328359365463257,1,1
2,3,6,29,100101011010101111010000100111,1,1,0,0.22,0.19327731430530548,1,1
2,3,7,0,110110000001101101000001010100,1,1,0,0.2,0.203125,1,1
2,3,7,1,110110000001101101000001010100,1,1,0,0.85,0.28333333134651184,3,2
2,3,7,3,110110000001101101000001010100,1,1,0,0.93,0.03125,1,1
2,3,7,4,110110000001101101000001010100,1,1,0,0.42,0.31111112236976624,1,1
2,3,7,11,110110000001101101000001010100,1,1,0,0.9,0.043478261679410934,2,2
2,3,7,12,110110000001101101000001010100,1,1,0,1.0,0.10526315867900848,1,1
2,3,7,14,110110000001101101000001010100,1,1,0,0.73,0.43877550959587097,1,1
2,3,7,15,110110000001101101000001010100,1,1,0,0.55,0.15333333611488342,1,1
2,3,7,17,110110000001101101000001010100,1,1,0,0.43,0.2666666805744171,1,1
2,3,7,23,110110000001101101000001010100,1,1,0,0.59,0.5,1,1
2,3,7,25,110110000001101101000001010100,1,1,0,0.5,0.4871794879436493,3,2
2,3,7,27,110110000001101101000001010100,1,1,0,0.84,0.6595744490623474,2,2
2,3,8,0,101011001010101011111000010000,1,1,0,0.2,0.203125,1,1
2,3,8,2,101011001010101011111000010000,1,1,0,0.61,0.6581196784973145,1,1
2,3,8,4,101011001010101011111000010000,1,1,0,0.42,0.31111112236976624,1,1
2,3,8,5,101011001010101011111000010000,1,1,0,0.85,0.5862069129943848,3,2
2,3,8,8,101011001010101011111000010000,1,1,0,1.0,0.15199999511241913,1,1
2,3,8,10,101011001010101011111000010000,1,1,0,0.42,0.13750000298023224,1,1
2,3,8,12,101011001010101011111000010000,1,1,0,1.0,0.10526315867900848,1,1
2,3,8,14,101011001010101011111000010000,1,1,0,0.73,0.43877550959587097,1,1
2,3,8,16,101011001010101011111000010000,1,1,0,0.39,0.12328767031431198,1,1
2,3,8,17,101011001010101011111000010000,1,1,0,0.43,0.2666666805744171,1,1
2,3,8,18,101011001010101011111000010000,1,1,0,0.62,0.446153849363327,3,2
2,3,8,19,101011001010101011111000010000,1,1,0,0.85,0.4722222089767456,1,1
2,3,8,20,101011001010101011111000010000,1,1,0,0.89,0.19696970283985138,1,1
2,3,8,25,101011001010101011111000010000,1,1,0,0.5,0.4871794879436493,3,2
2,3,9,0,110101001001101101000001000100,1,1,0,0.2,0.203125,1,1
2,3,9,1,110101001001101101000001000100,1,1,0,0.85,0.28333333134651184,3,2
2,3,9,3,110101001001101101000001000100,1,1,0,0.93,0.03125,1,1
2,3,9,5,110101001001101101000001000100,1,1,0,0.85,0.5862069129943848,3,2
2,3,9,8,110101001001101101000001000100,1,1,0,1.0,0.15199999511241913,1,1
2,3,9,11,110101001001101101000001000100,1,1,0,0.9,0.043478261679410934,2,2
2,3,9,12,110101001001101101000001000100,1,1,0,1.0,0.10526315867900848,1,1
2,3,9,14,110101001001101101000001000100,1,1,0,0.73,0.43877550959587097,1,1
2,3,9,15,110101001001101101000001000100,1,1,0,0.55,0.15333333611488342,1,1
2,3,9,17,110101001001101101000001000100,1,1,0,0.43,0.2666666805744171,1,1
2,3,9,23,110101001001101101000001000100,1,1,0,0.59,0.5,1,1
2,3,9,27,110101001001101101000001000100,1,1,0,0.84,0.6595744490623474,2,2
2,3,10,0,101000100011000011000000100001,1,1,0,0.2,0.203125,1,1
2,3,10,2,101000100011000011000000100001,1,1,0,0.61,0.6581196784973145,1,1
2,3,10,6,101000100011000011000000100001,1,1,0,0.49,0.19736842811107635,1,1
2,3,10,10,101000100011000011000000100001,1,1,0,0.42,0.13750000298023224,1,1
2,3,10,11,101000100011000011000000100001,1,1,0,0.9,0.043478261679410934,2,2
2,3,10,16,101000100011000011000000100001,1,1,0,0.39,0.12328767031431198,1,1
2,3,10,17,101000100011000011000000100001,1,1,0,0.43,0.2666666805744171,1,1
2,3,10,24,101000100011000011000000100001,1,1,0,0.16,0.28985506296157837,1,1
2,3,10,29,101000100011000011000000100001,1,1,0,0.22,0.19327731430530548,1,1
2,3,11,0,110110100001000011000000000011,1,1,0,0.2,0.203125,1,1
2,3,11,1,110110100001000011000000000011,1,1,0,0.85,0.28333333134651184,3,2
2,3,11,3,110110100001000011000000000011,1,1,0,0.93,0.03125,1,1
2,3,11,4,110110100001000011000000000011,1,1,0,0.42,0.31111112236976624,1,1
2,3,11,6,110110100001000011000000000011,1,1,0,0.49,0.19736842811107635,1,1
2,3,11,11,110110100001000011000000000011,1,1,0,0.9,0.043478261679410934,2,2
2,3,11,16,110110100001000011000000000011,1,1,0,0.39,0.12328767031431198,1,1
2,3,11,17,110110100001000011000000000011,1,1,0,0.43,0.2666666805744171,1,1
2,3,11,28,110110100001000011000000000011,1,1,0,0.45,0.34328359365463257,1,1
2,3,11,29,110110100001000011000000000011,1,1,0,0.22,0.19327731430530548,1,1
2,3,12,1,011101010000011000110100000010,1,1,0,0.85,0.28333333134651184,3,2
2,3,12,2,011101010000011000110100000010,1,1,0,0.61,0.6581196784973145,1,1
2,3,12,3,011101010000011000110100000010,1,1,0,0.93,0.03125,1,1
2,3,12,5,011101010000011000110100000010,1,1,0,0.85,0.5862069129943848,3,2
2,3,12,7,011101010000011000110100000010,1,1,0,0.11,0.23148147761821747,1,1
2,3,12,13,011101010000011000110100000010,1,1,0,0.52,0.7699999809265137,2,2
2,3,12,14,011101010000011000110100000010,1,1,0,0.73,0.43877550959587097,1,1
2,3,12,18,011101010000011000110100000010,1,1,0,0.62,0.446153849363327,3,2
2,3,12,19,011101010000011000110100000010,1,1,0,0.85,0.4722222089767456,1,1
2,3,12,21,011101010000011000110100000010,1,1,0,0.89,0.20588235557079315,1,1
2,3,12,28,011101010000011000110100000010,1,1,0,0.45,0.34328359365463257,1,1
2,3,13,3,000110010111100010100100100000,1,1,0,0.93,0.03125,1,1
2,3,13,4,000110010111100010100100100000,1,1,0,0.42,0.31111112236976624,1,1
2,3,13,7,000110010111100010100100100000,1,1,0,0.11,0.23148147761821747,1,1
2,3,13,9,000110010111100010100100100000,1,1,0,0.19,0.4134615361690521,1,1
2,3,13,10,000110010111100010100100100000,1,1,0,0.42,0.13750000298023224,1,1
2,3,13,11,000110010111100010100100100000,1,1,0,0.9,0.043478261679410934,2,2
2,3,13,12,000110010111100010100100100000,1,1,0,1.0,0.10526315867900848,1,1
2,3,13,16,000110010111100010100100100000,1,1,0,0.39,0.12328767031431198,1,1
2,3,13,18,000110010111100010100100100000,1,1,0,0.62,0.446153849363327,3,2
2,3,13,21,000110010111100010100100100000,1,1,0,0.89,0.20588235557079315,1,1
2,3,13,24,000110010111100010100100100000,1,1,0,0.16,0.28985506296157837,1,1
2,3,14,1,010111000011101000001000100010,1,1,0,0.85,0.28333333134651184,3,2
2,3,14,3,010111000011101000001000100010,1,1,0,0.93,0.03125,1,1
2,3,14,4,010111000011101000001000100010,1,1,0,0.42,0.31111112236976624,1,1
2,3,14,5,010111000011101000001000100010,1,1,0,0.85,0.5862069129943848,3,2
2,3,14,10,010111000011101000001000100010,1,1,0,0.42,0.13750000298023224,1,1
2,3,14,11,010111000011101000001000100010,1,1,0,0.9,0.043478261679410934,2,2
2,3,14,12,010111000011101000001000100010,1,1,0,1.0,0.10526315867900848,1,1
2,3,14,14,010111000011101000001000100010,1,1,0,0.73,0.43877550959587097,1,1
2,3,14,20,010111000011101000001000100010,1,1,0,0.89,0.19696970283985138,1,1
2,3,14,24,010111000011101000001000100010,1,1,0,0.16,0.28985506296157837,1,1
2,3,14,28,010111000011101000001000100010,1,1,0,0.45,0.34328359365463257,1,1
2,3,15,0,111110101010101000000001000011,1,1,0,0.2,0.203125,1,1
2,3,15,1,111110101010101000000001000011,1,1,0,0.85,0.28333333134651184,3,2
2,3,15,2,111110101010101000000001000011,1,1,0,0.61,0.6581196784973145,1,1
2,3,15,3,111110101010101000000001000011,1,1,0,0.93,0.03125,1,1
2,3,15,4,111110101010101000000001000011,1,1,0,0.42,0.31111112236976624,1,1
2,3,15,6,111110101010101000000001000011,1,1,0,0.49,0.19736842811107635,1,1
2,3,15,8,111110101010101000000001000011,1,1,0,1.0,0.15199999511241913,1,1
2,3,15,10,111110101010101000000001000011,1,1,0,0.42,0.13750000298023224,1,1
2,3,15,12,111110101010101000000001000011,1,1,0,1.0,0.10526315867900848,1,1
2,3,15,14,111110101010101000000001000011,1,1,0,0.73,0.43877550959587097,1,1
2,3,15,23,111110101010101000000001000011,1,1,0,0.59,0.5,1,1
2,3,15,28,111110101010101000000001000011,1,1,0,0.45,0.34328359365463257,1,1
2,3,15,29,111110101010101000000001000011,1,1,0,0.22,0.19327731430530548,1,1
2,3,16,1,010110100011000010100100110000,1,1,0,0.85,0.28333333134651184,3,2
2,3,16,3,010110100011000010100100110000,1,1,0,0.93,0.03125,1,1
2,3,16,4,010110100011000010100100110000,1,1,0,0.42,0.31111112236976624,1,1
2,3,16,6,010110100011000010100100110000,1,1,0,0.49,0.19736842811107635,1,1
2,3,16,10,010110100011000010100100110000,1,1,0,0.42,0.13750000298023224,1,1
2,3,16,11,010110100011000010100100110000,1,1,0,0.9,0.043478261679410934,2,2
2,3,16,16,010110100011000010100100110000,1,1,0,0.39,0.12328767031431198,1,1
2,3,16,18,010110100011000010100100110000,1,1,0,0.62,0.446153849363327,3,2
2,3,16,21,010110100011000010100100110000,1,1,0,0.89,0.20588235557079315,1,1
2,3,16,24,010110100011000010100100110000,1,1,0,0.16,0.28985506296157837,1,1
2,3,16,25,010110100011000010100100110000,1,1,0,0.5,0.4871794879436493,3,2
2,3,17,0,111111101011101011111000010011,1,1,0,0.2,0.203125,1,1
2,3,17,1,111111101011101011111000010011,1,1,0,0.85,0.28333333134651184,3,2
2,3,17,2,111111101011101011111000010011,1,1,0,0.61,0.6581196784973145,1,1
2,3,17,3,111111101011101011111000010011,1,1,0,0.93,0.03125,1,1
2,3,17,4,111111101011101011111000010011,1,1,0,0.42,0.31111112236976624,1,1
2,3,17,5,111111101011101011111000010011,1,1,0,0.85,0.5862069129943848,3,2
2,3,17,6,111111101011101011111000010011,1,1,0,0.49,0.19736842811107635,1,1
2,3,17,8,111111101011101011111000010011,1,1,0,1.0,0.15199999511241913,1,1
2,3,17,10,111111101011101011111000010011,1,1,0,0.42,0.13750000298023224,1,1
2,3,17,11,111111101011101011111000010011,1,1,0,0.9,0.043478261679410934,2,2
2,3,17,12,111111101011101011111000010011,1,1,0,1.0,0.10526315867900848,1,1
2,3,17,14,111111101011101011111000010011,1,1,0,0.73,0.43877550959587097,1,1
2,3,17,16,111111101011101011111000010011,1,1,0,0.39,0.12328767031431198,1,1
2,3,17,17,111111101011101011111000010011,1,1,0,0.43,0.2666666805744171,1,1
2,3,17,18,111111101011101011111000010011,1,1,0,0.62,0.446153849363327,3,2
2,3,17,19,111111101011101011111000010011,1,1,0,0.85,0.4722222089767456,1,1
2,3,17,20,111111101011101011111000010011,1,1,0,0.89,0.19696970283985138,1,1
2,3,17,25,111111101011101011111000010011,1,1,0,0.5,0.4871794879436493,3,2
2,3,17,28,111111101011101011111000010011,1,1,0,0.45,0.34328359365463257,1,1
2,3,17,29,111111101011101011111000010011,1,1,0,0.22,0.19327731430530548,1,1
2,4,0,0,110110000001101101000001101000,1,1,0,0.2,0.203125,1,1
2,4,0,1,110110000001101101000001101000,1,1,0,0.85,0.28333333134651184,3,2
2,4,0,3,110110000001101101000001101000,1,1,0,0.93,0.03125,1,1
2,4,0,4,110110000001101101000001101000,1,1,0,0.42,0.31111112236976624,1,1
2,4,0,11,110110000001101101000001101000,1,1,0,0.9,0.043478261679410934,2,2
2,4,0,12,110110000001101101000001101000,1,1,0,1.0,0.10526315867900848,1,1
2,4,0,14,110110000001101101000001101000,1,1,0,0.73,0.43877550959587097,1,1
2,4,0,15,110110000001101101000001101000,1,1,0,0.55,0.15333333611488342,1,1
2,4,0,17,110110000001101101000001101000,1,1,0,0.43,0.2666666805744171,1,1
2,4,0,23,110110000001101101000001101000,1,1,0,0.59,0.5,1,1
2,4,0,24,110110000001101101000001101000,1,1,0,0.16,0.28985506296157837,1,1
2,4,0,26,110110000001101101000001101000,1,1,0,0.54,0.557692289352417,1,1
2,4,1,0,100110100011001111001001000111,1,1,0,0.2,0.203125,1,1
2,4,1,3,100110100011001111001001000111,1,1,0,0.93,0.03125,1,1
2,4,1,4,100110100011001111001001000111,1,1,0,0.42,0.31111112236976624,1,1
2,4,1,6,100110100011001111001001000111,1,1,0,0.49,0.19736842811107635,1,1
2,4,1,10,100110100011001111001001000111,1,1,0,0.42,0.13750000298023224,1,1
2,4,1,11,100110100011001111001001000111,1,1,0,0.9,0.043478261679410934,2,2
2,4,1,14,100110100011001111001001000111,1,1,0,0.73,0.43877550959587097,1,1
2,4,1,15,100110100011001111001001000111,1,1,0,0.55,0.15333333611488342,1,1
2,4,1,16,100110100011001111001001000111,1,1,0,0.39,0.12328767031431198,1,1
2,4,1,17,100110100011001111001001000111,1,1,0,0.43,0.2666666805744171,1,1
2,4,1,20,100110100011001111001001000111,1,1,0,0.89,0.19696970283985138,1,1
2,4,1,23,100110100011001111001001000111,1,1,0,0.59,0.5,1,1
2,4,1,27,100110100011001111001001000111,1,1,0,0.84,0.6595744490623474,2,2
2,4,1,28,100110100011001111001001000111,1,1,0,0.45,0.34328359365463257,1,1
2,4,1,29,100110100011001111001001000111,1,1,0,0.22,0.19327731430530548,1,1
2,4,2,0,111111101011111000000001000011,1,1,0,0.2,0.203125,1,1
2,4,2,1,111111101011111000000001000011,1,1,0,0.85,0.28333333134651184,3,2
2,4,2,2,111111101011111000000001000011,1,1,0,0.61,0.6581196784973145,1,1
2,4,2,3,111111101011111000000001000011,1,1,0,0.93,0.03125,1,1
2,4,2,4,111111101011111000000001000011,1,1,0,0.42,0.31111112236976624,1,1
2,4,2,5,111111101011111000000001000011,1,1,0,0.85,0.5862069129943848,3,2
2,4,2,6,111111101011111000000001000011,1,1,0,0.49,0.19736842811107635,1,1
2,4,2,8,111111101011111000000001000011,1,1,0,1.0,0.15199999511241913,1,1
2,4,2,10,111111101011111000000001000011,1,1,0,0.42,0.13750000298023224,1,1
2,4,2,11,111111101011111000000001000011,1,1,0,0.9,0.043478261679410934,2,2
2,4,2,12,111111101011111000000001000011,1,1,0,1.0,0.10526315867900848,1,1
2,4,2,13,111111101011111000000001000011,1,1,0,0.52,0.7699999809265137,2,2
2,4,2,14,111111101011111000000001000011,1,1,0,0.73,0.43877550959587097,1,1
2,4,2,23,111111101011111000000001000011,1,1,0,0.59,0.5,1,1
2,4,2,28,111111101011111000000001000011,1,1,0,0.45,0.34328359365463257,1,1
2,4,2,29,111111101011111000000001000011,1,1,0,0.22,0.19327731430530548,1,1
2,4,3,0,100101011010101111010000100111,1,1,0,0.2,0.203125,1,1
2,4,3,3,100101011010101111010000100111,1,1,0,0.93,0.03125,1,1
2,4,3,5,100101011010101111010000100111,1,1,0,0.85,0.5862069129943848,3,2
2,4,3,7,100101011010101111010000100111,1,1,0,0.11,0.23148147761821747,1,1
2,4,3,8,100101011010101111010000100111,1,1,0,1.0,0.15199999511241913,1,1
2,4,3,10,100101011010101111010000100111,1,1,0,0.42,0.13750000298023224,1,1
2,4,3,12,100101011010101111010000100111,1,1,0,1.0,0.10526315867900848,1,1
2,4,3,14,100101011010101111010000100111,1,1,0,0.73,0.43877550959587097,1,1
2,4,3,15,100101011010101111010000100111,1,1,0,0.55,0.15333333611488342,1,1
2,4,3,16,100101011010101111010000100111,1,1,0,0.39,0.12328767031431198,1,1
2,4,3,17,100101011010101111010000100111,1,1,0,0.43,0.2666666805744171,1,1
2,4,3,19,100101011010101111010000100111,1,1,0,0.85,0.4722222089767456,1,1
2,4,3,24,100101011010101111010000100111,1,1,0,0.16,0.28985506296157837,1,1
2,4,3,27,100101011010101111010000100111,1,1,0,0.84,0.6595744490623474,2,2
2,4,3,28,100101011010101111010000100111,1,1,0,0.45,0.34328359365463257,1,1
2,4,3,29,100101011010101111010000100111,1,1,0,0.22,0.19327731430530548,1,1
2,4,4,0,110110000001101101000001010100,1,1,0,0.2,0.203125,1,1
2,4,4,1,110110000001101101000001010100,1,1,0,0.85,0.28333333134651184,3,2
2,4,4,3,110110000001101101000001010100,1,1,0,0.93,0.03125,1,1
2,4,4,4,110110000001101101000001010100,1,1,0,0.42,0.31111112236976624,1,1
2,4,4,11,110110000001101101000001010100,1,1,0,0.9,0.043478261679410934,2,2
2,4,4,12,110110000001101101000001010100,1,1,0,1.0,0.10526315867900848,1,1
2,4,4,14,110110000001101101000001010100,1,1,0,0.73,0.43877550959587097,1,1
2,4,4,15,110110000001101101000001010100,1,1,0,0.55,0.15333333611488342,1,1
2,4,4,17,110110000001101101000001010100,1,1,0,0.43,0.2666666805744171,1,1
2,4,4,23,110110000001101101000001010100,1,1,0,0.59,0.5,1,1
2,4,4,25,110110000001101101000001010100,1,1,0,0.5,0.4871794879436493,3,2
2,4,4,27,110110000001101101000001010100,1,1,0,0.84,0.6595744490623474,2,2
2,4,5,0,110101001001101101000001000100,1,1,0,0.2,0.203125,1,1
2,4,5,1,110101001001101101000001000100,1,1,0,0.85,0.28333333134651184,3,2
2,4,5,3,110101001001101101000001000100,1,1,0,0.93,0.03125,1,1
2,4,5,5,110101001001101101000001000100,1,1,0,0.85,0.5862069129943848,3,2
2,4,5,8,110101001001101101000001000100,1,1,0,1.0,0.15199999511241913,1,1
2,4,5,11,110101001001101101000001000100,1,1,0,0.9,0.043478261679410934,2,2
2,4,5,12,110101001001101101000001000100,1,1,0,1.0,0.10526315867900848,1,1
2,4,5,14,110101001001101101000001000100,1,1,0,0.73,0.43877550959587097,1,1
2,4,5,15,110101001001101101000001000100,1,1,0,0.55,0.15333333611488342,1,1
2,4,5,17,110101001001101101000001000100,1,1,0,0.43,0.2666666805744171,1,1
2,4,5,23,110101001001101101000001000100,1,1,0,0.59,0.5,1,1
2,4,5,27,110101001001101101000001000100,1,1,0,0.84,0.6595744490623474,2,2
2,4,6,3,000110010111100010100100100000,1,1,0,0.93,0.03125,1,1
2,4,6,4,000110010111100010100100100000,1,1,0,0.42,0.31111112236976624,1,1
2,4,6,7,000110010111100010100100100000,1,1,0,0.11,0.23148147761821747,1,1
2,4,6,9,000110010111100010100100100000,1,1,0,0.19,0.4134615361690521,1,1
2,4,6,10,000110010111100010100100100000,1,1,0,0.42,0.13750000298023224,1,1
2,4,6,11,000110010111100010100100100000,1,1,0,0.9,0.043478261679410934,2,2
2,4,6,12,000110010111100010100100100000,1,1,0,1.0,0.10526315867900848,1,1
2,4,6,16,000110010111100010100100100000,1,1,0,0.39,0.12328767031431198,1,1
2,4,6,18,000110010111100010100100100000,1,1,0,0.62,0.446153849363327,3,2
2,4,6,21,000110010111100010100100100000,1,1,0,0.89,0.20588235557079315,1,1
2,4,6,24,000110010111100010100100100000,1,1,0,0.16,0.28985506296157837,1,1
2,4,7,1,010111000011101000001000100010,1,1,0,0.85,0.28333333134651184,3,2
2,4,7,3,010111000011101000001000100010,1,1,0,0.93,0.03125,1,1
2,4,7,4,010111000011101000001000100010,1,1,0,0.42,0.31111112236976624,1,1
2,4,7,5,010111000011101000001000100010,1,1,0,0.85,0.5862069129943848,3,2
2,4,7,10,010111000011101000001000100010,1,1,0,0.42,0.13750000298023224,1,1
2,4,7,11,010111000011101000001000100010,1,1,0,0.9,0.043478261679410934,2,2
2,4,7,12,010111000011101000001000100010,1,1,0,1.0,0.10526315867900848,1,1
2,4,7,14,010111000011101000001000100010,1,1,0,0.73,0.43877550959587097,1,1
2,4,7,20,010111000011101000001000100010,1,1,0,0.89,0.19696970283985138,1,1
2,4,7,24,010111000011101000001000100010,1,1,0,0.16,0.28985506296157837,1,1
2,4,7,28,010111000011101000001000100010,1,1,0,0.45,0.34328359365463257,1,1
2,4,8,0,101001101000111100000001010100,1,1,0,0.2,0.203125,1,1
2,4,8,2,101001101000111100000001010100,1,1,0,0.61,0.6581196784973145,1,1
2,4,8,5,101001101000111100000001010100,1,1,0,0.85,0.5862069129943848,3,2
2,4,8,6,101001101000111100000001010100,1,1,0,0.49,0.19736842811107635,1,1
2,4,8,8,101001101000111100000001010100,1,1,0,1.0,0.15199999511241913,1,1
2,4,8,12,101001101000111100000001010100,1,1,0,1.0,0.10526315867900848,1,1
2,4,8,13,101001101000111100000001010100,1,1,0,0.52,0.7699999809265137,2,2
2,4,8,14,101001101000111100000001010100,1,1,0,0.73,0.43877550959587097,1,1
2,4,8,15,101001101000111100000001010100,1,1,0,0.55,0.15333333611488342,1,1
2,4,8,23,101001101000111100000001010100,1,1,0,0.59,0.5,1,1
2,4,8,25,101001101000111100000001010100,1,1,0,0.5,0.4871794879436493,3,2
2,4,8,27,101001101000111100000001010100,1,1,0,0.84,0.6595744490623474,2,2
2,4,9,1,010111000001100100001100110010,1,1,0,0.85,0.28333333134651184,3,2
2,4,9,3,010111000001100100001100110010,1,1,0,0.93,0.03125,1,1
2,4,9,4,010111000001100100001100110010,1,1,0,0.42,0.31111112236976624,1,1
2,4,9,5,010111000001100100001100110010,1,1,0,0.85,0.5862069129943848,3,2
2,4,9,11,010111000001100100001100110010,1,1,0,0.9,0.043478261679410934,2,2
2,4,9,12,010111000001100100001100110010,1,1,0,1.0,0.10526315867900848,1,1
2,4,9,15,010111000001100100001100110010,1,1,0,0.55,0.15333333611488342,1,1
2,4,9,20,010111000001100100001100110010,1,1,0,0.89,0.19696970283985138,1,1
2,4,9,21,010111000001100100001100110010,1,1,0,0.89,0.20588235557079315,1,1
2,4,9,24,010111000001100100001100110010,1,1,0,0.16,0.28985506296157837,1,1
2,4,9,25,010111000001100100001100110010,1,1,0,0.5,0.4871794879436493,3,2
2,4,9,28,010111000001100100001100110010,1,1,0,0.45,0.34328359365463257,1,1
2,4,10,0,100101001111101111010101010101,1,1,0,0.2,0.203125,1,1
2,4,10,3,100101001111101111010101010101,1,1,0,0.93,0.03125,1,1
2,4,10,5,100101001111101111010101010101,1,1,0,0.85,0.5862069129943848,3,2
2,4,10,8,100101001111101111010101010101,1,1,0,1.0,0.15199999511241913,1,1
2,4,10,9,100101001111101111010101010101,1,1,0,0.19,0.4134615361690521,1,1
2,4,10,10,100101001111101111010101010101,1,1,0,0.42,0.13750000298023224,1,1
2,4,10,11,100101001111101111010101010101,1,1,0,0.9,0.043478261679410934,2,2
2,4,10,12,100101001111101111010101010101,1,1,0,1.0,0.10526315867900848,1,1
2,4,10,14,100101001111101111010101010101,1,1,0,0.73,0.43877550959587097,1,1
2,4,10,15,100101001111101111010101010101,1,1,0,0.55,0.15333333611488342,1,1
2,4,10,16,100101001111101111010101010101,1,1,0,0.39,0.12328767031431198,1,1
2,4,10,17,100101001111101111010101010101,1,1,0,0.43,0.2666666805744171,1,1
2,4,10,19,100101001111101111010101010101,1,1,0,0.85,0.4722222089767456,1,1
2,4,10,21,100101001111101111010101010101,1,1,0,0.89,0.20588235557079315,1,1
2,4,10,23,100101001111101111010101010101,1,1,0,0.59,0.5,1,1
2,4,10,25,100101001111101111010101010101,1,1,0,0.5,0.4871794879436493,3,2
2,4,10,27,100101001111101111010101010101,1,1,0,0.84,0.6595744490623474,2,2
2,4,10,29,100101001111101111010101010101,1,1,0,0.22,0.19327731430530548,1,1
2,4,11,0,110100100001000011000000000011,1,1,0,0.2,0.203125,1,1
2,4,11,1,110100100001000011000000000011,1,1,0,0.85,0.28333333134651184,3,2
2,4,11,3,110100100001000011000000000011,1,1,0,0.93,0.03125,1,1
2,4,11,6,110100100001000011000000000011,1,1,0,0.49,0.19736842811107635,1,1
2,4,11,11,110100100001000011000000000011,1,1,0,0.9,0.043478261679410934,2,2
2,4,11,16,110100100001000011000000000011,1,1,0,0.39,0.12328767031431198,1,1
2,4,11,17,110100100001000011000000000011,1,1,0,0.43,0.2666666805744171,1,1
2,4,11,28,110100100001000011000000000011,1,1,0,0.45,0.34328359365463257,1,1
2,4,11,29,110100100001000011000000000011,1,1,0,0.22,0.19327731430530548,1,1
2,4,12,0,111110001010011000110100000010,1,1,0,0.2,0.203125,1,1
2,4,12,1,111110001010011000110100000010,1,1,0,0.85,0.28333333134651184,3,2
2,4,12,2,111110001010011000110100000010,1,1,0,0.61,0.6581196784973145,1,1
2,4,12,3,111110001010011000110100000010,1,1,0,0.93,0.03125,1,1
2,4,12,4,111110001010011000110100000010,1,1,0,0.42,0.31111112236976624,1,1
2,4,12,8,111110001010011000110100000010,1,1,0,1.0,0.15199999511241913,1,1
2,4,12,10,111110001010011000110100000010,1,1,0,0.42,0.13750000298023224,1,1
2,4,12,13,111110001010011000110100000010,1,1,0,0.52,0.7699999809265137,2,2
2,4,12,14,111110001010011000110100000010,1,1,0,0.73,0.43877550959587097,1,1
2,4,12,18,111110001010011000110100000010,1,1,0,0.62,0.446153849363327,3,2
2,4,12,19,111110001010011000110100000010,1,1,0,0.85,0.4722222089767456,1,1
2,4,12,21,111110001010011000110100000010,1,1,0,0.89,0.20588235557079315,1,1
2,4,12,28,111110001010011000110100000010,1,1,0,0.45,0.34328359365463257,1,1
2,4,13,3,000111010111100010001100100000,1,1,0,0.93,0.03125,1,1
2,4,13,4,000111010111100010001100100000,1,1,0,0.42,0.31111112236976624,1,1
2,4,13,5,000111010111100010001100100000,1,1,0,0.85,0.5862069129943848,3,2
2,4,13,7,000111010111100010001100100000,1,1,0,0.11,0.23148147761821747,1,1
2,4,13,9,000111010111100010001100100000,1,1,0,0.19,0.4134615361690521,1,1
2,4,13,10,000111010111100010001100100000,1,1,0,0.42,0.13750000298023224,1,1
2,4,13,11,000111010111100010001100100000,1,1,0,0.9,0.043478261679410934,2,2
2,4,13,12,000111010111100010001100100000,1,1,0,1.0,0.10526315867900848,1,1
2,4,13,16,000111010111100010001100100000,1,1,0,0.39,0.12328767031431198,1,1
2,4,13,20,000111010111100010001100100000,1,1,0,0.89,0.19696970283985138,1,1
2,4,13,21,000111010111100010001100100000,1,1,0,0.89,0.20588235557079315,1,1
2,4,13,24,000111010111100010001100100000,1,1,0,0.16,0.28985506296157837,1,1
2,4,14,1,010110100011000010100000100000,1,1,0,0.85,0.28333333134651184,3,2
2,4,14,3,010110100011000010100000100000,1,1,0,0.93,0.03125,1,1
2,4,14,4,010110100011000010100000100000,1,1,0,0.42,0.31111112236976624,1,1
2,4,14,6,010110100011000010100000100000,1,1,0,0.49,0.19736842811107635,1,1
2,4,14,10,010110100011000010100000100000,1,1,0,0.42,0.13750000298023224,1,1
2,4,14,11,010110100011000010100000100000,1,1,0,0.9,0.043478261679410934,2,2
2,4,14,16,010110100011000010100000100000,1,1,0,0.39,0.12328767031431198,1,1
2,4,14,18,010110100011000010100000100000,1,1,0,0.62,0.446153849363327,3,2
2,4,14,24,010110100011000010100000100000,1,1,0,0.16,0.28985506296157837,1,1
2,4,15,0,110110101000101101000000100010,1,1,0,0.2,0.203125,1,1
2,4,15,1,110110101000101101000000100010,1,1,0,0.85,0.28333333134651184,3,2
2,4,15,3,110110101000101101000000100010,1,1,0,0.93,0.03125,1,1
2,4,15,4,110110101000101101000000100010,1,1,0,0.42,0.31111112236976624,1,1
2,4,15,6,110110101000101101000000100010,1,1,0,0.49,0.19736842811107635,1,1
2,4,15,8,110110101000101101000000100010,1,1,0,1.0,0.15199999511241913,1,1
2,4,15,12,110110101000101101000000100010,1,1,0,1.0,0.10526315867900848,1,1
2,4,15,14,110110101000101101000000100010,1,1,0,0.73,0.43877550959587097,1,1
2,4,15,15,110110101000101101000000100010,1,1,0,0.55,0.15333333611488342,1,1
2,4,15,17,110110101000101101000000100010,1,1,0,0.43,0.2666666805744171,1,1
2,4,15,24,110110101000101101000000100010,1,1,0,0.16,0.28985506296157837,1,1
2,4,15,28,110110101000101101000000100010,1,1,0,0.45,0.34328359365463257,1,1
2,4,16,0,111111101000101101110101000011,1,1,0,0.2,0.203125,1,1
2,4,16,1,111111101000101101110101000011,1,1,0,0.85,0.28333333134651184,3,2
2,4,16,2,111111101000101101110101000011,1,1,0,0.61,0.6581196784973145,1,1
2,4,16,3,111111101000101101110101000011,1,1,0,0.93,0.03125,1,1
2,4,16,4,111111101000101101110101000011,1,1,0,0.42,0.31111112236976624,1,1
2,4,16,5,111111101000101101110101000011,1,1,0,0.85,0.5862069129943848,3,2
2,4,16,6,111111101000101101110101000011,1,1,0,0.49,0.19736842811107635,1,1
2,4,16,8,111111101000101101110101000011,1,1,0,1.0,0.15199999511241913,1,1
2,4,16,12,111111101000101101110101000011,1,1,0,1.0,0.10526315867900848,1,1
2,4,16,14,111111101000101101110101000011,1,1,0,0.73,0.43877550959587097,1,1
2,4,16,15,111111101000101101110101000011,1,1,0,0.55,0.15333333611488342,1,1
2,4,16,17,111111101000101101110101000011,1,1,0,0.43,0.2666666805744171,1,1
2,4,16,18,111111101000101101110101000011,1,1,0,0.62,0.446153849363327,3,2
2,4,16,19,111111101000101101110101000011,1,1,0,0.85,0.4722222089767456,1,1
2,4,16,21,111111101000101101110101000011,1,1,0,0.89,0.20588235557079315,1,1
2,4,16,23,111111101000101101110101000011,1,1,0,0.59,0.5,1,1
2,4,16,28,111111101000101101110101000011,1,1,0,0.45,0.34328359365463257,1,1
2,4,16,29,111111101000101101110101000011,1,1,0,0.22,0.19327731430530548,1,1
2,4,17,0,101100100011000011000100000001,1,1,0,0.2,0.203125,1,1
2,4,17,2,101100100011000011000100000001,1,1,0,0.61,0.6581196784973145,1,1
2,4,17,3,101100100011000011000100000001,1,1,0,0.93,0.03125,1,1
2,4,17,6,101100100011000011000100000001,1,1,0,0.49,0.19736842811107635,1,1
2,4,17,10,101100100011000011000100000001,1,1,0,0.42,0.13750000298023224,1,1
2,4,17,11,101100100011000011000100000001,1,1,0,0.9,0.043478261679410934,2,2
2,4,17,16,101100100011000011000100000001,1,1,0,0.39,0.12328767031431198,1,1
2,4,17,17,101100100011000011000100000001,1,1,0,0.43,0.2666666805744171,1,1
2,4,17,21,101100100011000011000100000001,1,1,0,0.89,0.20588235557079315,1,1
2,4,17,29,101100100011000011000100000001,1,1,0,0.22,0.19327731430530548,1,1
2,4,18,0,111100100111111000000001000011,1,1,0,0.2,0.203125,1,1
2,4,18,1,111100100111111000000001000011,1,1,0,0.85,0.28333333134651184,3,2
2,4,18,2,111100100111111000000001000011,1,1,0,0.61,0.6581196784973145,1,1
2,4,18,3,111100100111111000000001000011,1,1,0,0.93,0.03125,1,1
2,4,18,6,111100100111111000000001000011,1,1,0,0.49,0.19736842811107635,1,1
2,4,18,9,111100100111111000000001000011,1,1,0,0.19,0.4134615361690521,1,1
2,4,18,10,111100100111111000000001000011,1,1,0,0.42,0.13750000298023224,1,1
2,4,18,11,111100100111111000000001000011,1,1,0,0.9,0.043478261679410934,2,2
2,4,18,12,111100100111111000000001000011,1,1,0,1.0,0.10526315867900848,1,1
2,4,18,13,111100100111111000000001000011,1,1,0,0.52,0.7699999809265137,2,2
2,4,18,14,111100100111111000000001000011,1,1,0,0.73,0.43877550959587097,1,1
2,4,18,23,111100100111111000000001000011,1,1,0,0.59,0.5,1,1
2,4,18,28,111100100111111000000001000011,1,1,0,0.45,0.34328359365463257,1,1
2,4,18,29,111100100111111000000001000011,1,1,0,0.22,0.19327731430530548,1,1
2,4,19,1,010110100011000000101100110000,1,1,0,0.85,0.28333333134651184,3,2
2,4,19,3,010110100011000000101100110000,1,1,0,0.93,0.03125,1,1
2,4,19,4,010110100011000000101100110000,1,1,0,0.42,0.31111112236976624,1,1
2,4,19,6,010110100011000000101100110000,1,1,0,0.49,0.19736842811107635,1,1
2,4,19,10,010110100011000000101100110000,1,1,0,0.42,0.13750000298023224,1,1
2,4,19,11,010110100011000000101100110000,1,1,0,0.9,0.043478261679410934,2,2
2,4,19,18,010110100011000000101100110000,1,1,0,0.62,0.446153849363327,3,2
2,4,19,20,010110100011000000101100110000,1,1,0,0.89,0.19696970283985138,1,1
2,4,19,21,010110100011000000101100110000,1,1,0,0.89,0.20588235557079315,1,1
2,4,19,24,010110100011000000101100110000,1,1,0,0.16,0.28985506296157837,1,1
2,4,19,25,010110100011000000101100110000,1,1,0,0.5,0.4871794879436493,3,2
2,4,20,1,010111001001101101001000110000,1,1,0,0.85,0.28333333134651184,3,2
2,4,20,3,010111001001101101001000110000,1,1,0,0.93,0.03125,1,1
2,4,20,4,010111001001101101001000110000,1,1,0,0.42,0.31111112236976624,1,1
2,4,20,5,010111001001101101001000110000,1,1,0,0.85,0.5862069129943848,3,2
2,4,20,8,010111001001101101001000110000,1,1,0,1.0,0.15199999511241913,1,1
2,4,20,11,010111001001101101001000110000,1,1,0,0.9,0.043478261679410934,2,2
2,4,20,12,010111001001101101001000110000,1,1,0,1.0,0.10526315867900848,1,1
2,4,20,14,010111001001101101001000110000,1,1,0,0.73,0.43877550959587097,1,1
2,4,20,15,010111001001101101001000110000,1,1,0,0.55,0.15333333611488342,1,1
2,4,20,17,010111001001101101001000110000,1,1,0,0.43,0.2666666805744171,1,1
2,4,20,20,010111001001101101001000110000,1,1,0,0.89,0.19696970283985138,1,1
2,4,20,24,010111001001101101001000110000,1,1,0,0.16,0.28985506296157837,1,1
2,4,20,25,010111001001101101001000110000,1,1,0,0.5,0.4871794879436493,3,2
2,4,21,2,001110001010010010100100100001,1,1,0,0.61,0.6581196784973145,1,1
2,4,21,3,001110001010010010100100100001,1,1,0,0.93,0.03125,1,1
2,4,21,4,001110001010010010100100100001,1,1,0,0.42,0.31111112236976624,1,1
2,4,21,8,001110001010010010100100100001,1,1,0,1.0,0.15199999511241913,1,1
2,4,21,10,001110001010010010100100100001,1,1,0,0.42,0.13750000298023224,1,1
2,4,21,13,001110001010010010100100100001,1,1,0,0.52,0.7699999809265137,2,2
2,4,21,16,001110001010010010100100100001,1,1,0,0.39,0.12328767031431198,1,1
2,4,21,18,001110001010010010100100100001,1,1,0,0.62,0.446153849363327,3,2
2,4,21,21,001110001010010010100100100001,1,1,0,0.89,0.20588235557079315,1,1
2,4,21,24,001110001010010010100100100001,1,1,0,0.16,0.28985506296157837,1,1
2,4,21,29,001110001010010010100100100001,1,1,0,0.22,0.19327731430530548,1,1
2,4,22,1,011101001000111101111011110000,1,1,0,0.85,0.28333333134651184,3,2
2,4,22,2,011101001000111101111011110000,1,1,0,0.61,0.6581196784973145,1,1
2,4,22,3,011101001000111101111011110000,1,1,0,0.93,0.03125,1,1
2,4,22,5,011101001000111101111011110000,1,1,0,0.85,0.5862069129943848,3,2
2,4,22,8,011101001000111101111011110000,1,1,0,1.0,0.15199999511241913,1,1
2,4,22,12,011101001000111101111011110000,1,1,0,1.0,0.10526315867900848,1,1
2,4,22,13,011101001000111101111011110000,1,1,0,0.52,0.7699999809265137,2,2
2,4,22,14,011101001000111101111011110000,1,1,0,0.73,0.43877550959587097,1,1
2,4,22,15,011101001000111101111011110000,1,1,0,0.55,0.15333333611488342,1,1
2,4,22,17,011101001000111101111011110000,1,1,0,0.43,0.2666666805744171,1,1
2,4,22,18,011101001000111101111011110000,1,1,0,0.62,0.446153849363327,3,2
2,4,22,19,011101001000111101111011110000,1,1,0,0.85,0.4722222089767456,1,1
2,4,22,20,011101001000111101111011110000,1,1,0,0.89,0.19696970283985138,1,1
2,4,22,22,011101001000111101111011110000,1,1,0,0.19,0.4893617033958435,1,1
2,4,22,23,011101001000111101111011110000,1,1,0,0.59,0.5,1,1
2,4,22,24,011101001000111101111011110000,1,1,0,0.16,0.28985506296157837,1,1
2,4,22,25,011101001000111101111011110000,1,1,0,0.5,0.4871794879436493,3,2
2,5,0,0,110110000001101101000001101000,1,1,0,0.2,0.203125,1,1
2,5,0,1,110110000001101101000001101000,1,1,0,0.85,0.28333333134651184,3,2
2,5,0,3,110110000001101101000001101000,1,1,0,0.93,0.03125,1,1
2,5,0,4,110110000001101101000001101000,1,1,0,0.42,0.31111112236976624,1,1
2,5,0,11,110110000001101101000001101000,1,1,0,0.9,0.043478261679410934,2,2
2,5,0,12,110110000001101101000001101000,1,1,0,1.0,0.10526315867900848,1,1
2,5,0,14,110110000001101101000001101000,1,1,0,0.73,0.43877550959587097,1,1
2,5,0,15,110110000001101101000001101000,1,1,0,0.55,0.15333333611488342,1,1
2,5,0,17,110110000001101101000001101000,1,1,0,0.43,0.2666666805744171,1,1
2,5,0,23,110110000001101101000001101000,1,1,0,0.59,0.5,1,1
2,5,0,24,110110000001101101000001101000,1,1,0,0.16,0.28985506296157837,1,1
2,5,0,26,110110000001101101000001101000,1,1,0,0.54,0.557692289352417,1,1
2,5,1,0,100110100011001111001001000111,1,1,0,0.2,0.203125,1,1
2,5,1,3,100110100011001111001001000111,1,1,0,0.93,0.03125,1,1
2,5,1,4,100110100011001111001001000111,1,1,0,0.42,0.31111112236976624,1,1
2,5,1,6,100110100011001111001001000111,1,1,0,0.49,0.19736842811107635,1,1
2,5,1,10,100110100011001111001001000111,1,1,0,0.42,0.13750000298023224,1,1
2,5,1,11,100110100011001111001001000111,1,1,0,0.9,0.043478261679410934,2,2
2,5,1,14,100110100011001111001001000111,1,1,0,0.73,0.43877550959587097,1,1
2,5,1,15,100110100011001111001001000111,1,1,0,0.55,0.15333333611488342,1,1
2,5,1,16,100110100011001111001001000111,1,1,0,0.39,0.12328767031431198,1,1
2,5,1,17,100110100011001111001001000111,1,1,0,0.43,0.2666666805744171,1,1
2,5,1,20,100110100011001111001001000111,1,1,0,0.89,0.19696970283985138,1,1
2,5,1,23,100110100011001111001001000111,1,1,0,0.59,0.5,1,1
2,5,1,27,100110100011001111001001000111,1,1,0,0.84,0.6595744490623474,2,2
2,5,1,28,100110100011001111001001000111,1,1,0,0.45,0.34328359365463257,1,1
2,5,1,29,100110100011001111001001000111,1,1,0,0.22,0.19327731430530548,1,1
2,5,2,0,111111101011111000000001000011,1,1,0,0.2,0.203125,1,1
2,5,2,1,111111101011111000000001000011,1,1,0,0.85,0.28333333134651184,3,2
2,5,2,2,111111101011111000000001000011,1,1,0,0.61,0.6581196784973145,1,1
2,5,2,3,111111101011111000000001000011,1,1,0,0.93,0.03125,1,1
2,5,2,4,111111101011111000000001000011,1,1,0,0.42,0.31111112236976624,1,1
2,5,2,5,111111101011111000000001000011,1,1,0,0.85,0.5862069129943848,3,2
2,5,2,6,111111101011111000000001000011,1,1,0,0.49,0.19736842811107635,1,1
2,5,2,8,111111101011111000000001000011,1,1,0,1.0,0.15199999511241913,1,1
2,5,2,10,111111101011111000000001000011,1,1,0,0.42,0.13750000298023224,1,1
2,5,2,11,111111101011111000000001000011,1,1,0,0.9,0.043478261679410934,2,2
2,5,2,12,111111101011111000000001000011,1,1,0,1.0,0.10526315867900848,1,1
2,5,2,13,111111101011111000000001000011,1,1,0,0.52,0.7699999809265137,2,2
2,5,2,14,111111101011111000000001000011,1,1,0,0.73,0.43877550959587097,1,1
2,5,2,23,111111101011111000000001000011,1,1,0,0.59,0.5,1,1
2,5,2,28,111111101011111000000001000011,1,1,0,0.45,0.34328359365463257,1,1
2,5,2,29,111111101011111000000001000011,1,1,0,0.22,0.19327731430530548,1,1
2,5,3,0,110101001001101101000001000100,1,1,0,0.2,0.203125,1,1
2,5,3,1,110101001001101101000001000100,1,1,0,0.85,0.28333333134651184,3,2
2,5,3,3,110101001001101101000001000100,1,1,0,0.93,0.03125,1,1
2,5,3,5,110101001001101101000001000100,1,1,0,0.85,0.5862069129943848,3,2
2,5,3,8,110101001001101101000001000100,1,1,0,1.0,0.15199999511241913,1,1
2,5,3,11,110101001001101101000001000100,1,1,0,0.9,0.043478261679410934,2,2
2,5,3,12,110101001001101101000001000100,1,1,0,1.0,0.10526315867900848,1,1
2,5,3,14,110101001001101101000001000100,1,1,0,0.73,0.43877550959587097,1,1
2,5,3,15,110101001001101101000001000100,1,1,0,0.55,0.15333333611488342,1,1
2,5,3,17,110101001001101101000001000100,1,1,0,0.43,0.2666666805744171,1,1
2,5,3,23,110101001001101101000001000100,1,1,0,0.59,0.5,1,1
2,5,3,27,110101001001101101000001000100,1,1,0,0.84,0.6595744490623474,2,2
2,5,4,3,000110010111100010100100100000,1,1,0,0.93,0.03125,1,1
2,5,4,4,000110010111100010100100100000,1,1,0,0.42,0.31111112236976624,1,1
2,5,4,7,000110010111100010100100100000,1,1,0,0.11,0.23148147761821747,1,1
2,5,4,9,000110010111100010100100100000,1,1,0,0.19,0.4134615361690521,1,1
2,5,4,10,000110010111100010100100100000,1,1,0,0.42,0.13750000298023224,1,1
2,5,4,11,000110010111100010100100100000,1,1,0,0.9,0.043478261679410934,2,2
2,5,4,12,000110010111100010100100100000,1,1,0,1.0,0.10526315867900848,1,1
2,5,4,16,000110010111100010100100100000,1,1,0,0.39,0.12328767031431198,1,1
2,5,4,18,000110010111100010100100100000,1,1,0,0.62,0.446153849363327,3,2
2,5,4,21,000110010111100010100100100000,1,1,0,0.89,0.20588235557079315,1,1
2,5,4,24,000110010111100010100100100000,1,1,0,0.16,0.28985506296157837,1,1
2,5,5,1,010111000011101000001000100010,1,1,0,0.85,0.28333333134651184,3,2
2,5,5,3,010111000011101000001000100010,1,1,0,0.93,0.03125,1,1
2,5,5,4,010111000011101000001000100010,1,1,0,0.42,0.31111112236976624,1,1
2,5,5,5,010111000011101000001000100010,1,1,0,0.85,0.5862069129943848,3,2
2,5,5,10,010111000011101000001000100010,1,1,0,0.42,0.13750000298023224,1,1
2,5,5,11,010111000011101000001000100010,1,1,0,0.9,0.043478261679410934,2,2
2,5,5,12,010111000011101000001000100010,1,1,0,1.0,0.10526315867900848,1,1
2,5,5,14,010111000011101000001000100010,1,1,0,0.73,0.43877550959587097,1,1
2,5,5,20,010111000011101000001000100010,1,1,0,0.89,0.19696970283985138,1,1
2,5,5,24,010111000011101000001000100010,1,1,0,0.16,0.28985506296157837,1,1
2,5,5,28,010111000011101000001000100010,1,1,0,0.45,0.34328359365463257,1,1
2,5,6,1,010111000001100100001100110010,1,1,0,0.85,0.28333333134651184,3,2
2,5,6,3,010111000001100100001100110010,1,1,0,0.93,0.03125,1,1
2,5,6,4,010111000001100100001100110010,1,1,0,0.42,0.31111112236976624,1,1
2,5,6,5,010111000001100100001100110010,1,1,0,0.85,0.5862069129943848,3,2
2,5,6,11,010111000001100100001100110010,1,1,0,0.9,0.043478261679410934,2,2
2,5,6,12,010111000001100100001100110010,1,1,0,1.0,0.10526315867900848,1,1
2,5,6,15,010111000001100100001100110010,1,1,0,0.55,0.15333333611488342,1,1
2,5,6,20,010111000001100100001100110010,1,1,0,0.89,0.19696970283985138,1,1
2,5,6,21,010111000001100100001100110010,1,1,0,0.89,0.20588235557079315,1,1
2,5,6,24,010111000001100100001100110010,1,1,0,0.16,0.28985506296157837,1,1
2,5,6,25,010111000001100100001100110010,1,1,0,0.5,0.4871794879436493,3,2
2,5,6,28,010111000001100100001100110010,1,1,0,0.45,0.34328359365463257,1,1
2,5,7,0,110100100001000011000000000011,1,1,0,0.2,0.203125,1,1
2,5,7,1,110100100001000011000000000011,1,1,0,0.85,0.28333333134651184,3,2
2,5,7,3,110100100001000011000000000011,1,1,0,0.93,0.03125,1,1
2,5,7,6,110100100001000011000000000011,1,1,0,0.49,0.19736842811107635,1,1
2,5,7,11,110100100001000011000000000011,1,1,0,0.9,0.043478261679410934,2,2
2,5,7,16,110100100001000011000000000011,1,1,0,0.39,0.12328767031431198,1,1
2,5,7,17,110100100001000011000000000011,1,1,0,0.43,0.2666666805744171,1,1
2,5,7,28,110100100001000011000000000011,1,1,0,0.45,0.34328359365463257,1,1
2,5,7,29,110100100001000011000000000011,1,1,0,0.22,0.19327731430530548,1,1
2,5,8,3,000111010111100010001100100000,1,1,0,0.93,0.03125,1,1
2,5,8,4,000111010111100010001100100000,1,1,0,0.42,0.31111112236976624,1,1
2,5,8,5,000111010111100010001100100000,1,1,0,0.85,0.5862069129943848,3,2
2,5,8,7,000111010111100010001100100000,1,1,0,0.11,0.23148147761821747,1,1
2,5,8,9,000111010111100010001100100000,1,1,0,0.19,0.4134615361690521,1,1
2,5,8,10,000111010111100010001100100000,1,1,0,0.42,0.13750000298023224,1,1
2,5,8,11,000111010111100010001100100000,1,1,0,0.9,0.043478261679410934,2,2
2,5,8,12,000111010111100010001100100000,1,1,0,1.0,0.10526315867900848,1,1
2,5,8,16,000111010111100010001100100000,1,1,0,0.39,0.12328767031431198,1,1
2,5,8,20,000111010111100010001100100000,1,1,0,0.89,0.19696970283985138,1,1
2,5,8,21,000111010111100010001100100000,1,1,0,0.89,0.20588235557079315,1,1
2,5,8,24,000111010111100010001100100000,1,1,0,0.16,0.28985506296157837,1,1
2,5,9,1,010110100011000010100000100000,1,1,0,0.85,0.28333333134651184,3,2
2,5,9,3,010110100011000010100000100000,1,1,0,0.93,0.03125,1,1
2,5,9,4,010110100011000010100000100000,1,1,0,0.42,0.31111112236976624,1,1
2,5,9,6,010110100011000010100000100000,1,1,0,0.49,0.19736842811107635,1,1
2,5,9,10,010110100011000010100000100000,1,1,0,0.42,0.13750000298023224,1,1
2,5,9,11,010110100011000010100000100000,1,1,0,0.9,0.043478261679410934,2,2
2,5,9,16,010110100011000010100000100000,1,1,0,0.39,0.12328767031431198,1,1
2,5,9,18,010110100011000010100000100000,1,1,0,0.62,0.446153849363327,3,2
2,5,9,24,010110100011000010100000100000,1,1,0,0.16,0.28985506296157837,1,1
2,5,10,0,110110101000101101000000100010,1,1,0,0.2,0.203125,1,1
2,5,10,1,110110101000101101000000100010,1,1,0,0.85,0.28333333134651184,3,2
2,5,10,3,110110101000101101000000100010,1,1,0,0.93,0.03125,1,1
2,5,10,4,110110101000101101000000100010,1,1,0,0.42,0.31111112236976624,1,1
2,5,10,6,110110101000101101000000100010,1,1,0,0.49,0.19736842811107635,1,1
2,5,10,8,110110101000101101000000100010,1,1,0,1.0,0.15199999511241913,1,1
2,5,10,12,110110101000101101000000100010,1,1,0,1.0,0.10526315867900848,1,1
2,5,10,14,110110101000101101000000100010,1,1,0,0.73,0.43877550959587097,1,1
2,5,10,15,110110101000101101000000100010,1,1,0,0.55,0.15333333611488342,1,1
2,5,10,17,110110101000101101000000100010,1,1,0,0.43,0.2666666805744171,1,1
2,5,10,24,110110101000101101000000100010,1,1,0,0.16,0.28985506296157837,1,1
2,5,10,28,110110101000101101000000100010,1,1,0,0.45,0.34328359365463257,1,1
2,5,11,0,101100100011000011000100000001,1,1,0,0.2,0.203125,1,1
2,5,11,2,101100100011000011000100000001,1,1,0,0.61,0.6581196784973145,1,1
2,5,11,3,101100100011000011000100000001,1,1,0,0.93,0.03125,1,1
2,5,11,6,101100100011000011000100000001,1,1,0,0.49,0.19736842811107635,1,1
2,5,11,10,101100100011000011000100000001,1,1,0,0.42,0.13750000298023224,1,1
2,5,11,11,101100100011000011000100000001,1,1,0,0.9,0.043478261679410934,2,2
2,5,11,16,101100100011000011000100000001,1,1,0,0.39,0.12328767031431198,1,1
2,5,11,17,101100100011000011000100000001,1,1,0,0.43,0.2666666805744171,1,1
2,5,11,21,101100100011000011000100000001,1,1,0,0.89,0.20588235557079315,1,1
2,5,11,29,101100100011000011000100000001,1,1,0,0.22,0.19327731430530548,1,1
2,5,12,0,111100100111111000000001000011,1,1,0,0.2,0.203125,1,1
2,5,12,1,111100100111111000000001000011,1,1,0,0.85,0.28333333134651184,3,2
2,5,12,2,111100100111111000000001000011,1,1,0,0.61,0.6581196784973145,1,1
2,5,12,3,111100100111111000000001000011,1,1,0,0.93,0.03125,1,1
2,5,12,6,111100100111111000000001000011,1,1,0,0.49,0.19736842811107635,1,1
2,5,12,9,111100100111111000000001000011,1,1,0,0.19,0.4134615361690521,1,1
2,5,12,10,111100100111111000000001000011,1,1,0,0.42,0.13750000298023224,1,1
2,5,12,11,111100100111111000000001000011,1,1,0,0.9,0.043478261679410934,2,2
2,5,12,12,111100100111111000000001000011,1,1,0,1.0,0.10526315867900848,1,1
2,5,12,13,111100100111111000000001000011,1,1,0,0.52,0.7699999809265137,2,2
2,5,12,14,111100100111111000000001000011,1,1,0,0.73,0.43877550959587097,1,1
2,5,12,23,111100100111111000000001000011,1,1,0,0.59,0.5,1,1
2,5,12,28,111100100111111000000001000011,1,1,0,0.45,0.34328359365463257,1,1
2,5,12,29,111100100111111000000001000011,1,1,0,0.22,0.19327731430530548,1,1
2,5,13,1,010110100011000000101100110000,1,1,0,0.85,0.28333333134651184,3,2
2,5,13,3,010110100011000000101100110000,1,1,0,0.93,0.03125,1,1
2,5,13,4,010110100011000000101100110000,1,1,0,0.42,0.31111112236976624,1,1
2,5,13,6,010110100011000000101100110000,1,1,0,0.49,0.19736842811107635,1,1
2,5,13,10,010110100011000000101100110000,1,1,0,0.42,0.13750000298023224,1,1
2,5,13,11,010110100011000000101100110000,1,1,0,0.9,0.043478261679410934,2,2
2,5,13,18,010110100011000000101100110000,1,1,0,0.62,0.446153849363327,3,2
2,5,13,20,010110100011000000101100110000,1,1,0,0.89,0.19696970283985138,1,1
2,5,13,21,010110100011000000101100110000,1,1,0,0.89,0.20588235557079315,1,1
2,5,13,24,010110100011000000101100110000,1,1,0,0.16,0.28985506296157837,1,1
2,5,13,25,010110100011000000101100110000,1,1,0,0.5,0.4871794879436493,3,2
2,5,14,1,010111001001101101001000110000,1,1,0,0.85,0.28333333134651184,3,2
2,5,14,3,010111001001101101001000110000,1,1,0,0.93,0.03125,1,1
2,5,14,4,010111001001101101001000110000,1,1,0,0.42,0.31111112236976624,1,1
2,5,14,5,010111001001101101001000110000,1,1,0,0.85,0.5862069129943848,3,2
2,5,14,8,010111001001101101001000110000,1,1,0,1.0,0.15199999511241913,1,1
2,5,14,11,010111001001101101001000110000,1,1,0,0.9,0.043478261679410934,2,2
2,5,14,12,010111001001101101001000110000,1,1,0,1.0,0.10526315867900848,1,1
2,5,14,14,010111001001101101001000110000,1,1,0,0.73,0.43877550959587097,1,1
2,5,14,15,010111001001101101001000110000,1,1,0,0.55,0.15333333611488342,1,1
2,5,14,17,010111001001101101001000110000,1,1,0,0.43,0.2666666805744171,1,1
2,5,14,20,010111001001101101001000110000,1,1,0,0.89,0.19696970283985138,1,1
2,5,14,24,010111001001101101001000110000,1,1,0,0.16,0.28985506296157837,1,1
2,5,14,25,010111001001101101001000110000,1,1,0,0.5,0.4871794879436493,3,2
2,5,15,2,001110001010010010100100100001,1,1,0,0.61,0.6581196784973145,1,1
2,5,15,3,001110001010010010100100100001,1,1,0,0.93,0.03125,1,1
2,5,15,4,001110001010010010100100100001,1,1,0,0.42,0.31111112236976624,1,1
2,5,15,8,001110001010010010100100100001,1,1,0,1.0,0.15199999511241913,1,1
2,5,15,10,001110001010010010100100100001,1,1,0,0.42,0.13750000298023224,1,1
2,5,15,13,001110001010010010100100100001,1,1,0,0.52,0.7699999809265137,2,2
2,5,15,16,001110001010010010100100100001,1,1,0,0.39,0.12328767031431198,1,1
2,5,15,18,001110001010010010100100100001,1,1,0,0.62,0.446153849363327,3,2
2,5,15,21,001110001010010010100100100001,1,1,0,0.89,0.20588235557079315,1,1
2,5,15,24,001110001010010010100100100001,1,1,0,0.16,0.28985506296157837,1,1
2,5,15,29,001110001010010010100100100001,1,1,0,0.22,0.19327731430530548,1,1
2,5,16,0,110110010011100011000000000011,1,1,0,0.2,0.203125,1,1
2,5,16,1,110110010011100011000000000011,1,1,0,0.85,0.28333333134651184,3,2
2,5,16,3,110110010011100011000000000011,1,1,0,0.93,0.03125,1,1
2,5,16,4,110110010011100011000000000011,1,1,0,0.42,0.31111112236976624,1,1
2,5,16,7,110110010011100011000000000011,1,1,0,0.11,0.23148147761821747,1,1
2,5,16,10,110110010011100011000000000011,1,1,0,0.42,0.13750000298023224,1,1
2,5,16,11,110110010011100011000000000011,1,1,0,0.9,0.043478261679410934,2,2
2,5,16,12,110110010011100011000000000011,1,1,0,1.0,0.10526315867900848,1,1
2,5,16,16,110110010011100011000000000011,1,1,0,0.39,0.12328767031431198,1,1
2,5,16,17,110110010011100011000000000011,1,1,0,0.43,0.2666666805744171,1,1
2,5,16,28,110110010011100011000000000011,1,1,0,0.45,0.34328359365463257,1,1
2,5,16,29,110110010011100011000000000011,1,1,0,0.22,0.19327731430530548,1,1
2,5,17,0,100100100001000011001000000011,1,1,0,0.2,0.203125,1,1
2,5,17,3,100100100001000011001000000011,1,1,0,0.93,0.03125,1,1
2,5,17,6,100100100001000011001000000011,1,1,0,0.49,0.19736842811107635,1,1
2,5,17,11,100100100001000011001000000011,1,1,0,0.9,0.043478261679410934,2,2
2,5,17,16,100100100001000011001000000011,1,1,0,0.39,0.12328767031431198,1,1
2,5,17,17,100100100001000011001000000011,1,1,0,0.43,0.2666666805744171,1,1
2,5,17,20,100100100001000011001000000011,1,1,0,0.89,0.19696970283985138,1,1
2,5,17,28,100100100001000011001000000011,1,1,0,0.45,0.34328359365463257,1,1
2,5,17,29,100100100001000011001000000011,1,1,0,0.22,0.19327731430530548,1,1
2,5,18,0,110001001010011000110100000100,1,1,0,0.2,0.203125,1,1
2,5,18,1,110001001010011000110100000100,1,1,0,0.85,0.28333333134651184,3,2
2,5,18,5,110001001010011000110100000100,1,1,0,0.85,0.5862069129943848,3,2
2,5,18,8,110001001010011000110100000100,1,1,0,1.0,0.15199999511241913,1,1
2,5,18,10,110001001010011000110100000100,1,1,0,0.42,0.13750000298023224,1,1
2,5,18,13,110001001010011000110100000100,1,1,0,0.52,0.7699999809265137,2,2
2,5,18,14,110001001010011000110100000100,1,1,0,0.73,0.43877550959587097,1,1
2,5,18,18,110001001010011000110100000100,1,1,0,0.62,0.446153849363327,3,2
2,5,18,19,110001001010011000110100000100,1,1,0,0.85,0.4722222089767456,1,1
2,5,18,21,110001001010011000110100000100,1,1,0,0.89,0.20588235557079315,1,1
2,5,18,27,110001001010011000110100000100,1,1,0,0.84,0.6595744490623474,2,2
2,5,19,1,010111000001001100111100110000,1,1,0,0.85,0.28333333134651184,3,2
2,5,19,3,010111000001001100111100110000,1,1,0,0.93,0.03125,1,1
2,5,19,4,010111000001001100111100110000,1,1,0,0.42,0.31111112236976624,1,1
2,5,19,5,010111000001001100111100110000,1,1,0,0.85,0.5862069129943848,3,2
2,5,19,11,010111000001001100111100110000,1,1,0,0.9,0.043478261679410934,2,2
2,5,19,14,010111000001001100111100110000,1,1,0,0.73,0.43877550959587097,1,1
2,5,19,15,010111000001001100111100110000,1,1,0,0.55,0.15333333611488342,1,1
2,5,19,18,010111000001001100111100110000,1,1,0,0.62,0.446153849363327,3,2
2,5,19,19,010111000001001100111100110000,1,1,0,0.85,0.4722222089767456,1,1
2,5,19,20,010111000001001100111100110000,1,1,0,0.89,0.19696970283985138,1,1
2,5,19,21,010111000001001100111100110000,1,1,0,0.89,0.20588235557079315,1,1
2,5,19,24,010111000001001100111100110000,1,1,0,0.16,0.28985506296157837,1,1
2,5,19,25,010111000001001100111100110000,1,1,0,0.5,0.4871794879436493,3,2
2,5,20,1,011111101001111010100010010000,1,1,0,0.85,0.28333333134651184,3,2
2,5,20,2,011111101001111010100010010000,1,1,0,0.61,0.6581196784973145,1,1
2,5,20,3,011111101001111010100010010000,1,1,0,0.93,0.03125,1,1
2,5,20,4,011111101001111010100010010000,1,1,0,0.42,0.31111112236976624,1,1
2,5,20,5,011111101001111010100010010000,1,1,0,0.85,0.5862069129943848,3,2
2,5,20,6,011111101001111010100010010000,1,1,0,0.49,0.19736842811107635,1,1
2,5,20,8,011111101001111010100010010000,1,1,0,1.0,0.15199999511241913,1,1
2,5,20,11,011111101001111010100010010000,1,1,0,0.9,0.043478261679410934,2,2
2,5,20,12,011111101001111010100010010000,1,1,0,1.0,0.10526315867900848,1,1
2,5,20,13,011111101001111010100010010000,1,1,0,0.52,0.7699999809265137,2,2
2,5,20,14,011111101001111010100010010000,1,1,0,0.73,0.43877550959587097,1,1
2,5,20,16,011111101001111010100010010000,1,1,0,0.39,0.12328767031431198,1,1
2,5,20,18,011111101001111010100010010000,1,1,0,0.62,0.446153849363327,3,2
2,5,20,22,011111101001111010100010010000,1,1,0,0.19,0.4893617033958435,1,1
2,5,20,25,011111101001111010100010010000,1,1,0,0.5,0.4871794879436493,3,2
2,5,21,1,010111001001101101001000100010,1,1,0,0.85,0.28333333134651184,3,2
2,5,21,3,010111001001101101001000100010,1,1,0,0.93,0.03125,1,1
2,5,21,4,010111001001101101001000100010,1,1,0,0.42,0.31111112236976624,1,1
2,5,21,5,010111001001101101001000100010,1,1,0,0.85,0.5862069129943848,3,2
2,5,21,8,010111001001101101001000100010,1,1,0,1.0,0.15199999511241913,1,1
2,5,21,11,010111001001101101001000100010,1,1,0,0.9,0.043478261679410934,2,2
2,5,21,12,010111001001101101001000100010,1,1,0,1.0,0.10526315867900848,1,1
2,5,21,14,010111001001101101001000100010,1,1,0,0.73,0.43877550959587097,1,1
2,5,21,15,010111001001101101001000100010,1,1,0,0.55,0.15333333611488342,1,1
2,5,21,17,010111001001101101001000100010,1,1,0,0.43,0.2666666805744171,1,1
2,5,21,20,010111001001101101001000100010,1,1,0,0.89,0.19696970283985138,1,1
2,5,21,24,010111001001101101001000100010,1,1,0,0.16,0.28985506296157837,1,1
2,5,21,28,010111001001101101001000100010,1,1,0,0.45,0.34328359365463257,1,1
2,5,22,1,010110100011111101000001100000,1,1,0,0.85,0.28333333134651184,3,2
2,5,22,3,010110100011111101000001100000,1,1,0,0.93,0.03125,1,1
2,5,22,4,010110100011111101000001100000,1,1,0,0.42,0.31111112236976624,1,1
2,5,22,6,010110100011111101000001100000,1,1,0,0.49,0.19736842811107635,1,1
2,5,22,10,010110100011111101000001100000,1,1,0,0.42,0.13750000298023224,1,1
2,5,22,11,010110100011111101000001100000,1,1,0,0.9,0.043478261679410934,2,2
2,5,22,12,010110100011111101000001100000,1,1,0,1.0,0.10526315867900848,1,1
2,5,22,13,010110100011111101000001100000,1,1,0,0.52,0.7699999809265137,2,2
2,5,22,14,010110100011111101000001100000,1,1,0,0.73,0.43877550959587097,1,1
2,5,22,15,010110100011111101000001100000,1,1,0,0.55,0.15333333611488342,1,1
2,5,22,17,010110100011111101000001100000,1,1,0,0.43,0.2666666805744171,1,1
2,5,22,23,010110100011111101000001100000,1,1,0,0.59,0.5,1,1
2,5,22,24,010110100011111101000001100000,1,1,0,0.16,0.28985506296157837,1,1
2,5,23,1,010001101011101000001001100010,1,1,0,0.85,0.28333333134651184,3,2
2,5,23,5,010001101011101000001001100010,1,1,0,0.85,0.5862069129943848,3,2
2,5,23,6,010001101011101000001001100010,1,1,0,0.49,0.19736842811107635,1,1
2,5,23,8,010001101011101000001001100010,1,1,0,1.0,0.15199999511241913,1,1
2,5,23,10,010001101011101000001001100010,1,1,0,0.42,0.13750000298023224,1,1
2,5,23,11,010001101011101000001001100010,1,1,0,0.9,0.043478261679410934,2,2
2,5,23,12,010001101011101000001001100010,1,1,0,1.0,0.10526315867900848,1,1
2,5,23,14,010001101011101000001001100010,1,1,0,0.73,0.43877550959587097,1,1
2,5,23,20,010001101011101000001001100010,1,1,0,0.89,0.19696970283985138,1,1
2,5,23,23,010001101011101000001001100010,1,1,0,0.59,0.5,1,1
2,5,23,24,010001101011101000001001100010,1,1,0,0.16,0.28985506296157837,1,1
2,5,23,28,010001101011101000001001100010,1,1,0,0.45,0.34328359365463257,1,1
2,5,24,0,111110010001101101000101000010,1,1,0,0.2,0.203125,1,1
2,5,24,1,111110010001101101000101000010,1,1,0,0.85,0.28333333134651184,3,2
2,5,24,2,111110010001101101000101000010,1,1,0,0.61,0.6581196784973145,1,1
2,5,24,3,111110010001101101000101000010,1,1,0,0.93,0.03125,1,1
2,5,24,4,111110010001101101000101000010,1,1,0,0.42,0.31111112236976624,1,1
2,5,24,7,111110010001101101000101000010,1,1,0,0.11,0.23148147761821747,1,1
2,5,24,11,111110010001101101000101000010,1,1,0,0.9,0.043478261679410934,2,2
2,5,24,12,111110010001101101000101000010,1,1,0,1.0,0.10526315867900848,1,1
2,5,24,14,111110010001101101000101000010,1,1,0,0.73,0.43877550959587097,1,1
2,5,24,15,111110010001101101000101000010,1,1,0,0.55,0.15333333611488342,1,1
2,5,24,17,111110010001101101000101000010,1,1,0,0.43,0.2666666805744171,1,1
2,5,24,21,111110010001101101000101000010,1,1,0,0.89,0.20588235557079315,1,1
2,5,24,23,111110010001101101000101000010,1,1,0,0.59,0.5,1,1
2,5,24,28,111110010001101101000101000010,1,1,0,0.45,0.34328359365463257,1,1
2,5,25,0,111110100010001111001001100011,1,1,0,0.2,0.203125,1,1
2,5,25,1,111110100010001111001001100011,1,1,0,0.85,0.28333333134651184,3,2
2,5,25,2,111110100010001111001001100011,1,1,0,0.61,0.6581196784973145,1,1
2,5,25,3,111110100010001111001001100011,1,1,0,0.93,0.03125,1,1
2,5,25,4,111110100010001111001001100011,1,1,0,0.42,0.31111112236976624,1,1
2,5,25,6,111110100010001111001001100011,1,1,0,0.49,0.19736842811107635,1,1
2,5,25,10,111110100010001111001001100011,1,1,0,0.42,0.13750000298023224,1,1
2,5,25,14,111110100010001111001001100011,1,1,0,0.73,0.43877550959587097,1,1
2,5,25,15,111110100010001111001001100011,1,1,0,0.55,0.15333333611488342,1,1
2,5,25,16,111110100010001111001001100011,1,1,0,0.39,0.12328767031431198,1,1
2,5,25,17,111110100010001111001001100011,1,1,0,0.43,0.2666666805744171,1,1
2,5,25,20,111110100010001111001001100011,1,1,0,0.89,0.19696970283985138,1,1
2,5,25,23,111110100010001111001001100011,1,1,0,0.59,0.5,1,1
2,5,25,24,111110100010001111001001100011,1,1,0,0.16,0.28985506296157837,1,1
2,5,25,28,111110100010001111001001100011,1,1,0,0.45,0.34328359365463257,1,1
2,5,25,29,111110100010001111001001100011,1,1,0,0.22,0.19327731430530548,1,1
3,1,0,0,110001001000101101111011110100,1,1,0,0.1,0.078125,4,2
3,1,0,1,110001001000101101111011110100,1,1,0,0.75,0.4166666567325592,4,3
3,1,0,5,110001001000101101111011110100,1,1,0,0.75,0.3965517282485962,4,3
3,1,0,8,110001001000101101111011110100,1,1,0,0.9,0.6320000290870667,4,2
3,1,0,12,110001001000101101111011110100,1,1,0,0.9,0.6140350699424744,4,2
3,1,0,14,110001001000101101111011110100,1,1,0,0.63,0.8061224222183228,4,2
3,1,0,15,110001001000101101111011110100,1,1,0,0.45,0.2800000011920929,4,2
3,1,0,17,110001001000101101111011110100,1,1,0,0.33,0.10000000149011612,4,2
3,1,0,18,110001001000101101111011110100,1,1,0,0.67,0.23076923191547394,3,2
3,1,0,19,110001001000101101111011110100,1,1,0,0.9,0.2222222238779068,1,1
3,1,0,20,110001001000101101111011110100,1,1,0,0.94,0.22727273404598236,1,1
3,1,0,22,110001001000101101111011110100,1,1,0,0.24,0.5744680762290955,1,1
3,1,0,23,110001001000101101111011110100,1,1,0,0.49,0.6515151262283325,4,2
3,1,0,24,110001001000101101111011110100,1,1,0,0.21,0.21739129722118378,1,1
3,1,0,25,110001001000101101111011110100,1,1,0,0.55,0.07692307978868484,3,2
3,1,0,27,110001001000101101111011110100,1,1,0,0.74,0.4680851101875305,4,3
3,1,1,1,010110100011000011000000110000,1,1,0,0.75,0.4166666567325592,4,3
3,1,1,3,010110100011000011000000110000,1,1,0,0.83,0.828125,4,2
3,1,1,4,010110100011000011000000110000,1,1,0,0.47,0.3777777850627899,1,1
3,1,1,6,010110100011000011000000110000,1,1,0,0.54,0.10526315867900848,1,1
3,1,1,10,010110100011000011000000110000,1,1,0,0.47,0.1875,1,1
3,1,1,11,010110100011000011000000110000,1,1,0,0.8,0.17391304671764374,4,3
3,1,1,16,010110100011000011000000110000,1,1,0,0.44,0.6027397513389587,1,1
3,1,1,17,010110100011000011000000110000,1,1,0,0.33,0.10000000149011612,4,2
3,1,1,24,010110100011000011000000110000,1,1,0,0.21,0.21739129722118378,1,1
3,1,1,25,010110100011000011000000110000,1,1,0,0.55,0.07692307978868484,3,2
3,1,2,0,100100110010100000100000010111,1,1,0,0.1,0.078125,4,2
3,1,2,3,100100110010100000100000010111,1,1,0,0.83,0.828125,4,2
3,1,2,6,100100110010100000100000010111,1,1,0,0.54,0.10526315867900848,1,1
3,1,2,7,100100110010100000100000010111,1,1,0,0.16,0.14814814925193787,1,1
3,1,2,10,100100110010100000100000010111,1,1,0,0.47,0.1875,1,1
3,1,2,12,100100110010100000100000010111,1,1,0,0.9,0.6140350699424744,4,2
3,1,2,18,100100110010100000100000010111,1,1,0,0.67,0.23076923191547394,3,2
3,1,2,25,100100110010100000100000010111,1,1,0,0.55,0.07692307978868484,3,2
3,1,2,27,100100110010100000100000010111,1,1,0,0.74,0.4680851101875305,4,3
3,1,2,28,100100110010100000100000010111,1,1,0,0.5,0.34328359365463257,1,1
3,1,2,29,100100110010100000100000010111,1,1,0,0.27,0.19327731430530548,1,1
3,1,3,0,110000000111101100011001110110,1,1,0,0.1,0.078125,4,2
3,1,3,1,110000000111101100011001110110,1,1,0,0.75,0.4166666567325592,4,3
3,1,3,9,110000000111101100011001110110,1,1,0,0.24,0.35576921701431274,1,1
3,1,3,10,110000000111101100011001110110,1,1,0,0.47,0.1875,1,1
3,1,3,11,110000000111101100011001110110,1,1,0,0.8,0.17391304671764374,4,3
3,1,3,12,110000000111101100011001110110,1,1,0,0.9,0.6140350699424744,4,2
3,1,3,14,110000000111101100011001110110,1,1,0,0.63,0.8061224222183228,4,2
3,1,3,15,110000000111101100011001110110,1,1,0,0.45,0.2800000011920929,4,2
3,1,3,19,110000000111101100011001110110,1,1,0,0.9,0.2222222238779068,1,1
3,1,3,20,110000000111101100011001110110,1,1,0,0.94,0.22727273404598236,1,1
3,1,3,23,110000000111101100011001110110,1,1,0,0.49,0.6515151262283325,4,2
3,1,3,24,110000000111101100011001110110,1,1,0,0.21,0.21739129722118378,1,1
3,1,3,25,110000000111101100011001110110,1,1,0,0.55,0.07692307978868484,3,2
3,1,3,27,110000000111101100011001110110,1,1,0,0.74,0.4680851101875305,4,3
3,1,3,28,110000000111101100011001110110,1,1,0,0.5,0.34328359365463257,1,1
3,1,4,0,101100100000101011111000010100,1,1,0,0.1,0.078125,4,2
3,1,4,2,101100100000101011111000010100,1,1,0,0.66,0.6153846383094788,1,1
3,1,4,3,101100100000101011111000010100,1,1,0,0.83,0.828125,4,2
3,1,4,6,101100100000101011111000010100,1,1,0,0.54,0.10526315867900848,1,1
3,1,4,12,101100100000101011111000010100,1,1,0,0.9,0.6140350699424744,4,2
3,1,4,14,101100100000101011111000010100,1,1,0,0.63,0.8061224222183228,4,2
3,1,4,16,101100100000101011111000010100,1,1,0,0.44,0.6027397513389587,1,1
3,1,4,17,101100100000101011111000010100,1,1,0,0.33,0.10000000149011612,4,2
3,1,4,18,101100100000101011111000010100,1,1,0,0.67,0.23076923191547394,3,2
3,1,4,19,101100100000101011111000010100,1,1,0,0.9,0.2222222238779068,1,1
3,1,4,20,101100100000101011111000010100,1,1,0,0.94,0.22727273404598236,1,1
3,1,4,25,101100100000101011111000010100,1,1,0,0.55,0.07692307978868484,3,2
3,1,4,27,101100100000101011111000010100,1,1,0,0.74,0.4680851101875305,4,3
3,1,5,0,111111101011110101010101000011,1,1,0,0.1,0.078125,4,2
3,1,5,1,111111101011110101010101000011,1,1,0,0.75,0.4166666567325592,4,3
3,1,5,2,111111101011110101010101000011,1,1,0,0.66,0.6153846383094788,1,1
3,1,5,3,111111101011110101010101000011,1,1,0,0.83,0.828125,4,2
3,1,5,4,111111101011110101010101000011,1,1,0,0.47,0.3777777850627899,1,1
3,1,5,5,111111101011110101010101000011,1,1,0,0.75,0.3965517282485962,4,3
3,1,5,6,111111101011110101010101000011,1,1,0,0.54,0.10526315867900848,1,1
3,1,5,8,111111101011110101010101000011,1,1,0,0.9,0.6320000290870667,4,2
3,1,5,10,111111101011110101010101000011,1,1,0,0.47,0.1875,1,1
3,1,5,11,111111101011110101010101000011,1,1,0,0.8,0.17391304671764374,4,3
3,1,5,12,111111101011110101010101000011,1,1,0,0.9,0.6140350699424744,4,2
3,1,5,13,111111101011110101010101000011,1,1,0,0.57,0.36000001430511475,2,2
3,1,5,15,111111101011110101010101000011,1,1,0,0.45,0.2800000011920929,4,2
3,1,5,17,111111101011110101010101000011,1,1,0,0.33,0.10000000149011612,4,2
3,1,5,19,111111101011110101010101000011,1,1,0,0.9,0.2222222238779068,1,1
3,1,5,21,111111101011110101010101000011,1,1,0,0.94,0.30882352590560913,1,1
3,1,5,23,111111101011110101010101000011,1,1,0,0.49,0.6515151262283325,4,2
3,1,5,28,111111101011110101010101000011,1,1,0,0.5,0.34328359365463257,1,1
3,1,5,29,111111101011110101010101000011,1,1,0,0.27,0.19327731430530548,1,1
3,1,6,0,100000011110110101010110010010,1,1,0,0.1,0.078125,4,2
3,1,6,7,100000011110110101010110010010,1,1,0,0.16,0.14814814925193787,1,1
3,1,6,8,100000011110110101010110010010,1,1,0,0.9,0.6320000290870667,4,2
3,1,6,9,100000011110110101010110010010,1,1,0,0.24,0.35576921701431274,1,1
3,1,6,10,100000011110110101010110010010,1,1,0,0.47,0.1875,1,1
3,1,6,12,100000011110110101010110010010,1,1,0,0.9,0.6140350699424744,4,2
3,1,6,13,100000011110110101010110010010,1,1,0,0.57,0.36000001430511475,2,2
3,1,6,15,100000011110110101010110010010,1,1,0,0.45,0.2800000011920929,4,2
3,1,6,17,100000011110110101010110010010,1,1,0,0.33,0.10000000149011612,4,2
3,1,6,19,100000011110110101010110010010,1,1,0,0.9,0.2222222238779068,1,1
3,1,6,21,100000011110110101010110010010,1,1,0,0.94,0.30882352590560913,1,1
3,1,6,22,100000011110110101010110010010,1,1,0,0.24,0.5744680762290955,1,1
3,1,6,25,100000011110110101010110010010,1,1,0,0.55,0.07692307978868484,3,2
3,1,6,28,100000011110110101010110010010,1,1,0,0.5,0.34328359365463257,1,1
3,1,7,1,011101010000000111110100000111,1,1,0,0.75,0.4166666567325592,4,3
3,1,7,2,011101010000000111110100000111,1,1,0,0.66,0.6153846383094788,1,1
3,1,7,3,011101010000000111110100000111,1,1,0,0.83,0.828125,4,2
3,1,7,5,011101010000000111110100000111,1,1,0,0.75,0.3965517282485962,4,3
3,1,7,7,011101010000000111110100000111,1,1,0,0.16,0.14814814925193787,1,1
3,1,7,15,011101010000000111110100000111,1,1,0,0.45,0.2800000011920929,4,2
3,1,7,16,011101010000000111110100000111,1,1,0,0.44,0.6027397513389587,1,1
3,1,7,17,011101010000000111110100000111,1,1,0,0.33,0.10000000149011612,4,2
3,1,7,18,011101010000000111110100000111,1,1,0,0.67,0.23076923191547394,3,2
3,1,7,19,011101010000000111110100000111,1,1,0,0.9,0.2222222238779068,1,1
3,1,7,21,011101010000000111110100000111,1,1,0,0.94,0.30882352590560913,1,1
3,1,7,27,011101010000000111110100000111,1,1,0,0.74,0.4680851101875305,4,3
3,1,7,28,011101010000000111110100000111,1,1,0,0.5,0.34328359365463257,1,1
3,1,7,29,011101010000000111110100000111,1,1,0,0.27,0.19327731430530548,1,1
3,1,8,0,100000100101010101101001111111,1,1,0,0.1,0.078125,4,2
3,1,8,6,100000100101010101101001111111,1,1,0,0.54,0.10526315867900848,1,1
3,1,8,9,100000100101010101101001111111,1,1,0,0.24,0.35576921701431274,1,1
3,1,8,11,100000100101010101101001111111,1,1,0,0.8,0.17391304671764374,4,3
3,1,8,13,100000100101010101101001111111,1,1,0,0.57,0.36000001430511475,2,2
3,1,8,15,100000100101010101101001111111,1,1,0,0.45,0.2800000011920929,4,2
3,1,8,17,100000100101010101101001111111,1,1,0,0.33,0.10000000149011612,4,2
3,1,8,18,100000100101010101101001111111,1,1,0,0.67,0.23076923191547394,3,2
3,1,8,20,100000100101010101101001111111,1,1,0,0.94,0.22727273404598236,1,1
3,1,8,23,100000100101010101101001111111,1,1,0,0.49,0.6515151262283325,4,2
3,1,8,24,100000100101010101101001111111,1,1,0,0.21,0.21739129722118378,1,1
3,1,8,25,100000100101010101101001111111,1,1,0,0.55,0.07692307978868484,3,2
3,1,8,26,100000100101010101101001111111,1,1,0,0.59,0.07692307978868484,1,1
3,1,8,27,100000100101010101101001111111,1,1,0,0.74,0.4680851101875305,4,3
3,1,8,28,100000100101010101101001111111,1,1,0,0.5,0.34328359365463257,1,1
3,1,8,29,100000100101010101101001111111,1,1,0,0.27,0.19327731430530548,1,1
3,1,9,2,001110001010011011111010010000,1,1,0,0.66,0.6153846383094788,1,1
3,1,9,3,001110001010011011111010010000,1,1,0,0.83,0.828125,4,2
3,1,9,4,001110001010011011111010010000,1,1,0,0.47,0.3777777850627899,1,1
3,1,9,8,001110001010011011111010010000,1,1,0,0.9,0.6320000290870667,4,2
3,1,9,10,001110001010011011111010010000,1,1,0,0.47,0.1875,1,1
3,1,9,13,001110001010011011111010010000,1,1,0,0.57,0.36000001430511475,2,2
3,1,9,14,001110001010011011111010010000,1,1,0,0.63,0.8061224222183228,4,2
3,1,9,16,001110001010011011111010010000,1,1,0,0.44,0.6027397513389587,1,1
3,1,9,17,001110001010011011111010010000,1,1,0,0.33,0.10000000149011612,4,2
3,1,9,18,001110001010011011111010010000,1,1,0,0.67,0.23076923191547394,3,2
3,1,9,19,001110001010011011111010010000,1,1,0,0.9,0.2222222238779068,1,1
3,1,9,20,001110001010011011111010010000,1,1,0,0.94,0.22727273404598236,1,1
3,1,9,22,001110001010011011111010010000,1,1,0,0.24,0.5744680762290955,1,1
3,1,9,25,001110001010011011111010010000,1,1,0,0.55,0.07692307978868484,3,2
3,1,10,0,100111100111011101101110010101,1,1,0,0.1,0.078125,4,2
3,1,10,3,100111100111011101101110010101,1,1,0,0.83,0.828125,4,2
3,1,10,4,100111100111011101101110010101,1,1,0,0.47,0.3777777850627899,1,1
3,1,10,5,100111100111011101101110010101,1,1,0,0.75,0.3965517282485962,4,3
3,1,10,6,100111100111011101101110010101,1,1,0,0.54,0.10526315867900848,1,1
3,1,10,9,100111100111011101101110010101,1,1,0,0.24,0.35576921701431274,1,1
3,1,10,10,100111100111011101101110010101,1,1,0,0.47,0.1875,1,1
3,1,10,11,100111100111011101101110010101,1,1,0,0.8,0.17391304671764374,4,3
3,1,10,13,100111100111011101101110010101,1,1,0,0.57,0.36000001430511475,2,2
3,1,10,14,100111100111011101101110010101,1,1,0,0.63,0.8061224222183228,4,2
3,1,10,15,100111100111011101101110010101,1,1,0,0.45,0.2800000011920929,4,2
3,1,10,17,100111100111011101101110010101,1,1,0,0.33,0.10000000149011612,4,2
3,1,10,18,100111100111011101101110010101,1,1,0,0.67,0.23076923191547394,3,2
3,1,10,20,100111100111011101101110010101,1,1,0,0.94,0.22727273404598236,1,1
3,1,10,21,100111100111011101101110010101,1,1,0,0.94,0.30882352590560913,1,1
3,1,10,22,100111100111011101101110010101,1,1,0,0.24,0.5744680762290955,1,1
3,1,10,25,100111100111011101101110010101,1,1,0,0.55,0.07692307978868484,3,2
3,1,10,27,100111100111011101101110010101,1,1,0,0.74,0.4680851101875305,4,3
3,1,10,29,100111100111011101101110010101,1,1,0,0.27,0.19327731430530548,1,1
3,1,11,0,100001010001010000010110100110,1,1,0,0.1,0.078125,4,2
3,1,11,5,100001010001010000010110100110,1,1,0,0.75,0.3965517282485962,4,3
3,1,11,7,100001010001010000010110100110,1,1,0,0.16,0.14814814925193787,1,1
3,1,11,11,100001010001010000010110100110,1,1,0,0.8,0.17391304671764374,4,3
3,1,11,13,100001010001010000010110100110,1,1,0,0.57,0.36000001430511475,2,2
3,1,11,19,100001010001010000010110100110,1,1,0,0.9,0.2222222238779068,1,1
3,1,11,21,100001010001010000010110100110,1,1,0,0.94,0.30882352590560913,1,1
3,1,11,22,100001010001010000010110100110,1,1,0,0.24,0.5744680762290955,1,1
3,1,11,24,100001010001010000010110100110,1,1,0,0.21,0.21739129722118378,1,1
3,1,11,27,100001010001010000010110100110,1,1,0,0.74,0.4680851101875305,4,3
3,1,11,28,100001010001010000010110100110,1,1,0,0.5,0.34328359365463257,1,1
3,1,12,0,111101110011010101011111010001,1,1,0,0.1,0.078125,4,2
3,1,12,1,111101110011010101011111010001,1,1,0,0.75,0.4166666567325592,4,3
3,1,12,2,111101110011010101011111010001,1,1,0,0.66,0.6153846383094788,1,1
3,1,12,3,111101110011010101011111010001,1,1,0,0.83,0.828125,4,2
3,1,12,5,111101110011010101011111010001,1,1,0,0.75,0.3965517282485962,4,3
3,1,12,6,111101110011010101011111010001,1,1,0,0.54,0.10526315867900848,1,1
3,1,12,7,111101110011010101011111010001,1,1,0,0.16,0.14814814925193787,1,1
3,1,12,10,111101110011010101011111010001,1,1,0,0.47,0.1875,1,1
3,1,12,11,111101110011010101011111010001,1,1,0,0.8,0.17391304671764374,4,3
3,1,12,13,111101110011010101011111010001,1,1,0,0.57,0.36000001430511475,2,2
3,1,12,15,111101110011010101011111010001,1,1,0,0.45,0.2800000011920929,4,2
3,1,12,17,111101110011010101011111010001,1,1,0,0.33,0.10000000149011612,4,2
3,1,12,19,111101110011010101011111010001,1,1,0,0.9,0.2222222238779068,1,1
3,1,12,20,111101110011010101011111010001,1,1,0,0.94,0.22727273404598236,1,1
3,1,12,21,111101110011010101011111010001,1,1,0,0.94,0.30882352590560913,1,1
3,1,12,22,111101110011010101011111010001,1,1,0,0.24,0.5744680762290955,1,1
3,1,12,23,111101110011010101011111010001,1,1,0,0.49,0.6515151262283325,4,2
3,1,12,25,111101110011010101011111010001,1,1,0,0.55,0.07692307978868484,3,2
3,1,12,29,111101110011010101011111010001,1,1,0,0.27,0.19327731430530548,1,1
3,2,0,0,110001001000101101111011110100,1,1,0,0.1,0.078125,4,2
3,2,0,1,110001001000101101111011110100,1,1,0,0.75,0.4166666567325592,4,3
3,2,0,5,110001001000101101111011110100,1,1,0,0.75,0.3965517282485962,4,3
3,2,0,8,110001001000101101111011110100,1,1,0,0.9,0.6320000290870667,4,2
3,2,0,12,110001001000101101111011110100,1,1,0,0.9,0.6140350699424744,4,2
3,2,0,14,110001001000101101111011110100,1,1,0,0.63,0.8061224222183228,4,2
3,2,0,15,110001001000101101111011110100,1,1,0,0.45,0.2800000011920929,4,2
3,2,0,17,110001001000101101111011110100,1,1,0,0.33,0.10000000149011612,4,2
3,2,0,18,110001001000101101111011110100,1,1,0,0.67,0.23076923191547394,3,2
3,2,0,19,110001001000101101111011110100,1,1,0,0.9,0.2222222238779068,1,1
3,2,0,20,110001001000101101111011110100,1,1,0,0.94,0.22727273404598236,1,1
3,2,0,22,110001001000101101111011110100,1,1,0,0.24,0.5744680762290955,1,1
3,2,0,23,110001001000101101111011110100,1,1,0,0.49,0.6515151262283325,4,2
3,2,0,24,110001001000101101111011110100,1,1,0,0.21,0.21739129722118378,1,1
3,2,0,25,110001001000101101111011110100,1,1,0,0.55,0.07692307978868484,3,2
3,2,0,27,110001001000101101111011110100,1,1,0,0.74,0.4680851101875305,4,3
3,2,1,0,111111101011110101010101000011,1,1,0,0.1,0.078125,4,2
3,2,1,1,111111101011110101010101000011,1,1,0,0.75,0.4166666567325592,4,3
3,2,1,2,111111101011110101010101000011,1,1,0,0.66,0.6153846383094788,1,1
3,2,1,3,111111101011110101010101000011,1,1,0,0.83,0.828125,4,2
3,2,1,4,111111101011110101010101000011,1,1,0,0.47,0.3777777850627899,1,1
3,2,1,5,111111101011110101010101000011,1,1,0,0.75,0.3965517282485962,4,3
3,2,1,6,111111101011110101010101000011,1,1,0,0.54,0.10526315867900848,1,1
3,2,1,8,111111101011110101010101000011,1,1,0,0.9,0.6320000290870667,4,2
3,2,1,10,111111101011110101010101000011,1,1,0,0.47,0.1875,1,1
3,2,1,11,111111101011110101010101000011,1,1,0,0.8,0.17391304671764374,4,3
3,2,1,12,111111101011110101010101000011,1,1,0,0.9,0.6140350699424744,4,2
3,2,1,13,111111101011110101010101000011,1,1,0,0.57,0.36000001430511475,2,2
3,2,1,15,111111101011110101010101000011,1,1,0,0.45,0.2800000011920929,4,2
3,2,1,17,111111101011110101010101000011,1,1,0,0.33,0.10000000149011612,4,2
3,2,1,19,111111101011110101010101000011,1,1,0,0.9,0.2222222238779068,1,1
3,2,1,21,111111101011110101010101000011,1,1,0,0.94,0.30882352590560913,1,1
3,2,1,23,111111101011110101010101000011,1,1,0,0.49,0.6515151262283325,4,2
3,2,1,28,111111101011110101010101000011,1,1,0,0.5,0.34328359365463257,1,1
3,2,1,29,111111101011110101010101000011,1,1,0,0.27,0.19327731430530548,1,1
3,2,2,1,011101010000000111110100000111,1,1,0,0.75,0.4166666567325592,4,3
3,2,2,2,011101010000000111110100000111,1,1,0,0.66,0.6153846383094788,1,1
3,2,2,3,011101010000000111110100000111,1,1,0,0.83,0.828125,4,2
3,2,2,5,011101010000000111110100000111,1,1,0,0.75,0.3965517282485962,4,3
3,2,2,7,011101010000000111110100000111,1,1,0,0.16,0.14814814925193787,1,1
3,2,2,15,011101010000000111110100000111,1,1,0,0.45,0.2800000011920929,4,2
3,2,2,16,011101010000000111110100000111,1,1,0,0.44,0.6027397513389587,1,1
3,2,2,17,011101010000000111110100000111,1,1,0,0.33,0.10000000149011612,4,2
3,2,2,18,011101010000000111110100000111,1,1,0,0.67,0.23076923191547394,3,2
3,2,2,19,011101010000000111110100000111,1,1,0,0.9,0.2222222238779068,1,1
3,2,2,21,011101010000000111110100000111,1,1,0,0.94,0.30882352590560913,1,1
3,2,2,27,011101010000000111110100000111,1,1,0,0.74,0.4680851101875305,4,3
3,2,2,28,011101010000000111110100000111,1,1,0,0.5,0.34328359365463257,1,1
3,2,2,29,011101010000000111110100000111,1,1,0,0.27,0.19327731430530548,1,1
3,2,3,0,100000100101010101101001111111,1,1,0,0.1,0.078125,4,2
3,2,3,6,100000100101010101101001111111,1,1,0,0.54,0.10526315867900848,1,1
3,2,3,9,100000100101010101101001111111,1,1,0,0.24,0.35576921701431274,1,1
3,2,3,11,100000100101010101101001111111,1,1,0,0.8,0.17391304671764374,4,3
3,2,3,13,100000100101010101101001111111,1,1,0,0.57,0.36000001430511475,2,2
3,2,3,15,100000100101010101101001111111,1,1,0,0.45,0.2800000011920929,4,2
3,2,3,17,100000100101010101101001111111,1,1,0,0.33,0.10000000149011612,4,2
3,2,3,18,100000100101010101101001111111,1,1,0,0.67,0.23076923191547394,3,2
3,2,3,20,100000100101010101101001111111,1,1,0,0.94,0.22727273404598236,1,1
3,2,3,23,100000100101010101101001111111,1,1,0,0.49,0.6515151262283325,4,2
3,2,3,24,100000100101010101101001111111,1,1,0,0.21,0.21739129722118378,1,1
3,2,3,25,100000100101010101101001111111,1,1,0,0.55,0.07692307978868484,3,2
3,2,3,26,100000100101010101101001111111,1,1,0,0.59,0.07692307978868484,1,1
3,2,3,27,100000100101010101101001111111,1,1,0,0.74,0.4680851101875305,4,3
3,2,3,28,100000100101010101101001111111,1,1,0,0.5,0.34328359365463257,1,1
3,2,3,29,100000100101010101101001111111,1,1,0,0.27,0.19327731430530548,1,1
3,2,4,0,110000001011101010011001110110,1,1,0,0.1,0.078125,4,2
3,2,4,1,110000001011101010011001110110,1,1,0,0.75,0.4166666567325592,4,3
3,2,4,8,110000001011101010011001110110,1,1,0,0.9,0.6320000290870667,4,2
3,2,4,10,110000001011101010011001110110,1,1,0,0.47,0.1875,1,1
3,2,4,11,110000001011101010011001110110,1,1,0,0.8,0.17391304671764374,4,3
3,2,4,12,110000001011101010011001110110,1,1,0,0.9,0.6140350699424744,4,2
3,2,4,14,110000001011101010011001110110,1,1,0,0.63,0.8061224222183228,4,2
3,2,4,16,110000001011101010011001110110,1,1,0,0.44,0.6027397513389587,1,1
3,2,4,19,110000001011101010011001110110,1,1,0,0.9,0.2222222238779068,1,1
3,2,4,20,110000001011101010011001110110,1,1,0,0.94,0.22727273404598236,1,1
3,2,4,23,110000001011101010011001110110,1,1,0,0.49,0.6515151262283325,4,2
3,2,4,24,110000001011101010011001110110,1,1,0,0.21,0.21739129722118378,1,1
3,2,4,25,110000001011101010011001110110,1,1,0,0.55,0.07692307978868484,3,2
3,2,4,27,110000001011101010011001110110,1,1,0,0.74,0.4680851101875305,4,3
3,2,4,28,110000001011101010011001110110,1,1,0,0.5,0.34328359365463257,1,1
3,2,5,0,100000100111010010101001111111,1,1,0,0.1,0.078125,4,2
3,2,5,6,100000100111010010101001111111,1,1,0,0.54,0.10526315867900848,1,1
3,2,5,9,100000100111010010101001111111,1,1,0,0.24,0.35576921701431274,1,1
3,2,5,10,100000100111010010101001111111,1,1,0,0.47,0.1875,1,1
3,2,5,11,100000100111010010101001111111,1,1,0,0.8,0.17391304671764374,4,3
3,2,5,13,100000100111010010101001111111,1,1,0,0.57,0.36000001430511475,2,2
3,2,5,16,100000100111010010101001111111,1,1,0,0.44,0.6027397513389587,1,1
3,2,5,18,100000100111010010101001111111,1,1,0,0.67,0.23076923191547394,3,2
3,2,5,20,100000100111010010101001111111,1,1,0,0.94,0.22727273404598236,1,1
3,2,5,23,100000100111010010101001111111,1,1,0,0.49,0.6515151262283325,4,2
3,2,5,24,100000100111010010101001111111,1,1,0,0.21,0.21739129722118378,1,1
3,2,5,25,100000100111010010101001111111,1,1,0,0.55,0.07692307978868484,3,2
3,2,5,26,100000100111010010101001111111,1,1,0,0.59,0.07692307978868484,1,1
3,2,5,27,100000100111010010101001111111,1,1,0,0.74,0.4680851101875305,4,3
3,2,5,28,100000100111010010101001111111,1,1,0,0.5,0.34328359365463257,1,1
3,2,5,29,100000100111010010101001111111,1,1,0,0.27,0.19327731430530548,1,1
3,2,6,1,011001000001010000010101000111,1,1,0,0.75,0.4166666567325592,4,3
3,2,6,2,011001000001010000010101000111,1,1,0,0.66,0.6153846383094788,1,1
3,2,6,5,011001000001010000010101000111,1,1,0,0.75,0.3965517282485962,4,3
3,2,6,11,011001000001010000010101000111,1,1,0,0.8,0.17391304671764374,4,3
3,2,6,13,011001000001010000010101000111,1,1,0,0.57,0.36000001430511475,2,2
3,2,6,19,011001000001010000010101000111,1,1,0,0.9,0.2222222238779068,1,1
3,2,6,21,011001000001010000010101000111,1,1,0,0.94,0.30882352590560913,1,1
3,2,6,23,011001000001010000010101000111,1,1,0,0.49,0.6515151262283325,4,2
3,2,6,27,011001000001010000010101000111,1,1,0,0.74,0.4680851101875305,4,3
3,2,6,28,011001000001010000010101000111,1,1,0,0.5,0.34328359365463257,1,1
3,2,6,29,011001000001010000010101000111,1,1,0,0.27,0.19327731430530548,1,1
3,2,7,2,001110001010011000011110010010,1,1,0,0.66,0.6153846383094788,1,1
3,2,7,3,001110001010011000011110010010,1,1,0,0.83,0.828125,4,2
3,2,7,4,001110001010011000011110010010,1,1,0,0.47,0.3777777850627899,1,1
3,2,7,8,001110001010011000011110010010,1,1,0,0.9,0.6320000290870667,4,2
3,2,7,10,001110001010011000011110010010,1,1,0,0.47,0.1875,1,1
3,2,7,13,001110001010011000011110010010,1,1,0,0.57,0.36000001430511475,2,2
3,2,7,14,001110001010011000011110010010,1,1,0,0.63,0.8061224222183228,4,2
3,2,7,19,001110001010011000011110010010,1,1,0,0.9,0.2222222238779068,1,1
3,2,7,20,001110001010011000011110010010,1,1,0,0.94,0.22727273404598236,1,1
3,2,7,21,001110001010011000011110010010,1,1,0,0.94,0.30882352590560913,1,1
3,2,7,22,001110001010011000011110010010,1,1,0,0.24,0.5744680762290955,1,1
3,2,7,25,001110001010011000011110010010,1,1,0,0.55,0.07692307978868484,3,2
3,2,7,28,001110001010011000011110010010,1,1,0,0.5,0.34328359365463257,1,1
3,2,8,0,111111101011101000001001000011,1,1,0,0.1,0.078125,4,2
3,2,8,1,111111101011101000001001000011,1,1,0,0.75,0.4166666567325592,4,3
3,2,8,2,111111101011101000001001000011,1,1,0,0.66,0.6153846383094788,1,1
3,2,8,3,111111101011101000001001000011,1,1,0,0.83,0.828125,4,2
3,2,8,4,111111101011101000001001000011,1,1,0,0.47,0.3777777850627899,1,1
3,2,8,5,111111101011101000001001000011,1,1,0,0.75,0.3965517282485962,4,3
3,2,8,6,111111101011101000001001000011,1,1,0,0.54,0.10526315867900848,1,1
3,2,8,8,111111101011101000001001000011,1,1,0,0.9,0.6320000290870667,4,2
3,2,8,10,111111101011101000001001000011,1,1,0,0.47,0.1875,1,1
3,2,8,11,111111101011101000001001000011,1,1,0,0.8,0.17391304671764374,4,3
3,2,8,12,111111101011101000001001000011,1,1,0,0.9,0.6140350699424744,4,2
3,2,8,14,111111101011101000001001000011,1,1,0,0.63,0.8061224222183228,4,2
3,2,8,20,111111101011101000001001000011,1,1,0,0.94,0.22727273404598236,1,1
3,2,8,23,111111101011101000001001000011,1,1,0,0.49,0.6515151262283325,4,2
3,2,8,28,111111101011101000001001000011,1,1,0,0.5,0.34328359365463257,1,1
3,2,8,29,111111101011101000001001000011,1,1,0,0.27,0.19327731430530548,1,1
3,2,9,0,111100000111101101011111011001,1,1,0,0.1,0.078125,4,2
3,2,9,1,111100000111101101011111011001,1,1,0,0.75,0.4166666567325592,4,3
3,2,9,2,111100000111101101011111011001,1,1,0,0.66,0.6153846383094788,1,1
3,2,9,3,111100000111101101011111011001,1,1,0,0.83,0.828125,4,2
3,2,9,9,111100000111101101011111011001,1,1,0,0.24,0.35576921701431274,1,1
3,2,9,10,111100000111101101011111011001,1,1,0,0.47,0.1875,1,1
3,2,9,11,111100000111101101011111011001,1,1,0,0.8,0.17391304671764374,4,3
3,2,9,12,111100000111101101011111011001,1,1,0,0.9,0.6140350699424744,4,2
3,2,9,14,111100000111101101011111011001,1,1,0,0.63,0.8061224222183228,4,2
3,2,9,15,111100000111101101011111011001,1,1,0,0.45,0.2800000011920929,4,2
3,2,9,17,111100000111101101011111011001,1,1,0,0.33,0.10000000149011612,4,2
3,2,9,19,111100000111101101011111011001,1,1,0,0.9,0.2222222238779068,1,1
3,2,9,20,111100000111101101011111011001,1,1,0,0.94,0.22727273404598236,1,1
3,2,9,21,111100000111101101011111011001,1,1,0,0.94,0.30882352590560913,1,1
3,2,9,22,111100000111101101011111011001,1,1,0,0.24,0.5744680762290955,1,1
3,2,9,23,111100000111101101011111011001,1,1,0,0.49,0.6515151262283325,4,2
3,2,9,25,111100000111101101011111011001,1,1,0,0.55,0.07692307978868484,3,2
3,2,9,26,111100000111101101011111011001,1,1,0,0.59,0.07692307978868484,1,1
3,2,9,29,111100000111101101011111011001,1,1,0,0.27,0.19327731430530548,1,1
3,2,10,0,110001001000011111000011110100,1,1,0,0.1,0.078125,4,2
3,2,10,1,110001001000011111000011110100,1,1,0,0.75,0.4166666567325592,4,3
3,2,10,5,110001001000011111000011110100,1,1,0,0.75,0.3965517282485962,4,3
3,2,10,8,110001001000011111000011110100,1,1,0,0.9,0.6320000290870667,4,2
3,2,10,13,110001001000011111000011110100,1,1,0,0.57,0.36000001430511475,2,2
3,2,10,14,110001001000011111000011110100,1,1,0,0.63,0.8061224222183228,4,2
3,2,10,15,110001001000011111000011110100,1,1,0,0.45,0.2800000011920929,4,2
3,2,10,16,110001001000011111000011110100,1,1,0,0.44,0.6027397513389587,1,1
3,2,10,17,110001001000011111000011110100,1,1,0,0.33,0.10000000149011612,4,2
3,2,10,22,110001001000011111000011110100,1,1,0,0.24,0.5744680762290955,1,1
3,2,10,23,110001001000011111000011110100,1,1,0,0.49,0.6515151262283325,4,2
3,2,10,24,110001001000011111000011110100,1,1,0,0.21,0.21739129722118378,1,1
3,2,10,25,110001001000011111000011110100,1,1,0,0.55,0.07692307978868484,3,2
3,2,10,27,110001001000011111000011110100,1,1,0,0.74,0.4680851101875305,4,3
3,2,11,0,101001001011101101100100101001,1,1,0,0.1,0.078125,4,2
3,2,11,2,101001001011101101100100101001,1,1,0,0.66,0.6153846383094788,1,1
3,2,11,5,101001001011101101100100101001,1,1,0,0.75,0.3965517282485962,4,3
3,2,11,8,101001001011101101100100101001,1,1,0,0.9,0.6320000290870667,4,2
3,2,11,10,101001001011101101100100101001,1,1,0,0.47,0.1875,1,1
3,2,11,11,101001001011101101100100101001,1,1,0,0.8,0.17391304671764374,4,3
3,2,11,12,101001001011101101100100101001,1,1,0,0.9,0.6140350699424744,4,2
3,2,11,14,101001001011101101100100101001,1,1,0,0.63,0.8061224222183228,4,2
3,2,11,15,101001001011101101100100101001,1,1,0,0.45,0.2800000011920929,4,2
3,2,11,17,101001001011101101100100101001,1,1,0,0.33,0.10000000149011612,4,2
3,2,11,18,101001001011101101100100101001,1,1,0,0.67,0.23076923191547394,3,2
3,2,11,21,101001001011101101100100101001,1,1,0,0.94,0.30882352590560913,1,1
3,2,11,24,101001001011101101100100101001,1,1,0,0.21,0.21739129722118378,1,1
3,2,11,26,101001001011101101100100101001,1,1,0,0.59,0.07692307978868484,1,1
3,2,11,29,101001001011101101100100101001,1,1,0,0.27,0.19327731430530548,1,1
3,2,12,0,111101110011011101011101010001,1,1,0,0.1,0.078125,4,2
3,2,12,1,111101110011011101011101010001,1,1,0,0.75,0.4166666567325592,4,3
3,2,12,2,111101110011011101011101010001,1,1,0,0.66,0.6153846383094788,1,1
3,2,12,3,111101110011011101011101010001,1,1,0,0.83,0.828125,4,2
3,2,12,5,111101110011011101011101010001,1,1,0,0.75,0.3965517282485962,4,3
3,2,12,6,111101110011011101011101010001,1,1,0,0.54,0.10526315867900848,1,1
3,2,12,7,111101110011011101011101010001,1,1,0,0.16,0.14814814925193787,1,1
3,2,12,10,111101110011011101011101010001,1,1,0,0.47,0.1875,1,1
3,2,12,11,111101110011011101011101010001,1,1,0,0.8,0.17391304671764374,4,3
3,2,12,13,111101110011011101011101010001,1,1,0,0.57,0.36000001430511475,2,2
3,2,12,14,111101110011011101011101010001,1,1,0,0.63,0.8061224222183228,4,2
3,2,12,15,111101110011011101011101010001,1,1,0,0.45,0.2800000011920929,4,2
3,2,12,17,111101110011011101011101010001,1,1,0,0.33,0.10000000149011612,4,2
3,2,12,19,111101110011011101011101010001,1,1,0,0.9,0.2222222238779068,1,1
3,2,12,20,111101110011011101011101010001,1,1,0,0.94,0.22727273404598236,1,1
3,2,12,21,111101110011011101011101010001,1,1,0,0.94,0.30882352590560913,1,1
3,2,12,23,111101110011011101011101010001,1,1,0,0.49,0.6515151262283325,4,2
3,2,12,25,111101110011011101011101010001,1,1,0,0.55,0.07692307978868484,3,2
3,2,12,29,111101110011011101011101010001,1,1,0,0.27,0.19327731430530548,1,1
3,2,13,0,110110000001101101000001101001,1,1,0,0.1,0.078125,4,2
3,2,13,1,110110000001101101000001101001,1,1,0,0.75,0.4166666567325592,4,3
3,2,13,3,110110000001101101000001101001,1,1,0,0.83,0.828125,4,2
3,2,13,4,110110000001101101000001101001,1,1,0,0.47,0.3777777850627899,1,1
3,2,13,11,110110000001101101000001101001,1,1,0,0.8,0.17391304671764374,4,3
3,2,13,12,110110000001101101000001101001,1,1,0,0.9,0.6140350699424744,4,2
3,2,13,14,110110000001101101000001101001,1,1,0,0.63,0.8061224222183228,4,2
3,2,13,15,110110000001101101000001101001,1,1,0,0.45,0.2800000011920929,4,2
3,2,13,17,110110000001101101000001101001,1,1,0,0.33,0.10000000149011612,4,2
3,2,13,23,110110000001101101000001101001,1,1,0,0.49,0.6515151262283325,4,2
3,2,13,24,110110000001101101000001101001,1,1,0,0.21,0.21739129722118378,1,1
3,2,13,26,110110000001101101000001101001,1,1,0,0.59,0.07692307978868484,1,1
3,2,13,29,110110000001101101000001101001,1,1,0,0.27,0.19327731430530548,1,1
3,2,14,0,100111100111011100011101001001,1,1,0,0.1,0.078125,4,2
3,2,14,3,100111100111011100011101001001,1,1,0,0.83,0.828125,4,2
3,2,14,4,100111100111011100011101001001,1,1,0,0.47,0.3777777850627899,1,1
3,2,14,5,100111100111011100011101001001,1,1,0,0.75,0.3965517282485962,4,3
3,2,14,6,100111100111011100011101001001,1,1,0,0.54,0.10526315867900848,1,1
3,2,14,9,100111100111011100011101001001,1,1,0,0.24,0.35576921701431274,1,1
3,2,14,10,100111100111011100011101001001,1,1,0,0.47,0.1875,1,1
3,2,14,11,100111100111011100011101001001,1,1,0,0.8,0.17391304671764374,4,3
3,2,14,13,100111100111011100011101001001,1,1,0,0.57,0.36000001430511475,2,2
3,2,14,14,100111100111011100011101001001,1,1,0,0.63,0.8061224222183228,4,2
3,2,14,15,100111100111011100011101001001,1,1,0,0.45,0.2800000011920929,4,2
3,2,14,19,100111100111011100011101001001,1,1,0,0.9,0.2222222238779068,1,1
3,2,14,20,100111100111011100011101001001,1,1,0,0.94,0.22727273404598236,1,1
3,2,14,21,100111100111011100011101001001,1,1,0,0.94,0.30882352590560913,1,1
3,2,14,23,100111100111011100011101001001,1,1,0,0.49,0.6515151262283325,4,2
3,2,14,26,100111100111011100011101001001,1,1,0,0.59,0.07692307978868484,1,1
3,2,14,29,100111100111011100011101001001,1,1,0,0.27,0.19327731430530548,1,1
3,2,15,0,110001111011010100011001110110,1,1,0,0.1,0.078125,4,2
3,2,15,1,110001111011010100011001110110,1,1,0,0.75,0.4166666567325592,4,3
3,2,15,5,110001111011010100011001110110,1,1,0,0.75,0.3965517282485962,4,3
3,2,15,6,110001111011010100011001110110,1,1,0,0.54,0.10526315867900848,1,1
3,2,15,7,110001111011010100011001110110,1,1,0,0.16,0.14814814925193787,1,1
3,2,15,8,110001111011010100011001110110,1,1,0,0.9,0.6320000290870667,4,2
3,2,15,10,110001111011010100011001110110,1,1,0,0.47,0.1875,1,1
3,2,15,11,110001111011010100011001110110,1,1,0,0.8,0.17391304671764374,4,3
3,2,15,13,110001111011010100011001110110,1,1,0,0.57,0.36000001430511475,2,2
3,2,15,15,110001111011010100011001110110,1,1,0,0.45,0.2800000011920929,4,2
3,2,15,19,110001111011010100011001110110,1,1,0,0.9,0.2222222238779068,1,1
3,2,15,20,110001111011010100011001110110,1,1,0,0.94,0.22727273404598236,1,1
3,2,15,23,110001111011010100011001110110,1,1,0,0.49,0.6515151262283325,4,2
3,2,15,24,110001111011010100011001110110,1,1,0,0.21,0.21739129722118378,1,1
3,2,15,25,110001111011010100011001110110,1,1,0,0.55,0.07692307978868484,3,2
3,2,15,27,110001111011010100011001110110,1,1,0,0.74,0.4680851101875305,4,3
3,2,15,28,110001111011010100011001110110,1,1,0,0.5,0.34328359365463257,1,1
3,2,16,0,110101110001101101111011001111,1,1,0,0.1,0.078125,4,2
3,2,16,1,110101110001101101111011001111,1,1,0,0.75,0.4166666567325592,4,3
3,2,16,3,110101110001101101111011001111,1,1,0,0.83,0.828125,4,2
3,2,16,5,110101110001101101111011001111,1,1,0,0.75,0.3965517282485962,4,3
3,2,16,6,110101110001101101111011001111,1,1,0,0.54,0.10526315867900848,1,1
3,2,16,7,110101110001101101111011001111,1,1,0,0.16,0.14814814925193787,1,1
3,2,16,11,110101110001101101111011001111,1,1,0,0.8,0.17391304671764374,4,3
3,2,16,12,110101110001101101111011001111,1,1,0,0.9,0.6140350699424744,4,2
3,2,16,14,110101110001101101111011001111,1,1,0,0.63,0.8061224222183228,4,2
3,2,16,15,110101110001101101111011001111,1,1,0,0.45,0.2800000011920929,4,2
3,2,16,17,110101110001101101111011001111,1,1,0,0.33,0.10000000149011612,4,2
3,2,16,18,110101110001101101111011001111,1,1,0,0.67,0.23076923191547394,3,2
3,2,16,19,110101110001101101111011001111,1,1,0,0.9,0.2222222238779068,1,1
3,2,16,20,110101110001101101111011001111,1,1,0,0.94,0.22727273404598236,1,1
3,2,16,22,110101110001101101111011001111,1,1,0,0.24,0.5744680762290955,1,1
3,2,16,23,110101110001101101111011001111,1,1,0,0.49,0.6515151262283325,4,2
3,2,16,26,110101110001101101111011001111,1,1,0,0.59,0.07692307978868484,1,1
3,2,16,27,110101110001101101111011001111,1,1,0,0.74,0.4680851101875305,4,3
3,2,16,28,110101110001101101111011001111,1,1,0,0.5,0.34328359365463257,1,1
3,2,16,29,110101110001101101111011001111,1,1,0,0.27,0.19327731430530548,1,1
3,3,0,0,110001001000101101111011110100,1,1,0,0.1,0.078125,4,2
3,3,0,1,110001001000101101111011110100,1,1,0,0.75,0.4166666567325592,4,3
3,3,0,5,110001001000101101111011110100,1,1,0,0.75,0.3965517282485962,4,3
3,3,0,8,110001001000101101111011110100,1,1,0,0.9,0.6320000290870667,4,2
3,3,0,12,110001001000101101111011110100,1,1,0,0.9,0.6140350699424744,4,2
3,3,0,14,110001001000101101111011110100,1,1,0,0.63,0.8061224222183228,4,2
3,3,0,15,110001001000101101111011110100,1,1,0,0.45,0.2800000011920929,4,2
3,3,0,17,110001001000101101111011110100,1,1,0,0.33,0.10000000149011612,4,2
3,3,0,18,110001001000101101111011110100,1,1,0,0.67,0.23076923191547394,3,2
3,3,0,19,110001001000101101111011110100,1,1,0,0.9,0.2222222238779068,1,1
3,3,0,20,110001001000101101111011110100,1,1,0,0.94,0.22727273404598236,1,1
3,3,0,22,110001001000101101111011110100,1,1,0,0.24,0.5744680762290955,1,1
3,3,0,23,110001001000101101111011110100,1,1,0,0.49,0.6515151262283325,4,2
3,3,0,24,110001001000101101111011110100,1,1,0,0.21,0.21739129722118378,1,1
3,3,0,25,110001001000101101111011110100,1,1,0,0.55,0.07692307978868484,3,2
3,3,0,27,110001001000101101111011110100,1,1,0,0.74,0.4680851101875305,4,3
3,3,1,0,111111101011110101010101000011,1,1,0,0.1,0.078125,4,2
3,3,1,1,111111101011110101010101000011,1,1,0,0.75,0.4166666567325592,4,3
3,3,1,2,111111101011110101010101000011,1,1,0,0.66,0.6153846383094788,1,1
3,3,1,3,111111101011110101010101000011,1,1,0,0.83,0.828125,4,2
3,3,1,4,111111101011110101010101000011,1,1,0,0.47,0.3777777850627899,1,1
3,3,1,5,111111101011110101010101000011,1,1,0,0.75,0.3965517282485962,4,3
3,3,1,6,111111101011110101010101000011,1,1,0,0.54,0.10526315867900848,1,1
3,3,1,8,111111101011110101010101000011,1,1,0,0.9,0.6320000290870667,4,2
3,3,1,10,111111101011110101010101000011,1,1,0,0.47,0.1875,1,1
3,3,1,11,111111101011110101010101000011,1,1,0,0.8,0.17391304671764374,4,3
3,3,1,12,111111101011110101010101000011,1,1,0,0.9,0.6140350699424744,4,2
3,3,1,13,111111101011110101010101000011,1,1,0,0.57,0.36000001430511475,2,2
3,3,1,15,111111101011110101010101000011,1,1,0,0.45,0.2800000011920929,4,2
3,3,1,17,111111101011110101010101000011,1,1,0,0.33,0.10000000149011612,4,2
3,3,1,19,111111101011110101010101000011,1,1,0,0.9,0.2222222238779068,1,1
3,3,1,21,111111101011110101010101000011,1,1,0,0.94,0.30882352590560913,1,1
3,3,1,23,111111101011110101010101000011,1,1,0,0.49,0.6515151262283325,4,2
3,3,1,28,111111101011110101010101000011,1,1,0,0.5,0.34328359365463257,1,1
3,3,1,29,111111101011110101010101000011,1,1,0,0.27,0.19327731430530548,1,1
3,3,2,1,011101010000000111110100000111,1,1,0,0.75,0.4166666567325592,4,3
3,3,2,2,011101010000000111110100000111,1,1,0,0.66,0.6153846383094788,1,1
3,3,2,3,011101010000000111110100000111,1,1,0,0.83,0.828125,4,2
3,3,2,5,011101010000000111110100000111,1,1,0,0.75,0.3965517282485962,4,3
3,3,2,7,011101010000000111110100000111,1,1,0,0.16,0.14814814925193787,1,1
3,3,2,15,011101010000000111110100000111,1,1,0,0.45,0.2800000011920929,4,2
3,3,2,16,011101010000000111110100000111,1,1,0,0.44,0.6027397513389587,1,1
3,3,2,17,011101010000000111110100000111,1,1,0,0.33,0.10000000149011612,4,2
3,3,2,18,011101010000000111110100000111,1,1,0,0.67,0.23076923191547394,3,2
3,3,2,19,011101010000000111110100000111,1,1,0,0.9,0.2222222238779068,1,1
3,3,2,21,011101010000000111110100000111,1,1,0,0.94,0.30882352590560913,1,1
3,3,2,27,011101010000000111110100000111,1,1,0,0.74,0.4680851101875305,4,3
3,3,2,28,011101010000000111110100000111,1,1,0,0.5,0.34328359365463257,1,1
3,3,2,29,011101010000000111110100000111,1,1,0,0.27,0.19327731430530548,1,1
3,3,3,0,100000100101010101101001111111,1,1,0,0.1,0.078125,4,2
3,3,3,6,100000100101010101101001111111,1,1,0,0.54,0.10526315867900848,1,1
3,3,3,9,100000100101010101101001111111,1,1,0,0.24,0.35576921701431274,1,1
3,3,3,11,100000100101010101101001111111,1,1,0,0.8,0.17391304671764374,4,3
3,3,3,13,100000100101010101101001111111,1,1,0,0.57,0.36000001430511475,2,2
3,3,3,15,100000100101010101101001111111,1,1,0,0.45,0.2800000011920929,4,2
3,3,3,17,100000100101010101101001111111,1,1,0,0.33,0.10000000149011612,4,2
3,3,3,18,100000100101010101101001111111,1,1,0,0.67,0.23076923191547394,3,2
3,3,3,20,100000100101010101101001111111,1,1,0,0.94,0.22727273404598236,1,1
3,3,3,23,100000100101010101101001111111,1,1,0,0.49,0.6515151262283325,4,2
3,3,3,24,100000100101010101101001111111,1,1,0,0.21,0.21739129722118378,1,1
3,3,3,25,100000100101010101101001111111,1,1,0,0.55,0.07692307978868484,3,2
3,3,3,26,100000100101010101101001111111,1,1,0,0.59,0.07692307978868484,1,1
3,3,3,27,100000100101010101101001111111,1,1,0,0.74,0.4680851101875305,4,3
3,3,3,28,100000100101010101101001111111,1,1,0,0.5,0.34328359365463257,1,1
3,3,3,29,100000100101010101101001111111,1,1,0,0.27,0.19327731430530548,1,1
3,3,4,0,110000001011101010011001110110,1,1,0,0.1,0.078125,4,2
3,3,4,1,110000001011101010011001110110,1,1,0,0.75,0.4166666567325592,4,3
3,3,4,8,110000001011101010011001110110,1,1,0,0.9,0.6320000290870667,4,2
3,3,4,10,110000001011101010011001110110,1,1,0,0.47,0.1875,1,1
3,3,4,11,110000001011101010011001110110,1,1,0,0.8,0.17391304671764374,4,3
3,3,4,12,110000001011101010011001110110,1,1,0,0.9,0.6140350699424744,4,2
3,3,4,14,110000001011101010011001110110,1,1,0,0.63,0.8061224222183228,4,2
3,3,4,16,110000001011101010011001110110,1,1,0,0.44,0.6027397513389587,1,1
3,3,4,19,110000001011101010011001110110,1,1,0,0.9,0.2222222238779068,1,1
3,3,4,20,110000001011101010011001110110,1,1,0,0.94,0.22727273404598236,1,1
3,3,4,23,110000001011101010011001110110,1,1,0,0.49,0.6515151262283325,4,2
3,3,4,24,110000001011101010011001110110,1,1,0,0.21,0.21739129722118378,1,1
3,3,4,25,110000001011101010011001110110,1,1,0,0.55,0.07692307978868484,3,2
3,3,4,27,110000001011101010011001110110,1,1,0,0.74,0.4680851101875305,4,3
3,3,4,28,110000001011101010011001110110,1,1,0,0.5,0.34328359365463257,1,1
3,3,5,0,100000100111010010101001111111,1,1,0,0.1,0.078125,4,2
3,3,5,6,100000100111010010101001111111,1,1,0,0.54,0.10526315867900848,1,1
3,3,5,9,100000100111010010101001111111,1,1,0,0.24,0.35576921701431274,1,1
3,3,5,10,100000100111010010101001111111,1,1,0,0.47,0.1875,1,1
3,3,5,11,100000100111010010101001111111,1,1,0,0.8,0.17391304671764374,4,3
3,3,5,13,100000100111010010101001111111,1,1,0,0.57,0.36000001430511475,2,2
3,3,5,16,100000100111010010101001111111,1,1,0,0.44,0.6027397513389587,1,1
3,3,5,18,100000100111010010101001111111,1,1,0,0.67,0.23076923191547394,3,2
3,3,5,20,100000100111010010101001111111,1,1,0,0.94,0.22727273404598236,1,1
3,3,5,23,100000100111010010101001111111,1,1,0,0.49,0.6515151262283325,4,2
3,3,5,24,100000100111010010101001111111,1,1,0,0.21,0.21739129722118378,1,1
3,3,5,25,100000100111010010101001111111,1,1,0,0.55,0.07692307978868484,3,2
3,3,5,26,100000100111010010101001111111,1,1,0,0.59,0.07692307978868484,1,1
3,3,5,27,100000100111010010101001111111,1,1,0,0.74,0.4680851101875305,4,3
3,3,5,28,100000100111010010101001111111,1,1,0,0.5,0.34328359365463257,1,1
3,3,5,29,100000100111010010101001111111,1,1,0,0.27,0.19327731430530548,1,1
3,3,6,1,011001000001010000010101000111,1,1,0,0.75,0.4166666567325592,4,3
3,3,6,2,011001000001010000010101000111,1,1,0,0.66,0.6153846383094788,1,1
3,3,6,5,011001000001010000010101000111,1,1,0,0.75,0.3965517282485962,4,3
3,3,6,11,011001000001010000010101000111,1,1,0,0.8,0.17391304671764374,4,3
3,3,6,13,011001000001010000010101000111,1,1,0,0.57,0.36000001430511475,2,2
3,3,6,19,011001000001010000010101000111,1,1,0,0.9,0.2222222238779068,1,1
3,3,6,21,011001000001010000010101000111,1,1,0,0.94,0.30882352590560913,1,1
3,3,6,23,011001000001010000010101000111,1,1,0,0.49,0.6515151262283325,4,2
3,3,6,27,011001000001010000010101000111,1,1,0,0.74,0.4680851101875305,4,3
3,3,6,28,011001000001010000010101000111,1,1,0,0.5,0.34328359365463257,1,1
3,3,6,29,011001000001010000010101000111,1,1,0,0.27,0.19327731430530548,1,1
3,3,7,0,110001001000011111000011110100,1,1,0,0.1,0.078125,4,2
3,3,7,1,110001001000011111000011110100,1,1,0,0.75,0.4166666567325592,4,3
3,3,7,5,110001001000011111000011110100,1,1,0,0.75,0.3965517282485962,4,3
3,3,7,8,110001001000011111000011110100,1,1,0,0.9,0.6320000290870667,4,2
3,3,7,13,110001001000011111000011110100,1,1,0,0.57,0.36000001430511475,2,2
3,3,7,14,110001001000011111000011110100,1,1,0,0.63,0.8061224222183228,4,2
3,3,7,15,110001001000011111000011110100,1,1,0,0.45,0.2800000011920929,4,2
3,3,7,16,110001001000011111000011110100,1,1,0,0.44,0.6027397513389587,1,1
3,3,7,17,110001001000011111000011110100,1,1,0,0.33,0.10000000149011612,4,2
3,3,7,22,110001001000011111000011110100,1,1,0,0.24,0.5744680762290955,1,1
3,3,7,23,110001001000011111000011110100,1,1,0,0.49,0.6515151262283325,4,2
3,3,7,24,110001001000011111000011110100,1,1,0,0.21,0.21739129722118378,1,1
3,3,7,25,110001001000011111000011110100,1,1,0,0.55,0.07692307978868484,3,2
3,3,7,27,110001001000011111000011110100,1,1,0,0.74,0.4680851101875305,4,3
3,3,8,0,101001001011101101100100101001,1,1,0,0.1,0.078125,4,2
3,3,8,2,101001001011101101100100101001,1,1,0,0.66,0.6153846383094788,1,1
3,3,8,5,101001001011101101100100101001,1,1,0,0.75,0.3965517282485962,4,3
3,3,8,8,101001001011101101100100101001,1,1,0,0.9,0.6320000290870667,4,2
3,3,8,10,101001001011101101100100101001,1,1,0,0.47,0.1875,1,1
3,3,8,11,101001001011101101100100101001,1,1,0,0.8,0.17391304671764374,4,3
3,3,8,12,101001001011101101100100101001,1,1,0,0.9,0.6140350699424744,4,2
3,3,8,14,101001001011101101100100101001,1,1,0,0.63,0.8061224222183228,4,2
3,3,8,15,101001001011101101100100101001,1,1,0,0.45,0.2800000011920929,4,2
3,3,8,17,101001001011101101100100101001,1,1,0,0.33,0.10000000149011612,4,2
3,3,8,18,101001001011101101100100101001,1,1,0,0.67,0.23076923191547394,3,2
3,3,8,21,101001001011101101100100101001,1,1,0,0.94,0.30882352590560913,1,1
3,3,8,24,101001001011101101100100101001,1,1,0,0.21,0.21739129722118378,1,1
3,3,8,26,101001001011101101100100101001,1,1,0,0.59,0.07692307978868484,1,1
3,3,8,29,101001001011101101100100101001,1,1,0,0.27,0.19327731430530548,1,1
3,3,9,0,111101110011011101011101010001,1,1,0,0.1,0.078125,4,2
3,3,9,1,111101110011011101011101010001,1,1,0,0.75,0.4166666567325592,4,3
3,3,9,2,111101110011011101011101010001,1,1,0,0.66,0.6153846383094788,1,1
3,3,9,3,111101110011011101011101010001,1,1,0,0.83,0.828125,4,2
3,3,9,5,111101110011011101011101010001,1,1,0,0.75,0.3965517282485962,4,3
3,3,9,6,111101110011011101011101010001,1,1,0,0.54,0.10526315867900848,1,1
3,3,9,7,111101110011011101011101010001,1,1,0,0.16,0.14814814925193787,1,1
3,3,9,10,111101110011011101011101010001,1,1,0,0.47,0.1875,1,1
3,3,9,11,111101110011011101011101010001,1,1,0,0.8,0.17391304671764374,4,3
3,3,9,13,111101110011011101011101010001,1,1,0,0.57,0.36000001430511475,2,2
3,3,9,14,111101110011011101011101010001,1,1,0,0.63,0.8061224222183228,4,2
3,3,9,15,111101110011011101011101010001,1,1,0,0.45,0.2800000011920929,4,2
3,3,9,17,111101110011011101011101010001,1,1,0,0.33,0.10000000149011612,4,2
3,3,9,19,111101110011011101011101010001,1,1,0,0.9,0.2222222238779068,1,1
3,3,9,20,111101110011011101011101010001,1,1,0,0.94,0.22727273404598236,1,1
3,3,9,21,111101110011011101011101010001,1,1,0,0.94,0.30882352590560913,1,1
3,3,9,23,111101110011011101011101010001,1,1,0,0.49,0.6515151262283325,4,2
3,3,9,25,111101110011011101011101010001,1,1,0,0.55,0.07692307978868484,3,2
3,3,9,29,111101110011011101011101010001,1,1,0,0.27,0.19327731430530548,1,1
3,3,10,0,110110000001101101000001101001,1,1,0,0.1,0.078125,4,2
3,3,10,1,110110000001101101000001101001,1,1,0,0.75,0.4166666567325592,4,3
3,3,10,3,110110000001101101000001101001,1,1,0,0.83,0.828125,4,2
3,3,10,4,110110000001101101000001101001,1,1,0,0.47,0.3777777850627899,1,1
3,3,10,11,110110000001101101000001101001,1,1,0,0.8,0.17391304671764374,4,3
3,3,10,12,110110000001101101000001101001,1,1,0,0.9,0.6140350699424744,4,2
3,3,10,14,110110000001101101000001101001,1,1,0,0.63,0.8061224222183228,4,2
3,3,10,15,110110000001101101000001101001,1,1,0,0.45,0.2800000011920929,4,2
3,3,10,17,110110000001101101000001101001,1,1,0,0.33,0.10000000149011612,4,2
3,3,10,23,110110000001101101000001101001,1,1,0,0.49,0.6515151262283325,4,2
3,3,10,24,110110000001101101000001101001,1,1,0,0.21,0.21739129722118378,1,1
3,3,10,26,110110000001101101000001101001,1,1,0,0.59,0.07692307978868484,1,1
3,3,10,29,110110000001101101000001101001,1,1,0,0.27,0.19327731430530548,1,1
3,3,11,0,110001111011010100011001110110,1,1,0,0.1,0.078125,4,2
3,3,11,1,110001111011010100011001110110,1,1,0,0.75,0.4166666567325592,4,3
3,3,11,5,110001111011010100011001110110,1,1,0,0.75,0.3965517282485962,4,3
3,3,11,6,110001111011010100011001110110,1,1,0,0.54,0.10526315867900848,1,1
3,3,11,7,110001111011010100011001110110,1,1,0,0.16,0.14814814925193787,1,1
3,3,11,8,110001111011010100011001110110,1,1,0,0.9,0.6320000290870667,4,2
3,3,11,10,110001111011010100011001110110,1,1,0,0.47,0.1875,1,1
3,3,11,11,110001111011010100011001110110,1,1,0,0.8,0.17391304671764374,4,3
3,3,11,13,110001111011010100011001110110,1,1,0,0.57,0.36000001430511475,2,2
3,3,11,15,110001111011010100011001110110,1,1,0,0.45,0.2800000011920929,4,2
3,3,11,19,110001111011010100011001110110,1,1,0,0.9,0.2222222238779068,1,1
3,3,11,20,110001111011010100011001110110,1,1,0,0.94,0.22727273404598236,1,1
3,3,11,23,110001111011010100011001110110,1,1,0,0.49,0.6515151262283325,4,2
3,3,11,24,110001111011010100011001110110,1,1,0,0.21,0.21739129722118378,1,1
3,3,11,25,110001111011010100011001110110,1,1,0,0.55,0.07692307978868484,3,2
3,3,11,27,110001111011010100011001110110,1,1,0,0.74,0.4680851101875305,4,3
3,3,11,28,110001111011010100011001110110,1,1,0,0.5,0.34328359365463257,1,1
3,3,12,0,100110001010110101010110010000,1,1,0,0.1,0.078125,4,2
3,3,12,3,100110001010110101010110010000,1,1,0,0.83,0.828125,4,2
3,3,12,4,100110001010110101010110010000,1,1,0,0.47,0.3777777850627899,1,1
3,3,12,8,100110001010110101010110010000,1,1,0,0.9,0.6320000290870667,4,2
3,3,12,10,100110001010110101010110010000,1,1,0,0.47,0.1875,1,1
3,3,12,12,100110001010110101010110010000,1,1,0,0.9,0.6140350699424744,4,2
3,3,12,13,100110001010110101010110010000,1,1,0,0.57,0.36000001430511475,2,2
3,3,12,15,100110001010110101010110010000,1,1,0,0.45,0.2800000011920929,4,2
3,3,12,17,100110001010110101010110010000,1,1,0,0.33,0.10000000149011612,4,2
3,3,12,19,100110001010110101010110010000,1,1,0,0.9,0.2222222238779068,1,1
3,3,12,21,100110001010110101010110010000,1,1,0,0.94,0.30882352590560913,1,1
3,3,12,22,100110001010110101010110010000,1,1,0,0.24,0.5744680762290955,1,1
3,3,12,25,100110001010110101010110010000,1,1,0,0.55,0.07692307978868484,3,2
3,3,13,0,100000100111010001101001111101,1,1,0,0.1,0.078125,4,2
3,3,13,6,100000100111010001101001111101,1,1,0,0.54,0.10526315867900848,1,1
3,3,13,9,100000100111010001101001111101,1,1,0,0.24,0.35576921701431274,1,1
3,3,13,10,100000100111010001101001111101,1,1,0,0.47,0.1875,1,1
3,3,13,11,100000100111010001101001111101,1,1,0,0.8,0.17391304671764374,4,3
3,3,13,13,100000100111010001101001111101,1,1,0,0.57,0.36000001430511475,2,2
3,3,13,17,100000100111010001101001111101,1,1,0,0.33,0.10000000149011612,4,2
3,3,13,18,100000100111010001101001111101,1,1,0,0.67,0.23076923191547394,3,2
3,3,13,20,100000100111010001101001111101,1,1,0,0.94,0.22727273404598236,1,1
3,3,13,23,100000100111010001101001111101,1,1,0,0.49,0.6515151262283325,4,2
3,3,13,24,100000100111010001101001111101,1,1,0,0.21,0.21739129722118378,1,1
3,3,13,25,100000100111010001101001111101,1,1,0,0.55,0.07692307978868484,3,2
3,3,13,26,100000100111010001101001111101,1,1,0,0.59,0.07692307978868484,1,1
3,3,13,27,100000100111010001101001111101,1,1,0,0.74,0.4680851101875305,4,3
3,3,13,29,100000100111010001101001111101,1,1,0,0.27,0.19327731430530548,1,1
3,3,14,0,100100110001001101100000010110,1,1,0,0.1,0.078125,4,2
3,3,14,3,100100110001001101100000010110,1,1,0,0.83,0.828125,4,2
3,3,14,6,100100110001001101100000010110,1,1,0,0.54,0.10526315867900848,1,1
3,3,14,7,100100110001001101100000010110,1,1,0,0.16,0.14814814925193787,1,1
3,3,14,11,100100110001001101100000010110,1,1,0,0.8,0.17391304671764374,4,3
3,3,14,14,100100110001001101100000010110,1,1,0,0.63,0.8061224222183228,4,2
3,3,14,15,100100110001001101100000010110,1,1,0,0.45,0.2800000011920929,4,2
3,3,14,17,100100110001001101100000010110,1,1,0,0.33,0.10000000149011612,4,2
3,3,14,18,100100110001001101100000010110,1,1,0,0.67,0.23076923191547394,3,2
3,3,14,25,100100110001001101100000010110,1,1,0,0.55,0.07692307978868484,3,2
3,3,14,27,100100110001001101100000010110,1,1,0,0.74,0.4680851101875305,4,3
3,3,14,28,100100110001001101100000010110,1,1,0,0.5,0.34328359365463257,1,1
3,3,15,1,010001001000101001111011010000,1,1,0,0.75,0.4166666567325592,4,3
3,3,15,5,010001001000101001111011010000,1,1,0,0.75,0.3965517282485962,4,3
3,3,15,8,010001001000101001111011010000,1,1,0,0.9,0.6320000290870667,4,2
3,3,15,12,010001001000101001111011010000,1,1,0,0.9,0.6140350699424744,4,2
3,3,15,14,010001001000101001111011010000,1,1,0,0.63,0.8061224222183228,4,2
3,3,15,17,010001001000101001111011010000,1,1,0,0.33,0.10000000149011612,4,2
3,3,15,18,010001001000101001111011010000,1,1,0,0.67,0.23076923191547394,3,2
3,3,15,19,010001001000101001111011010000,1,1,0,0.9,0.2222222238779068,1,1
3,3,15,20,010001001000101001111011010000,1,1,0,0.94,0.22727273404598236,1,1
3,3,15,22,010001001000101001111011010000,1,1,0,0.24,0.5744680762290955,1,1
3,3,15,23,010001001000101001111011010000,1,1,0,0.49,0.6515151262283325,4,2
3,3,15,25,010001001000101001111011010000,1,1,0,0.55,0.07692307978868484,3,2
3,3,16,0,110000000001111100011001110111,1,1,0,0.1,0.078125,4,2
3,3,16,1,110000000001111100011001110111,1,1,0,0.75,0.4166666567325592,4,3
3,3,16,11,110000000001111100011001110111,1,1,0,0.8,0.17391304671764374,4,3
3,3,16,12,110000000001111100011001110111,1,1,0,0.9,0.6140350699424744,4,2
3,3,16,13,110000000001111100011001110111,1,1,0,0.57,0.36000001430511475,2,2
3,3,16,14,110000000001111100011001110111,1,1,0,0.63,0.8061224222183228,4,2
3,3,16,15,110000000001111100011001110111,1,1,0,0.45,0.2800000011920929,4,2
3,3,16,19,110000000001111100011001110111,1,1,0,0.9,0.2222222238779068,1,1
3,3,16,20,110000000001111100011001110111,1,1,0,0.94,0.22727273404598236,1,1
3,3,16,23,110000000001111100011001110111,1,1,0,0.49,0.6515151262283325,4,2
3,3,16,24,110000000001111100011001110111,1,1,0,0.21,0.21739129722118378,1,1
3,3,16,25,110000000001111100011001110111,1,1,0,0.55,0.07692307978868484,3,2
3,3,16,27,110000000001111100011001110111,1,1,0,0.74,0.4680851101875305,4,3
3,3,16,28,110000000001111100011001110111,1,1,0,0.5,0.34328359365463257,1,1
3,3,16,29,110000000001111100011001110111,1,1,0,0.27,0.19327731430530548,1,1
3,3,17,2,001100001000011100011110010010,1,1,0,0.66,0.6153846383094788,1,1
3,3,17,3,001100001000011100011110010010,1,1,0,0.83,0.828125,4,2
3,3,17,8,001100001000011100011110010010,1,1,0,0.9,0.6320000290870667,4,2
3,3,17,13,001100001000011100011110010010,1,1,0,0.57,0.36000001430511475,2,2
3,3,17,14,001100001000011100011110010010,1,1,0,0.63,0.8061224222183228,4,2
3,3,17,15,001100001000011100011110010010,1,1,0,0.45,0.2800000011920929,4,2
3,3,17,19,001100001000011100011110010010,1,1,0,0.9,0.2222222238779068,1,1
3,3,17,20,001100001000011100011110010010,1,1,0,0.94,0.22727273404598236,1,1
3,3,17,21,001100001000011100011110010010,1,1,0,0.94,0.30882352590560913,1,1
3,3,17,22,001100001000011100011110010010,1,1,0,0.24,0.5744680762290955,1,1
3,3,17,25,001100001000011100011110010010,1,1,0,0.55,0.07692307978868484,3,2
3,3,17,28,001100001000011100011110010010,1,1,0,0.5,0.34328359365463257,1,1
3,3,18,0,100000100101011100101001111111,1,1,0,0.1,0.078125,4,2
3,3,18,6,100000100101011100101001111111,1,1,0,0.54,0.10526315867900848,1,1
3,3,18,9,100000100101011100101001111111,1,1,0,0.24,0.35576921701431274,1,1
3,3,18,11,100000100101011100101001111111,1,1,0,0.8,0.17391304671764374,4,3
3,3,18,13,100000100101011100101001111111,1,1,0,0.57,0.36000001430511475,2,2
3,3,18,14,100000100101011100101001111111,1,1,0,0.63,0.8061224222183228,4,2
3,3,18,15,100000100101011100101001111111,1,1,0,0.45,0.2800000011920929,4,2
3,3,18,18,100000100101011100101001111111,1,1,0,0.67,0.23076923191547394,3,2
3,3,18,20,100000100101011100101001111111,1,1,0,0.94,0.22727273404598236,1,1
3,3,18,23,100000100101011100101001111111,1,1,0,0.49,0.6515151262283325,4,2
3,3,18,24,100000100101011100101001111111,1,1,0,0.21,0.21739129722118378,1,1
3,3,18,25,100000100101011100101001111111,1,1,0,0.55,0.07692307978868484,3,2
3,3,18,26,100000100101011100101001111111,1,1,0,0.59,0.07692307978868484,1,1
3,3,18,27,100000100101011100101001111111,1,1,0,0.74,0.4680851101875305,4,3
3,3,18,28,100000100101011100101001111111,1,1,0,0.5,0.34328359365463257,1,1
3,3,18,29,100000100101011100101001111111,1,1,0,0.27,0.19327731430530548,1,1
3,3,19,0,110001111011010101011101011110,1,1,0,0.1,0.078125,4,2
3,3,19,1,110001111011010101011101011110,1,1,0,0.75,0.4166666567325592,4,3
3,3,19,5,110001111011010101011101011110,1,1,0,0.75,0.3965517282485962,4,3
3,3,19,6,110001111011010101011101011110,1,1,0,0.54,0.10526315867900848,1,1
3,3,19,7,110001111011010101011101011110,1,1,0,0.16,0.14814814925193787,1,1
3,3,19,8,110001111011010101011101011110,1,1,0,0.9,0.6320000290870667,4,2
3,3,19,10,110001111011010101011101011110,1,1,0,0.47,0.1875,1,1
3,3,19,11,110001111011010101011101011110,1,1,0,0.8,0.17391304671764374,4,3
3,3,19,13,110001111011010101011101011110,1,1,0,0.57,0.36000001430511475,2,2
3,3,19,15,110001111011010101011101011110,1,1,0,0.45,0.2800000011920929,4,2
3,3,19,17,110001111011010101011101011110,1,1,0,0.33,0.10000000149011612,4,2
3,3,19,19,110001111011010101011101011110,1,1,0,0.9,0.2222222238779068,1,1
3,3,19,20,110001111011010101011101011110,1,1,0,0.94,0.22727273404598236,1,1
3,3,19,21,110001111011010101011101011110,1,1,0,0.94,0.30882352590560913,1,1
3,3,19,23,110001111011010101011101011110,1,1,0,0.49,0.6515151262283325,4,2
3,3,19,25,110001111011010101011101011110,1,1,0,0.55,0.07692307978868484,3,2
3,3,19,26,110001111011010101011101011110,1,1,0,0.59,0.07692307978868484,1,1
3,3,19,27,110001111011010101011101011110,1,1,0,0.74,0.4680851101875305,4,3
3,3,19,28,110001111011010101011101011110,1,1,0,0.5,0.34328359365463257,1,1
3,3,20,0,110110000001010101101001001110,1,1,0,0.1,0.078125,4,2
3,3,20,1,110110000001010101101001001110,1,1,0,0.75,0.4166666567325592,4,3
3,3,20,3,110110000001010101101001001110,1,1,0,0.83,0.828125,4,2
3,3,20,4,110110000001010101101001001110,1,1,0,0.47,0.3777777850627899,1,1
3,3,20,11,110110000001010101101001001110,1,1,0,0.8,0.17391304671764374,4,3
3,3,20,13,110110000001010101101001001110,1,1,0,0.57,0.36000001430511475,2,2
3,3,20,15,110110000001010101101001001110,1,1,0,0.45,0.2800000011920929,4,2
3,3,20,17,110110000001010101101001001110,1,1,0,0.33,0.10000000149011612,4,2
3,3,20,18,110110000001010101101001001110,1,1,0,0.67,0.23076923191547394,3,2
3,3,20,20,110110000001010101101001001110,1,1,0,0.94,0.22727273404598236,1,1
3,3,20,23,110110000001010101101001001110,1,1,0,0.49,0.6515151262283325,4,2
3,3,20,26,110110000001010101101001001110,1,1,0,0.59,0.07692307978868484,1,1
3,3,20,27,110110000001010101101001001110,1,1,0,0.74,0.4680851101875305,4,3
3,3,20,28,110110000001010101101001001110,1,1,0,0.5,0.34328359365463257,1,1
3,3,21,2,001010001011111010011001110000,1,1,0,0.66,0.6153846383094788,1,1
3,3,21,4,001010001011111010011001110000,1,1,0,0.47,0.3777777850627899,1,1
3,3,21,8,001010001011111010011001110000,1,1,0,0.9,0.6320000290870667,4,2
3,3,21,10,001010001011111010011001110000,1,1,0,0.47,0.1875,1,1
3,3,21,11,001010001011111010011001110000,1,1,0,0.8,0.17391304671764374,4,3
3,3,21,12,001010001011111010011001110000,1,1,0,0.9,0.6140350699424744,4,2
3,3,21,13,001010001011111010011001110000,1,1,0,0.57,0.36000001430511475,2,2
3,3,21,14,001010001011111010011001110000,1,1,0,0.63,0.8061224222183228,4,2
3,3,21,16,001010001011111010011001110000,1,1,0,0.44,0.6027397513389587,1,1
3,3,21,19,001010001011111010011001110000,1,1,0,0.9,0.2222222238779068,1,1
3,3,21,20,001010001011111010011001110000,1,1,0,0.94,0.22727273404598236,1,1
3,3,21,23,001010001011111010011001110000,1,1,0,0.49,0.6515151262283325,4,2
3,3,21,24,001010001011111010011001110000,1,1,0,0.21,0.21739129722118378,1,1
3,3,21,25,001010001011111010011001110000,1,1,0,0.55,0.07692307978868484,3,2
3,4,0,0,110001001000101101111011110100,1,1,0,0.1,0.078125,4,2
3,4,0,1,110001001000101101111011110100,1,1,0,0.75,0.4166666567325592,4,3
3,4,0,5,110001001000101101111011110100,1,1,0,0.75,0.3965517282485962,4,3
3,4,0,8,110001001000101101111011110100,1,1,0,0.9,0.6320000290870667,4,2
3,4,0,12,110001001000101101111011110100,1,1,0,0.9,0.6140350699424744,4,2
3,4,0,14,110001001000101101111011110100,1,1,0,0.63,0.8061224222183228,4,2
3,4,0,15,110001001000101101111011110100,1,1,0,0.45,0.2800000011920929,4,2
3,4,0,17,110001001000101101111011110100,1,1,0,0.33,0.10000000149011612,4,2
3,4,0,18,110001001000101101111011110100,1,1,0,0.67,0.23076923191547394,3,2
3,4,0,19,110001001000101101111011110100,1,1,0,0.9,0.2222222238779068,1,1
3,4,0,20,110001001000101101111011110100,1,1,0,0.94,0.22727273404598236,1,1
3,4,0,22,110001001000101101111011110100,1,1,0,0.24,0.5744680762290955,1,1
3,4,0,23,110001001000101101111011110100,1,1,0,0.49,0.6515151262283325,4,2
3,4,0,24,110001001000101101111011110100,1,1,0,0.21,0.21739129722118378,1,1
3,4,0,25,110001001000101101111011110100,1,1,0,0.55,0.07692307978868484,3,2
3,4,0,27,110001001000101101111011110100,1,1,0,0.74,0.4680851101875305,4,3
3,4,1,0,111111101011110101010101000011,1,1,0,0.1,0.078125,4,2
3,4,1,1,111111101011110101010101000011,1,1,0,0.75,0.4166666567325592,4,3
3,4,1,2,111111101011110101010101000011,1,1,0,0.66,0.6153846383094788,1,1
3,4,1,3,111111101011110101010101000011,1,1,0,0.83,0.828125,4,2
3,4,1,4,111111101011110101010101000011,1,1,0,0.47,0.3777777850627899,1,1
3,4,1,5,111111101011110101010101000011,1,1,0,0.75,0.3965517282485962,4,3
3,4,1,6,111111101011110101010101000011,1,1,0,0.54,0.10526315867900848,1,1
3,4,1,8,111111101011110101010101000011,1,1,0,0.9,0.6320000290870667,4,2
3,4,1,10,111111101011110101010101000011,1,1,0,0.47,0.1875,1,1
3,4,1,11,111111101011110101010101000011,1,1,0,0.8,0.17391304671764374,4,3
3,4,1,12,111111101011110101010101000011,1,1,0,0.9,0.6140350699424744,4,2
3,4,1,13,111111101011110101010101000011,1,1,0,0.57,0.36000001430511475,2,2
3,4,1,15,111111101011110101010101000011,1,1,0,0.45,0.2800000011920929,4,2
3,4,1,17,111111101011110101010101000011,1,1,0,0.33,0.10000000149011612,4,2
3,4,1,19,111111101011110101010101000011,1,1,0,0.9,0.2222222238779068,1,1
3,4,1,21,111111101011110101010101000011,1,1,0,0.94,0.30882352590560913,1,1
3,4,1,23,111111101011110101010101000011,1,1,0,0.49,0.6515151262283325,4,2
3,4,1,28,111111101011110101010101000011,1,1,0,0.5,0.34328359365463257,1,1
3,4,1,29,111111101011110101010101000011,1,1,0,0.27,0.19327731430530548,1,1
3,4,2,1,011101010000000111110100000111,1,1,0,0.75,0.4166666567325592,4,3
3,4,2,2,011101010000000111110100000111,1,1,0,0.66,0.6153846383094788,1,1
3,4,2,3,011101010000000111110100000111,1,1,0,0.83,0.828125,4,2
3,4,2,5,011101010000000111110100000111,1,1,0,0.75,0.3965517282485962,4,3
3,4,2,7,011101010000000111110100000111,1,1,0,0.16,0.14814814925193787,1,1
3,4,2,15,011101010000000111110100000111,1,1,0,0.45,0.2800000011920929,4,2
3,4,2,16,011101010000000111110100000111,1,1,0,0.44,0.6027397513389587,1,1
3,4,2,17,011101010000000111110100000111,1,1,0,0.33,0.10000000149011612,4,2
3,4,2,18,011101010000000111110100000111,1,1,0,0.67,0.23076923191547394,3,2
3,4,2,19,011101010000000111110100000111,1,1,0,0.9,0.2222222238779068,1,1
3,4,2,21,011101010000000111110100000111,1,1,0,0.94,0.30882352590560913,1,1
3,4,2,27,011101010000000111110100000111,1,1,0,0.74,0.4680851101875305,4,3
3,4,2,28,011101010000000111110100000111,1,1,0,0.5,0.34328359365463257,1,1
3,4,2,29,011101010000000111110100000111,1,1,0,0.27,0.19327731430530548,1,1
3,4,3,0,100000100101010101101001111111,1,1,0,0.1,0.078125,4,2
3,4,3,6,100000100101010101101001111111,1,1,0,0.54,0.10526315867900848,1,1
3,4,3,9,100000100101010101101001111111,1,1,0,0.24,0.35576921701431274,1,1
3,4,3,11,100000100101010101101001111111,1,1,0,0.8,0.17391304671764374,4,3
3,4,3,13,100000100101010101101001111111,1,1,0,0.57,0.36000001430511475,2,2
3,4,3,15,100000100101010101101001111111,1,1,0,0.45,0.2800000011920929,4,2
3,4,3,17,100000100101010101101001111111,1,1,0,0.33,0.10000000149011612,4,2
3,4,3,18,100000100101010101101001111111,1,1,0,0.67,0.23076923191547394,3,2
3,4,3,20,100000100101010101101001111111,1,1,0,0.94,0.22727273404598236,1,1
3,4,3,23,100000100101010101101001111111,1,1,0,0.49,0.6515151262283325,4,2
3,4,3,24,100000100101010101101001111111,1,1,0,0.21,0.21739129722118378,1,1
3,4,3,25,100000100101010101101001111111,1,1,0,0.55,0.07692307978868484,3,2
3,4,3,26,100000100101010101101001111111,1,1,0,0.59,0.07692307978868484,1,1
3,4,3,27,100000100101010101101001111111,1,1,0,0.74,0.4680851101875305,4,3
3,4,3,28,100000100101010101101001111111,1,1,0,0.5,0.34328359365463257,1,1
3,4,3,29,100000100101010101101001111111,1,1,0,0.27,0.19327731430530548,1,1
3,4,4,0,110000001011101010011001110110,1,1,0,0.1,0.078125,4,2
3,4,4,1,110000001011101010011001110110,1,1,0,0.75,0.4166666567325592,4,3
3,4,4,8,110000001011101010011001110110,1,1,0,0.9,0.6320000290870667,4,2
3,4,4,10,110000001011101010011001110110,1,1,0,0.47,0.1875,1,1
3,4,4,11,110000001011101010011001110110,1,1,0,0.8,0.17391304671764374,4,3
3,4,4,12,110000001011101010011001110110,1,1,0,0.9,0.6140350699424744,4,2
3,4,4,14,110000001011101010011001110110,1,1,0,0.63,0.8061224222183228,4,2
3,4,4,16,110000001011101010011001110110,1,1,0,0.44,0.6027397513389587,1,1
3,4,4,19,110000001011101010011001110110,1,1,0,0.9,0.2222222238779068,1,1
3,4,4,20,110000001011101010011001110110,1,1,0,0.94,0.22727273404598236,1,1
3,4,4,23,110000001011101010011001110110,1,1,0,0.49,0.6515151262283325,4,2
3,4,4,24,110000001011101010011001110110,1,1,0,0.21,0.21739129722118378,1,1
3,4,4,25,110000001011101010011001110110,1,1,0,0.55,0.07692307978868484,3,2
3,4,4,27,110000001011101010011001110110,1,1,0,0.74,0.4680851101875305,4,3
3,4,4,28,110000001011101010011001110110,1,1,0,0.5,0.34328359365463257,1,1
3,4,5,1,011001000001010000010101000111,1,1,0,0.75,0.4166666567325592,4,3
3,4,5,2,011001000001010000010101000111,1,1,0,0.66,0.6153846383094788,1,1
3,4,5,5,011001000001010000010101000111,1,1,0,0.75,0.3965517282485962,4,3
3,4,5,11,011001000001010000010101000111,1,1,0,0.8,0.17391304671764374,4,3
3,4,5,13,011001000001010000010101000111,1,1,0,0.57,0.36000001430511475,2,2
3,4,5,19,011001000001010000010101000111,1,1,0,0.9,0.2222222238779068,1,1
3,4,5,21,011001000001010000010101000111,1,1,0,0.94,0.30882352590560913,1,1
3,4,5,23,011001000001010000010101000111,1,1,0,0.49,0.6515151262283325,4,2
3,4,5,27,011001000001010000010101000111,1,1,0,0.74,0.4680851101875305,4,3
3,4,5,28,011001000001010000010101000111,1,1,0,0.5,0.34328359365463257,1,1
3,4,5,29,011001000001010000010101000111,1,1,0,0.27,0.19327731430530548,1,1
3,4,6,0,110001001000011111000011110100,1,1,0,0.1,0.078125,4,2
3,4,6,1,110001001000011111000011110100,1,1,0,0.75,0.4166666567325592,4,3
3,4,6,5,110001001000011111000011110100,1,1,0,0.75,0.3965517282485962,4,3
3,4,6,8,110001001000011111000011110100,1,1,0,0.9,0.6320000290870667,4,2
3,4,6,13,110001001000011111000011110100,1,1,0,0.57,0.36000001430511475,2,2
3,4,6,14,110001001000011111000011110100,1,1,0,0.63,0.8061224222183228,4,2
3,4,6,15,110001001000011111000011110100,1,1,0,0.45,0.2800000011920929,4,2
3,4,6,16,110001001000011111000011110100,1,1,0,0.44,0.6027397513389587,1,1
3,4,6,17,110001001000011111000011110100,1,1,0,0.33,0.10000000149011612,4,2
3,4,6,22,110001001000011111000011110100,1,1,0,0.24,0.5744680762290955,1,1
3,4,6,23,110001001000011111000011110100,1,1,0,0.49,0.6515151262283325,4,2
3,4,6,24,110001001000011111000011110100,1,1,0,0.21,0.21739129722118378,1,1
3,4,6,25,110001001000011111000011110100,1,1,0,0.55,0.07692307978868484,3,2
3,4,6,27,110001001000011111000011110100,1,1,0,0.74,0.4680851101875305,4,3
3,4,7,0,101001001011101101100100101001,1,1,0,0.1,0.078125,4,2
3,4,7,2,101001001011101101100100101001,1,1,0,0.66,0.6153846383094788,1,1
3,4,7,5,101001001011101101100100101001,1,1,0,0.75,0.3965517282485962,4,3
3,4,7,8,101001001011101101100100101001,1,1,0,0.9,0.6320000290870667,4,2
3,4,7,10,101001001011101101100100101001,1,1,0,0.47,0.1875,1,1
3,4,7,11,101001001011101101100100101001,1,1,0,0.8,0.17391304671764374,4,3
3,4,7,12,101001001011101101100100101001,1,1,0,0.9,0.6140350699424744,4,2
3,4,7,14,101001001011101101100100101001,1,1,0,0.63,0.8061224222183228,4,2
3,4,7,15,101001001011101101100100101001,1,1,0,0.45,0.2800000011920929,4,2
3,4,7,17,101001001011101101100100101001,1,1,0,0.33,0.10000000149011612,4,2
3,4,7,18,101001001011101101100100101001,1,1,0,0.67,0.23076923191547394,3,2
3,4,7,21,101001001011101101100100101001,1,1,0,0.94,0.30882352590560913,1,1
3,4,7,24,101001001011101101100100101001,1,1,0,0.21,0.21739129722118378,1,1
3,4,7,26,101001001011101101100100101001,1,1,0,0.59,0.07692307978868484,1,1
3,4,7,29,101001001011101101100100101001,1,1,0,0.27,0.19327731430530548,1,1
3,4,8,0,111101110011011101011101010001,1,1,0,0.1,0.078125,4,2
3,4,8,1,111101110011011101011101010001,1,1,0,0.75,0.4166666567325592,4,3
3,4,8,2,111101110011011101011101010001,1,1,0,0.66,0.6153846383094788,1,1
3,4,8,3,111101110011011101011101010001,1,1,0,0.83,0.828125,4,2
3,4,8,5,111101110011011101011101010001,1,1,0,0.75,0.3965517282485962,4,3
3,4,8,6,111101110011011101011101010001,1,1,0,0.54,0.10526315867900848,1,1
3,4,8,7,111101110011011101011101010001,1,1,0,0.16,0.14814814925193787,1,1
3,4,8,10,111101110011011101011101010001,1,1,0,0.47,0.1875,1,1
3,4,8,11,111101110011011101011101010001,1,1,0,0.8,0.17391304671764374,4,3
3,4,8,13,111101110011011101011101010001,1,1,0,0.57,0.36000001430511475,2,2
3,4,8,14,111101110011011101011101010001,1,1,0,0.63,0.8061224222183228,4,2
3,4,8,15,111101110011011101011101010001,1,1,0,0.45,0.2800000011920929,4,2
3,4,8,17,111101110011011101011101010001,1,1,0,0.33,0.10000000149011612,4,2
3,4,8,19,111101110011011101011101010001,1,1,0,0.9,0.2222222238779068,1,1
3,4,8,20,111101110011011101011101010001,1,1,0,0.94,0.22727273404598236,1,1
3,4,8,21,111101110011011101011101010001,1,1,0,0.94,0.30882352590560913,1,1
3,4,8,23,111101110011011101011101010001,1,1,0,0.49,0.6515151262283325,4,2
3,4,8,25,111101110011011101011101010001,1,1,0,0.55,0.07692307978868484,3,2
3,4,8,29,111101110011011101011101010001,1,1,0,0.27,0.19327731430530548,1,1
3,4,9,0,110001111011010100011001110110,1,1,0,0.1,0.078125,4,2
3,4,9,1,110001111011010100011001110110,1,1,0,0.75,0.4166666567325592,4,3
3,4,9,5,110001111011010100011001110110,1,1,0,0.75,0.3965517282485962,4,3
3,4,9,6,110001111011010100011001110110,1,1,0,0.54,0.10526315867900848,1,1
3,4,9,7,110001111011010100011001110110,1,1,0,0.16,0.14814814925193787,1,1
3,4,9,8,110001111011010100011001110110,1,1,0,0.9,0.6320000290870667,4,2
3,4,9,10,110001111011010100011001110110,1,1,0,0.47,0.1875,1,1
3,4,9,11,110001111011010100011001110110,1,1,0,0.8,0.17391304671764374,4,3
3,4,9,13,110001111011010100011001110110,1,1,0,0.57,0.36000001430511475,2,2
3,4,9,15,110001111011010100011001110110,1,1,0,0.45,0.2800000011920929,4,2
3,4,9,19,110001111011010100011001110110,1,1,0,0.9,0.2222222238779068,1,1
3,4,9,20,110001111011010100011001110110,1,1,0,0.94,0.22727273404598236,1,1
3,4,9,23,110001111011010100011001110110,1,1,0,0.49,0.6515151262283325,4,2
3,4,9,24,110001111011010100011001110110,1,1,0,0.21,0.21739129722118378,1,1
3,4,9,25,110001111011010100011001110110,1,1,0,0.55,0.07692307978868484,3,2
3,4,9,27,110001111011010100011001110110,1,1,0,0.74,0.4680851101875305,4,3
3,4,9,28,110001111011010100011001110110,1,1,0,0.5,0.34328359365463257,1,1
3,4,10,0,100110001010110101010110010000,1,1,0,0.1,0.078125,4,2
3,4,10,3,100110001010110101010110010000,1,1,0,0.83,0.828125,4,2
3,4,10,4,100110001010110101010110010000,1,1,0,0.47,0.3777777850627899,1,1
3,4,10,8,100110001010110101010110010000,1,1,0,0.9,0.6320000290870667,4,2
3,4,10,10,100110001010110101010110010000,1,1,0,0.47,0.1875,1,1
3,4,10,12,100110001010110101010110010000,1,1,0,0.9,0.6140350699424744,4,2
3,4,10,13,100110001010110101010110010000,1,1,0,0.57,0.36000001430511475,2,2
3,4,10,15,100110001010110101010110010000,1,1,0,0.45,0.2800000011920929,4,2
3,4,10,17,100110001010110101010110010000,1,1,0,0.33,0.10000000149011612,4,2
3,4,10,19,100110001010110101010110010000,1,1,0,0.9,0.2222222238779068,1,1
3,4,10,21,100110001010110101010110010000,1,1,0,0.94,0.30882352590560913,1,1
3,4,10,22,100110001010110101010110010000,1,1,0,0.24,0.5744680762290955,1,1
3,4,10,25,100110001010110101010110010000,1,1,0,0.55,0.07692307978868484,3,2
3,4,11,0,100000100111010001101001111101,1,1,0,0.1,0.078125,4,2
3,4,11,6,100000100111010001101001111101,1,1,0,0.54,0.10526315867900848,1,1
3,4,11,9,100000100111010001101001111101,1,1,0,0.24,0.35576921701431274,1,1
3,4,11,10,100000100111010001101001111101,1,1,0,0.47,0.1875,1,1
3,4,11,11,100000100111010001101001111101,1,1,0,0.8,0.17391304671764374,4,3
3,4,11,13,100000100111010001101001111101,1,1,0,0.57,0.36000001430511475,2,2
3,4,11,17,100000100111010001101001111101,1,1,0,0.33,0.10000000149011612,4,2
3,4,11,18,100000100111010001101001111101,1,1,0,0.67,0.23076923191547394,3,2
3,4,11,20,100000100111010001101001111101,1,1,0,0.94,0.22727273404598236,1,1
3,4,11,23,100000100111010001101001111101,1,1,0,0.49,0.6515151262283325,4,2
3,4,11,24,100000100111010001101001111101,1,1,0,0.21,0.21739129722118378,1,1
3,4,11,25,100000100111010001101001111101,1,1,0,0.55,0.07692307978868484,3,2
3,4,11,26,100000100111010001101001111101,1,1,0,0.59,0.07692307978868484,1,1
3,4,11,27,100000100111010001101001111101,1,1,0,0.74,0.4680851101875305,4,3
3,4,11,29,100000100111010001101001111101,1,1,0,0.27,0.19327731430530548,1,1
3,4,12,0,100100110001001101100000010110,1,1,0,0.1,0.078125,4,2
3,4,12,3,100100110001001101100000010110,1,1,0,0.83,0.828125,4,2
3,4,12,6,100100110001001101100000010110,1,1,0,0.54,0.10526315867900848,1,1
3,4,12,7,100100110001001101100000010110,1,1,0,0.16,0.14814814925193787,1,1
3,4,12,11,100100110001001101100000010110,1,1,0,0.8,0.17391304671764374,4,3
3,4,12,14,100100110001001101100000010110,1,1,0,0.63,0.8061224222183228,4,2
3,4,12,15,100100110001001101100000010110,1,1,0,0.45,0.2800000011920929,4,2
3,4,12,17,100100110001001101100000010110,1,1,0,0.33,0.10000000149011612,4,2
3,4,12,18,100100110001001101100000010110,1,1,0,0.67,0.23076923191547394,3,2
3,4,12,25,100100110001001101100000010110,1,1,0,0.55,0.07692307978868484,3,2
3,4,12,27,100100110001001101100000010110,1,1,0,0.74,0.4680851101875305,4,3
3,4,12,28,100100110001001101100000010110,1,1,0,0.5,0.34328359365463257,1,1
3,4,13,1,010001001000101001111011010000,1,1,0,0.75,0.4166666567325592,4,3
3,4,13,5,010001001000101001111011010000,1,1,0,0.75,0.3965517282485962,4,3
3,4,13,8,010001001000101001111011010000,1,1,0,0.9,0.6320000290870667,4,2
3,4,13,12,010001001000101001111011010000,1,1,0,0.9,0.6140350699424744,4,2
3,4,13,14,010001001000101001111011010000,1,1,0,0.63,0.8061224222183228,4,2
3,4,13,17,010001001000101001111011010000,1,1,0,0.33,0.10000000149011612,4,2
3,4,13,18,010001001000101001111011010000,1,1,0,0.67,0.23076923191547394,3,2
3,4,13,19,010001001000101001111011010000,1,1,0,0.9,0.2222222238779068,1,1
3,4,13,20,010001001000101001111011010000,1,1,0,0.94,0.22727273404598236,1,1
3,4,13,22,010001001000101001111011010000,1,1,0,0.24,0.5744680762290955,1,1
3,4,13,23,010001001000101001111011010000,1,1,0,0.49,0.6515151262283325,4,2
3,4,13,25,010001001000101001111011010000,1,1,0,0.55,0.07692307978868484,3,2
3,4,14,0,110000000001111100011001110111,1,1,0,0.1,0.078125,4,2
3,4,14,1,110000000001111100011001110111,1,1,0,0.75,0.4166666567325592,4,3
3,4,14,11,110000000001111100011001110111,1,1,0,0.8,0.17391304671764374,4,3
3,4,14,12,110000000001111100011001110111,1,1,0,0.9,0.6140350699424744,4,2
3,4,14,13,110000000001111100011001110111,1,1,0,0.57,0.36000001430511475,2,2
3,4,14,14,110000000001111100011001110111,1,1,0,0.63,0.8061224222183228,4,2
3,4,14,15,110000000001111100011001110111,1,1,0,0.45,0.2800000011920929,4,2
3,4,14,19,110000000001111100011001110111,1,1,0,0.9,0.2222222238779068,1,1
3,4,14,20,110000000001111100011001110111,1,1,0,0.94,0.22727273404598236,1,1
3,4,14,23,110000000001111100011001110111,1,1,0,0.49,0.6515151262283325,4,2
3,4,14,24,110000000001111100011001110111,1,1,0,0.21,0.21739129722118378,1,1
3,4,14,25,110000000001111100011001110111,1,1,0,0.55,0.07692307978868484,3,2
3,4,14,27,110000000001111100011001110111,1,1,0,0.74,0.4680851101875305,4,3
3,4,14,28,110000000001111100011001110111,1,1,0,0.5,0.34328359365463257,1,1
3,4,14,29,110000000001111100011001110111,1,1,0,0.27,0.19327731430530548,1,1
3,4,15,2,001100001000011100011110010010,1,1,0,0.66,0.6153846383094788,1,1
3,4,15,3,001100001000011100011110010010,1,1,0,0.83,0.828125,4,2
3,4,15,8,001100001000011100011110010010,1,1,0,0.9,0.6320000290870667,4,2
3,4,15,13,001100001000011100011110010010,1,1,0,0.57,0.36000001430511475,2,2
3,4,15,14,001100001000011100011110010010,1,1,0,0.63,0.8061224222183228,4,2
3,4,15,15,001100001000011100011110010010,1,1,0,0.45,0.2800000011920929,4,2
3,4,15,19,001100001000011100011110010010,1,1,0,0.9,0.2222222238779068,1,1
3,4,15,20,001100001000011100011110010010,1,1,0,0.94,0.22727273404598236,1,1
3,4,15,21,001100001000011100011110010010,1,1,0,0.94,0.30882352590560913,1,1
3,4,15,22,001100001000011100011110010010,1,1,0,0.24,0.5744680762290955,1,1
3,4,15,25,001100001000011100011110010010,1,1,0,0.55,0.07692307978868484,3,2
3,4,15,28,001100001000011100011110010010,1,1,0,0.5,0.34328359365463257,1,1
3,4,16,0,110001111011010101011101011110,1,1,0,0.1,0.078125,4,2
3,4,16,1,110001111011010101011101011110,1,1,0,0.75,0.4166666567325592,4,3
3,4,16,5,110001111011010101011101011110,1,1,0,0.75,0.3965517282485962,4,3
3,4,16,6,110001111011010101011101011110,1,1,0,0.54,0.10526315867900848,1,1
3,4,16,7,110001111011010101011101011110,1,1,0,0.16,0.14814814925193787,1,1
3,4,16,8,110001111011010101011101011110,1,1,0,0.9,0.6320000290870667,4,2
3,4,16,10,110001111011010101011101011110,1,1,0,0.47,0.1875,1,1
3,4,16,11,110001111011010101011101011110,1,1,0,0.8,0.17391304671764374,4,3
3,4,16,13,110001111011010101011101011110,1,1,0,0.57,0.36000001430511475,2,2
3,4,16,15,110001111011010101011101011110,1,1,0,0.45,0.2800000011920929,4,2
3,4,16,17,110001111011010101011101011110,1,1,0,0.33,0.10000000149011612,4,2
3,4,16,19,110001111011010101011101011110,1,1,0,0.9,0.2222222238779068,1,1
3,4,16,20,110001111011010101011101011110,1,1,0,0.94,0.22727273404598236,1,1
3,4,16,21,110001111011010101011101011110,1,1,0,0.94,0.30882352590560913,1,1
3,4,16,23,110001111011010101011101011110,1,1,0,0.49,0.6515151262283325,4,2
3,4,16,25,110001111011010101011101011110,1,1,0,0.55,0.07692307978868484,3,2
3,4,16,26,110001111011010101011101011110,1,1,0,0.59,0.07692307978868484,1,1
3,4,16,27,110001111011010101011101011110,1,1,0,0.74,0.4680851101875305,4,3
3,4,16,28,110001111011010101011101011110,1,1,0,0.5,0.34328359365463257,1,1
3,4,17,0,110110000001010101101001001110,1,1,0,0.1,0.078125,4,2
3,4,17,1,110110000001010101101001001110,1,1,0,0.75,0.4166666567325592,4,3
3,4,17,3,110110000001010101101001001110,1,1,0,0.83,0.828125,4,2
3,4,17,4,110110000001010101101001001110,1,1,0,0.47,0.3777777850627899,1,1
3,4,17,11,110110000001010101101001001110,1,1,0,0.8,0.17391304671764374,4,3
3,4,17,13,110110000001010101101001001110,1,1,0,0.57,0.36000001430511475,2,2
3,4,17,15,110110000001010101101001001110,1,1,0,0.45,0.2800000011920929,4,2
3,4,17,17,110110000001010101101001001110,1,1,0,0.33,0.10000000149011612,4,2
3,4,17,18,110110000001010101101001001110,1,1,0,0.67,0.23076923191547394,3,2
3,4,17,20,110110000001010101101001001110,1,1,0,0.94,0.22727273404598236,1,1
3,4,17,23,110110000001010101101001001110,1,1,0,0.49,0.6515151262283325,4,2
3,4,17,26,110110000001010101101001001110,1,1,0,0.59,0.07692307978868484,1,1
3,4,17,27,110110000001010101101001001110,1,1,0,0.74,0.4680851101875305,4,3
3,4,17,28,110110000001010101101001001110,1,1,0,0.5,0.34328359365463257,1,1
3,4,18,0,100100110001001101000000010110,1,1,0,0.1,0.078125,4,2
3,4,18,3,100100110001001101000000010110,1,1,0,0.83,0.828125,4,2
3,4,18,6,100100110001001101000000010110,1,1,0,0.54,0.10526315867900848,1,1
3,4,18,7,100100110001001101000000010110,1,1,0,0.16,0.14814814925193787,1,1
3,4,18,11,100100110001001101000000010110,1,1,0,0.8,0.17391304671764374,4,3
3,4,18,14,100100110001001101000000010110,1,1,0,0.63,0.8061224222183228,4,2
3,4,18,15,100100110001001101000000010110,1,1,0,0.45,0.2800000011920929,4,2
3,4,18,17,100100110001001101000000010110,1,1,0,0.33,0.10000000149011612,4,2
3,4,18,25,100100110001001101000000010110,1,1,0,0.55,0.07692307978868484,3,2
3,4,18,27,100100110001001101000000010110,1,1,0,0.74,0.4680851101875305,4,3
3,4,18,28,100100110001001101000000010110,1,1,0,0.5,0.34328359365463257,1,1
3,4,19,0,110001111011010101010001101001,1,1,0,0.1,0.078125,4,2
3,4,19,1,110001111011010101010001101001,1,1,0,0.75,0.4166666567325592,4,3
3,4,19,5,110001111011010101010001101001,1,1,0,0.75,0.3965517282485962,4,3
3,4,19,6,110001111011010101010001101001,1,1,0,0.54,0.10526315867900848,1,1
3,4,19,7,110001111011010101010001101001,1,1,0,0.16,0.14814814925193787,1,1
3,4,19,8,110001111011010101010001101001,1,1,0,0.9,0.6320000290870667,4,2
3,4,19,10,110001111011010101010001101001,1,1,0,0.47,0.1875,1,1
3,4,19,11,110001111011010101010001101001,1,1,0,0.8,0.17391304671764374,4,3
3,4,19,13,110001111011010101010001101001,1,1,0,0.57,0.36000001430511475,2,2
3,4,19,15,110001111011010101010001101001,1,1,0,0.45,0.2800000011920929,4,2
3,4,19,17,110001111011010101010001101001,1,1,0,0.33,0.10000000149011612,4,2
3,4,19,19,110001111011010101010001101001,1,1,0,0.9,0.2222222238779068,1,1
3,4,19,23,110001111011010101010001101001,1,1,0,0.49,0.6515151262283325,4,2
3,4,19,24,110001111011010101010001101001,1,1,0,0.21,0.21739129722118378,1,1
3,4,19,26,110001111011010101010001101001,1,1,0,0.59,0.07692307978868484,1,1
3,4,19,29,110001111011010101010001101001,1,1,0,0.27,0.19327731430530548,1,1
3,4,20,0,100010101001010101101001111101,1,1,0,0.1,0.078125,4,2
3,4,20,4,100010101001010101101001111101,1,1,0,0.47,0.3777777850627899,1,1
3,4,20,6,100010101001010101101001111101,1,1,0,0.54,0.10526315867900848,1,1
3,4,20,8,100010101001010101101001111101,1,1,0,0.9,0.6320000290870667,4,2
3,4,20,11,100010101001010101101001111101,1,1,0,0.8,0.17391304671764374,4,3
3,4,20,13,100010101001010101101001111101,1,1,0,0.57,0.36000001430511475,2,2
3,4,20,15,100010101001010101101001111101,1,1,0,0.45,0.2800000011920929,4,2
3,4,20,17,100010101001010101101001111101,1,1,0,0.33,0.10000000149011612,4,2
3,4,20,18,100010101001010101101001111101,1,1,0,0.67,0.23076923191547394,3,2
3,4,20,20,100010101001010101101001111101,1,1,0,0.94,0.22727273404598236,1,1
3,4,20,23,100010101001010101101001111101,1,1,0,0.49,0.6515151262283325,4,2
3,4,20,24,100010101001010101101001111101,1,1,0,0.21,0.21739129722118378,1,1
3,4,20,25,100010101001010101101001111101,1,1,0,0.55,0.07692307978868484,3,2
3,4,20,26,100010101001010101101001111101,1,1,0,0.59,0.07692307978868484,1,1
3,4,20,27,100010101001010101101001111101,1,1,0,0.74,0.4680851101875305,4,3
3,4,20,29,100010101001010101101001111101,1,1,0,0.27,0.19327731430530548,1,1
3,4,21,0,110001111011010100011001110000,1,1,0,0.1,0.078125,4,2
3,4,21,1,110001111011010100011001110000,1,1,0,0.75,0.4166666567325592,4,3
3,4,21,5,110001111011010100011001110000,1,1,0,0.75,0.3965517282485962,4,3
3,4,21,6,110001111011010100011001110000,1,1,0,0.54,0.10526315867900848,1,1
3,4,21,7,110001111011010100011001110000,1,1,0,0.16,0.14814814925193787,1,1
3,4,21,8,110001111011010100011001110000,1,1,0,0.9,0.6320000290870667,4,2
3,4,21,10,110001111011010100011001110000,1,1,0,0.47,0.1875,1,1
3,4,21,11,110001111011010100011001110000,1,1,0,0.8,0.17391304671764374,4,3
3,4,21,13,110001111011010100011001110000,1,1,0,0.57,0.36000001430511475,2,2
3,4,21,15,110001111011010100011001110000,1,1,0,0.45,0.2800000011920929,4,2
3,4,21,19,110001111011010100011001110000,1,1,0,0.9,0.2222222238779068,1,1
3,4,21,20,110001111011010100011001110000,1,1,0,0.94,0.22727273404598236,1,1
3,4,21,23,110001111011010100011001110000,1,1,0,0.49,0.6515151262283325,4,2
3,4,21,24,110001111011010100011001110000,1,1,0,0.21,0.21739129722118378,1,1
3,4,21,25,110001111011010100011001110000,1,1,0,0.55,0.07692307978868484,3,2
3,4,22,8,000000001000011100011110010110,1,1,0,0.9,0.6320000290870667,4,2
3,4,22,13,000000001000011100011110010110,1,1,0,0.57,0.36000001430511475,2,2
3,4,22,14,000000001000011100011110010110,1,1,0,0.63,0.8061224222183228,4,2
3,4,22,15,000000001000011100011110010110,1,1,0,0.45,0.2800000011920929,4,2
3,4,22,19,000000001000011100011110010110,1,1,0,0.9,0.2222222238779068,1,1
3,4,22,20,000000001000011100011110010110,1,1,0,0.94,0.22727273404598236,1,1
3,4,22,21,000000001000011100011110010110,1,1,0,0.94,0.30882352590560913,1,1
3,4,22,22,000000001000011100011110010110,1,1,0,0.24,0.5744680762290955,1,1
3,4,22,25,000000001000011100011110010110,1,1,0,0.55,0.07692307978868484,3,2
3,4,22,27,000000001000011100011110010110,1,1,0,0.74,0.4680851101875305,4,3
3,4,22,28,000000001000011100011110010110,1,1,0,0.5,0.34328359365463257,1,1
3,4,23,0,110110000001000101011101011110,1,1,0,0.1,0.078125,4,2
3,4,23,1,110110000001000101011101011110,1,1,0,0.75,0.4166666567325592,4,3
3,4,23,3,110110000001000101011101011110,1,1,0,0.83,0.828125,4,2
3,4,23,4,110110000001000101011101011110,1,1,0,0.47,0.3777777850627899,1,1
3,4,23,11,110110000001000101011101011110,1,1,0,0.8,0.17391304671764374,4,3
3,4,23,15,110110000001000101011101011110,1,1,0,0.45,0.2800000011920929,4,2
3,4,23,17,110110000001000101011101011110,1,1,0,0.33,0.10000000149011612,4,2
3,4,23,19,110110000001000101011101011110,1,1,0,0.9,0.2222222238779068,1,1
3,4,23,20,110110000001000101011101011110,1,1,0,0.94,0.22727273404598236,1,1
3,4,23,21,110110000001000101011101011110,1,1,0,0.94,0.30882352590560913,1,1
3,4,23,23,110110000001000101011101011110,1,1,0,0.49,0.6515151262283325,4,2
3,4,23,25,110110000001000101011101011110,1,1,0,0.55,0.07692307978868484,3,2
3,4,23,26,110110000001000101011101011110,1,1,0,0.59,0.07692307978868484,1,1
3,4,23,27,110110000001000101011101011110,1,1,0,0.74,0.4680851101875305,4,3
3,4,23,28,110110000001000101011101011110,1,1,0,0.5,0.34328359365463257,1,1
3,4,24,0,100000100111010001101001111111,1,1,0,0.1,0.078125,4,2
3,4,24,6,100000100111010001101001111111,1,1,0,0.54,0.10526315867900848,1,1
3,4,24,9,100000100111010001101001111111,1,1,0,0.24,0.35576921701431274,1,1
3,4,24,10,100000100111010001101001111111,1,1,0,0.47,0.1875,1,1
3,4,24,11,100000100111010001101001111111,1,1,0,0.8,0.17391304671764374,4,3
3,4,24,13,100000100111010001101001111111,1,1,0,0.57,0.36000001430511475,2,2
3,4,24,17,100000100111010001101001111111,1,1,0,0.33,0.10000000149011612,4,2
3,4,24,18,100000100111010001101001111111,1,1,0,0.67,0.23076923191547394,3,2
3,4,24,20,100000100111010001101001111111,1,1,0,0.94,0.22727273404598236,1,1
3,4,24,23,100000100111010001101001111111,1,1,0,0.49,0.6515151262283325,4,2
3,4,24,24,100000100111010001101001111111,1,1,0,0.21,0.21739129722118378,1,1
3,4,24,25,100000100111010001101001111111,1,1,0,0.55,0.07692307978868484,3,2
3,4,24,26,100000100111010001101001111111,1,1,0,0.59,0.07692307978868484,1,1
3,4,24,27,100000100111010001101001111111,1,1,0,0.74,0.4680851101875305,4,3
3,4,24,28,100000100111010001101001111111,1,1,0,0.5,0.34328359365463257,1,1
3,4,24,29,100000100111010001101001111111,1,1,0,0.27,0.19327731430530548,1,1
3,4,25,0,110000001111110101100010110100,1,1,0,0.1,0.078125,4,2
3,4,25,1,110000001111110101100010110100,1,1,0,0.75,0.4166666567325592,4,3
3,4,25,8,110000001111110101100010110100,1,1,0,0.9,0.6320000290870667,4,2
3,4,25,9,110000001111110101100010110100,1,1,0,0.24,0.35576921701431274,1,1
3,4,25,10,110000001111110101100010110100,1,1,0,0.47,0.1875,1,1
3,4,25,11,110000001111110101100010110100,1,1,0,0.8,0.17391304671764374,4,3
3,4,25,12,110000001111110101100010110100,1,1,0,0.9,0.6140350699424744,4,2
3,4,25,13,110000001111110101100010110100,1,1,0,0.57,0.36000001430511475,2,2
3,4,25,15,110000001111110101100010110100,1,1,0,0.45,0.2800000011920929,4,2
3,4,25,17,110000001111110101100010110100,1,1,0,0.33,0.10000000149011612,4,2
3,4,25,18,110000001111110101100010110100,1,1,0,0.67,0.23076923191547394,3,2
3,4,25,22,110000001111110101100010110100,1,1,0,0.24,0.5744680762290955,1,1
3,4,25,24,110000001111110101100010110100,1,1,0,0.21,0.21739129722118378,1,1
3,4,25,25,110000001111110101100010110100,1,1,0,0.55,0.07692307978868484,3,2
3,4,25,27,110000001111110101100010110100,1,1,0,0.74,0.4680851101875305,4,3
3,4,26,0,110001111011010101111001110110,1,1,0,0.1,0.078125,4,2
3,4,26,1,110001111011010101111001110110,1,1,0,0.75,0.4166666567325592,4,3
3,4,26,5,110001111011010101111001110110,1,1,0,0.75,0.3965517282485962,4,3
3,4,26,6,110001111011010101111001110110,1,1,0,0.54,0.10526315867900848,1,1
3,4,26,7,110001111011010101111001110110,1,1,0,0.16,0.14814814925193787,1,1
3,4,26,8,110001111011010101111001110110,1,1,0,0.9,0.6320000290870667,4,2
3,4,26,10,110001111011010101111001110110,1,1,0,0.47,0.1875,1,1
3,4,26,11,110001111011010101111001110110,1,1,0,0.8,0.17391304671764374,4,3
3,4,26,13,110001111011010101111001110110,1,1,0,0.57,0.36000001430511475,2,2
3,4,26,15,110001111011010101111001110110,1,1,0,0.45,0.2800000011920929,4,2
3,4,26,17,110001111011010101111001110110,1,1,0,0.33,0.10000000149011612,4,2
3,4,26,18,110001111011010101111001110110,1,1,0,0.67,0.23076923191547394,3,2
3,4,26,19,110001111011010101111001110110,1,1,0,0.9,0.2222222238779068,1,1
3,4,26,20,110001111011010101111001110110,1,1,0,0.94,0.22727273404598236,1,1
3,4,26,23,110001111011010101111001110110,1,1,0,0.49,0.6515151262283325,4,2
3,4,26,24,110001111011010101111001110110,1,1,0,0.21,0.21739129722118378,1,1
3,4,26,25,110001111011010101111001110110,1,1,0,0.55,0.07692307978868484,3,2
3,4,26,27,110001111011010101111001110110,1,1,0,0.74,0.4680851101875305,4,3
3,4,26,28,110001111011010101111001110110,1,1,0,0.5,0.34328359365463257,1,1
3,4,27,0,100010001010110100000000010000,1,1,0,0.1,0.078125,4,2
3,4,27,4,100010001010110100000000010000,1,1,0,0.47,0.3777777850627899,1,1
3,4,27,8,100010001010110100000000010000,1,1,0,0.9,0.6320000290870667,4,2
3,4,27,10,100010001010110100000000010000,1,1,0,0.47,0.1875,1,1
3,4,27,12,100010001010110100000000010000,1,1,0,0.9,0.6140350699424744,4,2
3,4,27,13,100010001010110100000000010000,1,1,0,0.57,0.36000001430511475,2,2
3,4,27,15,100010001010110100000000010000,1,1,0,0.45,0.2800000011920929,4,2
3,4,27,25,100010001010110100000000010000,1,1,0,0.55,0.07692307978868484,3,2
3,4,28,9,000000000101100100011110010010,1,1,0,0.24,0.35576921701431274,1,1
3,4,28,11,000000000101100100011110010010,1,1,0,0.8,0.17391304671764374,4,3
3,4,28,12,000000000101100100011110010010,1,1,0,0.9,0.6140350699424744,4,2
3,4,28,15,000000000101100100011110010010,1,1,0,0.45,0.2800000011920929,4,2
3,4,28,19,000000000101100100011110010010,1,1,0,0.9,0.2222222238779068,1,1
3,4,28,20,000000000101100100011110010010,1,1,0,0.94,0.22727273404598236,1,1
3,4,28,21,000000000101100100011110010010,1,1,0,0.94,0.30882352590560913,1,1
3,4,28,22,000000000101100100011110010010,1,1,0,0.24,0.5744680762290955,1,1
3,4,28,25,000000000101100100011110010010,1,1,0,0.55,0.07692307978868484,3,2
3,4,28,28,000000000101100100011110010010,1,1,0,0.5,0.34328359365463257,1,1
3,4,29,0,100001010001010000011101010110,1,1,0,0.1,0.078125,4,2
3,4,29,5,100001010001010000011101010110,1,1,0,0.75,0.3965517282485962,4,3
3,4,29,7,100001010001010000011101010110,1,1,0,0.16,0.14814814925193787,1,1
3,4,29,11,100001010001010000011101010110,1,1,0,0.8,0.17391304671764374,4,3
3,4,29,13,100001010001010000011101010110,1,1,0,0.57,0.36000001430511475,2,2
3,4,29,19,100001010001010000011101010110,1,1,0,0.9,0.2222222238779068,1,1
3,4,29,20,100001010001010000011101010110,1,1,0,0.94,0.22727273404598236,1,1
3,4,29,21,100001010001010000011101010110,1,1,0,0.94,0.30882352590560913,1,1
3,4,29,23,100001010001010000011101010110,1,1,0,0.49,0.6515151262283325,4,2
3,4,29,25,100001010001010000011101010110,1,1,0,0.55,0.07692307978868484,3,2
3,4,29,27,100001010001010000011101010110,1,1,0,0.74,0.4680851101875305,4,3
3,4,29,28,100001010001010000011101010110,1,1,0,0.5,0.34328359365463257,1,1
3,5,0,2,001100001000001100011110010010,1,1,0,0.66,0.6153846383094788,1,1
3,5,0,3,001100001000001100011110010010,1,1,0,0.83,0.828125,4,2
3,5,0,8,001100001000001100011110010010,1,1,0,0.9,0.6320000290870667,4,2
3,5,0,14,001100001000001100011110010010,1,1,0,0.63,0.8061224222183228,4,2
3,5,0,15,001100001000001100011110010010,1,1,0,0.45,0.2800000011920929,4,2
3,5,0,19,001100001000001100011110010010,1,1,0,0.9,0.2222222238779068,1,1
3,5,0,20,001100001000001100011110010010,1,1,0,0.94,0.22727273404598236,1,1
3,5,0,21,001100001000001100011110010010,1,1,0,0.94,0.30882352590560913,1,1
3,5,0,22,001100001000001100011110010010,1,1,0,0.24,0.5744680762290955,1,1
3,5,0,25,001100001000001100011110010010,1,1,0,0.55,0.07692307978868484,3,2
3,5,0,28,001100001000001100011110010010,1,1,0,0.5,0.34328359365463257,1,1
3,5,1,0,100000010001001101100000111010,1,1,0,0.1,0.078125,4,2
3,5,1,7,100000010001001101100000111010,1,1,0,0.16,0.14814814925193787,1,1
3,5,1,11,100000010001001101100000111010,1,1,0,0.8,0.17391304671764374,4,3
3,5,1,14,100000010001001101100000111010,1,1,0,0.63,0.8061224222183228,4,2
3,5,1,15,100000010001001101100000111010,1,1,0,0.45,0.2800000011920929,4,2
3,5,1,17,100000010001001101100000111010,1,1,0,0.33,0.10000000149011612,4,2
3,5,1,18,100000010001001101100000111010,1,1,0,0.67,0.23076923191547394,3,2
3,5,1,24,100000010001001101100000111010,1,1,0,0.21,0.21739129722118378,1,1
3,5,1,25,100000010001001101100000111010,1,1,0,0.55,0.07692307978868484,3,2
3,5,1,26,100000010001001101100000111010,1,1,0,0.59,0.07692307978868484,1,1
3,5,1,28,100000010001001101100000111010,1,1,0,0.5,0.34328359365463257,1,1
3,5,2,8,000000001000011101011010010010,1,1,0,0.9,0.6320000290870667,4,2
3,5,2,13,000000001000011101011010010010,1,1,0,0.57,0.36000001430511475,2,2
3,5,2,14,000000001000011101011010010010,1,1,0,0.63,0.8061224222183228,4,2
3,5,2,15,000000001000011101011010010010,1,1,0,0.45,0.2800000011920929,4,2
3,5,2,17,000000001000011101011010010010,1,1,0,0.33,0.10000000149011612,4,2
3,5,2,19,000000001000011101011010010010,1,1,0,0.9,0.2222222238779068,1,1
3,5,2,20,000000001000011101011010010010,1,1,0,0.94,0.22727273404598236,1,1
3,5,2,22,000000001000011101011010010010,1,1,0,0.24,0.5744680762290955,1,1
3,5,2,25,000000001000011101011010010010,1,1,0,0.55,0.07692307978868484,3,2
3,5,2,28,000000001000011101011010010010,1,1,0,0.5,0.34328359365463257,1,1
3,5,3,0,100001010001010000011101010110,1,1,0,0.1,0.078125,4,2
3,5,3,5,100001010001010000011101010110,1,1,0,0.75,0.3965517282485962,4,3
3,5,3,7,100001010001010000011101010110,1,1,0,0.16,0.14814814925193787,1,1
3,5,3,11,100001010001010000011101010110,1,1,0,0.8,0.17391304671764374,4,3
3,5,3,13,100001010001010000011101010110,1,1,0,0.57,0.36000001430511475,2,2
3,5,3,19,100001010001010000011101010110,1,1,0,0.9,0.2222222238779068,1,1
3,5,3,20,100001010001010000011101010110,1,1,0,0.94,0.22727273404598236,1,1
3,5,3,21,100001010001010000011101010110,1,1,0,0.94,0.30882352590560913,1,1
3,5,3,23,100001010001010000011101010110,1,1,0,0.49,0.6515151262283325,4,2
3,5,3,25,100001010001010000011101010110,1,1,0,0.55,0.07692307978868484,3,2
3,5,3,27,100001010001010000011101010110,1,1,0,0.74,0.4680851101875305,4,3
3,5,3,28,100001010001010000011101010110,1,1,0,0.5,0.34328359365463257,1,1
3,5,4,1,010001001000101001111011010000,1,1,0,0.75,0.4166666567325592,4,3
3,5,4,5,010001001000101001111011010000,1,1,0,0.75,0.3965517282485962,4,3
3,5,4,8,010001001000101001111011010000,1,1,0,0.9,0.6320000290870667,4,2
3,5,4,12,010001001000101001111011010000,1,1,0,0.9,0.6140350699424744,4,2
3,5,4,14,010001001000101001111011010000,1,1,0,0.63,0.8061224222183228,4,2
3,5,4,17,010001001000101001111011010000,1,1,0,0.33,0.10000000149011612,4,2
3,5,4,18,010001001000101001111011010000,1,1,0,0.67,0.23076923191547394,3,2
3,5,4,19,010001001000101001111011010000,1,1,0,0.9,0.2222222238779068,1,1
3,5,4,20,010001001000101001111011010000,1,1,0,0.94,0.22727273404598236,1,1
3,5,4,22,010001001000101001111011010000,1,1,0,0.24,0.5744680762290955,1,1
3,5,4,23,010001001000101001111011010000,1,1,0,0.49,0.6515151262283325,4,2
3,5,4,25,010001001000101001111011010000,1,1,0,0.55,0.07692307978868484,3,2
3,5,5,0,110110000001011000011101001010,1,1,0,0.1,0.078125,4,2
3,5,5,1,110110000001011000011101001010,1,1,0,0.75,0.4166666567325592,4,3
3,5,5,3,110110000001011000011101001010,1,1,0,0.83,0.828125,4,2
3,5,5,4,110110000001011000011101001010,1,1,0,0.47,0.3777777850627899,1,1
3,5,5,11,110110000001011000011101001010,1,1,0,0.8,0.17391304671764374,4,3
3,5,5,13,110110000001011000011101001010,1,1,0,0.57,0.36000001430511475,2,2
3,5,5,14,110110000001011000011101001010,1,1,0,0.63,0.8061224222183228,4,2
3,5,5,19,110110000001011000011101001010,1,1,0,0.9,0.2222222238779068,1,1
3,5,5,20,110110000001011000011101001010,1,1,0,0.94,0.22727273404598236,1,1
3,5,5,21,110110000001011000011101001010,1,1,0,0.94,0.30882352590560913,1,1
3,5,5,23,110110000001011000011101001010,1,1,0,0.49,0.6515151262283325,4,2
3,5,5,26,110110000001011000011101001010,1,1,0,0.59,0.07692307978868484,1,1
3,5,5,28,110110000001011000011101001010,1,1,0,0.5,0.34328359365463257,1,1
3,5,6,0,100000100101010101101001111111,1,1,0,0.1,0.078125,4,2
3,5,6,6,100000100101010101101001111111,1,1,0,0.54,0.10526315867900848,1,1
3,5,6,9,100000100101010101101001111111,1,1,0,0.24,0.35576921701431274,1,1
3,5,6,11,100000100101010101101001111111,1,1,0,0.8,0.17391304671764374,4,3
3,5,6,13,100000100101010101101001111111,1,1,0,0.57,0.36000001430511475,2,2
3,5,6,15,100000100101010101101001111111,1,1,0,0.45,0.2800000011920929,4,2
3,5,6,17,100000100101010101101001111111,1,1,0,0.33,0.10000000149011612,4,2
3,5,6,18,100000100101010101101001111111,1,1,0,0.67,0.23076923191547394,3,2
3,5,6,20,100000100101010101101001111111,1,1,0,0.94,0.22727273404598236,1,1
3,5,6,23,100000100101010101101001111111,1,1,0,0.49,0.6515151262283325,4,2
3,5,6,24,100000100101010101101001111111,1,1,0,0.21,0.21739129722118378,1,1
3,5,6,25,100000100101010101101001111111,1,1,0,0.55,0.07692307978868484,3,2
3,5,6,26,100000100101010101101001111111,1,1,0,0.59,0.07692307978868484,1,1
3,5,6,27,100000100101010101101001111111,1,1,0,0.74,0.4680851101875305,4,3
3,5,6,28,100000100101010101101001111111,1,1,0,0.5,0.34328359365463257,1,1
3,5,6,29,100000100101010101101001111111,1,1,0,0.27,0.19327731430530548,1,1
3,5,7,8,000000001000011100011110010110,1,1,0,0.9,0.6320000290870667,4,2
3,5,7,13,000000001000011100011110010110,1,1,0,0.57,0.36000001430511475,2,2
3,5,7,14,000000001000011100011110010110,1,1,0,0.63,0.8061224222183228,4,2
3,5,7,15,000000001000011100011110010110,1,1,0,0.45,0.2800000011920929,4,2
3,5,7,19,000000001000011100011110010110,1,1,0,0.9,0.2222222238779068,1,1
3,5,7,20,000000001000011100011110010110,1,1,0,0.94,0.22727273404598236,1,1
3,5,7,21,000000001000011100011110010110,1,1,0,0.94,0.30882352590560913,1,1
3,5,7,22,000000001000011100011110010110,1,1,0,0.24,0.5744680762290955,1,1
3,5,7,25,000000001000011100011110010110,1,1,0,0.55,0.07692307978868484,3,2
3,5,7,27,000000001000011100011110010110,1,1,0,0.74,0.4680851101875305,4,3
3,5,7,28,000000001000011100011110010110,1,1,0,0.5,0.34328359365463257,1,1
3,5,8,2,001100001000011100011110010010,1,1,0,0.66,0.6153846383094788,1,1
3,5,8,3,001100001000011100011110010010,1,1,0,0.83,0.828125,4,2
3,5,8,8,001100001000011100011110010010,1,1,0,0.9,0.6320000290870667,4,2
3,5,8,13,001100001000011100011110010010,1,1,0,0.57,0.36000001430511475,2,2
3,5,8,14,001100001000011100011110010010,1,1,0,0.63,0.8061224222183228,4,2
3,5,8,15,001100001000011100011110010010,1,1,0,0.45,0.2800000011920929,4,2
3,5,8,19,001100001000011100011110010010,1,1,0,0.9,0.2222222238779068,1,1
3,5,8,20,001100001000011100011110010010,1,1,0,0.94,0.22727273404598236,1,1
3,5,8,21,001100001000011100011110010010,1,1,0,0.94,0.30882352590560913,1,1
3,5,8,22,001100001000011100011110010010,1,1,0,0.24,0.5744680762290955,1,1
3,5,8,25,001100001000011100011110010010,1,1,0,0.55,0.07692307978868484,3,2
3,5,8,28,001100001000011100011110010010,1,1,0,0.5,0.34328359365463257,1,1
3,5,9,0,100000100111010001100001111101,1,1,0,0.1,0.078125,4,2
3,5,9,6,100000100111010001100001111101,1,1,0,0.54,0.10526315867900848,1,1
3,5,9,9,100000100111010001100001111101,1,1,0,0.24,0.35576921701431274,1,1
3,5,9,10,100000100111010001100001111101,1,1,0,0.47,0.1875,1,1
3,5,9,11,100000100111010001100001111101,1,1,0,0.8,0.17391304671764374,4,3
3,5,9,13,100000100111010001100001111101,1,1,0,0.57,0.36000001430511475,2,2
3,5,9,17,100000100111010001100001111101,1,1,0,0.33,0.10000000149011612,4,2
3,5,9,18,100000100111010001100001111101,1,1,0,0.67,0.23076923191547394,3,2
3,5,9,23,100000100111010001100001111101,1,1,0,0.49,0.6515151262283325,4,2
3,5,9,24,100000100111010001100001111101,1,1,0,0.21,0.21739129722118378,1,1
3,5,9,25,100000100111010001100001111101,1,1,0,0.55,0.07692307978868484,3,2
3,5,9,26,100000100111010001100001111101,1,1,0,0.59,0.07692307978868484,1,1
3,5,9,27,100000100111010001100001111101,1,1,0,0.74,0.4680851101875305,4,3
3,5,9,29,100000100111010001100001111101,1,1,0,0.27,0.19327731430530548,1,1
3,5,10,0,110001111011010101010001101001,1,1,0,0.1,0.078125,4,2
3,5,10,1,110001111011010101010001101001,1,1,0,0.75,0.4166666567325592,4,3
3,5,10,5,110001111011010101010001101001,1,1,0,0.75,0.3965517282485962,4,3
3,5,10,6,110001111011010101010001101001,1,1,0,0.54,0.10526315867900848,1,1
3,5,10,7,110001111011010101010001101001,1,1,0,0.16,0.14814814925193787,1,1
3,5,10,8,110001111011010101010001101001,1,1,0,0.9,0.6320000290870667,4,2
3,5,10,10,110001111011010101010001101001,1,1,0,0.47,0.1875,1,1
3,5,10,11,110001111011010101010001101001,1,1,0,0.8,0.17391304671764374,4,3
3,5,10,13,110001111011010101010001101001,1,1,0,0.57,0.36000001430511475,2,2
3,5,10,15,110001111011010101010001101001,1,1,0,0.45,0.2800000011920929,4,2
3,5,10,17,110001111011010101010001101001,1,1,0,0.33,0.10000000149011612,4,2
3,5,10,19,110001111011010101010001101001,1,1,0,0.9,0.2222222238779068,1,1
3,5,10,23,110001111011010101010001101001,1,1,0,0.49,0.6515151262283325,4,2
3,5,10,24,110001111011010101010001101001,1,1,0,0.21,0.21739129722118378,1,1
3,5,10,26,110001111011010101010001101001,1,1,0,0.59,0.07692307978868484,1,1
3,5,10,29,110001111011010101010001101001,1,1,0,0.27,0.19327731430530548,1,1
3,5,11,9,000000000101100100011110010010,1,1,0,0.24,0.35576921701431274,1,1
3,5,11,11,000000000101100100011110010010,1,1,0,0.8,0.17391304671764374,4,3
3,5,11,12,000000000101100100011110010010,1,1,0,0.9,0.6140350699424744,4,2
3,5,11,15,000000000101100100011110010010,1,1,0,0.45,0.2800000011920929,4,2
3,5,11,19,000000000101100100011110010010,1,1,0,0.9,0.2222222238779068,1,1
3,5,11,20,000000000101100100011110010010,1,1,0,0.94,0.22727273404598236,1,1
3,5,11,21,000000000101100100011110010010,1,1,0,0.94,0.30882352590560913,1,1
3,5,11,22,000000000101100100011110010010,1,1,0,0.24,0.5744680762290955,1,1
3,5,11,25,000000000101100100011110010010,1,1,0,0.55,0.07692307978868484,3,2
3,5,11,28,000000000101100100011110010010,1,1,0,0.5,0.34328359365463257,1,1
3,5,12,0,110000001111110101100010110100,1,1,0,0.1,0.078125,4,2
3,5,12,1,110000001111110101100010110100,1,1,0,0.75,0.4166666567325592,4,3
3,5,12,8,110000001111110101100010110100,1,1,0,0.9,0.6320000290870667,4,2
3,5,12,9,110000001111110101100010110100,1,1,0,0.24,0.35576921701431274,1,1
3,5,12,10,110000001111110101100010110100,1,1,0,0.47,0.1875,1,1
3,5,12,11,110000001111110101100010110100,1,1,0,0.8,0.17391304671764374,4,3
3,5,12,12,110000001111110101100010110100,1,1,0,0.9,0.6140350699424744,4,2
3,5,12,13,110000001111110101100010110100,1,1,0,0.57,0.36000001430511475,2,2
3,5,12,15,110000001111110101100010110100,1,1,0,0.45,0.2800000011920929,4,2
3,5,12,17,110000001111110101100010110100,1,1,0,0.33,0.10000000149011612,4,2
3,5,12,18,110000001111110101100010110100,1,1,0,0.67,0.23076923191547394,3,2
3,5,12,22,110000001111110101100010110100,1,1,0,0.24,0.5744680762290955,1,1
3,5,12,24,110000001111110101100010110100,1,1,0,0.21,0.21739129722118378,1,1
3,5,12,25,110000001111110101100010110100,1,1,0,0.55,0.07692307978868484,3,2
3,5,12,27,110000001111110101100010110100,1,1,0,0.74,0.4680851101875305,4,3
3,5,13,0,111001111011010101011101011110,1,1,0,0.1,0.078125,4,2
3,5,13,1,111001111011010101011101011110,1,1,0,0.75,0.4166666567325592,4,3
3,5,13,2,111001111011010101011101011110,1,1,0,0.66,0.6153846383094788,1,1
3,5,13,5,111001111011010101011101011110,1,1,0,0.75,0.3965517282485962,4,3
3,5,13,6,111001111011010101011101011110,1,1,0,0.54,0.10526315867900848,1,1
3,5,13,7,111001111011010101011101011110,1,1,0,0.16,0.14814814925193787,1,1
3,5,13,8,111001111011010101011101011110,1,1,0,0.9,0.6320000290870667,4,2
3,5,13,10,111001111011010101011101011110,1,1,0,0.47,0.1875,1,1
3,5,13,11,111001111011010101011101011110,1,1,0,0.8,0.17391304671764374,4,3
3,5,13,13,111001111011010101011101011110,1,1,0,0.57,0.36000001430511475,2,2
3,5,13,15,111001111011010101011101011110,1,1,0,0.45,0.2800000011920929,4,2
3,5,13,17,111001111011010101011101011110,1,1,0,0.33,0.10000000149011612,4,2
3,5,13,19,111001111011010101011101011110,1,1,0,0.9,0.2222222238779068,1,1
3,5,13,20,111001111011010101011101011110,1,1,0,0.94,0.22727273404598236,1,1
3,5,13,21,111001111011010101011101011110,1,1,0,0.94,0.30882352590560913,1,1
3,5,13,23,111001111011010101011101011110,1,1,0,0.49,0.6515151262283325,4,2
3,5,13,25,111001111011010101011101011110,1,1,0,0.55,0.07692307978868484,3,2
3,5,13,26,111001111011010101011101011110,1,1,0,0.59,0.07692307978868484,1,1
3,5,13,27,111001111011010101011101011110,1,1,0,0.74,0.4680851101875305,4,3
3,5,13,28,111001111011010101011101011110,1,1,0,0.5,0.34328359365463257,1,1
3,5,14,0,100010001010110100000000010000,1,1,0,0.1,0.078125,4,2
3,5,14,4,100010001010110100000000010000,1,1,0,0.47,0.3777777850627899,1,1
3,5,14,8,100010001010110100000000010000,1,1,0,0.9,0.6320000290870667,4,2
3,5,14,10,100010001010110100000000010000,1,1,0,0.47,0.1875,1,1
3,5,14,12,100010001010110100000000010000,1,1,0,0.9,0.6140350699424744,4,2
3,5,14,13,100010001010110100000000010000,1,1,0,0.57,0.36000001430511475,2,2
3,5,14,15,100010001010110100000000010000,1,1,0,0.45,0.2800000011920929,4,2
3,5,14,25,100010001010110100000000010000,1,1,0,0.55,0.07692307978868484,3,2
3,5,15,0,110000000001111100011001110111,1,1,0,0.1,0.078125,4,2
3,5,15,1,110000000001111100011001110111,1,1,0,0.75,0.4166666567325592,4,3
3,5,15,11,110000000001111100011001110111,1,1,0,0.8,0.17391304671764374,4,3
3,5,15,12,110000000001111100011001110111,1,1,0,0.9,0.6140350699424744,4,2
3,5,15,13,110000000001111100011001110111,1,1,0,0.57,0.36000001430511475,2,2
3,5,15,14,110000000001111100011001110111,1,1,0,0.63,0.8061224222183228,4,2
3,5,15,15,110000000001111100011001110111,1,1,0,0.45,0.2800000011920929,4,2
3,5,15,19,110000000001111100011001110111,1,1,0,0.9,0.2222222238779068,1,1
3,5,15,20,110000000001111100011001110111,1,1,0,0.94,0.22727273404598236,1,1
3,5,15,23,110000000001111100011001110111,1,1,0,0.49,0.6515151262283325,4,2
3,5,15,24,110000000001111100011001110111,1,1,0,0.21,0.21739129722118378,1,1
3,5,15,25,110000000001111100011001110111,1,1,0,0.55,0.07692307978868484,3,2
3,5,15,27,110000000001111100011001110111,1,1,0,0.74,0.4680851101875305,4,3
3,5,15,28,110000000001111100011001110111,1,1,0,0.5,0.34328359365463257,1,1
3,5,15,29,110000000001111100011001110111,1,1,0,0.27,0.19327731430530548,1,1
3,5,16,0,100010101001010101101001111101,1,1,0,0.1,0.078125,4,2
3,5,16,4,100010101001010101101001111101,1,1,0,0.47,0.3777777850627899,1,1
3,5,16,6,100010101001010101101001111101,1,1,0,0.54,0.10526315867900848,1,1
3,5,16,8,100010101001010101101001111101,1,1,0,0.9,0.6320000290870667,4,2
3,5,16,11,100010101001010101101001111101,1,1,0,0.8,0.17391304671764374,4,3
3,5,16,13,100010101001010101101001111101,1,1,0,0.57,0.36000001430511475,2,2
3,5,16,15,100010101001010101101001111101,1,1,0,0.45,0.2800000011920929,4,2
3,5,16,17,100010101001010101101001111101,1,1,0,0.33,0.10000000149011612,4,2
3,5,16,18,100010101001010101101001111101,1,1,0,0.67,0.23076923191547394,3,2
3,5,16,20,100010101001010101101001111101,1,1,0,0.94,0.22727273404598236,1,1
3,5,16,23,100010101001010101101001111101,1,1,0,0.49,0.6515151262283325,4,2
3,5,16,24,100010101001010101101001111101,1,1,0,0.21,0.21739129722118378,1,1
3,5,16,25,100010101001010101101001111101,1,1,0,0.55,0.07692307978868484,3,2
3,5,16,26,100010101001010101101001111101,1,1,0,0.59,0.07692307978868484,1,1
3,5,16,27,100010101001010101101001111101,1,1,0,0.74,0.4680851101875305,4,3
3,5,16,29,100010101001010101101001111101,1,1,0,0.27,0.19327731430530548,1,1
3,5,17,0,110001111011010101011101011110,1,1,0,0.1,0.078125,4,2
3,5,17,1,110001111011010101011101011110,1,1,0,0.75,0.4166666567325592,4,3
3,5,17,5,110001111011010101011101011110,1,1,0,0.75,0.3965517282485962,4,3
3,5,17,6,110001111011010101011101011110,1,1,0,0.54,0.10526315867900848,1,1
3,5,17,7,110001111011010101011101011110,1,1,0,0.16,0.14814814925193787,1,1
3,5,17,8,110001111011010101011101011110,1,1,0,0.9,0.6320000290870667,4,2
3,5,17,10,110001111011010101011101011110,1,1,0,0.47,0.1875,1,1
3,5,17,11,110001111011010101011101011110,1,1,0,0.8,0.17391304671764374,4,3
3,5,17,13,110001111011010101011101011110,1,1,0,0.57,0.36000001430511475,2,2
3,5,17,15,110001111011010101011101011110,1,1,0,0.45,0.2800000011920929,4,2
3,5,17,17,110001111011010101011101011110,1,1,0,0.33,0.10000000149011612,4,2
3,5,17,19,110001111011010101011101011110,1,1,0,0.9,0.2222222238779068,1,1
3,5,17,20,110001111011010101011101011110,1,1,0,0.94,0.22727273404598236,1,1
3,5,17,21,110001111011010101011101011110,1,1,0,0.94,0.30882352590560913,1,1
3,5,17,23,110001111011010101011101011110,1,1,0,0.49,0.6515151262283325,4,2
3,5,17,25,110001111011010101011101011110,1,1,0,0.55,0.07692307978868484,3,2
3,5,17,26,110001111011010101011101011110,1,1,0,0.59,0.07692307978868484,1,1
3,5,17,27,110001111011010101011101011110,1,1,0,0.74,0.4680851101875305,4,3
3,5,17,28,110001111011010101011101011110,1,1,0,0.5,0.34328359365463257,1,1
3,5,18,0,110001111011010101111001110110,1,1,0,0.1,0.078125,4,2
3,5,18,1,110001111011010101111001110110,1,1,0,0.75,0.4166666567325592,4,3
3,5,18,5,110001111011010101111001110110,1,1,0,0.75,0.3965517282485962,4,3
3,5,18,6,110001111011010101111001110110,1,1,0,0.54,0.10526315867900848,1,1
3,5,18,7,110001111011010101111001110110,1,1,0,0.16,0.14814814925193787,1,1
3,5,18,8,110001111011010101111001110110,1,1,0,0.9,0.6320000290870667,4,2
3,5,18,10,110001111011010101111001110110,1,1,0,0.47,0.1875,1,1
3,5,18,11,110001111011010101111001110110,1,1,0,0.8,0.17391304671764374,4,3
3,5,18,13,110001111011010101111001110110,1,1,0,0.57,0.36000001430511475,2,2
3,5,18,15,110001111011010101111001110110,1,1,0,0.45,0.2800000011920929,4,2
3,5,18,17,110001111011010101111001110110,1,1,0,0.33,0.10000000149011612,4,2
3,5,18,18,110001111011010101111001110110,1,1,0,0.67,0.23076923191547394,3,2
3,5,18,19,110001111011010101111001110110,1,1,0,0.9,0.2222222238779068,1,1
3,5,18,20,110001111011010101111001110110,1,1,0,0.94,0.22727273404598236,1,1
3,5,18,23,110001111011010101111001110110,1,1,0,0.49,0.6515151262283325,4,2
3,5,18,24,110001111011010101111001110110,1,1,0,0.21,0.21739129722118378,1,1
3,5,18,25,110001111011010101111001110110,1,1,0,0.55,0.07692307978868484,3,2
3,5,18,27,110001111011010101111001110110,1,1,0,0.74,0.4680851101875305,4,3
3,5,18,28,110001111011010101111001110110,1,1,0,0.5,0.34328359365463257,1,1
3,5,19,0,110011111011010101010000101001,1,1,0,0.1,0.078125,4,2
3,5,19,1,110011111011010101010000101001,1,1,0,0.75,0.4166666567325592,4,3
3,5,19,4,110011111011010101010000101001,1,1,0,0.47,0.3777777850627899,1,1
3,5,19,5,110011111011010101010000101001,1,1,0,0.75,0.3965517282485962,4,3
3,5,19,6,110011111011010101010000101001,1,1,0,0.54,0.10526315867900848,1,1
3,5,19,7,110011111011010101010000101001,1,1,0,0.16,0.14814814925193787,1,1
3,5,19,8,110011111011010101010000101001,1,1,0,0.9,0.6320000290870667,4,2
3,5,19,10,110011111011010101010000101001,1,1,0,0.47,0.1875,1,1
3,5,19,11,110011111011010101010000101001,1,1,0,0.8,0.17391304671764374,4,3
3,5,19,13,110011111011010101010000101001,1,1,0,0.57,0.36000001430511475,2,2
3,5,19,15,110011111011010101010000101001,1,1,0,0.45,0.2800000011920929,4,2
3,5,19,17,110011111011010101010000101001,1,1,0,0.33,0.10000000149011612,4,2
3,5,19,19,110011111011010101010000101001,1,1,0,0.9,0.2222222238779068,1,1
3,5,19,24,110011111011010101010000101001,1,1,0,0.21,0.21739129722118378,1,1
3,5,19,26,110011111011010101010000101001,1,1,0,0.59,0.07692307978868484,1,1
3,5,19,29,110011111011010101010000101001,1,1,0,0.27,0.19327731430530548,1,1
3,5,20,0,100100110001001101100000010110,1,1,0,0.1,0.078125,4,2
3,5,20,3,100100110001001101100000010110,1,1,0,0.83,0.828125,4,2
3,5,20,6,100100110001001101100000010110,1,1,0,0.54,0.10526315867900848,1,1
3,5,20,7,100100110001001101100000010110,1,1,0,0.16,0.14814814925193787,1,1
3,5,20,11,100100110001001101100000010110,1,1,0,0.8,0.17391304671764374,4,3
3,5,20,14,100100110001001101100000010110,1,1,0,0.63,0.8061224222183228,4,2
3,5,20,15,100100110001001101100000010110,1,1,0,0.45,0.2800000011920929,4,2
3,5,20,17,100100110001001101100000010110,1,1,0,0.33,0.10000000149011612,4,2
3,5,20,18,100100110001001101100000010110,1,1,0,0.67,0.23076923191547394,3,2
3,5,20,25,100100110001001101100000010110,1,1,0,0.55,0.07692307978868484,3,2
3,5,20,27,100100110001001101100000010110,1,1,0,0.74,0.4680851101875305,4,3
3,5,20,28,100100110001001101100000010110,1,1,0,0.5,0.34328359365463257,1,1
3,5,21,0,110001111011010100010100010010,1,1,0,0.1,0.078125,4,2
3,5,21,1,110001111011010100010100010010,1,1,0,0.75,0.4166666567325592,4,3
3,5,21,5,110001111011010100010100010010,1,1,0,0.75,0.3965517282485962,4,3
3,5,21,6,110001111011010100010100010010,1,1,0,0.54,0.10526315867900848,1,1
3,5,21,7,110001111011010100010100010010,1,1,0,0.16,0.14814814925193787,1,1
3,5,21,8,110001111011010100010100010010,1,1,0,0.9,0.6320000290870667,4,2
3,5,21,10,110001111011010100010100010010,1,1,0,0.47,0.1875,1,1
3,5,21,11,110001111011010100010100010010,1,1,0,0.8,0.17391304671764374,4,3
3,5,21,13,110001111011010100010100010010,1,1,0,0.57,0.36000001430511475,2,2
3,5,21,15,110001111011010100010100010010,1,1,0,0.45,0.2800000011920929,4,2
3,5,21,19,110001111011010100010100010010,1,1,0,0.9,0.2222222238779068,1,1
3,5,21,21,110001111011010100010100010010,1,1,0,0.94,0.30882352590560913,1,1
3,5,21,25,110001111011010100010100010010,1,1,0,0.55,0.07692307978868484,3,2
3,5,21,28,110001111011010100010100010010,1,1,0,0.5,0.34328359365463257,1,1
3,5,22,0,100000100111010001101001111111,1,1,0,0.1,0.078125,4,2
3,5,22,6,100000100111010001101001111111,1,1,0,0.54,0.10526315867900848,1,1
3,5,22,9,100000100111010001101001111111,1,1,0,0.24,0.35576921701431274,1,1
3,5,22,10,100000100111010001101001111111,1,1,0,0.47,0.1875,1,1
3,5,22,11,100000100111010001101001111111,1,1,0,0.8,0.17391304671764374,4,3
3,5,22,13,100000100111010001101001111111,1,1,0,0.57,0.36000001430511475,2,2
3,5,22,17,100000100111010001101001111111,1,1,0,0.33,0.10000000149011612,4,2
3,5,22,18,100000100111010001101001111111,1,1,0,0.67,0.23076923191547394,3,2
3,5,22,20,100000100111010001101001111111,1,1,0,0.94,0.22727273404598236,1,1
3,5,22,23,100000100111010001101001111111,1,1,0,0.49,0.6515151262283325,4,2
3,5,22,24,100000100111010001101001111111,1,1,0,0.21,0.21739129722118378,1,1
3,5,22,25,100000100111010001101001111111,1,1,0,0.55,0.07692307978868484,3,2
3,5,22,26,100000100111010001101001111111,1,1,0,0.59,0.07692307978868484,1,1
3,5,22,27,100000100111010001101001111111,1,1,0,0.74,0.4680851101875305,4,3
3,5,22,28,100000100111010001101001111111,1,1,0,0.5,0.34328359365463257,1,1
3,5,22,29,100000100111010001101001111111,1,1,0,0.27,0.19327731430530548,1,1
3,5,23,0,100100110001001101000000010110,1,1,0,0.1,0.078125,4,2
3,5,23,3,100100110001001101000000010110,1,1,0,0.83,0.828125,4,2
3,5,23,6,100100110001001101000000010110,1,1,0,0.54,0.10526315867900848,1,1
3,5,23,7,100100110001001101000000010110,1,1,0,0.16,0.14814814925193787,1,1
3,5,23,11,100100110001001101000000010110,1,1,0,0.8,0.17391304671764374,4,3
3,5,23,14,100100110001001101000000010110,1,1,0,0.63,0.8061224222183228,4,2
3,5,23,15,100100110001001101000000010110,1,1,0,0.45,0.2800000011920929,4,2
3,5,23,17,100100110001001101000000010110,1,1,0,0.33,0.10000000149011612,4,2
3,5,23,25,100100110001001101000000010110,1,1,0,0.55,0.07692307978868484,3,2
3,5,23,27,100100110001001101000000010110,1,1,0,0.74,0.4680851101875305,4,3
3,5,23,28,100100110001001101000000010110,1,1,0,0.5,0.34328359365463257,1,1
3,5,24,0,100110001010110101010110010000,1,1,0,0.1,0.078125,4,2
3,5,24,3,100110001010110101010110010000,1,1,0,0.83,0.828125,4,2
3,5,24,4,100110001010110101010110010000,1,1,0,0.47,0.3777777850627899,1,1
3,5,24,8,100110001010110101010110010000,1,1,0,0.9,0.6320000290870667,4,2
3,5,24,10,100110001010110101010110010000,1,1,0,0.47,0.1875,1,1
3,5,24,12,100110001010110101010110010000,1,1,0,0.9,0.6140350699424744,4,2
3,5,24,13,100110001010110101010110010000,1,1,0,0.57,0.36000001430511475,2,2
3,5,24,15,100110001010110101010110010000,1,1,0,0.45,0.2800000011920929,4,2
3,5,24,17,100110001010110101010110010000,1,1,0,0.33,0.10000000149011612,4,2
3,5,24,19,100110001010110101010110010000,1,1,0,0.9,0.2222222238779068,1,1
3,5,24,21,100110001010110101010110010000,1,1,0,0.94,0.30882352590560913,1,1
3,5,24,22,100110001010110101010110010000,1,1,0,0.24,0.5744680762290955,1,1
3,5,24,25,100110001010110101010110010000,1,1,0,0.55,0.07692307978868484,3,2
3,5,25,0,101001001011101101100100101001,1,1,0,0.1,0.078125,4,2
3,5,25,2,101001001011101101100100101001,1,1,0,0.66,0.6153846383094788,1,1
3,5,25,5,101001001011101101100100101001,1,1,0,0.75,0.3965517282485962,4,3
3,5,25,8,101001001011101101100100101001,1,1,0,0.9,0.6320000290870667,4,2
3,5,25,10,101001001011101101100100101001,1,1,0,0.47,0.1875,1,1
3,5,25,11,101001001011101101100100101001,1,1,0,0.8,0.17391304671764374,4,3
3,5,25,12,101001001011101101100100101001,1,1,0,0.9,0.6140350699424744,4,2
3,5,25,14,101001001011101101100100101001,1,1,0,0.63,0.8061224222183228,4,2
3,5,25,15,101001001011101101100100101001,1,1,0,0.45,0.2800000011920929,4,2
3,5,25,17,101001001011101101100100101001,1,1,0,0.33,0.10000000149011612,4,2
3,5,25,18,101001001011101101100100101001,1,1,0,0.67,0.23076923191547394,3,2
3,5,25,21,101001001011101101100100101001,1,1,0,0.94,0.30882352590560913,1,1
3,5,25,24,101001001011101101100100101001,1,1,0,0.21,0.21739129722118378,1,1
3,5,25,26,101001001011101101100100101001,1,1,0,0.59,0.07692307978868484,1,1
3,5,25,29,101001001011101101100100101001,1,1,0,0.27,0.19327731430530548,1,1
3,5,26,0,110010001010100101011101011110,1,1,0,0.1,0.078125,4,2
3,5,26,1,110010001010100101011101011110,1,1,0,0.75,0.4166666567325592,4,3
3,5,26,4,110010001010100101011101011110,1,1,0,0.47,0.3777777850627899,1,1
3,5,26,8,110010001010100101011101011110,1,1,0,0.9,0.6320000290870667,4,2
3,5,26,10,110010001010100101011101011110,1,1,0,0.47,0.1875,1,1
3,5,26,12,110010001010100101011101011110,1,1,0,0.9,0.6140350699424744,4,2
3,5,26,15,110010001010100101011101011110,1,1,0,0.45,0.2800000011920929,4,2
3,5,26,17,110010001010100101011101011110,1,1,0,0.33,0.10000000149011612,4,2
3,5,26,19,110010001010100101011101011110,1,1,0,0.9,0.2222222238779068,1,1
3,5,26,20,110010001010100101011101011110,1,1,0,0.94,0.22727273404598236,1,1
3,5,26,21,110010001010100101011101011110,1,1,0,0.94,0.30882352590560913,1,1
3,5,26,23,110010001010100101011101011110,1,1,0,0.49,0.6515151262283325,4,2
3,5,26,25,110010001010100101011101011110,1,1,0,0.55,0.07692307978868484,3,2
3,5,26,26,110010001010100101011101011110,1,1,0,0.59,0.07692307978868484,1,1
3,5,26,27,110010001010100101011101011110,1,1,0,0.74,0.4680851101875305,4,3
3,5,26,28,110010001010100101011101011110,1,1,0,0.5,0.34328359365463257,1,1
3,5,27,1,010110000001010111111001010000,1,1,0,0.75,0.4166666567325592,4,3
3,5,27,3,010110000001010111111001010000,1,1,0,0.83,0.828125,4,2
3,5,27,4,010110000001010111111001010000,1,1,0,0.47,0.3777777850627899,1,1
3,5,27,11,010110000001010111111001010000,1,1,0,0.8,0.17391304671764374,4,3
3,5,27,13,010110000001010111111001010000,1,1,0,0.57,0.36000001430511475,2,2
3,5,27,15,010110000001010111111001010000,1,1,0,0.45,0.2800000011920929,4,2
3,5,27,16,010110000001010111111001010000,1,1,0,0.44,0.6027397513389587,1,1
3,5,27,17,010110000001010111111001010000,1,1,0,0.33,0.10000000149011612,4,2
3,5,27,18,010110000001010111111001010000,1,1,0,0.67,0.23076923191547394,3,2
3,5,27,19,010110000001010111111001010000,1,1,0,0.9,0.2222222238779068,1,1
3,5,27,20,010110000001010111111001010000,1,1,0,0.94,0.22727273404598236,1,1
3,5,27,23,010110000001010111111001010000,1,1,0,0.49,0.6515151262283325,4,2
3,5,27,25,010110000001010111111001010000,1,1,0,0.55,0.07692307978868484,3,2
3,5,28,0,100000101001010001010110010000,1,1,0,0.1,0.078125,4,2
3,5,28,6,100000101001010001010110010000,1,1,0,0.54,0.10526315867900848,1,1
3,5,28,8,100000101001010001010110010000,1,1,0,0.9,0.6320000290870667,4,2
3,5,28,11,100000101001010001010110010000,1,1,0,0.8,0.17391304671764374,4,3
3,5,28,13,100000101001010001010110010000,1,1,0,0.57,0.36000001430511475,2,2
3,5,28,17,100000101001010001010110010000,1,1,0,0.33,0.10000000149011612,4,2
3,5,28,19,100000101001010001010110010000,1,1,0,0.9,0.2222222238779068,1,1
3,5,28,21,100000101001010001010110010000,1,1,0,0.94,0.30882352590560913,1,1
3,5,28,22,100000101001010001010110010000,1,1,0,0.24,0.5744680762290955,1,1
3,5,28,25,100000101001010001010110010000,1,1,0,0.55,0.07692307978868484,3,2
3,5,29,1,011001000001010000010101000111,1,1,0,0.75,0.4166666567325592,4,3
3,5,29,2,011001000001010000010101000111,1,1,0,0.66,0.6153846383094788,1,1
3,5,29,5,011001000001010000010101000111,1,1,0,0.75,0.3965517282485962,4,3
3,5,29,11,011001000001010000010101000111,1,1,0,0.8,0.17391304671764374,4,3
3,5,29,13,011001000001010000010101000111,1,1,0,0.57,0.36000001430511475,2,2
3,5,29,19,011001000001010000010101000111,1,1,0,0.9,0.2222222238779068,1,1
3,5,29,21,011001000001010000010101000111,1,1,0,0.94,0.30882352590560913,1,1
3,5,29,23,011001000001010000010101000111,1,1,0,0.49,0.6515151262283325,4,2
3,5,29,27,011001000001010000010101000111,1,1,0,0.74,0.4680851101875305,4,3
3,5,29,28,011001000001010000010101000111,1,1,0,0.5,0.34328359365463257,1,1
3,5,29,29,011001000001010000010101000111,1,1,0,0.27,0.19327731430530548,1,1
4,1,0,0,110001001000101101111011110100,1,1,0,0.15,0.0625,4,2
4,1,0,1,110001001000101101111011110100,1,1,0,0.8,0.4000000059604645,4,3
4,1,0,5,110001001000101101111011110100,1,1,0,0.8,0.3965517282485962,4,3
4,1,0,8,110001001000101101111011110100,1,1,0,0.8,0.8320000171661377,5,3
4,1,0,12,110001001000101101111011110100,1,1,0,0.95,0.719298243522644,4,2
4,1,0,14,110001001000101101111011110100,1,1,0,0.53,0.8673469424247742,5,3
4,1,0,15,110001001000101101111011110100,1,1,0,0.35,0.6266666650772095,5,3
4,1,0,17,110001001000101101111011110100,1,1,0,0.38,0.10000000149011612,4,2
4,1,0,18,110001001000101101111011110100,1,1,0,0.72,0.35384616255760193,3,2
4,1,0,19,110001001000101101111011110100,1,1,0,0.8,0.3194444477558136,5,2
4,1,0,20,110001001000101101111011110100,1,1,0,0.84,0.42424243688583374,5,2
4,1,0,22,110001001000101101111011110100,1,1,0,0.14,0.5744680762290955,5,2
4,1,0,23,110001001000101101111011110100,1,1,0,0.54,0.6515151262283325,4,2
4,1,0,24,110001001000101101111011110100,1,1,0,0.26,0.4637681245803833,1,1
4,1,0,25,110001001000101101111011110100,1,1,0,0.45,0.38461539149284363,5,3
4,1,0,27,110001001000101101111011110100,1,1,0,0.79,0.4893617033958435,4,3
4,1,1,1,010110100011000011000000110000,1,1,0,0.8,0.4000000059604645,4,3
4,1,1,3,010110100011000011000000110000,1,1,0,0.73,0.828125,5,3
4,1,1,4,010110100011000011000000110000,1,1,0,0.52,0.4444444477558136,1,1
4,1,1,6,010110100011000011000000110000,1,1,0,0.59,0.34210526943206787,1,1
4,1,1,10,010110100011000011000000110000,1,1,0,0.52,0.4000000059604645,1,1
4,1,1,11,010110100011000011000000110000,1,1,0,0.85,0.43478259444236755,4,3
4,1,1,16,010110100011000011000000110000,1,1,0,0.49,0.6027397513389587,1,1
4,1,1,17,010110100011000011000000110000,1,1,0,0.38,0.10000000149011612,4,2
4,1,1,24,010110100011000011000000110000,1,1,0,0.26,0.4637681245803833,1,1
4,1,1,25,010110100011000011000000110000,1,1,0,0.45,0.38461539149284363,5,3
4,1,2,0,110000000111101100011001110110,1,1,0,0.15,0.0625,4,2
4,1,2,1,110000000111101100011001110110,1,1,0,0.8,0.4000000059604645,4,3
4,1,2,9,110000000111101100011001110110,1,1,0,0.29,0.48076921701431274,1,1
4,1,2,10,110000000111101100011001110110,1,1,0,0.52,0.4000000059604645,1,1
4,1,2,11,110000000111101100011001110110,1,1,0,0.85,0.43478259444236755,4,3
4,1,2,12,110000000111101100011001110110,1,1,0,0.95,0.719298243522644,4,2
4,1,2,14,110000000111101100011001110110,1,1,0,0.53,0.8673469424247742,5,3
4,1,2,15,110000000111101100011001110110,1,1,0,0.35,0.6266666650772095,5,3
4,1,2,19,110000000111101100011001110110,1,1,0,0.8,0.3194444477558136,5,2
4,1,2,20,110000000111101100011001110110,1,1,0,0.84,0.42424243688583374,5,2
4,1,2,23,110000000111101100011001110110,1,1,0,0.54,0.6515151262283325,4,2
4,1,2,24,110000000111101100011001110110,1,1,0,0.26,0.4637681245803833,1,1
4,1,2,25,110000000111101100011001110110,1,1,0,0.45,0.38461539149284363,5,3
4,1,2,27,110000000111101100011001110110,1,1,0,0.79,0.4893617033958435,4,3
4,1,2,28,110000000111101100011001110110,1,1,0,0.4,0.43283581733703613,5,2
4,1,3,0,101100100000101011111000010100,1,1,0,0.15,0.0625,4,2
4,1,3,2,101100100000101011111000010100,1,1,0,0.56,0.692307710647583,5,2
4,1,3,3,101100100000101011111000010100,1,1,0,0.73,0.828125,5,3
4,1,3,6,101100100000101011111000010100,1,1,0,0.59,0.34210526943206787,1,1
4,1,3,12,101100100000101011111000010100,1,1,0,0.95,0.719298243522644,4,2
4,1,3,14,101100100000101011111000010100,1,1,0,0.53,0.8673469424247742,5,3
4,1,3,16,101100100000101011111000010100,1,1,0,0.49,0.6027397513389587,1,1
4,1,3,17,101100100000101011111000010100,1,1,0,0.38,0.10000000149011612,4,2
4,1,3,18,101100100000101011111000010100,1,1,0,0.72,0.35384616255760193,3,2
4,1,3,19,101100100000101011111000010100,1,1,0,0.8,0.3194444477558136,5,2
4,1,3,20,101100100000101011111000010100,1,1,0,0.84,0.42424243688583374,5,2
4,1,3,25,101100100000101011111000010100,1,1,0,0.45,0.38461539149284363,5,3
4,1,3,27,101100100000101011111000010100,1,1,0,0.79,0.4893617033958435,4,3
4,1,4,0,111111101011110101010101000011,1,1,0,0.15,0.0625,4,2
4,1,4,1,111111101011110101010101000011,1,1,0,0.8,0.4000000059604645,4,3
4,1,4,2,111111101011110101010101000011,1,1,0,0.56,0.692307710647583,5,2
4,1,4,3,111111101011110101010101000011,1,1,0,0.73,0.828125,5,3
4,1,4,4,111111101011110101010101000011,1,1,0,0.52,0.4444444477558136,1,1
4,1,4,5,111111101011110101010101000011,1,1,0,0.8,0.3965517282485962,4,3
4,1,4,6,111111101011110101010101000011,1,1,0,0.59,0.34210526943206787,1,1
4,1,4,8,111111101011110101010101000011,1,1,0,0.8,0.8320000171661377,5,3
4,1,4,10,111111101011110101010101000011,1,1,0,0.52,0.4000000059604645,1,1
4,1,4,11,111111101011110101010101000011,1,1,0,0.85,0.43478259444236755,4,3
4,1,4,12,111111101011110101010101000011,1,1,0,0.95,0.719298243522644,4,2
4,1,4,13,111111101011110101010101000011,1,1,0,0.62,0.4399999976158142,2,2
4,1,4,15,111111101011110101010101000011,1,1,0,0.35,0.6266666650772095,5,3
4,1,4,17,111111101011110101010101000011,1,1,0,0.38,0.10000000149011612,4,2
4,1,4,19,111111101011110101010101000011,1,1,0,0.8,0.3194444477558136,5,2
4,1,4,21,111111101011110101010101000011,1,1,0,0.84,0.6470588445663452,5,2
4,1,4,23,111111101011110101010101000011,1,1,0,0.54,0.6515151262283325,4,2
4,1,4,28,111111101011110101010101000011,1,1,0,0.4,0.43283581733703613,5,2
4,1,4,29,111111101011110101010101000011,1,1,0,0.32,0.3193277418613434,1,1
4,1,5,1,011101010000000111110100000111,1,1,0,0.8,0.4000000059604645,4,3
4,1,5,2,011101010000000111110100000111,1,1,0,0.56,0.692307710647583,5,2
4,1,5,3,011101010000000111110100000111,1,1,0,0.73,0.828125,5,3
4,1,5,5,011101010000000111110100000111,1,1,0,0.8,0.3965517282485962,4,3
4,1,5,7,011101010000000111110100000111,1,1,0,0.21,0.5092592835426331,1,1
4,1,5,15,011101010000000111110100000111,1,1,0,0.35,0.6266666650772095,5,3
4,1,5,16,011101010000000111110100000111,1,1,0,0.49,0.6027397513389587,1,1
4,1,5,17,011101010000000111110100000111,1,1,0,0.38,0.10000000149011612,4,2
4,1,5,18,011101010000000111110100000111,1,1,0,0.72,0.35384616255760193,3,2
4,1,5,19,011101010000000111110100000111,1,1,0,0.8,0.3194444477558136,5,2
4,1,5,21,011101010000000111110100000111,1,1,0,0.84,0.6470588445663452,5,2
4,1,5,27,011101010000000111110100000111,1,1,0,0.79,0.4893617033958435,4,3
4,1,5,28,011101010000000111110100000111,1,1,0,0.4,0.43283581733703613,5,2
4,1,5,29,011101010000000111110100000111,1,1,0,0.32,0.3193277418613434,1,1
4,1,6,0,100000100101010101101001111111,1,1,0,0.15,0.0625,4,2
4,1,6,6,100000100101010101101001111111,1,1,0,0.59,0.34210526943206787,1,1
4,1,6,9,100000100101010101101001111111,1,1,0,0.29,0.48076921701431274,1,1
4,1,6,11,100000100101010101101001111111,1,1,0,0.85,0.43478259444236755,4,3
4,1,6,13,100000100101010101101001111111,1,1,0,0.62,0.4399999976158142,2,2
4,1,6,15,100000100101010101101001111111,1,1,0,0.35,0.6266666650772095,5,3
4,1,6,17,100000100101010101101001111111,1,1,0,0.38,0.10000000149011612,4,2
4,1,6,18,100000100101010101101001111111,1,1,0,0.72,0.35384616255760193,3,2
4,1,6,20,100000100101010101101001111111,1,1,0,0.84,0.42424243688583374,5,2
4,1,6,23,100000100101010101101001111111,1,1,0,0.54,0.6515151262283325,4,2
4,1,6,24,100000100101010101101001111111,1,1,0,0.26,0.4637681245803833,1,1
4,1,6,25,100000100101010101101001111111,1,1,0,0.45,0.38461539149284363,5,3
4,1,6,26,100000100101010101101001111111,1,1,0,0.64,0.2211538404226303,1,1
4,1,6,27,100000100101010101101001111111,1,1,0,0.79,0.4893617033958435,4,3
4,1,6,28,100000100101010101101001111111,1,1,0,0.4,0.43283581733703613,5,2
4,1,6,29,100000100101010101101001111111,1,1,0,0.32,0.3193277418613434,1,1
4,1,7,0,100001010001010000010110100110,1,1,0,0.15,0.0625,4,2
4,1,7,5,100001010001010000010110100110,1,1,0,0.8,0.3965517282485962,4,3
4,1,7,7,100001010001010000010110100110,1,1,0,0.21,0.5092592835426331,1,1
4,1,7,11,100001010001010000010110100110,1,1,0,0.85,0.43478259444236755,4,3
4,1,7,13,100001010001010000010110100110,1,1,0,0.62,0.4399999976158142,2,2
4,1,7,19,100001010001010000010110100110,1,1,0,0.8,0.3194444477558136,5,2
4,1,7,21,100001010001010000010110100110,1,1,0,0.84,0.6470588445663452,5,2
4,1,7,22,100001010001010000010110100110,1,1,0,0.14,0.5744680762290955,5,2
4,1,7,24,100001010001010000010110100110,1,1,0,0.26,0.4637681245803833,1,1
4,1,7,27,100001010001010000010110100110,1,1,0,0.79,0.4893617033958435,4,3
4,1,7,28,100001010001010000010110100110,1,1,0,0.4,0.43283581733703613,5,2
4,1,8,0,110010101010111100000001011111,1,1,0,0.15,0.0625,4,2
4,1,8,1,110010101010111100000001011111,1,1,0,0.8,0.4000000059604645,4,3
4,1,8,4,110010101010111100000001011111,1,1,0,0.52,0.4444444477558136,1,1
4,1,8,6,110010101010111100000001011111,1,1,0,0.59,0.34210526943206787,1,1
4,1,8,8,110010101010111100000001011111,1,1,0,0.8,0.8320000171661377,5,3
4,1,8,10,110010101010111100000001011111,1,1,0,0.52,0.4000000059604645,1,1
4,1,8,12,110010101010111100000001011111,1,1,0,0.95,0.719298243522644,4,2
4,1,8,13,110010101010111100000001011111,1,1,0,0.62,0.4399999976158142,2,2
4,1,8,14,110010101010111100000001011111,1,1,0,0.53,0.8673469424247742,5,3
4,1,8,15,110010101010111100000001011111,1,1,0,0.35,0.6266666650772095,5,3
4,1,8,23,110010101010111100000001011111,1,1,0,0.54,0.6515151262283325,4,2
4,1,8,25,110010101010111100000001011111,1,1,0,0.45,0.38461539149284363,5,3
4,1,8,26,110010101010111100000001011111,1,1,0,0.64,0.2211538404226303,1,1
4,1,8,27,110010101010111100000001011111,1,1,0,0.79,0.4893617033958435,4,3
4,1,8,28,110010101010111100000001011111,1,1,0,0.4,0.43283581733703613,5,2
4,1,8,29,110010101010111100000001011111,1,1,0,0.32,0.3193277418613434,1,1
4,1,9,0,101001001011101010100100101001,1,1,0,0.15,0.0625,4,2
4,1,9,2,101001001011101010100100101001,1,1,0,0.56,0.692307710647583,5,2
4,1,9,5,101001001011101010100100101001,1,1,0,0.8,0.3965517282485962,4,3
4,1,9,8,101001001011101010100100101001,1,1,0,0.8,0.8320000171661377,5,3
4,1,9,10,101001001011101010100100101001,1,1,0,0.52,0.4000000059604645,1,1
4,1,9,11,101001001011101010100100101001,1,1,0,0.85,0.43478259444236755,4,3
4,1,9,12,101001001011101010100100101001,1,1,0,0.95,0.719298243522644,4,2
4,1,9,14,101001001011101010100100101001,1,1,0,0.53,0.8673469424247742,5,3
4,1,9,16,101001001011101010100100101001,1,1,0,0.49,0.6027397513389587,1,1
4,1,9,18,101001001011101010100100101001,1,1,0,0.72,0.35384616255760193,3,2
4,1,9,21,101001001011101010100100101001,1,1,0,0.84,0.6470588445663452,5,2
4,1,9,24,101001001011101010100100101001,1,1,0,0.26,0.4637681245803833,1,1
4,1,9,26,101001001011101010100100101001,1,1,0,0.64,0.2211538404226303,1,1
4,1,9,29,101001001011101010100100101001,1,1,0,0.32,0.3193277418613434,1,1
4,1,10,0,111101110011010101011111010001,1,1,0,0.15,0.0625,4,2
4,1,10,1,111101110011010101011111010001,1,1,0,0.8,0.4000000059604645,4,3
4,1,10,2,111101110011010101011111010001,1,1,0,0.56,0.692307710647583,5,2
4,1,10,3,111101110011010101011111010001,1,1,0,0.73,0.828125,5,3
4,1,10,5,111101110011010101011111010001,1,1,0,0.8,0.3965517282485962,4,3
4,1,10,6,111101110011010101011111010001,1,1,0,0.59,0.34210526943206787,1,1
4,1,10,7,111101110011010101011111010001,1,1,0,0.21,0.5092592835426331,1,1
4,1,10,10,111101110011010101011111010001,1,1,0,0.52,0.4000000059604645,1,1
4,1,10,11,111101110011010101011111010001,1,1,0,0.85,0.43478259444236755,4,3
4,1,10,13,111101110011010101011111010001,1,1,0,0.62,0.4399999976158142,2,2
4,1,10,15,111101110011010101011111010001,1,1,0,0.35,0.6266666650772095,5,3
4,1,10,17,111101110011010101011111010001,1,1,0,0.38,0.10000000149011612,4,2
4,1,10,19,111101110011010101011111010001,1,1,0,0.8,0.3194444477558136,5,2
4,1,10,20,111101110011010101011111010001,1,1,0,0.84,0.42424243688583374,5,2
4,1,10,21,111101110011010101011111010001,1,1,0,0.84,0.6470588445663452,5,2
4,1,10,22,111101110011010101011111010001,1,1,0,0.14,0.5744680762290955,5,2
4,1,10,23,111101110011010101011111010001,1,1,0,0.54,0.6515151262283325,4,2
4,1,10,25,111101110011010101011111010001,1,1,0,0.45,0.38461539149284363,5,3
4,1,10,29,111101110011010101011111010001,1,1,0,0.32,0.3193277418613434,1,1
4,2,0,0,110001001000101101111011110100,1,1,0,0.15,0.0625,4,2
4,2,0,1,110001001000101101111011110100,1,1,0,0.8,0.4000000059604645,4,3
4,2,0,5,110001001000101101111011110100,1,1,0,0.8,0.3965517282485962,4,3
4,2,0,8,110001001000101101111011110100,1,1,0,0.8,0.8320000171661377,5,3
4,2,0,12,110001001000101101111011110100,1,1,0,0.95,0.719298243522644,4,2
4,2,0,14,110001001000101101111011110100,1,1,0,0.53,0.8673469424247742,5,3
4,2,0,15,110001001000101101111011110100,1,1,0,0.35,0.6266666650772095,5,3
4,2,0,17,110001001000101101111011110100,1,1,0,0.38,0.10000000149011612,4,2
4,2,0,18,110001001000101101111011110100,1,1,0,0.72,0.35384616255760193,3,2
4,2,0,19,110001001000101101111011110100,1,1,0,0.8,0.3194444477558136,5,2
4,2,0,20,110001001000101101111011110100,1,1,0,0.84,0.42424243688583374,5,2
4,2,0,22,110001001000101101111011110100,1,1,0,0.14,0.5744680762290955,5,2
4,2,0,23,110001001000101101111011110100,1,1,0,0.54,0.6515151262283325,4,2
4,2,0,24,110001001000101101111011110100,1,1,0,0.26,0.4637681245803833,1,1
4,2,0,25,110001001000101101111011110100,1,1,0,0.45,0.38461539149284363,5,3
4,2,0,27,110001001000101101111011110100,1,1,0,0.79,0.4893617033958435,4,3
4,2,1,0,110000000111101100011001110110,1,1,0,0.15,0.0625,4,2
4,2,1,1,110000000111101100011001110110,1,1,0,0.8,0.4000000059604645,4,3
4,2,1,9,110000000111101100011001110110,1,1,0,0.29,0.48076921701431274,1,1
4,2,1,10,110000000111101100011001110110,1,1,0,0.52,0.4000000059604645,1,1
4,2,1,11,110000000111101100011001110110,1,1,0,0.85,0.43478259444236755,4,3
4,2,1,12,110000000111101100011001110110,1,1,0,0.95,0.719298243522644,4,2
4,2,1,14,110000000111101100011001110110,1,1,0,0.53,0.8673469424247742,5,3
4,2,1,15,110000000111101100011001110110,1,1,0,0.35,0.6266666650772095,5,3
4,2,1,19,110000000111101100011001110110,1,1,0,0.8,0.3194444477558136,5,2
4,2,1,20,110000000111101100011001110110,1,1,0,0.84,0.42424243688583374,5,2
4,2,1,23,110000000111101100011001110110,1,1,0,0.54,0.6515151262283325,4,2
4,2,1,24,110000000111101100011001110110,1,1,0,0.26,0.4637681245803833,1,1
4,2,1,25,110000000111101100011001110110,1,1,0,0.45,0.38461539149284363,5,3
4,2,1,27,110000000111101100011001110110,1,1,0,0.79,0.4893617033958435,4,3
4,2,1,28,110000000111101100011001110110,1,1,0,0.4,0.43283581733703613,5,2
4,2,2,0,101100100000101011111000010100,1,1,0,0.15,0.0625,4,2
4,2,2,2,101100100000101011111000010100,1,1,0,0.56,0.692307710647583,5,2
4,2,2,3,101100100000101011111000010100,1,1,0,0.73,0.828125,5,3
4,2,2,6,101100100000101011111000010100,1,1,0,0.59,0.34210526943206787,1,1
4,2,2,12,101100100000101011111000010100,1,1,0,0.95,0.719298243522644,4,2
4,2,2,14,101100100000101011111000010100,1,1,0,0.53,0.8673469424247742,5,3
4,2,2,16,101100100000101011111000010100,1,1,0,0.49,0.6027397513389587,1,1
4,2,2,17,101100100000101011111000010100,1,1,0,0.38,0.10000000149011612,4,2
4,2,2,18,101100100000101011111000010100,1,1,0,0.72,0.35384616255760193,3,2
4,2,2,19,101100100000101011111000010100,1,1,0,0.8,0.3194444477558136,5,2
4,2,2,20,101100100000101011111000010100,1,1,0,0.84,0.42424243688583374,5,2
4,2,2,25,101100100000101011111000010100,1,1,0,0.45,0.38461539149284363,5,3
4,2,2,27,101100100000101011111000010100,1,1,0,0.79,0.4893617033958435,4,3
4,2,3,0,111111101011110101010101000011,1,1,0,0.15,0.0625,4,2
4,2,3,1,111111101011110101010101000011,1,1,0,0.8,0.4000000059604645,4,3
4,2,3,2,111111101011110101010101000011,1,1,0,0.56,0.692307710647583,5,2
4,2,3,3,111111101011110101010101000011,1,1,0,0.73,0.828125,5,3
4,2,3,4,111111101011110101010101000011,1,1,0,0.52,0.4444444477558136,1,1
4,2,3,5,111111101011110101010101000011,1,1,0,0.8,0.3965517282485962,4,3
4,2,3,6,111111101011110101010101000011,1,1,0,0.59,0.34210526943206787,1,1
4,2,3,8,111111101011110101010101000011,1,1,0,0.8,0.8320000171661377,5,3
4,2,3,10,111111101011110101010101000011,1,1,0,0.52,0.4000000059604645,1,1
4,2,3,11,111111101011110101010101000011,1,1,0,0.85,0.43478259444236755,4,3
4,2,3,12,111111101011110101010101000011,1,1,0,0.95,0.719298243522644,4,2
4,2,3,13,111111101011110101010101000011,1,1,0,0.62,0.4399999976158142,2,2
4,2,3,15,111111101011110101010101000011,1,1,0,0.35,0.6266666650772095,5,3
4,2,3,17,111111101011110101010101000011,1,1,0,0.38,0.10000000149011612,4,2
4,2,3,19,111111101011110101010101000011,1,1,0,0.8,0.3194444477558136,5,2
4,2,3,21,111111101011110101010101000011,1,1,0,0.84,0.6470588445663452,5,2
4,2,3,23,111111101011110101010101000011,1,1,0,0.54,0.6515151262283325,4,2
4,2,3,28,111111101011110101010101000011,1,1,0,0.4,0.43283581733703613,5,2
4,2,3,29,111111101011110101010101000011,1,1,0,0.32,0.3193277418613434,1,1
4,2,4,0,100000100101010101101001111111,1,1,0,0.15,0.0625,4,2
4,2,4,6,100000100101010101101001111111,1,1,0,0.59,0.34210526943206787,1,1
4,2,4,9,100000100101010101101001111111,1,1,0,0.29,0.48076921701431274,1,1
4,2,4,11,100000100101010101101001111111,1,1,0,0.85,0.43478259444236755,4,3
4,2,4,13,100000100101010101101001111111,1,1,0,0.62,0.4399999976158142,2,2
4,2,4,15,100000100101010101101001111111,1,1,0,0.35,0.6266666650772095,5,3
4,2,4,17,100000100101010101101001111111,1,1,0,0.38,0.10000000149011612,4,2
4,2,4,18,100000100101010101101001111111,1,1,0,0.72,0.35384616255760193,3,2
4,2,4,20,100000100101010101101001111111,1,1,0,0.84,0.42424243688583374,5,2
4,2,4,23,100000100101010101101001111111,1,1,0,0.54,0.6515151262283325,4,2
4,2,4,24,100000100101010101101001111111,1,1,0,0.26,0.4637681245803833,1,1
4,2,4,25,100000100101010101101001111111,1,1,0,0.45,0.38461539149284363,5,3
4,2,4,26,100000100101010101101001111111,1,1,0,0.64,0.2211538404226303,1,1
4,2,4,27,100000100101010101101001111111,1,1,0,0.79,0.4893617033958435,4,3
4,2,4,28,100000100101010101101001111111,1,1,0,0.4,0.43283581733703613,5,2
4,2,4,29,100000100101010101101001111111,1,1,0,0.32,0.3193277418613434,1,1
4,2,5,0,100001010001010000010110100110,1,1,0,0.15,0.0625,4,2
4,2,5,5,100001010001010000010110100110,1,1,0,0.8,0.3965517282485962,4,3
4,2,5,7,100001010001010000010110100110,1,1,0,0.21,0.5092592835426331,1,1
4,2,5,11,100001010001010000010110100110,1,1,0,0.85,0.43478259444236755,4,3
4,2,5,13,100001010001010000010110100110,1,1,0,0.62,0.4399999976158142,2,2
4,2,5,19,100001010001010000010110100110,1,1,0,0.8,0.3194444477558136,5,2
4,2,5,21,100001010001010000010110100110,1,1,0,0.84,0.6470588445663452,5,2
4,2,5,22,100001010001010000010110100110,1,1,0,0.14,0.5744680762290955,5,2
4,2,5,24,100001010001010000010110100110,1,1,0,0.26,0.4637681245803833,1,1
4,2,5,27,100001010001010000010110100110,1,1,0,0.79,0.4893617033958435,4,3
4,2,5,28,100001010001010000010110100110,1,1,0,0.4,0.43283581733703613,5,2
4,2,6,0,101001001011101010100100101001,1,1,0,0.15,0.0625,4,2
4,2,6,2,101001001011101010100100101001,1,1,0,0.56,0.692307710647583,5,2
4,2,6,5,101001001011101010100100101001,1,1,0,0.8,0.3965517282485962,4,3
4,2,6,8,101001001011101010100100101001,1,1,0,0.8,0.8320000171661377,5,3
4,2,6,10,101001001011101010100100101001,1,1,0,0.52,0.4000000059604645,1,1
4,2,6,11,101001001011101010100100101001,1,1,0,0.85,0.43478259444236755,4,3
4,2,6,12,101001001011101010100100101001,1,1,0,0.95,0.719298243522644,4,2
4,2,6,14,101001001011101010100100101001,1,1,0,0.53,0.8673469424247742,5,3
4,2,6,16,101001001011101010100100101001,1,1,0,0.49,0.6027397513389587,1,1
4,2,6,18,101001001011101010100100101001,1,1,0,0.72,0.35384616255760193,3,2
4,2,6,21,101001001011101010100100101001,1,1,0,0.84,0.6470588445663452,5,2
4,2,6,24,101001001011101010100100101001,1,1,0,0.26,0.4637681245803833,1,1
4,2,6,26,101001001011101010100100101001,1,1,0,0.64,0.2211538404226303,1,1
4,2,6,29,101001001011101010100100101001,1,1,0,0.32,0.3193277418613434,1,1
4,2,7,0,111101110011010101011111010001,1,1,0,0.15,0.0625,4,2
4,2,7,1,111101110011010101011111010001,1,1,0,0.8,0.4000000059604645,4,3
4,2,7,2,111101110011010101011111010001,1,1,0,0.56,0.692307710647583,5,2
4,2,7,3,111101110011010101011111010001,1,1,0,0.73,0.828125,5,3
4,2,7,5,111101110011010101011111010001,1,1,0,0.8,0.3965517282485962,4,3
4,2,7,6,111101110011010101011111010001,1,1,0,0.59,0.34210526943206787,1,1
4,2,7,7,111101110011010101011111010001,1,1,0,0.21,0.5092592835426331,1,1
4,2,7,10,111101110011010101011111010001,1,1,0,0.52,0.4000000059604645,1,1
4,2,7,11,111101110011010101011111010001,1,1,0,0.85,0.43478259444236755,4,3
4,2,7,13,111101110011010101011111010001,1,1,0,0.62,0.4399999976158142,2,2
4,2,7,15,111101110011010101011111010001,1,1,0,0.35,0.6266666650772095,5,3
4,2,7,17,111101110011010101011111010001,1,1,0,0.38,0.10000000149011612,4,2
4,2,7,19,111101110011010101011111010001,1,1,0,0.8,0.3194444477558136,5,2
4,2,7,20,111101110011010101011111010001,1,1,0,0.84,0.42424243688583374,5,2
4,2,7,21,111101110011010101011111010001,1,1,0,0.84,0.6470588445663452,5,2
4,2,7,22,111101110011010101011111010001,1,1,0,0.14,0.5744680762290955,5,2
4,2,7,23,111101110011010101011111010001,1,1,0,0.54,0.6515151262283325,4,2
4,2,7,25,111101110011010101011111010001,1,1,0,0.45,0.38461539149284363,5,3
4,2,7,29,111101110011010101011111010001,1,1,0,0.32,0.3193277418613434,1,1
4,2,8,0,101100101000101101111000010100,1,1,0,0.15,0.0625,4,2
4,2,8,2,101100101000101101111000010100,1,1,0,0.56,0.692307710647583,5,2
4,2,8,3,101100101000101101111000010100,1,1,0,0.73,0.828125,5,3
4,2,8,6,101100101000101101111000010100,1,1,0,0.59,0.34210526943206787,1,1
4,2,8,8,101100101000101101111000010100,1,1,0,0.8,0.8320000171661377,5,3
4,2,8,12,101100101000101101111000010100,1,1,0,0.95,0.719298243522644,4,2
4,2,8,14,101100101000101101111000010100,1,1,0,0.53,0.8673469424247742,5,3
4,2,8,15,101100101000101101111000010100,1,1,0,0.35,0.6266666650772095,5,3
4,2,8,17,101100101000101101111000010100,1,1,0,0.38,0.10000000149011612,4,2
4,2,8,18,101100101000101101111000010100,1,1,0,0.72,0.35384616255760193,3,2
4,2,8,19,101100101000101101111000010100,1,1,0,0.8,0.3194444477558136,5,2
4,2,8,20,101100101000101101111000010100,1,1,0,0.84,0.42424243688583374,5,2
4,2,8,25,101100101000101101111000010100,1,1,0,0.45,0.38461539149284363,5,3
4,2,8,27,101100101000101101111000010100,1,1,0,0.79,0.4893617033958435,4,3
4,2,9,0,100000100101010101101001111011,1,1,0,0.15,0.0625,4,2
4,2,9,6,100000100101010101101001111011,1,1,0,0.59,0.34210526943206787,1,1
4,2,9,9,100000100101010101101001111011,1,1,0,0.29,0.48076921701431274,1,1
4,2,9,11,100000100101010101101001111011,1,1,0,0.85,0.43478259444236755,4,3
4,2,9,13,100000100101010101101001111011,1,1,0,0.62,0.4399999976158142,2,2
4,2,9,15,100000100101010101101001111011,1,1,0,0.35,0.6266666650772095,5,3
4,2,9,17,100000100101010101101001111011,1,1,0,0.38,0.10000000149011612,4,2
4,2,9,18,100000100101010101101001111011,1,1,0,0.72,0.35384616255760193,3,2
4,2,9,20,100000100101010101101001111011,1,1,0,0.84,0.42424243688583374,5,2
4,2,9,23,100000100101010101101001111011,1,1,0,0.54,0.6515151262283325,4,2
4,2,9,24,100000100101010101101001111011,1,1,0,0.26,0.4637681245803833,1,1
4,2,9,25,100000100101010101101001111011,1,1,0,0.45,0.38461539149284363,5,3
4,2,9,26,100000100101010101101001111011,1,1,0,0.64,0.2211538404226303,1,1
4,2,9,28,100000100101010101101001111011,1,1,0,0.4,0.43283581733703613,5,2
4,2,9,29,100000100101010101101001111011,1,1,0,0.32,0.3193277418613434,1,1
4,2,10,0,111111101011110101011111010001,1,1,0,0.15,0.0625,4,2
4,2,10,1,111111101011110101011111010001,1,1,0,0.8,0.4000000059604645,4,3
4,2,10,2,111111101011110101011111010001,1,1,0,0.56,0.692307710647583,5,2
4,2,10,3,111111101011110101011111010001,1,1,0,0.73,0.828125,5,3
4,2,10,4,111111101011110101011111010001,1,1,0,0.52,0.4444444477558136,1,1
4,2,10,5,111111101011110101011111010001,1,1,0,0.8,0.3965517282485962,4,3
4,2,10,6,111111101011110101011111010001,1,1,0,0.59,0.34210526943206787,1,1
4,2,10,8,111111101011110101011111010001,1,1,0,0.8,0.8320000171661377,5,3
4,2,10,10,111111101011110101011111010001,1,1,0,0.52,0.4000000059604645,1,1
4,2,10,11,111111101011110101011111010001,1,1,0,0.85,0.43478259444236755,4,3
4,2,10,12,111111101011110101011111010001,1,1,0,0.95,0.719298243522644,4,2
4,2,10,13,111111101011110101011111010001,1,1,0,0.62,0.4399999976158142,2,2
4,2,10,15,111111101011110101011111010001,1,1,0,0.35,0.6266666650772095,5,3
4,2,10,17,111111101011110101011111010001,1,1,0,0.38,0.10000000149011612,4,2
4,2,10,19,111111101011110101011111010001,1,1,0,0.8,0.3194444477558136,5,2
4,2,10,20,111111101011110101011111010001,1,1,0,0.84,0.42424243688583374,5,2
4,2,10,21,111111101011110101011111010001,1,1,0,0.84,0.6470588445663452,5,2
4,2,10,22,111111101011110101011111010001,1,1,0,0.14,0.5744680762290955,5,2
4,2,10,23,111111101011110101011111010001,1,1,0,0.54,0.6515151262283325,4,2
4,2,10,25,111111101011110101011111010001,1,1,0,0.45,0.38461539149284363,5,3
4,2,10,29,111111101011110101011111010001,1,1,0,0.32,0.3193277418613434,1,1
4,2,11,0,101001001011101111001000101011,1,1,0,0.15,0.0625,4,2
4,2,11,2,101001001011101111001000101011,1,1,0,0.56,0.692307710647583,5,2
4,2,11,5,101001001011101111001000101011,1,1,0,0.8,0.3965517282485962,4,3
4,2,11,8,101001001011101111001000101011,1,1,0,0.8,0.8320000171661377,5,3
4,2,11,10,101001001011101111001000101011,1,1,0,0.52,0.4000000059604645,1,1
4,2,11,11,101001001011101111001000101011,1,1,0,0.85,0.43478259444236755,4,3
4,2,11,12,101001001011101111001000101011,1,1,0,0.95,0.719298243522644,4,2
4,2,11,14,101001001011101111001000101011,1,1,0,0.53,0.8673469424247742,5,3
4,2,11,15,101001001011101111001000101011,1,1,0,0.35,0.6266666650772095,5,3
4,2,11,16,101001001011101111001000101011,1,1,0,0.49,0.6027397513389587,1,1
4,2,11,17,101001001011101111001000101011,1,1,0,0.38,0.10000000149011612,4,2
4,2,11,20,101001001011101111001000101011,1,1,0,0.84,0.42424243688583374,5,2
4,2,11,24,101001001011101111001000101011,1,1,0,0.26,0.4637681245803833,1,1
4,2,11,26,101001001011101111001000101011,1,1,0,0.64,0.2211538404226303,1,1
4,2,11,28,101001001011101111001000101011,1,1,0,0.4,0.43283581733703613,5,2
4,2,11,29,101001001011101111001000101011,1,1,0,0.32,0.3193277418613434,1,1
4,2,12,0,100000100101011111000001111111,1,1,0,0.15,0.0625,4,2
4,2,12,6,100000100101011111000001111111,1,1,0,0.59,0.34210526943206787,1,1
4,2,12,9,100000100101011111000001111111,1,1,0,0.29,0.48076921701431274,1,1
4,2,12,11,100000100101011111000001111111,1,1,0,0.85,0.43478259444236755,4,3
4,2,12,13,100000100101011111000001111111,1,1,0,0.62,0.4399999976158142,2,2
4,2,12,14,100000100101011111000001111111,1,1,0,0.53,0.8673469424247742,5,3
4,2,12,15,100000100101011111000001111111,1,1,0,0.35,0.6266666650772095,5,3
4,2,12,16,100000100101011111000001111111,1,1,0,0.49,0.6027397513389587,1,1
4,2,12,17,100000100101011111000001111111,1,1,0,0.38,0.10000000149011612,4,2
4,2,12,23,100000100101011111000001111111,1,1,0,0.54,0.6515151262283325,4,2
4,2,12,24,100000100101011111000001111111,1,1,0,0.26,0.4637681245803833,1,1
4,2,12,25,100000100101011111000001111111,1,1,0,0.45,0.38461539149284363,5,3
4,2,12,26,100000100101011111000001111111,1,1,0,0.64,0.2211538404226303,1,1
4,2,12,27,100000100101011111000001111111,1,1,0,0.79,0.4893617033958435,4,3
4,2,12,28,100000100101011111000001111111,1,1,0,0.4,0.43283581733703613,5,2
4,2,12,29,100000100101011111000001111111,1,1,0,0.32,0.3193277418613434,1,1
4,2,13,0,110001001000101100011001110100,1,1,0,0.15,0.0625,4,2
4,2,13,1,110001001000101100011001110100,1,1,0,0.8,0.4000000059604645,4,3
4,2,13,5,110001001000101100011001110100,1,1,0,0.8,0.3965517282485962,4,3
4,2,13,8,110001001000101100011001110100,1,1,0,0.8,0.8320000171661377,5,3
4,2,13,12,110001001000101100011001110100,1,1,0,0.95,0.719298243522644,4,2
4,2,13,14,110001001000101100011001110100,1,1,0,0.53,0.8673469424247742,5,3
4,2,13,15,110001001000101100011001110100,1,1,0,0.35,0.6266666650772095,5,3
4,2,13,19,110001001000101100011001110100,1,1,0,0.8,0.3194444477558136,5,2
4,2,13,20,110001001000101100011001110100,1,1,0,0.84,0.42424243688583374,5,2
4,2,13,23,110001001000101100011001110100,1,1,0,0.54,0.6515151262283325,4,2
4,2,13,24,110001001000101100011001110100,1,1,0,0.26,0.4637681245803833,1,1
4,2,13,25,110001001000101100011001110100,1,1,0,0.45,0.38461539149284363,5,3
4,2,13,27,110001001000101100011001110100,1,1,0,0.79,0.4893617033958435,4,3
4,2,14,0,110001000010101101111011110100,1,1,0,0.15,0.0625,4,2
4,2,14,1,110001000010101101111011110100,1,1,0,0.8,0.4000000059604645,4,3
4,2,14,5,110001000010101101111011110100,1,1,0,0.8,0.3965517282485962,4,3
4,2,14,10,110001000010101101111011110100,1,1,0,0.52,0.4000000059604645,1,1
4,2,14,12,110001000010101101111011110100,1,1,0,0.95,0.719298243522644,4,2
4,2,14,14,110001000010101101111011110100,1,1,0,0.53,0.8673469424247742,5,3
4,2,14,15,110001000010101101111011110100,1,1,0,0.35,0.6266666650772095,5,3
4,2,14,17,110001000010101101111011110100,1,1,0,0.38,0.10000000149011612,4,2
4,2,14,18,110001000010101101111011110100,1,1,0,0.72,0.35384616255760193,3,2
4,2,14,19,110001000010101101111011110100,1,1,0,0.8,0.3194444477558136,5,2
4,2,14,20,110001000010101101111011110100,1,1,0,0.84,0.42424243688583374,5,2
4,2,14,22,110001000010101101111011110100,1,1,0,0.14,0.5744680762290955,5,2
4,2,14,23,110001000010101101111011110100,1,1,0,0.54,0.6515151262283325,4,2
4,2,14,24,110001000010101101111011110100,1,1,0,0.26,0.4637681245803833,1,1
4,2,14,25,110001000010101101111011110100,1,1,0,0.45,0.38461539149284363,5,3
4,2,14,27,110001000010101101111011110100,1,1,0,0.79,0.4893617033958435,4,3
4,2,15,0,111101110011010101010001000011,1,1,0,0.15,0.0625,4,2
4,2,15,1,111101110011010101010001000011,1,1,0,0.8,0.4000000059604645,4,3
4,2,15,2,111101110011010101010001000011,1,1,0,0.56,0.692307710647583,5,2
4,2,15,3,111101110011010101010001000011,1,1,0,0.73,0.828125,5,3
4,2,15,5,111101110011010101010001000011,1,1,0,0.8,0.3965517282485962,4,3
4,2,15,6,111101110011010101010001000011,1,1,0,0.59,0.34210526943206787,1,1
4,2,15,7,111101110011010101010001000011,1,1,0,0.21,0.5092592835426331,1,1
4,2,15,10,111101110011010101010001000011,1,1,0,0.52,0.4000000059604645,1,1
4,2,15,11,111101110011010101010001000011,1,1,0,0.85,0.43478259444236755,4,3
4,2,15,13,111101110011010101010001000011,1,1,0,0.62,0.4399999976158142,2,2
4,2,15,15,111101110011010101010001000011,1,1,0,0.35,0.6266666650772095,5,3
4,2,15,17,111101110011010101010001000011,1,1,0,0.38,0.10000000149011612,4,2
4,2,15,19,111101110011010101010001000011,1,1,0,0.8,0.3194444477558136,5,2
4,2,15,23,111101110011010101010001000011,1,1,0,0.54,0.6515151262283325,4,2
4,2,15,28,111101110011010101010001000011,1,1,0,0.4,0.43283581733703613,5,2
4,2,15,29,111101110011010101010001000011,1,1,0,0.32,0.3193277418613434,1,1
4,2,16,1,010101110001010101101011001111,1,1,0,0.8,0.4000000059604645,4,3
4,2,16,3,010101110001010101101011001111,1,1,0,0.73,0.828125,5,3
4,2,16,5,010101110001010101101011001111,1,1,0,0.8,0.3965517282485962,4,3
4,2,16,6,010101110001010101101011001111,1,1,0,0.59,0.34210526943206787,1,1
4,2,16,7,010101110001010101101011001111,1,1,0,0.21,0.5092592835426331,1,1
4,2,16,11,010101110001010101101011001111,1,1,0,0.85,0.43478259444236755,4,3
4,2,16,13,010101110001010101101011001111,1,1,0,0.62,0.4399999976158142,2,2
4,2,16,15,010101110001010101101011001111,1,1,0,0.35,0.6266666650772095,5,3
4,2,16,17,010101110001010101101011001111,1,1,0,0.38,0.10000000149011612,4,2
4,2,16,18,010101110001010101101011001111,1,1,0,0.72,0.35384616255760193,3,2
4,2,16,20,010101110001010101101011001111,1,1,0,0.84,0.42424243688583374,5,2
4,2,16,22,010101110001010101101011001111,1,1,0,0.14,0.5744680762290955,5,2
4,2,16,23,010101110001010101101011001111,1,1,0,0.54,0.6515151262283325,4,2
4,2,16,26,010101110001010101101011001111,1,1,0,0.64,0.2211538404226303,1,1
4,2,16,27,010101110001010101101011001111,1,1,0,0.79,0.4893617033958435,4,3
4,2,16,28,010101110001010101101011001111,1,1,0,0.4,0.43283581733703613,5,2
4,2,16,29,010101110001010101101011001111,1,1,0,0.32,0.3193277418613434,1,1
4,2,17,0,101100000010011011111000010100,1,1,0,0.15,0.0625,4,2
4,2,17,2,101100000010011011111000010100,1,1,0,0.56,0.692307710647583,5,2
4,2,17,3,101100000010011011111000010100,1,1,0,0.73,0.828125,5,3
4,2,17,10,101100000010011011111000010100,1,1,0,0.52,0.4000000059604645,1,1
4,2,17,13,101100000010011011111000010100,1,1,0,0.62,0.4399999976158142,2,2
4,2,17,14,101100000010011011111000010100,1,1,0,0.53,0.8673469424247742,5,3
4,2,17,16,101100000010011011111000010100,1,1,0,0.49,0.6027397513389587,1,1
4,2,17,17,101100000010011011111000010100,1,1,0,0.38,0.10000000149011612,4,2
4,2,17,18,101100000010011011111000010100,1,1,0,0.72,0.35384616255760193,3,2
4,2,17,19,101100000010011011111000010100,1,1,0,0.8,0.3194444477558136,5,2
4,2,17,20,101100000010011011111000010100,1,1,0,0.84,0.42424243688583374,5,2
4,2,17,25,101100000010011011111000010100,1,1,0,0.45,0.38461539149284363,5,3
4,2,17,27,101100000010011011111000010100,1,1,0,0.79,0.4893617033958435,4,3
4,2,18,1,010110100011000011000000010010,1,1,0,0.8,0.4000000059604645,4,3
4,2,18,3,010110100011000011000000010010,1,1,0,0.73,0.828125,5,3
4,2,18,4,010110100011000011000000010010,1,1,0,0.52,0.4444444477558136,1,1
4,2,18,6,010110100011000011000000010010,1,1,0,0.59,0.34210526943206787,1,1
4,2,18,10,010110100011000011000000010010,1,1,0,0.52,0.4000000059604645,1,1
4,2,18,11,010110100011000011000000010010,1,1,0,0.85,0.43478259444236755,4,3
4,2,18,16,010110100011000011000000010010,1,1,0,0.49,0.6027397513389587,1,1
4,2,18,17,010110100011000011000000010010,1,1,0,0.38,0.10000000149011612,4,2
4,2,18,25,010110100011000011000000010010,1,1,0,0.45,0.38461539149284363,5,3
4,2,18,28,010110100011000011000000010010,1,1,0,0.4,0.43283581733703613,5,2
4,3,0,0,110001001000101101111011110100,1,1,0,0.15,0.0625,4,2
4,3,0,1,110001001000101101111011110100,1,1,0,0.8,0.4000000059604645,4,3
4,3,0,5,110001001000101101111011110100,1,1,0,0.8,0.3965517282485962,4,3
4,3,0,8,110001001000101101111011110100,1,1,0,0.8,0.8320000171661377,5,3
4,3,0,12,110001001000101101111011110100,1,1,0,0.95,0.719298243522644,4,2
4,3,0,14,110001001000101101111011110100,1,1,0,0.53,0.8673469424247742,5,3
4,3,0,15,110001001000101101111011110100,1,1,0,0.35,0.6266666650772095,5,3
4,3,0,17,110001001000101101111011110100,1,1,0,0.38,0.10000000149011612,4,2
4,3,0,18,110001001000101101111011110100,1,1,0,0.72,0.35384616255760193,3,2
4,3,0,19,110001001000101101111011110100,1,1,0,0.8,0.3194444477558136,5,2
4,3,0,20,110001001000101101111011110100,1,1,0,0.84,0.42424243688583374,5,2
4,3,0,22,110001001000101101111011110100,1,1,0,0.14,0.5744680762290955,5,2
4,3,0,23,110001001000101101111011110100,1,1,0,0.54,0.6515151262283325,4,2
4,3,0,24,110001001000101101111011110100,1,1,0,0.26,0.4637681245803833,1,1
4,3,0,25,110001001000101101111011110100,1,1,0,0.45,0.38461539149284363,5,3
4,3,0,27,110001001000101101111011110100,1,1,0,0.79,0.4893617033958435,4,3
4,3,1,0,110000000111101100011001110110,1,1,0,0.15,0.0625,4,2
4,3,1,1,110000000111101100011001110110,1,1,0,0.8,0.4000000059604645,4,3
4,3,1,9,110000000111101100011001110110,1,1,0,0.29,0.48076921701431274,1,1
4,3,1,10,110000000111101100011001110110,1,1,0,0.52,0.4000000059604645,1,1
4,3,1,11,110000000111101100011001110110,1,1,0,0.85,0.43478259444236755,4,3
4,3,1,12,110000000111101100011001110110,1,1,0,0.95,0.719298243522644,4,2
4,3,1,14,110000000111101100011001110110,1,1,0,0.53,0.8673469424247742,5,3
4,3,1,15,110000000111101100011001110110,1,1,0,0.35,0.6266666650772095,5,3
4,3,1,19,110000000111101100011001110110,1,1,0,0.8,0.3194444477558136,5,2
4,3,1,20,110000000111101100011001110110,1,1,0,0.84,0.42424243688583374,5,2
4,3,1,23,110000000111101100011001110110,1,1,0,0.54,0.6515151262283325,4,2
4,3,1,24,110000000111101100011001110110,1,1,0,0.26,0.4637681245803833,1,1
4,3,1,25,110000000111101100011001110110,1,1,0,0.45,0.38461539149284363,5,3
4,3,1,27,110000000111101100011001110110,1,1,0,0.79,0.4893617033958435,4,3
4,3,1,28,110000000111101100011001110110,1,1,0,0.4,0.43283581733703613,5,2
4,3,2,0,101100100000101011111000010100,1,1,0,0.15,0.0625,4,2
4,3,2,2,101100100000101011111000010100,1,1,0,0.56,0.692307710647583,5,2
4,3,2,3,101100100000101011111000010100,1,1,0,0.73,0.828125,5,3
4,3,2,6,101100100000101011111000010100,1,1,0,0.59,0.34210526943206787,1,1
4,3,2,12,101100100000101011111000010100,1,1,0,0.95,0.719298243522644,4,2
4,3,2,14,101100100000101011111000010100,1,1,0,0.53,0.8673469424247742,5,3
4,3,2,16,101100100000101011111000010100,1,1,0,0.49,0.6027397513389587,1,1
4,3,2,17,101100100000101011111000010100,1,1,0,0.38,0.10000000149011612,4,2
4,3,2,18,101100100000101011111000010100,1,1,0,0.72,0.35384616255760193,3,2
4,3,2,19,101100100000101011111000010100,1,1,0,0.8,0.3194444477558136,5,2
4,3,2,20,101100100000101011111000010100,1,1,0,0.84,0.42424243688583374,5,2
4,3,2,25,101100100000101011111000010100,1,1,0,0.45,0.38461539149284363,5,3
4,3,2,27,101100100000101011111000010100,1,1,0,0.79,0.4893617033958435,4,3
4,3,3,0,111111101011110101010101000011,1,1,0,0.15,0.0625,4,2
4,3,3,1,111111101011110101010101000011,1,1,0,0.8,0.4000000059604645,4,3
4,3,3,2,111111101011110101010101000011,1,1,0,0.56,0.692307710647583,5,2
4,3,3,3,111111101011110101010101000011,1,1,0,0.73,0.828125,5,3
4,3,3,4,111111101011110101010101000011,1,1,0,0.52,0.4444444477558136,1,1
4,3,3,5,111111101011110101010101000011,1,1,0,0.8,0.3965517282485962,4,3
4,3,3,6,111111101011110101010101000011,1,1,0,0.59,0.34210526943206787,1,1
4,3,3,8,111111101011110101010101000011,1,1,0,0.8,0.8320000171661377,5,3
4,3,3,10,111111101011110101010101000011,1,1,0,0.52,0.4000000059604645,1,1
4,3,3,11,111111101011110101010101000011,1,1,0,0.85,0.43478259444236755,4,3
4,3,3,12,111111101011110101010101000011,1,1,0,0.95,0.719298243522644,4,2
4,3,3,13,111111101011110101010101000011,1,1,0,0.62,0.4399999976158142,2,2
4,3,3,15,111111101011110101010101000011,1,1,0,0.35,0.6266666650772095,5,3
4,3,3,17,111111101011110101010101000011,1,1,0,0.38,0.10000000149011612,4,2
4,3,3,19,111111101011110101010101000011,1,1,0,0.8,0.3194444477558136,5,2
4,3,3,21,111111101011110101010101000011,1,1,0,0.84,0.6470588445663452,5,2
4,3,3,23,111111101011110101010101000011,1,1,0,0.54,0.6515151262283325,4,2
4,3,3,28,111111101011110101010101000011,1,1,0,0.4,0.43283581733703613,5,2
4,3,3,29,111111101011110101010101000011,1,1,0,0.32,0.3193277418613434,1,1
4,3,4,0,101001001011101010100100101001,1,1,0,0.15,0.0625,4,2
4,3,4,2,101001001011101010100100101001,1,1,0,0.56,0.692307710647583,5,2
4,3,4,5,101001001011101010100100101001,1,1,0,0.8,0.3965517282485962,4,3
4,3,4,8,101001001011101010100100101001,1,1,0,0.8,0.8320000171661377,5,3
4,3,4,10,101001001011101010100100101001,1,1,0,0.52,0.4000000059604645,1,1
4,3,4,11,101001001011101010100100101001,1,1,0,0.85,0.43478259444236755,4,3
4,3,4,12,101001001011101010100100101001,1,1,0,0.95,0.719298243522644,4,2
4,3,4,14,101001001011101010100100101001,1,1,0,0.53,0.8673469424247742,5,3
4,3,4,16,101001001011101010100100101001,1,1,0,0.49,0.6027397513389587,1,1
4,3,4,18,101001001011101010100100101001,1,1,0,0.72,0.35384616255760193,3,2
4,3,4,21,101001001011101010100100101001,1,1,0,0.84,0.6470588445663452,5,2
4,3,4,24,101001001011101010100100101001,1,1,0,0.26,0.4637681245803833,1,1
4,3,4,26,101001001011101010100100101001,1,1,0,0.64,0.2211538404226303,1,1
4,3,4,29,101001001011101010100100101001,1,1,0,0.32,0.3193277418613434,1,1
4,3,5,0,111101110011010101011111010001,1,1,0,0.15,0.0625,4,2
4,3,5,1,111101110011010101011111010001,1,1,0,0.8,0.4000000059604645,4,3
4,3,5,2,111101110011010101011111010001,1,1,0,0.56,0.692307710647583,5,2
4,3,5,3,111101110011010101011111010001,1,1,0,0.73,0.828125,5,3
4,3,5,5,111101110011010101011111010001,1,1,0,0.8,0.3965517282485962,4,3
4,3,5,6,111101110011010101011111010001,1,1,0,0.59,0.34210526943206787,1,1
4,3,5,7,111101110011010101011111010001,1,1,0,0.21,0.5092592835426331,1,1
4,3,5,10,111101110011010101011111010001,1,1,0,0.52,0.4000000059604645,1,1
4,3,5,11,111101110011010101011111010001,1,1,0,0.85,0.43478259444236755,4,3
4,3,5,13,111101110011010101011111010001,1,1,0,0.62,0.4399999976158142,2,2
4,3,5,15,111101110011010101011111010001,1,1,0,0.35,0.6266666650772095,5,3
4,3,5,17,111101110011010101011111010001,1,1,0,0.38,0.10000000149011612,4,2
4,3,5,19,111101110011010101011111010001,1,1,0,0.8,0.3194444477558136,5,2
4,3,5,20,111101110011010101011111010001,1,1,0,0.84,0.42424243688583374,5,2
4,3,5,21,111101110011010101011111010001,1,1,0,0.84,0.6470588445663452,5,2
4,3,5,22,111101110011010101011111010001,1,1,0,0.14,0.5744680762290955,5,2
4,3,5,23,111101110011010101011111010001,1,1,0,0.54,0.6515151262283325,4,2
4,3,5,25,111101110011010101011111010001,1,1,0,0.45,0.38461539149284363,5,3
4,3,5,29,111101110011010101011111010001,1,1,0,0.32,0.3193277418613434,1,1
4,3,6,0,101100101000101101111000010100,1,1,0,0.15,0.0625,4,2
4,3,6,2,101100101000101101111000010100,1,1,0,0.56,0.692307710647583,5,2
4,3,6,3,101100101000101101111000010100,1,1,0,0.73,0.828125,5,3
4,3,6,6,101100101000101101111000010100,1,1,0,0.59,0.34210526943206787,1,1
4,3,6,8,101100101000101101111000010100,1,1,0,0.8,0.8320000171661377,5,3
4,3,6,12,101100101000101101111000010100,1,1,0,0.95,0.719298243522644,4,2
4,3,6,14,101100101000101101111000010100,1,1,0,0.53,0.8673469424247742,5,3
4,3,6,15,101100101000101101111000010100,1,1,0,0.35,0.6266666650772095,5,3
4,3,6,17,101100101000101101111000010100,1,1,0,0.38,0.10000000149011612,4,2
4,3,6,18,101100101000101101111000010100,1,1,0,0.72,0.35384616255760193,3,2
4,3,6,19,101100101000101101111000010100,1,1,0,0.8,0.3194444477558136,5,2
4,3,6,20,101100101000101101111000010100,1,1,0,0.84,0.42424243688583374,5,2
4,3,6,25,101100101000101101111000010100,1,1,0,0.45,0.38461539149284363,5,3
4,3,6,27,101100101000101101111000010100,1,1,0,0.79,0.4893617033958435,4,3
4,3,7,0,100000100101010101101001111011,1,1,0,0.15,0.0625,4,2
4,3,7,6,100000100101010101101001111011,1,1,0,0.59,0.34210526943206787,1,1
4,3,7,9,100000100101010101101001111011,1,1,0,0.29,0.48076921701431274,1,1
4,3,7,11,100000100101010101101001111011,1,1,0,0.85,0.43478259444236755,4,3
4,3,7,13,100000100101010101101001111011,1,1,0,0.62,0.4399999976158142,2,2
4,3,7,15,100000100101010101101001111011,1,1,0,0.35,0.6266666650772095,5,3
4,3,7,17,100000100101010101101001111011,1,1,0,0.38,0.10000000149011612,4,2
4,3,7,18,100000100101010101101001111011,1,1,0,0.72,0.35384616255760193,3,2
4,3,7,20,100000100101010101101001111011,1,1,0,0.84,0.42424243688583374,5,2
4,3,7,23,100000100101010101101001111011,1,1,0,0.54,0.6515151262283325,4,2
4,3,7,24,100000100101010101101001111011,1,1,0,0.26,0.4637681245803833,1,1
4,3,7,25,100000100101010101101001111011,1,1,0,0.45,0.38461539149284363,5,3
4,3,7,26,100000100101010101101001111011,1,1,0,0.64,0.2211538404226303,1,1
4,3,7,28,100000100101010101101001111011,1,1,0,0.4,0.43283581733703613,5,2
4,3,7,29,100000100101010101101001111011,1,1,0,0.32,0.3193277418613434,1,1
4,3,8,0,111111101011110101011111010001,1,1,0,0.15,0.0625,4,2
4,3,8,1,111111101011110101011111010001,1,1,0,0.8,0.4000000059604645,4,3
4,3,8,2,111111101011110101011111010001,1,1,0,0.56,0.692307710647583,5,2
4,3,8,3,111111101011110101011111010001,1,1,0,0.73,0.828125,5,3
4,3,8,4,111111101011110101011111010001,1,1,0,0.52,0.4444444477558136,1,1
4,3,8,5,111111101011110101011111010001,1,1,0,0.8,0.3965517282485962,4,3
4,3,8,6,111111101011110101011111010001,1,1,0,0.59,0.34210526943206787,1,1
4,3,8,8,111111101011110101011111010001,1,1,0,0.8,0.8320000171661377,5,3
4,3,8,10,111111101011110101011111010001,1,1,0,0.52,0.4000000059604645,1,1
4,3,8,11,111111101011110101011111010001,1,1,0,0.85,0.43478259444236755,4,3
4,3,8,12,111111101011110101011111010001,1,1,0,0.95,0.719298243522644,4,2
4,3,8,13,111111101011110101011111010001,1,1,0,0.62,0.4399999976158142,2,2
4,3,8,15,111111101011110101011111010001,1,1,0,0.35,0.6266666650772095,5,3
4,3,8,17,111111101011110101011111010001,1,1,0,0.38,0.10000000149011612,4,2
4,3,8,19,111111101011110101011111010001,1,1,0,0.8,0.3194444477558136,5,2
4,3,8,20,111111101011110101011111010001,1,1,0,0.84,0.42424243688583374,5,2
4,3,8,21,111111101011110101011111010001,1,1,0,0.84,0.6470588445663452,5,2
4,3,8,22,111111101011110101011111010001,1,1,0,0.14,0.5744680762290955,5,2
4,3,8,23,111111101011110101011111010001,1,1,0,0.54,0.6515151262283325,4,2
4,3,8,25,111111101011110101011111010001,1,1,0,0.45,0.38461539149284363,5,3
4,3,8,29,111111101011110101011111010001,1,1,0,0.32,0.3193277418613434,1,1
4,3,9,0,101001001011101111001000101011,1,1,0,0.15,0.0625,4,2
4,3,9,2,101001001011101111001000101011,1,1,0,0.56,0.692307710647583,5,2
4,3,9,5,101001001011101111001000101011,1,1,0,0.8,0.3965517282485962,4,3
4,3,9,8,101001001011101111001000101011,1,1,0,0.8,0.8320000171661377,5,3
4,3,9,10,101001001011101111001000101011,1,1,0,0.52,0.4000000059604645,1,1
4,3,9,11,101001001011101111001000101011,1,1,0,0.85,0.43478259444236755,4,3
4,3,9,12,101001001011101111001000101011,1,1,0,0.95,0.719298243522644,4,2
4,3,9,14,101001001011101111001000101011,1,1,0,0.53,0.8673469424247742,5,3
4,3,9,15,101001001011101111001000101011,1,1,0,0.35,0.6266666650772095,5,3
4,3,9,16,101001001011101111001000101011,1,1,0,0.49,0.6027397513389587,1,1
4,3,9,17,101001001011101111001000101011,1,1,0,0.38,0.10000000149011612,4,2
4,3,9,20,101001001011101111001000101011,1,1,0,0.84,0.42424243688583374,5,2
4,3,9,24,101001001011101111001000101011,1,1,0,0.26,0.4637681245803833,1,1
4,3,9,26,101001001011101111001000101011,1,1,0,0.64,0.2211538404226303,1,1
4,3,9,28,101001001011101111001000101011,1,1,0,0.4,0.43283581733703613,5,2
4,3,9,29,101001001011101111001000101011,1,1,0,0.32,0.3193277418613434,1,1
4,3,10,0,110001001000101100011001110100,1,1,0,0.15,0.0625,4,2
4,3,10,1,110001001000101100011001110100,1,1,0,0.8,0.4000000059604645,4,3
4,3,10,5,110001001000101100011001110100,1,1,0,0.8,0.3965517282485962,4,3
4,3,10,8,110001001000101100011001110100,1,1,0,0.8,0.8320000171661377,5,3
4,3,10,12,110001001000101100011001110100,1,1,0,0.95,0.719298243522644,4,2
4,3,10,14,110001001000101100011001110100,1,1,0,0.53,0.8673469424247742,5,3
4,3,10,15,110001001000101100011001110100,1,1,0,0.35,0.6266666650772095,5,3
4,3,10,19,110001001000101100011001110100,1,1,0,0.8,0.3194444477558136,5,2
4,3,10,20,110001001000101100011001110100,1,1,0,0.84,0.42424243688583374,5,2
4,3,10,23,110001001000101100011001110100,1,1,0,0.54,0.6515151262283325,4,2
4,3,10,24,110001001000101100011001110100,1,1,0,0.26,0.4637681245803833,1,1
4,3,10,25,110001001000101100011001110100,1,1,0,0.45,0.38461539149284363,5,3
4,3,10,27,110001001000101100011001110100,1,1,0,0.79,0.4893617033958435,4,3
4,3,11,0,110001000010101101111011110100,1,1,0,0.15,0.0625,4,2
4,3,11,1,110001000010101101111011110100,1,1,0,0.8,0.4000000059604645,4,3
4,3,11,5,110001000010101101111011110100,1,1,0,0.8,0.3965517282485962,4,3
4,3,11,10,110001000010101101111011110100,1,1,0,0.52,0.4000000059604645,1,1
4,3,11,12,110001000010101101111011110100,1,1,0,0.95,0.719298243522644,4,2
4,3,11,14,110001000010101101111011110100,1,1,0,0.53,0.8673469424247742,5,3
4,3,11,15,110001000010101101111011110100,1,1,0,0.35,0.6266666650772095,5,3
4,3,11,17,110001000010101101111011110100,1,1,0,0.38,0.10000000149011612,4,2
4,3,11,18,110001000010101101111011110100,1,1,0,0.72,0.35384616255760193,3,2
4,3,11,19,110001000010101101111011110100,1,1,0,0.8,0.3194444477558136,5,2
4,3,11,20,110001000010101101111011110100,1,1,0,0.84,0.42424243688583374,5,2
4,3,11,22,110001000010101101111011110100,1,1,0,0.14,0.5744680762290955,5,2
4,3,11,23,110001000010101101111011110100,1,1,0,0.54,0.6515151262283325,4,2
4,3,11,24,110001000010101101111011110100,1,1,0,0.26,0.4637681245803833,1,1
4,3,11,25,110001000010101101111011110100,1,1,0,0.45,0.38461539149284363,5,3
4,3,11,27,110001000010101101111011110100,1,1,0,0.79,0.4893617033958435,4,3
4,3,12,0,111101110011010101010001000011,1,1,0,0.15,0.0625,4,2
4,3,12,1,111101110011010101010001000011,1,1,0,0.8,0.4000000059604645,4,3
4,3,12,2,111101110011010101010001000011,1,1,0,0.56,0.692307710647583,5,2
4,3,12,3,111101110011010101010001000011,1,1,0,0.73,0.828125,5,3
4,3,12,5,111101110011010101010001000011,1,1,0,0.8,0.3965517282485962,4,3
4,3,12,6,111101110011010101010001000011,1,1,0,0.59,0.34210526943206787,1,1
4,3,12,7,111101110011010101010001000011,1,1,0,0.21,0.5092592835426331,1,1
4,3,12,10,111101110011010101010001000011,1,1,0,0.52,0.4000000059604645,1,1
4,3,12,11,111101110011010101010001000011,1,1,0,0.85,0.43478259444236755,4,3
4,3,12,13,111101110011010101010001000011,1,1,0,0.62,0.4399999976158142,2,2
4,3,12,15,111101110011010101010001000011,1,1,0,0.35,0.6266666650772095,5,3
4,3,12,17,111101110011010101010001000011,1,1,0,0.38,0.10000000149011612,4,2
4,3,12,19,111101110011010101010001000011,1,1,0,0.8,0.3194444477558136,5,2
4,3,12,23,111101110011010101010001000011,1,1,0,0.54,0.6515151262283325,4,2
4,3,12,28,111101110011010101010001000011,1,1,0,0.4,0.43283581733703613,5,2
4,3,12,29,111101110011010101010001000011,1,1,0,0.32,0.3193277418613434,1,1
4,3,13,1,010101110001010101101011001111,1,1,0,0.8,0.4000000059604645,4,3
4,3,13,3,010101110001010101101011001111,1,1,0,0.73,0.828125,5,3
4,3,13,5,010101110001010101101011001111,1,1,0,0.8,0.3965517282485962,4,3
4,3,13,6,010101110001010101101011001111,1,1,0,0.59,0.34210526943206787,1,1
4,3,13,7,010101110001010101101011001111,1,1,0,0.21,0.5092592835426331,1,1
4,3,13,11,010101110001010101101011001111,1,1,0,0.85,0.43478259444236755,4,3
4,3,13,13,010101110001010101101011001111,1,1,0,0.62,0.4399999976158142,2,2
4,3,13,15,010101110001010101101011001111,1,1,0,0.35,0.6266666650772095,5,3
4,3,13,17,010101110001010101101011001111,1,1,0,0.38,0.10000000149011612,4,2
4,3,13,18,010101110001010101101011001111,1,1,0,0.72,0.35384616255760193,3,2
4,3,13,20,010101110001010101101011001111,1,1,0,0.84,0.42424243688583374,5,2
4,3,13,22,010101110001010101101011001111,1,1,0,0.14,0.5744680762290955,5,2
4,3,13,23,010101110001010101101011001111,1,1,0,0.54,0.6515151262283325,4,2
4,3,13,26,010101110001010101101011001111,1,1,0,0.64,0.2211538404226303,1,1
4,3,13,27,010101110001010101101011001111,1,1,0,0.79,0.4893617033958435,4,3
4,3,13,28,010101110001010101101011001111,1,1,0,0.4,0.43283581733703613,5,2
4,3,13,29,010101110001010101101011001111,1,1,0,0.32,0.3193277418613434,1,1
4,3,14,0,101100000010011011111000010100,1,1,0,0.15,0.0625,4,2
4,3,14,2,101100000010011011111000010100,1,1,0,0.56,0.692307710647583,5,2
4,3,14,3,101100000010011011111000010100,1,1,0,0.73,0.828125,5,3
4,3,14,10,101100000010011011111000010100,1,1,0,0.52,0.4000000059604645,1,1
4,3,14,13,101100000010011011111000010100,1,1,0,0.62,0.4399999976158142,2,2
4,3,14,14,101100000010011011111000010100,1,1,0,0.53,0.8673469424247742,5,3
4,3,14,16,101100000010011011111000010100,1,1,0,0.49,0.6027397513389587,1,1
4,3,14,17,101100000010011011111000010100,1,1,0,0.38,0.10000000149011612,4,2
4,3,14,18,101100000010011011111000010100,1,1,0,0.72,0.35384616255760193,3,2
4,3,14,19,101100000010011011111000010100,1,1,0,0.8,0.3194444477558136,5,2
4,3,14,20,101100000010011011111000010100,1,1,0,0.84,0.42424243688583374,5,2
4,3,14,25,101100000010011011111000010100,1,1,0,0.45,0.38461539149284363,5,3
4,3,14,27,101100000010011011111000010100,1,1,0,0.79,0.4893617033958435,4,3
4,3,15,1,010110100011000011000000010010,1,1,0,0.8,0.4000000059604645,4,3
4,3,15,3,010110100011000011000000010010,1,1,0,0.73,0.828125,5,3
4,3,15,4,010110100011000011000000010010,1,1,0,0.52,0.4444444477558136,1,1
4,3,15,6,010110100011000011000000010010,1,1,0,0.59,0.34210526943206787,1,1
4,3,15,10,010110100011000011000000010010,1,1,0,0.52,0.4000000059604645,1,1
4,3,15,11,010110100011000011000000010010,1,1,0,0.85,0.43478259444236755,4,3
4,3,15,16,010110100011000011000000010010,1,1,0,0.49,0.6027397513389587,1,1
4,3,15,17,010110100011000011000000010010,1,1,0,0.38,0.10000000149011612,4,2
4,3,15,25,010110100011000011000000010010,1,1,0,0.45,0.38461539149284363,5,3
4,3,15,28,010110100011000011000000010010,1,1,0,0.4,0.43283581733703613,5,2
4,3,16,1,010110100011000011001001101000,1,1,0,0.8,0.4000000059604645,4,3
4,3,16,3,010110100011000011001001101000,1,1,0,0.73,0.828125,5,3
4,3,16,4,010110100011000011001001101000,1,1,0,0.52,0.4444444477558136,1,1
4,3,16,6,010110100011000011001001101000,1,1,0,0.59,0.34210526943206787,1,1
4,3,16,10,010110100011000011001001101000,1,1,0,0.52,0.4000000059604645,1,1
4,3,16,11,010110100011000011001001101000,1,1,0,0.85,0.43478259444236755,4,3
4,3,16,16,010110100011000011001001101000,1,1,0,0.49,0.6027397513389587,1,1
4,3,16,17,010110100011000011001001101000,1,1,0,0.38,0.10000000149011612,4,2
4,3,16,20,010110100011000011001001101000,1,1,0,0.84,0.42424243688583374,5,2
4,3,16,23,010110100011000011001001101000,1,1,0,0.54,0.6515151262283325,4,2
4,3,16,24,010110100011000011001001101000,1,1,0,0.26,0.4637681245803833,1,1
4,3,16,26,010110100011000011001001101000,1,1,0,0.64,0.2211538404226303,1,1
4,3,17,2,001110000010011011111000010100,1,1,0,0.56,0.692307710647583,5,2
4,3,17,3,001110000010011011111000010100,1,1,0,0.73,0.828125,5,3
4,3,17,4,001110000010011011111000010100,1,1,0,0.52,0.4444444477558136,1,1
4,3,17,10,001110000010011011111000010100,1,1,0,0.52,0.4000000059604645,1,1
4,3,17,13,001110000010011011111000010100,1,1,0,0.62,0.4399999976158142,2,2
4,3,17,14,001110000010011011111000010100,1,1,0,0.53,0.8673469424247742,5,3
4,3,17,16,001110000010011011111000010100,1,1,0,0.49,0.6027397513389587,1,1
4,3,17,17,001110000010011011111000010100,1,1,0,0.38,0.10000000149011612,4,2
4,3,17,18,001110000010011011111000010100,1,1,0,0.72,0.35384616255760193,3,2
4,3,17,19,001110000010011011111000010100,1,1,0,0.8,0.3194444477558136,5,2
4,3,17,20,001110000010011011111000010100,1,1,0,0.84,0.42424243688583374,5,2
4,3,17,25,001110000010011011111000010100,1,1,0,0.45,0.38461539149284363,5,3
4,3,17,27,001110000010011011111000010100,1,1,0,0.79,0.4893617033958435,4,3
4,3,18,0,101001000001100100000101101001,1,1,0,0.15,0.0625,4,2
4,3,18,2,101001000001100100000101101001,1,1,0,0.56,0.692307710647583,5,2
4,3,18,5,101001000001100100000101101001,1,1,0,0.8,0.3965517282485962,4,3
4,3,18,11,101001000001100100000101101001,1,1,0,0.85,0.43478259444236755,4,3
4,3,18,12,101001000001100100000101101001,1,1,0,0.95,0.719298243522644,4,2
4,3,18,15,101001000001100100000101101001,1,1,0,0.35,0.6266666650772095,5,3
4,3,18,21,101001000001100100000101101001,1,1,0,0.84,0.6470588445663452,5,2
4,3,18,23,101001000001100100000101101001,1,1,0,0.54,0.6515151262283325,4,2
4,3,18,24,101001000001100100000101101001,1,1,0,0.26,0.4637681245803833,1,1
4,3,18,26,101001000001100100000101101001,1,1,0,0.64,0.2211538404226303,1,1
4,3,18,29,101001000001100100000101101001,1,1,0,0.32,0.3193277418613434,1,1
4,3,19,0,100001010001010000110110110110,1,1,0,0.15,0.0625,4,2
4,3,19,5,100001010001010000110110110110,1,1,0,0.8,0.3965517282485962,4,3
4,3,19,7,100001010001010000110110110110,1,1,0,0.21,0.5092592835426331,1,1
4,3,19,11,100001010001010000110110110110,1,1,0,0.85,0.43478259444236755,4,3
4,3,19,13,100001010001010000110110110110,1,1,0,0.62,0.4399999976158142,2,2
4,3,19,18,100001010001010000110110110110,1,1,0,0.72,0.35384616255760193,3,2
4,3,19,19,100001010001010000110110110110,1,1,0,0.8,0.3194444477558136,5,2
4,3,19,21,100001010001010000110110110110,1,1,0,0.84,0.6470588445663452,5,2
4,3,19,22,100001010001010000110110110110,1,1,0,0.14,0.5744680762290955,5,2
4,3,19,24,100001010001010000110110110110,1,1,0,0.26,0.4637681245803833,1,1
4,3,19,25,100001010001010000110110110110,1,1,0,0.45,0.38461539149284363,5,3
4,3,19,27,100001010001010000110110110110,1,1,0,0.79,0.4893617033958435,4,3
4,3,19,28,100001010001010000110110110110,1,1,0,0.4,0.43283581733703613,5,2
4,3,20,0,110001001010101100011001110100,1,1,0,0.15,0.0625,4,2
4,3,20,1,110001001010101100011001110100,1,1,0,0.8,0.4000000059604645,4,3
4,3,20,5,110001001010101100011001110100,1,1,0,0.8,0.3965517282485962,4,3
4,3,20,8,110001001010101100011001110100,1,1,0,0.8,0.8320000171661377,5,3
4,3,20,10,110001001010101100011001110100,1,1,0,0.52,0.4000000059604645,1,1
4,3,20,12,110001001010101100011001110100,1,1,0,0.95,0.719298243522644,4,2
4,3,20,14,110001001010101100011001110100,1,1,0,0.53,0.8673469424247742,5,3
4,3,20,15,110001001010101100011001110100,1,1,0,0.35,0.6266666650772095,5,3
4,3,20,19,110001001010101100011001110100,1,1,0,0.8,0.3194444477558136,5,2
4,3,20,20,110001001010101100011001110100,1,1,0,0.84,0.42424243688583374,5,2
4,3,20,23,110001001010101100011001110100,1,1,0,0.54,0.6515151262283325,4,2
4,3,20,24,110001001010101100011001110100,1,1,0,0.26,0.4637681245803833,1,1
4,3,20,25,110001001010101100011001110100,1,1,0,0.45,0.38461539149284363,5,3
4,3,20,27,110001001010101100011001110100,1,1,0,0.79,0.4893617033958435,4,3
4,3,21,0,101100001010011011111000000110,1,1,0,0.15,0.0625,4,2
4,3,21,2,101100001010011011111000000110,1,1,0,0.56,0.692307710647583,5,2
4,3,21,3,101100001010011011111000000110,1,1,0,0.73,0.828125,5,3
4,3,21,8,101100001010011011111000000110,1,1,0,0.8,0.8320000171661377,5,3
4,3,21,10,101100001010011011111000000110,1,1,0,0.52,0.4000000059604645,1,1
4,3,21,13,101100001010011011111000000110,1,1,0,0.62,0.4399999976158142,2,2
4,3,21,14,101100001010011011111000000110,1,1,0,0.53,0.8673469424247742,5,3
4,3,21,16,101100001010011011111000000110,1,1,0,0.49,0.6027397513389587,1,1
4,3,21,17,101100001010011011111000000110,1,1,0,0.38,0.10000000149011612,4,2
4,3,21,18,101100001010011011111000000110,1,1,0,0.72,0.35384616255760193,3,2
4,3,21,19,101100001010011011111000000110,1,1,0,0.8,0.3194444477558136,5,2
4,3,21,20,101100001010011011111000000110,1,1,0,0.84,0.42424243688583374,5,2
4,3,21,27,101100001010011011111000000110,1,1,0,0.79,0.4893617033958435,4,3
4,3,21,28,101100001010011011111000000110,1,1,0,0.4,0.43283581733703613,5,2
4,3,22,1,011110100011001111011100010011,1,1,0,0.8,0.4000000059604645,4,3
4,3,22,2,011110100011001111011100010011,1,1,0,0.56,0.692307710647583,5,2
4,3,22,3,011110100011001111011100010011,1,1,0,0.73,0.828125,5,3
4,3,22,4,011110100011001111011100010011,1,1,0,0.52,0.4444444477558136,1,1
4,3,22,6,011110100011001111011100010011,1,1,0,0.59,0.34210526943206787,1,1
4,3,22,10,011110100011001111011100010011,1,1,0,0.52,0.4000000059604645,1,1
4,3,22,11,011110100011001111011100010011,1,1,0,0.85,0.43478259444236755,4,3
4,3,22,14,011110100011001111011100010011,1,1,0,0.53,0.8673469424247742,5,3
4,3,22,15,011110100011001111011100010011,1,1,0,0.35,0.6266666650772095,5,3
4,3,22,16,011110100011001111011100010011,1,1,0,0.49,0.6027397513389587,1,1
4,3,22,17,011110100011001111011100010011,1,1,0,0.38,0.10000000149011612,4,2
4,3,22,19,011110100011001111011100010011,1,1,0,0.8,0.3194444477558136,5,2
4,3,22,20,011110100011001111011100010011,1,1,0,0.84,0.42424243688583374,5,2
4,3,22,21,011110100011001111011100010011,1,1,0,0.84,0.6470588445663452,5,2
4,3,22,25,011110100011001111011100010011,1,1,0,0.45,0.38461539149284363,5,3
4,3,22,28,011110100011001111011100010011,1,1,0,0.4,0.43283581733703613,5,2
4,3,22,29,011110100011001111011100010011,1,1,0,0.32,0.3193277418613434,1,1
4,3,23,0,110000001000111000011001110100,1,1,0,0.15,0.0625,4,2
4,3,23,1,110000001000111000011001110100,1,1,0,0.8,0.4000000059604645,4,3
4,3,23,8,110000001000111000011001110100,1,1,0,0.8,0.8320000171661377,5,3
4,3,23,12,110000001000111000011001110100,1,1,0,0.95,0.719298243522644,4,2
4,3,23,13,110000001000111000011001110100,1,1,0,0.62,0.4399999976158142,2,2
4,3,23,14,110000001000111000011001110100,1,1,0,0.53,0.8673469424247742,5,3
4,3,23,19,110000001000111000011001110100,1,1,0,0.8,0.3194444477558136,5,2
4,3,23,20,110000001000111000011001110100,1,1,0,0.84,0.42424243688583374,5,2
4,3,23,23,110000001000111000011001110100,1,1,0,0.54,0.6515151262283325,4,2
4,3,23,24,110000001000111000011001110100,1,1,0,0.26,0.4637681245803833,1,1
4,3,23,25,110000001000111000011001110100,1,1,0,0.45,0.38461539149284363,5,3
4,3,23,27,110000001000111000011001110100,1,1,0,0.79,0.4893617033958435,4,3
4,3,24,0,100000100101010101101001011111,1,1,0,0.15,0.0625,4,2
4,3,24,6,100000100101010101101001011111,1,1,0,0.59,0.34210526943206787,1,1
4,3,24,9,100000100101010101101001011111,1,1,0,0.29,0.48076921701431274,1,1
4,3,24,11,100000100101010101101001011111,1,1,0,0.85,0.43478259444236755,4,3
4,3,24,13,100000100101010101101001011111,1,1,0,0.62,0.4399999976158142,2,2
4,3,24,15,100000100101010101101001011111,1,1,0,0.35,0.6266666650772095,5,3
4,3,24,17,100000100101010101101001011111,1,1,0,0.38,0.10000000149011612,4,2
4,3,24,18,100000100101010101101001011111,1,1,0,0.72,0.35384616255760193,3,2
4,3,24,20,100000100101010101101001011111,1,1,0,0.84,0.42424243688583374,5,2
4,3,24,23,100000100101010101101001011111,1,1,0,0.54,0.6515151262283325,4,2
4,3,24,25,100000100101010101101001011111,1,1,0,0.45,0.38461539149284363,5,3
4,3,24,26,100000100101010101101001011111,1,1,0,0.64,0.2211538404226303,1,1
4,3,24,27,100000100101010101101001011111,1,1,0,0.79,0.4893617033958435,4,3
4,3,24,28,100000100101010101101001011111,1,1,0,0.4,0.43283581733703613,5,2
4,3,24,29,100000100101010101101001011111,1,1,0,0.32,0.3193277418613434,1,1
4,3,25,1,010110100001000011000000010010,1,1,0,0.8,0.4000000059604645,4,3
4,3,25,3,010110100001000011000000010010,1,1,0,0.73,0.828125,5,3
4,3,25,4,010110100001000011000000010010,1,1,0,0.52,0.4444444477558136,1,1
4,3,25,6,010110100001000011000000010010,1,1,0,0.59,0.34210526943206787,1,1
4,3,25,11,010110100001000011000000010010,1,1,0,0.85,0.43478259444236755,4,3
4,3,25,16,010110100001000011000000010010,1,1,0,0.49,0.6027397513389587,1,1
4,3,25,17,010110100001000011000000010010,1,1,0,0.38,0.10000000149011612,4,2
4,3,25,25,010110100001000011000000010010,1,1,0,0.45,0.38461539149284363,5,3
4,3,25,28,010110100001000011000000010010,1,1,0,0.4,0.43283581733703613,5,2
4,3,26,0,100000100101011011111101111011,1,1,0,0.15,0.0625,4,2
4,3,26,6,100000100101011011111101111011,1,1,0,0.59,0.34210526943206787,1,1
4,3,26,9,100000100101011011111101111011,1,1,0,0.29,0.48076921701431274,1,1
4,3,26,11,100000100101011011111101111011,1,1,0,0.85,0.43478259444236755,4,3
4,3,26,13,100000100101011011111101111011,1,1,0,0.62,0.4399999976158142,2,2
4,3,26,14,100000100101011011111101111011,1,1,0,0.53,0.8673469424247742,5,3
4,3,26,16,100000100101011011111101111011,1,1,0,0.49,0.6027397513389587,1,1
4,3,26,17,100000100101011011111101111011,1,1,0,0.38,0.10000000149011612,4,2
4,3,26,18,100000100101011011111101111011,1,1,0,0.72,0.35384616255760193,3,2
4,3,26,19,100000100101011011111101111011,1,1,0,0.8,0.3194444477558136,5,2
4,3,26,20,100000100101011011111101111011,1,1,0,0.84,0.42424243688583374,5,2
4,3,26,21,100000100101011011111101111011,1,1,0,0.84,0.6470588445663452,5,2
4,3,26,23,100000100101011011111101111011,1,1,0,0.54,0.6515151262283325,4,2
4,3,26,24,100000100101011011111101111011,1,1,0,0.26,0.4637681245803833,1,1
4,3,26,25,100000100101011011111101111011,1,1,0,0.45,0.38461539149284363,5,3
4,3,26,26,100000100101011011111101111011,1,1,0,0.64,0.2211538404226303,1,1
4,3,26,28,100000100101011011111101111011,1,1,0,0.4,0.43283581733703613,5,2
4,3,26,29,100000100101011011111101111011,1,1,0,0.32,0.3193277418613434,1,1
4,3,27,0,110010101011101100001100101101,1,1,0,0.15,0.0625,4,2
4,3,27,1,110010101011101100001100101101,1,1,0,0.8,0.4000000059604645,4,3
4,3,27,4,110010101011101100001100101101,1,1,0,0.52,0.4444444477558136,1,1
4,3,27,6,110010101011101100001100101101,1,1,0,0.59,0.34210526943206787,1,1
4,3,27,8,110010101011101100001100101101,1,1,0,0.8,0.8320000171661377,5,3
4,3,27,10,110010101011101100001100101101,1,1,0,0.52,0.4000000059604645,1,1
4,3,27,11,110010101011101100001100101101,1,1,0,0.85,0.43478259444236755,4,3
4,3,27,12,110010101011101100001100101101,1,1,0,0.95,0.719298243522644,4,2
4,3,27,14,110010101011101100001100101101,1,1,0,0.53,0.8673469424247742,5,3
4,3,27,15,110010101011101100001100101101,1,1,0,0.35,0.6266666650772095,5,3
4,3,27,20,110010101011101100001100101101,1,1,0,0.84,0.42424243688583374,5,2
4,3,27,21,110010101011101100001100101101,1,1,0,0.84,0.6470588445663452,5,2
4,3,27,24,110010101011101100001100101101,1,1,0,0.26,0.4637681245803833,1,1
4,3,27,26,110010101011101100001100101101,1,1,0,0.64,0.2211538404226303,1,1
4,3,27,27,110010101011101100001100101101,1,1,0,0.79,0.4893617033958435,4,3
4,3,27,29,110010101011101100001100101101,1,1,0,0.32,0.3193277418613434,1,1
4,3,28,1,010110000011000011000100010000,1,1,0,0.8,0.4000000059604645,4,3
4,3,28,3,010110000011000011000100010000,1,1,0,0.73,0.828125,5,3
4,3,28,4,010110000011000011000100010000,1,1,0,0.52,0.4444444477558136,1,1
4,3,28,10,010110000011000011000100010000,1,1,0,0.52,0.4000000059604645,1,1
4,3,28,11,010110000011000011000100010000,1,1,0,0.85,0.43478259444236755,4,3
4,3,28,16,010110000011000011000100010000,1,1,0,0.49,0.6027397513389587,1,1
4,3,28,17,010110000011000011000100010000,1,1,0,0.38,0.10000000149011612,4,2
4,3,28,21,010110000011000011000100010000,1,1,0,0.84,0.6470588445663452,5,2
4,3,28,25,010110000011000011000100010000,1,1,0,0.45,0.38461539149284363,5,3
4,4,0,0,110001001000101101111011110100,1,1,0,0.15,0.0625,4,2
4,4,0,1,110001001000101101111011110100,1,1,0,0.8,0.4000000059604645,4,3
4,4,0,5,110001001000101101111011110100,1,1,0,0.8,0.3965517282485962,4,3
4,4,0,8,110001001000101101111011110100,1,1,0,0.8,0.8320000171661377,5,3
4,4,0,12,110001001000101101111011110100,1,1,0,0.95,0.719298243522644,4,2
4,4,0,14,110001001000101101111011110100,1,1,0,0.53,0.8673469424247742,5,3
4,4,0,15,110001001000101101111011110100,1,1,0,0.35,0.6266666650772095,5,3
4,4,0,17,110001001000101101111011110100,1,1,0,0.38,0.10000000149011612,4,2
4,4,0,18,110001001000101101111011110100,1,1,0,0.72,0.35384616255760193,3,2
4,4,0,19,110001001000101101111011110100,1,1,0,0.8,0.3194444477558136,5,2
4,4,0,20,110001001000101101111011110100,1,1,0,0.84,0.42424243688583374,5,2
4,4,0,22,110001001000101101111011110100,1,1,0,0.14,0.5744680762290955,5,2
4,4,0,23,110001001000101101111011110100,1,1,0,0.54,0.6515151262283325,4,2
4,4,0,24,110001001000101101111011110100,1,1,0,0.26,0.4637681245803833,1,1
4,4,0,25,110001001000101101111011110100,1,1,0,0.45,0.38461539149284363,5,3
4,4,0,27,110001001000101101111011110100,1,1,0,0.79,0.4893617033958435,4,3
4,4,1,0,101100101000101101111000010100,1,1,0,0.15,0.0625,4,2
4,4,1,2,101100101000101101111000010100,1,1,0,0.56,0.692307710647583,5,2
4,4,1,3,101100101000101101111000010100,1,1,0,0.73,0.828125,5,3
4,4,1,6,101100101000101101111000010100,1,1,0,0.59,0.34210526943206787,1,1
4,4,1,8,101100101000101101111000010100,1,1,0,0.8,0.8320000171661377,5,3
4,4,1,12,101100101000101101111000010100,1,1,0,0.95,0.719298243522644,4,2
4,4,1,14,101100101000101101111000010100,1,1,0,0.53,0.8673469424247742,5,3
4,4,1,15,101100101000101101111000010100,1,1,0,0.35,0.6266666650772095,5,3
4,4,1,17,101100101000101101111000010100,1,1,0,0.38,0.10000000149011612,4,2
4,4,1,18,101100101000101101111000010100,1,1,0,0.72,0.35384616255760193,3,2
4,4,1,19,101100101000101101111000010100,1,1,0,0.8,0.3194444477558136,5,2
4,4,1,20,101100101000101101111000010100,1,1,0,0.84,0.42424243688583374,5,2
4,4,1,25,101100101000101101111000010100,1,1,0,0.45,0.38461539149284363,5,3
4,4,1,27,101100101000101101111000010100,1,1,0,0.79,0.4893617033958435,4,3
4,4,2,0,100000100101010101101001111011,1,1,0,0.15,0.0625,4,2
4,4,2,6,100000100101010101101001111011,1,1,0,0.59,0.34210526943206787,1,1
4,4,2,9,100000100101010101101001111011,1,1,0,0.29,0.48076921701431274,1,1
4,4,2,11,100000100101010101101001111011,1,1,0,0.85,0.43478259444236755,4,3
4,4,2,13,100000100101010101101001111011,1,1,0,0.62,0.4399999976158142,2,2
4,4,2,15,100000100101010101101001111011,1,1,0,0.35,0.6266666650772095,5,3
4,4,2,17,100000100101010101101001111011,1,1,0,0.38,0.10000000149011612,4,2
4,4,2,18,100000100101010101101001111011,1,1,0,0.72,0.35384616255760193,3,2
4,4,2,20,100000100101010101101001111011,1,1,0,0.84,0.42424243688583374,5,2
4,4,2,23,100000100101010101101001111011,1,1,0,0.54,0.6515151262283325,4,2
4,4,2,24,100000100101010101101001111011,1,1,0,0.26,0.4637681245803833,1,1
4,4,2,25,100000100101010101101001111011,1,1,0,0.45,0.38461539149284363,5,3
4,4,2,26,100000100101010101101001111011,1,1,0,0.64,0.2211538404226303,1,1
4,4,2,28,100000100101010101101001111011,1,1,0,0.4,0.43283581733703613,5,2
4,4,2,29,100000100101010101101001111011,1,1,0,0.32,0.3193277418613434,1,1
4,4,3,0,111111101011110101011111010001,1,1,0,0.15,0.0625,4,2
4,4,3,1,111111101011110101011111010001,1,1,0,0.8,0.4000000059604645,4,3
4,4,3,2,111111101011110101011111010001,1,1,0,0.56,0.692307710647583,5,2
4,4,3,3,111111101011110101011111010001,1,1,0,0.73,0.828125,5,3
4,4,3,4,111111101011110101011111010001,1,1,0,0.52,0.4444444477558136,1,1
4,4,3,5,111111101011110101011111010001,1,1,0,0.8,0.3965517282485962,4,3
4,4,3,6,111111101011110101011111010001,1,1,0,0.59,0.34210526943206787,1,1
4,4,3,8,111111101011110101011111010001,1,1,0,0.8,0.8320000171661377,5,3
4,4,3,10,111111101011110101011111010001,1,1,0,0.52,0.4000000059604645,1,1
4,4,3,11,111111101011110101011111010001,1,1,0,0.85,0.43478259444236755,4,3
4,4,3,12,111111101011110101011111010001,1,1,0,0.95,0.719298243522644,4,2
4,4,3,13,111111101011110101011111010001,1,1,0,0.62,0.4399999976158142,2,2
4,4,3,15,111111101011110101011111010001,1,1,0,0.35,0.6266666650772095,5,3
4,4,3,17,111111101011110101011111010001,1,1,0,0.38,0.10000000149011612,4,2
4,4,3,19,111111101011110101011111010001,1,1,0,0.8,0.3194444477558136,5,2
4,4,3,20,111111101011110101011111010001,1,1,0,0.84,0.42424243688583374,5,2
4,4,3,21,111111101011110101011111010001,1,1,0,0.84,0.6470588445663452,5,2
4,4,3,22,111111101011110101011111010001,1,1,0,0.14,0.5744680762290955,5,2
4,4,3,23,111111101011110101011111010001,1,1,0,0.54,0.6515151262283325,4,2
4,4,3,25,111111101011110101011111010001,1,1,0,0.45,0.38461539149284363,5,3
4,4,3,29,111111101011110101011111010001,1,1,0,0.32,0.3193277418613434,1,1
4,4,4,0,101001001011101111001000101011,1,1,0,0.15,0.0625,4,2
4,4,4,2,101001001011101111001000101011,1,1,0,0.56,0.692307710647583,5,2
4,4,4,5,101001001011101111001000101011,1,1,0,0.8,0.3965517282485962,4,3
4,4,4,8,101001001011101111001000101011,1,1,0,0.8,0.8320000171661377,5,3
4,4,4,10,101001001011101111001000101011,1,1,0,0.52,0.4000000059604645,1,1
4,4,4,11,101001001011101111001000101011,1,1,0,0.85,0.43478259444236755,4,3
4,4,4,12,101001001011101111001000101011,1,1,0,0.95,0.719298243522644,4,2
4,4,4,14,101001001011101111001000101011,1,1,0,0.53,0.8673469424247742,5,3
4,4,4,15,101001001011101111001000101011,1,1,0,0.35,0.6266666650772095,5,3
4,4,4,16,101001001011101111001000101011,1,1,0,0.49,0.6027397513389587,1,1
4,4,4,17,101001001011101111001000101011,1,1,0,0.38,0.10000000149011612,4,2
4,4,4,20,101001001011101111001000101011,1,1,0,0.84,0.42424243688583374,5,2
4,4,4,24,101001001011101111001000101011,1,1,0,0.26,0.4637681245803833,1,1
4,4,4,26,101001001011101111001000101011,1,1,0,0.64,0.2211538404226303,1,1
4,4,4,28,101001001011101111001000101011,1,1,0,0.4,0.43283581733703613,5,2
4,4,4,29,101001001011101111001000101011,1,1,0,0.32,0.3193277418613434,1,1
4,4,5,0,110001001000101100011001110100,1,1,0,0.15,0.0625,4,2
4,4,5,1,110001001000101100011001110100,1,1,0,0.8,0.4000000059604645,4,3
4,4,5,5,110001001000101100011001110100,1,1,0,0.8,0.3965517282485962,4,3
4,4,5,8,110001001000101100011001110100,1,1,0,0.8,0.8320000171661377,5,3
4,4,5,12,110001001000101100011001110100,1,1,0,0.95,0.719298243522644,4,2
4,4,5,14,110001001000101100011001110100,1,1,0,0.53,0.8673469424247742,5,3
4,4,5,15,110001001000101100011001110100,1,1,0,0.35,0.6266666650772095,5,3
4,4,5,19,110001001000101100011001110100,1,1,0,0.8,0.3194444477558136,5,2
4,4,5,20,110001001000101100011001110100,1,1,0,0.84,0.42424243688583374,5,2
4,4,5,23,110001001000101100011001110100,1,1,0,0.54,0.6515151262283325,4,2
4,4,5,24,110001001000101100011001110100,1,1,0,0.26,0.4637681245803833,1,1
4,4,5,25,110001001000101100011001110100,1,1,0,0.45,0.38461539149284363,5,3
4,4,5,27,110001001000101100011001110100,1,1,0,0.79,0.4893617033958435,4,3
4,4,6,0,110001000010101101111011110100,1,1,0,0.15,0.0625,4,2
4,4,6,1,110001000010101101111011110100,1,1,0,0.8,0.4000000059604645,4,3
4,4,6,5,110001000010101101111011110100,1,1,0,0.8,0.3965517282485962,4,3
4,4,6,10,110001000010101101111011110100,1,1,0,0.52,0.4000000059604645,1,1
4,4,6,12,110001000010101101111011110100,1,1,0,0.95,0.719298243522644,4,2
4,4,6,14,110001000010101101111011110100,1,1,0,0.53,0.8673469424247742,5,3
4,4,6,15,110001000010101101111011110100,1,1,0,0.35,0.6266666650772095,5,3
4,4,6,17,110001000010101101111011110100,1,1,0,0.38,0.10000000149011612,4,2
4,4,6,18,110001000010101101111011110100,1,1,0,0.72,0.35384616255760193,3,2
4,4,6,19,110001000010101101111011110100,1,1,0,0.8,0.3194444477558136,5,2
4,4,6,20,110001000010101101111011110100,1,1,0,0.84,0.42424243688583374,5,2
4,4,6,22,110001000010101101111011110100,1,1,0,0.14,0.5744680762290955,5,2
4,4,6,23,110001000010101101111011110100,1,1,0,0.54,0.6515151262283325,4,2
4,4,6,24,110001000010101101111011110100,1,1,0,0.26,0.4637681245803833,1,1
4,4,6,25,110001000010101101111011110100,1,1,0,0.45,0.38461539149284363,5,3
4,4,6,27,110001000010101101111011110100,1,1,0,0.79,0.4893617033958435,4,3
4,4,7,0,111101110011010101010001000011,1,1,0,0.15,0.0625,4,2
4,4,7,1,111101110011010101010001000011,1,1,0,0.8,0.4000000059604645,4,3
4,4,7,2,111101110011010101010001000011,1,1,0,0.56,0.692307710647583,5,2
4,4,7,3,111101110011010101010001000011,1,1,0,0.73,0.828125,5,3
4,4,7,5,111101110011010101010001000011,1,1,0,0.8,0.3965517282485962,4,3
4,4,7,6,111101110011010101010001000011,1,1,0,0.59,0.34210526943206787,1,1
4,4,7,7,111101110011010101010001000011,1,1,0,0.21,0.5092592835426331,1,1
4,4,7,10,111101110011010101010001000011,1,1,0,0.52,0.4000000059604645,1,1
4,4,7,11,111101110011010101010001000011,1,1,0,0.85,0.43478259444236755,4,3
4,4,7,13,111101110011010101010001000011,1,1,0,0.62,0.4399999976158142,2,2
4,4,7,15,111101110011010101010001000011,1,1,0,0.35,0.6266666650772095,5,3
4,4,7,17,111101110011010101010001000011,1,1,0,0.38,0.10000000149011612,4,2
4,4,7,19,111101110011010101010001000011,1,1,0,0.8,0.3194444477558136,5,2
4,4,7,23,111101110011010101010001000011,1,1,0,0.54,0.6515151262283325,4,2
4,4,7,28,111101110011010101010001000011,1,1,0,0.4,0.43283581733703613,5,2
4,4,7,29,111101110011010101010001000011,1,1,0,0.32,0.3193277418613434,1,1
4,4,8,1,010101110001010101101011001111,1,1,0,0.8,0.4000000059604645,4,3
4,4,8,3,010101110001010101101011001111,1,1,0,0.73,0.828125,5,3
4,4,8,5,010101110001010101101011001111,1,1,0,0.8,0.3965517282485962,4,3
4,4,8,6,010101110001010101101011001111,1,1,0,0.59,0.34210526943206787,1,1
4,4,8,7,010101110001010101101011001111,1,1,0,0.21,0.5092592835426331,1,1
4,4,8,11,010101110001010101101011001111,1,1,0,0.85,0.43478259444236755,4,3
4,4,8,13,010101110001010101101011001111,1,1,0,0.62,0.4399999976158142,2,2
4,4,8,15,010101110001010101101011001111,1,1,0,0.35,0.6266666650772095,5,3
4,4,8,17,010101110001010101101011001111,1,1,0,0.38,0.10000000149011612,4,2
4,4,8,18,010101110001010101101011001111,1,1,0,0.72,0.35384616255760193,3,2
4,4,8,20,010101110001010101101011001111,1,1,0,0.84,0.42424243688583374,5,2
4,4,8,22,010101110001010101101011001111,1,1,0,0.14,0.5744680762290955,5,2
4,4,8,23,010101110001010101101011001111,1,1,0,0.54,0.6515151262283325,4,2
4,4,8,26,010101110001010101101011001111,1,1,0,0.64,0.2211538404226303,1,1
4,4,8,27,010101110001010101101011001111,1,1,0,0.79,0.4893617033958435,4,3
4,4,8,28,010101110001010101101011001111,1,1,0,0.4,0.43283581733703613,5,2
4,4,8,29,010101110001010101101011001111,1,1,0,0.32,0.3193277418613434,1,1
4,4,9,1,010110100011000011001001101000,1,1,0,0.8,0.4000000059604645,4,3
4,4,9,3,010110100011000011001001101000,1,1,0,0.73,0.828125,5,3
4,4,9,4,010110100011000011001001101000,1,1,0,0.52,0.4444444477558136,1,1
4,4,9,6,010110100011000011001001101000,1,1,0,0.59,0.34210526943206787,1,1
4,4,9,10,010110100011000011001001101000,1,1,0,0.52,0.4000000059604645,1,1
4,4,9,11,010110100011000011001001101000,1,1,0,0.85,0.43478259444236755,4,3
4,4,9,16,010110100011000011001001101000,1,1,0,0.49,0.6027397513389587,1,1
4,4,9,17,010110100011000011001001101000,1,1,0,0.38,0.10000000149011612,4,2
4,4,9,20,010110100011000011001001101000,1,1,0,0.84,0.42424243688583374,5,2
4,4,9,23,010110100011000011001001101000,1,1,0,0.54,0.6515151262283325,4,2
4,4,9,24,010110100011000011001001101000,1,1,0,0.26,0.4637681245803833,1,1
4,4,9,26,010110100011000011001001101000,1,1,0,0.64,0.2211538404226303,1,1
4,4,10,0,110001001010101100011001110100,1,1,0,0.15,0.0625,4,2
4,4,10,1,110001001010101100011001110100,1,1,0,0.8,0.4000000059604645,4,3
4,4,10,5,110001001010101100011001110100,1,1,0,0.8,0.3965517282485962,4,3
4,4,10,8,110001001010101100011001110100,1,1,0,0.8,0.8320000171661377,5,3
4,4,10,10,110001001010101100011001110100,1,1,0,0.52,0.4000000059604645,1,1
4,4,10,12,110001001010101100011001110100,1,1,0,0.95,0.719298243522644,4,2
4,4,10,14,110001001010101100011001110100,1,1,0,0.53,0.8673469424247742,5,3
4,4,10,15,110001001010101100011001110100,1,1,0,0.35,0.6266666650772095,5,3
4,4,10,19,110001001010101100011001110100,1,1,0,0.8,0.3194444477558136,5,2
4,4,10,20,110001001010101100011001110100,1,1,0,0.84,0.42424243688583374,5,2
4,4,10,23,110001001010101100011001110100,1,1,0,0.54,0.6515151262283325,4,2
4,4,10,24,110001001010101100011001110100,1,1,0,0.26,0.4637681245803833,1,1
4,4,10,25,110001001010101100011001110100,1,1,0,0.45,0.38461539149284363,5,3
4,4,10,27,110001001010101100011001110100,1,1,0,0.79,0.4893617033958435,4,3
4,4,11,0,101100001010011011111000000110,1,1,0,0.15,0.0625,4,2
4,4,11,2,101100001010011011111000000110,1,1,0,0.56,0.692307710647583,5,2
4,4,11,3,101100001010011011111000000110,1,1,0,0.73,0.828125,5,3
4,4,11,8,101100001010011011111000000110,1,1,0,0.8,0.8320000171661377,5,3
4,4,11,10,101100001010011011111000000110,1,1,0,0.52,0.4000000059604645,1,1
4,4,11,13,101100001010011011111000000110,1,1,0,0.62,0.4399999976158142,2,2
4,4,11,14,101100001010011011111000000110,1,1,0,0.53,0.8673469424247742,5,3
4,4,11,16,101100001010011011111000000110,1,1,0,0.49,0.6027397513389587,1,1
4,4,11,17,101100001010011011111000000110,1,1,0,0.38,0.10000000149011612,4,2
4,4,11,18,101100001010011011111000000110,1,1,0,0.72,0.35384616255760193,3,2
4,4,11,19,101100001010011011111000000110,1,1,0,0.8,0.3194444477558136,5,2
4,4,11,20,101100001010011011111000000110,1,1,0,0.84,0.42424243688583374,5,2
4,4,11,27,101100001010011011111000000110,1,1,0,0.79,0.4893617033958435,4,3
4,4,11,28,101100001010011011111000000110,1,1,0,0.4,0.43283581733703613,5,2
4,4,12,1,011110100011001111011100010011,1,1,0,0.8,0.4000000059604645,4,3
4,4,12,2,011110100011001111011100010011,1,1,0,0.56,0.692307710647583,5,2
4,4,12,3,011110100011001111011100010011,1,1,0,0.73,0.828125,5,3
4,4,12,4,011110100011001111011100010011,1,1,0,0.52,0.4444444477558136,1,1
4,4,12,6,011110100011001111011100010011,1,1,0,0.59,0.34210526943206787,1,1
4,4,12,10,011110100011001111011100010011,1,1,0,0.52,0.4000000059604645,1,1
4,4,12,11,011110100011001111011100010011,1,1,0,0.85,0.43478259444236755,4,3
4,4,12,14,011110100011001111011100010011,1,1,0,0.53,0.8673469424247742,5,3
4,4,12,15,011110100011001111011100010011,1,1,0,0.35,0.6266666650772095,5,3
4,4,12,16,011110100011001111011100010011,1,1,0,0.49,0.6027397513389587,1,1
4,4,12,17,011110100011001111011100010011,1,1,0,0.38,0.10000000149011612,4,2
4,4,12,19,011110100011001111011100010011,1,1,0,0.8,0.3194444477558136,5,2
4,4,12,20,011110100011001111011100010011,1,1,0,0.84,0.42424243688583374,5,2
4,4,12,21,011110100011001111011100010011,1,1,0,0.84,0.6470588445663452,5,2
4,4,12,25,011110100011001111011100010011,1,1,0,0.45,0.38461539149284363,5,3
4,4,12,28,011110100011001111011100010011,1,1,0,0.4,0.43283581733703613,5,2
4,4,12,29,011110100011001111011100010011,1,1,0,0.32,0.3193277418613434,1,1
4,4,13,0,100000100101010101101001011111,1,1,0,0.15,0.0625,4,2
4,4,13,6,100000100101010101101001011111,1,1,0,0.59,0.34210526943206787,1,1
4,4,13,9,100000100101010101101001011111,1,1,0,0.29,0.48076921701431274,1,1
4,4,13,11,100000100101010101101001011111,1,1,0,0.85,0.43478259444236755,4,3
4,4,13,13,100000100101010101101001011111,1,1,0,0.62,0.4399999976158142,2,2
4,4,13,15,100000100101010101101001011111,1,1,0,0.35,0.6266666650772095,5,3
4,4,13,17,100000100101010101101001011111,1,1,0,0.38,0.10000000149011612,4,2
4,4,13,18,100000100101010101101001011111,1,1,0,0.72,0.35384616255760193,3,2
4,4,13,20,100000100101010101101001011111,1,1,0,0.84,0.42424243688583374,5,2
4,4,13,23,100000100101010101101001011111,1,1,0,0.54,0.6515151262283325,4,2
4,4,13,25,100000100101010101101001011111,1,1,0,0.45,0.38461539149284363,5,3
4,4,13,26,100000100101010101101001011111,1,1,0,0.64,0.2211538404226303,1,1
4,4,13,27,100000100101010101101001011111,1,1,0,0.79,0.4893617033958435,4,3
4,4,13,28,100000100101010101101001011111,1,1,0,0.4,0.43283581733703613,5,2
4,4,13,29,100000100101010101101001011111,1,1,0,0.32,0.3193277418613434,1,1
4,4,14,0,100000100101011011111101111011,1,1,0,0.15,0.0625,4,2
4,4,14,6,100000100101011011111101111011,1,1,0,0.59,0.34210526943206787,1,1
4,4,14,9,100000100101011011111101111011,1,1,0,0.29,0.48076921701431274,1,1
4,4,14,11,100000100101011011111101111011,1,1,0,0.85,0.43478259444236755,4,3
4,4,14,13,100000100101011011111101111011,1,1,0,0.62,0.4399999976158142,2,2
4,4,14,14,100000100101011011111101111011,1,1,0,0.53,0.8673469424247742,5,3
4,4,14,16,100000100101011011111101111011,1,1,0,0.49,0.6027397513389587,1,1
4,4,14,17,100000100101011011111101111011,1,1,0,0.38,0.10000000149011612,4,2
4,4,14,18,100000100101011011111101111011,1,1,0,0.72,0.35384616255760193,3,2
4,4,14,19,100000100101011011111101111011,1,1,0,0.8,0.3194444477558136,5,2
4,4,14,20,100000100101011011111101111011,1,1,0,0.84,0.42424243688583374,5,2
4,4,14,21,100000100101011011111101111011,1,1,0,0.84,0.6470588445663452,5,2
4,4,14,23,100000100101011011111101111011,1,1,0,0.54,0.6515151262283325,4,2
4,4,14,24,100000100101011011111101111011,1,1,0,0.26,0.4637681245803833,1,1
4,4,14,25,100000100101011011111101111011,1,1,0,0.45,0.38461539149284363,5,3
4,4,14,26,100000100101011011111101111011,1,1,0,0.64,0.2211538404226303,1,1
4,4,14,28,100000100101011011111101111011,1,1,0,0.4,0.43283581733703613,5,2
4,4,14,29,100000100101011011111101111011,1,1,0,0.32,0.3193277418613434,1,1
4,4,15,0,110010101011101100001100101101,1,1,0,0.15,0.0625,4,2
4,4,15,1,110010101011101100001100101101,1,1,0,0.8,0.4000000059604645,4,3
4,4,15,4,110010101011101100001100101101,1,1,0,0.52,0.4444444477558136,1,1
4,4,15,6,110010101011101100001100101101,1,1,0,0.59,0.34210526943206787,1,1
4,4,15,8,110010101011101100001100101101,1,1,0,0.8,0.8320000171661377,5,3
4,4,15,10,110010101011101100001100101101,1,1,0,0.52,0.4000000059604645,1,1
4,4,15,11,110010101011101100001100101101,1,1,0,0.85,0.43478259444236755,4,3
4,4,15,12,110010101011101100001100101101,1,1,0,0.95,0.719298243522644,4,2
4,4,15,14,110010101011101100001100101101,1,1,0,0.53,0.8673469424247742,5,3
4,4,15,15,110010101011101100001100101101,1,1,0,0.35,0.6266666650772095,5,3
4,4,15,20,110010101011101100001100101101,1,1,0,0.84,0.42424243688583374,5,2
4,4,15,21,110010101011101100001100101101,1,1,0,0.84,0.6470588445663452,5,2
4,4,15,24,110010101011101100001100101101,1,1,0,0.26,0.4637681245803833,1,1
4,4,15,26,110010101011101100001100101101,1,1,0,0.64,0.2211538404226303,1,1
4,4,15,27,110010101011101100001100101101,1,1,0,0.79,0.4893617033958435,4,3
4,4,15,29,110010101011101100001100101101,1,1,0,0.32,0.3193277418613434,1,1
4,4,16,0,110001001101010101101001111100,1,1,0,0.15,0.0625,4,2
4,4,16,1,110001001101010101101001111100,1,1,0,0.8,0.4000000059604645,4,3
4,4,16,5,110001001101010101101001111100,1,1,0,0.8,0.3965517282485962,4,3
4,4,16,8,110001001101010101101001111100,1,1,0,0.8,0.8320000171661377,5,3
4,4,16,9,110001001101010101101001111100,1,1,0,0.29,0.48076921701431274,1,1
4,4,16,11,110001001101010101101001111100,1,1,0,0.85,0.43478259444236755,4,3
4,4,16,13,110001001101010101101001111100,1,1,0,0.62,0.4399999976158142,2,2
4,4,16,15,110001001101010101101001111100,1,1,0,0.35,0.6266666650772095,5,3
4,4,16,17,110001001101010101101001111100,1,1,0,0.38,0.10000000149011612,4,2
4,4,16,18,110001001101010101101001111100,1,1,0,0.72,0.35384616255760193,3,2
4,4,16,20,110001001101010101101001111100,1,1,0,0.84,0.42424243688583374,5,2
4,4,16,23,110001001101010101101001111100,1,1,0,0.54,0.6515151262283325,4,2
4,4,16,24,110001001101010101101001111100,1,1,0,0.26,0.4637681245803833,1,1
4,4,16,25,110001001101010101101001111100,1,1,0,0.45,0.38461539149284363,5,3
4,4,16,26,110001001101010101101001111100,1,1,0,0.64,0.2211538404226303,1,1
4,4,16,27,110001001101010101101001111100,1,1,0,0.79,0.4893617033958435,4,3
4,4,17,1,010110100010000101000000010010,1,1,0,0.8,0.4000000059604645,4,3
4,4,17,3,010110100010000101000000010010,1,1,0,0.73,0.828125,5,3
4,4,17,4,010110100010000101000000010010,1,1,0,0.52,0.4444444477558136,1,1
4,4,17,6,010110100010000101000000010010,1,1,0,0.59,0.34210526943206787,1,1
4,4,17,10,010110100010000101000000010010,1,1,0,0.52,0.4000000059604645,1,1
4,4,17,15,010110100010000101000000010010,1,1,0,0.35,0.6266666650772095,5,3
4,4,17,17,010110100010000101000000010010,1,1,0,0.38,0.10000000149011612,4,2
4,4,17,25,010110100010000101000000010010,1,1,0,0.45,0.38461539149284363,5,3
4,4,17,28,010110100010000101000000010010,1,1,0,0.4,0.43283581733703613,5,2
4,4,18,0,100000101111010101101001111011,1,1,0,0.15,0.0625,4,2
4,4,18,6,100000101111010101101001111011,1,1,0,0.59,0.34210526943206787,1,1
4,4,18,8,100000101111010101101001111011,1,1,0,0.8,0.8320000171661377,5,3
4,4,18,9,100000101111010101101001111011,1,1,0,0.29,0.48076921701431274,1,1
4,4,18,10,100000101111010101101001111011,1,1,0,0.52,0.4000000059604645,1,1
4,4,18,11,100000101111010101101001111011,1,1,0,0.85,0.43478259444236755,4,3
4,4,18,13,100000101111010101101001111011,1,1,0,0.62,0.4399999976158142,2,2
4,4,18,15,100000101111010101101001111011,1,1,0,0.35,0.6266666650772095,5,3
4,4,18,17,100000101111010101101001111011,1,1,0,0.38,0.10000000149011612,4,2
4,4,18,18,100000101111010101101001111011,1,1,0,0.72,0.35384616255760193,3,2
4,4,18,20,100000101111010101101001111011,1,1,0,0.84,0.42424243688583374,5,2
4,4,18,23,100000101111010101101001111011,1,1,0,0.54,0.6515151262283325,4,2
4,4,18,24,100000101111010101101001111011,1,1,0,0.26,0.4637681245803833,1,1
4,4,18,25,100000101111010101101001111011,1,1,0,0.45,0.38461539149284363,5,3
4,4,18,26,100000101111010101101001111011,1,1,0,0.64,0.2211538404226303,1,1
4,4,18,28,100000101111010101101001111011,1,1,0,0.4,0.43283581733703613,5,2
4,4,18,29,100000101111010101101001111011,1,1,0,0.32,0.3193277418613434,1,1
4,4,19,0,110110101011101100001001101101,1,1,0,0.15,0.0625,4,2
4,4,19,1,110110101011101100001001101101,1,1,0,0.8,0.4000000059604645,4,3
4,4,19,3,110110101011101100001001101101,1,1,0,0.73,0.828125,5,3
4,4,19,4,110110101011101100001001101101,1,1,0,0.52,0.4444444477558136,1,1
4,4,19,6,110110101011101100001001101101,1,1,0,0.59,0.34210526943206787,1,1
4,4,19,8,110110101011101100001001101101,1,1,0,0.8,0.8320000171661377,5,3
4,4,19,10,110110101011101100001001101101,1,1,0,0.52,0.4000000059604645,1,1
4,4,19,11,110110101011101100001001101101,1,1,0,0.85,0.43478259444236755,4,3
4,4,19,12,110110101011101100001001101101,1,1,0,0.95,0.719298243522644,4,2
4,4,19,14,110110101011101100001001101101,1,1,0,0.53,0.8673469424247742,5,3
4,4,19,15,110110101011101100001001101101,1,1,0,0.35,0.6266666650772095,5,3
4,4,19,20,110110101011101100001001101101,1,1,0,0.84,0.42424243688583374,5,2
4,4,19,23,110110101011101100001001101101,1,1,0,0.54,0.6515151262283325,4,2
4,4,19,24,110110101011101100001001101101,1,1,0,0.26,0.4637681245803833,1,1
4,4,19,26,110110101011101100001001101101,1,1,0,0.64,0.2211538404226303,1,1
4,4,19,27,110110101011101100001001101101,1,1,0,0.79,0.4893617033958435,4,3
4,4,19,29,110110101011101100001001101101,1,1,0,0.32,0.3193277418613434,1,1
4,4,20,0,110001100000101101111011110100,1,1,0,0.15,0.0625,4,2
4,4,20,1,110001100000101101111011110100,1,1,0,0.8,0.4000000059604645,4,3
4,4,20,5,110001100000101101111011110100,1,1,0,0.8,0.3965517282485962,4,3
4,4,20,6,110001100000101101111011110100,1,1,0,0.59,0.34210526943206787,1,1
4,4,20,12,110001100000101101111011110100,1,1,0,0.95,0.719298243522644,4,2
4,4,20,14,110001100000101101111011110100,1,1,0,0.53,0.8673469424247742,5,3
4,4,20,15,110001100000101101111011110100,1,1,0,0.35,0.6266666650772095,5,3
4,4,20,17,110001100000101101111011110100,1,1,0,0.38,0.10000000149011612,4,2
4,4,20,18,110001100000101101111011110100,1,1,0,0.72,0.35384616255760193,3,2
4,4,20,19,110001100000101101111011110100,1,1,0,0.8,0.3194444477558136,5,2
4,4,20,20,110001100000101101111011110100,1,1,0,0.84,0.42424243688583374,5,2
4,4,20,22,110001100000101101111011110100,1,1,0,0.14,0.5744680762290955,5,2
4,4,20,23,110001100000101101111011110100,1,1,0,0.54,0.6515151262283325,4,2
4,4,20,24,110001100000101101111011110100,1,1,0,0.26,0.4637681245803833,1,1
4,4,20,25,110001100000101101111011110100,1,1,0,0.45,0.38461539149284363,5,3
4,4,20,27,110001100000101101111011110100,1,1,0,0.79,0.4893617033958435,4,3
4,4,21,0,111011001011101010100100101011,1,1,0,0.15,0.0625,4,2
4,4,21,1,111011001011101010100100101011,1,1,0,0.8,0.4000000059604645,4,3
4,4,21,2,111011001011101010100100101011,1,1,0,0.56,0.692307710647583,5,2
4,4,21,4,111011001011101010100100101011,1,1,0,0.52,0.4444444477558136,1,1
4,4,21,5,111011001011101010100100101011,1,1,0,0.8,0.3965517282485962,4,3
4,4,21,8,111011001011101010100100101011,1,1,0,0.8,0.8320000171661377,5,3
4,4,21,10,111011001011101010100100101011,1,1,0,0.52,0.4000000059604645,1,1
4,4,21,11,111011001011101010100100101011,1,1,0,0.85,0.43478259444236755,4,3
4,4,21,12,111011001011101010100100101011,1,1,0,0.95,0.719298243522644,4,2
4,4,21,14,111011001011101010100100101011,1,1,0,0.53,0.8673469424247742,5,3
4,4,21,16,111011001011101010100100101011,1,1,0,0.49,0.6027397513389587,1,1
4,4,21,18,111011001011101010100100101011,1,1,0,0.72,0.35384616255760193,3,2
4,4,21,21,111011001011101010100100101011,1,1,0,0.84,0.6470588445663452,5,2
4,4,21,24,111011001011101010100100101011,1,1,0,0.26,0.4637681245803833,1,1
4,4,21,26,111011001011101010100100101011,1,1,0,0.64,0.2211538404226303,1,1
4,4,21,28,111011001011101010100100101011,1,1,0,0.4,0.43283581733703613,5,2
4,4,21,29,111011001011101010100100101011,1,1,0,0.32,0.3193277418613434,1,1
4,4,22,1,010100100011010011001001101000,1,1,0,0.8,0.4000000059604645,4,3
4,4,22,3,010100100011010011001001101000,1,1,0,0.73,0.828125,5,3
4,4,22,6,010100100011010011001001101000,1,1,0,0.59,0.34210526943206787,1,1
4,4,22,10,010100100011010011001001101000,1,1,0,0.52,0.4000000059604645,1,1
4,4,22,11,010100100011010011001001101000,1,1,0,0.85,0.43478259444236755,4,3
4,4,22,13,010100100011010011001001101000,1,1,0,0.62,0.4399999976158142,2,2
4,4,22,16,010100100011010011001001101000,1,1,0,0.49,0.6027397513389587,1,1
4,4,22,17,010100100011010011001001101000,1,1,0,0.38,0.10000000149011612,4,2
4,4,22,20,010100100011010011001001101000,1,1,0,0.84,0.42424243688583374,5,2
4,4,22,23,010100100011010011001001101000,1,1,0,0.54,0.6515151262283325,4,2
4,4,22,24,010100100011010011001001101000,1,1,0,0.26,0.4637681245803833,1,1
4,4,22,26,010100100011010011001001101000,1,1,0,0.64,0.2211538404226303,1,1
4,4,23,1,010001001011100001000000010010,1,1,0,0.8,0.4000000059604645,4,3
4,4,23,5,010001001011100001000000010010,1,1,0,0.8,0.3965517282485962,4,3
4,4,23,8,010001001011100001000000010010,1,1,0,0.8,0.8320000171661377,5,3
4,4,23,10,010001001011100001000000010010,1,1,0,0.52,0.4000000059604645,1,1
4,4,23,11,010001001011100001000000010010,1,1,0,0.85,0.43478259444236755,4,3
4,4,23,12,010001001011100001000000010010,1,1,0,0.95,0.719298243522644,4,2
4,4,23,17,010001001011100001000000010010,1,1,0,0.38,0.10000000149011612,4,2
4,4,23,25,010001001011100001000000010010,1,1,0,0.45,0.38461539149284363,5,3
4,4,23,28,010001001011100001000000010010,1,1,0,0.4,0.43283581733703613,5,2
4,4,24,0,110000001000010100011001110100,1,1,0,0.15,0.0625,4,2
4,4,24,1,110000001000010100011001110100,1,1,0,0.8,0.4000000059604645,4,3
4,4,24,8,110000001000010100011001110100,1,1,0,0.8,0.8320000171661377,5,3
4,4,24,13,110000001000010100011001110100,1,1,0,0.62,0.4399999976158142,2,2
4,4,24,15,110000001000010100011001110100,1,1,0,0.35,0.6266666650772095,5,3
4,4,24,19,110000001000010100011001110100,1,1,0,0.8,0.3194444477558136,5,2
4,4,24,20,110000001000010100011001110100,1,1,0,0.84,0.42424243688583374,5,2
4,4,24,23,110000001000010100011001110100,1,1,0,0.54,0.6515151262283325,4,2
4,4,24,24,110000001000010100011001110100,1,1,0,0.26,0.4637681245803833,1,1
4,4,24,25,110000001000010100011001110100,1,1,0,0.45,0.38461539149284363,5,3
4,4,24,27,110000001000010100011001110100,1,1,0,0.79,0.4893617033958435,4,3
4,4,25,0,110000001010111000011100110100,1,1,0,0.15,0.0625,4,2
4,4,25,1,110000001010111000011100110100,1,1,0,0.8,0.4000000059604645,4,3
4,4,25,8,110000001010111000011100110100,1,1,0,0.8,0.8320000171661377,5,3
4,4,25,10,110000001010111000011100110100,1,1,0,0.52,0.4000000059604645,1,1
4,4,25,12,110000001010111000011100110100,1,1,0,0.95,0.719298243522644,4,2
4,4,25,13,110000001010111000011100110100,1,1,0,0.62,0.4399999976158142,2,2
4,4,25,14,110000001010111000011100110100,1,1,0,0.53,0.8673469424247742,5,3
4,4,25,19,110000001010111000011100110100,1,1,0,0.8,0.3194444477558136,5,2
4,4,25,20,110000001010111000011100110100,1,1,0,0.84,0.42424243688583374,5,2
4,4,25,21,110000001010111000011100110100,1,1,0,0.84,0.6470588445663452,5,2
4,4,25,24,110000001010111000011100110100,1,1,0,0.26,0.4637681245803833,1,1
4,4,25,25,110000001010111000011100110100,1,1,0,0.45,0.38461539149284363,5,3
4,4,25,27,110000001010111000011100110100,1,1,0,0.79,0.4893617033958435,4,3
4,4,26,0,100001001101010100101101011111,1,1,0,0.15,0.0625,4,2
4,4,26,5,100001001101010100101101011111,1,1,0,0.8,0.3965517282485962,4,3
4,4,26,8,100001001101010100101101011111,1,1,0,0.8,0.8320000171661377,5,3
4,4,26,9,100001001101010100101101011111,1,1,0,0.29,0.48076921701431274,1,1
4,4,26,11,100001001101010100101101011111,1,1,0,0.85,0.43478259444236755,4,3
4,4,26,13,100001001101010100101101011111,1,1,0,0.62,0.4399999976158142,2,2
4,4,26,15,100001001101010100101101011111,1,1,0,0.35,0.6266666650772095,5,3
4,4,26,18,100001001101010100101101011111,1,1,0,0.72,0.35384616255760193,3,2
4,4,26,20,100001001101010100101101011111,1,1,0,0.84,0.42424243688583374,5,2
4,4,26,21,100001001101010100101101011111,1,1,0,0.84,0.6470588445663452,5,2
4,4,26,23,100001001101010100101101011111,1,1,0,0.54,0.6515151262283325,4,2
4,4,26,25,100001001101010100101101011111,1,1,0,0.45,0.38461539149284363,5,3
4,4,26,26,100001001101010100101101011111,1,1,0,0.64,0.2211538404226303,1,1
4,4,26,27,100001001101010100101101011111,1,1,0,0.79,0.4893617033958435,4,3
4,4,26,28,100001001101010100101101011111,1,1,0,0.4,0.43283581733703613,5,2
4,4,26,29,100001001101010100101101011111,1,1,0,0.32,0.3193277418613434,1,1
4,4,27,0,100000100100011011111000010011,1,1,0,0.15,0.0625,4,2
4,4,27,6,100000100100011011111000010011,1,1,0,0.59,0.34210526943206787,1,1
4,4,27,9,100000100100011011111000010011,1,1,0,0.29,0.48076921701431274,1,1
4,4,27,13,100000100100011011111000010011,1,1,0,0.62,0.4399999976158142,2,2
4,4,27,14,100000100100011011111000010011,1,1,0,0.53,0.8673469424247742,5,3
4,4,27,16,100000100100011011111000010011,1,1,0,0.49,0.6027397513389587,1,1
4,4,27,17,100000100100011011111000010011,1,1,0,0.38,0.10000000149011612,4,2
4,4,27,18,100000100100011011111000010011,1,1,0,0.72,0.35384616255760193,3,2
4,4,27,19,100000100100011011111000010011,1,1,0,0.8,0.3194444477558136,5,2
4,4,27,20,100000100100011011111000010011,1,1,0,0.84,0.42424243688583374,5,2
4,4,27,25,100000100100011011111000010011,1,1,0,0.45,0.38461539149284363,5,3
4,4,27,28,100000100100011011111000010011,1,1,0,0.4,0.43283581733703613,5,2
4,4,27,29,100000100100011011111000010011,1,1,0,0.32,0.3193277418613434,1,1
4,4,28,0,110001001110101101011001110100,1,1,0,0.15,0.0625,4,2
4,4,28,1,110001001110101101011001110100,1,1,0,0.8,0.4000000059604645,4,3
4,4,28,5,110001001110101101011001110100,1,1,0,0.8,0.3965517282485962,4,3
4,4,28,8,110001001110101101011001110100,1,1,0,0.8,0.8320000171661377,5,3
4,4,28,9,110001001110101101011001110100,1,1,0,0.29,0.48076921701431274,1,1
4,4,28,10,110001001110101101011001110100,1,1,0,0.52,0.4000000059604645,1,1
4,4,28,12,110001001110101101011001110100,1,1,0,0.95,0.719298243522644,4,2
4,4,28,14,110001001110101101011001110100,1,1,0,0.53,0.8673469424247742,5,3
4,4,28,15,110001001110101101011001110100,1,1,0,0.35,0.6266666650772095,5,3
4,4,28,17,110001001110101101011001110100,1,1,0,0.38,0.10000000149011612,4,2
4,4,28,19,110001001110101101011001110100,1,1,0,0.8,0.3194444477558136,5,2
4,4,28,20,110001001110101101011001110100,1,1,0,0.84,0.42424243688583374,5,2
4,4,28,23,110001001110101101011001110100,1,1,0,0.54,0.6515151262283325,4,2
4,4,28,24,110001001110101101011001110100,1,1,0,0.26,0.4637681245803833,1,1
4,4,28,25,110001001110101101011001110100,1,1,0,0.45,0.38461539149284363,5,3
4,4,28,27,110001001110101101011001110100,1,1,0,0.79,0.4893617033958435,4,3
4,5,0,1,010001001011100001000000010010,1,1,0,0.8,0.4000000059604645,4,3
4,5,0,5,010001001011100001000000010010,1,1,0,0.8,0.3965517282485962,4,3
4,5,0,8,010001001011100001000000010010,1,1,0,0.8,0.8320000171661377,5,3
4,5,0,10,010001001011100001000000010010,1,1,0,0.52,0.4000000059604645,1,1
4,5,0,11,010001001011100001000000010010,1,1,0,0.85,0.43478259444236755,4,3
4,5,0,12,010001001011100001000000010010,1,1,0,0.95,0.719298243522644,4,2
4,5,0,17,010001001011100001000000010010,1,1,0,0.38,0.10000000149011612,4,2
4,5,0,25,010001001011100001000000010010,1,1,0,0.45,0.38461539149284363,5,3
4,5,0,28,010001001011100001000000010010,1,1,0,0.4,0.43283581733703613,5,2
4,5,1,0,100000100101010101101001110011,1,1,0,0.15,0.0625,4,2
4,5,1,6,100000100101010101101001110011,1,1,0,0.59,0.34210526943206787,1,1
4,5,1,9,100000100101010101101001110011,1,1,0,0.29,0.48076921701431274,1,1
4,5,1,11,100000100101010101101001110011,1,1,0,0.85,0.43478259444236755,4,3
4,5,1,13,100000100101010101101001110011,1,1,0,0.62,0.4399999976158142,2,2
4,5,1,15,100000100101010101101001110011,1,1,0,0.35,0.6266666650772095,5,3
4,5,1,17,100000100101010101101001110011,1,1,0,0.38,0.10000000149011612,4,2
4,5,1,18,100000100101010101101001110011,1,1,0,0.72,0.35384616255760193,3,2
4,5,1,20,100000100101010101101001110011,1,1,0,0.84,0.42424243688583374,5,2
4,5,1,23,100000100101010101101001110011,1,1,0,0.54,0.6515151262283325,4,2
4,5,1,24,100000100101010101101001110011,1,1,0,0.26,0.4637681245803833,1,1
4,5,1,25,100000100101010101101001110011,1,1,0,0.45,0.38461539149284363,5,3
4,5,1,28,100000100101010101101001110011,1,1,0,0.4,0.43283581733703613,5,2
4,5,1,29,100000100101010101101001110011,1,1,0,0.32,0.3193277418613434,1,1
4,5,2,0,100000100101010101101001111011,1,1,0,0.15,0.0625,4,2
4,5,2,6,100000100101010101101001111011,1,1,0,0.59,0.34210526943206787,1,1
4,5,2,9,100000100101010101101001111011,1,1,0,0.29,0.48076921701431274,1,1
4,5,2,11,100000100101010101101001111011,1,1,0,0.85,0.43478259444236755,4,3
4,5,2,13,100000100101010101101001111011,1,1,0,0.62,0.4399999976158142,2,2
4,5,2,15,100000100101010101101001111011,1,1,0,0.35,0.6266666650772095,5,3
4,5,2,17,100000100101010101101001111011,1,1,0,0.38,0.10000000149011612,4,2
4,5,2,18,100000100101010101101001111011,1,1,0,0.72,0.35384616255760193,3,2
4,5,2,20,100000100101010101101001111011,1,1,0,0.84,0.42424243688583374,5,2
4,5,2,23,100000100101010101101001111011,1,1,0,0.54,0.6515151262283325,4,2
4,5,2,24,100000100101010101101001111011,1,1,0,0.26,0.4637681245803833,1,1
4,5,2,25,100000100101010101101001111011,1,1,0,0.45,0.38461539149284363,5,3
4,5,2,26,100000100101010101101001111011,1,1,0,0.64,0.2211538404226303,1,1
4,5,2,28,100000100101010101101001111011,1,1,0,0.4,0.43283581733703613,5,2
4,5,2,29,100000100101010101101001111011,1,1,0,0.32,0.3193277418613434,1,1
4,5,3,1,010100100011010011001001101000,1,1,0,0.8,0.4000000059604645,4,3
4,5,3,3,010100100011010011001001101000,1,1,0,0.73,0.828125,5,3
4,5,3,6,010100100011010011001001101000,1,1,0,0.59,0.34210526943206787,1,1
4,5,3,10,010100100011010011001001101000,1,1,0,0.52,0.4000000059604645,1,1
4,5,3,11,010100100011010011001001101000,1,1,0,0.85,0.43478259444236755,4,3
4,5,3,13,010100100011010011001001101000,1,1,0,0.62,0.4399999976158142,2,2
4,5,3,16,010100100011010011001001101000,1,1,0,0.49,0.6027397513389587,1,1
4,5,3,17,010100100011010011001001101000,1,1,0,0.38,0.10000000149011612,4,2
4,5,3,20,010100100011010011001001101000,1,1,0,0.84,0.42424243688583374,5,2
4,5,3,23,010100100011010011001001101000,1,1,0,0.54,0.6515151262283325,4,2
4,5,3,24,010100100011010011001001101000,1,1,0,0.26,0.4637681245803833,1,1
4,5,3,26,010100100011010011001001101000,1,1,0,0.64,0.2211538404226303,1,1
4,5,4,0,110001001000101100011011110100,1,1,0,0.15,0.0625,4,2
4,5,4,1,110001001000101100011011110100,1,1,0,0.8,0.4000000059604645,4,3
4,5,4,5,110001001000101100011011110100,1,1,0,0.8,0.3965517282485962,4,3
4,5,4,8,110001001000101100011011110100,1,1,0,0.8,0.8320000171661377,5,3
4,5,4,12,110001001000101100011011110100,1,1,0,0.95,0.719298243522644,4,2
4,5,4,14,110001001000101100011011110100,1,1,0,0.53,0.8673469424247742,5,3
4,5,4,15,110001001000101100011011110100,1,1,0,0.35,0.6266666650772095,5,3
4,5,4,19,110001001000101100011011110100,1,1,0,0.8,0.3194444477558136,5,2
4,5,4,20,110001001000101100011011110100,1,1,0,0.84,0.42424243688583374,5,2
4,5,4,22,110001001000101100011011110100,1,1,0,0.14,0.5744680762290955,5,2
4,5,4,23,110001001000101100011011110100,1,1,0,0.54,0.6515151262283325,4,2
4,5,4,24,110001001000101100011011110100,1,1,0,0.26,0.4637681245803833,1,1
4,5,4,25,110001001000101100011011110100,1,1,0,0.45,0.38461539149284363,5,3
4,5,4,27,110001001000101100011011110100,1,1,0,0.79,0.4893617033958435,4,3
4,5,5,0,110000001010111000011100110100,1,1,0,0.15,0.0625,4,2
4,5,5,1,110000001010111000011100110100,1,1,0,0.8,0.4000000059604645,4,3
4,5,5,8,110000001010111000011100110100,1,1,0,0.8,0.8320000171661377,5,3
4,5,5,10,110000001010111000011100110100,1,1,0,0.52,0.4000000059604645,1,1
4,5,5,12,110000001010111000011100110100,1,1,0,0.95,0.719298243522644,4,2
4,5,5,13,110000001010111000011100110100,1,1,0,0.62,0.4399999976158142,2,2
4,5,5,14,110000001010111000011100110100,1,1,0,0.53,0.8673469424247742,5,3
4,5,5,19,110000001010111000011100110100,1,1,0,0.8,0.3194444477558136,5,2
4,5,5,20,110000001010111000011100110100,1,1,0,0.84,0.42424243688583374,5,2
4,5,5,21,110000001010111000011100110100,1,1,0,0.84,0.6470588445663452,5,2
4,5,5,24,110000001010111000011100110100,1,1,0,0.26,0.4637681245803833,1,1
4,5,5,25,110000001010111000011100110100,1,1,0,0.45,0.38461539149284363,5,3
4,5,5,27,110000001010111000011100110100,1,1,0,0.79,0.4893617033958435,4,3
4,5,6,0,110001001101010101101001111100,1,1,0,0.15,0.0625,4,2
4,5,6,1,110001001101010101101001111100,1,1,0,0.8,0.4000000059604645,4,3
4,5,6,5,110001001101010101101001111100,1,1,0,0.8,0.3965517282485962,4,3
4,5,6,8,110001001101010101101001111100,1,1,0,0.8,0.8320000171661377,5,3
4,5,6,9,110001001101010101101001111100,1,1,0,0.29,0.48076921701431274,1,1
4,5,6,11,110001001101010101101001111100,1,1,0,0.85,0.43478259444236755,4,3
4,5,6,13,110001001101010101101001111100,1,1,0,0.62,0.4399999976158142,2,2
4,5,6,15,110001001101010101101001111100,1,1,0,0.35,0.6266666650772095,5,3
4,5,6,17,110001001101010101101001111100,1,1,0,0.38,0.10000000149011612,4,2
4,5,6,18,110001001101010101101001111100,1,1,0,0.72,0.35384616255760193,3,2
4,5,6,20,110001001101010101101001111100,1,1,0,0.84,0.42424243688583374,5,2
4,5,6,23,110001001101010101101001111100,1,1,0,0.54,0.6515151262283325,4,2
4,5,6,24,110001001101010101101001111100,1,1,0,0.26,0.4637681245803833,1,1
4,5,6,25,110001001101010101101001111100,1,1,0,0.45,0.38461539149284363,5,3
4,5,6,26,110001001101010101101001111100,1,1,0,0.64,0.2211538404226303,1,1
4,5,6,27,110001001101010101101001111100,1,1,0,0.79,0.4893617033958435,4,3
4,5,7,0,101001001011101111001000101011,1,1,0,0.15,0.0625,4,2
4,5,7,2,101001001011101111001000101011,1,1,0,0.56,0.692307710647583,5,2
4,5,7,5,101001001011101111001000101011,1,1,0,0.8,0.3965517282485962,4,3
4,5,7,8,101001001011101111001000101011,1,1,0,0.8,0.8320000171661377,5,3
4,5,7,10,101001001011101111001000101011,1,1,0,0.52,0.4000000059604645,1,1
4,5,7,11,101001001011101111001000101011,1,1,0,0.85,0.43478259444236755,4,3
4,5,7,12,101001001011101111001000101011,1,1,0,0.95,0.719298243522644,4,2
4,5,7,14,101001001011101111001000101011,1,1,0,0.53,0.8673469424247742,5,3
4,5,7,15,101001001011101111001000101011,1,1,0,0.35,0.6266666650772095,5,3
4,5,7,16,101001001011101111001000101011,1,1,0,0.49,0.6027397513389587,1,1
4,5,7,17,101001001011101111001000101011,1,1,0,0.38,0.10000000149011612,4,2
4,5,7,20,101001001011101111001000101011,1,1,0,0.84,0.42424243688583374,5,2
4,5,7,24,101001001011101111001000101011,1,1,0,0.26,0.4637681245803833,1,1
4,5,7,26,101001001011101111001000101011,1,1,0,0.64,0.2211538404226303,1,1
4,5,7,28,101001001011101111001000101011,1,1,0,0.4,0.43283581733703613,5,2
4,5,7,29,101001001011101111001000101011,1,1,0,0.32,0.3193277418613434,1,1
4,5,8,0,110001001011100001000000111011,1,1,0,0.15,0.0625,4,2
4,5,8,1,110001001011100001000000111011,1,1,0,0.8,0.4000000059604645,4,3
4,5,8,5,110001001011100001000000111011,1,1,0,0.8,0.3965517282485962,4,3
4,5,8,8,110001001011100001000000111011,1,1,0,0.8,0.8320000171661377,5,3
4,5,8,10,110001001011100001000000111011,1,1,0,0.52,0.4000000059604645,1,1
4,5,8,11,110001001011100001000000111011,1,1,0,0.85,0.43478259444236755,4,3
4,5,8,12,110001001011100001000000111011,1,1,0,0.95,0.719298243522644,4,2
4,5,8,17,110001001011100001000000111011,1,1,0,0.38,0.10000000149011612,4,2
4,5,8,24,110001001011100001000000111011,1,1,0,0.26,0.4637681245803833,1,1
4,5,8,25,110001001011100001000000111011,1,1,0,0.45,0.38461539149284363,5,3
4,5,8,26,110001001011100001000000111011,1,1,0,0.64,0.2211538404226303,1,1
4,5,8,28,110001001011100001000000111011,1,1,0,0.4,0.43283581733703613,5,2
4,5,8,29,110001001011100001000000111011,1,1,0,0.32,0.3193277418613434,1,1
4,5,9,0,110001001000101100011001110100,1,1,0,0.15,0.0625,4,2
4,5,9,1,110001001000101100011001110100,1,1,0,0.8,0.4000000059604645,4,3
4,5,9,5,110001001000101100011001110100,1,1,0,0.8,0.3965517282485962,4,3
4,5,9,8,110001001000101100011001110100,1,1,0,0.8,0.8320000171661377,5,3
4,5,9,12,110001001000101100011001110100,1,1,0,0.95,0.719298243522644,4,2
4,5,9,14,110001001000101100011001110100,1,1,0,0.53,0.8673469424247742,5,3
4,5,9,15,110001001000101100011001110100,1,1,0,0.35,0.6266666650772095,5,3
4,5,9,19,110001001000101100011001110100,1,1,0,0.8,0.3194444477558136,5,2
4,5,9,20,110001001000101100011001110100,1,1,0,0.84,0.42424243688583374,5,2
4,5,9,23,110001001000101100011001110100,1,1,0,0.54,0.6515151262283325,4,2
4,5,9,24,110001001000101100011001110100,1,1,0,0.26,0.4637681245803833,1,1
4,5,9,25,110001001000101100011001110100,1,1,0,0.45,0.38461539149284363,5,3
4,5,9,27,110001001000101100011001110100,1,1,0,0.79,0.4893617033958435,4,3
4,5,10,0,110000001000010100011001110100,1,1,0,0.15,0.0625,4,2
4,5,10,1,110000001000010100011001110100,1,1,0,0.8,0.4000000059604645,4,3
4,5,10,8,110000001000010100011001110100,1,1,0,0.8,0.8320000171661377,5,3
4,5,10,13,110000001000010100011001110100,1,1,0,0.62,0.4399999976158142,2,2
4,5,10,15,110000001000010100011001110100,1,1,0,0.35,0.6266666650772095,5,3
4,5,10,19,110000001000010100011001110100,1,1,0,0.8,0.3194444477558136,5,2
4,5,10,20,110000001000010100011001110100,1,1,0,0.84,0.42424243688583374,5,2
4,5,10,23,110000001000010100011001110100,1,1,0,0.54,0.6515151262283325,4,2
4,5,10,24,110000001000010100011001110100,1,1,0,0.26,0.4637681245803833,1,1
4,5,10,25,110000001000010100011001110100,1,1,0,0.45,0.38461539149284363,5,3
4,5,10,27,110000001000010100011001110100,1,1,0,0.79,0.4893617033958435,4,3
4,5,11,0,110001100000101101111011110100,1,1,0,0.15,0.0625,4,2
4,5,11,1,110001100000101101111011110100,1,1,0,0.8,0.4000000059604645,4,3
4,5,11,5,110001100000101101111011110100,1,1,0,0.8,0.3965517282485962,4,3
4,5,11,6,110001100000101101111011110100,1,1,0,0.59,0.34210526943206787,1,1
4,5,11,12,110001100000101101111011110100,1,1,0,0.95,0.719298243522644,4,2
4,5,11,14,110001100000101101111011110100,1,1,0,0.53,0.8673469424247742,5,3
4,5,11,15,110001100000101101111011110100,1,1,0,0.35,0.6266666650772095,5,3
4,5,11,17,110001100000101101111011110100,1,1,0,0.38,0.10000000149011612,4,2
4,5,11,18,110001100000101101111011110100,1,1,0,0.72,0.35384616255760193,3,2
4,5,11,19,110001100000101101111011110100,1,1,0,0.8,0.3194444477558136,5,2
4,5,11,20,110001100000101101111011110100,1,1,0,0.84,0.42424243688583374,5,2
4,5,11,22,110001100000101101111011110100,1,1,0,0.14,0.5744680762290955,5,2
4,5,11,23,110001100000101101111011110100,1,1,0,0.54,0.6515151262283325,4,2
4,5,11,24,110001100000101101111011110100,1,1,0,0.26,0.4637681245803833,1,1
4,5,11,25,110001100000101101111011110100,1,1,0,0.45,0.38461539149284363,5,3
4,5,11,27,110001100000101101111011110100,1,1,0,0.79,0.4893617033958435,4,3
4,5,12,0,110001001101010101101000111100,1,1,0,0.15,0.0625,4,2
4,5,12,1,110001001101010101101000111100,1,1,0,0.8,0.4000000059604645,4,3
4,5,12,5,110001001101010101101000111100,1,1,0,0.8,0.3965517282485962,4,3
4,5,12,8,110001001101010101101000111100,1,1,0,0.8,0.8320000171661377,5,3
4,5,12,9,110001001101010101101000111100,1,1,0,0.29,0.48076921701431274,1,1
4,5,12,11,110001001101010101101000111100,1,1,0,0.85,0.43478259444236755,4,3
4,5,12,13,110001001101010101101000111100,1,1,0,0.62,0.4399999976158142,2,2
4,5,12,15,110001001101010101101000111100,1,1,0,0.35,0.6266666650772095,5,3
4,5,12,17,110001001101010101101000111100,1,1,0,0.38,0.10000000149011612,4,2
4,5,12,18,110001001101010101101000111100,1,1,0,0.72,0.35384616255760193,3,2
4,5,12,20,110001001101010101101000111100,1,1,0,0.84,0.42424243688583374,5,2
4,5,12,24,110001001101010101101000111100,1,1,0,0.26,0.4637681245803833,1,1
4,5,12,25,110001001101010101101000111100,1,1,0,0.45,0.38461539149284363,5,3
4,5,12,26,110001001101010101101000111100,1,1,0,0.64,0.2211538404226303,1,1
4,5,12,27,110001001101010101101000111100,1,1,0,0.79,0.4893617033958435,4,3
4,5,13,0,100000100101010101101001011111,1,1,0,0.15,0.0625,4,2
4,5,13,6,100000100101010101101001011111,1,1,0,0.59,0.34210526943206787,1,1
4,5,13,9,100000100101010101101001011111,1,1,0,0.29,0.48076921701431274,1,1
4,5,13,11,100000100101010101101001011111,1,1,0,0.85,0.43478259444236755,4,3
4,5,13,13,100000100101010101101001011111,1,1,0,0.62,0.4399999976158142,2,2
4,5,13,15,100000100101010101101001011111,1,1,0,0.35,0.6266666650772095,5,3
4,5,13,17,100000100101010101101001011111,1,1,0,0.38,0.10000000149011612,4,2
4,5,13,18,100000100101010101101001011111,1,1,0,0.72,0.35384616255760193,3,2
4,5,13,20,100000100101010101101001011111,1,1,0,0.84,0.42424243688583374,5,2
4,5,13,23,100000100101010101101001011111,1,1,0,0.54,0.6515151262283325,4,2
4,5,13,25,100000100101010101101001011111,1,1,0,0.45,0.38461539149284363,5,3
4,5,13,26,100000100101010101101001011111,1,1,0,0.64,0.2211538404226303,1,1
4,5,13,27,100000100101010101101001011111,1,1,0,0.79,0.4893617033958435,4,3
4,5,13,28,100000100101010101101001011111,1,1,0,0.4,0.43283581733703613,5,2
4,5,13,29,100000100101010101101001011111,1,1,0,0.32,0.3193277418613434,1,1
4,5,14,1,010101011011101101101011001111,1,1,0,0.8,0.4000000059604645,4,3
4,5,14,3,010101011011101101101011001111,1,1,0,0.73,0.828125,5,3
4,5,14,5,010101011011101101101011001111,1,1,0,0.8,0.3965517282485962,4,3
4,5,14,7,010101011011101101101011001111,1,1,0,0.21,0.5092592835426331,1,1
4,5,14,8,010101011011101101101011001111,1,1,0,0.8,0.8320000171661377,5,3
4,5,14,10,010101011011101101101011001111,1,1,0,0.52,0.4000000059604645,1,1
4,5,14,11,010101011011101101101011001111,1,1,0,0.85,0.43478259444236755,4,3
4,5,14,12,010101011011101101101011001111,1,1,0,0.95,0.719298243522644,4,2
4,5,14,14,010101011011101101101011001111,1,1,0,0.53,0.8673469424247742,5,3
4,5,14,15,010101011011101101101011001111,1,1,0,0.35,0.6266666650772095,5,3
4,5,14,17,010101011011101101101011001111,1,1,0,0.38,0.10000000149011612,4,2
4,5,14,18,010101011011101101101011001111,1,1,0,0.72,0.35384616255760193,3,2
4,5,14,20,010101011011101101101011001111,1,1,0,0.84,0.42424243688583374,5,2
4,5,14,22,010101011011101101101011001111,1,1,0,0.14,0.5744680762290955,5,2
4,5,14,23,010101011011101101101011001111,1,1,0,0.54,0.6515151262283325,4,2
4,5,14,26,010101011011101101101011001111,1,1,0,0.64,0.2211538404226303,1,1
4,5,14,27,010101011011101101101011001111,1,1,0,0.79,0.4893617033958435,4,3
4,5,14,28,010101011011101101101011001111,1,1,0,0.4,0.43283581733703613,5,2
4,5,14,29,010101011011101101101011001111,1,1,0,0.32,0.3193277418613434,1,1
4,5,15,0,111101110011010101010001000011,1,1,0,0.15,0.0625,4,2
4,5,15,1,111101110011010101010001000011,1,1,0,0.8,0.4000000059604645,4,3
4,5,15,2,111101110011010101010001000011,1,1,0,0.56,0.692307710647583,5,2
4,5,15,3,111101110011010101010001000011,1,1,0,0.73,0.828125,5,3
4,5,15,5,111101110011010101010001000011,1,1,0,0.8,0.3965517282485962,4,3
4,5,15,6,111101110011010101010001000011,1,1,0,0.59,0.34210526943206787,1,1
4,5,15,7,111101110011010101010001000011,1,1,0,0.21,0.5092592835426331,1,1
4,5,15,10,111101110011010101010001000011,1,1,0,0.52,0.4000000059604645,1,1
4,5,15,11,111101110011010101010001000011,1,1,0,0.85,0.43478259444236755,4,3
4,5,15,13,111101110011010101010001000011,1,1,0,0.62,0.4399999976158142,2,2
4,5,15,15,111101110011010101010001000011,1,1,0,0.35,0.6266666650772095,5,3
4,5,15,17,111101110011010101010001000011,1,1,0,0.38,0.10000000149011612,4,2
4,5,15,19,111101110011010101010001000011,1,1,0,0.8,0.3194444477558136,5,2
4,5,15,23,111101110011010101010001000011,1,1,0,0.54,0.6515151262283325,4,2
4,5,15,28,111101110011010101010001000011,1,1,0,0.4,0.43283581733703613,5,2
4,5,15,29,111101110011010101010001000011,1,1,0,0.32,0.3193277418613434,1,1
4,5,16,1,010110100010000101000000010010,1,1,0,0.8,0.4000000059604645,4,3
4,5,16,3,010110100010000101000000010010,1,1,0,0.73,0.828125,5,3
4,5,16,4,010110100010000101000000010010,1,1,0,0.52,0.4444444477558136,1,1
4,5,16,6,010110100010000101000000010010,1,1,0,0.59,0.34210526943206787,1,1
4,5,16,10,010110100010000101000000010010,1,1,0,0.52,0.4000000059604645,1,1
4,5,16,15,010110100010000101000000010010,1,1,0,0.35,0.6266666650772095,5,3
4,5,16,17,010110100010000101000000010010,1,1,0,0.38,0.10000000149011612,4,2
4,5,16,25,010110100010000101000000010010,1,1,0,0.45,0.38461539149284363,5,3
4,5,16,28,010110100010000101000000010010,1,1,0,0.4,0.43283581733703613,5,2
4,5,17,0,100000100100011011111000010011,1,1,0,0.15,0.0625,4,2
4,5,17,6,100000100100011011111000010011,1,1,0,0.59,0.34210526943206787,1,1
4,5,17,9,100000100100011011111000010011,1,1,0,0.29,0.48076921701431274,1,1
4,5,17,13,100000100100011011111000010011,1,1,0,0.62,0.4399999976158142,2,2
4,5,17,14,100000100100011011111000010011,1,1,0,0.53,0.8673469424247742,5,3
4,5,17,16,100000100100011011111000010011,1,1,0,0.49,0.6027397513389587,1,1
4,5,17,17,100000100100011011111000010011,1,1,0,0.38,0.10000000149011612,4,2
4,5,17,18,100000100100011011111000010011,1,1,0,0.72,0.35384616255760193,3,2
4,5,17,19,100000100100011011111000010011,1,1,0,0.8,0.3194444477558136,5,2
4,5,17,20,100000100100011011111000010011,1,1,0,0.84,0.42424243688583374,5,2
4,5,17,25,100000100100011011111000010011,1,1,0,0.45,0.38461539149284363,5,3
4,5,17,28,100000100100011011111000010011,1,1,0,0.4,0.43283581733703613,5,2
4,5,17,29,100000100100011011111000010011,1,1,0,0.32,0.3193277418613434,1,1
4,5,18,0,110110100010000101010000010010,1,1,0,0.15,0.0625,4,2
4,5,18,1,110110100010000101010000010010,1,1,0,0.8,0.4000000059604645,4,3
4,5,18,3,110110100010000101010000010010,1,1,0,0.73,0.828125,5,3
4,5,18,4,110110100010000101010000010010,1,1,0,0.52,0.4444444477558136,1,1
4,5,18,6,110110100010000101010000010010,1,1,0,0.59,0.34210526943206787,1,1
4,5,18,10,110110100010000101010000010010,1,1,0,0.52,0.4000000059604645,1,1
4,5,18,15,110110100010000101010000010010,1,1,0,0.35,0.6266666650772095,5,3
4,5,18,17,110110100010000101010000010010,1,1,0,0.38,0.10000000149011612,4,2
4,5,18,19,110110100010000101010000010010,1,1,0,0.8,0.3194444477558136,5,2
4,5,18,25,110110100010000101010000010010,1,1,0,0.45,0.38461539149284363,5,3
4,5,18,28,110110100010000101010000010010,1,1,0,0.4,0.43283581733703613,5,2
4,5,19,0,110001000010101101111011110100,1,1,0,0.15,0.0625,4,2
4,5,19,1,110001000010101101111011110100,1,1,0,0.8,0.4000000059604645,4,3
4,5,19,5,110001000010101101111011110100,1,1,0,0.8,0.3965517282485962,4,3
4,5,19,10,110001000010101101111011110100,1,1,0,0.52,0.4000000059604645,1,1
4,5,19,12,110001000010101101111011110100,1,1,0,0.95,0.719298243522644,4,2
4,5,19,14,110001000010101101111011110100,1,1,0,0.53,0.8673469424247742,5,3
4,5,19,15,110001000010101101111011110100,1,1,0,0.35,0.6266666650772095,5,3
4,5,19,17,110001000010101101111011110100,1,1,0,0.38,0.10000000149011612,4,2
4,5,19,18,110001000010101101111011110100,1,1,0,0.72,0.35384616255760193,3,2
4,5,19,19,110001000010101101111011110100,1,1,0,0.8,0.3194444477558136,5,2
4,5,19,20,110001000010101101111011110100,1,1,0,0.84,0.42424243688583374,5,2
4,5,19,22,110001000010101101111011110100,1,1,0,0.14,0.5744680762290955,5,2
4,5,19,23,110001000010101101111011110100,1,1,0,0.54,0.6515151262283325,4,2
4,5,19,24,110001000010101101111011110100,1,1,0,0.26,0.4637681245803833,1,1
4,5,19,25,110001000010101101111011110100,1,1,0,0.45,0.38461539149284363,5,3
4,5,19,27,110001000010101101111011110100,1,1,0,0.79,0.4893617033958435,4,3
4,5,20,0,110010101011101100001100101101,1,1,0,0.15,0.0625,4,2
4,5,20,1,110010101011101100001100101101,1,1,0,0.8,0.4000000059604645,4,3
4,5,20,4,110010101011101100001100101101,1,1,0,0.52,0.4444444477558136,1,1
4,5,20,6,110010101011101100001100101101,1,1,0,0.59,0.34210526943206787,1,1
4,5,20,8,110010101011101100001100101101,1,1,0,0.8,0.8320000171661377,5,3
4,5,20,10,110010101011101100001100101101,1,1,0,0.52,0.4000000059604645,1,1
4,5,20,11,110010101011101100001100101101,1,1,0,0.85,0.43478259444236755,4,3
4,5,20,12,110010101011101100001100101101,1,1,0,0.95,0.719298243522644,4,2
4,5,20,14,110010101011101100001100101101,1,1,0,0.53,0.8673469424247742,5,3
4,5,20,15,110010101011101100001100101101,1,1,0,0.35,0.6266666650772095,5,3
4,5,20,20,110010101011101100001100101101,1,1,0,0.84,0.42424243688583374,5,2
4,5,20,21,110010101011101100001100101101,1,1,0,0.84,0.6470588445663452,5,2
4,5,20,24,110010101011101100001100101101,1,1,0,0.26,0.4637681245803833,1,1
4,5,20,26,110010101011101100001100101101,1,1,0,0.64,0.2211538404226303,1,1
4,5,20,27,110010101011101100001100101101,1,1,0,0.79,0.4893617033958435,4,3
4,5,20,29,110010101011101100001100101101,1,1,0,0.32,0.3193277418613434,1,1
4,5,21,0,101100101000101101111000010100,1,1,0,0.15,0.0625,4,2
4,5,21,2,101100101000101101111000010100,1,1,0,0.56,0.692307710647583,5,2
4,5,21,3,101100101000101101111000010100,1,1,0,0.73,0.828125,5,3
4,5,21,6,101100101000101101111000010100,1,1,0,0.59,0.34210526943206787,1,1
4,5,21,8,101100101000101101111000010100,1,1,0,0.8,0.8320000171661377,5,3
4,5,21,12,101100101000101101111000010100,1,1,0,0.95,0.719298243522644,4,2
4,5,21,14,101100101000101101111000010100,1,1,0,0.53,0.8673469424247742,5,3
4,5,21,15,101100101000101101111000010100,1,1,0,0.35,0.6266666650772095,5,3
4,5,21,17,101100101000101101111000010100,1,1,0,0.38,0.10000000149011612,4,2
4,5,21,18,101100101000101101111000010100,1,1,0,0.72,0.35384616255760193,3,2
4,5,21,19,101100101000101101111000010100,1,1,0,0.8,0.3194444477558136,5,2
4,5,21,20,101100101000101101111000010100,1,1,0,0.84,0.42424243688583374,5,2
4,5,21,25,101100101000101101111000010100,1,1,0,0.45,0.38461539149284363,5,3
4,5,21,27,101100101000101101111000010100,1,1,0,0.79,0.4893617033958435,4,3
4,5,22,1,010001001001001111011100010011,1,1,0,0.8,0.4000000059604645,4,3
4,5,22,5,010001001001001111011100010011,1,1,0,0.8,0.3965517282485962,4,3
4,5,22,8,010001001001001111011100010011,1,1,0,0.8,0.8320000171661377,5,3
4,5,22,11,010001001001001111011100010011,1,1,0,0.85,0.43478259444236755,4,3
4,5,22,14,010001001001001111011100010011,1,1,0,0.53,0.8673469424247742,5,3
4,5,22,15,010001001001001111011100010011,1,1,0,0.35,0.6266666650772095,5,3
4,5,22,16,010001001001001111011100010011,1,1,0,0.49,0.6027397513389587,1,1
4,5,22,17,010001001001001111011100010011,1,1,0,0.38,0.10000000149011612,4,2
4,5,22,19,010001001001001111011100010011,1,1,0,0.8,0.3194444477558136,5,2
4,5,22,20,010001001001001111011100010011,1,1,0,0.84,0.42424243688583374,5,2
4,5,22,21,010001001001001111011100010011,1,1,0,0.84,0.6470588445663452,5,2
4,5,22,25,010001001001001111011100010011,1,1,0,0.45,0.38461539149284363,5,3
4,5,22,28,010001001001001111011100010011,1,1,0,0.4,0.43283581733703613,5,2
4,5,22,29,010001001001001111011100010011,1,1,0,0.32,0.3193277418613434,1,1
4,5,23,0,110001001110101101011001110100,1,1,0,0.15,0.0625,4,2
4,5,23,1,110001001110101101011001110100,1,1,0,0.8,0.4000000059604645,4,3
4,5,23,5,110001001110101101011001110100,1,1,0,0.8,0.3965517282485962,4,3
4,5,23,8,110001001110101101011001110100,1,1,0,0.8,0.8320000171661377,5,3
4,5,23,9,110001001110101101011001110100,1,1,0,0.29,0.48076921701431274,1,1
4,5,23,10,110001001110101101011001110100,1,1,0,0.52,0.4000000059604645,1,1
4,5,23,12,110001001110101101011001110100,1,1,0,0.95,0.719298243522644,4,2
4,5,23,14,110001001110101101011001110100,1,1,0,0.53,0.8673469424247742,5,3
4,5,23,15,110001001110101101011001110100,1,1,0,0.35,0.6266666650772095,5,3
4,5,23,17,110001001110101101011001110100,1,1,0,0.38,0.10000000149011612,4,2
4,5,23,19,110001001110101101011001110100,1,1,0,0.8,0.3194444477558136,5,2
4,5,23,20,110001001110101101011001110100,1,1,0,0.84,0.42424243688583374,5,2
4,5,23,23,110001001110101101011001110100,1,1,0,0.54,0.6515151262283325,4,2
4,5,23,24,110001001110101101011001110100,1,1,0,0.26,0.4637681245803833,1,1
4,5,23,25,110001001110101101011001110100,1,1,0,0.45,0.38461539149284363,5,3
4,5,23,27,110001001110101101011001110100,1,1,0,0.79,0.4893617033958435,4,3
4,5,24,0,110001001101010100101101010111,1,1,0,0.15,0.0625,4,2
4,5,24,1,110001001101010100101101010111,1,1,0,0.8,0.4000000059604645,4,3
4,5,24,5,110001001101010100101101010111,1,1,0,0.8,0.3965517282485962,4,3
4,5,24,8,110001001101010100101101010111,1,1,0,0.8,0.8320000171661377,5,3
4,5,24,9,110001001101010100101101010111,1,1,0,0.29,0.48076921701431274,1,1
4,5,24,11,110001001101010100101101010111,1,1,0,0.85,0.43478259444236755,4,3
4,5,24,13,110001001101010100101101010111,1,1,0,0.62,0.4399999976158142,2,2
4,5,24,15,110001001101010100101101010111,1,1,0,0.35,0.6266666650772095,5,3
4,5,24,18,110001001101010100101101010111,1,1,0,0.72,0.35384616255760193,3,2
4,5,24,20,110001001101010100101101010111,1,1,0,0.84,0.42424243688583374,5,2
4,5,24,21,110001001101010100101101010111,1,1,0,0.84,0.6470588445663452,5,2
4,5,24,23,110001001101010100101101010111,1,1,0,0.54,0.6515151262283325,4,2
4,5,24,25,110001001101010100101101010111,1,1,0,0.45,0.38461539149284363,5,3
4,5,24,27,110001001101010100101101010111,1,1,0,0.79,0.4893617033958435,4,3
4,5,24,28,110001001101010100101101010111,1,1,0,0.4,0.43283581733703613,5,2
4,5,24,29,110001001101010100101101010111,1,1,0,0.32,0.3193277418613434,1,1
4,5,25,0,110000100101010101101001110100,1,1,0,0.15,0.0625,4,2
4,5,25,1,110000100101010101101001110100,1,1,0,0.8,0.4000000059604645,4,3
4,5,25,6,110000100101010101101001110100,1,1,0,0.59,0.34210526943206787,1,1
4,5,25,9,110000100101010101101001110100,1,1,0,0.29,0.48076921701431274,1,1
4,5,25,11,110000100101010101101001110100,1,1,0,0.85,0.43478259444236755,4,3
4,5,25,13,110000100101010101101001110100,1,1,0,0.62,0.4399999976158142,2,2
4,5,25,15,110000100101010101101001110100,1,1,0,0.35,0.6266666650772095,5,3
4,5,25,17,110000100101010101101001110100,1,1,0,0.38,0.10000000149011612,4,2
4,5,25,18,110000100101010101101001110100,1,1,0,0.72,0.35384616255760193,3,2
4,5,25,20,110000100101010101101001110100,1,1,0,0.84,0.42424243688583374,5,2
4,5,25,23,110000100101010101101001110100,1,1,0,0.54,0.6515151262283325,4,2
4,5,25,24,110000100101010101101001110100,1,1,0,0.26,0.4637681245803833,1,1
4,5,25,25,110000100101010101101001110100,1,1,0,0.45,0.38461539149284363,5,3
4,5,25,27,110000100101010101101001110100,1,1,0,0.79,0.4893617033958435,4,3
4,5,26,0,110001100111010100101011110000,1,1,0,0.15,0.0625,4,2
4,5,26,1,110001100111010100101011110000,1,1,0,0.8,0.4000000059604645,4,3
4,5,26,5,110001100111010100101011110000,1,1,0,0.8,0.3965517282485962,4,3
4,5,26,6,110001100111010100101011110000,1,1,0,0.59,0.34210526943206787,1,1
4,5,26,9,110001100111010100101011110000,1,1,0,0.29,0.48076921701431274,1,1
4,5,26,10,110001100111010100101011110000,1,1,0,0.52,0.4000000059604645,1,1
4,5,26,11,110001100111010100101011110000,1,1,0,0.85,0.43478259444236755,4,3
4,5,26,13,110001100111010100101011110000,1,1,0,0.62,0.4399999976158142,2,2
4,5,26,15,110001100111010100101011110000,1,1,0,0.35,0.6266666650772095,5,3
4,5,26,18,110001100111010100101011110000,1,1,0,0.72,0.35384616255760193,3,2
4,5,26,20,110001100111010100101011110000,1,1,0,0.84,0.42424243688583374,5,2
4,5,26,22,110001100111010100101011110000,1,1,0,0.14,0.5744680762290955,5,2
4,5,26,23,110001100111010100101011110000,1,1,0,0.54,0.6515151262283325,4,2
4,5,26,24,110001100111010100101011110000,1,1,0,0.26,0.4637681245803833,1,1
4,5,26,25,110001100111010100101011110000,1,1,0,0.45,0.38461539149284363,5,3
4,5,27,0,110001001011001100011001110100,1,1,0,0.15,0.0625,4,2
4,5,27,1,110001001011001100011001110100,1,1,0,0.8,0.4000000059604645,4,3
4,5,27,5,110001001011001100011001110100,1,1,0,0.8,0.3965517282485962,4,3
4,5,27,8,110001001011001100011001110100,1,1,0,0.8,0.8320000171661377,5,3
4,5,27,10,110001001011001100011001110100,1,1,0,0.52,0.4000000059604645,1,1
4,5,27,11,110001001011001100011001110100,1,1,0,0.85,0.43478259444236755,4,3
4,5,27,14,110001001011001100011001110100,1,1,0,0.53,0.8673469424247742,5,3
4,5,27,15,110001001011001100011001110100,1,1,0,0.35,0.6266666650772095,5,3
4,5,27,19,110001001011001100011001110100,1,1,0,0.8,0.3194444477558136,5,2
4,5,27,20,110001001011001100011001110100,1,1,0,0.84,0.42424243688583374,5,2
4,5,27,23,110001001011001100011001110100,1,1,0,0.54,0.6515151262283325,4,2
4,5,27,24,110001001011001100011001110100,1,1,0,0.26,0.4637681245803833,1,1
4,5,27,25,110001001011001100011001110100,1,1,0,0.45,0.38461539149284363,5,3
4,5,27,27,110001001011001100011001110100,1,1,0,0.79,0.4893617033958435,4,3
4,5,28,0,100000100111100101101001011111,1,1,0,0.15,0.0625,4,2
4,5,28,6,100000100111100101101001011111,1,1,0,0.59,0.34210526943206787,1,1
4,5,28,9,100000100111100101101001011111,1,1,0,0.29,0.48076921701431274,1,1
4,5,28,10,100000100111100101101001011111,1,1,0,0.52,0.4000000059604645,1,1
4,5,28,11,100000100111100101101001011111,1,1,0,0.85,0.43478259444236755,4,3
4,5,28,12,100000100111100101101001011111,1,1,0,0.95,0.719298243522644,4,2
4,5,28,15,100000100111100101101001011111,1,1,0,0.35,0.6266666650772095,5,3
4,5,28,17,100000100111100101101001011111,1,1,0,0.38,0.10000000149011612,4,2
4,5,28,18,100000100111100101101001011111,1,1,0,0.72,0.35384616255760193,3,2
4,5,28,20,100000100111100101101001011111,1,1,0,0.84,0.42424243688583374,5,2
4,5,28,23,100000100111100101101001011111,1,1,0,0.54,0.6515151262283325,4,2
4,5,28,25,100000100111100101101001011111,1,1,0,0.45,0.38461539149284363,5,3
4,5,28,26,100000100111100101101001011111,1,1,0,0.64,0.2211538404226303,1,1
4,5,28,27,100000100111100101101001011111,1,1,0,0.79,0.4893617033958435,4,3
4,5,28,28,100000100111100101101001011111,1,1,0,0.4,0.43283581733703613,5,2
4,5,28,29,100000100111100101101001011111,1,1,0,0.32,0.3193277418613434,1,1
4,5,29,0,110001001000101101111011110100,1,1,0,0.15,0.0625,4,2
4,5,29,1,110001001000101101111011110100,1,1,0,0.8,0.4000000059604645,4,3
4,5,29,5,110001001000101101111011110100,1,1,0,0.8,0.3965517282485962,4,3
4,5,29,8,110001001000101101111011110100,1,1,0,0.8,0.8320000171661377,5,3
4,5,29,12,110001001000101101111011110100,1,1,0,0.95,0.719298243522644,4,2
4,5,29,14,110001001000101101111011110100,1,1,0,0.53,0.8673469424247742,5,3
4,5,29,15,110001001000101101111011110100,1,1,0,0.35,0.6266666650772095,5,3
4,5,29,17,110001001000101101111011110100,1,1,0,0.38,0.10000000149011612,4,2
4,5,29,18,110001001000101101111011110100,1,1,0,0.72,0.35384616255760193,3,2
4,5,29,19,110001001000101101111011110100,1,1,0,0.8,0.3194444477558136,5,2
4,5,29,20,110001001000101101111011110100,1,1,0,0.84,0.42424243688583374,5,2
4,5,29,22,110001001000101101111011110100,1,1,0,0.14,0.5744680762290955,5,2
4,5,29,23,110001001000101101111011110100,1,1,0,0.54,0.6515151262283325,4,2
4,5,29,24,110001001000101101111011110100,1,1,0,0.26,0.4637681245803833,1,1
4,5,29,25,110001001000101101111011110100,1,1,0,0.45,0.38461539149284363,5,3
4,5,29,27,110001001000101101111011110100,1,1,0,0.79,0.4893617033958435,4,3
5,1,0,0,110001001000101101111011110100,1,1,0,0.2,0.03125,4,2
5,1,0,1,110001001000101101111011110100,1,1,0,0.7,0.36666667461395264,6,4
5,1,0,5,110001001000101101111011110100,1,1,0,0.7,0.43103447556495667,6,4
5,1,0,8,110001001000101101111011110100,1,1,0,0.7,0.9200000166893005,6,4
5,1,0,12,110001001000101101111011110100,1,1,0,0.85,0.5789473652839661,6,3
5,1,0,14,110001001000101101111011110100,1,1,0,0.58,0.8265306353569031,5,3
5,1,0,15,110001001000101101111011110100,1,1,0,0.4,0.5266666412353516,5,3
5,1,0,17,110001001000101101111011110100,1,1,0,0.28,0.20000000298023224,6,3
5,1,0,18,110001001000101101111011110100,1,1,0,0.77,0.2769230902194977,3,2
5,1,0,19,110001001000101101111011110100,1,1,0,0.85,0.2361111044883728,5,2
5,1,0,20,110001001000101101111011110100,1,1,0,0.89,0.3333333432674408,5,2
5,1,0,22,110001001000101101111011110100,1,1,0,0.19,0.6170212626457214,5,2
5,1,0,23,110001001000101101111011110100,1,1,0,0.59,0.6212121248245239,4,2
5,1,0,24,110001001000101101111011110100,1,1,0,0.31,0.4637681245803833,1,1
5,1,0,25,110001001000101101111011110100,1,1,0,0.35,0.1794871836900711,6,4
5,1,0,27,110001001000101101111011110100,1,1,0,0.84,0.44680851697921753,4,3
5,1,1,0,100100110010100000100000010111,1,1,0,0.2,0.03125,4,2
5,1,1,3,100100110010100000100000010111,1,1,0,0.78,0.78125,5,3
5,1,1,6,100100110010100000100000010111,1,1,0,0.64,0.22368420660495758,1,1
5,1,1,7,100100110010100000100000010111,1,1,0,0.26,0.3611111044883728,1,1
5,1,1,10,100100110010100000100000010111,1,1,0,0.42,0.5375000238418579,6,2
5,1,1,12,100100110010100000100000010111,1,1,0,0.85,0.5789473652839661,6,3
5,1,1,18,100100110010100000100000010111,1,1,0,0.77,0.2769230902194977,3,2
5,1,1,25,100100110010100000100000010111,1,1,0,0.35,0.1794871836900711,6,4
5,1,1,27,100100110010100000100000010111,1,1,0,0.84,0.44680851697921753,4,3
5,1,1,28,100100110010100000100000010111,1,1,0,0.3,0.43283581733703613,6,3
5,1,1,29,100100110010100000100000010111,1,1,0,0.37,0.3025210201740265,1,1
5,1,2,0,110000000111101100011001110110,1,1,0,0.2,0.03125,4,2
5,1,2,1,110000000111101100011001110110,1,1,0,0.7,0.36666667461395264,6,4
5,1,2,9,110000000111101100011001110110,1,1,0,0.34,0.4326923191547394,1,1
5,1,2,10,110000000111101100011001110110,1,1,0,0.42,0.5375000238418579,6,2
5,1,2,11,110000000111101100011001110110,1,1,0,0.75,0.5652173757553101,6,4
5,1,2,12,110000000111101100011001110110,1,1,0,0.85,0.5789473652839661,6,3
5,1,2,14,110000000111101100011001110110,1,1,0,0.58,0.8265306353569031,5,3
5,1,2,15,110000000111101100011001110110,1,1,0,0.4,0.5266666412353516,5,3
5,1,2,19,110000000111101100011001110110,1,1,0,0.85,0.2361111044883728,5,2
5,1,2,20,110000000111101100011001110110,1,1,0,0.89,0.3333333432674408,5,2
5,1,2,23,110000000111101100011001110110,1,1,0,0.59,0.6212121248245239,4,2
5,1,2,24,110000000111101100011001110110,1,1,0,0.31,0.4637681245803833,1,1
5,1,2,25,110000000111101100011001110110,1,1,0,0.35,0.1794871836900711,6,4
5,1,2,27,110000000111101100011001110110,1,1,0,0.84,0.44680851697921753,4,3
5,1,2,28,110000000111101100011001110110,1,1,0,0.3,0.43283581733703613,6,3
5,1,3,0,101100100000101011111000010100,1,1,0,0.2,0.03125,4,2
5,1,3,2,101100100000101011111000010100,1,1,0,0.61,0.5897436141967773,5,2
5,1,3,3,101100100000101011111000010100,1,1,0,0.78,0.78125,5,3
5,1,3,6,101100100000101011111000010100,1,1,0,0.64,0.22368420660495758,1,1
5,1,3,12,101100100000101011111000010100,1,1,0,0.85,0.5789473652839661,6,3
5,1,3,14,101100100000101011111000010100,1,1,0,0.58,0.8265306353569031,5,3
5,1,3,16,101100100000101011111000010100,1,1,0,0.54,0.6027397513389587,1,1
5,1,3,17,101100100000101011111000010100,1,1,0,0.28,0.20000000298023224,6,3
5,1,3,18,101100100000101011111000010100,1,1,0,0.77,0.2769230902194977,3,2
5,1,3,19,101100100000101011111000010100,1,1,0,0.85,0.2361111044883728,5,2
5,1,3,20,101100100000101011111000010100,1,1,0,0.89,0.3333333432674408,5,2
5,1,3,25,101100100000101011111000010100,1,1,0,0.35,0.1794871836900711,6,4
5,1,3,27,101100100000101011111000010100,1,1,0,0.84,0.44680851697921753,4,3
5,1,4,0,111111101011110101010101000011,1,1,0,0.2,0.03125,4,2
5,1,4,1,111111101011110101010101000011,1,1,0,0.7,0.36666667461395264,6,4
5,1,4,2,111111101011110101010101000011,1,1,0,0.61,0.5897436141967773,5,2
5,1,4,3,111111101011110101010101000011,1,1,0,0.78,0.78125,5,3
5,1,4,4,111111101011110101010101000011,1,1,0,0.57,0.46666666865348816,1,1
5,1,4,5,111111101011110101010101000011,1,1,0,0.7,0.43103447556495667,6,4
5,1,4,6,111111101011110101010101000011,1,1,0,0.64,0.22368420660495758,1,1
5,1,4,8,111111101011110101010101000011,1,1,0,0.7,0.9200000166893005,6,4
5,1,4,10,111111101011110101010101000011,1,1,0,0.42,0.5375000238418579,6,2
5,1,4,11,111111101011110101010101000011,1,1,0,0.75,0.5652173757553101,6,4
5,1,4,12,111111101011110101010101000011,1,1,0,0.85,0.5789473652839661,6,3
5,1,4,13,111111101011110101010101000011,1,1,0,0.67,0.38999998569488525,2,2
5,1,4,15,111111101011110101010101000011,1,1,0,0.4,0.5266666412353516,5,3
5,1,4,17,111111101011110101010101000011,1,1,0,0.28,0.20000000298023224,6,3
5,1,4,19,111111101011110101010101000011,1,1,0,0.85,0.2361111044883728,5,2
5,1,4,21,111111101011110101010101000011,1,1,0,0.89,0.2647058963775635,5,2
5,1,4,23,111111101011110101010101000011,1,1,0,0.59,0.6212121248245239,4,2
5,1,4,28,111111101011110101010101000011,1,1,0,0.3,0.43283581733703613,6,3
5,1,4,29,111111101011110101010101000011,1,1,0,0.37,0.3025210201740265,1,1
5,1,5,0,100010110100111000011111010101,1,1,0,0.2,0.03125,4,2
5,1,5,4,100010110100111000011111010101,1,1,0,0.57,0.46666666865348816,1,1
5,1,5,6,100010110100111000011111010101,1,1,0,0.64,0.22368420660495758,1,1
5,1,5,7,100010110100111000011111010101,1,1,0,0.26,0.3611111044883728,1,1
5,1,5,9,100010110100111000011111010101,1,1,0,0.34,0.4326923191547394,1,1
5,1,5,12,100010110100111000011111010101,1,1,0,0.85,0.5789473652839661,6,3
5,1,5,13,100010110100111000011111010101,1,1,0,0.67,0.38999998569488525,2,2
5,1,5,14,100010110100111000011111010101,1,1,0,0.58,0.8265306353569031,5,3
5,1,5,19,100010110100111000011111010101,1,1,0,0.85,0.2361111044883728,5,2
5,1,5,20,100010110100111000011111010101,1,1,0,0.89,0.3333333432674408,5,2
5,1,5,21,100010110100111000011111010101,1,1,0,0.89,0.2647058963775635,5,2
5,1,5,22,100010110100111000011111010101,1,1,0,0.19,0.6170212626457214,5,2
5,1,5,23,100010110100111000011111010101,1,1,0,0.59,0.6212121248245239,4,2
5,1,5,25,100010110100111000011111010101,1,1,0,0.35,0.1794871836900711,6,4
5,1,5,27,100010110100111000011111010101,1,1,0,0.84,0.44680851697921753,4,3
5,1,5,29,100010110100111000011111010101,1,1,0,0.37,0.3025210201740265,1,1
5,1,6,1,011101010000000111110100000111,1,1,0,0.7,0.36666667461395264,6,4
5,1,6,2,011101010000000111110100000111,1,1,0,0.61,0.5897436141967773,5,2
5,1,6,3,011101010000000111110100000111,1,1,0,0.78,0.78125,5,3
5,1,6,5,011101010000000111110100000111,1,1,0,0.7,0.43103447556495667,6,4
5,1,6,7,011101010000000111110100000111,1,1,0,0.26,0.3611111044883728,1,1
5,1,6,15,011101010000000111110100000111,1,1,0,0.4,0.5266666412353516,5,3
5,1,6,16,011101010000000111110100000111,1,1,0,0.54,0.6027397513389587,1,1
5,1,6,17,011101010000000111110100000111,1,1,0,0.28,0.20000000298023224,6,3
5,1,6,18,011101010000000111110100000111,1,1,0,0.77,0.2769230902194977,3,2
5,1,6,19,011101010000000111110100000111,1,1,0,0.85,0.2361111044883728,5,2
5,1,6,21,011101010000000111110100000111,1,1,0,0.89,0.2647058963775635,5,2
5,1,6,27,011101010000000111110100000111,1,1,0,0.84,0.44680851697921753,4,3
5,1,6,28,011101010000000111110100000111,1,1,0,0.3,0.43283581733703613,6,3
5,1,6,29,011101010000000111110100000111,1,1,0,0.37,0.3025210201740265,1,1
5,1,7,0,100000100101010101101001111111,1,1,0,0.2,0.03125,4,2
5,1,7,6,100000100101010101101001111111,1,1,0,0.64,0.22368420660495758,1,1
5,1,7,9,100000100101010101101001111111,1,1,0,0.34,0.4326923191547394,1,1
5,1,7,11,100000100101010101101001111111,1,1,0,0.75,0.5652173757553101,6,4
5,1,7,13,100000100101010101101001111111,1,1,0,0.67,0.38999998569488525,2,2
5,1,7,15,100000100101010101101001111111,1,1,0,0.4,0.5266666412353516,5,3
5,1,7,17,100000100101010101101001111111,1,1,0,0.28,0.20000000298023224,6,3
5,1,7,18,100000100101010101101001111111,1,1,0,0.77,0.2769230902194977,3,2
5,1,7,20,100000100101010101101001111111,1,1,0,0.89,0.3333333432674408,5,2
5,1,7,23,100000100101010101101001111111,1,1,0,0.59,0.6212121248245239,4,2
5,1,7,24,100000100101010101101001111111,1,1,0,0.31,0.4637681245803833,1,1
5,1,7,25,100000100101010101101001111111,1,1,0,0.35,0.1794871836900711,6,4
5,1,7,26,100000100101010101101001111111,1,1,0,0.69,0.2211538404226303,1,1
5,1,7,27,100000100101010101101001111111,1,1,0,0.84,0.44680851697921753,4,3
5,1,7,28,100000100101010101101001111111,1,1,0,0.3,0.43283581733703613,6,3
5,1,7,29,100000100101010101101001111111,1,1,0,0.37,0.3025210201740265,1,1
5,1,8,0,100111100111011101101110010101,1,1,0,0.2,0.03125,4,2
5,1,8,3,100111100111011101101110010101,1,1,0,0.78,0.78125,5,3
5,1,8,4,100111100111011101101110010101,1,1,0,0.57,0.46666666865348816,1,1
5,1,8,5,100111100111011101101110010101,1,1,0,0.7,0.43103447556495667,6,4
5,1,8,6,100111100111011101101110010101,1,1,0,0.64,0.22368420660495758,1,1
5,1,8,9,100111100111011101101110010101,1,1,0,0.34,0.4326923191547394,1,1
5,1,8,10,100111100111011101101110010101,1,1,0,0.42,0.5375000238418579,6,2
5,1,8,11,100111100111011101101110010101,1,1,0,0.75,0.5652173757553101,6,4
5,1,8,13,100111100111011101101110010101,1,1,0,0.67,0.38999998569488525,2,2
5,1,8,14,100111100111011101101110010101,1,1,0,0.58,0.8265306353569031,5,3
5,1,8,15,100111100111011101101110010101,1,1,0,0.4,0.5266666412353516,5,3
5,1,8,17,100111100111011101101110010101,1,1,0,0.28,0.20000000298023224,6,3
5,1,8,18,100111100111011101101110010101,1,1,0,0.77,0.2769230902194977,3,2
5,1,8,20,100111100111011101101110010101,1,1,0,0.89,0.3333333432674408,5,2
5,1,8,21,100111100111011101101110010101,1,1,0,0.89,0.2647058963775635,5,2
5,1,8,22,100111100111011101101110010101,1,1,0,0.19,0.6170212626457214,5,2
5,1,8,25,100111100111011101101110010101,1,1,0,0.35,0.1794871836900711,6,4
5,1,8,27,100111100111011101101110010101,1,1,0,0.84,0.44680851697921753,4,3
5,1,8,29,100111100111011101101110010101,1,1,0,0.37,0.3025210201740265,1,1
5,1,9,0,100001010001010000010110100110,1,1,0,0.2,0.03125,4,2
5,1,9,5,100001010001010000010110100110,1,1,0,0.7,0.43103447556495667,6,4
5,1,9,7,100001010001010000010110100110,1,1,0,0.26,0.3611111044883728,1,1
5,1,9,11,100001010001010000010110100110,1,1,0,0.75,0.5652173757553101,6,4
5,1,9,13,100001010001010000010110100110,1,1,0,0.67,0.38999998569488525,2,2
5,1,9,19,100001010001010000010110100110,1,1,0,0.85,0.2361111044883728,5,2
5,1,9,21,100001010001010000010110100110,1,1,0,0.89,0.2647058963775635,5,2
5,1,9,22,100001010001010000010110100110,1,1,0,0.19,0.6170212626457214,5,2
5,1,9,24,100001010001010000010110100110,1,1,0,0.31,0.4637681245803833,1,1
5,1,9,27,100001010001010000010110100110,1,1,0,0.84,0.44680851697921753,4,3
5,1,9,28,100001010001010000010110100110,1,1,0,0.3,0.43283581733703613,6,3
5,1,10,0,101001001011101010100100101001,1,1,0,0.2,0.03125,4,2
5,1,10,2,101001001011101010100100101001,1,1,0,0.61,0.5897436141967773,5,2
5,1,10,5,101001001011101010100100101001,1,1,0,0.7,0.43103447556495667,6,4
5,1,10,8,101001001011101010100100101001,1,1,0,0.7,0.9200000166893005,6,4
5,1,10,10,101001001011101010100100101001,1,1,0,0.42,0.5375000238418579,6,2
5,1,10,11,101001001011101010100100101001,1,1,0,0.75,0.5652173757553101,6,4
5,1,10,12,101001001011101010100100101001,1,1,0,0.85,0.5789473652839661,6,3
5,1,10,14,101001001011101010100100101001,1,1,0,0.58,0.8265306353569031,5,3
5,1,10,16,101001001011101010100100101001,1,1,0,0.54,0.6027397513389587,1,1
5,1,10,18,101001001011101010100100101001,1,1,0,0.77,0.2769230902194977,3,2
5,1,10,21,101001001011101010100100101001,1,1,0,0.89,0.2647058963775635,5,2
5,1,10,24,101001001011101010100100101001,1,1,0,0.31,0.4637681245803833,1,1
5,1,10,26,101001001011101010100100101001,1,1,0,0.69,0.2211538404226303,1,1
5,1,10,29,101001001011101010100100101001,1,1,0,0.37,0.3025210201740265,1,1
5,1,11,0,111101110011010101011111010001,1,1,0,0.2,0.03125,4,2
5,1,11,1,111101110011010101011111010001,1,1,0,0.7,0.36666667461395264,6,4
5,1,11,2,111101110011010101011111010001,1,1,0,0.61,0.5897436141967773,5,2
5,1,11,3,111101110011010101011111010001,1,1,0,0.78,0.78125,5,3
5,1,11,5,111101110011010101011111010001,1,1,0,0.7,0.43103447556495667,6,4
5,1,11,6,111101110011010101011111010001,1,1,0,0.64,0.22368420660495758,1,1
5,1,11,7,111101110011010101011111010001,1,1,0,0.26,0.3611111044883728,1,1
5,1,11,10,111101110011010101011111010001,1,1,0,0.42,0.5375000238418579,6,2
5,1,11,11,111101110011010101011111010001,1,1,0,0.75,0.5652173757553101,6,4
5,1,11,13,111101110011010101011111010001,1,1,0,0.67,0.38999998569488525,2,2
5,1,11,15,111101110011010101011111010001,1,1,0,0.4,0.5266666412353516,5,3
5,1,11,17,111101110011010101011111010001,1,1,0,0.28,0.20000000298023224,6,3
5,1,11,19,111101110011010101011111010001,1,1,0,0.85,0.2361111044883728,5,2
5,1,11,20,111101110011010101011111010001,1,1,0,0.89,0.3333333432674408,5,2
5,1,11,21,111101110011010101011111010001,1,1,0,0.89,0.2647058963775635,5,2
5,1,11,22,111101110011010101011111010001,1,1,0,0.19,0.6170212626457214,5,2
5,1,11,23,111101110011010101011111010001,1,1,0,0.59,0.6212121248245239,4,2
5,1,11,25,111101110011010101011111010001,1,1,0,0.35,0.1794871836900711,6,4
5,1,11,29,111101110011010101011111010001,1,1,0,0.37,0.3025210201740265,1,1
5,2,0,0,110001001000101101111011110100,1,1,0,0.2,0.03125,4,2
5,2,0,1,110001001000101101111011110100,1,1,0,0.7,0.36666667461395264,6,4
5,2,0,5,110001001000101101111011110100,1,1,0,0.7,0.43103447556495667,6,4
5,2,0,8,110001001000101101111011110100,1,1,0,0.7,0.9200000166893005,6,4
5,2,0,12,110001001000101101111011110100,1,1,0,0.85,0.5789473652839661,6,3
5,2,0,14,110001001000101101111011110100,1,1,0,0.58,0.8265306353569031,5,3
5,2,0,15,110001001000101101111011110100,1,1,0,0.4,0.5266666412353516,5,3
5,2,0,17,110001001000101101111011110100,1,1,0,0.28,0.20000000298023224,6,3
5,2,0,18,110001001000101101111011110100,1,1,0,0.77,0.2769230902194977,3,2
5,2,0,19,110001001000101101111011110100,1,1,0,0.85,0.2361111044883728,5,2
5,2,0,20,110001001000101101111011110100,1,1,0,0.89,0.3333333432674408,5,2
5,2,0,22,110001001000101101111011110100,1,1,0,0.19,0.6170212626457214,5,2
5,2,0,23,110001001000101101111011110100,1,1,0,0.59,0.6212121248245239,4,2
5,2,0,24,110001001000101101111011110100,1,1,0,0.31,0.4637681245803833,1,1
5,2,0,25,110001001000101101111011110100,1,1,0,0.35,0.1794871836900711,6,4
5,2,0,27,110001001000101101111011110100,1,1,0,0.84,0.44680851697921753,4,3
5,2,1,0,110000000111101100011001110110,1,1,0,0.2,0.03125,4,2
5,2,1,1,110000000111101100011001110110,1,1,0,0.7,0.36666667461395264,6,4
5,2,1,9,110000000111101100011001110110,1,1,0,0.34,0.4326923191547394,1,1
5,2,1,10,110000000111101100011001110110,1,1,0,0.42,0.5375000238418579,6,2
5,2,1,11,110000000111101100011001110110,1,1,0,0.75,0.5652173757553101,6,4
5,2,1,12,110000000111101100011001110110,1,1,0,0.85,0.5789473652839661,6,3
5,2,1,14,110000000111101100011001110110,1,1,0,0.58,0.8265306353569031,5,3
5,2,1,15,110000000111101100011001110110,1,1,0,0.4,0.5266666412353516,5,3
5,2,1,19,110000000111101100011001110110,1,1,0,0.85,0.2361111044883728,5,2
5,2,1,20,110000000111101100011001110110,1,1,0,0.89,0.3333333432674408,5,2
5,2,1,23,110000000111101100011001110110,1,1,0,0.59,0.6212121248245239,4,2
5,2,1,24,110000000111101100011001110110,1,1,0,0.31,0.4637681245803833,1,1
5,2,1,25,110000000111101100011001110110,1,1,0,0.35,0.1794871836900711,6,4
5,2,1,27,110000000111101100011001110110,1,1,0,0.84,0.44680851697921753,4,3
5,2,1,28,110000000111101100011001110110,1,1,0,0.3,0.43283581733703613,6,3
5,2,2,0,101100100000101011111000010100,1,1,0,0.2,0.03125,4,2
5,2,2,2,101100100000101011111000010100,1,1,0,0.61,0.5897436141967773,5,2
5,2,2,3,101100100000101011111000010100,1,1,0,0.78,0.78125,5,3
5,2,2,6,101100100000101011111000010100,1,1,0,0.64,0.22368420660495758,1,1
5,2,2,12,101100100000101011111000010100,1,1,0,0.85,0.5789473652839661,6,3
5,2,2,14,101100100000101011111000010100,1,1,0,0.58,0.8265306353569031,5,3
5,2,2,16,101100100000101011111000010100,1,1,0,0.54,0.6027397513389587,1,1
5,2,2,17,101100100000101011111000010100,1,1,0,0.28,0.20000000298023224,6,3
5,2,2,18,101100100000101011111000010100,1,1,0,0.77,0.2769230902194977,3,2
5,2,2,19,101100100000101011111000010100,1,1,0,0.85,0.2361111044883728,5,2
5,2,2,20,101100100000101011111000010100,1,1,0,0.89,0.3333333432674408,5,2
5,2,2,25,101100100000101011111000010100,1,1,0,0.35,0.1794871836900711,6,4
5,2,2,27,101100100000101011111000010100,1,1,0,0.84,0.44680851697921753,4,3
5,2,3,0,111111101011110101010101000011,1,1,0,0.2,0.03125,4,2
5,2,3,1,111111101011110101010101000011,1,1,0,0.7,0.36666667461395264,6,4
5,2,3,2,111111101011110101010101000011,1,1,0,0.61,0.5897436141967773,5,2
5,2,3,3,111111101011110101010101000011,1,1,0,0.78,0.78125,5,3
5,2,3,4,111111101011110101010101000011,1,1,0,0.57,0.46666666865348816,1,1
5,2,3,5,111111101011110101010101000011,1,1,0,0.7,0.43103447556495667,6,4
5,2,3,6,111111101011110101010101000011,1,1,0,0.64,0.22368420660495758,1,1
5,2,3,8,111111101011110101010101000011,1,1,0,0.7,0.9200000166893005,6,4
5,2,3,10,111111101011110101010101000011,1,1,0,0.42,0.5375000238418579,6,2
5,2,3,11,111111101011110101010101000011,1,1,0,0.75,0.5652173757553101,6,4
5,2,3,12,111111101011110101010101000011,1,1,0,0.85,0.5789473652839661,6,3
5,2,3,13,111111101011110101010101000011,1,1,0,0.67,0.38999998569488525,2,2
5,2,3,15,111111101011110101010101000011,1,1,0,0.4,0.5266666412353516,5,3
5,2,3,17,111111101011110101010101000011,1,1,0,0.28,0.20000000298023224,6,3
5,2,3,19,111111101011110101010101000011,1,1,0,0.85,0.2361111044883728,5,2
5,2,3,21,111111101011110101010101000011,1,1,0,0.89,0.2647058963775635,5,2
5,2,3,23,111111101011110101010101000011,1,1,0,0.59,0.6212121248245239,4,2
5,2,3,28,111111101011110101010101000011,1,1,0,0.3,0.43283581733703613,6,3
5,2,3,29,111111101011110101010101000011,1,1,0,0.37,0.3025210201740265,1,1
5,2,4,1,011101010000000111110100000111,1,1,0,0.7,0.36666667461395264,6,4
5,2,4,2,011101010000000111110100000111,1,1,0,0.61,0.5897436141967773,5,2
5,2,4,3,011101010000000111110100000111,1,1,0,0.78,0.78125,5,3
5,2,4,5,011101010000000111110100000111,1,1,0,0.7,0.43103447556495667,6,4
5,2,4,7,011101010000000111110100000111,1,1,0,0.26,0.3611111044883728,1,1
5,2,4,15,011101010000000111110100000111,1,1,0,0.4,0.5266666412353516,5,3
5,2,4,16,011101010000000111110100000111,1,1,0,0.54,0.6027397513389587,1,1
5,2,4,17,011101010000000111110100000111,1,1,0,0.28,0.20000000298023224,6,3
5,2,4,18,011101010000000111110100000111,1,1,0,0.77,0.2769230902194977,3,2
5,2,4,19,011101010000000111110100000111,1,1,0,0.85,0.2361111044883728,5,2
5,2,4,21,011101010000000111110100000111,1,1,0,0.89,0.2647058963775635,5,2
5,2,4,27,011101010000000111110100000111,1,1,0,0.84,0.44680851697921753,4,3
5,2,4,28,011101010000000111110100000111,1,1,0,0.3,0.43283581733703613,6,3
5,2,4,29,011101010000000111110100000111,1,1,0,0.37,0.3025210201740265,1,1
5,2,5,0,100111100111011101101110010101,1,1,0,0.2,0.03125,4,2
5,2,5,3,100111100111011101101110010101,1,1,0,0.78,0.78125,5,3
5,2,5,4,100111100111011101101110010101,1,1,0,0.57,0.46666666865348816,1,1
5,2,5,5,100111100111011101101110010101,1,1,0,0.7,0.43103447556495667,6,4
5,2,5,6,100111100111011101101110010101,1,1,0,0.64,0.22368420660495758,1,1
5,2,5,9,100111100111011101101110010101,1,1,0,0.34,0.4326923191547394,1,1
5,2,5,10,100111100111011101101110010101,1,1,0,0.42,0.5375000238418579,6,2
5,2,5,11,100111100111011101101110010101,1,1,0,0.75,0.5652173757553101,6,4
5,2,5,13,100111100111011101101110010101,1,1,0,0.67,0.38999998569488525,2,2
5,2,5,14,100111100111011101101110010101,1,1,0,0.58,0.8265306353569031,5,3
5,2,5,15,100111100111011101101110010101,1,1,0,0.4,0.5266666412353516,5,3
5,2,5,17,100111100111011101101110010101,1,1,0,0.28,0.20000000298023224,6,3
5,2,5,18,100111100111011101101110010101,1,1,0,0.77,0.2769230902194977,3,2
5,2,5,20,100111100111011101101110010101,1,1,0,0.89,0.3333333432674408,5,2
5,2,5,21,100111100111011101101110010101,1,1,0,0.89,0.2647058963775635,5,2
5,2,5,22,100111100111011101101110010101,1,1,0,0.19,0.6170212626457214,5,2
5,2,5,25,100111100111011101101110010101,1,1,0,0.35,0.1794871836900711,6,4
5,2,5,27,100111100111011101101110010101,1,1,0,0.84,0.44680851697921753,4,3
5,2,5,29,100111100111011101101110010101,1,1,0,0.37,0.3025210201740265,1,1
5,2,6,0,111101110011010101011111010001,1,1,0,0.2,0.03125,4,2
5,2,6,1,111101110011010101011111010001,1,1,0,0.7,0.36666667461395264,6,4
5,2,6,2,111101110011010101011111010001,1,1,0,0.61,0.5897436141967773,5,2
5,2,6,3,111101110011010101011111010001,1,1,0,0.78,0.78125,5,3
5,2,6,5,111101110011010101011111010001,1,1,0,0.7,0.43103447556495667,6,4
5,2,6,6,111101110011010101011111010001,1,1,0,0.64,0.22368420660495758,1,1
5,2,6,7,111101110011010101011111010001,1,1,0,0.26,0.3611111044883728,1,1
5,2,6,10,111101110011010101011111010001,1,1,0,0.42,0.5375000238418579,6,2
5,2,6,11,111101110011010101011111010001,1,1,0,0.75,0.5652173757553101,6,4
5,2,6,13,111101110011010101011111010001,1,1,0,0.67,0.38999998569488525,2,2
5,2,6,15,111101110011010101011111010001,1,1,0,0.4,0.5266666412353516,5,3
5,2,6,17,111101110011010101011111010001,1,1,0,0.28,0.20000000298023224,6,3
5,2,6,19,111101110011010101011111010001,1,1,0,0.85,0.2361111044883728,5,2
5,2,6,20,111101110011010101011111010001,1,1,0,0.89,0.3333333432674408,5,2
5,2,6,21,111101110011010101011111010001,1,1,0,0.89,0.2647058963775635,5,2
5,2,6,22,111101110011010101011111010001,1,1,0,0.19,0.6170212626457214,5,2
5,2,6,23,111101110011010101011111010001,1,1,0,0.59,0.6212121248245239,4,2
5,2,6,25,111101110011010101011111010001,1,1,0,0.35,0.1794871836900711,6,4
5,2,6,29,111101110011010101011111010001,1,1,0,0.37,0.3025210201740265,1,1
5,2,7,0,100101100011010101011000111111,1,1,0,0.2,0.03125,4,2
5,2,7,3,100101100011010101011000111111,1,1,0,0.78,0.78125,5,3
5,2,7,5,100101100011010101011000111111,1,1,0,0.7,0.43103447556495667,6,4
5,2,7,6,100101100011010101011000111111,1,1,0,0.64,0.22368420660495758,1,1
5,2,7,10,100101100011010101011000111111,1,1,0,0.42,0.5375000238418579,6,2
5,2,7,11,100101100011010101011000111111,1,1,0,0.75,0.5652173757553101,6,4
5,2,7,13,100101100011010101011000111111,1,1,0,0.67,0.38999998569488525,2,2
5,2,7,15,100101100011010101011000111111,1,1,0,0.4,0.5266666412353516,5,3
5,2,7,17,100101100011010101011000111111,1,1,0,0.28,0.20000000298023224,6,3
5,2,7,19,100101100011010101011000111111,1,1,0,0.85,0.2361111044883728,5,2
5,2,7,20,100101100011010101011000111111,1,1,0,0.89,0.3333333432674408,5,2
5,2,7,24,100101100011010101011000111111,1,1,0,0.31,0.4637681245803833,1,1
5,2,7,25,100101100011010101011000111111,1,1,0,0.35,0.1794871836900711,6,4
5,2,7,26,100101100011010101011000111111,1,1,0,0.69,0.2211538404226303,1,1
5,2,7,27,100101100011010101011000111111,1,1,0,0.84,0.44680851697921753,4,3
5,2,7,28,100101100011010101011000111111,1,1,0,0.3,0.43283581733703613,6,3
5,2,7,29,100101100011010101011000111111,1,1,0,0.37,0.3025210201740265,1,1
5,2,8,0,111000100000010101010101000011,1,1,0,0.2,0.03125,4,2
5,2,8,1,111000100000010101010101000011,1,1,0,0.7,0.36666667461395264,6,4
5,2,8,2,111000100000010101010101000011,1,1,0,0.61,0.5897436141967773,5,2
5,2,8,6,111000100000010101010101000011,1,1,0,0.64,0.22368420660495758,1,1
5,2,8,13,111000100000010101010101000011,1,1,0,0.67,0.38999998569488525,2,2
5,2,8,15,111000100000010101010101000011,1,1,0,0.4,0.5266666412353516,5,3
5,2,8,17,111000100000010101010101000011,1,1,0,0.28,0.20000000298023224,6,3
5,2,8,19,111000100000010101010101000011,1,1,0,0.85,0.2361111044883728,5,2
5,2,8,21,111000100000010101010101000011,1,1,0,0.89,0.2647058963775635,5,2
5,2,8,23,111000100000010101010101000011,1,1,0,0.59,0.6212121248245239,4,2
5,2,8,28,111000100000010101010101000011,1,1,0,0.3,0.43283581733703613,6,3
5,2,8,29,111000100000010101010101000011,1,1,0,0.37,0.3025210201740265,1,1
5,2,9,0,110001001000101100011001110100,1,1,0,0.2,0.03125,4,2
5,2,9,1,110001001000101100011001110100,1,1,0,0.7,0.36666667461395264,6,4
5,2,9,5,110001001000101100011001110100,1,1,0,0.7,0.43103447556495667,6,4
5,2,9,8,110001001000101100011001110100,1,1,0,0.7,0.9200000166893005,6,4
5,2,9,12,110001001000101100011001110100,1,1,0,0.85,0.5789473652839661,6,3
5,2,9,14,110001001000101100011001110100,1,1,0,0.58,0.8265306353569031,5,3
5,2,9,15,110001001000101100011001110100,1,1,0,0.4,0.5266666412353516,5,3
5,2,9,19,110001001000101100011001110100,1,1,0,0.85,0.2361111044883728,5,2
5,2,9,20,110001001000101100011001110100,1,1,0,0.89,0.3333333432674408,5,2
5,2,9,23,110001001000101100011001110100,1,1,0,0.59,0.6212121248245239,4,2
5,2,9,24,110001001000101100011001110100,1,1,0,0.31,0.4637681245803833,1,1
5,2,9,25,110001001000101100011001110100,1,1,0,0.35,0.1794871836900711,6,4
5,2,9,27,110001001000101100011001110100,1,1,0,0.84,0.44680851697921753,4,3
5,2,10,0,111101111011010101011111010101,1,1,0,0.2,0.03125,4,2
5,2,10,1,111101111011010101011111010101,1,1,0,0.7,0.36666667461395264,6,4
5,2,10,2,111101111011010101011111010101,1,1,0,0.61,0.5897436141967773,5,2
5,2,10,3,111101111011010101011111010101,1,1,0,0.78,0.78125,5,3
5,2,10,5,111101111011010101011111010101,1,1,0,0.7,0.43103447556495667,6,4
5,2,10,6,111101111011010101011111010101,1,1,0,0.64,0.22368420660495758,1,1
5,2,10,7,111101111011010101011111010101,1,1,0,0.26,0.3611111044883728,1,1
5,2,10,8,111101111011010101011111010101,1,1,0,0.7,0.9200000166893005,6,4
5,2,10,10,111101111011010101011111010101,1,1,0,0.42,0.5375000238418579,6,2
5,2,10,11,111101111011010101011111010101,1,1,0,0.75,0.5652173757553101,6,4
5,2,10,13,111101111011010101011111010101,1,1,0,0.67,0.38999998569488525,2,2
5,2,10,15,111101111011010101011111010101,1,1,0,0.4,0.5266666412353516,5,3
5,2,10,17,111101111011010101011111010101,1,1,0,0.28,0.20000000298023224,6,3
5,2,10,19,111101111011010101011111010101,1,1,0,0.85,0.2361111044883728,5,2
5,2,10,20,111101111011010101011111010101,1,1,0,0.89,0.3333333432674408,5,2
5,2,10,21,111101111011010101011111010101,1,1,0,0.89,0.2647058963775635,5,2
5,2,10,22,111101111011010101011111010101,1,1,0,0.19,0.6170212626457214,5,2
5,2,10,23,111101111011010101011111010101,1,1,0,0.59,0.6212121248245239,4,2
5,2,10,25,111101111011010101011111010101,1,1,0,0.35,0.1794871836900711,6,4
5,2,10,27,111101111011010101011111010101,1,1,0,0.84,0.44680851697921753,4,3
5,2,10,29,111101111011010101011111010101,1,1,0,0.37,0.3025210201740265,1,1
5,2,11,0,111000100101110001101111010001,1,1,0,0.2,0.03125,4,2
5,2,11,1,111000100101110001101111010001,1,1,0,0.7,0.36666667461395264,6,4
5,2,11,2,111000100101110001101111010001,1,1,0,0.61,0.5897436141967773,5,2
5,2,11,6,111000100101110001101111010001,1,1,0,0.64,0.22368420660495758,1,1
5,2,11,9,111000100101110001101111010001,1,1,0,0.34,0.4326923191547394,1,1
5,2,11,11,111000100101110001101111010001,1,1,0,0.75,0.5652173757553101,6,4
5,2,11,12,111000100101110001101111010001,1,1,0,0.85,0.5789473652839661,6,3
5,2,11,13,111000100101110001101111010001,1,1,0,0.67,0.38999998569488525,2,2
5,2,11,17,111000100101110001101111010001,1,1,0,0.28,0.20000000298023224,6,3
5,2,11,18,111000100101110001101111010001,1,1,0,0.77,0.2769230902194977,3,2
5,2,11,20,111000100101110001101111010001,1,1,0,0.89,0.3333333432674408,5,2
5,2,11,21,111000100101110001101111010001,1,1,0,0.89,0.2647058963775635,5,2
5,2,11,22,111000100101110001101111010001,1,1,0,0.19,0.6170212626457214,5,2
5,2,11,23,111000100101110001101111010001,1,1,0,0.59,0.6212121248245239,4,2
5,2,11,25,111000100101110001101111010001,1,1,0,0.35,0.1794871836900711,6,4
5,2,11,29,111000100101110001101111010001,1,1,0,0.37,0.3025210201740265,1,1
5,2,12,0,101111101001101000010011000100,1,1,0,0.2,0.03125,4,2
5,2,12,2,101111101001101000010011000100,1,1,0,0.61,0.5897436141967773,5,2
5,2,12,3,101111101001101000010011000100,1,1,0,0.78,0.78125,5,3
5,2,12,4,101111101001101000010011000100,1,1,0,0.57,0.46666666865348816,1,1
5,2,12,5,101111101001101000010011000100,1,1,0,0.7,0.43103447556495667,6,4
5,2,12,6,101111101001101000010011000100,1,1,0,0.64,0.22368420660495758,1,1
5,2,12,8,101111101001101000010011000100,1,1,0,0.7,0.9200000166893005,6,4
5,2,12,11,101111101001101000010011000100,1,1,0,0.75,0.5652173757553101,6,4
5,2,12,12,101111101001101000010011000100,1,1,0,0.85,0.5789473652839661,6,3
5,2,12,14,101111101001101000010011000100,1,1,0,0.58,0.8265306353569031,5,3
5,2,12,19,101111101001101000010011000100,1,1,0,0.85,0.2361111044883728,5,2
5,2,12,22,101111101001101000010011000100,1,1,0,0.19,0.6170212626457214,5,2
5,2,12,23,101111101001101000010011000100,1,1,0,0.59,0.6212121248245239,4,2
5,2,12,27,101111101001101000010011000100,1,1,0,0.84,0.44680851697921753,4,3
5,2,13,1,010101110001000111110111001111,1,1,0,0.7,0.36666667461395264,6,4
5,2,13,3,010101110001000111110111001111,1,1,0,0.78,0.78125,5,3
5,2,13,5,010101110001000111110111001111,1,1,0,0.7,0.43103447556495667,6,4
5,2,13,6,010101110001000111110111001111,1,1,0,0.64,0.22368420660495758,1,1
5,2,13,7,010101110001000111110111001111,1,1,0,0.26,0.3611111044883728,1,1
5,2,13,11,010101110001000111110111001111,1,1,0,0.75,0.5652173757553101,6,4
5,2,13,15,010101110001000111110111001111,1,1,0,0.4,0.5266666412353516,5,3
5,2,13,16,010101110001000111110111001111,1,1,0,0.54,0.6027397513389587,1,1
5,2,13,17,010101110001000111110111001111,1,1,0,0.28,0.20000000298023224,6,3
5,2,13,18,010101110001000111110111001111,1,1,0,0.77,0.2769230902194977,3,2
5,2,13,19,010101110001000111110111001111,1,1,0,0.85,0.2361111044883728,5,2
5,2,13,21,010101110001000111110111001111,1,1,0,0.89,0.2647058963775635,5,2
5,2,13,22,010101110001000111110111001111,1,1,0,0.19,0.6170212626457214,5,2
5,2,13,23,010101110001000111110111001111,1,1,0,0.59,0.6212121248245239,4,2
5,2,13,26,010101110001000111110111001111,1,1,0,0.69,0.2211538404226303,1,1
5,2,13,27,010101110001000111110111001111,1,1,0,0.84,0.44680851697921753,4,3
5,2,13,28,010101110001000111110111001111,1,1,0,0.3,0.43283581733703613,6,3
5,2,13,29,010101110001000111110111001111,1,1,0,0.37,0.3025210201740265,1,1
5,2,14,0,101101000010010011111000010100,1,1,0,0.2,0.03125,4,2
5,2,14,2,101101000010010011111000010100,1,1,0,0.61,0.5897436141967773,5,2
5,2,14,3,101101000010010011111000010100,1,1,0,0.78,0.78125,5,3
5,2,14,5,101101000010010011111000010100,1,1,0,0.7,0.43103447556495667,6,4
5,2,14,10,101101000010010011111000010100,1,1,0,0.42,0.5375000238418579,6,2
5,2,14,13,101101000010010011111000010100,1,1,0,0.67,0.38999998569488525,2,2
5,2,14,16,101101000010010011111000010100,1,1,0,0.54,0.6027397513389587,1,1
5,2,14,17,101101000010010011111000010100,1,1,0,0.28,0.20000000298023224,6,3
5,2,14,18,101101000010010011111000010100,1,1,0,0.77,0.2769230902194977,3,2
5,2,14,19,101101000010010011111000010100,1,1,0,0.85,0.2361111044883728,5,2
5,2,14,20,101101000010010011111000010100,1,1,0,0.89,0.3333333432674408,5,2
5,2,14,25,101101000010010011111000010100,1,1,0,0.35,0.1794871836900711,6,4
5,2,14,27,101101000010010011111000010100,1,1,0,0.84,0.44680851697921753,4,3
5,2,15,0,110000000111101101111011110110,1,1,0,0.2,0.03125,4,2
5,2,15,1,110000000111101101111011110110,1,1,0,0.7,0.36666667461395264,6,4
5,2,15,9,110000000111101101111011110110,1,1,0,0.34,0.4326923191547394,1,1
5,2,15,10,110000000111101101111011110110,1,1,0,0.42,0.5375000238418579,6,2
5,2,15,11,110000000111101101111011110110,1,1,0,0.75,0.5652173757553101,6,4
5,2,15,12,110000000111101101111011110110,1,1,0,0.85,0.5789473652839661,6,3
5,2,15,14,110000000111101101111011110110,1,1,0,0.58,0.8265306353569031,5,3
5,2,15,15,110000000111101101111011110110,1,1,0,0.4,0.5266666412353516,5,3
5,2,15,17,110000000111101101111011110110,1,1,0,0.28,0.20000000298023224,6,3
5,2,15,18,110000000111101101111011110110,1,1,0,0.77,0.2769230902194977,3,2
5,2,15,19,110000000111101101111011110110,1,1,0,0.85,0.2361111044883728,5,2
5,2,15,20,110000000111101101111011110110,1,1,0,0.89,0.3333333432674408,5,2
5,2,15,22,110000000111101101111011110110,1,1,0,0.19,0.6170212626457214,5,2
5,2,15,23,110000000111101101111011110110,1,1,0,0.59,0.6212121248245239,4,2
5,2,15,24,110000000111101101111011110110,1,1,0,0.31,0.4637681245803833,1,1
5,2,15,25,110000000111101101111011110110,1,1,0,0.35,0.1794871836900711,6,4
5,2,15,27,110000000111101101111011110110,1,1,0,0.84,0.44680851697921753,4,3
5,2,15,28,110000000111101101111011110110,1,1,0,0.3,0.43283581733703613,6,3
5,2,16,1,011101011110100110011101010101,1,1,0,0.7,0.36666667461395264,6,4
5,2,16,2,011101011110100110011101010101,1,1,0,0.61,0.5897436141967773,5,2
5,2,16,3,011101011110100110011101010101,1,1,0,0.78,0.78125,5,3
5,2,16,5,011101011110100110011101010101,1,1,0,0.7,0.43103447556495667,6,4
5,2,16,7,011101011110100110011101010101,1,1,0,0.26,0.3611111044883728,1,1
5,2,16,8,011101011110100110011101010101,1,1,0,0.7,0.9200000166893005,6,4
5,2,16,9,011101011110100110011101010101,1,1,0,0.34,0.4326923191547394,1,1
5,2,16,10,011101011110100110011101010101,1,1,0,0.42,0.5375000238418579,6,2
5,2,16,12,011101011110100110011101010101,1,1,0,0.85,0.5789473652839661,6,3
5,2,16,15,011101011110100110011101010101,1,1,0,0.4,0.5266666412353516,5,3
5,2,16,16,011101011110100110011101010101,1,1,0,0.54,0.6027397513389587,1,1
5,2,16,19,011101011110100110011101010101,1,1,0,0.85,0.2361111044883728,5,2
5,2,16,20,011101011110100110011101010101,1,1,0,0.89,0.3333333432674408,5,2
5,2,16,21,011101011110100110011101010101,1,1,0,0.89,0.2647058963775635,5,2
5,2,16,23,011101011110100110011101010101,1,1,0,0.59,0.6212121248245239,4,2
5,2,16,25,011101011110100110011101010101,1,1,0,0.35,0.1794871836900711,6,4
5,2,16,27,011101011110100110011101010101,1,1,0,0.84,0.44680851697921753,4,3
5,2,16,29,011101011110100110011101010101,1,1,0,0.37,0.3025210201740265,1,1
5,3,0,0,110001001000101101111011110100,1,1,0,0.2,0.03125,4,2
5,3,0,1,110001001000101101111011110100,1,1,0,0.7,0.36666667461395264,6,4
5,3,0,5,110001001000101101111011110100,1,1,0,0.7,0.43103447556495667,6,4
5,3,0,8,110001001000101101111011110100,1,1,0,0.7,0.9200000166893005,6,4
5,3,0,12,110001001000101101111011110100,1,1,0,0.85,0.5789473652839661,6,3
5,3,0,14,110001001000101101111011110100,1,1,0,0.58,0.8265306353569031,5,3
5,3,0,15,110001001000101101111011110100,1,1,0,0.4,0.5266666412353516,5,3
5,3,0,17,110001001000101101111011110100,1,1,0,0.28,0.20000000298023224,6,3
5,3,0,18,110001001000101101111011110100,1,1,0,0.77,0.2769230902194977,3,2
5,3,0,19,110001001000101101111011110100,1,1,0,0.85,0.2361111044883728,5,2
5,3,0,20,110001001000101101111011110100,1,1,0,0.89,0.3333333432674408,5,2
5,3,0,22,110001001000101101111011110100,1,1,0,0.19,0.6170212626457214,5,2
5,3,0,23,110001001000101101111011110100,1,1,0,0.59,0.6212121248245239,4,2
5,3,0,24,110001001000101101111011110100,1,1,0,0.31,0.4637681245803833,1,1
5,3,0,25,110001001000101101111011110100,1,1,0,0.35,0.1794871836900711,6,4
5,3,0,27,110001001000101101111011110100,1,1,0,0.84,0.44680851697921753,4,3
5,3,1,0,110000000111101100011001110110,1,1,0,0.2,0.03125,4,2
5,3,1,1,110000000111101100011001110110,1,1,0,0.7,0.36666667461395264,6,4
5,3,1,9,110000000111101100011001110110,1,1,0,0.34,0.4326923191547394,1,1
5,3,1,10,110000000111101100011001110110,1,1,0,0.42,0.5375000238418579,6,2
5,3,1,11,110000000111101100011001110110,1,1,0,0.75,0.5652173757553101,6,4
5,3,1,12,110000000111101100011001110110,1,1,0,0.85,0.5789473652839661,6,3
5,3,1,14,110000000111101100011001110110,1,1,0,0.58,0.8265306353569031,5,3
5,3,1,15,110000000111101100011001110110,1,1,0,0.4,0.5266666412353516,5,3
5,3,1,19,110000000111101100011001110110,1,1,0,0.85,0.2361111044883728,5,2
5,3,1,20,110000000111101100011001110110,1,1,0,0.89,0.3333333432674408,5,2
5,3,1,23,110000000111101100011001110110,1,1,0,0.59,0.6212121248245239,4,2
5,3,1,24,110000000111101100011001110110,1,1,0,0.31,0.4637681245803833,1,1
5,3,1,25,110000000111101100011001110110,1,1,0,0.35,0.1794871836900711,6,4
5,3,1,27,110000000111101100011001110110,1,1,0,0.84,0.44680851697921753,4,3
5,3,1,28,110000000111101100011001110110,1,1,0,0.3,0.43283581733703613,6,3
5,3,2,0,101100100000101011111000010100,1,1,0,0.2,0.03125,4,2
5,3,2,2,101100100000101011111000010100,1,1,0,0.61,0.5897436141967773,5,2
5,3,2,3,101100100000101011111000010100,1,1,0,0.78,0.78125,5,3
5,3,2,6,101100100000101011111000010100,1,1,0,0.64,0.22368420660495758,1,1
5,3,2,12,101100100000101011111000010100,1,1,0,0.85,0.5789473652839661,6,3
5,3,2,14,101100100000101011111000010100,1,1,0,0.58,0.8265306353569031,5,3
5,3,2,16,101100100000101011111000010100,1,1,0,0.54,0.6027397513389587,1,1
5,3,2,17,101100100000101011111000010100,1,1,0,0.28,0.20000000298023224,6,3
5,3,2,18,101100100000101011111000010100,1,1,0,0.77,0.2769230902194977,3,2
5,3,2,19,101100100000101011111000010100,1,1,0,0.85,0.2361111044883728,5,2
5,3,2,20,101100100000101011111000010100,1,1,0,0.89,0.3333333432674408,5,2
5,3,2,25,101100100000101011111000010100,1,1,0,0.35,0.1794871836900711,6,4
5,3,2,27,101100100000101011111000010100,1,1,0,0.84,0.44680851697921753,4,3
5,3,3,0,111101110011010101011111010001,1,1,0,0.2,0.03125,4,2
5,3,3,1,111101110011010101011111010001,1,1,0,0.7,0.36666667461395264,6,4
5,3,3,2,111101110011010101011111010001,1,1,0,0.61,0.5897436141967773,5,2
5,3,3,3,111101110011010101011111010001,1,1,0,0.78,0.78125,5,3
5,3,3,5,111101110011010101011111010001,1,1,0,0.7,0.43103447556495667,6,4
5,3,3,6,111101110011010101011111010001,1,1,0,0.64,0.22368420660495758,1,1
5,3,3,7,111101110011010101011111010001,1,1,0,0.26,0.3611111044883728,1,1
5,3,3,10,111101110011010101011111010001,1,1,0,0.42,0.5375000238418579,6,2
5,3,3,11,111101110011010101011111010001,1,1,0,0.75,0.5652173757553101,6,4
5,3,3,13,111101110011010101011111010001,1,1,0,0.67,0.38999998569488525,2,2
5,3,3,15,111101110011010101011111010001,1,1,0,0.4,0.5266666412353516,5,3
5,3,3,17,111101110011010101011111010001,1,1,0,0.28,0.20000000298023224,6,3
5,3,3,19,111101110011010101011111010001,1,1,0,0.85,0.2361111044883728,5,2
5,3,3,20,111101110011010101011111010001,1,1,0,0.89,0.3333333432674408,5,2
5,3,3,21,111101110011010101011111010001,1,1,0,0.89,0.2647058963775635,5,2
5,3,3,22,111101110011010101011111010001,1,1,0,0.19,0.6170212626457214,5,2
5,3,3,23,111101110011010101011111010001,1,1,0,0.59,0.6212121248245239,4,2
5,3,3,25,111101110011010101011111010001,1,1,0,0.35,0.1794871836900711,6,4
5,3,3,29,111101110011010101011111010001,1,1,0,0.37,0.3025210201740265,1,1
5,3,4,0,100101100011010101011000111111,1,1,0,0.2,0.03125,4,2
5,3,4,3,100101100011010101011000111111,1,1,0,0.78,0.78125,5,3
5,3,4,5,100101100011010101011000111111,1,1,0,0.7,0.43103447556495667,6,4
5,3,4,6,100101100011010101011000111111,1,1,0,0.64,0.22368420660495758,1,1
5,3,4,10,100101100011010101011000111111,1,1,0,0.42,0.5375000238418579,6,2
5,3,4,11,100101100011010101011000111111,1,1,0,0.75,0.5652173757553101,6,4
5,3,4,13,100101100011010101011000111111,1,1,0,0.67,0.38999998569488525,2,2
5,3,4,15,100101100011010101011000111111,1,1,0,0.4,0.5266666412353516,5,3
5,3,4,17,100101100011010101011000111111,1,1,0,0.28,0.20000000298023224,6,3
5,3,4,19,100101100011010101011000111111,1,1,0,0.85,0.2361111044883728,5,2
5,3,4,20,100101100011010101011000111111,1,1,0,0.89,0.3333333432674408,5,2
5,3,4,24,100101100011010101011000111111,1,1,0,0.31,0.4637681245803833,1,1
5,3,4,25,100101100011010101011000111111,1,1,0,0.35,0.1794871836900711,6,4
5,3,4,26,100101100011010101011000111111,1,1,0,0.69,0.2211538404226303,1,1
5,3,4,27,100101100011010101011000111111,1,1,0,0.84,0.44680851697921753,4,3
5,3,4,28,100101100011010101011000111111,1,1,0,0.3,0.43283581733703613,6,3
5,3,4,29,100101100011010101011000111111,1,1,0,0.37,0.3025210201740265,1,1
5,3,5,0,111000100000010101010101000011,1,1,0,0.2,0.03125,4,2
5,3,5,1,111000100000010101010101000011,1,1,0,0.7,0.36666667461395264,6,4
5,3,5,2,111000100000010101010101000011,1,1,0,0.61,0.5897436141967773,5,2
5,3,5,6,111000100000010101010101000011,1,1,0,0.64,0.22368420660495758,1,1
5,3,5,13,111000100000010101010101000011,1,1,0,0.67,0.38999998569488525,2,2
5,3,5,15,111000100000010101010101000011,1,1,0,0.4,0.5266666412353516,5,3
5,3,5,17,111000100000010101010101000011,1,1,0,0.28,0.20000000298023224,6,3
5,3,5,19,111000100000010101010101000011,1,1,0,0.85,0.2361111044883728,5,2
5,3,5,21,111000100000010101010101000011,1,1,0,0.89,0.2647058963775635,5,2
5,3,5,23,111000100000010101010101000011,1,1,0,0.59,0.6212121248245239,4,2
5,3,5,28,111000100000010101010101000011,1,1,0,0.3,0.43283581733703613,6,3
5,3,5,29,111000100000010101010101000011,1,1,0,0.37,0.3025210201740265,1,1
5,3,6,0,110001001000101100011001110100,1,1,0,0.2,0.03125,4,2
5,3,6,1,110001001000101100011001110100,1,1,0,0.7,0.36666667461395264,6,4
5,3,6,5,110001001000101100011001110100,1,1,0,0.7,0.43103447556495667,6,4
5,3,6,8,110001001000101100011001110100,1,1,0,0.7,0.9200000166893005,6,4
5,3,6,12,110001001000101100011001110100,1,1,0,0.85,0.5789473652839661,6,3
5,3,6,14,110001001000101100011001110100,1,1,0,0.58,0.8265306353569031,5,3
5,3,6,15,110001001000101100011001110100,1,1,0,0.4,0.5266666412353516,5,3
5,3,6,19,110001001000101100011001110100,1,1,0,0.85,0.2361111044883728,5,2
5,3,6,20,110001001000101100011001110100,1,1,0,0.89,0.3333333432674408,5,2
5,3,6,23,110001001000101100011001110100,1,1,0,0.59,0.6212121248245239,4,2
5,3,6,24,110001001000101100011001110100,1,1,0,0.31,0.4637681245803833,1,1
5,3,6,25,110001001000101100011001110100,1,1,0,0.35,0.1794871836900711,6,4
5,3,6,27,110001001000101100011001110100,1,1,0,0.84,0.44680851697921753,4,3
5,3,7,0,111000100101110001101111010001,1,1,0,0.2,0.03125,4,2
5,3,7,1,111000100101110001101111010001,1,1,0,0.7,0.36666667461395264,6,4
5,3,7,2,111000100101110001101111010001,1,1,0,0.61,0.5897436141967773,5,2
5,3,7,6,111000100101110001101111010001,1,1,0,0.64,0.22368420660495758,1,1
5,3,7,9,111000100101110001101111010001,1,1,0,0.34,0.4326923191547394,1,1
5,3,7,11,111000100101110001101111010001,1,1,0,0.75,0.5652173757553101,6,4
5,3,7,12,111000100101110001101111010001,1,1,0,0.85,0.5789473652839661,6,3
5,3,7,13,111000100101110001101111010001,1,1,0,0.67,0.38999998569488525,2,2
5,3,7,17,111000100101110001101111010001,1,1,0,0.28,0.20000000298023224,6,3
5,3,7,18,111000100101110001101111010001,1,1,0,0.77,0.2769230902194977,3,2
5,3,7,20,111000100101110001101111010001,1,1,0,0.89,0.3333333432674408,5,2
5,3,7,21,111000100101110001101111010001,1,1,0,0.89,0.2647058963775635,5,2
5,3,7,22,111000100101110001101111010001,1,1,0,0.19,0.6170212626457214,5,2
5,3,7,23,111000100101110001101111010001,1,1,0,0.59,0.6212121248245239,4,2
5,3,7,25,111000100101110001101111010001,1,1,0,0.35,0.1794871836900711,6,4
5,3,7,29,111000100101110001101111010001,1,1,0,0.37,0.3025210201740265,1,1
5,3,8,0,101111101001101000010011000100,1,1,0,0.2,0.03125,4,2
5,3,8,2,101111101001101000010011000100,1,1,0,0.61,0.5897436141967773,5,2
5,3,8,3,101111101001101000010011000100,1,1,0,0.78,0.78125,5,3
5,3,8,4,101111101001101000010011000100,1,1,0,0.57,0.46666666865348816,1,1
5,3,8,5,101111101001101000010011000100,1,1,0,0.7,0.43103447556495667,6,4
5,3,8,6,101111101001101000010011000100,1,1,0,0.64,0.22368420660495758,1,1
5,3,8,8,101111101001101000010011000100,1,1,0,0.7,0.9200000166893005,6,4
5,3,8,11,101111101001101000010011000100,1,1,0,0.75,0.5652173757553101,6,4
5,3,8,12,101111101001101000010011000100,1,1,0,0.85,0.5789473652839661,6,3
5,3,8,14,101111101001101000010011000100,1,1,0,0.58,0.8265306353569031,5,3
5,3,8,19,101111101001101000010011000100,1,1,0,0.85,0.2361111044883728,5,2
5,3,8,22,101111101001101000010011000100,1,1,0,0.19,0.6170212626457214,5,2
5,3,8,23,101111101001101000010011000100,1,1,0,0.59,0.6212121248245239,4,2
5,3,8,27,101111101001101000010011000100,1,1,0,0.84,0.44680851697921753,4,3
5,3,9,0,101101000010010011111000010100,1,1,0,0.2,0.03125,4,2
5,3,9,2,101101000010010011111000010100,1,1,0,0.61,0.5897436141967773,5,2
5,3,9,3,101101000010010011111000010100,1,1,0,0.78,0.78125,5,3
5,3,9,5,101101000010010011111000010100,1,1,0,0.7,0.43103447556495667,6,4
5,3,9,10,101101000010010011111000010100,1,1,0,0.42,0.5375000238418579,6,2
5,3,9,13,101101000010010011111000010100,1,1,0,0.67,0.38999998569488525,2,2
5,3,9,16,101101000010010011111000010100,1,1,0,0.54,0.6027397513389587,1,1
5,3,9,17,101101000010010011111000010100,1,1,0,0.28,0.20000000298023224,6,3
5,3,9,18,101101000010010011111000010100,1,1,0,0.77,0.2769230902194977,3,2
5,3,9,19,101101000010010011111000010100,1,1,0,0.85,0.2361111044883728,5,2
5,3,9,20,101101000010010011111000010100,1,1,0,0.89,0.3333333432674408,5,2
5,3,9,25,101101000010010011111000010100,1,1,0,0.35,0.1794871836900711,6,4
5,3,9,27,101101000010010011111000010100,1,1,0,0.84,0.44680851697921753,4,3
5,3,10,0,111001100000010101010001000111,1,1,0,0.2,0.03125,4,2
5,3,10,1,111001100000010101010001000111,1,1,0,0.7,0.36666667461395264,6,4
5,3,10,2,111001100000010101010001000111,1,1,0,0.61,0.5897436141967773,5,2
5,3,10,5,111001100000010101010001000111,1,1,0,0.7,0.43103447556495667,6,4
5,3,10,6,111001100000010101010001000111,1,1,0,0.64,0.22368420660495758,1,1
5,3,10,13,111001100000010101010001000111,1,1,0,0.67,0.38999998569488525,2,2
5,3,10,15,111001100000010101010001000111,1,1,0,0.4,0.5266666412353516,5,3
5,3,10,17,111001100000010101010001000111,1,1,0,0.28,0.20000000298023224,6,3
5,3,10,19,111001100000010101010001000111,1,1,0,0.85,0.2361111044883728,5,2
5,3,10,23,111001100000010101010001000111,1,1,0,0.59,0.6212121248245239,4,2
5,3,10,27,111001100000010101010001000111,1,1,0,0.84,0.44680851697921753,4,3
5,3,10,28,111001100000010101010001000111,1,1,0,0.3,0.43283581733703613,6,3
5,3,10,29,111001100000010101010001000111,1,1,0,0.37,0.3025210201740265,1,1
5,3,11,0,110000000100111101101000110110,1,1,0,0.2,0.03125,4,2
5,3,11,1,110000000100111101101000110110,1,1,0,0.7,0.36666667461395264,6,4
5,3,11,9,110000000100111101101000110110,1,1,0,0.34,0.4326923191547394,1,1
5,3,11,12,110000000100111101101000110110,1,1,0,0.85,0.5789473652839661,6,3
5,3,11,13,110000000100111101101000110110,1,1,0,0.67,0.38999998569488525,2,2
5,3,11,14,110000000100111101101000110110,1,1,0,0.58,0.8265306353569031,5,3
5,3,11,15,110000000100111101101000110110,1,1,0,0.4,0.5266666412353516,5,3
5,3,11,17,110000000100111101101000110110,1,1,0,0.28,0.20000000298023224,6,3
5,3,11,18,110000000100111101101000110110,1,1,0,0.77,0.2769230902194977,3,2
5,3,11,20,110000000100111101101000110110,1,1,0,0.89,0.3333333432674408,5,2
5,3,11,24,110000000100111101101000110110,1,1,0,0.31,0.4637681245803833,1,1
5,3,11,25,110000000100111101101000110110,1,1,0,0.35,0.1794871836900711,6,4
5,3,11,27,110000000100111101101000110110,1,1,0,0.84,0.44680851697921753,4,3
5,3,11,28,110000000100111101101000110110,1,1,0,0.3,0.43283581733703613,6,3
5,3,12,0,100101100011010101111000101111,1,1,0,0.2,0.03125,4,2
5,3,12,3,100101100011010101111000101111,1,1,0,0.78,0.78125,5,3
5,3,12,5,100101100011010101111000101111,1,1,0,0.7,0.43103447556495667,6,4
5,3,12,6,100101100011010101111000101111,1,1,0,0.64,0.22368420660495758,1,1
5,3,12,10,100101100011010101111000101111,1,1,0,0.42,0.5375000238418579,6,2
5,3,12,11,100101100011010101111000101111,1,1,0,0.75,0.5652173757553101,6,4
5,3,12,13,100101100011010101111000101111,1,1,0,0.67,0.38999998569488525,2,2
5,3,12,15,100101100011010101111000101111,1,1,0,0.4,0.5266666412353516,5,3
5,3,12,17,100101100011010101111000101111,1,1,0,0.28,0.20000000298023224,6,3
5,3,12,18,100101100011010101111000101111,1,1,0,0.77,0.2769230902194977,3,2
5,3,12,19,100101100011010101111000101111,1,1,0,0.85,0.2361111044883728,5,2
5,3,12,20,100101100011010101111000101111,1,1,0,0.89,0.3333333432674408,5,2
5,3,12,24,100101100011010101111000101111,1,1,0,0.31,0.4637681245803833,1,1
5,3,12,26,100101100011010101111000101111,1,1,0,0.69,0.2211538404226303,1,1
5,3,12,27,100101100011010101111000101111,1,1,0,0.84,0.44680851697921753,4,3
5,3,12,28,100101100011010101111000101111,1,1,0,0.3,0.43283581733703613,6,3
5,3,12,29,100101100011010101111000101111,1,1,0,0.37,0.3025210201740265,1,1
5,3,13,0,110011101001101010100100110110,1,1,0,0.2,0.03125,4,2
5,3,13,1,110011101001101010100100110110,1,1,0,0.7,0.36666667461395264,6,4
5,3,13,4,110011101001101010100100110110,1,1,0,0.57,0.46666666865348816,1,1
5,3,13,5,110011101001101010100100110110,1,1,0,0.7,0.43103447556495667,6,4
5,3,13,6,110011101001101010100100110110,1,1,0,0.64,0.22368420660495758,1,1
5,3,13,8,110011101001101010100100110110,1,1,0,0.7,0.9200000166893005,6,4
5,3,13,11,110011101001101010100100110110,1,1,0,0.75,0.5652173757553101,6,4
5,3,13,12,110011101001101010100100110110,1,1,0,0.85,0.5789473652839661,6,3
5,3,13,14,110011101001101010100100110110,1,1,0,0.58,0.8265306353569031,5,3
5,3,13,16,110011101001101010100100110110,1,1,0,0.54,0.6027397513389587,1,1
5,3,13,18,110011101001101010100100110110,1,1,0,0.77,0.2769230902194977,3,2
5,3,13,21,110011101001101010100100110110,1,1,0,0.89,0.2647058963775635,5,2
5,3,13,24,110011101001101010100100110110,1,1,0,0.31,0.4637681245803833,1,1
5,3,13,25,110011101001101010100100110110,1,1,0,0.35,0.1794871836900711,6,4
5,3,13,27,110011101001101010100100110110,1,1,0,0.84,0.44680851697921753,4,3
5,3,13,28,110011101001101010100100110110,1,1,0,0.3,0.43283581733703613,6,3
5,3,14,0,100000101000101011111000110100,1,1,0,0.2,0.03125,4,2
5,3,14,6,100000101000101011111000110100,1,1,0,0.64,0.22368420660495758,1,1
5,3,14,8,100000101000101011111000110100,1,1,0,0.7,0.9200000166893005,6,4
5,3,14,12,100000101000101011111000110100,1,1,0,0.85,0.5789473652839661,6,3
5,3,14,14,100000101000101011111000110100,1,1,0,0.58,0.8265306353569031,5,3
5,3,14,16,100000101000101011111000110100,1,1,0,0.54,0.6027397513389587,1,1
5,3,14,17,100000101000101011111000110100,1,1,0,0.28,0.20000000298023224,6,3
5,3,14,18,100000101000101011111000110100,1,1,0,0.77,0.2769230902194977,3,2
5,3,14,19,100000101000101011111000110100,1,1,0,0.85,0.2361111044883728,5,2
5,3,14,20,100000101000101011111000110100,1,1,0,0.89,0.3333333432674408,5,2
5,3,14,24,100000101000101011111000110100,1,1,0,0.31,0.4637681245803833,1,1
5,3,14,25,100000101000101011111000110100,1,1,0,0.35,0.1794871836900711,6,4
5,3,14,27,100000101000101011111000110100,1,1,0,0.84,0.44680851697921753,4,3
5,3,15,0,101000100000010101010101000011,1,1,0,0.2,0.03125,4,2
5,3,15,2,101000100000010101010101000011,1,1,0,0.61,0.5897436141967773,5,2
5,3,15,6,101000100000010101010101000011,1,1,0,0.64,0.22368420660495758,1,1
5,3,15,13,101000100000010101010101000011,1,1,0,0.67,0.38999998569488525,2,2
5,3,15,15,101000100000010101010101000011,1,1,0,0.4,0.5266666412353516,5,3
5,3,15,17,101000100000010101010101000011,1,1,0,0.28,0.20000000298023224,6,3
5,3,15,19,101000100000010101010101000011,1,1,0,0.85,0.2361111044883728,5,2
5,3,15,21,101000100000010101010101000011,1,1,0,0.89,0.2647058963775635,5,2
5,3,15,23,101000100000010101010101000011,1,1,0,0.59,0.6212121248245239,4,2
5,3,15,28,101000100000010101010101000011,1,1,0,0.3,0.43283581733703613,6,3
5,3,15,29,101000100000010101010101000011,1,1,0,0.37,0.3025210201740265,1,1
5,3,16,0,100100010010100000011100010111,1,1,0,0.2,0.03125,4,2
5,3,16,3,100100010010100000011100010111,1,1,0,0.78,0.78125,5,3
5,3,16,7,100100010010100000011100010111,1,1,0,0.26,0.3611111044883728,1,1
5,3,16,10,100100010010100000011100010111,1,1,0,0.42,0.5375000238418579,6,2
5,3,16,12,100100010010100000011100010111,1,1,0,0.85,0.5789473652839661,6,3
5,3,16,19,100100010010100000011100010111,1,1,0,0.85,0.2361111044883728,5,2
5,3,16,20,100100010010100000011100010111,1,1,0,0.89,0.3333333432674408,5,2
5,3,16,21,100100010010100000011100010111,1,1,0,0.89,0.2647058963775635,5,2
5,3,16,25,100100010010100000011100010111,1,1,0,0.35,0.1794871836900711,6,4
5,3,16,27,100100010010100000011100010111,1,1,0,0.84,0.44680851697921753,4,3
5,3,16,28,100100010010100000011100010111,1,1,0,0.3,0.43283581733703613,6,3
5,3,16,29,100100010010100000011100010111,1,1,0,0.37,0.3025210201740265,1,1
5,3,17,0,100111101011101111011100101000,1,1,0,0.2,0.03125,4,2
5,3,17,3,100111101011101111011100101000,1,1,0,0.78,0.78125,5,3
5,3,17,4,100111101011101111011100101000,1,1,0,0.57,0.46666666865348816,1,1
5,3,17,5,100111101011101111011100101000,1,1,0,0.7,0.43103447556495667,6,4
5,3,17,6,100111101011101111011100101000,1,1,0,0.64,0.22368420660495758,1,1
5,3,17,8,100111101011101111011100101000,1,1,0,0.7,0.9200000166893005,6,4
5,3,17,10,100111101011101111011100101000,1,1,0,0.42,0.5375000238418579,6,2
5,3,17,11,100111101011101111011100101000,1,1,0,0.75,0.5652173757553101,6,4
5,3,17,12,100111101011101111011100101000,1,1,0,0.85,0.5789473652839661,6,3
5,3,17,14,100111101011101111011100101000,1,1,0,0.58,0.8265306353569031,5,3
5,3,17,15,100111101011101111011100101000,1,1,0,0.4,0.5266666412353516,5,3
5,3,17,16,100111101011101111011100101000,1,1,0,0.54,0.6027397513389587,1,1
5,3,17,17,100111101011101111011100101000,1,1,0,0.28,0.20000000298023224,6,3
5,3,17,19,100111101011101111011100101000,1,1,0,0.85,0.2361111044883728,5,2
5,3,17,20,100111101011101111011100101000,1,1,0,0.89,0.3333333432674408,5,2
5,3,17,21,100111101011101111011100101000,1,1,0,0.89,0.2647058963775635,5,2
5,3,17,24,100111101011101111011100101000,1,1,0,0.31,0.4637681245803833,1,1
5,3,17,26,100111101011101111011100101000,1,1,0,0.69,0.2211538404226303,1,1
5,3,18,2,001111001010110101111010010100,1,1,0,0.61,0.5897436141967773,5,2
5,3,18,3,001111001010110101111010010100,1,1,0,0.78,0.78125,5,3
5,3,18,4,001111001010110101111010010100,1,1,0,0.57,0.46666666865348816,1,1
5,3,18,5,001111001010110101111010010100,1,1,0,0.7,0.43103447556495667,6,4
5,3,18,8,001111001010110101111010010100,1,1,0,0.7,0.9200000166893005,6,4
5,3,18,10,001111001010110101111010010100,1,1,0,0.42,0.5375000238418579,6,2
5,3,18,12,001111001010110101111010010100,1,1,0,0.85,0.5789473652839661,6,3
5,3,18,13,001111001010110101111010010100,1,1,0,0.67,0.38999998569488525,2,2
5,3,18,15,001111001010110101111010010100,1,1,0,0.4,0.5266666412353516,5,3
5,3,18,17,001111001010110101111010010100,1,1,0,0.28,0.20000000298023224,6,3
5,3,18,18,001111001010110101111010010100,1,1,0,0.77,0.2769230902194977,3,2
5,3,18,19,001111001010110101111010010100,1,1,0,0.85,0.2361111044883728,5,2
5,3,18,20,001111001010110101111010010100,1,1,0,0.89,0.3333333432674408,5,2
5,3,18,22,001111001010110101111010010100,1,1,0,0.19,0.6170212626457214,5,2
5,3,18,25,001111001010110101111010010100,1,1,0,0.35,0.1794871836900711,6,4
5,3,18,27,001111001010110101111010010100,1,1,0,0.84,0.44680851697921753,4,3
5,3,19,0,110001001000110101010101110100,1,1,0,0.2,0.03125,4,2
5,3,19,1,110001001000110101010101110100,1,1,0,0.7,0.36666667461395264,6,4
5,3,19,5,110001001000110101010101110100,1,1,0,0.7,0.43103447556495667,6,4
5,3,19,8,110001001000110101010101110100,1,1,0,0.7,0.9200000166893005,6,4
5,3,19,12,110001001000110101010101110100,1,1,0,0.85,0.5789473652839661,6,3
5,3,19,13,110001001000110101010101110100,1,1,0,0.67,0.38999998569488525,2,2
5,3,19,15,110001001000110101010101110100,1,1,0,0.4,0.5266666412353516,5,3
5,3,19,17,110001001000110101010101110100,1,1,0,0.28,0.20000000298023224,6,3
5,3,19,19,110001001000110101010101110100,1,1,0,0.85,0.2361111044883728,5,2
5,3,19,21,110001001000110101010101110100,1,1,0,0.89,0.2647058963775635,5,2
5,3,19,23,110001001000110101010101110100,1,1,0,0.59,0.6212121248245239,4,2
5,3,19,24,110001001000110101010101110100,1,1,0,0.31,0.4637681245803833,1,1
5,3,19,25,110001001000110101010101110100,1,1,0,0.35,0.1794871836900711,6,4
5,3,19,27,110001001000110101010101110100,1,1,0,0.84,0.44680851697921753,4,3
5,3,20,0,111100100101010101101001111111,1,1,0,0.2,0.03125,4,2
5,3,20,1,111100100101010101101001111111,1,1,0,0.7,0.36666667461395264,6,4
5,3,20,2,111100100101010101101001111111,1,1,0,0.61,0.5897436141967773,5,2
5,3,20,3,111100100101010101101001111111,1,1,0,0.78,0.78125,5,3
5,3,20,6,111100100101010101101001111111,1,1,0,0.64,0.22368420660495758,1,1
5,3,20,9,111100100101010101101001111111,1,1,0,0.34,0.4326923191547394,1,1
5,3,20,11,111100100101010101101001111111,1,1,0,0.75,0.5652173757553101,6,4
5,3,20,13,111100100101010101101001111111,1,1,0,0.67,0.38999998569488525,2,2
5,3,20,15,111100100101010101101001111111,1,1,0,0.4,0.5266666412353516,5,3
5,3,20,17,111100100101010101101001111111,1,1,0,0.28,0.20000000298023224,6,3
5,3,20,18,111100100101010101101001111111,1,1,0,0.77,0.2769230902194977,3,2
5,3,20,20,111100100101010101101001111111,1,1,0,0.89,0.3333333432674408,5,2
5,3,20,23,111100100101010101101001111111,1,1,0,0.59,0.6212121248245239,4,2
5,3,20,24,111100100101010101101001111111,1,1,0,0.31,0.4637681245803833,1,1
5,3,20,25,111100100101010101101001111111,1,1,0,0.35,0.1794871836900711,6,4
5,3,20,26,111100100101010101101001111111,1,1,0,0.69,0.2211538404226303,1,1
5,3,20,27,111100100101010101101001111111,1,1,0,0.84,0.44680851697921753,4,3
5,3,20,28,111100100101010101101001111111,1,1,0,0.3,0.43283581733703613,6,3
5,3,20,29,111100100101010101101001111111,1,1,0,0.37,0.3025210201740265,1,1
5,3,21,0,101101000000010011111000010100,1,1,0,0.2,0.03125,4,2
5,3,21,2,101101000000010011111000010100,1,1,0,0.61,0.5897436141967773,5,2
5,3,21,3,101101000000010011111000010100,1,1,0,0.78,0.78125,5,3
5,3,21,5,101101000000010011111000010100,1,1,0,0.7,0.43103447556495667,6,4
5,3,21,13,101101000000010011111000010100,1,1,0,0.67,0.38999998569488525,2,2
5,3,21,16,101101000000010011111000010100,1,1,0,0.54,0.6027397513389587,1,1
5,3,21,17,101101000000010011111000010100,1,1,0,0.28,0.20000000298023224,6,3
5,3,21,18,101101000000010011111000010100,1,1,0,0.77,0.2769230902194977,3,2
5,3,21,19,101101000000010011111000010100,1,1,0,0.85,0.2361111044883728,5,2
5,3,21,20,101101000000010011111000010100,1,1,0,0.89,0.3333333432674408,5,2
5,3,21,25,101101000000010011111000010100,1,1,0,0.35,0.1794871836900711,6,4
5,3,21,27,101101000000010011111000010100,1,1,0,0.84,0.44680851697921753,4,3
5,3,22,9,000000000111101000010001000100,1,1,0,0.34,0.4326923191547394,1,1
5,3,22,10,000000000111101000010001000100,1,1,0,0.42,0.5375000238418579,6,2
5,3,22,11,000000000111101000010001000100,1,1,0,0.75,0.5652173757553101,6,4
5,3,22,12,000000000111101000010001000100,1,1,0,0.85,0.5789473652839661,6,3
5,3,22,14,000000000111101000010001000100,1,1,0,0.58,0.8265306353569031,5,3
5,3,22,19,000000000111101000010001000100,1,1,0,0.85,0.2361111044883728,5,2
5,3,22,23,000000000111101000010001000100,1,1,0,0.59,0.6212121248245239,4,2
5,3,22,27,000000000111101000010001000100,1,1,0,0.84,0.44680851697921753,4,3
5,4,0,0,110001001000101101111011110100,1,1,0,0.2,0.03125,4,2
5,4,0,1,110001001000101101111011110100,1,1,0,0.7,0.36666667461395264,6,4
5,4,0,5,110001001000101101111011110100,1,1,0,0.7,0.43103447556495667,6,4
5,4,0,8,110001001000101101111011110100,1,1,0,0.7,0.9200000166893005,6,4
5,4,0,12,110001001000101101111011110100,1,1,0,0.85,0.5789473652839661,6,3
5,4,0,14,110001001000101101111011110100,1,1,0,0.58,0.8265306353569031,5,3
5,4,0,15,110001001000101101111011110100,1,1,0,0.4,0.5266666412353516,5,3
5,4,0,17,110001001000101101111011110100,1,1,0,0.28,0.20000000298023224,6,3
5,4,0,18,110001001000101101111011110100,1,1,0,0.77,0.2769230902194977,3,2
5,4,0,19,110001001000101101111011110100,1,1,0,0.85,0.2361111044883728,5,2
5,4,0,20,110001001000101101111011110100,1,1,0,0.89,0.3333333432674408,5,2
5,4,0,22,110001001000101101111011110100,1,1,0,0.19,0.6170212626457214,5,2
5,4,0,23,110001001000101101111011110100,1,1,0,0.59,0.6212121248245239,4,2
5,4,0,24,110001001000101101111011110100,1,1,0,0.31,0.4637681245803833,1,1
5,4,0,25,110001001000101101111011110100,1,1,0,0.35,0.1794871836900711,6,4
5,4,0,27,110001001000101101111011110100,1,1,0,0.84,0.44680851697921753,4,3
5,4,1,0,101100100000101011111000010100,1,1,0,0.2,0.03125,4,2
5,4,1,2,101100100000101011111000010100,1,1,0,0.61,0.5897436141967773,5,2
5,4,1,3,101100100000101011111000010100,1,1,0,0.78,0.78125,5,3
5,4,1,6,101100100000101011111000010100,1,1,0,0.64,0.22368420660495758,1,1
5,4,1,12,101100100000101011111000010100,1,1,0,0.85,0.5789473652839661,6,3
5,4,1,14,101100100000101011111000010100,1,1,0,0.58,0.8265306353569031,5,3
5,4,1,16,101100100000101011111000010100,1,1,0,0.54,0.6027397513389587,1,1
5,4,1,17,101100100000101011111000010100,1,1,0,0.28,0.20000000298023224,6,3
5,4,1,18,101100100000101011111000010100,1,1,0,0.77,0.2769230902194977,3,2
5,4,1,19,101100100000101011111000010100,1,1,0,0.85,0.2361111044883728,5,2
5,4,1,20,101100100000101011111000010100,1,1,0,0.89,0.3333333432674408,5,2
5,4,1,25,101100100000101011111000010100,1,1,0,0.35,0.1794871836900711,6,4
5,4,1,27,101100100000101011111000010100,1,1,0,0.84,0.44680851697921753,4,3
5,4,2,0,100101100011010101011000111111,1,1,0,0.2,0.03125,4,2
5,4,2,3,100101100011010101011000111111,1,1,0,0.78,0.78125,5,3
5,4,2,5,100101100011010101011000111111,1,1,0,0.7,0.43103447556495667,6,4
5,4,2,6,100101100011010101011000111111,1,1,0,0.64,0.22368420660495758,1,1
5,4,2,10,100101100011010101011000111111,1,1,0,0.42,0.5375000238418579,6,2
5,4,2,11,100101100011010101011000111111,1,1,0,0.75,0.5652173757553101,6,4
5,4,2,13,100101100011010101011000111111,1,1,0,0.67,0.38999998569488525,2,2
5,4,2,15,100101100011010101011000111111,1,1,0,0.4,0.5266666412353516,5,3
5,4,2,17,100101100011010101011000111111,1,1,0,0.28,0.20000000298023224,6,3
5,4,2,19,100101100011010101011000111111,1,1,0,0.85,0.2361111044883728,5,2
5,4,2,20,100101100011010101011000111111,1,1,0,0.89,0.3333333432674408,5,2
5,4,2,24,100101100011010101011000111111,1,1,0,0.31,0.4637681245803833,1,1
5,4,2,25,100101100011010101011000111111,1,1,0,0.35,0.1794871836900711,6,4
5,4,2,26,100101100011010101011000111111,1,1,0,0.69,0.2211538404226303,1,1
5,4,2,27,100101100011010101011000111111,1,1,0,0.84,0.44680851697921753,4,3
5,4,2,28,100101100011010101011000111111,1,1,0,0.3,0.43283581733703613,6,3
5,4,2,29,100101100011010101011000111111,1,1,0,0.37,0.3025210201740265,1,1
5,4,3,0,111000100000010101010101000011,1,1,0,0.2,0.03125,4,2
5,4,3,1,111000100000010101010101000011,1,1,0,0.7,0.36666667461395264,6,4
5,4,3,2,111000100000010101010101000011,1,1,0,0.61,0.5897436141967773,5,2
5,4,3,6,111000100000010101010101000011,1,1,0,0.64,0.22368420660495758,1,1
5,4,3,13,111000100000010101010101000011,1,1,0,0.67,0.38999998569488525,2,2
5,4,3,15,111000100000010101010101000011,1,1,0,0.4,0.5266666412353516,5,3
5,4,3,17,111000100000010101010101000011,1,1,0,0.28,0.20000000298023224,6,3
5,4,3,19,111000100000010101010101000011,1,1,0,0.85,0.2361111044883728,5,2
5,4,3,21,111000100000010101010101000011,1,1,0,0.89,0.2647058963775635,5,2
5,4,3,23,111000100000010101010101000011,1,1,0,0.59,0.6212121248245239,4,2
5,4,3,28,111000100000010101010101000011,1,1,0,0.3,0.43283581733703613,6,3
5,4,3,29,111000100000010101010101000011,1,1,0,0.37,0.3025210201740265,1,1
5,4,4,0,110001001000101100011001110100,1,1,0,0.2,0.03125,4,2
5,4,4,1,110001001000101100011001110100,1,1,0,0.7,0.36666667461395264,6,4
5,4,4,5,110001001000101100011001110100,1,1,0,0.7,0.43103447556495667,6,4
5,4,4,8,110001001000101100011001110100,1,1,0,0.7,0.9200000166893005,6,4
5,4,4,12,110001001000101100011001110100,1,1,0,0.85,0.5789473652839661,6,3
5,4,4,14,110001001000101100011001110100,1,1,0,0.58,0.8265306353569031,5,3
5,4,4,15,110001001000101100011001110100,1,1,0,0.4,0.5266666412353516,5,3
5,4,4,19,110001001000101100011001110100,1,1,0,0.85,0.2361111044883728,5,2
5,4,4,20,110001001000101100011001110100,1,1,0,0.89,0.3333333432674408,5,2
5,4,4,23,110001001000101100011001110100,1,1,0,0.59,0.6212121248245239,4,2
5,4,4,24,110001001000101100011001110100,1,1,0,0.31,0.4637681245803833,1,1
5,4,4,25,110001001000101100011001110100,1,1,0,0.35,0.1794871836900711,6,4
5,4,4,27,110001001000101100011001110100,1,1,0,0.84,0.44680851697921753,4,3
5,4,5,0,101101000010010011111000010100,1,1,0,0.2,0.03125,4,2
5,4,5,2,101101000010010011111000010100,1,1,0,0.61,0.5897436141967773,5,2
5,4,5,3,101101000010010011111000010100,1,1,0,0.78,0.78125,5,3
5,4,5,5,101101000010010011111000010100,1,1,0,0.7,0.43103447556495667,6,4
5,4,5,10,101101000010010011111000010100,1,1,0,0.42,0.5375000238418579,6,2
5,4,5,13,101101000010010011111000010100,1,1,0,0.67,0.38999998569488525,2,2
5,4,5,16,101101000010010011111000010100,1,1,0,0.54,0.6027397513389587,1,1
5,4,5,17,101101000010010011111000010100,1,1,0,0.28,0.20000000298023224,6,3
5,4,5,18,101101000010010011111000010100,1,1,0,0.77,0.2769230902194977,3,2
5,4,5,19,101101000010010011111000010100,1,1,0,0.85,0.2361111044883728,5,2
5,4,5,20,101101000010010011111000010100,1,1,0,0.89,0.3333333432674408,5,2
5,4,5,25,101101000010010011111000010100,1,1,0,0.35,0.1794871836900711,6,4
5,4,5,27,101101000010010011111000010100,1,1,0,0.84,0.44680851697921753,4,3
5,4,6,0,111001100000010101010001000111,1,1,0,0.2,0.03125,4,2
5,4,6,1,111001100000010101010001000111,1,1,0,0.7,0.36666667461395264,6,4
5,4,6,2,111001100000010101010001000111,1,1,0,0.61,0.5897436141967773,5,2
5,4,6,5,111001100000010101010001000111,1,1,0,0.7,0.43103447556495667,6,4
5,4,6,6,111001100000010101010001000111,1,1,0,0.64,0.22368420660495758,1,1
5,4,6,13,111001100000010101010001000111,1,1,0,0.67,0.38999998569488525,2,2
5,4,6,15,111001100000010101010001000111,1,1,0,0.4,0.5266666412353516,5,3
5,4,6,17,111001100000010101010001000111,1,1,0,0.28,0.20000000298023224,6,3
5,4,6,19,111001100000010101010001000111,1,1,0,0.85,0.2361111044883728,5,2
5,4,6,23,111001100000010101010001000111,1,1,0,0.59,0.6212121248245239,4,2
5,4,6,27,111001100000010101010001000111,1,1,0,0.84,0.44680851697921753,4,3
5,4,6,28,111001100000010101010001000111,1,1,0,0.3,0.43283581733703613,6,3
5,4,6,29,111001100000010101010001000111,1,1,0,0.37,0.3025210201740265,1,1
5,4,7,0,110000000100111101101000110110,1,1,0,0.2,0.03125,4,2
5,4,7,1,110000000100111101101000110110,1,1,0,0.7,0.36666667461395264,6,4
5,4,7,9,110000000100111101101000110110,1,1,0,0.34,0.4326923191547394,1,1
5,4,7,12,110000000100111101101000110110,1,1,0,0.85,0.5789473652839661,6,3
5,4,7,13,110000000100111101101000110110,1,1,0,0.67,0.38999998569488525,2,2
5,4,7,14,110000000100111101101000110110,1,1,0,0.58,0.8265306353569031,5,3
5,4,7,15,110000000100111101101000110110,1,1,0,0.4,0.5266666412353516,5,3
5,4,7,17,110000000100111101101000110110,1,1,0,0.28,0.20000000298023224,6,3
5,4,7,18,110000000100111101101000110110,1,1,0,0.77,0.2769230902194977,3,2
5,4,7,20,110000000100111101101000110110,1,1,0,0.89,0.3333333432674408,5,2
5,4,7,24,110000000100111101101000110110,1,1,0,0.31,0.4637681245803833,1,1
5,4,7,25,110000000100111101101000110110,1,1,0,0.35,0.1794871836900711,6,4
5,4,7,27,110000000100111101101000110110,1,1,0,0.84,0.44680851697921753,4,3
5,4,7,28,110000000100111101101000110110,1,1,0,0.3,0.43283581733703613,6,3
5,4,8,0,100101100011010101111000101111,1,1,0,0.2,0.03125,4,2
5,4,8,3,100101100011010101111000101111,1,1,0,0.78,0.78125,5,3
5,4,8,5,100101100011010101111000101111,1,1,0,0.7,0.43103447556495667,6,4
5,4,8,6,100101100011010101111000101111,1,1,0,0.64,0.22368420660495758,1,1
5,4,8,10,100101100011010101111000101111,1,1,0,0.42,0.5375000238418579,6,2
5,4,8,11,100101100011010101111000101111,1,1,0,0.75,0.5652173757553101,6,4
5,4,8,13,100101100011010101111000101111,1,1,0,0.67,0.38999998569488525,2,2
5,4,8,15,100101100011010101111000101111,1,1,0,0.4,0.5266666412353516,5,3
5,4,8,17,100101100011010101111000101111,1,1,0,0.28,0.20000000298023224,6,3
5,4,8,18,100101100011010101111000101111,1,1,0,0.77,0.2769230902194977,3,2
5,4,8,19,100101100011010101111000101111,1,1,0,0.85,0.2361111044883728,5,2
5,4,8,20,100101100011010101111000101111,1,1,0,0.89,0.3333333432674408,5,2
5,4,8,24,100101100011010101111000101111,1,1,0,0.31,0.4637681245803833,1,1
5,4,8,26,100101100011010101111000101111,1,1,0,0.69,0.2211538404226303,1,1
5,4,8,27,100101100011010101111000101111,1,1,0,0.84,0.44680851697921753,4,3
5,4,8,28,100101100011010101111000101111,1,1,0,0.3,0.43283581733703613,6,3
5,4,8,29,100101100011010101111000101111,1,1,0,0.37,0.3025210201740265,1,1
5,4,9,0,110011101001101010100100110110,1,1,0,0.2,0.03125,4,2
5,4,9,1,110011101001101010100100110110,1,1,0,0.7,0.36666667461395264,6,4
5,4,9,4,110011101001101010100100110110,1,1,0,0.57,0.46666666865348816,1,1
5,4,9,5,110011101001101010100100110110,1,1,0,0.7,0.43103447556495667,6,4
5,4,9,6,110011101001101010100100110110,1,1,0,0.64,0.22368420660495758,1,1
5,4,9,8,110011101001101010100100110110,1,1,0,0.7,0.9200000166893005,6,4
5,4,9,11,110011101001101010100100110110,1,1,0,0.75,0.5652173757553101,6,4
5,4,9,12,110011101001101010100100110110,1,1,0,0.85,0.5789473652839661,6,3
5,4,9,14,110011101001101010100100110110,1,1,0,0.58,0.8265306353569031,5,3
5,4,9,16,110011101001101010100100110110,1,1,0,0.54,0.6027397513389587,1,1
5,4,9,18,110011101001101010100100110110,1,1,0,0.77,0.2769230902194977,3,2
5,4,9,21,110011101001101010100100110110,1,1,0,0.89,0.2647058963775635,5,2
5,4,9,24,110011101001101010100100110110,1,1,0,0.31,0.4637681245803833,1,1
5,4,9,25,110011101001101010100100110110,1,1,0,0.35,0.1794871836900711,6,4
5,4,9,27,110011101001101010100100110110,1,1,0,0.84,0.44680851697921753,4,3
5,4,9,28,110011101001101010100100110110,1,1,0,0.3,0.43283581733703613,6,3
5,4,10,0,100000101000101011111000110100,1,1,0,0.2,0.03125,4,2
5,4,10,6,100000101000101011111000110100,1,1,0,0.64,0.22368420660495758,1,1
5,4,10,8,100000101000101011111000110100,1,1,0,0.7,0.9200000166893005,6,4
5,4,10,12,100000101000101011111000110100,1,1,0,0.85,0.5789473652839661,6,3
5,4,10,14,100000101000101011111000110100,1,1,0,0.58,0.8265306353569031,5,3
5,4,10,16,100000101000101011111000110100,1,1,0,0.54,0.6027397513389587,1,1
5,4,10,17,100000101000101011111000110100,1,1,0,0.28,0.20000000298023224,6,3
5,4,10,18,100000101000101011111000110100,1,1,0,0.77,0.2769230902194977,3,2
5,4,10,19,100000101000101011111000110100,1,1,0,0.85,0.2361111044883728,5,2
5,4,10,20,100000101000101011111000110100,1,1,0,0.89,0.3333333432674408,5,2
5,4,10,24,100000101000101011111000110100,1,1,0,0.31,0.4637681245803833,1,1
5,4,10,25,100000101000101011111000110100,1,1,0,0.35,0.1794871836900711,6,4
5,4,10,27,100000101000101011111000110100,1,1,0,0.84,0.44680851697921753,4,3
5,4,11,0,101000100000010101010101000011,1,1,0,0.2,0.03125,4,2
5,4,11,2,101000100000010101010101000011,1,1,0,0.61,0.5897436141967773,5,2
5,4,11,6,101000100000010101010101000011,1,1,0,0.64,0.22368420660495758,1,1
5,4,11,13,101000100000010101010101000011,1,1,0,0.67,0.38999998569488525,2,2
5,4,11,15,101000100000010101010101000011,1,1,0,0.4,0.5266666412353516,5,3
5,4,11,17,101000100000010101010101000011,1,1,0,0.28,0.20000000298023224,6,3
5,4,11,19,101000100000010101010101000011,1,1,0,0.85,0.2361111044883728,5,2
5,4,11,21,101000100000010101010101000011,1,1,0,0.89,0.2647058963775635,5,2
5,4,11,23,101000100000010101010101000011,1,1,0,0.59,0.6212121248245239,4,2
5,4,11,28,101000100000010101010101000011,1,1,0,0.3,0.43283581733703613,6,3
5,4,11,29,101000100000010101010101000011,1,1,0,0.37,0.3025210201740265,1,1
5,4,12,0,100100010010100000011100010111,1,1,0,0.2,0.03125,4,2
5,4,12,3,100100010010100000011100010111,1,1,0,0.78,0.78125,5,3
5,4,12,7,100100010010100000011100010111,1,1,0,0.26,0.3611111044883728,1,1
5,4,12,10,100100010010100000011100010111,1,1,0,0.42,0.5375000238418579,6,2
5,4,12,12,100100010010100000011100010111,1,1,0,0.85,0.5789473652839661,6,3
5,4,12,19,100100010010100000011100010111,1,1,0,0.85,0.2361111044883728,5,2
5,4,12,20,100100010010100000011100010111,1,1,0,0.89,0.3333333432674408,5,2
5,4,12,21,100100010010100000011100010111,1,1,0,0.89,0.2647058963775635,5,2
5,4,12,25,100100010010100000011100010111,1,1,0,0.35,0.1794871836900711,6,4
5,4,12,27,100100010010100000011100010111,1,1,0,0.84,0.44680851697921753,4,3
5,4,12,28,100100010010100000011100010111,1,1,0,0.3,0.43283581733703613,6,3
5,4,12,29,100100010010100000011100010111,1,1,0,0.37,0.3025210201740265,1,1
5,4,13,0,100111101011101111011100101000,1,1,0,0.2,0.03125,4,2
5,4,13,3,100111101011101111011100101000,1,1,0,0.78,0.78125,5,3
5,4,13,4,100111101011101111011100101000,1,1,0,0.57,0.46666666865348816,1,1
5,4,13,5,100111101011101111011100101000,1,1,0,0.7,0.43103447556495667,6,4
5,4,13,6,100111101011101111011100101000,1,1,0,0.64,0.22368420660495758,1,1
5,4,13,8,100111101011101111011100101000,1,1,0,0.7,0.9200000166893005,6,4
5,4,13,10,100111101011101111011100101000,1,1,0,0.42,0.5375000238418579,6,2
5,4,13,11,100111101011101111011100101000,1,1,0,0.75,0.5652173757553101,6,4
5,4,13,12,100111101011101111011100101000,1,1,0,0.85,0.5789473652839661,6,3
5,4,13,14,100111101011101111011100101000,1,1,0,0.58,0.8265306353569031,5,3
5,4,13,15,100111101011101111011100101000,1,1,0,0.4,0.5266666412353516,5,3
5,4,13,16,100111101011101111011100101000,1,1,0,0.54,0.6027397513389587,1,1
5,4,13,17,100111101011101111011100101000,1,1,0,0.28,0.20000000298023224,6,3
5,4,13,19,100111101011101111011100101000,1,1,0,0.85,0.2361111044883728,5,2
5,4,13,20,100111101011101111011100101000,1,1,0,0.89,0.3333333432674408,5,2
5,4,13,21,100111101011101111011100101000,1,1,0,0.89,0.2647058963775635,5,2
5,4,13,24,100111101011101111011100101000,1,1,0,0.31,0.4637681245803833,1,1
5,4,13,26,100111101011101111011100101000,1,1,0,0.69,0.2211538404226303,1,1
5,4,14,2,001111001010110101111010010100,1,1,0,0.61,0.5897436141967773,5,2
5,4,14,3,001111001010110101111010010100,1,1,0,0.78,0.78125,5,3
5,4,14,4,001111001010110101111010010100,1,1,0,0.57,0.46666666865348816,1,1
5,4,14,5,001111001010110101111010010100,1,1,0,0.7,0.43103447556495667,6,4
5,4,14,8,001111001010110101111010010100,1,1,0,0.7,0.9200000166893005,6,4
5,4,14,10,001111001010110101111010010100,1,1,0,0.42,0.5375000238418579,6,2
5,4,14,12,001111001010110101111010010100,1,1,0,0.85,0.5789473652839661,6,3
5,4,14,13,001111001010110101111010010100,1,1,0,0.67,0.38999998569488525,2,2
5,4,14,15,001111001010110101111010010100,1,1,0,0.4,0.5266666412353516,5,3
5,4,14,17,001111001010110101111010010100,1,1,0,0.28,0.20000000298023224,6,3
5,4,14,18,001111001010110101111010010100,1,1,0,0.77,0.2769230902194977,3,2
5,4,14,19,001111001010110101111010010100,1,1,0,0.85,0.2361111044883728,5,2
5,4,14,20,001111001010110101111010010100,1,1,0,0.89,0.3333333432674408,5,2
5,4,14,22,001111001010110101111010010100,1,1,0,0.19,0.6170212626457214,5,2
5,4,14,25,001111001010110101111010010100,1,1,0,0.35,0.1794871836900711,6,4
5,4,14,27,001111001010110101111010010100,1,1,0,0.84,0.44680851697921753,4,3
5,4,15,0,110001001000110101010101110100,1,1,0,0.2,0.03125,4,2
5,4,15,1,110001001000110101010101110100,1,1,0,0.7,0.36666667461395264,6,4
5,4,15,5,110001001000110101010101110100,1,1,0,0.7,0.43103447556495667,6,4
5,4,15,8,110001001000110101010101110100,1,1,0,0.7,0.9200000166893005,6,4
5,4,15,12,110001001000110101010101110100,1,1,0,0.85,0.5789473652839661,6,3
5,4,15,13,110001001000110101010101110100,1,1,0,0.67,0.38999998569488525,2,2
5,4,15,15,110001001000110101010101110100,1,1,0,0.4,0.5266666412353516,5,3
5,4,15,17,110001001000110101010101110100,1,1,0,0.28,0.20000000298023224,6,3
5,4,15,19,110001001000110101010101110100,1,1,0,0.85,0.2361111044883728,5,2
5,4,15,21,110001001000110101010101110100,1,1,0,0.89,0.2647058963775635,5,2
5,4,15,23,110001001000110101010101110100,1,1,0,0.59,0.6212121248245239,4,2
5,4,15,24,110001001000110101010101110100,1,1,0,0.31,0.4637681245803833,1,1
5,4,15,25,110001001000110101010101110100,1,1,0,0.35,0.1794871836900711,6,4
5,4,15,27,110001001000110101010101110100,1,1,0,0.84,0.44680851697921753,4,3
5,4,16,0,101101000000010011111000010100,1,1,0,0.2,0.03125,4,2
5,4,16,2,101101000000010011111000010100,1,1,0,0.61,0.5897436141967773,5,2
5,4,16,3,101101000000010011111000010100,1,1,0,0.78,0.78125,5,3
5,4,16,5,101101000000010011111000010100,1,1,0,0.7,0.43103447556495667,6,4
5,4,16,13,101101000000010011111000010100,1,1,0,0.67,0.38999998569488525,2,2
5,4,16,16,101101000000010011111000010100,1,1,0,0.54,0.6027397513389587,1,1
5,4,16,17,101101000000010011111000010100,1,1,0,0.28,0.20000000298023224,6,3
5,4,16,18,101101000000010011111000010100,1,1,0,0.77,0.2769230902194977,3,2
5,4,16,19,101101000000010011111000010100,1,1,0,0.85,0.2361111044883728,5,2
5,4,16,20,101101000000010011111000010100,1,1,0,0.89,0.3333333432674408,5,2
5,4,16,25,101101000000010011111000010100,1,1,0,0.35,0.1794871836900711,6,4
5,4,16,27,101101000000010011111000010100,1,1,0,0.84,0.44680851697921753,4,3
5,4,17,9,000000000111101000010001000100,1,1,0,0.34,0.4326923191547394,1,1
5,4,17,10,000000000111101000010001000100,1,1,0,0.42,0.5375000238418579,6,2
5,4,17,11,000000000111101000010001000100,1,1,0,0.75,0.5652173757553101,6,4
5,4,17,12,000000000111101000010001000100,1,1,0,0.85,0.5789473652839661,6,3
5,4,17,14,000000000111101000010001000100,1,1,0,0.58,0.8265306353569031,5,3
5,4,17,19,000000000111101000010001000100,1,1,0,0.85,0.2361111044883728,5,2
5,4,17,23,000000000111101000010001000100,1,1,0,0.59,0.6212121248245239,4,2
5,4,17,27,000000000111101000010001000100,1,1,0,0.84,0.44680851697921753,4,3
5,4,18,0,111000100101110001010101000001,1,1,0,0.2,0.03125,4,2
5,4,18,1,111000100101110001010101000001,1,1,0,0.7,0.36666667461395264,6,4
5,4,18,2,111000100101110001010101000001,1,1,0,0.61,0.5897436141967773,5,2
5,4,18,6,111000100101110001010101000001,1,1,0,0.64,0.22368420660495758,1,1
5,4,18,9,111000100101110001010101000001,1,1,0,0.34,0.4326923191547394,1,1
5,4,18,11,111000100101110001010101000001,1,1,0,0.75,0.5652173757553101,6,4
5,4,18,12,111000100101110001010101000001,1,1,0,0.85,0.5789473652839661,6,3
5,4,18,13,111000100101110001010101000001,1,1,0,0.67,0.38999998569488525,2,2
5,4,18,17,111000100101110001010101000001,1,1,0,0.28,0.20000000298023224,6,3
5,4,18,19,111000100101110001010101000001,1,1,0,0.85,0.2361111044883728,5,2
5,4,18,21,111000100101110001010101000001,1,1,0,0.89,0.2647058963775635,5,2
5,4,18,23,111000100101110001010101000001,1,1,0,0.59,0.6212121248245239,4,2
5,4,18,29,111000100101110001010101000001,1,1,0,0.37,0.3025210201740265,1,1
5,4,19,0,111001100000010101010100000111,1,1,0,0.2,0.03125,4,2
5,4,19,1,111001100000010101010100000111,1,1,0,0.7,0.36666667461395264,6,4
5,4,19,2,111001100000010101010100000111,1,1,0,0.61,0.5897436141967773,5,2
5,4,19,5,111001100000010101010100000111,1,1,0,0.7,0.43103447556495667,6,4
5,4,19,6,111001100000010101010100000111,1,1,0,0.64,0.22368420660495758,1,1
5,4,19,13,111001100000010101010100000111,1,1,0,0.67,0.38999998569488525,2,2
5,4,19,15,111001100000010101010100000111,1,1,0,0.4,0.5266666412353516,5,3
5,4,19,17,111001100000010101010100000111,1,1,0,0.28,0.20000000298023224,6,3
5,4,19,19,111001100000010101010100000111,1,1,0,0.85,0.2361111044883728,5,2
5,4,19,21,111001100000010101010100000111,1,1,0,0.89,0.2647058963775635,5,2
5,4,19,27,111001100000010101010100000111,1,1,0,0.84,0.44680851697921753,4,3
5,4,19,28,111001100000010101010100000111,1,1,0,0.3,0.43283581733703613,6,3
5,4,19,29,111001100000010101010100000111,1,1,0,0.37,0.3025210201740265,1,1
5,4,20,6,000000100101110001101001000100,1,1,0,0.64,0.22368420660495758,1,1
5,4,20,9,000000100101110001101001000100,1,1,0,0.34,0.4326923191547394,1,1
5,4,20,11,000000100101110001101001000100,1,1,0,0.75,0.5652173757553101,6,4
5,4,20,12,000000100101110001101001000100,1,1,0,0.85,0.5789473652839661,6,3
5,4,20,13,000000100101110001101001000100,1,1,0,0.67,0.38999998569488525,2,2
5,4,20,17,000000100101110001101001000100,1,1,0,0.28,0.20000000298023224,6,3
5,4,20,18,000000100101110001101001000100,1,1,0,0.77,0.2769230902194977,3,2
5,4,20,20,000000100101110001101001000100,1,1,0,0.89,0.3333333432674408,5,2
5,4,20,23,000000100101110001101001000100,1,1,0,0.59,0.6212121248245239,4,2
5,4,20,27,000000100101110001101001000100,1,1,0,0.84,0.44680851697921753,4,3
5,4,21,0,110001101000110101010101110100,1,1,0,0.2,0.03125,4,2
5,4,21,1,110001101000110101010101110100,1,1,0,0.7,0.36666667461395264,6,4
5,4,21,5,110001101000110101010101110100,1,1,0,0.7,0.43103447556495667,6,4
5,4,21,6,110001101000110101010101110100,1,1,0,0.64,0.22368420660495758,1,1
5,4,21,8,110001101000110101010101110100,1,1,0,0.7,0.9200000166893005,6,4
5,4,21,12,110001101000110101010101110100,1,1,0,0.85,0.5789473652839661,6,3
5,4,21,13,110001101000110101010101110100,1,1,0,0.67,0.38999998569488525,2,2
5,4,21,15,110001101000110101010101110100,1,1,0,0.4,0.5266666412353516,5,3
5,4,21,17,110001101000110101010101110100,1,1,0,0.28,0.20000000298023224,6,3
5,4,21,19,110001101000110101010101110100,1,1,0,0.85,0.2361111044883728,5,2
5,4,21,21,110001101000110101010101110100,1,1,0,0.89,0.2647058963775635,5,2
5,4,21,23,110001101000110101010101110100,1,1,0,0.59,0.6212121248245239,4,2
5,4,21,24,110001101000110101010101110100,1,1,0,0.31,0.4637681245803833,1,1
5,4,21,25,110001101000110101010101110100,1,1,0,0.35,0.1794871836900711,6,4
5,4,21,27,110001101000110101010101110100,1,1,0,0.84,0.44680851697921753,4,3
5,4,22,0,110001001000100001101011010000,1,1,0,0.2,0.03125,4,2
5,4,22,1,110001001000100001101011010000,1,1,0,0.7,0.36666667461395264,6,4
5,4,22,5,110001001000100001101011010000,1,1,0,0.7,0.43103447556495667,6,4
5,4,22,8,110001001000100001101011010000,1,1,0,0.7,0.9200000166893005,6,4
5,4,22,12,110001001000100001101011010000,1,1,0,0.85,0.5789473652839661,6,3
5,4,22,17,110001001000100001101011010000,1,1,0,0.28,0.20000000298023224,6,3
5,4,22,18,110001001000100001101011010000,1,1,0,0.77,0.2769230902194977,3,2
5,4,22,20,110001001000100001101011010000,1,1,0,0.89,0.3333333432674408,5,2
5,4,22,22,110001001000100001101011010000,1,1,0,0.19,0.6170212626457214,5,2
5,4,22,23,110001001000100001101011010000,1,1,0,0.59,0.6212121248245239,4,2
5,4,22,25,110001001000100001101011010000,1,1,0,0.35,0.1794871836900711,6,4
5,4,23,1,010000101000010101101110010001,1,1,0,0.7,0.36666667461395264,6,4
5,4,23,6,010000101000010101101110010001,1,1,0,0.64,0.22368420660495758,1,1
5,4,23,8,010000101000010101101110010001,1,1,0,0.7,0.9200000166893005,6,4
5,4,23,13,010000101000010101101110010001,1,1,0,0.67,0.38999998569488525,2,2
5,4,23,15,010000101000010101101110010001,1,1,0,0.4,0.5266666412353516,5,3
5,4,23,17,010000101000010101101110010001,1,1,0,0.28,0.20000000298023224,6,3
5,4,23,18,010000101000010101101110010001,1,1,0,0.77,0.2769230902194977,3,2
5,4,23,20,010000101000010101101110010001,1,1,0,0.89,0.3333333432674408,5,2
5,4,23,21,010000101000010101101110010001,1,1,0,0.89,0.2647058963775635,5,2
5,4,23,22,010000101000010101101110010001,1,1,0,0.19,0.6170212626457214,5,2
5,4,23,25,010000101000010101101110010001,1,1,0,0.35,0.1794871836900711,6,4
5,4,23,29,010000101000010101101110010001,1,1,0,0.37,0.3025210201740265,1,1
5,4,24,9,000000000111101100011001000100,1,1,0,0.34,0.4326923191547394,1,1
5,4,24,10,000000000111101100011001000100,1,1,0,0.42,0.5375000238418579,6,2
5,4,24,11,000000000111101100011001000100,1,1,0,0.75,0.5652173757553101,6,4
5,4,24,12,000000000111101100011001000100,1,1,0,0.85,0.5789473652839661,6,3
5,4,24,14,000000000111101100011001000100,1,1,0,0.58,0.8265306353569031,5,3
5,4,24,15,000000000111101100011001000100,1,1,0,0.4,0.5266666412353516,5,3
5,4,24,19,000000000111101100011001000100,1,1,0,0.85,0.2361111044883728,5,2
5,4,24,20,000000000111101100011001000100,1,1,0,0.89,0.3333333432674408,5,2
5,4,24,23,000000000111101100011001000100,1,1,0,0.59,0.6212121248245239,4,2
5,4,24,27,000000000111101100011001000100,1,1,0,0.84,0.44680851697921753,4,3
5,4,25,0,111000100011110101111001010011,1,1,0,0.2,0.03125,4,2
5,4,25,1,111000100011110101111001010011,1,1,0,0.7,0.36666667461395264,6,4
5,4,25,2,111000100011110101111001010011,1,1,0,0.61,0.5897436141967773,5,2
5,4,25,6,111000100011110101111001010011,1,1,0,0.64,0.22368420660495758,1,1
5,4,25,10,111000100011110101111001010011,1,1,0,0.42,0.5375000238418579,6,2
5,4,25,11,111000100011110101111001010011,1,1,0,0.75,0.5652173757553101,6,4
5,4,25,12,111000100011110101111001010011,1,1,0,0.85,0.5789473652839661,6,3
5,4,25,13,111000100011110101111001010011,1,1,0,0.67,0.38999998569488525,2,2
5,4,25,15,111000100011110101111001010011,1,1,0,0.4,0.5266666412353516,5,3
5,4,25,17,111000100011110101111001010011,1,1,0,0.28,0.20000000298023224,6,3
5,4,25,18,111000100011110101111001010011,1,1,0,0.77,0.2769230902194977,3,2
5,4,25,19,111000100011110101111001010011,1,1,0,0.85,0.2361111044883728,5,2
5,4,25,20,111000100011110101111001010011,1,1,0,0.89,0.3333333432674408,5,2
5,4,25,23,111000100011110101111001010011,1,1,0,0.59,0.6212121248245239,4,2
5,4,25,25,111000100011110101111001010011,1,1,0,0.35,0.1794871836900711,6,4
5,4,25,28,111000100011110101111001010011,1,1,0,0.3,0.43283581733703613,6,3
5,4,25,29,111000100011110101111001010011,1,1,0,0.37,0.3025210201740265,1,1
5,4,26,0,110001001010111101111010010000,1,1,0,0.2,0.03125,4,2
5,4,26,1,110001001010111101111010010000,1,1,0,0.7,0.36666667461395264,6,4
5,4,26,5,110001001010111101111010010000,1,1,0,0.7,0.43103447556495667,6,4
5,4,26,8,110001001010111101111010010000,1,1,0,0.7,0.9200000166893005,6,4
5,4,26,10,110001001010111101111010010000,1,1,0,0.42,0.5375000238418579,6,2
5,4,26,12,110001001010111101111010010000,1,1,0,0.85,0.5789473652839661,6,3
5,4,26,13,110001001010111101111010010000,1,1,0,0.67,0.38999998569488525,2,2
5,4,26,14,110001001010111101111010010000,1,1,0,0.58,0.8265306353569031,5,3
5,4,26,15,110001001010111101111010010000,1,1,0,0.4,0.5266666412353516,5,3
5,4,26,17,110001001010111101111010010000,1,1,0,0.28,0.20000000298023224,6,3
5,4,26,18,110001001010111101111010010000,1,1,0,0.77,0.2769230902194977,3,2
5,4,26,19,110001001010111101111010010000,1,1,0,0.85,0.2361111044883728,5,2
5,4,26,20,110001001010111101111010010000,1,1,0,0.89,0.3333333432674408,5,2
5,4,26,22,110001001010111101111010010000,1,1,0,0.19,0.6170212626457214,5,2
5,4,26,25,110001001010111101111010010000,1,1,0,0.35,0.1794871836900711,6,4
5,4,27,0,111000100000010101010100000011,1,1,0,0.2,0.03125,4,2
5,4,27,1,111000100000010101010100000011,1,1,0,0.7,0.36666667461395264,6,4
5,4,27,2,111000100000010101010100000011,1,1,0,0.61,0.5897436141967773,5,2
5,4,27,6,111000100000010101010100000011,1,1,0,0.64,0.22368420660495758,1,1
5,4,27,13,111000100000010101010100000011,1,1,0,0.67,0.38999998569488525,2,2
5,4,27,15,111000100000010101010100000011,1,1,0,0.4,0.5266666412353516,5,3
5,4,27,17,111000100000010101010100000011,1,1,0,0.28,0.20000000298023224,6,3
5,4,27,19,111000100000010101010100000011,1,1,0,0.85,0.2361111044883728,5,2
5,4,27,21,111000100000010101010100000011,1,1,0,0.89,0.2647058963775635,5,2
5,4,27,28,111000100000010101010100000011,1,1,0,0.3,0.43283581733703613,6,3
5,4,27,29,111000100000010101010100000011,1,1,0,0.37,0.3025210201740265,1,1
5,4,28,0,100000100000010101111000000011,1,1,0,0.2,0.03125,4,2
5,4,28,6,100000100000010101111000000011,1,1,0,0.64,0.22368420660495758,1,1
5,4,28,13,100000100000010101111000000011,1,1,0,0.67,0.38999998569488525,2,2
5,4,28,15,100000100000010101111000000011,1,1,0,0.4,0.5266666412353516,5,3
5,4,28,17,100000100000010101111000000011,1,1,0,0.28,0.20000000298023224,6,3
5,4,28,18,100000100000010101111000000011,1,1,0,0.77,0.2769230902194977,3,2
5,4,28,19,100000100000010101111000000011,1,1,0,0.85,0.2361111044883728,5,2
5,4,28,20,100000100000010101111000000011,1,1,0,0.89,0.3333333432674408,5,2
5,4,28,28,100000100000010101111000000011,1,1,0,0.3,0.43283581733703613,6,3
5,4,28,29,100000100000010101111000000011,1,1,0,0.37,0.3025210201740265,1,1
5,5,0,0,110000000100111101101000110110,1,1,0,0.2,0.03125,4,2
5,5,0,1,110000000100111101101000110110,1,1,0,0.7,0.36666667461395264,6,4
5,5,0,9,110000000100111101101000110110,1,1,0,0.34,0.4326923191547394,1,1
5,5,0,12,110000000100111101101000110110,1,1,0,0.85,0.5789473652839661,6,3
5,5,0,13,110000000100111101101000110110,1,1,0,0.67,0.38999998569488525,2,2
5,5,0,14,110000000100111101101000110110,1,1,0,0.58,0.8265306353569031,5,3
5,5,0,15,110000000100111101101000110110,1,1,0,0.4,0.5266666412353516,5,3
5,5,0,17,110000000100111101101000110110,1,1,0,0.28,0.20000000298023224,6,3
5,5,0,18,110000000100111101101000110110,1,1,0,0.77,0.2769230902194977,3,2
5,5,0,20,110000000100111101101000110110,1,1,0,0.89,0.3333333432674408,5,2
5,5,0,24,110000000100111101101000110110,1,1,0,0.31,0.4637681245803833,1,1
5,5,0,25,110000000100111101101000110110,1,1,0,0.35,0.1794871836900711,6,4
5,5,0,27,110000000100111101101000110110,1,1,0,0.84,0.44680851697921753,4,3
5,5,0,28,110000000100111101101000110110,1,1,0,0.3,0.43283581733703613,6,3
5,5,1,3,000111101111101000110001000100,1,1,0,0.78,0.78125,5,3
5,5,1,4,000111101111101000110001000100,1,1,0,0.57,0.46666666865348816,1,1
5,5,1,5,000111101111101000110001000100,1,1,0,0.7,0.43103447556495667,6,4
5,5,1,6,000111101111101000110001000100,1,1,0,0.64,0.22368420660495758,1,1
5,5,1,8,000111101111101000110001000100,1,1,0,0.7,0.9200000166893005,6,4
5,5,1,9,000111101111101000110001000100,1,1,0,0.34,0.4326923191547394,1,1
5,5,1,10,000111101111101000110001000100,1,1,0,0.42,0.5375000238418579,6,2
5,5,1,11,000111101111101000110001000100,1,1,0,0.75,0.5652173757553101,6,4
5,5,1,12,000111101111101000110001000100,1,1,0,0.85,0.5789473652839661,6,3
5,5,1,14,000111101111101000110001000100,1,1,0,0.58,0.8265306353569031,5,3
5,5,1,18,000111101111101000110001000100,1,1,0,0.77,0.2769230902194977,3,2
5,5,1,19,000111101111101000110001000100,1,1,0,0.85,0.2361111044883728,5,2
5,5,1,23,000111101111101000110001000100,1,1,0,0.59,0.6212121248245239,4,2
5,5,1,27,000111101111101000110001000100,1,1,0,0.84,0.44680851697921753,4,3
5,5,2,6,000000100101110001101001000100,1,1,0,0.64,0.22368420660495758,1,1
5,5,2,9,000000100101110001101001000100,1,1,0,0.34,0.4326923191547394,1,1
5,5,2,11,000000100101110001101001000100,1,1,0,0.75,0.5652173757553101,6,4
5,5,2,12,000000100101110001101001000100,1,1,0,0.85,0.5789473652839661,6,3
5,5,2,13,000000100101110001101001000100,1,1,0,0.67,0.38999998569488525,2,2
5,5,2,17,000000100101110001101001000100,1,1,0,0.28,0.20000000298023224,6,3
5,5,2,18,000000100101110001101001000100,1,1,0,0.77,0.2769230902194977,3,2
5,5,2,20,000000100101110001101001000100,1,1,0,0.89,0.3333333432674408,5,2
5,5,2,23,000000100101110001101001000100,1,1,0,0.59,0.6212121248245239,4,2
5,5,2,27,000000100101110001101001000100,1,1,0,0.84,0.44680851697921753,4,3
5,5,3,0,100000100000010101111000000011,1,1,0,0.2,0.03125,4,2
5,5,3,6,100000100000010101111000000011,1,1,0,0.64,0.22368420660495758,1,1
5,5,3,13,100000100000010101111000000011,1,1,0,0.67,0.38999998569488525,2,2
5,5,3,15,100000100000010101111000000011,1,1,0,0.4,0.5266666412353516,5,3
5,5,3,17,100000100000010101111000000011,1,1,0,0.28,0.20000000298023224,6,3
5,5,3,18,100000100000010101111000000011,1,1,0,0.77,0.2769230902194977,3,2
5,5,3,19,100000100000010101111000000011,1,1,0,0.85,0.2361111044883728,5,2
5,5,3,20,100000100000010101111000000011,1,1,0,0.89,0.3333333432674408,5,2
5,5,3,28,100000100000010101111000000011,1,1,0,0.3,0.43283581733703613,6,3
5,5,3,29,100000100000010101111000000011,1,1,0,0.37,0.3025210201740265,1,1
5,5,4,0,110001001000101101101011010000,1,1,0,0.2,0.03125,4,2
5,5,4,1,110001001000101101101011010000,1,1,0,0.7,0.36666667461395264,6,4
5,5,4,5,110001001000101101101011010000,1,1,0,0.7,0.43103447556495667,6,4
5,5,4,8,110001001000101101101011010000,1,1,0,0.7,0.9200000166893005,6,4
5,5,4,12,110001001000101101101011010000,1,1,0,0.85,0.5789473652839661,6,3
5,5,4,14,110001001000101101101011010000,1,1,0,0.58,0.8265306353569031,5,3
5,5,4,15,110001001000101101101011010000,1,1,0,0.4,0.5266666412353516,5,3
5,5,4,17,110001001000101101101011010000,1,1,0,0.28,0.20000000298023224,6,3
5,5,4,18,110001001000101101101011010000,1,1,0,0.77,0.2769230902194977,3,2
5,5,4,20,110001001000101101101011010000,1,1,0,0.89,0.3333333432674408,5,2
5,5,4,22,110001001000101101101011010000,1,1,0,0.19,0.6170212626457214,5,2
5,5,4,23,110001001000101101101011010000,1,1,0,0.59,0.6212121248245239,4,2
5,5,4,25,110001001000101101101011010000,1,1,0,0.35,0.1794871836900711,6,4
5,5,5,1,011111001010110101111010010100,1,1,0,0.7,0.36666667461395264,6,4
5,5,5,2,011111001010110101111010010100,1,1,0,0.61,0.5897436141967773,5,2
5,5,5,3,011111001010110101111010010100,1,1,0,0.78,0.78125,5,3
5,5,5,4,011111001010110101111010010100,1,1,0,0.57,0.46666666865348816,1,1
5,5,5,5,011111001010110101111010010100,1,1,0,0.7,0.43103447556495667,6,4
5,5,5,8,011111001010110101111010010100,1,1,0,0.7,0.9200000166893005,6,4
5,5,5,10,011111001010110101111010010100,1,1,0,0.42,0.5375000238418579,6,2
5,5,5,12,011111001010110101111010010100,1,1,0,0.85,0.5789473652839661,6,3
5,5,5,13,011111001010110101111010010100,1,1,0,0.67,0.38999998569488525,2,2
5,5,5,15,011111001010110101111010010100,1,1,0,0.4,0.5266666412353516,5,3
5,5,5,17,011111001010110101111010010100,1,1,0,0.28,0.20000000298023224,6,3
5,5,5,18,011111001010110101111010010100,1,1,0,0.77,0.2769230902194977,3,2
5,5,5,19,011111001010110101111010010100,1,1,0,0.85,0.2361111044883728,5,2
5,5,5,20,011111001010110101111010010100,1,1,0,0.89,0.3333333432674408,5,2
5,5,5,22,011111001010110101111010010100,1,1,0,0.19,0.6170212626457214,5,2
5,5,5,25,011111001010110101111010010100,1,1,0,0.35,0.1794871836900711,6,4
5,5,5,27,011111001010110101111010010100,1,1,0,0.84,0.44680851697921753,4,3
5,5,6,9,000000000111101100011001000100,1,1,0,0.34,0.4326923191547394,1,1
5,5,6,10,000000000111101100011001000100,1,1,0,0.42,0.5375000238418579,6,2
5,5,6,11,000000000111101100011001000100,1,1,0,0.75,0.5652173757553101,6,4
5,5,6,12,000000000111101100011001000100,1,1,0,0.85,0.5789473652839661,6,3
5,5,6,14,000000000111101100011001000100,1,1,0,0.58,0.8265306353569031,5,3
5,5,6,15,000000000111101100011001000100,1,1,0,0.4,0.5266666412353516,5,3
5,5,6,19,000000000111101100011001000100,1,1,0,0.85,0.2361111044883728,5,2
5,5,6,20,000000000111101100011001000100,1,1,0,0.89,0.3333333432674408,5,2
5,5,6,23,000000000111101100011001000100,1,1,0,0.59,0.6212121248245239,4,2
5,5,6,27,000000000111101100011001000100,1,1,0,0.84,0.44680851697921753,4,3
5,5,7,0,111000100000010001101101010000,1,1,0,0.2,0.03125,4,2
5,5,7,1,111000100000010001101101010000,1,1,0,0.7,0.36666667461395264,6,4
5,5,7,2,111000100000010001101101010000,1,1,0,0.61,0.5897436141967773,5,2
5,5,7,6,111000100000010001101101010000,1,1,0,0.64,0.22368420660495758,1,1
5,5,7,13,111000100000010001101101010000,1,1,0,0.67,0.38999998569488525,2,2
5,5,7,17,111000100000010001101101010000,1,1,0,0.28,0.20000000298023224,6,3
5,5,7,18,111000100000010001101101010000,1,1,0,0.77,0.2769230902194977,3,2
5,5,7,20,111000100000010001101101010000,1,1,0,0.89,0.3333333432674408,5,2
5,5,7,21,111000100000010001101101010000,1,1,0,0.89,0.2647058963775635,5,2
5,5,7,23,111000100000010001101101010000,1,1,0,0.59,0.6212121248245239,4,2
5,5,7,25,111000100000010001101101010000,1,1,0,0.35,0.1794871836900711,6,4
5,5,8,0,100001101000110101010101000100,1,1,0,0.2,0.03125,4,2
5,5,8,5,100001101000110101010101000100,1,1,0,0.7,0.43103447556495667,6,4
5,5,8,6,100001101000110101010101000100,1,1,0,0.64,0.22368420660495758,1,1
5,5,8,8,100001101000110101010101000100,1,1,0,0.7,0.9200000166893005,6,4
5,5,8,12,100001101000110101010101000100,1,1,0,0.85,0.5789473652839661,6,3
5,5,8,13,100001101000110101010101000100,1,1,0,0.67,0.38999998569488525,2,2
5,5,8,15,100001101000110101010101000100,1,1,0,0.4,0.5266666412353516,5,3
5,5,8,17,100001101000110101010101000100,1,1,0,0.28,0.20000000298023224,6,3
5,5,8,19,100001101000110101010101000100,1,1,0,0.85,0.2361111044883728,5,2
5,5,8,21,100001101000110101010101000100,1,1,0,0.89,0.2647058963775635,5,2
5,5,8,23,100001101000110101010101000100,1,1,0,0.59,0.6212121248245239,4,2
5,5,8,27,100001101000110101010101000100,1,1,0,0.84,0.44680851697921753,4,3
5,5,9,0,100000101000010001010100000011,1,1,0,0.2,0.03125,4,2
5,5,9,6,100000101000010001010100000011,1,1,0,0.64,0.22368420660495758,1,1
5,5,9,8,100000101000010001010100000011,1,1,0,0.7,0.9200000166893005,6,4
5,5,9,13,100000101000010001010100000011,1,1,0,0.67,0.38999998569488525,2,2
5,5,9,17,100000101000010001010100000011,1,1,0,0.28,0.20000000298023224,6,3
5,5,9,19,100000101000010001010100000011,1,1,0,0.85,0.2361111044883728,5,2
5,5,9,21,100000101000010001010100000011,1,1,0,0.89,0.2647058963775635,5,2
5,5,9,28,100000101000010001010100000011,1,1,0,0.3,0.43283581733703613,6,3
5,5,9,29,100000101000010001010100000011,1,1,0,0.37,0.3025210201740265,1,1
5,5,10,0,101101000000010011111000010100,1,1,0,0.2,0.03125,4,2
5,5,10,2,101101000000010011111000010100,1,1,0,0.61,0.5897436141967773,5,2
5,5,10,3,101101000000010011111000010100,1,1,0,0.78,0.78125,5,3
5,5,10,5,101101000000010011111000010100,1,1,0,0.7,0.43103447556495667,6,4
5,5,10,13,101101000000010011111000010100,1,1,0,0.67,0.38999998569488525,2,2
5,5,10,16,101101000000010011111000010100,1,1,0,0.54,0.6027397513389587,1,1
5,5,10,17,101101000000010011111000010100,1,1,0,0.28,0.20000000298023224,6,3
5,5,10,18,101101000000010011111000010100,1,1,0,0.77,0.2769230902194977,3,2
5,5,10,19,101101000000010011111000010100,1,1,0,0.85,0.2361111044883728,5,2
5,5,10,20,101101000000010011111000010100,1,1,0,0.89,0.3333333432674408,5,2
5,5,10,25,101101000000010011111000010100,1,1,0,0.35,0.1794871836900711,6,4
5,5,10,27,101101000000010011111000010100,1,1,0,0.84,0.44680851697921753,4,3
5,5,11,6,000000100011110101101001000100,1,1,0,0.64,0.22368420660495758,1,1
5,5,11,10,000000100011110101101001000100,1,1,0,0.42,0.5375000238418579,6,2
5,5,11,11,000000100011110101101001000100,1,1,0,0.75,0.5652173757553101,6,4
5,5,11,12,000000100011110101101001000100,1,1,0,0.85,0.5789473652839661,6,3
5,5,11,13,000000100011110101101001000100,1,1,0,0.67,0.38999998569488525,2,2
5,5,11,15,000000100011110101101001000100,1,1,0,0.4,0.5266666412353516,5,3
5,5,11,17,000000100011110101101001000100,1,1,0,0.28,0.20000000298023224,6,3
5,5,11,18,000000100011110101101001000100,1,1,0,0.77,0.2769230902194977,3,2
5,5,11,20,000000100011110101101001000100,1,1,0,0.89,0.3333333432674408,5,2
5,5,11,23,000000100011110101101001000100,1,1,0,0.59,0.6212121248245239,4,2
5,5,11,27,000000100011110101101001000100,1,1,0,0.84,0.44680851697921753,4,3
5,5,12,0,111000100000010101010100000011,1,1,0,0.2,0.03125,4,2
5,5,12,1,111000100000010101010100000011,1,1,0,0.7,0.36666667461395264,6,4
5,5,12,2,111000100000010101010100000011,1,1,0,0.61,0.5897436141967773,5,2
5,5,12,6,111000100000010101010100000011,1,1,0,0.64,0.22368420660495758,1,1
5,5,12,13,111000100000010101010100000011,1,1,0,0.67,0.38999998569488525,2,2
5,5,12,15,111000100000010101010100000011,1,1,0,0.4,0.5266666412353516,5,3
5,5,12,17,111000100000010101010100000011,1,1,0,0.28,0.20000000298023224,6,3
5,5,12,19,111000100000010101010100000011,1,1,0,0.85,0.2361111044883728,5,2
5,5,12,21,111000100000010101010100000011,1,1,0,0.89,0.2647058963775635,5,2
5,5,12,28,111000100000010101010100000011,1,1,0,0.3,0.43283581733703613,6,3
5,5,12,29,111000100000010101010100000011,1,1,0,0.37,0.3025210201740265,1,1
5,5,13,0,100000000011101111011100101000,1,1,0,0.2,0.03125,4,2
5,5,13,10,100000000011101111011100101000,1,1,0,0.42,0.5375000238418579,6,2
5,5,13,11,100000000011101111011100101000,1,1,0,0.75,0.5652173757553101,6,4
5,5,13,12,100000000011101111011100101000,1,1,0,0.85,0.5789473652839661,6,3
5,5,13,14,100000000011101111011100101000,1,1,0,0.58,0.8265306353569031,5,3
5,5,13,15,100000000011101111011100101000,1,1,0,0.4,0.5266666412353516,5,3
5,5,13,16,100000000011101111011100101000,1,1,0,0.54,0.6027397513389587,1,1
5,5,13,17,100000000011101111011100101000,1,1,0,0.28,0.20000000298023224,6,3
5,5,13,19,100000000011101111011100101000,1,1,0,0.85,0.2361111044883728,5,2
5,5,13,20,100000000011101111011100101000,1,1,0,0.89,0.3333333432674408,5,2
5,5,13,21,100000000011101111011100101000,1,1,0,0.89,0.2647058963775635,5,2
5,5,13,24,100000000011101111011100101000,1,1,0,0.31,0.4637681245803833,1,1
5,5,13,26,100000000011101111011100101000,1,1,0,0.69,0.2211538404226303,1,1
5,5,14,0,110001001000110101010101110100,1,1,0,0.2,0.03125,4,2
5,5,14,1,110001001000110101010101110100,1,1,0,0.7,0.36666667461395264,6,4
5,5,14,5,110001001000110101010101110100,1,1,0,0.7,0.43103447556495667,6,4
5,5,14,8,110001001000110101010101110100,1,1,0,0.7,0.9200000166893005,6,4
5,5,14,12,110001001000110101010101110100,1,1,0,0.85,0.5789473652839661,6,3
5,5,14,13,110001001000110101010101110100,1,1,0,0.67,0.38999998569488525,2,2
5,5,14,15,110001001000110101010101110100,1,1,0,0.4,0.5266666412353516,5,3
5,5,14,17,110001001000110101010101110100,1,1,0,0.28,0.20000000298023224,6,3
5,5,14,19,110001001000110101010101110100,1,1,0,0.85,0.2361111044883728,5,2
5,5,14,21,110001001000110101010101110100,1,1,0,0.89,0.2647058963775635,5,2
5,5,14,23,110001001000110101010101110100,1,1,0,0.59,0.6212121248245239,4,2
5,5,14,24,110001001000110101010101110100,1,1,0,0.31,0.4637681245803833,1,1
5,5,14,25,110001001000110101010101110100,1,1,0,0.35,0.1794871836900711,6,4
5,5,14,27,110001001000110101010101110100,1,1,0,0.84,0.44680851697921753,4,3
5,5,15,0,110001001000100001101011010000,1,1,0,0.2,0.03125,4,2
5,5,15,1,110001001000100001101011010000,1,1,0,0.7,0.36666667461395264,6,4
5,5,15,5,110001001000100001101011010000,1,1,0,0.7,0.43103447556495667,6,4
5,5,15,8,110001001000100001101011010000,1,1,0,0.7,0.9200000166893005,6,4
5,5,15,12,110001001000100001101011010000,1,1,0,0.85,0.5789473652839661,6,3
5,5,15,17,110001001000100001101011010000,1,1,0,0.28,0.20000000298023224,6,3
5,5,15,18,110001001000100001101011010000,1,1,0,0.77,0.2769230902194977,3,2
5,5,15,20,110001001000100001101011010000,1,1,0,0.89,0.3333333432674408,5,2
5,5,15,22,110001001000100001101011010000,1,1,0,0.19,0.6170212626457214,5,2
5,5,15,23,110001001000100001101011010000,1,1,0,0.59,0.6212121248245239,4,2
5,5,15,25,110001001000100001101011010000,1,1,0,0.35,0.1794871836900711,6,4
5,5,16,0,101101000010010011111000010100,1,1,0,0.2,0.03125,4,2
5,5,16,2,101101000010010011111000010100,1,1,0,0.61,0.5897436141967773,5,2
5,5,16,3,101101000010010011111000010100,1,1,0,0.78,0.78125,5,3
5,5,16,5,101101000010010011111000010100,1,1,0,0.7,0.43103447556495667,6,4
5,5,16,10,101101000010010011111000010100,1,1,0,0.42,0.5375000238418579,6,2
5,5,16,13,101101000010010011111000010100,1,1,0,0.67,0.38999998569488525,2,2
5,5,16,16,101101000010010011111000010100,1,1,0,0.54,0.6027397513389587,1,1
5,5,16,17,101101000010010011111000010100,1,1,0,0.28,0.20000000298023224,6,3
5,5,16,18,101101000010010011111000010100,1,1,0,0.77,0.2769230902194977,3,2
5,5,16,19,101101000010010011111000010100,1,1,0,0.85,0.2361111044883728,5,2
5,5,16,20,101101000010010011111000010100,1,1,0,0.89,0.3333333432674408,5,2
5,5,16,25,101101000010010011111000010100,1,1,0,0.35,0.1794871836900711,6,4
5,5,16,27,101101000010010011111000010100,1,1,0,0.84,0.44680851697921753,4,3
5,5,17,0,111001100000010101010100000111,1,1,0,0.2,0.03125,4,2
5,5,17,1,111001100000010101010100000111,1,1,0,0.7,0.36666667461395264,6,4
5,5,17,2,111001100000010101010100000111,1,1,0,0.61,0.5897436141967773,5,2
5,5,17,5,111001100000010101010100000111,1,1,0,0.7,0.43103447556495667,6,4
5,5,17,6,111001100000010101010100000111,1,1,0,0.64,0.22368420660495758,1,1
5,5,17,13,111001100000010101010100000111,1,1,0,0.67,0.38999998569488525,2,2
5,5,17,15,111001100000010101010100000111,1,1,0,0.4,0.5266666412353516,5,3
5,5,17,17,111001100000010101010100000111,1,1,0,0.28,0.20000000298023224,6,3
5,5,17,19,111001100000010101010100000111,1,1,0,0.85,0.2361111044883728,5,2
5,5,17,21,111001100000010101010100000111,1,1,0,0.89,0.2647058963775635,5,2
5,5,17,27,111001100000010101010100000111,1,1,0,0.84,0.44680851697921753,4,3
5,5,17,28,111001100000010101010100000111,1,1,0,0.3,0.43283581733703613,6,3
5,5,17,29,111001100000010101010100000111,1,1,0,0.37,0.3025210201740265,1,1
5,5,18,0,101000100000110101111001010011,1,1,0,0.2,0.03125,4,2
5,5,18,2,101000100000110101111001010011,1,1,0,0.61,0.5897436141967773,5,2
5,5,18,6,101000100000110101111001010011,1,1,0,0.64,0.22368420660495758,1,1
5,5,18,12,101000100000110101111001010011,1,1,0,0.85,0.5789473652839661,6,3
5,5,18,13,101000100000110101111001010011,1,1,0,0.67,0.38999998569488525,2,2
5,5,18,15,101000100000110101111001010011,1,1,0,0.4,0.5266666412353516,5,3
5,5,18,17,101000100000110101111001010011,1,1,0,0.28,0.20000000298023224,6,3
5,5,18,18,101000100000110101111001010011,1,1,0,0.77,0.2769230902194977,3,2
5,5,18,19,101000100000110101111001010011,1,1,0,0.85,0.2361111044883728,5,2
5,5,18,20,101000100000110101111001010011,1,1,0,0.89,0.3333333432674408,5,2
5,5,18,23,101000100000110101111001010011,1,1,0,0.59,0.6212121248245239,4,2
5,5,18,25,101000100000110101111001010011,1,1,0,0.35,0.1794871836900711,6,4
5,5,18,28,101000100000110101111001010011,1,1,0,0.3,0.43283581733703613,6,3
5,5,18,29,101000100000110101111001010011,1,1,0,0.37,0.3025210201740265,1,1
5,5,19,0,100111101011101111011100101000,1,1,0,0.2,0.03125,4,2
5,5,19,3,100111101011101111011100101000,1,1,0,0.78,0.78125,5,3
5,5,19,4,100111101011101111011100101000,1,1,0,0.57,0.46666666865348816,1,1
5,5,19,5,100111101011101111011100101000,1,1,0,0.7,0.43103447556495667,6,4
5,5,19,6,100111101011101111011100101000,1,1,0,0.64,0.22368420660495758,1,1
5,5,19,8,100111101011101111011100101000,1,1,0,0.7,0.9200000166893005,6,4
5,5,19,10,100111101011101111011100101000,1,1,0,0.42,0.5375000238418579,6,2
5,5,19,11,100111101011101111011100101000,1,1,0,0.75,0.5652173757553101,6,4
5,5,19,12,100111101011101111011100101000,1,1,0,0.85,0.5789473652839661,6,3
5,5,19,14,100111101011101111011100101000,1,1,0,0.58,0.8265306353569031,5,3
5,5,19,15,100111101011101111011100101000,1,1,0,0.4,0.5266666412353516,5,3
5,5,19,16,100111101011101111011100101000,1,1,0,0.54,0.6027397513389587,1,1
5,5,19,17,100111101011101111011100101000,1,1,0,0.28,0.20000000298023224,6,3
5,5,19,19,100111101011101111011100101000,1,1,0,0.85,0.2361111044883728,5,2
5,5,19,20,100111101011101111011100101000,1,1,0,0.89,0.3333333432674408,5,2
5,5,19,21,100111101011101111011100101000,1,1,0,0.89,0.2647058963775635,5,2
5,5,19,24,100111101011101111011100101000,1,1,0,0.31,0.4637681245803833,1,1
5,5,19,26,100111101011101111011100101000,1,1,0,0.69,0.2211538404226303,1,1
5,5,20,0,110011101001101010100100110110,1,1,0,0.2,0.03125,4,2
5,5,20,1,110011101001101010100100110110,1,1,0,0.7,0.36666667461395264,6,4
5,5,20,4,110011101001101010100100110110,1,1,0,0.57,0.46666666865348816,1,1
5,5,20,5,110011101001101010100100110110,1,1,0,0.7,0.43103447556495667,6,4
5,5,20,6,110011101001101010100100110110,1,1,0,0.64,0.22368420660495758,1,1
5,5,20,8,110011101001101010100100110110,1,1,0,0.7,0.9200000166893005,6,4
5,5,20,11,110011101001101010100100110110,1,1,0,0.75,0.5652173757553101,6,4
5,5,20,12,110011101001101010100100110110,1,1,0,0.85,0.5789473652839661,6,3
5,5,20,14,110011101001101010100100110110,1,1,0,0.58,0.8265306353569031,5,3
5,5,20,16,110011101001101010100100110110,1,1,0,0.54,0.6027397513389587,1,1
5,5,20,18,110011101001101010100100110110,1,1,0,0.77,0.2769230902194977,3,2
5,5,20,21,110011101001101010100100110110,1,1,0,0.89,0.2647058963775635,5,2
5,5,20,24,110011101001101010100100110110,1,1,0,0.31,0.4637681245803833,1,1
5,5,20,25,110011101001101010100100110110,1,1,0,0.35,0.1794871836900711,6,4
5,5,20,27,110011101001101010100100110110,1,1,0,0.84,0.44680851697921753,4,3
5,5,20,28,110011101001101010100100110110,1,1,0,0.3,0.43283581733703613,6,3
5,5,21,0,110001001000100101101011010000,1,1,0,0.2,0.03125,4,2
5,5,21,1,110001001000100101101011010000,1,1,0,0.7,0.36666667461395264,6,4
5,5,21,5,110001001000100101101011010000,1,1,0,0.7,0.43103447556495667,6,4
5,5,21,8,110001001000100101101011010000,1,1,0,0.7,0.9200000166893005,6,4
5,5,21,12,110001001000100101101011010000,1,1,0,0.85,0.5789473652839661,6,3
5,5,21,15,110001001000100101101011010000,1,1,0,0.4,0.5266666412353516,5,3
5,5,21,17,110001001000100101101011010000,1,1,0,0.28,0.20000000298023224,6,3
5,5,21,18,110001001000100101101011010000,1,1,0,0.77,0.2769230902194977,3,2
5,5,21,20,110001001000100101101011010000,1,1,0,0.89,0.3333333432674408,5,2
5,5,21,22,110001001000100101101011010000,1,1,0,0.19,0.6170212626457214,5,2
5,5,21,23,110001001000100101101011010000,1,1,0,0.59,0.6212121248245239,4,2
5,5,21,25,110001001000100101101011010000,1,1,0,0.35,0.1794871836900711,6,4
5,5,22,0,101100100001110001111000010100,1,1,0,0.2,0.03125,4,2
5,5,22,2,101100100001110001111000010100,1,1,0,0.61,0.5897436141967773,5,2
5,5,22,3,101100100001110001111000010100,1,1,0,0.78,0.78125,5,3
5,5,22,6,101100100001110001111000010100,1,1,0,0.64,0.22368420660495758,1,1
5,5,22,11,101100100001110001111000010100,1,1,0,0.75,0.5652173757553101,6,4
5,5,22,12,101100100001110001111000010100,1,1,0,0.85,0.5789473652839661,6,3
5,5,22,13,101100100001110001111000010100,1,1,0,0.67,0.38999998569488525,2,2
5,5,22,17,101100100001110001111000010100,1,1,0,0.28,0.20000000298023224,6,3
5,5,22,18,101100100001110001111000010100,1,1,0,0.77,0.2769230902194977,3,2
5,5,22,19,101100100001110001111000010100,1,1,0,0.85,0.2361111044883728,5,2
5,5,22,20,101100100001110001111000010100,1,1,0,0.89,0.3333333432674408,5,2
5,5,22,25,101100100001110001111000010100,1,1,0,0.35,0.1794871836900711,6,4
5,5,22,27,101100100001110001111000010100,1,1,0,0.84,0.44680851697921753,4,3
5,5,23,0,110001001000101101111011110100,1,1,0,0.2,0.03125,4,2
5,5,23,1,110001001000101101111011110100,1,1,0,0.7,0.36666667461395264,6,4
5,5,23,5,110001001000101101111011110100,1,1,0,0.7,0.43103447556495667,6,4
5,5,23,8,110001001000101101111011110100,1,1,0,0.7,0.9200000166893005,6,4
5,5,23,12,110001001000101101111011110100,1,1,0,0.85,0.5789473652839661,6,3
5,5,23,14,110001001000101101111011110100,1,1,0,0.58,0.8265306353569031,5,3
5,5,23,15,110001001000101101111011110100,1,1,0,0.4,0.5266666412353516,5,3
5,5,23,17,110001001000101101111011110100,1,1,0,0.28,0.20000000298023224,6,3
5,5,23,18,110001001000101101111011110100,1,1,0,0.77,0.2769230902194977,3,2
5,5,23,19,110001001000101101111011110100,1,1,0,0.85,0.2361111044883728,5,2
5,5,23,20,110001001000101101111011110100,1,1,0,0.89,0.3333333432674408,5,2
5,5,23,22,110001001000101101111011110100,1,1,0,0.19,0.6170212626457214,5,2
5,5,23,23,110001001000101101111011110100,1,1,0,0.59,0.6212121248245239,4,2
5,5,23,24,110001001000101101111011110100,1,1,0,0.31,0.4637681245803833,1,1
5,5,23,25,110001001000101101111011110100,1,1,0,0.35,0.1794871836900711,6,4
5,5,23,27,110001001000101101111011110100,1,1,0,0.84,0.44680851697921753,4,3
5,5,24,0,111000100100010100010101110100,1,1,0,0.2,0.03125,4,2
5,5,24,1,111000100100010100010101110100,1,1,0,0.7,0.36666667461395264,6,4
5,5,24,2,111000100100010100010101110100,1,1,0,0.61,0.5897436141967773,5,2
5,5,24,6,111000100100010100010101110100,1,1,0,0.64,0.22368420660495758,1,1
5,5,24,9,111000100100010100010101110100,1,1,0,0.34,0.4326923191547394,1,1
5,5,24,13,111000100100010100010101110100,1,1,0,0.67,0.38999998569488525,2,2
5,5,24,15,111000100100010100010101110100,1,1,0,0.4,0.5266666412353516,5,3
5,5,24,19,111000100100010100010101110100,1,1,0,0.85,0.2361111044883728,5,2
5,5,24,21,111000100100010100010101110100,1,1,0,0.89,0.2647058963775635,5,2
5,5,24,23,111000100100010100010101110100,1,1,0,0.59,0.6212121248245239,4,2
5,5,24,24,111000100100010100010101110100,1,1,0,0.31,0.4637681245803833,1,1
5,5,24,25,111000100100010100010101110100,1,1,0,0.35,0.1794871836900711,6,4
5,5,24,27,111000100100010100010101110100,1,1,0,0.84,0.44680851697921753,4,3
5,5,25,0,110001001000100001111011110100,1,1,0,0.2,0.03125,4,2
5,5,25,1,110001001000100001111011110100,1,1,0,0.7,0.36666667461395264,6,4
5,5,25,5,110001001000100001111011110100,1,1,0,0.7,0.43103447556495667,6,4
5,5,25,8,110001001000100001111011110100,1,1,0,0.7,0.9200000166893005,6,4
5,5,25,12,110001001000100001111011110100,1,1,0,0.85,0.5789473652839661,6,3
5,5,25,17,110001001000100001111011110100,1,1,0,0.28,0.20000000298023224,6,3
5,5,25,18,110001001000100001111011110100,1,1,0,0.77,0.2769230902194977,3,2
5,5,25,19,110001001000100001111011110100,1,1,0,0.85,0.2361111044883728,5,2
5,5,25,20,110001001000100001111011110100,1,1,0,0.89,0.3333333432674408,5,2
5,5,25,22,110001001000100001111011110100,1,1,0,0.19,0.6170212626457214,5,2
5,5,25,23,110001001000100001111011110100,1,1,0,0.59,0.6212121248245239,4,2
5,5,25,24,110001001000100001111011110100,1,1,0,0.31,0.4637681245803833,1,1
5,5,25,25,110001001000100001111011110100,1,1,0,0.35,0.1794871836900711,6,4
5,5,25,27,110001001000100001111011110100,1,1,0,0.84,0.44680851697921753,4,3
5,5,26,0,100101100011010101011000111111,1,1,0,0.2,0.03125,4,2
5,5,26,3,100101100011010101011000111111,1,1,0,0.78,0.78125,5,3
5,5,26,5,100101100011010101011000111111,1,1,0,0.7,0.43103447556495667,6,4
5,5,26,6,100101100011010101011000111111,1,1,0,0.64,0.22368420660495758,1,1
5,5,26,10,100101100011010101011000111111,1,1,0,0.42,0.5375000238418579,6,2
5,5,26,11,100101100011010101011000111111,1,1,0,0.75,0.5652173757553101,6,4
5,5,26,13,100101100011010101011000111111,1,1,0,0.67,0.38999998569488525,2,2
5,5,26,15,100101100011010101011000111111,1,1,0,0.4,0.5266666412353516,5,3
5,5,26,17,100101100011010101011000111111,1,1,0,0.28,0.20000000298023224,6,3
5,5,26,19,100101100011010101011000111111,1,1,0,0.85,0.2361111044883728,5,2
5,5,26,20,100101100011010101011000111111,1,1,0,0.89,0.3333333432674408,5,2
5,5,26,24,100101100011010101011000111111,1,1,0,0.31,0.4637681245803833,1,1
5,5,26,25,100101100011010101011000111111,1,1,0,0.35,0.1794871836900711,6,4
5,5,26,26,100101100011010101011000111111,1,1,0,0.69,0.2211538404226303,1,1
5,5,26,27,100101100011010101011000111111,1,1,0,0.84,0.44680851697921753,4,3
5,5,26,28,100101100011010101011000111111,1,1,0,0.3,0.43283581733703613,6,3
5,5,26,29,100101100011010101011000111111,1,1,0,0.37,0.3025210201740265,1,1
5,5,27,0,111000100000010111111001000111,1,1,0,0.2,0.03125,4,2
5,5,27,1,111000100000010111111001000111,1,1,0,0.7,0.36666667461395264,6,4
5,5,27,2,111000100000010111111001000111,1,1,0,0.61,0.5897436141967773,5,2
5,5,27,6,111000100000010111111001000111,1,1,0,0.64,0.22368420660495758,1,1
5,5,27,13,111000100000010111111001000111,1,1,0,0.67,0.38999998569488525,2,2
5,5,27,15,111000100000010111111001000111,1,1,0,0.4,0.5266666412353516,5,3
5,5,27,16,111000100000010111111001000111,1,1,0,0.54,0.6027397513389587,1,1
5,5,27,17,111000100000010111111001000111,1,1,0,0.28,0.20000000298023224,6,3
5,5,27,18,111000100000010111111001000111,1,1,0,0.77,0.2769230902194977,3,2
5,5,27,19,111000100000010111111001000111,1,1,0,0.85,0.2361111044883728,5,2
5,5,27,20,111000100000010111111001000111,1,1,0,0.89,0.3333333432674408,5,2
5,5,27,23,111000100000010111111001000111,1,1,0,0.59,0.6212121248245239,4,2
5,5,27,27,111000100000010111111001000111,1,1,0,0.84,0.44680851697921753,4,3
5,5,27,28,111000100000010111111001000111,1,1,0,0.3,0.43283581733703613,6,3
5,5,27,29,111000100000010111111001000111,1,1,0,0.37,0.3025210201740265,1,1
5,5,28,0,110001101000110101010101110100,1,1,0,0.2,0.03125,4,2
5,5,28,1,110001101000110101010101110100,1,1,0,0.7,0.36666667461395264,6,4
5,5,28,5,110001101000110101010101110100,1,1,0,0.7,0.43103447556495667,6,4
5,5,28,6,110001101000110101010101110100,1,1,0,0.64,0.22368420660495758,1,1
5,5,28,8,110001101000110101010101110100,1,1,0,0.7,0.9200000166893005,6,4
5,5,28,12,110001101000110101010101110100,1,1,0,0.85,0.5789473652839661,6,3
5,5,28,13,110001101000110101010101110100,1,1,0,0.67,0.38999998569488525,2,2
5,5,28,15,110001101000110101010101110100,1,1,0,0.4,0.5266666412353516,5,3
5,5,28,17,110001101000110101010101110100,1,1,0,0.28,0.20000000298023224,6,3
5,5,28,19,110001101000110101010101110100,1,1,0,0.85,0.2361111044883728,5,2
5,5,28,21,110001101000110101010101110100,1,1,0,0.89,0.2647058963775635,5,2
5,5,28,23,110001101000110101010101110100,1,1,0,0.59,0.6212121248245239,4,2
5,5,28,24,110001101000110101010101110100,1,1,0,0.31,0.4637681245803833,1,1
5,5,28,25,110001101000110101010101110100,1,1,0,0.35,0.1794871836900711,6,4
5,5,28,27,110001101000110101010101110100,1,1,0,0.84,0.44680851697921753,4,3
5,5,29,0,110001001000101100011001110100,1,1,0,0.2,0.03125,4,2
5,5,29,1,110001001000101100011001110100,1,1,0,0.7,0.36666667461395264,6,4
5,5,29,5,110001001000101100011001110100,1,1,0,0.7,0.43103447556495667,6,4
5,5,29,8,110001001000101100011001110100,1,1,0,0.7,0.9200000166893005,6,4
5,5,29,12,110001001000101100011001110100,1,1,0,0.85,0.5789473652839661,6,3
5,5,29,14,110001001000101100011001110100,1,1,0,0.58,0.8265306353569031,5,3
5,5,29,15,110001001000101100011001110100,1,1,0,0.4,0.5266666412353516,5,3
5,5,29,19,110001001000101100011001110100,1,1,0,0.85,0.2361111044883728,5,2
5,5,29,20,110001001000101100011001110100,1,1,0,0.89,0.3333333432674408,5,2
5,5,29,23,110001001000101100011001110100,1,1,0,0.59,0.6212121248245239,4,2
5,5,29,24,110001001000101100011001110100,1,1,0,0.31,0.4637681245803833,1,1
5,5,29,25,110001001000101100011001110100,1,1,0,0.35,0.1794871836900711,6,4
5,5,29,27,110001001000101100011001110100,1,1,0,0.84,0.44680851697921753,4,3
6,1,0,0,101111111010101010110010001110,1,1,0,0.1,0.046875,7,3
6,1,0,2,101111111010101010110010001110,1,1,0,0.51,0.8547008633613586,7,3
6,1,0,3,101111111010101010110010001110,1,1,0,0.68,0.734375,7,4
6,1,0,4,101111111010101010110010001110,1,1,0,0.62,0.4888888895511627,1,1
6,1,0,5,101111111010101010110010001110,1,1,0,0.75,0.4137931168079376,6,4
6,1,0,6,101111111010101010110010001110,1,1,0,0.54,0.5526315569877625,7,2
6,1,0,7,101111111010101010110010001110,1,1,0,0.31,0.6203703880310059,1,1
6,1,0,8,101111111010101010110010001110,1,1,0,0.75,0.6639999747276306,6,4
6,1,0,10,101111111010101010110010001110,1,1,0,0.47,0.38749998807907104,6,2
6,1,0,12,101111111010101010110010001110,1,1,0,0.75,0.6140350699424744,7,4
6,1,0,14,101111111010101010110010001110,1,1,0,0.63,0.7857142686843872,5,3
6,1,0,16,101111111010101010110010001110,1,1,0,0.59,0.5205479264259338,1,1
6,1,0,18,101111111010101010110010001110,1,1,0,0.67,0.6769230961799622,7,3
6,1,0,19,101111111010101010110010001110,1,1,0,0.75,0.2638888955116272,7,3
6,1,0,22,101111111010101010110010001110,1,1,0,0.24,0.6595744490623474,5,2
6,1,0,26,101111111010101010110010001110,1,1,0,0.74,0.24038460850715637,1,1
6,1,0,27,101111111010101010110010001110,1,1,0,0.74,0.8510638475418091,7,4
6,1,0,28,101111111010101010110010001110,1,1,0,0.35,0.447761207818985,6,3
6,1,1,0,110001001000101101111011110100,1,1,0,0.1,0.046875,7,3
6,1,1,1,110001001000101101111011110100,1,1,0,0.75,0.5166666507720947,6,4
6,1,1,5,110001001000101101111011110100,1,1,0,0.75,0.4137931168079376,6,4
6,1,1,8,110001001000101101111011110100,1,1,0,0.75,0.6639999747276306,6,4
6,1,1,12,110001001000101101111011110100,1,1,0,0.75,0.6140350699424744,7,4
6,1,1,14,110001001000101101111011110100,1,1,0,0.63,0.7857142686843872,5,3
6,1,1,15,110001001000101101111011110100,1,1,0,0.45,0.6000000238418579,5,3
6,1,1,17,110001001000101101111011110100,1,1,0,0.18,0.10000000149011612,7,4
6,1,1,18,110001001000101101111011110100,1,1,0,0.67,0.6769230961799622,7,3
6,1,1,19,110001001000101101111011110100,1,1,0,0.75,0.2638888955116272,7,3
6,1,1,20,110001001000101101111011110100,1,1,0,0.79,0.6060606241226196,7,3
6,1,1,22,110001001000101101111011110100,1,1,0,0.24,0.6595744490623474,5,2
6,1,1,23,110001001000101101111011110100,1,1,0,0.64,0.6969696879386902,4,2
6,1,1,24,110001001000101101111011110100,1,1,0,0.36,0.5362318754196167,1,1
6,1,1,25,110001001000101101111011110100,1,1,0,0.25,0.41025641560554504,7,5
6,1,1,27,110001001000101101111011110100,1,1,0,0.74,0.8510638475418091,7,4
6,1,2,0,110110000001101101000001101000,1,1,0,0.1,0.046875,7,3
6,1,2,1,110110000001101101000001101000,1,1,0,0.75,0.5166666507720947,6,4
6,1,2,3,110110000001101101000001101000,1,1,0,0.68,0.734375,7,4
6,1,2,4,110110000001101101000001101000,1,1,0,0.62,0.4888888895511627,1,1
6,1,2,11,110110000001101101000001101000,1,1,0,0.65,0.21739129722118378,7,5
6,1,2,12,110110000001101101000001101000,1,1,0,0.75,0.6140350699424744,7,4
6,1,2,14,110110000001101101000001101000,1,1,0,0.63,0.7857142686843872,5,3
6,1,2,15,110110000001101101000001101000,1,1,0,0.45,0.6000000238418579,5,3
6,1,2,17,110110000001101101000001101000,1,1,0,0.18,0.10000000149011612,7,4
6,1,2,23,110110000001101101000001101000,1,1,0,0.64,0.6969696879386902,4,2
6,1,2,24,110110000001101101000001101000,1,1,0,0.36,0.5362318754196167,1,1
6,1,2,26,110110000001101101000001101000,1,1,0,0.74,0.24038460850715637,1,1
6,1,3,1,010110100011000011000000110000,1,1,0,0.75,0.5166666507720947,6,4
6,1,3,3,010110100011000011000000110000,1,1,0,0.68,0.734375,7,4
6,1,3,4,010110100011000011000000110000,1,1,0,0.62,0.4888888895511627,1,1
6,1,3,6,010110100011000011000000110000,1,1,0,0.54,0.5526315569877625,7,2
6,1,3,10,010110100011000011000000110000,1,1,0,0.47,0.38749998807907104,6,2
6,1,3,11,010110100011000011000000110000,1,1,0,0.65,0.21739129722118378,7,5
6,1,3,16,010110100011000011000000110000,1,1,0,0.59,0.5205479264259338,1,1
6,1,3,17,010110100011000011000000110000,1,1,0,0.18,0.10000000149011612,7,4
6,1,3,24,010110100011000011000000110000,1,1,0,0.36,0.5362318754196167,1,1
6,1,3,25,010110100011000011000000110000,1,1,0,0.25,0.41025641560554504,7,5
6,1,4,0,110000000111101100011001110110,1,1,0,0.1,0.046875,7,3
6,1,4,1,110000000111101100011001110110,1,1,0,0.75,0.5166666507720947,6,4
6,1,4,9,110000000111101100011001110110,1,1,0,0.39,0.5769230723381042,1,1
6,1,4,10,110000000111101100011001110110,1,1,0,0.47,0.38749998807907104,6,2
6,1,4,11,110000000111101100011001110110,1,1,0,0.65,0.21739129722118378,7,5
6,1,4,12,110000000111101100011001110110,1,1,0,0.75,0.6140350699424744,7,4
6,1,4,14,110000000111101100011001110110,1,1,0,0.63,0.7857142686843872,5,3
6,1,4,15,110000000111101100011001110110,1,1,0,0.45,0.6000000238418579,5,3
6,1,4,19,110000000111101100011001110110,1,1,0,0.75,0.2638888955116272,7,3
6,1,4,20,110000000111101100011001110110,1,1,0,0.79,0.6060606241226196,7,3
6,1,4,23,110000000111101100011001110110,1,1,0,0.64,0.6969696879386902,4,2
6,1,4,24,110000000111101100011001110110,1,1,0,0.36,0.5362318754196167,1,1
6,1,4,25,110000000111101100011001110110,1,1,0,0.25,0.41025641560554504,7,5
6,1,4,27,110000000111101100011001110110,1,1,0,0.74,0.8510638475418091,7,4
6,1,4,28,110000000111101100011001110110,1,1,0,0.35,0.447761207818985,6,3
6,1,5,0,111111101011110101010101000011,1,1,0,0.1,0.046875,7,3
6,1,5,1,111111101011110101010101000011,1,1,0,0.75,0.5166666507720947,6,4
6,1,5,2,111111101011110101010101000011,1,1,0,0.51,0.8547008633613586,7,3
6,1,5,3,111111101011110101010101000011,1,1,0,0.68,0.734375,7,4
6,1,5,4,111111101011110101010101000011,1,1,0,0.62,0.4888888895511627,1,1
6,1,5,5,111111101011110101010101000011,1,1,0,0.75,0.4137931168079376,6,4
6,1,5,6,111111101011110101010101000011,1,1,0,0.54,0.5526315569877625,7,2
6,1,5,8,111111101011110101010101000011,1,1,0,0.75,0.6639999747276306,6,4
6,1,5,10,111111101011110101010101000011,1,1,0,0.47,0.38749998807907104,6,2
6,1,5,11,111111101011110101010101000011,1,1,0,0.65,0.21739129722118378,7,5
6,1,5,12,111111101011110101010101000011,1,1,0,0.75,0.6140350699424744,7,4
6,1,5,13,111111101011110101010101000011,1,1,0,0.57,0.47999998927116394,7,3
6,1,5,15,111111101011110101010101000011,1,1,0,0.45,0.6000000238418579,5,3
6,1,5,17,111111101011110101010101000011,1,1,0,0.18,0.10000000149011612,7,4
6,1,5,19,111111101011110101010101000011,1,1,0,0.75,0.2638888955116272,7,3
6,1,5,21,111111101011110101010101000011,1,1,0,0.94,0.47058823704719543,5,2
6,1,5,23,111111101011110101010101000011,1,1,0,0.64,0.6969696879386902,4,2
6,1,5,28,111111101011110101010101000011,1,1,0,0.35,0.447761207818985,6,3
6,1,5,29,111111101011110101010101000011,1,1,0,0.42,0.3025210201740265,1,1
6,1,6,0,100001010001010000010110100110,1,1,0,0.1,0.046875,7,3
6,1,6,5,100001010001010000010110100110,1,1,0,0.75,0.4137931168079376,6,4
6,1,6,7,100001010001010000010110100110,1,1,0,0.31,0.6203703880310059,1,1
6,1,6,11,100001010001010000010110100110,1,1,0,0.65,0.21739129722118378,7,5
6,1,6,13,100001010001010000010110100110,1,1,0,0.57,0.47999998927116394,7,3
6,1,6,19,100001010001010000010110100110,1,1,0,0.75,0.2638888955116272,7,3
6,1,6,21,100001010001010000010110100110,1,1,0,0.94,0.47058823704719543,5,2
6,1,6,22,100001010001010000010110100110,1,1,0,0.24,0.6595744490623474,5,2
6,1,6,24,100001010001010000010110100110,1,1,0,0.36,0.5362318754196167,1,1
6,1,6,27,100001010001010000010110100110,1,1,0,0.74,0.8510638475418091,7,4
6,1,6,28,100001010001010000010110100110,1,1,0,0.35,0.447761207818985,6,3
6,1,7,0,110010101010111100000001011111,1,1,0,0.1,0.046875,7,3
6,1,7,1,110010101010111100000001011111,1,1,0,0.75,0.5166666507720947,6,4
6,1,7,4,110010101010111100000001011111,1,1,0,0.62,0.4888888895511627,1,1
6,1,7,6,110010101010111100000001011111,1,1,0,0.54,0.5526315569877625,7,2
6,1,7,8,110010101010111100000001011111,1,1,0,0.75,0.6639999747276306,6,4
6,1,7,10,110010101010111100000001011111,1,1,0,0.47,0.38749998807907104,6,2
6,1,7,12,110010101010111100000001011111,1,1,0,0.75,0.6140350699424744,7,4
6,1,7,13,110010101010111100000001011111,1,1,0,0.57,0.47999998927116394,7,3
6,1,7,14,110010101010111100000001011111,1,1,0,0.63,0.7857142686843872,5,3
6,1,7,15,110010101010111100000001011111,1,1,0,0.45,0.6000000238418579,5,3
6,1,7,23,110010101010111100000001011111,1,1,0,0.64,0.6969696879386902,4,2
6,1,7,25,110010101010111100000001011111,1,1,0,0.25,0.41025641560554504,7,5
6,1,7,26,110010101010111100000001011111,1,1,0,0.74,0.24038460850715637,1,1
6,1,7,27,110010101010111100000001011111,1,1,0,0.74,0.8510638475418091,7,4
6,1,7,28,110010101010111100000001011111,1,1,0,0.35,0.447761207818985,6,3
6,1,7,29,110010101010111100000001011111,1,1,0,0.42,0.3025210201740265,1,1
6,1,8,0,101001001011101010100100101001,1,1,0,0.1,0.046875,7,3
6,1,8,2,101001001011101010100100101001,1,1,0,0.51,0.8547008633613586,7,3
6,1,8,5,101001001011101010100100101001,1,1,0,0.75,0.4137931168079376,6,4
6,1,8,8,101001001011101010100100101001,1,1,0,0.75,0.6639999747276306,6,4
6,1,8,10,101001001011101010100100101001,1,1,0,0.47,0.38749998807907104,6,2
6,1,8,11,101001001011101010100100101001,1,1,0,0.65,0.21739129722118378,7,5
6,1,8,12,101001001011101010100100101001,1,1,0,0.75,0.6140350699424744,7,4
6,1,8,14,101001001011101010100100101001,1,1,0,0.63,0.7857142686843872,5,3
6,1,8,16,101001001011101010100100101001,1,1,0,0.59,0.5205479264259338,1,1
6,1,8,18,101001001011101010100100101001,1,1,0,0.67,0.6769230961799622,7,3
6,1,8,21,101001001011101010100100101001,1,1,0,0.94,0.47058823704719543,5,2
6,1,8,24,101001001011101010100100101001,1,1,0,0.36,0.5362318754196167,1,1
6,1,8,26,101001001011101010100100101001,1,1,0,0.74,0.24038460850715637,1,1
6,1,8,29,101001001011101010100100101001,1,1,0,0.42,0.3025210201740265,1,1
6,2,0,0,101111111010101010110010001110,1,1,0,0.1,0.046875,7,3
6,2,0,2,101111111010101010110010001110,1,1,0,0.51,0.8547008633613586,7,3
6,2,0,3,101111111010101010110010001110,1,1,0,0.68,0.734375,7,4
6,2,0,4,101111111010101010110010001110,1,1,0,0.62,0.4888888895511627,1,1
6,2,0,5,101111111010101010110010001110,1,1,0,0.75,0.4137931168079376,6,4
6,2,0,6,101111111010101010110010001110,1,1,0,0.54,0.5526315569877625,7,2
6,2,0,7,101111111010101010110010001110,1,1,0,0.31,0.6203703880310059,1,1
6,2,0,8,101111111010101010110010001110,1,1,0,0.75,0.6639999747276306,6,4
6,2,0,10,101111111010101010110010001110,1,1,0,0.47,0.38749998807907104,6,2
6,2,0,12,101111111010101010110010001110,1,1,0,0.75,0.6140350699424744,7,4
6,2,0,14,101111111010101010110010001110,1,1,0,0.63,0.7857142686843872,5,3
6,2,0,16,101111111010101010110010001110,1,1,0,0.59,0.5205479264259338,1,1
6,2,0,18,101111111010101010110010001110,1,1,0,0.67,0.6769230961799622,7,3
6,2,0,19,101111111010101010110010001110,1,1,0,0.75,0.2638888955116272,7,3
6,2,0,22,101111111010101010110010001110,1,1,0,0.24,0.6595744490623474,5,2
6,2,0,26,101111111010101010110010001110,1,1,0,0.74,0.24038460850715637,1,1
6,2,0,27,101111111010101010110010001110,1,1,0,0.74,0.8510638475418091,7,4
6,2,0,28,101111111010101010110010001110,1,1,0,0.35,0.447761207818985,6,3
6,2,1,0,110001001000101101111011110100,1,1,0,0.1,0.046875,7,3
6,2,1,1,110001001000101101111011110100,1,1,0,0.75,0.5166666507720947,6,4
6,2,1,5,110001001000101101111011110100,1,1,0,0.75,0.4137931168079376,6,4
6,2,1,8,110001001000101101111011110100,1,1,0,0.75,0.6639999747276306,6,4
6,2,1,12,110001001000101101111011110100,1,1,0,0.75,0.6140350699424744,7,4
6,2,1,14,110001001000101101111011110100,1,1,0,0.63,0.7857142686843872,5,3
6,2,1,15,110001001000101101111011110100,1,1,0,0.45,0.6000000238418579,5,3
6,2,1,17,110001001000101101111011110100,1,1,0,0.18,0.10000000149011612,7,4
6,2,1,18,110001001000101101111011110100,1,1,0,0.67,0.6769230961799622,7,3
6,2,1,19,110001001000101101111011110100,1,1,0,0.75,0.2638888955116272,7,3
6,2,1,20,110001001000101101111011110100,1,1,0,0.79,0.6060606241226196,7,3
6,2,1,22,110001001000101101111011110100,1,1,0,0.24,0.6595744490623474,5,2
6,2,1,23,110001001000101101111011110100,1,1,0,0.64,0.6969696879386902,4,2
6,2,1,24,110001001000101101111011110100,1,1,0,0.36,0.5362318754196167,1,1
6,2,1,25,110001001000101101111011110100,1,1,0,0.25,0.41025641560554504,7,5
6,2,1,27,110001001000101101111011110100,1,1,0,0.74,0.8510638475418091,7,4
6,2,2,1,010110100011000011000000110000,1,1,0,0.75,0.5166666507720947,6,4
6,2,2,3,010110100011000011000000110000,1,1,0,0.68,0.734375,7,4
6,2,2,4,010110100011000011000000110000,1,1,0,0.62,0.4888888895511627,1,1
6,2,2,6,010110100011000011000000110000,1,1,0,0.54,0.5526315569877625,7,2
6,2,2,10,010110100011000011000000110000,1,1,0,0.47,0.38749998807907104,6,2
6,2,2,11,010110100011000011000000110000,1,1,0,0.65,0.21739129722118378,7,5
6,2,2,16,010110100011000011000000110000,1,1,0,0.59,0.5205479264259338,1,1
6,2,2,17,010110100011000011000000110000,1,1,0,0.18,0.10000000149011612,7,4
6,2,2,24,010110100011000011000000110000,1,1,0,0.36,0.5362318754196167,1,1
6,2,2,25,010110100011000011000000110000,1,1,0,0.25,0.41025641560554504,7,5
6,2,3,0,110000000111101100011001110110,1,1,0,0.1,0.046875,7,3
6,2,3,1,110000000111101100011001110110,1,1,0,0.75,0.5166666507720947,6,4
6,2,3,9,110000000111101100011001110110,1,1,0,0.39,0.5769230723381042,1,1
6,2,3,10,110000000111101100011001110110,1,1,0,0.47,0.38749998807907104,6,2
6,2,3,11,110000000111101100011001110110,1,1,0,0.65,0.21739129722118378,7,5
6,2,3,12,110000000111101100011001110110,1,1,0,0.75,0.6140350699424744,7,4
6,2,3,14,110000000111101100011001110110,1,1,0,0.63,0.7857142686843872,5,3
6,2,3,15,110000000111101100011001110110,1,1,0,0.45,0.6000000238418579,5,3
6,2,3,19,110000000111101100011001110110,1,1,0,0.75,0.2638888955116272,7,3
6,2,3,20,110000000111101100011001110110,1,1,0,0.79,0.6060606241226196,7,3
6,2,3,23,110000000111101100011001110110,1,1,0,0.64,0.6969696879386902,4,2
6,2,3,24,110000000111101100011001110110,1,1,0,0.36,0.5362318754196167,1,1
6,2,3,25,110000000111101100011001110110,1,1,0,0.25,0.41025641560554504,7,5
6,2,3,27,110000000111101100011001110110,1,1,0,0.74,0.8510638475418091,7,4
6,2,3,28,110000000111101100011001110110,1,1,0,0.35,0.447761207818985,6,3
6,2,4,0,111111101011110101010101000011,1,1,0,0.1,0.046875,7,3
6,2,4,1,111111101011110101010101000011,1,1,0,0.75,0.5166666507720947,6,4
6,2,4,2,111111101011110101010101000011,1,1,0,0.51,0.8547008633613586,7,3
6,2,4,3,111111101011110101010101000011,1,1,0,0.68,0.734375,7,4
6,2,4,4,111111101011110101010101000011,1,1,0,0.62,0.4888888895511627,1,1
6,2,4,5,111111101011110101010101000011,1,1,0,0.75,0.4137931168079376,6,4
6,2,4,6,111111101011110101010101000011,1,1,0,0.54,0.5526315569877625,7,2
6,2,4,8,111111101011110101010101000011,1,1,0,0.75,0.6639999747276306,6,4
6,2,4,10,111111101011110101010101000011,1,1,0,0.47,0.38749998807907104,6,2
6,2,4,11,111111101011110101010101000011,1,1,0,0.65,0.21739129722118378,7,5
6,2,4,12,111111101011110101010101000011,1,1,0,0.75,0.6140350699424744,7,4
6,2,4,13,111111101011110101010101000011,1,1,0,0.57,0.47999998927116394,7,3
6,2,4,15,111111101011110101010101000011,1,1,0,0.45,0.6000000238418579,5,3
6,2,4,17,111111101011110101010101000011,1,1,0,0.18,0.10000000149011612,7,4
6,2,4,19,111111101011110101010101000011,1,1,0,0.75,0.2638888955116272,7,3
6,2,4,21,111111101011110101010101000011,1,1,0,0.94,0.47058823704719543,5,2
6,2,4,23,111111101011110101010101000011,1,1,0,0.64,0.6969696879386902,4,2
6,2,4,28,111111101011110101010101000011,1,1,0,0.35,0.447761207818985,6,3
6,2,4,29,111111101011110101010101000011,1,1,0,0.42,0.3025210201740265,1,1
6,2,5,0,100001010001010000010110100110,1,1,0,0.1,0.046875,7,3
6,2,5,5,100001010001010000010110100110,1,1,0,0.75,0.4137931168079376,6,4
6,2,5,7,100001010001010000010110100110,1,1,0,0.31,0.6203703880310059,1,1
6,2,5,11,100001010001010000010110100110,1,1,0,0.65,0.21739129722118378,7,5
6,2,5,13,100001010001010000010110100110,1,1,0,0.57,0.47999998927116394,7,3
6,2,5,19,100001010001010000010110100110,1,1,0,0.75,0.2638888955116272,7,3
6,2,5,21,100001010001010000010110100110,1,1,0,0.94,0.47058823704719543,5,2
6,2,5,22,100001010001010000010110100110,1,1,0,0.24,0.6595744490623474,5,2
6,2,5,24,100001010001010000010110100110,1,1,0,0.36,0.5362318754196167,1,1
6,2,5,27,100001010001010000010110100110,1,1,0,0.74,0.8510638475418091,7,4
6,2,5,28,100001010001010000010110100110,1,1,0,0.35,0.447761207818985,6,3
6,2,6,0,110010101010111100000001011111,1,1,0,0.1,0.046875,7,3
6,2,6,1,110010101010111100000001011111,1,1,0,0.75,0.5166666507720947,6,4
6,2,6,4,110010101010111100000001011111,1,1,0,0.62,0.4888888895511627,1,1
6,2,6,6,110010101010111100000001011111,1,1,0,0.54,0.5526315569877625,7,2
6,2,6,8,110010101010111100000001011111,1,1,0,0.75,0.6639999747276306,6,4
6,2,6,10,110010101010111100000001011111,1,1,0,0.47,0.38749998807907104,6,2
6,2,6,12,110010101010111100000001011111,1,1,0,0.75,0.6140350699424744,7,4
6,2,6,13,110010101010111100000001011111,1,1,0,0.57,0.47999998927116394,7,3
6,2,6,14,110010101010111100000001011111,1,1,0,0.63,0.7857142686843872,5,3
6,2,6,15,110010101010111100000001011111,1,1,0,0.45,0.6000000238418579,5,3
6,2,6,23,110010101010111100000001011111,1,1,0,0.64,0.6969696879386902,4,2
6,2,6,25,110010101010111100000001011111,1,1,0,0.25,0.41025641560554504,7,5
6,2,6,26,110010101010111100000001011111,1,1,0,0.74,0.24038460850715637,1,1
6,2,6,27,110010101010111100000001011111,1,1,0,0.74,0.8510638475418091,7,4
6,2,6,28,110010101010111100000001011111,1,1,0,0.35,0.447761207818985,6,3
6,2,6,29,110010101010111100000001011111,1,1,0,0.42,0.3025210201740265,1,1
6,2,7,0,101001001011101010100100101001,1,1,0,0.1,0.046875,7,3
6,2,7,2,101001001011101010100100101001,1,1,0,0.51,0.8547008633613586,7,3
6,2,7,5,101001001011101010100100101001,1,1,0,0.75,0.4137931168079376,6,4
6,2,7,8,101001001011101010100100101001,1,1,0,0.75,0.6639999747276306,6,4
6,2,7,10,101001001011101010100100101001,1,1,0,0.47,0.38749998807907104,6,2
6,2,7,11,101001001011101010100100101001,1,1,0,0.65,0.21739129722118378,7,5
6,2,7,12,101001001011101010100100101001,1,1,0,0.75,0.6140350699424744,7,4
6,2,7,14,101001001011101010100100101001,1,1,0,0.63,0.7857142686843872,5,3
6,2,7,16,101001001011101010100100101001,1,1,0,0.59,0.5205479264259338,1,1
6,2,7,18,101001001011101010100100101001,1,1,0,0.67,0.6769230961799622,7,3
6,2,7,21,101001001011101010100100101001,1,1,0,0.94,0.47058823704719543,5,2
6,2,7,24,101001001011101010100100101001,1,1,0,0.36,0.5362318754196167,1,1
6,2,7,26,101001001011101010100100101001,1,1,0,0.74,0.24038460850715637,1,1
6,2,7,29,101001001011101010100100101001,1,1,0,0.42,0.3025210201740265,1,1
6,2,8,0,101001001001101111100100101001,1,1,0,0.1,0.046875,7,3
6,2,8,2,101001001001101111100100101001,1,1,0,0.51,0.8547008633613586,7,3
6,2,8,5,101001001001101111100100101001,1,1,0,0.75,0.4137931168079376,6,4
6,2,8,8,101001001001101111100100101001,1,1,0,0.75,0.6639999747276306,6,4
6,2,8,11,101001001001101111100100101001,1,1,0,0.65,0.21739129722118378,7,5
6,2,8,12,101001001001101111100100101001,1,1,0,0.75,0.6140350699424744,7,4
6,2,8,14,101001001001101111100100101001,1,1,0,0.63,0.7857142686843872,5,3
6,2,8,15,101001001001101111100100101001,1,1,0,0.45,0.6000000238418579,5,3
6,2,8,16,101001001001101111100100101001,1,1,0,0.59,0.5205479264259338,1,1
6,2,8,17,101001001001101111100100101001,1,1,0,0.18,0.10000000149011612,7,4
6,2,8,18,101001001001101111100100101001,1,1,0,0.67,0.6769230961799622,7,3
6,2,8,21,101001001001101111100100101001,1,1,0,0.94,0.47058823704719543,5,2
6,2,8,24,101001001001101111100100101001,1,1,0,0.36,0.5362318754196167,1,1
6,2,8,26,101001001001101111100100101001,1,1,0,0.74,0.24038460850715637,1,1
6,2,8,29,101001001001101111100100101001,1,1,0,0.42,0.3025210201740265,1,1
6,2,9,0,110100110000101011111000011111,1,1,0,0.1,0.046875,7,3
6,2,9,1,110100110000101011111000011111,1,1,0,0.75,0.5166666507720947,6,4
6,2,9,3,110100110000101011111000011111,1,1,0,0.68,0.734375,7,4
6,2,9,6,110100110000101011111000011111,1,1,0,0.54,0.5526315569877625,7,2
6,2,9,7,110100110000101011111000011111,1,1,0,0.31,0.6203703880310059,1,1
6,2,9,12,110100110000101011111000011111,1,1,0,0.75,0.6140350699424744,7,4
6,2,9,14,110100110000101011111000011111,1,1,0,0.63,0.7857142686843872,5,3
6,2,9,16,110100110000101011111000011111,1,1,0,0.59,0.5205479264259338,1,1
6,2,9,17,110100110000101011111000011111,1,1,0,0.18,0.10000000149011612,7,4
6,2,9,18,110100110000101011111000011111,1,1,0,0.67,0.6769230961799622,7,3
6,2,9,19,110100110000101011111000011111,1,1,0,0.75,0.2638888955116272,7,3
6,2,9,20,110100110000101011111000011111,1,1,0,0.79,0.6060606241226196,7,3
6,2,9,25,110100110000101011111000011111,1,1,0,0.25,0.41025641560554504,7,5
6,2,9,26,110100110000101011111000011111,1,1,0,0.74,0.24038460850715637,1,1
6,2,9,27,110100110000101011111000011111,1,1,0,0.74,0.8510638475418091,7,4
6,2,9,28,110100110000101011111000011111,1,1,0,0.35,0.447761207818985,6,3
6,2,9,29,110100110000101011111000011111,1,1,0,0.42,0.3025210201740265,1,1
6,2,10,0,100001010001010000010110101010,1,1,0,0.1,0.046875,7,3
6,2,10,5,100001010001010000010110101010,1,1,0,0.75,0.4137931168079376,6,4
6,2,10,7,100001010001010000010110101010,1,1,0,0.31,0.6203703880310059,1,1
6,2,10,11,100001010001010000010110101010,1,1,0,0.65,0.21739129722118378,7,5
6,2,10,13,100001010001010000010110101010,1,1,0,0.57,0.47999998927116394,7,3
6,2,10,19,100001010001010000010110101010,1,1,0,0.75,0.2638888955116272,7,3
6,2,10,21,100001010001010000010110101010,1,1,0,0.94,0.47058823704719543,5,2
6,2,10,22,100001010001010000010110101010,1,1,0,0.24,0.6595744490623474,5,2
6,2,10,24,100001010001010000010110101010,1,1,0,0.36,0.5362318754196167,1,1
6,2,10,26,100001010001010000010110101010,1,1,0,0.74,0.24038460850715637,1,1
6,2,10,28,100001010001010000010110101010,1,1,0,0.35,0.447761207818985,6,3
6,2,11,4,000010110100111000010100100100,1,1,0,0.62,0.4888888895511627,1,1
6,2,11,6,000010110100111000010100100100,1,1,0,0.54,0.5526315569877625,7,2
6,2,11,7,000010110100111000010100100100,1,1,0,0.31,0.6203703880310059,1,1
6,2,11,9,000010110100111000010100100100,1,1,0,0.39,0.5769230723381042,1,1
6,2,11,12,000010110100111000010100100100,1,1,0,0.75,0.6140350699424744,7,4
6,2,11,13,000010110100111000010100100100,1,1,0,0.57,0.47999998927116394,7,3
6,2,11,14,000010110100111000010100100100,1,1,0,0.63,0.7857142686843872,5,3
6,2,11,19,000010110100111000010100100100,1,1,0,0.75,0.2638888955116272,7,3
6,2,11,21,000010110100111000010100100100,1,1,0,0.94,0.47058823704719543,5,2
6,2,11,24,000010110100111000010100100100,1,1,0,0.36,0.5362318754196167,1,1
6,2,11,27,000010110100111000010100100100,1,1,0,0.74,0.8510638475418091,7,4
6,2,12,0,100001010001011011111010100110,1,1,0,0.1,0.046875,7,3
6,2,12,5,100001010001011011111010100110,1,1,0,0.75,0.4137931168079376,6,4
6,2,12,7,100001010001011011111010100110,1,1,0,0.31,0.6203703880310059,1,1
6,2,12,11,100001010001011011111010100110,1,1,0,0.65,0.21739129722118378,7,5
6,2,12,13,100001010001011011111010100110,1,1,0,0.57,0.47999998927116394,7,3
6,2,12,14,100001010001011011111010100110,1,1,0,0.63,0.7857142686843872,5,3
6,2,12,16,100001010001011011111010100110,1,1,0,0.59,0.5205479264259338,1,1
6,2,12,17,100001010001011011111010100110,1,1,0,0.18,0.10000000149011612,7,4
6,2,12,18,100001010001011011111010100110,1,1,0,0.67,0.6769230961799622,7,3
6,2,12,19,100001010001011011111010100110,1,1,0,0.75,0.2638888955116272,7,3
6,2,12,20,100001010001011011111010100110,1,1,0,0.79,0.6060606241226196,7,3
6,2,12,22,100001010001011011111010100110,1,1,0,0.24,0.6595744490623474,5,2
6,2,12,24,100001010001011011111010100110,1,1,0,0.36,0.5362318754196167,1,1
6,2,12,27,100001010001011011111010100110,1,1,0,0.74,0.8510638475418091,7,4
6,2,12,28,100001010001011011111010100110,1,1,0,0.35,0.447761207818985,6,3
6,2,13,0,110000100101001100011101110110,1,1,0,0.1,0.046875,7,3
6,2,13,1,110000100101001100011101110110,1,1,0,0.75,0.5166666507720947,6,4
6,2,13,6,110000100101001100011101110110,1,1,0,0.54,0.5526315569877625,7,2
6,2,13,9,110000100101001100011101110110,1,1,0,0.39,0.5769230723381042,1,1
6,2,13,11,110000100101001100011101110110,1,1,0,0.65,0.21739129722118378,7,5
6,2,13,14,110000100101001100011101110110,1,1,0,0.63,0.7857142686843872,5,3
6,2,13,15,110000100101001100011101110110,1,1,0,0.45,0.6000000238418579,5,3
6,2,13,19,110000100101001100011101110110,1,1,0,0.75,0.2638888955116272,7,3
6,2,13,20,110000100101001100011101110110,1,1,0,0.79,0.6060606241226196,7,3
6,2,13,21,110000100101001100011101110110,1,1,0,0.94,0.47058823704719543,5,2
6,2,13,23,110000100101001100011101110110,1,1,0,0.64,0.6969696879386902,4,2
6,2,13,24,110000100101001100011101110110,1,1,0,0.36,0.5362318754196167,1,1
6,2,13,25,110000100101001100011101110110,1,1,0,0.25,0.41025641560554504,7,5
6,2,13,27,110000100101001100011101110110,1,1,0,0.74,0.8510638475418091,7,4
6,2,13,28,110000100101001100011101110110,1,1,0,0.35,0.447761207818985,6,3
6,2,14,0,101011001010010010001100010101,1,1,0,0.1,0.046875,7,3
6,2,14,2,101011001010010010001100010101,1,1,0,0.51,0.8547008633613586,7,3
6,2,14,4,101011001010010010001100010101,1,1,0,0.62,0.4888888895511627,1,1
6,2,14,5,101011001010010010001100010101,1,1,0,0.75,0.4137931168079376,6,4
6,2,14,8,101011001010010010001100010101,1,1,0,0.75,0.6639999747276306,6,4
6,2,14,10,101011001010010010001100010101,1,1,0,0.47,0.38749998807907104,6,2
6,2,14,13,101011001010010010001100010101,1,1,0,0.57,0.47999998927116394,7,3
6,2,14,16,101011001010010010001100010101,1,1,0,0.59,0.5205479264259338,1,1
6,2,14,20,101011001010010010001100010101,1,1,0,0.79,0.6060606241226196,7,3
6,2,14,21,101011001010010010001100010101,1,1,0,0.94,0.47058823704719543,5,2
6,2,14,25,101011001010010010001100010101,1,1,0,0.25,0.41025641560554504,7,5
6,2,14,27,101011001010010010001100010101,1,1,0,0.74,0.8510638475418091,7,4
6,2,14,29,101011001010010010001100010101,1,1,0,0.42,0.3025210201740265,1,1
6,2,15,0,101011001010010000010110000001,1,1,0,0.1,0.046875,7,3
6,2,15,2,101011001010010000010110000001,1,1,0,0.51,0.8547008633613586,7,3
6,2,15,4,101011001010010000010110000001,1,1,0,0.62,0.4888888895511627,1,1
6,2,15,5,101011001010010000010110000001,1,1,0,0.75,0.4137931168079376,6,4
6,2,15,8,101011001010010000010110000001,1,1,0,0.75,0.6639999747276306,6,4
6,2,15,10,101011001010010000010110000001,1,1,0,0.47,0.38749998807907104,6,2
6,2,15,13,101011001010010000010110000001,1,1,0,0.57,0.47999998927116394,7,3
6,2,15,19,101011001010010000010110000001,1,1,0,0.75,0.2638888955116272,7,3
6,2,15,21,101011001010010000010110000001,1,1,0,0.94,0.47058823704719543,5,2
6,2,15,22,101011001010010000010110000001,1,1,0,0.24,0.6595744490623474,5,2
6,2,15,29,101011001010010000010110000001,1,1,0,0.42,0.3025210201740265,1,1
6,3,0,0,110001001000101101111011110100,1,1,0,0.1,0.046875,7,3
6,3,0,1,110001001000101101111011110100,1,1,0,0.75,0.5166666507720947,6,4
6,3,0,5,110001001000101101111011110100,1,1,0,0.75,0.4137931168079376,6,4
6,3,0,8,110001001000101101111011110100,1,1,0,0.75,0.6639999747276306,6,4
6,3,0,12,110001001000101101111011110100,1,1,0,0.75,0.6140350699424744,7,4
6,3,0,14,110001001000101101111011110100,1,1,0,0.63,0.7857142686843872,5,3
6,3,0,15,110001001000101101111011110100,1,1,0,0.45,0.6000000238418579,5,3
6,3,0,17,110001001000101101111011110100,1,1,0,0.18,0.10000000149011612,7,4
6,3,0,18,110001001000101101111011110100,1,1,0,0.67,0.6769230961799622,7,3
6,3,0,19,110001001000101101111011110100,1,1,0,0.75,0.2638888955116272,7,3
6,3,0,20,110001001000101101111011110100,1,1,0,0.79,0.6060606241226196,7,3
6,3,0,22,110001001000101101111011110100,1,1,0,0.24,0.6595744490623474,5,2
6,3,0,23,110001001000101101111011110100,1,1,0,0.64,0.6969696879386902,4,2
6,3,0,24,110001001000101101111011110100,1,1,0,0.36,0.5362318754196167,1,1
6,3,0,25,110001001000101101111011110100,1,1,0,0.25,0.41025641560554504,7,5
6,3,0,27,110001001000101101111011110100,1,1,0,0.74,0.8510638475418091,7,4
6,3,1,1,010110100011000011000000110000,1,1,0,0.75,0.5166666507720947,6,4
6,3,1,3,010110100011000011000000110000,1,1,0,0.68,0.734375,7,4
6,3,1,4,010110100011000011000000110000,1,1,0,0.62,0.4888888895511627,1,1
6,3,1,6,010110100011000011000000110000,1,1,0,0.54,0.5526315569877625,7,2
6,3,1,10,010110100011000011000000110000,1,1,0,0.47,0.38749998807907104,6,2
6,3,1,11,010110100011000011000000110000,1,1,0,0.65,0.21739129722118378,7,5
6,3,1,16,010110100011000011000000110000,1,1,0,0.59,0.5205479264259338,1,1
6,3,1,17,010110100011000011000000110000,1,1,0,0.18,0.10000000149011612,7,4
6,3,1,24,010110100011000011000000110000,1,1,0,0.36,0.5362318754196167,1,1
6,3,1,25,010110100011000011000000110000,1,1,0,0.25,0.41025641560554504,7,5
6,3,2,0,111111101011110101010101000011,1,1,0,0.1,0.046875,7,3
6,3,2,1,111111101011110101010101000011,1,1,0,0.75,0.5166666507720947,6,4
6,3,2,2,111111101011110101010101000011,1,1,0,0.51,0.8547008633613586,7,3
6,3,2,3,111111101011110101010101000011,1,1,0,0.68,0.734375,7,4
6,3,2,4,111111101011110101010101000011,1,1,0,0.62,0.4888888895511627,1,1
6,3,2,5,111111101011110101010101000011,1,1,0,0.75,0.4137931168079376,6,4
6,3,2,6,111111101011110101010101000011,1,1,0,0.54,0.5526315569877625,7,2
6,3,2,8,111111101011110101010101000011,1,1,0,0.75,0.6639999747276306,6,4
6,3,2,10,111111101011110101010101000011,1,1,0,0.47,0.38749998807907104,6,2
6,3,2,11,111111101011110101010101000011,1,1,0,0.65,0.21739129722118378,7,5
6,3,2,12,111111101011110101010101000011,1,1,0,0.75,0.6140350699424744,7,4
6,3,2,13,111111101011110101010101000011,1,1,0,0.57,0.47999998927116394,7,3
6,3,2,15,111111101011110101010101000011,1,1,0,0.45,0.6000000238418579,5,3
6,3,2,17,111111101011110101010101000011,1,1,0,0.18,0.10000000149011612,7,4
6,3,2,19,111111101011110101010101000011,1,1,0,0.75,0.2638888955116272,7,3
6,3,2,21,111111101011110101010101000011,1,1,0,0.94,0.47058823704719543,5,2
6,3,2,23,111111101011110101010101000011,1,1,0,0.64,0.6969696879386902,4,2
6,3,2,28,111111101011110101010101000011,1,1,0,0.35,0.447761207818985,6,3
6,3,2,29,111111101011110101010101000011,1,1,0,0.42,0.3025210201740265,1,1
6,3,3,0,100001010001010000010110100110,1,1,0,0.1,0.046875,7,3
6,3,3,5,100001010001010000010110100110,1,1,0,0.75,0.4137931168079376,6,4
6,3,3,7,100001010001010000010110100110,1,1,0,0.31,0.6203703880310059,1,1
6,3,3,11,100001010001010000010110100110,1,1,0,0.65,0.21739129722118378,7,5
6,3,3,13,100001010001010000010110100110,1,1,0,0.57,0.47999998927116394,7,3
6,3,3,19,100001010001010000010110100110,1,1,0,0.75,0.2638888955116272,7,3
6,3,3,21,100001010001010000010110100110,1,1,0,0.94,0.47058823704719543,5,2
6,3,3,22,100001010001010000010110100110,1,1,0,0.24,0.6595744490623474,5,2
6,3,3,24,100001010001010000010110100110,1,1,0,0.36,0.5362318754196167,1,1
6,3,3,27,100001010001010000010110100110,1,1,0,0.74,0.8510638475418091,7,4
6,3,3,28,100001010001010000010110100110,1,1,0,0.35,0.447761207818985,6,3
6,3,4,0,110010101010111100000001011111,1,1,0,0.1,0.046875,7,3
6,3,4,1,110010101010111100000001011111,1,1,0,0.75,0.5166666507720947,6,4
6,3,4,4,110010101010111100000001011111,1,1,0,0.62,0.4888888895511627,1,1
6,3,4,6,110010101010111100000001011111,1,1,0,0.54,0.5526315569877625,7,2
6,3,4,8,110010101010111100000001011111,1,1,0,0.75,0.6639999747276306,6,4
6,3,4,10,110010101010111100000001011111,1,1,0,0.47,0.38749998807907104,6,2
6,3,4,12,110010101010111100000001011111,1,1,0,0.75,0.6140350699424744,7,4
6,3,4,13,110010101010111100000001011111,1,1,0,0.57,0.47999998927116394,7,3
6,3,4,14,110010101010111100000001011111,1,1,0,0.63,0.7857142686843872,5,3
6,3,4,15,110010101010111100000001011111,1,1,0,0.45,0.6000000238418579,5,3
6,3,4,23,110010101010111100000001011111,1,1,0,0.64,0.6969696879386902,4,2
6,3,4,25,110010101010111100000001011111,1,1,0,0.25,0.41025641560554504,7,5
6,3,4,26,110010101010111100000001011111,1,1,0,0.74,0.24038460850715637,1,1
6,3,4,27,110010101010111100000001011111,1,1,0,0.74,0.8510638475418091,7,4
6,3,4,28,110010101010111100000001011111,1,1,0,0.35,0.447761207818985,6,3
6,3,4,29,110010101010111100000001011111,1,1,0,0.42,0.3025210201740265,1,1
6,3,5,0,101001001011101010100100101001,1,1,0,0.1,0.046875,7,3
6,3,5,2,101001001011101010100100101001,1,1,0,0.51,0.8547008633613586,7,3
6,3,5,5,101001001011101010100100101001,1,1,0,0.75,0.4137931168079376,6,4
6,3,5,8,101001001011101010100100101001,1,1,0,0.75,0.6639999747276306,6,4
6,3,5,10,101001001011101010100100101001,1,1,0,0.47,0.38749998807907104,6,2
6,3,5,11,101001001011101010100100101001,1,1,0,0.65,0.21739129722118378,7,5
6,3,5,12,101001001011101010100100101001,1,1,0,0.75,0.6140350699424744,7,4
6,3,5,14,101001001011101010100100101001,1,1,0,0.63,0.7857142686843872,5,3
6,3,5,16,101001001011101010100100101001,1,1,0,0.59,0.5205479264259338,1,1
6,3,5,18,101001001011101010100100101001,1,1,0,0.67,0.6769230961799622,7,3
6,3,5,21,101001001011101010100100101001,1,1,0,0.94,0.47058823704719543,5,2
6,3,5,24,101001001011101010100100101001,1,1,0,0.36,0.5362318754196167,1,1
6,3,5,26,101001001011101010100100101001,1,1,0,0.74,0.24038460850715637,1,1
6,3,5,29,101001001011101010100100101001,1,1,0,0.42,0.3025210201740265,1,1
6,3,6,0,101001001001101111100100101001,1,1,0,0.1,0.046875,7,3
6,3,6,2,101001001001101111100100101001,1,1,0,0.51,0.8547008633613586,7,3
6,3,6,5,101001001001101111100100101001,1,1,0,0.75,0.4137931168079376,6,4
6,3,6,8,101001001001101111100100101001,1,1,0,0.75,0.6639999747276306,6,4
6,3,6,11,101001001001101111100100101001,1,1,0,0.65,0.21739129722118378,7,5
6,3,6,12,101001001001101111100100101001,1,1,0,0.75,0.6140350699424744,7,4
6,3,6,14,101001001001101111100100101001,1,1,0,0.63,0.7857142686843872,5,3
6,3,6,15,101001001001101111100100101001,1,1,0,0.45,0.6000000238418579,5,3
6,3,6,16,101001001001101111100100101001,1,1,0,0.59,0.5205479264259338,1,1
6,3,6,17,101001001001101111100100101001,1,1,0,0.18,0.10000000149011612,7,4
6,3,6,18,101001001001101111100100101001,1,1,0,0.67,0.6769230961799622,7,3
6,3,6,21,101001001001101111100100101001,1,1,0,0.94,0.47058823704719543,5,2
6,3,6,24,101001001001101111100100101001,1,1,0,0.36,0.5362318754196167,1,1
6,3,6,26,101001001001101111100100101001,1,1,0,0.74,0.24038460850715637,1,1
6,3,6,29,101001001001101111100100101001,1,1,0,0.42,0.3025210201740265,1,1
6,3,7,0,110100110000101011111000011111,1,1,0,0.1,0.046875,7,3
6,3,7,1,110100110000101011111000011111,1,1,0,0.75,0.5166666507720947,6,4
6,3,7,3,110100110000101011111000011111,1,1,0,0.68,0.734375,7,4
6,3,7,6,110100110000101011111000011111,1,1,0,0.54,0.5526315569877625,7,2
6,3,7,7,110100110000101011111000011111,1,1,0,0.31,0.6203703880310059,1,1
6,3,7,12,110100110000101011111000011111,1,1,0,0.75,0.6140350699424744,7,4
6,3,7,14,110100110000101011111000011111,1,1,0,0.63,0.7857142686843872,5,3
6,3,7,16,110100110000101011111000011111,1,1,0,0.59,0.5205479264259338,1,1
6,3,7,17,110100110000101011111000011111,1,1,0,0.18,0.10000000149011612,7,4
6,3,7,18,110100110000101011111000011111,1,1,0,0.67,0.6769230961799622,7,3
6,3,7,19,110100110000101011111000011111,1,1,0,0.75,0.2638888955116272,7,3
6,3,7,20,110100110000101011111000011111,1,1,0,0.79,0.6060606241226196,7,3
6,3,7,25,110100110000101011111000011111,1,1,0,0.25,0.41025641560554504,7,5
6,3,7,26,110100110000101011111000011111,1,1,0,0.74,0.24038460850715637,1,1
6,3,7,27,110100110000101011111000011111,1,1,0,0.74,0.8510638475418091,7,4
6,3,7,28,110100110000101011111000011111,1,1,0,0.35,0.447761207818985,6,3
6,3,7,29,110100110000101011111000011111,1,1,0,0.42,0.3025210201740265,1,1
6,3,8,0,100001010001010000010110101010,1,1,0,0.1,0.046875,7,3
6,3,8,5,100001010001010000010110101010,1,1,0,0.75,0.4137931168079376,6,4
6,3,8,7,100001010001010000010110101010,1,1,0,0.31,0.6203703880310059,1,1
6,3,8,11,100001010001010000010110101010,1,1,0,0.65,0.21739129722118378,7,5
6,3,8,13,100001010001010000010110101010,1,1,0,0.57,0.47999998927116394,7,3
6,3,8,19,100001010001010000010110101010,1,1,0,0.75,0.2638888955116272,7,3
6,3,8,21,100001010001010000010110101010,1,1,0,0.94,0.47058823704719543,5,2
6,3,8,22,100001010001010000010110101010,1,1,0,0.24,0.6595744490623474,5,2
6,3,8,24,100001010001010000010110101010,1,1,0,0.36,0.5362318754196167,1,1
6,3,8,26,100001010001010000010110101010,1,1,0,0.74,0.24038460850715637,1,1
6,3,8,28,100001010001010000010110101010,1,1,0,0.35,0.447761207818985,6,3
6,3,9,0,101011001010010000010110000001,1,1,0,0.1,0.046875,7,3
6,3,9,2,101011001010010000010110000001,1,1,0,0.51,0.8547008633613586,7,3
6,3,9,4,101011001010010000010110000001,1,1,0,0.62,0.4888888895511627,1,1
6,3,9,5,101011001010010000010110000001,1,1,0,0.75,0.4137931168079376,6,4
6,3,9,8,101011001010010000010110000001,1,1,0,0.75,0.6639999747276306,6,4
6,3,9,10,101011001010010000010110000001,1,1,0,0.47,0.38749998807907104,6,2
6,3,9,13,101011001010010000010110000001,1,1,0,0.57,0.47999998927116394,7,3
6,3,9,19,101011001010010000010110000001,1,1,0,0.75,0.2638888955116272,7,3
6,3,9,21,101011001010010000010110000001,1,1,0,0.94,0.47058823704719543,5,2
6,3,9,22,101011001010010000010110000001,1,1,0,0.24,0.6595744490623474,5,2
6,3,9,29,101011001010010000010110000001,1,1,0,0.42,0.3025210201740265,1,1
6,3,10,0,100101001110101111011000010001,1,1,0,0.1,0.046875,7,3
6,3,10,3,100101001110101111011000010001,1,1,0,0.68,0.734375,7,4
6,3,10,5,100101001110101111011000010001,1,1,0,0.75,0.4137931168079376,6,4
6,3,10,8,100101001110101111011000010001,1,1,0,0.75,0.6639999747276306,6,4
6,3,10,9,100101001110101111011000010001,1,1,0,0.39,0.5769230723381042,1,1
6,3,10,10,100101001110101111011000010001,1,1,0,0.47,0.38749998807907104,6,2
6,3,10,12,100101001110101111011000010001,1,1,0,0.75,0.6140350699424744,7,4
6,3,10,14,100101001110101111011000010001,1,1,0,0.63,0.7857142686843872,5,3
6,3,10,15,100101001110101111011000010001,1,1,0,0.45,0.6000000238418579,5,3
6,3,10,16,100101001110101111011000010001,1,1,0,0.59,0.5205479264259338,1,1
6,3,10,17,100101001110101111011000010001,1,1,0,0.18,0.10000000149011612,7,4
6,3,10,19,100101001110101111011000010001,1,1,0,0.75,0.2638888955116272,7,3
6,3,10,20,100101001110101111011000010001,1,1,0,0.79,0.6060606241226196,7,3
6,3,10,25,100101001110101111011000010001,1,1,0,0.25,0.41025641560554504,7,5
6,3,10,29,100101001110101111011000010001,1,1,0,0.42,0.3025210201740265,1,1
6,3,11,4,000011000010010010001100100100,1,1,0,0.62,0.4888888895511627,1,1
6,3,11,5,000011000010010010001100100100,1,1,0,0.75,0.4137931168079376,6,4
6,3,11,10,000011000010010010001100100100,1,1,0,0.47,0.38749998807907104,6,2
6,3,11,13,000011000010010010001100100100,1,1,0,0.57,0.47999998927116394,7,3
6,3,11,16,000011000010010010001100100100,1,1,0,0.59,0.5205479264259338,1,1
6,3,11,20,000011000010010010001100100100,1,1,0,0.79,0.6060606241226196,7,3
6,3,11,21,000011000010010010001100100100,1,1,0,0.94,0.47058823704719543,5,2
6,3,11,24,000011000010010010001100100100,1,1,0,0.36,0.5362318754196167,1,1
6,3,11,27,000011000010010010001100100100,1,1,0,0.74,0.8510638475418091,7,4
6,3,12,0,110100111000011101110101011101,1,1,0,0.1,0.046875,7,3
6,3,12,1,110100111000011101110101011101,1,1,0,0.75,0.5166666507720947,6,4
6,3,12,3,110100111000011101110101011101,1,1,0,0.68,0.734375,7,4
6,3,12,6,110100111000011101110101011101,1,1,0,0.54,0.5526315569877625,7,2
6,3,12,7,110100111000011101110101011101,1,1,0,0.31,0.6203703880310059,1,1
6,3,12,8,110100111000011101110101011101,1,1,0,0.75,0.6639999747276306,6,4
6,3,12,13,110100111000011101110101011101,1,1,0,0.57,0.47999998927116394,7,3
6,3,12,14,110100111000011101110101011101,1,1,0,0.63,0.7857142686843872,5,3
6,3,12,15,110100111000011101110101011101,1,1,0,0.45,0.6000000238418579,5,3
6,3,12,17,110100111000011101110101011101,1,1,0,0.18,0.10000000149011612,7,4
6,3,12,18,110100111000011101110101011101,1,1,0,0.67,0.6769230961799622,7,3
6,3,12,19,110100111000011101110101011101,1,1,0,0.75,0.2638888955116272,7,3
6,3,12,21,110100111000011101110101011101,1,1,0,0.94,0.47058823704719543,5,2
6,3,12,23,110100111000011101110101011101,1,1,0,0.64,0.6969696879386902,4,2
6,3,12,25,110100111000011101110101011101,1,1,0,0.25,0.41025641560554504,7,5
6,3,12,26,110100111000011101110101011101,1,1,0,0.74,0.24038460850715637,1,1
6,3,12,27,110100111000011101110101011101,1,1,0,0.74,0.8510638475418091,7,4
6,3,12,29,110100111000011101110101011101,1,1,0,0.42,0.3025210201740265,1,1
6,3,13,0,110111100011000011000000100110,1,1,0,0.1,0.046875,7,3
6,3,13,1,110111100011000011000000100110,1,1,0,0.75,0.5166666507720947,6,4
6,3,13,3,110111100011000011000000100110,1,1,0,0.68,0.734375,7,4
6,3,13,4,110111100011000011000000100110,1,1,0,0.62,0.4888888895511627,1,1
6,3,13,5,110111100011000011000000100110,1,1,0,0.75,0.4137931168079376,6,4
6,3,13,6,110111100011000011000000100110,1,1,0,0.54,0.5526315569877625,7,2
6,3,13,10,110111100011000011000000100110,1,1,0,0.47,0.38749998807907104,6,2
6,3,13,11,110111100011000011000000100110,1,1,0,0.65,0.21739129722118378,7,5
6,3,13,16,110111100011000011000000100110,1,1,0,0.59,0.5205479264259338,1,1
6,3,13,17,110111100011000011000000100110,1,1,0,0.18,0.10000000149011612,7,4
6,3,13,24,110111100011000011000000100110,1,1,0,0.36,0.5362318754196167,1,1
6,3,13,27,110111100011000011000000100110,1,1,0,0.74,0.8510638475418091,7,4
6,3,13,28,110111100011000011000000100110,1,1,0,0.35,0.447761207818985,6,3
6,3,14,1,010110101011010000010000010000,1,1,0,0.75,0.5166666507720947,6,4
6,3,14,3,010110101011010000010000010000,1,1,0,0.68,0.734375,7,4
6,3,14,4,010110101011010000010000010000,1,1,0,0.62,0.4888888895511627,1,1
6,3,14,6,010110101011010000010000010000,1,1,0,0.54,0.5526315569877625,7,2
6,3,14,8,010110101011010000010000010000,1,1,0,0.75,0.6639999747276306,6,4
6,3,14,10,010110101011010000010000010000,1,1,0,0.47,0.38749998807907104,6,2
6,3,14,11,010110101011010000010000010000,1,1,0,0.65,0.21739129722118378,7,5
6,3,14,13,010110101011010000010000010000,1,1,0,0.57,0.47999998927116394,7,3
6,3,14,19,010110101011010000010000010000,1,1,0,0.75,0.2638888955116272,7,3
6,3,14,25,010110101011010000010000010000,1,1,0,0.25,0.41025641560554504,7,5
6,3,15,0,100101001010101111011101010101,1,1,0,0.1,0.046875,7,3
6,3,15,3,100101001010101111011101010101,1,1,0,0.68,0.734375,7,4
6,3,15,5,100101001010101111011101010101,1,1,0,0.75,0.4137931168079376,6,4
6,3,15,8,100101001010101111011101010101,1,1,0,0.75,0.6639999747276306,6,4
6,3,15,10,100101001010101111011101010101,1,1,0,0.47,0.38749998807907104,6,2
6,3,15,12,100101001010101111011101010101,1,1,0,0.75,0.6140350699424744,7,4
6,3,15,14,100101001010101111011101010101,1,1,0,0.63,0.7857142686843872,5,3
6,3,15,15,100101001010101111011101010101,1,1,0,0.45,0.6000000238418579,5,3
6,3,15,16,100101001010101111011101010101,1,1,0,0.59,0.5205479264259338,1,1
6,3,15,17,100101001010101111011101010101,1,1,0,0.18,0.10000000149011612,7,4
6,3,15,19,100101001010101111011101010101,1,1,0,0.75,0.2638888955116272,7,3
6,3,15,20,100101001010101111011101010101,1,1,0,0.79,0.6060606241226196,7,3
6,3,15,21,100101001010101111011101010101,1,1,0,0.94,0.47058823704719543,5,2
6,3,15,23,100101001010101111011101010101,1,1,0,0.64,0.6969696879386902,4,2
6,3,15,25,100101001010101111011101010101,1,1,0,0.25,0.41025641560554504,7,5
6,3,15,27,100101001010101111011101010101,1,1,0,0.74,0.8510638475418091,7,4
6,3,15,29,100101001010101111011101010101,1,1,0,0.42,0.3025210201740265,1,1
6,3,16,0,100001010001111100010110101010,1,1,0,0.1,0.046875,7,3
6,3,16,5,100001010001111100010110101010,1,1,0,0.75,0.4137931168079376,6,4
6,3,16,7,100001010001111100010110101010,1,1,0,0.31,0.6203703880310059,1,1
6,3,16,11,100001010001111100010110101010,1,1,0,0.65,0.21739129722118378,7,5
6,3,16,12,100001010001111100010110101010,1,1,0,0.75,0.6140350699424744,7,4
6,3,16,13,100001010001111100010110101010,1,1,0,0.57,0.47999998927116394,7,3
6,3,16,14,100001010001111100010110101010,1,1,0,0.63,0.7857142686843872,5,3
6,3,16,15,100001010001111100010110101010,1,1,0,0.45,0.6000000238418579,5,3
6,3,16,19,100001010001111100010110101010,1,1,0,0.75,0.2638888955116272,7,3
6,3,16,21,100001010001111100010110101010,1,1,0,0.94,0.47058823704719543,5,2
6,3,16,22,100001010001111100010110101010,1,1,0,0.24,0.6595744490623474,5,2
6,3,16,24,100001010001111100010110101010,1,1,0,0.36,0.5362318754196167,1,1
6,3,16,26,100001010001111100010110101010,1,1,0,0.74,0.24038460850715637,1,1
6,3,16,28,100001010001111100010110101010,1,1,0,0.35,0.447761207818985,6,3
6,3,17,5,000001010001010000010110110000,1,1,0,0.75,0.4137931168079376,6,4
6,3,17,7,000001010001010000010110110000,1,1,0,0.31,0.6203703880310059,1,1
6,3,17,11,000001010001010000010110110000,1,1,0,0.65,0.21739129722118378,7,5
6,3,17,13,000001010001010000010110110000,1,1,0,0.57,0.47999998927116394,7,3
6,3,17,19,000001010001010000010110110000,1,1,0,0.75,0.2638888955116272,7,3
6,3,17,21,000001010001010000010110110000,1,1,0,0.94,0.47058823704719543,5,2
6,3,17,22,000001010001010000010110110000,1,1,0,0.24,0.6595744490623474,5,2
6,3,17,24,000001010001010000010110110000,1,1,0,0.36,0.5362318754196167,1,1
6,3,17,25,000001010001010000010110110000,1,1,0,0.25,0.41025641560554504,7,5
6,4,0,0,110001001000101101111011110100,1,1,0,0.1,0.046875,7,3
6,4,0,1,110001001000101101111011110100,1,1,0,0.75,0.5166666507720947,6,4
6,4,0,5,110001001000101101111011110100,1,1,0,0.75,0.4137931168079376,6,4
6,4,0,8,110001001000101101111011110100,1,1,0,0.75,0.6639999747276306,6,4
6,4,0,12,110001001000101101111011110100,1,1,0,0.75,0.6140350699424744,7,4
6,4,0,14,110001001000101101111011110100,1,1,0,0.63,0.7857142686843872,5,3
6,4,0,15,110001001000101101111011110100,1,1,0,0.45,0.6000000238418579,5,3
6,4,0,17,110001001000101101111011110100,1,1,0,0.18,0.10000000149011612,7,4
6,4,0,18,110001001000101101111011110100,1,1,0,0.67,0.6769230961799622,7,3
6,4,0,19,110001001000101101111011110100,1,1,0,0.75,0.2638888955116272,7,3
6,4,0,20,110001001000101101111011110100,1,1,0,0.79,0.6060606241226196,7,3
6,4,0,22,110001001000101101111011110100,1,1,0,0.24,0.6595744490623474,5,2
6,4,0,23,110001001000101101111011110100,1,1,0,0.64,0.6969696879386902,4,2
6,4,0,24,110001001000101101111011110100,1,1,0,0.36,0.5362318754196167,1,1
6,4,0,25,110001001000101101111011110100,1,1,0,0.25,0.41025641560554504,7,5
6,4,0,27,110001001000101101111011110100,1,1,0,0.74,0.8510638475418091,7,4
6,4,1,1,010110100011000011000000110000,1,1,0,0.75,0.5166666507720947,6,4
6,4,1,3,010110100011000011000000110000,1,1,0,0.68,0.734375,7,4
6,4,1,4,010110100011000011000000110000,1,1,0,0.62,0.4888888895511627,1,1
6,4,1,6,010110100011000011000000110000,1,1,0,0.54,0.5526315569877625,7,2
6,4,1,10,010110100011000011000000110000,1,1,0,0.47,0.38749998807907104,6,2
6,4,1,11,010110100011000011000000110000,1,1,0,0.65,0.21739129722118378,7,5
6,4,1,16,010110100011000011000000110000,1,1,0,0.59,0.5205479264259338,1,1
6,4,1,17,010110100011000011000000110000,1,1,0,0.18,0.10000000149011612,7,4
6,4,1,24,010110100011000011000000110000,1,1,0,0.36,0.5362318754196167,1,1
6,4,1,25,010110100011000011000000110000,1,1,0,0.25,0.41025641560554504,7,5
6,4,2,0,111111101011110101010101000011,1,1,0,0.1,0.046875,7,3
6,4,2,1,111111101011110101010101000011,1,1,0,0.75,0.5166666507720947,6,4
6,4,2,2,111111101011110101010101000011,1,1,0,0.51,0.8547008633613586,7,3
6,4,2,3,111111101011110101010101000011,1,1,0,0.68,0.734375,7,4
6,4,2,4,111111101011110101010101000011,1,1,0,0.62,0.4888888895511627,1,1
6,4,2,5,111111101011110101010101000011,1,1,0,0.75,0.4137931168079376,6,4
6,4,2,6,111111101011110101010101000011,1,1,0,0.54,0.5526315569877625,7,2
6,4,2,8,111111101011110101010101000011,1,1,0,0.75,0.6639999747276306,6,4
6,4,2,10,111111101011110101010101000011,1,1,0,0.47,0.38749998807907104,6,2
6,4,2,11,111111101011110101010101000011,1,1,0,0.65,0.21739129722118378,7,5
6,4,2,12,111111101011110101010101000011,1,1,0,0.75,0.6140350699424744,7,4
6,4,2,13,111111101011110101010101000011,1,1,0,0.57,0.47999998927116394,7,3
6,4,2,15,111111101011110101010101000011,1,1,0,0.45,0.6000000238418579,5,3
6,4,2,17,111111101011110101010101000011,1,1,0,0.18,0.10000000149011612,7,4
6,4,2,19,111111101011110101010101000011,1,1,0,0.75,0.2638888955116272,7,3
6,4,2,21,111111101011110101010101000011,1,1,0,0.94,0.47058823704719543,5,2
6,4,2,23,111111101011110101010101000011,1,1,0,0.64,0.6969696879386902,4,2
6,4,2,28,111111101011110101010101000011,1,1,0,0.35,0.447761207818985,6,3
6,4,2,29,111111101011110101010101000011,1,1,0,0.42,0.3025210201740265,1,1
6,4,3,0,110010101010111100000001011111,1,1,0,0.1,0.046875,7,3
6,4,3,1,110010101010111100000001011111,1,1,0,0.75,0.5166666507720947,6,4
6,4,3,4,110010101010111100000001011111,1,1,0,0.62,0.4888888895511627,1,1
6,4,3,6,110010101010111100000001011111,1,1,0,0.54,0.5526315569877625,7,2
6,4,3,8,110010101010111100000001011111,1,1,0,0.75,0.6639999747276306,6,4
6,4,3,10,110010101010111100000001011111,1,1,0,0.47,0.38749998807907104,6,2
6,4,3,12,110010101010111100000001011111,1,1,0,0.75,0.6140350699424744,7,4
6,4,3,13,110010101010111100000001011111,1,1,0,0.57,0.47999998927116394,7,3
6,4,3,14,110010101010111100000001011111,1,1,0,0.63,0.7857142686843872,5,3
6,4,3,15,110010101010111100000001011111,1,1,0,0.45,0.6000000238418579,5,3
6,4,3,23,110010101010111100000001011111,1,1,0,0.64,0.6969696879386902,4,2
6,4,3,25,110010101010111100000001011111,1,1,0,0.25,0.41025641560554504,7,5
6,4,3,26,110010101010111100000001011111,1,1,0,0.74,0.24038460850715637,1,1
6,4,3,27,110010101010111100000001011111,1,1,0,0.74,0.8510638475418091,7,4
6,4,3,28,110010101010111100000001011111,1,1,0,0.35,0.447761207818985,6,3
6,4,3,29,110010101010111100000001011111,1,1,0,0.42,0.3025210201740265,1,1
6,4,4,0,101001001011101010100100101001,1,1,0,0.1,0.046875,7,3
6,4,4,2,101001001011101010100100101001,1,1,0,0.51,0.8547008633613586,7,3
6,4,4,5,101001001011101010100100101001,1,1,0,0.75,0.4137931168079376,6,4
6,4,4,8,101001001011101010100100101001,1,1,0,0.75,0.6639999747276306,6,4
6,4,4,10,101001001011101010100100101001,1,1,0,0.47,0.38749998807907104,6,2
6,4,4,11,101001001011101010100100101001,1,1,0,0.65,0.21739129722118378,7,5
6,4,4,12,101001001011101010100100101001,1,1,0,0.75,0.6140350699424744,7,4
6,4,4,14,101001001011101010100100101001,1,1,0,0.63,0.7857142686843872,5,3
6,4,4,16,101001001011101010100100101001,1,1,0,0.59,0.5205479264259338,1,1
6,4,4,18,101001001011101010100100101001,1,1,0,0.67,0.6769230961799622,7,3
6,4,4,21,101001001011101010100100101001,1,1,0,0.94,0.47058823704719543,5,2
6,4,4,24,101001001011101010100100101001,1,1,0,0.36,0.5362318754196167,1,1
6,4,4,26,101001001011101010100100101001,1,1,0,0.74,0.24038460850715637,1,1
6,4,4,29,101001001011101010100100101001,1,1,0,0.42,0.3025210201740265,1,1
6,4,5,0,100001010001010000010110101010,1,1,0,0.1,0.046875,7,3
6,4,5,5,100001010001010000010110101010,1,1,0,0.75,0.4137931168079376,6,4
6,4,5,7,100001010001010000010110101010,1,1,0,0.31,0.6203703880310059,1,1
6,4,5,11,100001010001010000010110101010,1,1,0,0.65,0.21739129722118378,7,5
6,4,5,13,100001010001010000010110101010,1,1,0,0.57,0.47999998927116394,7,3
6,4,5,19,100001010001010000010110101010,1,1,0,0.75,0.2638888955116272,7,3
6,4,5,21,100001010001010000010110101010,1,1,0,0.94,0.47058823704719543,5,2
6,4,5,22,100001010001010000010110101010,1,1,0,0.24,0.6595744490623474,5,2
6,4,5,24,100001010001010000010110101010,1,1,0,0.36,0.5362318754196167,1,1
6,4,5,26,100001010001010000010110101010,1,1,0,0.74,0.24038460850715637,1,1
6,4,5,28,100001010001010000010110101010,1,1,0,0.35,0.447761207818985,6,3
6,4,6,0,101011001010010000010110000001,1,1,0,0.1,0.046875,7,3
6,4,6,2,101011001010010000010110000001,1,1,0,0.51,0.8547008633613586,7,3
6,4,6,4,101011001010010000010110000001,1,1,0,0.62,0.4888888895511627,1,1
6,4,6,5,101011001010010000010110000001,1,1,0,0.75,0.4137931168079376,6,4
6,4,6,8,101011001010010000010110000001,1,1,0,0.75,0.6639999747276306,6,4
6,4,6,10,101011001010010000010110000001,1,1,0,0.47,0.38749998807907104,6,2
6,4,6,13,101011001010010000010110000001,1,1,0,0.57,0.47999998927116394,7,3
6,4,6,19,101011001010010000010110000001,1,1,0,0.75,0.2638888955116272,7,3
6,4,6,21,101011001010010000010110000001,1,1,0,0.94,0.47058823704719543,5,2
6,4,6,22,101011001010010000010110000001,1,1,0,0.24,0.6595744490623474,5,2
6,4,6,29,101011001010010000010110000001,1,1,0,0.42,0.3025210201740265,1,1
6,4,7,4,000011000010010010001100100100,1,1,0,0.62,0.4888888895511627,1,1
6,4,7,5,000011000010010010001100100100,1,1,0,0.75,0.4137931168079376,6,4
6,4,7,10,000011000010010010001100100100,1,1,0,0.47,0.38749998807907104,6,2
6,4,7,13,000011000010010010001100100100,1,1,0,0.57,0.47999998927116394,7,3
6,4,7,16,000011000010010010001100100100,1,1,0,0.59,0.5205479264259338,1,1
6,4,7,20,000011000010010010001100100100,1,1,0,0.79,0.6060606241226196,7,3
6,4,7,21,000011000010010010001100100100,1,1,0,0.94,0.47058823704719543,5,2
6,4,7,24,000011000010010010001100100100,1,1,0,0.36,0.5362318754196167,1,1
6,4,7,27,000011000010010010001100100100,1,1,0,0.74,0.8510638475418091,7,4
6,4,8,0,110100111000011101110101011101,1,1,0,0.1,0.046875,7,3
6,4,8,1,110100111000011101110101011101,1,1,0,0.75,0.5166666507720947,6,4
6,4,8,3,110100111000011101110101011101,1,1,0,0.68,0.734375,7,4
6,4,8,6,110100111000011101110101011101,1,1,0,0.54,0.5526315569877625,7,2
6,4,8,7,110100111000011101110101011101,1,1,0,0.31,0.6203703880310059,1,1
6,4,8,8,110100111000011101110101011101,1,1,0,0.75,0.6639999747276306,6,4
6,4,8,13,110100111000011101110101011101,1,1,0,0.57,0.47999998927116394,7,3
6,4,8,14,110100111000011101110101011101,1,1,0,0.63,0.7857142686843872,5,3
6,4,8,15,110100111000011101110101011101,1,1,0,0.45,0.6000000238418579,5,3
6,4,8,17,110100111000011101110101011101,1,1,0,0.18,0.10000000149011612,7,4
6,4,8,18,110100111000011101110101011101,1,1,0,0.67,0.6769230961799622,7,3
6,4,8,19,110100111000011101110101011101,1,1,0,0.75,0.2638888955116272,7,3
6,4,8,21,110100111000011101110101011101,1,1,0,0.94,0.47058823704719543,5,2
6,4,8,23,110100111000011101110101011101,1,1,0,0.64,0.6969696879386902,4,2
6,4,8,25,110100111000011101110101011101,1,1,0,0.25,0.41025641560554504,7,5
6,4,8,26,110100111000011101110101011101,1,1,0,0.74,0.24038460850715637,1,1
6,4,8,27,110100111000011101110101011101,1,1,0,0.74,0.8510638475418091,7,4
6,4,8,29,110100111000011101110101011101,1,1,0,0.42,0.3025210201740265,1,1
6,4,9,0,110111100011000011000000100110,1,1,0,0.1,0.046875,7,3
6,4,9,1,110111100011000011000000100110,1,1,0,0.75,0.5166666507720947,6,4
6,4,9,3,110111100011000011000000100110,1,1,0,0.68,0.734375,7,4
6,4,9,4,110111100011000011000000100110,1,1,0,0.62,0.4888888895511627,1,1
6,4,9,5,110111100011000011000000100110,1,1,0,0.75,0.4137931168079376,6,4
6,4,9,6,110111100011000011000000100110,1,1,0,0.54,0.5526315569877625,7,2
6,4,9,10,110111100011000011000000100110,1,1,0,0.47,0.38749998807907104,6,2
6,4,9,11,110111100011000011000000100110,1,1,0,0.65,0.21739129722118378,7,5
6,4,9,16,110111100011000011000000100110,1,1,0,0.59,0.5205479264259338,1,1
6,4,9,17,110111100011000011000000100110,1,1,0,0.18,0.10000000149011612,7,4
6,4,9,24,110111100011000011000000100110,1,1,0,0.36,0.5362318754196167,1,1
6,4,9,27,110111100011000011000000100110,1,1,0,0.74,0.8510638475418091,7,4
6,4,9,28,110111100011000011000000100110,1,1,0,0.35,0.447761207818985,6,3
6,4,10,1,010110101011010000010000010000,1,1,0,0.75,0.5166666507720947,6,4
6,4,10,3,010110101011010000010000010000,1,1,0,0.68,0.734375,7,4
6,4,10,4,010110101011010000010000010000,1,1,0,0.62,0.4888888895511627,1,1
6,4,10,6,010110101011010000010000010000,1,1,0,0.54,0.5526315569877625,7,2
6,4,10,8,010110101011010000010000010000,1,1,0,0.75,0.6639999747276306,6,4
6,4,10,10,010110101011010000010000010000,1,1,0,0.47,0.38749998807907104,6,2
6,4,10,11,010110101011010000010000010000,1,1,0,0.65,0.21739129722118378,7,5
6,4,10,13,010110101011010000010000010000,1,1,0,0.57,0.47999998927116394,7,3
6,4,10,19,010110101011010000010000010000,1,1,0,0.75,0.2638888955116272,7,3
6,4,10,25,010110101011010000010000010000,1,1,0,0.25,0.41025641560554504,7,5
6,4,11,0,100101001010101111011101010101,1,1,0,0.1,0.046875,7,3
6,4,11,3,100101001010101111011101010101,1,1,0,0.68,0.734375,7,4
6,4,11,5,100101001010101111011101010101,1,1,0,0.75,0.4137931168079376,6,4
6,4,11,8,100101001010101111011101010101,1,1,0,0.75,0.6639999747276306,6,4
6,4,11,10,100101001010101111011101010101,1,1,0,0.47,0.38749998807907104,6,2
6,4,11,12,100101001010101111011101010101,1,1,0,0.75,0.6140350699424744,7,4
6,4,11,14,100101001010101111011101010101,1,1,0,0.63,0.7857142686843872,5,3
6,4,11,15,100101001010101111011101010101,1,1,0,0.45,0.6000000238418579,5,3
6,4,11,16,100101001010101111011101010101,1,1,0,0.59,0.5205479264259338,1,1
6,4,11,17,100101001010101111011101010101,1,1,0,0.18,0.10000000149011612,7,4
6,4,11,19,100101001010101111011101010101,1,1,0,0.75,0.2638888955116272,7,3
6,4,11,20,100101001010101111011101010101,1,1,0,0.79,0.6060606241226196,7,3
6,4,11,21,100101001010101111011101010101,1,1,0,0.94,0.47058823704719543,5,2
6,4,11,23,100101001010101111011101010101,1,1,0,0.64,0.6969696879386902,4,2
6,4,11,25,100101001010101111011101010101,1,1,0,0.25,0.41025641560554504,7,5
6,4,11,27,100101001010101111011101010101,1,1,0,0.74,0.8510638475418091,7,4
6,4,11,29,100101001010101111011101010101,1,1,0,0.42,0.3025210201740265,1,1
6,4,12,0,100011001000010000010010101010,1,1,0,0.1,0.046875,7,3
6,4,12,4,100011001000010000010010101010,1,1,0,0.62,0.4888888895511627,1,1
6,4,12,5,100011001000010000010010101010,1,1,0,0.75,0.4137931168079376,6,4
6,4,12,8,100011001000010000010010101010,1,1,0,0.75,0.6639999747276306,6,4
6,4,12,13,100011001000010000010010101010,1,1,0,0.57,0.47999998927116394,7,3
6,4,12,19,100011001000010000010010101010,1,1,0,0.75,0.2638888955116272,7,3
6,4,12,22,100011001000010000010010101010,1,1,0,0.24,0.6595744490623474,5,2
6,4,12,24,100011001000010000010010101010,1,1,0,0.36,0.5362318754196167,1,1
6,4,12,26,100011001000010000010010101010,1,1,0,0.74,0.24038460850715637,1,1
6,4,12,28,100011001000010000010010101010,1,1,0,0.35,0.447761207818985,6,3
6,4,13,4,000011000011010100001100100100,1,1,0,0.62,0.4888888895511627,1,1
6,4,13,5,000011000011010100001100100100,1,1,0,0.75,0.4137931168079376,6,4
6,4,13,10,000011000011010100001100100100,1,1,0,0.47,0.38749998807907104,6,2
6,4,13,11,000011000011010100001100100100,1,1,0,0.65,0.21739129722118378,7,5
6,4,13,13,000011000011010100001100100100,1,1,0,0.57,0.47999998927116394,7,3
6,4,13,15,000011000011010100001100100100,1,1,0,0.45,0.6000000238418579,5,3
6,4,13,20,000011000011010100001100100100,1,1,0,0.79,0.6060606241226196,7,3
6,4,13,21,000011000011010100001100100100,1,1,0,0.94,0.47058823704719543,5,2
6,4,13,24,000011000011010100001100100100,1,1,0,0.36,0.5362318754196167,1,1
6,4,13,27,000011000011010100001100100100,1,1,0,0.74,0.8510638475418091,7,4
6,4,14,4,000011001010111100001100100100,1,1,0,0.62,0.4888888895511627,1,1
6,4,14,5,000011001010111100001100100100,1,1,0,0.75,0.4137931168079376,6,4
6,4,14,8,000011001010111100001100100100,1,1,0,0.75,0.6639999747276306,6,4
6,4,14,10,000011001010111100001100100100,1,1,0,0.47,0.38749998807907104,6,2
6,4,14,12,000011001010111100001100100100,1,1,0,0.75,0.6140350699424744,7,4
6,4,14,13,000011001010111100001100100100,1,1,0,0.57,0.47999998927116394,7,3
6,4,14,14,000011001010111100001100100100,1,1,0,0.63,0.7857142686843872,5,3
6,4,14,15,000011001010111100001100100100,1,1,0,0.45,0.6000000238418579,5,3
6,4,14,20,000011001010111100001100100100,1,1,0,0.79,0.6060606241226196,7,3
6,4,14,21,000011001010111100001100100100,1,1,0,0.94,0.47058823704719543,5,2
6,4,14,24,000011001010111100001100100100,1,1,0,0.36,0.5362318754196167,1,1
6,4,14,27,000011001010111100001100100100,1,1,0,0.74,0.8510638475418091,7,4
6,4,15,0,111001001010010000010110000001,1,1,0,0.1,0.046875,7,3
6,4,15,1,111001001010010000010110000001,1,1,0,0.75,0.5166666507720947,6,4
6,4,15,2,111001001010010000010110000001,1,1,0,0.51,0.8547008633613586,7,3
6,4,15,5,111001001010010000010110000001,1,1,0,0.75,0.4137931168079376,6,4
6,4,15,8,111001001010010000010110000001,1,1,0,0.75,0.6639999747276306,6,4
6,4,15,10,111001001010010000010110000001,1,1,0,0.47,0.38749998807907104,6,2
6,4,15,13,111001001010010000010110000001,1,1,0,0.57,0.47999998927116394,7,3
6,4,15,19,111001001010010000010110000001,1,1,0,0.75,0.2638888955116272,7,3
6,4,15,21,111001001010010000010110000001,1,1,0,0.94,0.47058823704719543,5,2
6,4,15,22,111001001010010000010110000001,1,1,0,0.24,0.6595744490623474,5,2
6,4,15,29,111001001010010000010110000001,1,1,0,0.42,0.3025210201740265,1,1
6,4,16,0,110111100011010000010110101010,1,1,0,0.1,0.046875,7,3
6,4,16,1,110111100011010000010110101010,1,1,0,0.75,0.5166666507720947,6,4
6,4,16,3,110111100011010000010110101010,1,1,0,0.68,0.734375,7,4
6,4,16,4,110111100011010000010110101010,1,1,0,0.62,0.4888888895511627,1,1
6,4,16,5,110111100011010000010110101010,1,1,0,0.75,0.4137931168079376,6,4
6,4,16,6,110111100011010000010110101010,1,1,0,0.54,0.5526315569877625,7,2
6,4,16,10,110111100011010000010110101010,1,1,0,0.47,0.38749998807907104,6,2
6,4,16,11,110111100011010000010110101010,1,1,0,0.65,0.21739129722118378,7,5
6,4,16,13,110111100011010000010110101010,1,1,0,0.57,0.47999998927116394,7,3
6,4,16,19,110111100011010000010110101010,1,1,0,0.75,0.2638888955116272,7,3
6,4,16,21,110111100011010000010110101010,1,1,0,0.94,0.47058823704719543,5,2
6,4,16,22,110111100011010000010110101010,1,1,0,0.24,0.6595744490623474,5,2
6,4,16,24,110111100011010000010110101010,1,1,0,0.36,0.5362318754196167,1,1
6,4,16,26,110111100011010000010110101010,1,1,0,0.74,0.24038460850715637,1,1
6,4,16,28,110111100011010000010110101010,1,1,0,0.35,0.447761207818985,6,3
6,4,17,1,010110101001010000010001010000,1,1,0,0.75,0.5166666507720947,6,4
6,4,17,3,010110101001010000010001010000,1,1,0,0.68,0.734375,7,4
6,4,17,4,010110101001010000010001010000,1,1,0,0.62,0.4888888895511627,1,1
6,4,17,6,010110101001010000010001010000,1,1,0,0.54,0.5526315569877625,7,2
6,4,17,8,010110101001010000010001010000,1,1,0,0.75,0.6639999747276306,6,4
6,4,17,11,010110101001010000010001010000,1,1,0,0.65,0.21739129722118378,7,5
6,4,17,13,010110101001010000010001010000,1,1,0,0.57,0.47999998927116394,7,3
6,4,17,19,010110101001010000010001010000,1,1,0,0.75,0.2638888955116272,7,3
6,4,17,23,010110101001010000010001010000,1,1,0,0.64,0.6969696879386902,4,2
6,4,17,25,010110101001010000010001010000,1,1,0,0.25,0.41025641560554504,7,5
6,5,0,0,110001001000101101111011110100,1,1,0,0.1,0.046875,7,3
6,5,0,1,110001001000101101111011110100,1,1,0,0.75,0.5166666507720947,6,4
6,5,0,5,110001001000101101111011110100,1,1,0,0.75,0.4137931168079376,6,4
6,5,0,8,110001001000101101111011110100,1,1,0,0.75,0.6639999747276306,6,4
6,5,0,12,110001001000101101111011110100,1,1,0,0.75,0.6140350699424744,7,4
6,5,0,14,110001001000101101111011110100,1,1,0,0.63,0.7857142686843872,5,3
6,5,0,15,110001001000101101111011110100,1,1,0,0.45,0.6000000238418579,5,3
6,5,0,17,110001001000101101111011110100,1,1,0,0.18,0.10000000149011612,7,4
6,5,0,18,110001001000101101111011110100,1,1,0,0.67,0.6769230961799622,7,3
6,5,0,19,110001001000101101111011110100,1,1,0,0.75,0.2638888955116272,7,3
6,5,0,20,110001001000101101111011110100,1,1,0,0.79,0.6060606241226196,7,3
6,5,0,22,110001001000101101111011110100,1,1,0,0.24,0.6595744490623474,5,2
6,5,0,23,110001001000101101111011110100,1,1,0,0.64,0.6969696879386902,4,2
6,5,0,24,110001001000101101111011110100,1,1,0,0.36,0.5362318754196167,1,1
6,5,0,25,110001001000101101111011110100,1,1,0,0.25,0.41025641560554504,7,5
6,5,0,27,110001001000101101111011110100,1,1,0,0.74,0.8510638475418091,7,4
6,5,1,1,010110100011000011000000110000,1,1,0,0.75,0.5166666507720947,6,4
6,5,1,3,010110100011000011000000110000,1,1,0,0.68,0.734375,7,4
6,5,1,4,010110100011000011000000110000,1,1,0,0.62,0.4888888895511627,1,1
6,5,1,6,010110100011000011000000110000,1,1,0,0.54,0.5526315569877625,7,2
6,5,1,10,010110100011000011000000110000,1,1,0,0.47,0.38749998807907104,6,2
6,5,1,11,010110100011000011000000110000,1,1,0,0.65,0.21739129722118378,7,5
6,5,1,16,010110100011000011000000110000,1,1,0,0.59,0.5205479264259338,1,1
6,5,1,17,010110100011000011000000110000,1,1,0,0.18,0.10000000149011612,7,4
6,5,1,24,010110100011000011000000110000,1,1,0,0.36,0.5362318754196167,1,1
6,5,1,25,010110100011000011000000110000,1,1,0,0.25,0.41025641560554504,7,5
6,5,2,0,111111101011110101010101000011,1,1,0,0.1,0.046875,7,3
6,5,2,1,111111101011110101010101000011,1,1,0,0.75,0.5166666507720947,6,4
6,5,2,2,111111101011110101010101000011,1,1,0,0.51,0.8547008633613586,7,3
6,5,2,3,111111101011110101010101000011,1,1,0,0.68,0.734375,7,4
6,5,2,4,111111101011110101010101000011,1,1,0,0.62,0.4888888895511627,1,1
6,5,2,5,111111101011110101010101000011,1,1,0,0.75,0.4137931168079376,6,4
6,5,2,6,111111101011110101010101000011,1,1,0,0.54,0.5526315569877625,7,2
6,5,2,8,111111101011110101010101000011,1,1,0,0.75,0.6639999747276306,6,4
6,5,2,10,111111101011110101010101000011,1,1,0,0.47,0.38749998807907104,6,2
6,5,2,11,111111101011110101010101000011,1,1,0,0.65,0.21739129722118378,7,5
6,5,2,12,111111101011110101010101000011,1,1,0,0.75,0.6140350699424744,7,4
6,5,2,13,111111101011110101010101000011,1,1,0,0.57,0.47999998927116394,7,3
6,5,2,15,111111101011110101010101000011,1,1,0,0.45,0.6000000238418579,5,3
6,5,2,17,111111101011110101010101000011,1,1,0,0.18,0.10000000149011612,7,4
6,5,2,19,111111101011110101010101000011,1,1,0,0.75,0.2638888955116272,7,3
6,5,2,21,111111101011110101010101000011,1,1,0,0.94,0.47058823704719543,5,2
6,5,2,23,111111101011110101010101000011,1,1,0,0.64,0.6969696879386902,4,2
6,5,2,28,111111101011110101010101000011,1,1,0,0.35,0.447761207818985,6,3
6,5,2,29,111111101011110101010101000011,1,1,0,0.42,0.3025210201740265,1,1
6,5,3,0,110010101010111100000001011111,1,1,0,0.1,0.046875,7,3
6,5,3,1,110010101010111100000001011111,1,1,0,0.75,0.5166666507720947,6,4
6,5,3,4,110010101010111100000001011111,1,1,0,0.62,0.4888888895511627,1,1
6,5,3,6,110010101010111100000001011111,1,1,0,0.54,0.5526315569877625,7,2
6,5,3,8,110010101010111100000001011111,1,1,0,0.75,0.6639999747276306,6,4
6,5,3,10,110010101010111100000001011111,1,1,0,0.47,0.38749998807907104,6,2
6,5,3,12,110010101010111100000001011111,1,1,0,0.75,0.6140350699424744,7,4
6,5,3,13,110010101010111100000001011111,1,1,0,0.57,0.47999998927116394,7,3
6,5,3,14,110010101010111100000001011111,1,1,0,0.63,0.7857142686843872,5,3
6,5,3,15,110010101010111100000001011111,1,1,0,0.45,0.6000000238418579,5,3
6,5,3,23,110010101010111100000001011111,1,1,0,0.64,0.6969696879386902,4,2
6,5,3,25,110010101010111100000001011111,1,1,0,0.25,0.41025641560554504,7,5
6,5,3,26,110010101010111100000001011111,1,1,0,0.74,0.24038460850715637,1,1
6,5,3,27,110010101010111100000001011111,1,1,0,0.74,0.8510638475418091,7,4
6,5,3,28,110010101010111100000001011111,1,1,0,0.35,0.447761207818985,6,3
6,5,3,29,110010101010111100000001011111,1,1,0,0.42,0.3025210201740265,1,1
6,5,4,0,101001001011101010100100101001,1,1,0,0.1,0.046875,7,3
6,5,4,2,101001001011101010100100101001,1,1,0,0.51,0.8547008633613586,7,3
6,5,4,5,101001001011101010100100101001,1,1,0,0.75,0.4137931168079376,6,4
6,5,4,8,101001001011101010100100101001,1,1,0,0.75,0.6639999747276306,6,4
6,5,4,10,101001001011101010100100101001,1,1,0,0.47,0.38749998807907104,6,2
6,5,4,11,101001001011101010100100101001,1,1,0,0.65,0.21739129722118378,7,5
6,5,4,12,101001001011101010100100101001,1,1,0,0.75,0.6140350699424744,7,4
6,5,4,14,101001001011101010100100101001,1,1,0,0.63,0.7857142686843872,5,3
6,5,4,16,101001001011101010100100101001,1,1,0,0.59,0.5205479264259338,1,1
6,5,4,18,101001001011101010100100101001,1,1,0,0.67,0.6769230961799622,7,3
6,5,4,21,101001001011101010100100101001,1,1,0,0.94,0.47058823704719543,5,2
6,5,4,24,101001001011101010100100101001,1,1,0,0.36,0.5362318754196167,1,1
6,5,4,26,101001001011101010100100101001,1,1,0,0.74,0.24038460850715637,1,1
6,5,4,29,101001001011101010100100101001,1,1,0,0.42,0.3025210201740265,1,1
6,5,5,0,100001010001010000010110101010,1,1,0,0.1,0.046875,7,3
6,5,5,5,100001010001010000010110101010,1,1,0,0.75,0.4137931168079376,6,4
6,5,5,7,100001010001010000010110101010,1,1,0,0.31,0.6203703880310059,1,1
6,5,5,11,100001010001010000010110101010,1,1,0,0.65,0.21739129722118378,7,5
6,5,5,13,100001010001010000010110101010,1,1,0,0.57,0.47999998927116394,7,3
6,5,5,19,100001010001010000010110101010,1,1,0,0.75,0.2638888955116272,7,3
6,5,5,21,100001010001010000010110101010,1,1,0,0.94,0.47058823704719543,5,2
6,5,5,22,100001010001010000010110101010,1,1,0,0.24,0.6595744490623474,5,2
6,5,5,24,100001010001010000010110101010,1,1,0,0.36,0.5362318754196167,1,1
6,5,5,26,100001010001010000010110101010,1,1,0,0.74,0.24038460850715637,1,1
6,5,5,28,100001010001010000010110101010,1,1,0,0.35,0.447761207818985,6,3
6,5,6,0,101011001010010000010110000001,1,1,0,0.1,0.046875,7,3
6,5,6,2,101011001010010000010110000001,1,1,0,0.51,0.8547008633613586,7,3
6,5,6,4,101011001010010000010110000001,1,1,0,0.62,0.4888888895511627,1,1
6,5,6,5,101011001010010000010110000001,1,1,0,0.75,0.4137931168079376,6,4
6,5,6,8,101011001010010000010110000001,1,1,0,0.75,0.6639999747276306,6,4
6,5,6,10,101011001010010000010110000001,1,1,0,0.47,0.38749998807907104,6,2
6,5,6,13,101011001010010000010110000001,1,1,0,0.57,0.47999998927116394,7,3
6,5,6,19,101011001010010000010110000001,1,1,0,0.75,0.2638888955116272,7,3
6,5,6,21,101011001010010000010110000001,1,1,0,0.94,0.47058823704719543,5,2
6,5,6,22,101011001010010000010110000001,1,1,0,0.24,0.6595744490623474,5,2
6,5,6,29,101011001010010000010110000001,1,1,0,0.42,0.3025210201740265,1,1
6,5,7,4,000011000010010010001100100100,1,1,0,0.62,0.4888888895511627,1,1
6,5,7,5,000011000010010010001100100100,1,1,0,0.75,0.4137931168079376,6,4
6,5,7,10,000011000010010010001100100100,1,1,0,0.47,0.38749998807907104,6,2
6,5,7,13,000011000010010010001100100100,1,1,0,0.57,0.47999998927116394,7,3
6,5,7,16,000011000010010010001100100100,1,1,0,0.59,0.5205479264259338,1,1
6,5,7,20,000011000010010010001100100100,1,1,0,0.79,0.6060606241226196,7,3
6,5,7,21,000011000010010010001100100100,1,1,0,0.94,0.47058823704719543,5,2
6,5,7,24,000011000010010010001100100100,1,1,0,0.36,0.5362318754196167,1,1
6,5,7,27,000011000010010010001100100100,1,1,0,0.74,0.8510638475418091,7,4
6,5,8,0,110111100011000011000000100110,1,1,0,0.1,0.046875,7,3
6,5,8,1,110111100011000011000000100110,1,1,0,0.75,0.5166666507720947,6,4
6,5,8,3,110111100011000011000000100110,1,1,0,0.68,0.734375,7,4
6,5,8,4,110111100011000011000000100110,1,1,0,0.62,0.4888888895511627,1,1
6,5,8,5,110111100011000011000000100110,1,1,0,0.75,0.4137931168079376,6,4
6,5,8,6,110111100011000011000000100110,1,1,0,0.54,0.5526315569877625,7,2
6,5,8,10,110111100011000011000000100110,1,1,0,0.47,0.38749998807907104,6,2
6,5,8,11,110111100011000011000000100110,1,1,0,0.65,0.21739129722118378,7,5
6,5,8,16,110111100011000011000000100110,1,1,0,0.59,0.5205479264259338,1,1
6,5,8,17,110111100011000011000000100110,1,1,0,0.18,0.10000000149011612,7,4
6,5,8,24,110111100011000011000000100110,1,1,0,0.36,0.5362318754196167,1,1
6,5,8,27,110111100011000011000000100110,1,1,0,0.74,0.8510638475418091,7,4
6,5,8,28,110111100011000011000000100110,1,1,0,0.35,0.447761207818985,6,3
6,5,9,4,000011000011010100001100100100,1,1,0,0.62,0.4888888895511627,1,1
6,5,9,5,000011000011010100001100100100,1,1,0,0.75,0.4137931168079376,6,4
6,5,9,10,000011000011010100001100100100,1,1,0,0.47,0.38749998807907104,6,2
6,5,9,11,000011000011010100001100100100,1,1,0,0.65,0.21739129722118378,7,5
6,5,9,13,000011000011010100001100100100,1,1,0,0.57,0.47999998927116394,7,3
6,5,9,15,000011000011010100001100100100,1,1,0,0.45,0.6000000238418579,5,3
6,5,9,20,000011000011010100001100100100,1,1,0,0.79,0.6060606241226196,7,3
6,5,9,21,000011000011010100001100100100,1,1,0,0.94,0.47058823704719543,5,2
6,5,9,24,000011000011010100001100100100,1,1,0,0.36,0.5362318754196167,1,1
6,5,9,27,000011000011010100001100100100,1,1,0,0.74,0.8510638475418091,7,4
6,5,10,4,000011001010111100001100100100,1,1,0,0.62,0.4888888895511627,1,1
6,5,10,5,000011001010111100001100100100,1,1,0,0.75,0.4137931168079376,6,4
6,5,10,8,000011001010111100001100100100,1,1,0,0.75,0.6639999747276306,6,4
6,5,10,10,000011001010111100001100100100,1,1,0,0.47,0.38749998807907104,6,2
6,5,10,12,000011001010111100001100100100,1,1,0,0.75,0.6140350699424744,7,4
6,5,10,13,000011001010111100001100100100,1,1,0,0.57,0.47999998927116394,7,3
6,5,10,14,000011001010111100001100100100,1,1,0,0.63,0.7857142686843872,5,3
6,5,10,15,000011001010111100001100100100,1,1,0,0.45,0.6000000238418579,5,3
6,5,10,20,000011001010111100001100100100,1,1,0,0.79,0.6060606241226196,7,3
6,5,10,21,000011001010111100001100100100,1,1,0,0.94,0.47058823704719543,5,2
6,5,10,24,000011001010111100001100100100,1,1,0,0.36,0.5362318754196167,1,1
6,5,10,27,000011001010111100001100100100,1,1,0,0.74,0.8510638475418091,7,4
6,5,11,0,111001001010010000010110000001,1,1,0,0.1,0.046875,7,3
6,5,11,1,111001001010010000010110000001,1,1,0,0.75,0.5166666507720947,6,4
6,5,11,2,111001001010010000010110000001,1,1,0,0.51,0.8547008633613586,7,3
6,5,11,5,111001001010010000010110000001,1,1,0,0.75,0.4137931168079376,6,4
6,5,11,8,111001001010010000010110000001,1,1,0,0.75,0.6639999747276306,6,4
6,5,11,10,111001001010010000010110000001,1,1,0,0.47,0.38749998807907104,6,2
6,5,11,13,111001001010010000010110000001,1,1,0,0.57,0.47999998927116394,7,3
6,5,11,19,111001001010010000010110000001,1,1,0,0.75,0.2638888955116272,7,3
6,5,11,21,111001001010010000010110000001,1,1,0,0.94,0.47058823704719543,5,2
6,5,11,22,111001001010010000010110000001,1,1,0,0.24,0.6595744490623474,5,2
6,5,11,29,111001001010010000010110000001,1,1,0,0.42,0.3025210201740265,1,1
6,5,12,0,110111100011010000010110101010,1,1,0,0.1,0.046875,7,3
6,5,12,1,110111100011010000010110101010,1,1,0,0.75,0.5166666507720947,6,4
6,5,12,3,110111100011010000010110101010,1,1,0,0.68,0.734375,7,4
6,5,12,4,110111100011010000010110101010,1,1,0,0.62,0.4888888895511627,1,1
6,5,12,5,110111100011010000010110101010,1,1,0,0.75,0.4137931168079376,6,4
6,5,12,6,110111100011010000010110101010,1,1,0,0.54,0.5526315569877625,7,2
6,5,12,10,110111100011010000010110101010,1,1,0,0.47,0.38749998807907104,6,2
6,5,12,11,110111100011010000010110101010,1,1,0,0.65,0.21739129722118378,7,5
6,5,12,13,110111100011010000010110101010,1,1,0,0.57,0.47999998927116394,7,3
6,5,12,19,110111100011010000010110101010,1,1,0,0.75,0.2638888955116272,7,3
6,5,12,21,110111100011010000010110101010,1,1,0,0.94,0.47058823704719543,5,2
6,5,12,22,110111100011010000010110101010,1,1,0,0.24,0.6595744490623474,5,2
6,5,12,24,110111100011010000010110101010,1,1,0,0.36,0.5362318754196167,1,1
6,5,12,26,110111100011010000010110101010,1,1,0,0.74,0.24038460850715637,1,1
6,5,12,28,110111100011010000010110101010,1,1,0,0.35,0.447761207818985,6,3
6,5,13,1,010110101001010000010001010000,1,1,0,0.75,0.5166666507720947,6,4
6,5,13,3,010110101001010000010001010000,1,1,0,0.68,0.734375,7,4
6,5,13,4,010110101001010000010001010000,1,1,0,0.62,0.4888888895511627,1,1
6,5,13,6,010110101001010000010001010000,1,1,0,0.54,0.5526315569877625,7,2
6,5,13,8,010110101001010000010001010000,1,1,0,0.75,0.6639999747276306,6,4
6,5,13,11,010110101001010000010001010000,1,1,0,0.65,0.21739129722118378,7,5
6,5,13,13,010110101001010000010001010000,1,1,0,0.57,0.47999998927116394,7,3
6,5,13,19,010110101001010000010001010000,1,1,0,0.75,0.2638888955116272,7,3
6,5,13,23,010110101001010000010001010000,1,1,0,0.64,0.6969696879386902,4,2
6,5,13,25,010110101001010000010001010000,1,1,0,0.25,0.41025641560554504,7,5
6,5,14,0,100000111001010011000010010010,1,1,0,0.1,0.046875,7,3
6,5,14,6,100000111001010011000010010010,1,1,0,0.54,0.5526315569877625,7,2
6,5,14,7,100000111001010011000010010010,1,1,0,0.31,0.6203703880310059,1,1
6,5,14,8,100000111001010011000010010010,1,1,0,0.75,0.6639999747276306,6,4
6,5,14,11,100000111001010011000010010010,1,1,0,0.65,0.21739129722118378,7,5
6,5,14,13,100000111001010011000010010010,1,1,0,0.57,0.47999998927116394,7,3
6,5,14,16,100000111001010011000010010010,1,1,0,0.59,0.5205479264259338,1,1
6,5,14,17,100000111001010011000010010010,1,1,0,0.18,0.10000000149011612,7,4
6,5,14,22,100000111001010011000010010010,1,1,0,0.24,0.6595744490623474,5,2
6,5,14,25,100000111001010011000010010010,1,1,0,0.25,0.41025641560554504,7,5
6,5,14,28,100000111001010011000010010010,1,1,0,0.35,0.447761207818985,6,3
6,5,15,0,110111100001000011000000100110,1,1,0,0.1,0.046875,7,3
6,5,15,1,110111100001000011000000100110,1,1,0,0.75,0.5166666507720947,6,4
6,5,15,3,110111100001000011000000100110,1,1,0,0.68,0.734375,7,4
6,5,15,4,110111100001000011000000100110,1,1,0,0.62,0.4888888895511627,1,1
6,5,15,5,110111100001000011000000100110,1,1,0,0.75,0.4137931168079376,6,4
6,5,15,6,110111100001000011000000100110,1,1,0,0.54,0.5526315569877625,7,2
6,5,15,11,110111100001000011000000100110,1,1,0,0.65,0.21739129722118378,7,5
6,5,15,16,110111100001000011000000100110,1,1,0,0.59,0.5205479264259338,1,1
6,5,15,17,110111100001000011000000100110,1,1,0,0.18,0.10000000149011612,7,4
6,5,15,24,110111100001000011000000100110,1,1,0,0.36,0.5362318754196167,1,1
6,5,15,27,110111100001000011000000100110,1,1,0,0.74,0.8510638475418091,7,4
6,5,15,28,110111100001000011000000100110,1,1,0,0.35,0.447761207818985,6,3
6,5,16,0,100110001101000101010001011111,1,1,0,0.1,0.046875,7,3
6,5,16,3,100110001101000101010001011111,1,1,0,0.68,0.734375,7,4
6,5,16,4,100110001101000101010001011111,1,1,0,0.62,0.4888888895511627,1,1
6,5,16,8,100110001101000101010001011111,1,1,0,0.75,0.6639999747276306,6,4
6,5,16,9,100110001101000101010001011111,1,1,0,0.39,0.5769230723381042,1,1
6,5,16,11,100110001101000101010001011111,1,1,0,0.65,0.21739129722118378,7,5
6,5,16,15,100110001101000101010001011111,1,1,0,0.45,0.6000000238418579,5,3
6,5,16,17,100110001101000101010001011111,1,1,0,0.18,0.10000000149011612,7,4
6,5,16,19,100110001101000101010001011111,1,1,0,0.75,0.2638888955116272,7,3
6,5,16,23,100110001101000101010001011111,1,1,0,0.64,0.6969696879386902,4,2
6,5,16,25,100110001101000101010001011111,1,1,0,0.25,0.41025641560554504,7,5
6,5,16,26,100110001101000101010001011111,1,1,0,0.74,0.24038460850715637,1,1
6,5,16,27,100110001101000101010001011111,1,1,0,0.74,0.8510638475418091,7,4
6,5,16,28,100110001101000101010001011111,1,1,0,0.35,0.447761207818985,6,3
6,5,16,29,100110001101000101010001011111,1,1,0,0.42,0.3025210201740265,1,1
6,5,17,0,100001001000010000010110101010,1,1,0,0.1,0.046875,7,3
6,5,17,5,100001001000010000010110101010,1,1,0,0.75,0.4137931168079376,6,4
6,5,17,8,100001001000010000010110101010,1,1,0,0.75,0.6639999747276306,6,4
6,5,17,13,100001001000010000010110101010,1,1,0,0.57,0.47999998927116394,7,3
6,5,17,19,100001001000010000010110101010,1,1,0,0.75,0.2638888955116272,7,3
6,5,17,21,100001001000010000010110101010,1,1,0,0.94,0.47058823704719543,5,2
6,5,17,22,100001001000010000010110101010,1,1,0,0.24,0.6595744490623474,5,2
6,5,17,24,100001001000010000010110101010,1,1,0,0.36,0.5362318754196167,1,1
6,5,17,26,100001001000010000010110101010,1,1,0,0.74,0.24038460850715637,1,1
6,5,17,28,100001001000010000010110101010,1,1,0,0.35,0.447761207818985,6,3
6,5,18,0,110100101010010010001101100101,1,1,0,0.1,0.046875,7,3
6,5,18,1,110100101010010010001101100101,1,1,0,0.75,0.5166666507720947,6,4
6,5,18,3,110100101010010010001101100101,1,1,0,0.68,0.734375,7,4
6,5,18,6,110100101010010010001101100101,1,1,0,0.54,0.5526315569877625,7,2
6,5,18,8,110100101010010010001101100101,1,1,0,0.75,0.6639999747276306,6,4
6,5,18,10,110100101010010010001101100101,1,1,0,0.47,0.38749998807907104,6,2
6,5,18,13,110100101010010010001101100101,1,1,0,0.57,0.47999998927116394,7,3
6,5,18,16,110100101010010010001101100101,1,1,0,0.59,0.5205479264259338,1,1
6,5,18,20,110100101010010010001101100101,1,1,0,0.79,0.6060606241226196,7,3
6,5,18,21,110100101010010010001101100101,1,1,0,0.94,0.47058823704719543,5,2
6,5,18,23,110100101010010010001101100101,1,1,0,0.64,0.6969696879386902,4,2
6,5,18,24,110100101010010010001101100101,1,1,0,0.36,0.5362318754196167,1,1
6,5,18,27,110100101010010010001101100101,1,1,0,0.74,0.8510638475418091,7,4
6,5,18,29,110100101010010010001101100101,1,1,0,0.42,0.3025210201740265,1,1
6,5,19,0,110011001010010010001101110101,1,1,0,0.1,0.046875,7,3
6,5,19,1,110011001010010010001101110101,1,1,0,0.75,0.5166666507720947,6,4
6,5,19,4,110011001010010010001101110101,1,1,0,0.62,0.4888888895511627,1,1
6,5,19,5,110011001010010010001101110101,1,1,0,0.75,0.4137931168079376,6,4
6,5,19,8,110011001010010010001101110101,1,1,0,0.75,0.6639999747276306,6,4
6,5,19,10,110011001010010010001101110101,1,1,0,0.47,0.38749998807907104,6,2
6,5,19,13,110011001010010010001101110101,1,1,0,0.57,0.47999998927116394,7,3
6,5,19,16,110011001010010010001101110101,1,1,0,0.59,0.5205479264259338,1,1
6,5,19,20,110011001010010010001101110101,1,1,0,0.79,0.6060606241226196,7,3
6,5,19,21,110011001010010010001101110101,1,1,0,0.94,0.47058823704719543,5,2
6,5,19,23,110011001010010010001101110101,1,1,0,0.64,0.6969696879386902,4,2
6,5,19,24,110011001010010010001101110101,1,1,0,0.36,0.5362318754196167,1,1
6,5,19,25,110011001010010010001101110101,1,1,0,0.25,0.41025641560554504,7,5
6,5,19,27,110011001010010010001101110101,1,1,0,0.74,0.8510638475418091,7,4
6,5,19,29,110011001010010010001101110101,1,1,0,0.42,0.3025210201740265,1,1
6,5,20,1,010010101010111000000001011111,1,1,0,0.75,0.5166666507720947,6,4
6,5,20,4,010010101010111000000001011111,1,1,0,0.62,0.4888888895511627,1,1
6,5,20,6,010010101010111000000001011111,1,1,0,0.54,0.5526315569877625,7,2
6,5,20,8,010010101010111000000001011111,1,1,0,0.75,0.6639999747276306,6,4
6,5,20,10,010010101010111000000001011111,1,1,0,0.47,0.38749998807907104,6,2
6,5,20,12,010010101010111000000001011111,1,1,0,0.75,0.6140350699424744,7,4
6,5,20,13,010010101010111000000001011111,1,1,0,0.57,0.47999998927116394,7,3
6,5,20,14,010010101010111000000001011111,1,1,0,0.63,0.7857142686843872,5,3
6,5,20,23,010010101010111000000001011111,1,1,0,0.64,0.6969696879386902,4,2
6,5,20,25,010010101010111000000001011111,1,1,0,0.25,0.41025641560554504,7,5
6,5,20,26,010010101010111000000001011111,1,1,0,0.74,0.24038460850715637,1,1
6,5,20,27,010010101010111000000001011111,1,1,0,0.74,0.8510638475418091,7,4
6,5,20,28,010010101010111000000001011111,1,1,0,0.35,0.447761207818985,6,3
6,5,20,29,010010101010111000000001011111,1,1,0,0.42,0.3025210201740265,1,1
6,5,21,4,000010100011000000010100100100,1,1,0,0.62,0.4888888895511627,1,1
6,5,21,6,000010100011000000010100100100,1,1,0,0.54,0.5526315569877625,7,2
6,5,21,10,000010100011000000010100100100,1,1,0,0.47,0.38749998807907104,6,2
6,5,21,11,000010100011000000010100100100,1,1,0,0.65,0.21739129722118378,7,5
6,5,21,19,000010100011000000010100100100,1,1,0,0.75,0.2638888955116272,7,3
6,5,21,21,000010100011000000010100100100,1,1,0,0.94,0.47058823704719543,5,2
6,5,21,24,000010100011000000010100100100,1,1,0,0.36,0.5362318754196167,1,1
6,5,21,27,000010100011000000010100100100,1,1,0,0.74,0.8510638475418091,7,4
7,1,0,0,110001001000101101111011110100,1,1,0,0.15,0.15625,7,3
7,1,0,1,110001001000101101111011110100,1,1,0,0.8,0.5,6,4
7,1,0,5,110001001000101101111011110100,1,1,0,0.65,0.6206896305084229,8,5
7,1,0,8,110001001000101101111011110100,1,1,0,0.8,0.8960000276565552,6,4
7,1,0,12,110001001000101101111011110100,1,1,0,0.8,0.5789473652839661,7,4
7,1,0,14,110001001000101101111011110100,1,1,0,0.68,0.8469387888908386,5,3
7,1,0,15,110001001000101101111011110100,1,1,0,0.5,0.6066666841506958,5,3
7,1,0,17,110001001000101101111011110100,1,1,0,0.23,0.36666667461395264,7,4
7,1,0,18,110001001000101101111011110100,1,1,0,0.72,0.6307692527770996,7,3
7,1,0,19,110001001000101101111011110100,1,1,0,0.8,0.4583333432674408,7,3
7,1,0,20,110001001000101101111011110100,1,1,0,0.69,0.5151515007019043,8,4
7,1,0,22,110001001000101101111011110100,1,1,0,0.29,0.5957446694374084,5,2
7,1,0,23,110001001000101101111011110100,1,1,0,0.69,0.6515151262283325,4,2
7,1,0,24,110001001000101101111011110100,1,1,0,0.26,0.6811594367027283,8,2
7,1,0,25,110001001000101101111011110100,1,1,0,0.3,0.5641025900840759,7,5
7,1,0,27,110001001000101101111011110100,1,1,0,0.64,0.8510638475418091,8,5
7,1,1,0,101011001010010010001100100001,1,1,0,0.15,0.15625,7,3
7,1,1,2,101011001010010010001100100001,1,1,0,0.56,0.7692307829856873,7,3
7,1,1,4,101011001010010010001100100001,1,1,0,0.52,0.4888888895511627,8,2
7,1,1,5,101011001010010010001100100001,1,1,0,0.65,0.6206896305084229,8,5
7,1,1,8,101011001010010010001100100001,1,1,0,0.8,0.8960000276565552,6,4
7,1,1,10,101011001010010010001100100001,1,1,0,0.37,0.550000011920929,8,3
7,1,1,13,101011001010010010001100100001,1,1,0,0.47,0.7200000286102295,8,4
7,1,1,16,101011001010010010001100100001,1,1,0,0.49,0.6164383292198181,8,2
7,1,1,20,101011001010010010001100100001,1,1,0,0.69,0.5151515007019043,8,4
7,1,1,21,101011001010010010001100100001,1,1,0,0.84,0.29411765933036804,8,3
7,1,1,24,101011001010010010001100100001,1,1,0,0.26,0.6811594367027283,8,2
7,1,1,29,101011001010010010001100100001,1,1,0,0.47,0.3361344635486603,1,1
7,1,2,1,010110100011000011000000110000,1,1,0,0.8,0.5,6,4
7,1,2,3,010110100011000011000000110000,1,1,0,0.73,0.8125,7,4
7,1,2,4,010110100011000011000000110000,1,1,0,0.52,0.4888888895511627,8,2
7,1,2,6,010110100011000011000000110000,1,1,0,0.59,0.5,7,2
7,1,2,10,010110100011000011000000110000,1,1,0,0.37,0.550000011920929,8,3
7,1,2,11,010110100011000011000000110000,1,1,0,0.7,0.5652173757553101,7,5
7,1,2,16,010110100011000011000000110000,1,1,0,0.49,0.6164383292198181,8,2
7,1,2,17,010110100011000011000000110000,1,1,0,0.23,0.36666667461395264,7,4
7,1,2,24,010110100011000011000000110000,1,1,0,0.26,0.6811594367027283,8,2
7,1,2,25,010110100011000011000000110000,1,1,0,0.3,0.5641025900840759,7,5
7,1,3,0,110000000111101100011001110110,1,1,0,0.15,0.15625,7,3
7,1,3,1,110000000111101100011001110110,1,1,0,0.8,0.5,6,4
7,1,3,9,110000000111101100011001110110,1,1,0,0.44,0.692307710647583,1,1
7,1,3,10,110000000111101100011001110110,1,1,0,0.37,0.550000011920929,8,3
7,1,3,11,110000000111101100011001110110,1,1,0,0.7,0.5652173757553101,7,5
7,1,3,12,110000000111101100011001110110,1,1,0,0.8,0.5789473652839661,7,4
7,1,3,14,110000000111101100011001110110,1,1,0,0.68,0.8469387888908386,5,3
7,1,3,15,110000000111101100011001110110,1,1,0,0.5,0.6066666841506958,5,3
7,1,3,19,110000000111101100011001110110,1,1,0,0.8,0.4583333432674408,7,3
7,1,3,20,110000000111101100011001110110,1,1,0,0.69,0.5151515007019043,8,4
7,1,3,23,110000000111101100011001110110,1,1,0,0.69,0.6515151262283325,4,2
7,1,3,24,110000000111101100011001110110,1,1,0,0.26,0.6811594367027283,8,2
7,1,3,25,110000000111101100011001110110,1,1,0,0.3,0.5641025900840759,7,5
7,1,3,27,110000000111101100011001110110,1,1,0,0.64,0.8510638475418091,8,5
7,1,3,28,110000000111101100011001110110,1,1,0,0.4,0.49253731966018677,6,3
7,1,4,0,111111101011110101010101000011,1,1,0,0.15,0.15625,7,3
7,1,4,1,111111101011110101010101000011,1,1,0,0.8,0.5,6,4
7,1,4,2,111111101011110101010101000011,1,1,0,0.56,0.7692307829856873,7,3
7,1,4,3,111111101011110101010101000011,1,1,0,0.73,0.8125,7,4
7,1,4,4,111111101011110101010101000011,1,1,0,0.52,0.4888888895511627,8,2
7,1,4,5,111111101011110101010101000011,1,1,0,0.65,0.6206896305084229,8,5
7,1,4,6,111111101011110101010101000011,1,1,0,0.59,0.5,7,2
7,1,4,8,111111101011110101010101000011,1,1,0,0.8,0.8960000276565552,6,4
7,1,4,10,111111101011110101010101000011,1,1,0,0.37,0.550000011920929,8,3
7,1,4,11,111111101011110101010101000011,1,1,0,0.7,0.5652173757553101,7,5
7,1,4,12,111111101011110101010101000011,1,1,0,0.8,0.5789473652839661,7,4
7,1,4,13,111111101011110101010101000011,1,1,0,0.47,0.7200000286102295,8,4
7,1,4,15,111111101011110101010101000011,1,1,0,0.5,0.6066666841506958,5,3
7,1,4,17,111111101011110101010101000011,1,1,0,0.23,0.36666667461395264,7,4
7,1,4,19,111111101011110101010101000011,1,1,0,0.8,0.4583333432674408,7,3
7,1,4,21,111111101011110101010101000011,1,1,0,0.84,0.29411765933036804,8,3
7,1,4,23,111111101011110101010101000011,1,1,0,0.69,0.6515151262283325,4,2
7,1,4,28,111111101011110101010101000011,1,1,0,0.4,0.49253731966018677,6,3
7,1,4,29,111111101011110101010101000011,1,1,0,0.47,0.3361344635486603,1,1
7,1,5,0,100000011110110101010110010010,1,1,0,0.15,0.15625,7,3
7,1,5,7,100000011110110101010110010010,1,1,0,0.36,0.6296296119689941,1,1
7,1,5,8,100000011110110101010110010010,1,1,0,0.8,0.8960000276565552,6,4
7,1,5,9,100000011110110101010110010010,1,1,0,0.44,0.692307710647583,1,1
7,1,5,10,100000011110110101010110010010,1,1,0,0.37,0.550000011920929,8,3
7,1,5,12,100000011110110101010110010010,1,1,0,0.8,0.5789473652839661,7,4
7,1,5,13,100000011110110101010110010010,1,1,0,0.47,0.7200000286102295,8,4
7,1,5,15,100000011110110101010110010010,1,1,0,0.5,0.6066666841506958,5,3
7,1,5,17,100000011110110101010110010010,1,1,0,0.23,0.36666667461395264,7,4
7,1,5,19,100000011110110101010110010010,1,1,0,0.8,0.4583333432674408,7,3
7,1,5,21,100000011110110101010110010010,1,1,0,0.84,0.29411765933036804,8,3
7,1,5,22,100000011110110101010110010010,1,1,0,0.29,0.5957446694374084,5,2
7,1,5,25,100000011110110101010110010010,1,1,0,0.3,0.5641025900840759,7,5
7,1,5,28,100000011110110101010110010010,1,1,0,0.4,0.49253731966018677,6,3
7,1,6,1,011101010000000111110100000111,1,1,0,0.8,0.5,6,4
7,1,6,2,011101010000000111110100000111,1,1,0,0.56,0.7692307829856873,7,3
7,1,6,3,011101010000000111110100000111,1,1,0,0.73,0.8125,7,4
7,1,6,5,011101010000000111110100000111,1,1,0,0.65,0.6206896305084229,8,5
7,1,6,7,011101010000000111110100000111,1,1,0,0.36,0.6296296119689941,1,1
7,1,6,15,011101010000000111110100000111,1,1,0,0.5,0.6066666841506958,5,3
7,1,6,16,011101010000000111110100000111,1,1,0,0.49,0.6164383292198181,8,2
7,1,6,17,011101010000000111110100000111,1,1,0,0.23,0.36666667461395264,7,4
7,1,6,18,011101010000000111110100000111,1,1,0,0.72,0.6307692527770996,7,3
7,1,6,19,011101010000000111110100000111,1,1,0,0.8,0.4583333432674408,7,3
7,1,6,21,011101010000000111110100000111,1,1,0,0.84,0.29411765933036804,8,3
7,1,6,27,011101010000000111110100000111,1,1,0,0.64,0.8510638475418091,8,5
7,1,6,28,011101010000000111110100000111,1,1,0,0.4,0.49253731966018677,6,3
7,1,6,29,011101010000000111110100000111,1,1,0,0.47,0.3361344635486603,1,1
7,1,7,0,100101011110101111011101010101,1,1,0,0.15,0.15625,7,3
7,1,7,3,100101011110101111011101010101,1,1,0,0.73,0.8125,7,4
7,1,7,5,100101011110101111011101010101,1,1,0,0.65,0.6206896305084229,8,5
7,1,7,7,100101011110101111011101010101,1,1,0,0.36,0.6296296119689941,1,1
7,1,7,8,100101011110101111011101010101,1,1,0,0.8,0.8960000276565552,6,4
7,1,7,9,100101011110101111011101010101,1,1,0,0.44,0.692307710647583,1,1
7,1,7,10,100101011110101111011101010101,1,1,0,0.37,0.550000011920929,8,3
7,1,7,12,100101011110101111011101010101,1,1,0,0.8,0.5789473652839661,7,4
7,1,7,14,100101011110101111011101010101,1,1,0,0.68,0.8469387888908386,5,3
7,1,7,15,100101011110101111011101010101,1,1,0,0.5,0.6066666841506958,5,3
7,1,7,16,100101011110101111011101010101,1,1,0,0.49,0.6164383292198181,8,2
7,1,7,17,100101011110101111011101010101,1,1,0,0.23,0.36666667461395264,7,4
7,1,7,19,100101011110101111011101010101,1,1,0,0.8,0.4583333432674408,7,3
7,1,7,20,100101011110101111011101010101,1,1,0,0.69,0.5151515007019043,8,4
7,1,7,21,100101011110101111011101010101,1,1,0,0.84,0.29411765933036804,8,3
7,1,7,23,100101011110101111011101010101,1,1,0,0.69,0.6515151262283325,4,2
7,1,7,25,100101011110101111011101010101,1,1,0,0.3,0.5641025900840759,7,5
7,1,7,27,100101011110101111011101010101,1,1,0,0.64,0.8510638475418091,8,5
7,1,7,29,100101011110101111011101010101,1,1,0,0.47,0.3361344635486603,1,1
7,1,8,0,100111100111011101101110010101,1,1,0,0.15,0.15625,7,3
7,1,8,3,100111100111011101101110010101,1,1,0,0.73,0.8125,7,4
7,1,8,4,100111100111011101101110010101,1,1,0,0.52,0.4888888895511627,8,2
7,1,8,5,100111100111011101101110010101,1,1,0,0.65,0.6206896305084229,8,5
7,1,8,6,100111100111011101101110010101,1,1,0,0.59,0.5,7,2
7,1,8,9,100111100111011101101110010101,1,1,0,0.44,0.692307710647583,1,1
7,1,8,10,100111100111011101101110010101,1,1,0,0.37,0.550000011920929,8,3
7,1,8,11,100111100111011101101110010101,1,1,0,0.7,0.5652173757553101,7,5
7,1,8,13,100111100111011101101110010101,1,1,0,0.47,0.7200000286102295,8,4
7,1,8,14,100111100111011101101110010101,1,1,0,0.68,0.8469387888908386,5,3
7,1,8,15,100111100111011101101110010101,1,1,0,0.5,0.6066666841506958,5,3
7,1,8,17,100111100111011101101110010101,1,1,0,0.23,0.36666667461395264,7,4
7,1,8,18,100111100111011101101110010101,1,1,0,0.72,0.6307692527770996,7,3
7,1,8,20,100111100111011101101110010101,1,1,0,0.69,0.5151515007019043,8,4
7,1,8,21,100111100111011101101110010101,1,1,0,0.84,0.29411765933036804,8,3
7,1,8,22,100111100111011101101110010101,1,1,0,0.29,0.5957446694374084,5,2
7,1,8,25,100111100111011101101110010101,1,1,0,0.3,0.5641025900840759,7,5
7,1,8,27,100111100111011101101110010101,1,1,0,0.64,0.8510638475418091,8,5
7,1,8,29,100111100111011101101110010101,1,1,0,0.47,0.3361344635486603,1,1
7,1,9,0,110010101010111100000001011111,1,1,0,0.15,0.15625,7,3
7,1,9,1,110010101010111100000001011111,1,1,0,0.8,0.5,6,4
7,1,9,4,110010101010111100000001011111,1,1,0,0.52,0.4888888895511627,8,2
7,1,9,6,110010101010111100000001011111,1,1,0,0.59,0.5,7,2
7,1,9,8,110010101010111100000001011111,1,1,0,0.8,0.8960000276565552,6,4
7,1,9,10,110010101010111100000001011111,1,1,0,0.37,0.550000011920929,8,3
7,1,9,12,110010101010111100000001011111,1,1,0,0.8,0.5789473652839661,7,4
7,1,9,13,110010101010111100000001011111,1,1,0,0.47,0.7200000286102295,8,4
7,1,9,14,110010101010111100000001011111,1,1,0,0.68,0.8469387888908386,5,3
7,1,9,15,110010101010111100000001011111,1,1,0,0.5,0.6066666841506958,5,3
7,1,9,23,110010101010111100000001011111,1,1,0,0.69,0.6515151262283325,4,2
7,1,9,25,110010101010111100000001011111,1,1,0,0.3,0.5641025900840759,7,5
7,1,9,26,110010101010111100000001011111,1,1,0,0.79,0.6442307829856873,1,1
7,1,9,27,110010101010111100000001011111,1,1,0,0.64,0.8510638475418091,8,5
7,1,9,28,110010101010111100000001011111,1,1,0,0.4,0.49253731966018677,6,3
7,1,9,29,110010101010111100000001011111,1,1,0,0.47,0.3361344635486603,1,1
7,1,10,0,101001001011101010100100101001,1,1,0,0.15,0.15625,7,3
7,1,10,2,101001001011101010100100101001,1,1,0,0.56,0.7692307829856873,7,3
7,1,10,5,101001001011101010100100101001,1,1,0,0.65,0.6206896305084229,8,5
7,1,10,8,101001001011101010100100101001,1,1,0,0.8,0.8960000276565552,6,4
7,1,10,10,101001001011101010100100101001,1,1,0,0.37,0.550000011920929,8,3
7,1,10,11,101001001011101010100100101001,1,1,0,0.7,0.5652173757553101,7,5
7,1,10,12,101001001011101010100100101001,1,1,0,0.8,0.5789473652839661,7,4
7,1,10,14,101001001011101010100100101001,1,1,0,0.68,0.8469387888908386,5,3
7,1,10,16,101001001011101010100100101001,1,1,0,0.49,0.6164383292198181,8,2
7,1,10,18,101001001011101010100100101001,1,1,0,0.72,0.6307692527770996,7,3
7,1,10,21,101001001011101010100100101001,1,1,0,0.84,0.29411765933036804,8,3
7,1,10,24,101001001011101010100100101001,1,1,0,0.26,0.6811594367027283,8,2
7,1,10,26,101001001011101010100100101001,1,1,0,0.79,0.6442307829856873,1,1
7,1,10,29,101001001011101010100100101001,1,1,0,0.47,0.3361344635486603,1,1
7,1,11,0,111101110011010101011111010001,1,1,0,0.15,0.15625,7,3
7,1,11,1,111101110011010101011111010001,1,1,0,0.8,0.5,6,4
7,1,11,2,111101110011010101011111010001,1,1,0,0.56,0.7692307829856873,7,3
7,1,11,3,111101110011010101011111010001,1,1,0,0.73,0.8125,7,4
7,1,11,5,111101110011010101011111010001,1,1,0,0.65,0.6206896305084229,8,5
7,1,11,6,111101110011010101011111010001,1,1,0,0.59,0.5,7,2
7,1,11,7,111101110011010101011111010001,1,1,0,0.36,0.6296296119689941,1,1
7,1,11,10,111101110011010101011111010001,1,1,0,0.37,0.550000011920929,8,3
7,1,11,11,111101110011010101011111010001,1,1,0,0.7,0.5652173757553101,7,5
7,1,11,13,111101110011010101011111010001,1,1,0,0.47,0.7200000286102295,8,4
7,1,11,15,111101110011010101011111010001,1,1,0,0.5,0.6066666841506958,5,3
7,1,11,17,111101110011010101011111010001,1,1,0,0.23,0.36666667461395264,7,4
7,1,11,19,111101110011010101011111010001,1,1,0,0.8,0.4583333432674408,7,3
7,1,11,20,111101110011010101011111010001,1,1,0,0.69,0.5151515007019043,8,4
7,1,11,21,111101110011010101011111010001,1,1,0,0.84,0.29411765933036804,8,3
7,1,11,22,111101110011010101011111010001,1,1,0,0.29,0.5957446694374084,5,2
7,1,11,23,111101110011010101011111010001,1,1,0,0.69,0.6515151262283325,4,2
7,1,11,25,111101110011010101011111010001,1,1,0,0.3,0.5641025900840759,7,5
7,1,11,29,111101110011010101011111010001,1,1,0,0.47,0.3361344635486603,1,1
7,2,0,0,110001001000101101111011110100,1,1,0,0.15,0.15625,7,3
7,2,0,1,110001001000101101111011110100,1,1,0,0.8,0.5,6,4
7,2,0,5,110001001000101101111011110100,1,1,0,0.65,0.6206896305084229,8,5
7,2,0,8,110001001000101101111011110100,1,1,0,0.8,0.8960000276565552,6,4
7,2,0,12,110001001000101101111011110100,1,1,0,0.8,0.5789473652839661,7,4
7,2,0,14,110001001000101101111011110100,1,1,0,0.68,0.8469387888908386,5,3
7,2,0,15,110001001000101101111011110100,1,1,0,0.5,0.6066666841506958,5,3
7,2,0,17,110001001000101101111011110100,1,1,0,0.23,0.36666667461395264,7,4
7,2,0,18,110001001000101101111011110100,1,1,0,0.72,0.6307692527770996,7,3
7,2,0,19,110001001000101101111011110100,1,1,0,0.8,0.4583333432674408,7,3
7,2,0,20,110001001000101101111011110100,1,1,0,0.69,0.5151515007019043,8,4
7,2,0,22,110001001000101101111011110100,1,1,0,0.29,0.5957446694374084,5,2
7,2,0,23,110001001000101101111011110100,1,1,0,0.69,0.6515151262283325,4,2
7,2,0,24,110001001000101101111011110100,1,1,0,0.26,0.6811594367027283,8,2
7,2,0,25,110001001000101101111011110100,1,1,0,0.3,0.5641025900840759,7,5
7,2,0,27,110001001000101101111011110100,1,1,0,0.64,0.8510638475418091,8,5
7,2,1,0,101011001010010010001100100001,1,1,0,0.15,0.15625,7,3
7,2,1,2,101011001010010010001100100001,1,1,0,0.56,0.7692307829856873,7,3
7,2,1,4,101011001010010010001100100001,1,1,0,0.52,0.4888888895511627,8,2
7,2,1,5,101011001010010010001100100001,1,1,0,0.65,0.6206896305084229,8,5
7,2,1,8,101011001010010010001100100001,1,1,0,0.8,0.8960000276565552,6,4
7,2,1,10,101011001010010010001100100001,1,1,0,0.37,0.550000011920929,8,3
7,2,1,13,101011001010010010001100100001,1,1,0,0.47,0.7200000286102295,8,4
7,2,1,16,101011001010010010001100100001,1,1,0,0.49,0.6164383292198181,8,2
7,2,1,20,101011001010010010001100100001,1,1,0,0.69,0.5151515007019043,8,4
7,2,1,21,101011001010010010001100100001,1,1,0,0.84,0.29411765933036804,8,3
7,2,1,24,101011001010010010001100100001,1,1,0,0.26,0.6811594367027283,8,2
7,2,1,29,101011001010010010001100100001,1,1,0,0.47,0.3361344635486603,1,1
7,2,2,1,010110100011000011000000110000,1,1,0,0.8,0.5,6,4
7,2,2,3,010110100011000011000000110000,1,1,0,0.73,0.8125,7,4
7,2,2,4,010110100011000011000000110000,1,1,0,0.52,0.4888888895511627,8,2
7,2,2,6,010110100011000011000000110000,1,1,0,0.59,0.5,7,2
7,2,2,10,010110100011000011000000110000,1,1,0,0.37,0.550000011920929,8,3
7,2,2,11,010110100011000011000000110000,1,1,0,0.7,0.5652173757553101,7,5
7,2,2,16,010110100011000011000000110000,1,1,0,0.49,0.6164383292198181,8,2
7,2,2,17,010110100011000011000000110000,1,1,0,0.23,0.36666667461395264,7,4
7,2,2,24,010110100011000011000000110000,1,1,0,0.26,0.6811594367027283,8,2
7,2,2,25,010110100011000011000000110000,1,1,0,0.3,0.5641025900840759,7,5
7,2,3,0,111111101011110101010101000011,1,1,0,0.15,0.15625,7,3
7,2,3,1,111111101011110101010101000011,1,1,0,0.8,0.5,6,4
7,2,3,2,111111101011110101010101000011,1,1,0,0.56,0.7692307829856873,7,3
7,2,3,3,111111101011110101010101000011,1,1,0,0.73,0.8125,7,4
7,2,3,4,111111101011110101010101000011,1,1,0,0.52,0.4888888895511627,8,2
7,2,3,5,111111101011110101010101000011,1,1,0,0.65,0.6206896305084229,8,5
7,2,3,6,111111101011110101010101000011,1,1,0,0.59,0.5,7,2
7,2,3,8,111111101011110101010101000011,1,1,0,0.8,0.8960000276565552,6,4
7,2,3,10,111111101011110101010101000011,1,1,0,0.37,0.550000011920929,8,3
7,2,3,11,111111101011110101010101000011,1,1,0,0.7,0.5652173757553101,7,5
7,2,3,12,111111101011110101010101000011,1,1,0,0.8,0.5789473652839661,7,4
7,2,3,13,111111101011110101010101000011,1,1,0,0.47,0.7200000286102295,8,4
7,2,3,15,111111101011110101010101000011,1,1,0,0.5,0.6066666841506958,5,3
7,2,3,17,111111101011110101010101000011,1,1,0,0.23,0.36666667461395264,7,4
7,2,3,19,111111101011110101010101000011,1,1,0,0.8,0.4583333432674408,7,3
7,2,3,21,111111101011110101010101000011,1,1,0,0.84,0.29411765933036804,8,3
7,2,3,23,111111101011110101010101000011,1,1,0,0.69,0.6515151262283325,4,2
7,2,3,28,111111101011110101010101000011,1,1,0,0.4,0.49253731966018677,6,3
7,2,3,29,111111101011110101010101000011,1,1,0,0.47,0.3361344635486603,1,1
7,2,4,1,011101010000000111110100000111,1,1,0,0.8,0.5,6,4
7,2,4,2,011101010000000111110100000111,1,1,0,0.56,0.7692307829856873,7,3
7,2,4,3,011101010000000111110100000111,1,1,0,0.73,0.8125,7,4
7,2,4,5,011101010000000111110100000111,1,1,0,0.65,0.6206896305084229,8,5
7,2,4,7,011101010000000111110100000111,1,1,0,0.36,0.6296296119689941,1,1
7,2,4,15,011101010000000111110100000111,1,1,0,0.5,0.6066666841506958,5,3
7,2,4,16,011101010000000111110100000111,1,1,0,0.49,0.6164383292198181,8,2
7,2,4,17,011101010000000111110100000111,1,1,0,0.23,0.36666667461395264,7,4
7,2,4,18,011101010000000111110100000111,1,1,0,0.72,0.6307692527770996,7,3
7,2,4,19,011101010000000111110100000111,1,1,0,0.8,0.4583333432674408,7,3
7,2,4,21,011101010000000111110100000111,1,1,0,0.84,0.29411765933036804,8,3
7,2,4,27,011101010000000111110100000111,1,1,0,0.64,0.8510638475418091,8,5
7,2,4,28,011101010000000111110100000111,1,1,0,0.4,0.49253731966018677,6,3
7,2,4,29,011101010000000111110100000111,1,1,0,0.47,0.3361344635486603,1,1
7,2,5,0,100101011110101111011101010101,1,1,0,0.15,0.15625,7,3
7,2,5,3,100101011110101111011101010101,1,1,0,0.73,0.8125,7,4
7,2,5,5,100101011110101111011101010101,1,1,0,0.65,0.6206896305084229,8,5
7,2,5,7,100101011110101111011101010101,1,1,0,0.36,0.6296296119689941,1,1
7,2,5,8,100101011110101111011101010101,1,1,0,0.8,0.8960000276565552,6,4
7,2,5,9,100101011110101111011101010101,1,1,0,0.44,0.692307710647583,1,1
7,2,5,10,100101011110101111011101010101,1,1,0,0.37,0.550000011920929,8,3
7,2,5,12,100101011110101111011101010101,1,1,0,0.8,0.5789473652839661,7,4
7,2,5,14,100101011110101111011101010101,1,1,0,0.68,0.8469387888908386,5,3
7,2,5,15,100101011110101111011101010101,1,1,0,0.5,0.6066666841506958,5,3
7,2,5,16,100101011110101111011101010101,1,1,0,0.49,0.6164383292198181,8,2
7,2,5,17,100101011110101111011101010101,1,1,0,0.23,0.36666667461395264,7,4
7,2,5,19,100101011110101111011101010101,1,1,0,0.8,0.4583333432674408,7,3
7,2,5,20,100101011110101111011101010101,1,1,0,0.69,0.5151515007019043,8,4
7,2,5,21,100101011110101111011101010101,1,1,0,0.84,0.29411765933036804,8,3
7,2,5,23,100101011110101111011101010101,1,1,0,0.69,0.6515151262283325,4,2
7,2,5,25,100101011110101111011101010101,1,1,0,0.3,0.5641025900840759,7,5
7,2,5,27,100101011110101111011101010101,1,1,0,0.64,0.8510638475418091,8,5
7,2,5,29,100101011110101111011101010101,1,1,0,0.47,0.3361344635486603,1,1
7,2,6,0,100111100111011101101110010101,1,1,0,0.15,0.15625,7,3
7,2,6,3,100111100111011101101110010101,1,1,0,0.73,0.8125,7,4
7,2,6,4,100111100111011101101110010101,1,1,0,0.52,0.4888888895511627,8,2
7,2,6,5,100111100111011101101110010101,1,1,0,0.65,0.6206896305084229,8,5
7,2,6,6,100111100111011101101110010101,1,1,0,0.59,0.5,7,2
7,2,6,9,100111100111011101101110010101,1,1,0,0.44,0.692307710647583,1,1
7,2,6,10,100111100111011101101110010101,1,1,0,0.37,0.550000011920929,8,3
7,2,6,11,100111100111011101101110010101,1,1,0,0.7,0.5652173757553101,7,5
7,2,6,13,100111100111011101101110010101,1,1,0,0.47,0.7200000286102295,8,4
7,2,6,14,100111100111011101101110010101,1,1,0,0.68,0.8469387888908386,5,3
7,2,6,15,100111100111011101101110010101,1,1,0,0.5,0.6066666841506958,5,3
7,2,6,17,100111100111011101101110010101,1,1,0,0.23,0.36666667461395264,7,4
7,2,6,18,100111100111011101101110010101,1,1,0,0.72,0.6307692527770996,7,3
7,2,6,20,100111100111011101101110010101,1,1,0,0.69,0.5151515007019043,8,4
7,2,6,21,100111100111011101101110010101,1,1,0,0.84,0.29411765933036804,8,3
7,2,6,22,100111100111011101101110010101,1,1,0,0.29,0.5957446694374084,5,2
7,2,6,25,100111100111011101101110010101,1,1,0,0.3,0.5641025900840759,7,5
7,2,6,27,100111100111011101101110010101,1,1,0,0.64,0.8510638475418091,8,5
7,2,6,29,100111100111011101101110010101,1,1,0,0.47,0.3361344635486603,1,1
7,2,7,0,110010101010111100000001011111,1,1,0,0.15,0.15625,7,3
7,2,7,1,110010101010111100000001011111,1,1,0,0.8,0.5,6,4
7,2,7,4,110010101010111100000001011111,1,1,0,0.52,0.4888888895511627,8,2
7,2,7,6,110010101010111100000001011111,1,1,0,0.59,0.5,7,2
7,2,7,8,110010101010111100000001011111,1,1,0,0.8,0.8960000276565552,6,4
7,2,7,10,110010101010111100000001011111,1,1,0,0.37,0.550000011920929,8,3
7,2,7,12,110010101010111100000001011111,1,1,0,0.8,0.5789473652839661,7,4
7,2,7,13,110010101010111100000001011111,1,1,0,0.47,0.7200000286102295,8,4
7,2,7,14,110010101010111100000001011111,1,1,0,0.68,0.8469387888908386,5,3
7,2,7,15,110010101010111100000001011111,1,1,0,0.5,0.6066666841506958,5,3
7,2,7,23,110010101010111100000001011111,1,1,0,0.69,0.6515151262283325,4,2
7,2,7,25,110010101010111100000001011111,1,1,0,0.3,0.5641025900840759,7,5
7,2,7,26,110010101010111100000001011111,1,1,0,0.79,0.6442307829856873,1,1
7,2,7,27,110010101010111100000001011111,1,1,0,0.64,0.8510638475418091,8,5
7,2,7,28,110010101010111100000001011111,1,1,0,0.4,0.49253731966018677,6,3
7,2,7,29,110010101010111100000001011111,1,1,0,0.47,0.3361344635486603,1,1
7,2,8,0,101001001011101010100100101001,1,1,0,0.15,0.15625,7,3
7,2,8,2,101001001011101010100100101001,1,1,0,0.56,0.7692307829856873,7,3
7,2,8,5,101001001011101010100100101001,1,1,0,0.65,0.6206896305084229,8,5
7,2,8,8,101001001011101010100100101001,1,1,0,0.8,0.8960000276565552,6,4
7,2,8,10,101001001011101010100100101001,1,1,0,0.37,0.550000011920929,8,3
7,2,8,11,101001001011101010100100101001,1,1,0,0.7,0.5652173757553101,7,5
7,2,8,12,101001001011101010100100101001,1,1,0,0.8,0.5789473652839661,7,4
7,2,8,14,101001001011101010100100101001,1,1,0,0.68,0.8469387888908386,5,3
7,2,8,16,101001001011101010100100101001,1,1,0,0.49,0.6164383292198181,8,2
7,2,8,18,101001001011101010100100101001,1,1,0,0.72,0.6307692527770996,7,3
7,2,8,21,101001001011101010100100101001,1,1,0,0.84,0.29411765933036804,8,3
7,2,8,24,101001001011101010100100101001,1,1,0,0.26,0.6811594367027283,8,2
7,2,8,26,101001001011101010100100101001,1,1,0,0.79,0.6442307829856873,1,1
7,2,8,29,101001001011101010100100101001,1,1,0,0.47,0.3361344635486603,1,1
7,2,9,0,100111100101011010101110010101,1,1,0,0.15,0.15625,7,3
7,2,9,3,100111100101011010101110010101,1,1,0,0.73,0.8125,7,4
7,2,9,4,100111100101011010101110010101,1,1,0,0.52,0.4888888895511627,8,2
7,2,9,5,100111100101011010101110010101,1,1,0,0.65,0.6206896305084229,8,5
7,2,9,6,100111100101011010101110010101,1,1,0,0.59,0.5,7,2
7,2,9,9,100111100101011010101110010101,1,1,0,0.44,0.692307710647583,1,1
7,2,9,11,100111100101011010101110010101,1,1,0,0.7,0.5652173757553101,7,5
7,2,9,13,100111100101011010101110010101,1,1,0,0.47,0.7200000286102295,8,4
7,2,9,14,100111100101011010101110010101,1,1,0,0.68,0.8469387888908386,5,3
7,2,9,16,100111100101011010101110010101,1,1,0,0.49,0.6164383292198181,8,2
7,2,9,18,100111100101011010101110010101,1,1,0,0.72,0.6307692527770996,7,3
7,2,9,20,100111100101011010101110010101,1,1,0,0.69,0.5151515007019043,8,4
7,2,9,21,100111100101011010101110010101,1,1,0,0.84,0.29411765933036804,8,3
7,2,9,22,100111100101011010101110010101,1,1,0,0.29,0.5957446694374084,5,2
7,2,9,25,100111100101011010101110010101,1,1,0,0.3,0.5641025900840759,7,5
7,2,9,27,100111100101011010101110010101,1,1,0,0.64,0.8510638475418091,8,5
7,2,9,29,100111100101011010101110010101,1,1,0,0.47,0.3361344635486603,1,1
7,2,10,0,100101100011010101011100010101,1,1,0,0.15,0.15625,7,3
7,2,10,3,100101100011010101011100010101,1,1,0,0.73,0.8125,7,4
7,2,10,5,100101100011010101011100010101,1,1,0,0.65,0.6206896305084229,8,5
7,2,10,6,100101100011010101011100010101,1,1,0,0.59,0.5,7,2
7,2,10,10,100101100011010101011100010101,1,1,0,0.37,0.550000011920929,8,3
7,2,10,11,100101100011010101011100010101,1,1,0,0.7,0.5652173757553101,7,5
7,2,10,13,100101100011010101011100010101,1,1,0,0.47,0.7200000286102295,8,4
7,2,10,15,100101100011010101011100010101,1,1,0,0.5,0.6066666841506958,5,3
7,2,10,17,100101100011010101011100010101,1,1,0,0.23,0.36666667461395264,7,4
7,2,10,19,100101100011010101011100010101,1,1,0,0.8,0.4583333432674408,7,3
7,2,10,20,100101100011010101011100010101,1,1,0,0.69,0.5151515007019043,8,4
7,2,10,21,100101100011010101011100010101,1,1,0,0.84,0.29411765933036804,8,3
7,2,10,25,100101100011010101011100010101,1,1,0,0.3,0.5641025900840759,7,5
7,2,10,27,100101100011010101011100010101,1,1,0,0.64,0.8510638475418091,8,5
7,2,10,29,100101100011010101011100010101,1,1,0,0.47,0.3361344635486603,1,1
7,2,11,0,110101110010110101010101000011,1,1,0,0.15,0.15625,7,3
7,2,11,1,110101110010110101010101000011,1,1,0,0.8,0.5,6,4
7,2,11,3,110101110010110101010101000011,1,1,0,0.73,0.8125,7,4
7,2,11,5,110101110010110101010101000011,1,1,0,0.65,0.6206896305084229,8,5
7,2,11,6,110101110010110101010101000011,1,1,0,0.59,0.5,7,2
7,2,11,7,110101110010110101010101000011,1,1,0,0.36,0.6296296119689941,1,1
7,2,11,10,110101110010110101010101000011,1,1,0,0.37,0.550000011920929,8,3
7,2,11,12,110101110010110101010101000011,1,1,0,0.8,0.5789473652839661,7,4
7,2,11,13,110101110010110101010101000011,1,1,0,0.47,0.7200000286102295,8,4
7,2,11,15,110101110010110101010101000011,1,1,0,0.5,0.6066666841506958,5,3
7,2,11,17,110101110010110101010101000011,1,1,0,0.23,0.36666667461395264,7,4
7,2,11,19,110101110010110101010101000011,1,1,0,0.8,0.4583333432674408,7,3
7,2,11,21,110101110010110101010101000011,1,1,0,0.84,0.29411765933036804,8,3
7,2,11,23,110101110010110101010101000011,1,1,0,0.69,0.6515151262283325,4,2
7,2,11,28,110101110010110101010101000011,1,1,0,0.4,0.49253731966018677,6,3
7,2,11,29,110101110010110101010101000011,1,1,0,0.47,0.3361344635486603,1,1
7,2,12,0,101100100000101111111000010101,1,1,0,0.15,0.15625,7,3
7,2,12,2,101100100000101111111000010101,1,1,0,0.56,0.7692307829856873,7,3
7,2,12,3,101100100000101111111000010101,1,1,0,0.73,0.8125,7,4
7,2,12,6,101100100000101111111000010101,1,1,0,0.59,0.5,7,2
7,2,12,12,101100100000101111111000010101,1,1,0,0.8,0.5789473652839661,7,4
7,2,12,14,101100100000101111111000010101,1,1,0,0.68,0.8469387888908386,5,3
7,2,12,15,101100100000101111111000010101,1,1,0,0.5,0.6066666841506958,5,3
7,2,12,16,101100100000101111111000010101,1,1,0,0.49,0.6164383292198181,8,2
7,2,12,17,101100100000101111111000010101,1,1,0,0.23,0.36666667461395264,7,4
7,2,12,18,101100100000101111111000010101,1,1,0,0.72,0.6307692527770996,7,3
7,2,12,19,101100100000101111111000010101,1,1,0,0.8,0.4583333432674408,7,3
7,2,12,20,101100100000101111111000010101,1,1,0,0.69,0.5151515007019043,8,4
7,2,12,25,101100100000101111111000010101,1,1,0,0.3,0.5641025900840759,7,5
7,2,12,27,101100100000101111111000010101,1,1,0,0.64,0.8510638475418091,8,5
7,2,12,29,101100100000101111111000010101,1,1,0,0.47,0.3361344635486603,1,1
7,2,13,0,110010101010111000000001011101,1,1,0,0.15,0.15625,7,3
7,2,13,1,110010101010111000000001011101,1,1,0,0.8,0.5,6,4
7,2,13,4,110010101010111000000001011101,1,1,0,0.52,0.4888888895511627,8,2
7,2,13,6,110010101010111000000001011101,1,1,0,0.59,0.5,7,2
7,2,13,8,110010101010111000000001011101,1,1,0,0.8,0.8960000276565552,6,4
7,2,13,10,110010101010111000000001011101,1,1,0,0.37,0.550000011920929,8,3
7,2,13,12,110010101010111000000001011101,1,1,0,0.8,0.5789473652839661,7,4
7,2,13,13,110010101010111000000001011101,1,1,0,0.47,0.7200000286102295,8,4
7,2,13,14,110010101010111000000001011101,1,1,0,0.68,0.8469387888908386,5,3
7,2,13,23,110010101010111000000001011101,1,1,0,0.69,0.6515151262283325,4,2
7,2,13,25,110010101010111000000001011101,1,1,0,0.3,0.5641025900840759,7,5
7,2,13,26,110010101010111000000001011101,1,1,0,0.79,0.6442307829856873,1,1
7,2,13,27,110010101010111000000001011101,1,1,0,0.64,0.8510638475418091,8,5
7,2,13,29,110010101010111000000001011101,1,1,0,0.47,0.3361344635486603,1,1
7,2,14,0,110110000111101101000001100000,1,1,0,0.15,0.15625,7,3
7,2,14,1,110110000111101101000001100000,1,1,0,0.8,0.5,6,4
7,2,14,3,110110000111101101000001100000,1,1,0,0.73,0.8125,7,4
7,2,14,4,110110000111101101000001100000,1,1,0,0.52,0.4888888895511627,8,2
7,2,14,9,110110000111101101000001100000,1,1,0,0.44,0.692307710647583,1,1
7,2,14,10,110110000111101101000001100000,1,1,0,0.37,0.550000011920929,8,3
7,2,14,11,110110000111101101000001100000,1,1,0,0.7,0.5652173757553101,7,5
7,2,14,12,110110000111101101000001100000,1,1,0,0.8,0.5789473652839661,7,4
7,2,14,14,110110000111101101000001100000,1,1,0,0.68,0.8469387888908386,5,3
7,2,14,15,110110000111101101000001100000,1,1,0,0.5,0.6066666841506958,5,3
7,2,14,17,110110000111101101000001100000,1,1,0,0.23,0.36666667461395264,7,4
7,2,14,23,110110000111101101000001100000,1,1,0,0.69,0.6515151262283325,4,2
7,2,14,24,110110000111101101000001100000,1,1,0,0.26,0.6811594367027283,8,2
7,2,15,0,111101111011010101011111010001,1,1,0,0.15,0.15625,7,3
7,2,15,1,111101111011010101011111010001,1,1,0,0.8,0.5,6,4
7,2,15,2,111101111011010101011111010001,1,1,0,0.56,0.7692307829856873,7,3
7,2,15,3,111101111011010101011111010001,1,1,0,0.73,0.8125,7,4
7,2,15,5,111101111011010101011111010001,1,1,0,0.65,0.6206896305084229,8,5
7,2,15,6,111101111011010101011111010001,1,1,0,0.59,0.5,7,2
7,2,15,7,111101111011010101011111010001,1,1,0,0.36,0.6296296119689941,1,1
7,2,15,8,111101111011010101011111010001,1,1,0,0.8,0.8960000276565552,6,4
7,2,15,10,111101111011010101011111010001,1,1,0,0.37,0.550000011920929,8,3
7,2,15,11,111101111011010101011111010001,1,1,0,0.7,0.5652173757553101,7,5
7,2,15,13,111101111011010101011111010001,1,1,0,0.47,0.7200000286102295,8,4
7,2,15,15,111101111011010101011111010001,1,1,0,0.5,0.6066666841506958,5,3
7,2,15,17,111101111011010101011111010001,1,1,0,0.23,0.36666667461395264,7,4
7,2,15,19,111101111011010101011111010001,1,1,0,0.8,0.4583333432674408,7,3
7,2,15,20,111101111011010101011111010001,1,1,0,0.69,0.5151515007019043,8,4
7,2,15,21,111101111011010101011111010001,1,1,0,0.84,0.29411765933036804,8,3
7,2,15,22,111101111011010101011111010001,1,1,0,0.29,0.5957446694374084,5,2
7,2,15,23,111101111011010101011111010001,1,1,0,0.69,0.6515151262283325,4,2
7,2,15,25,111101111011010101011111010001,1,1,0,0.3,0.5641025900840759,7,5
7,2,15,29,111101111011010101011111010001,1,1,0,0.47,0.3361344635486603,1,1
7,2,16,0,101111101001100000100000000111,1,1,0,0.15,0.15625,7,3
7,2,16,2,101111101001100000100000000111,1,1,0,0.56,0.7692307829856873,7,3
7,2,16,3,101111101001100000100000000111,1,1,0,0.73,0.8125,7,4
7,2,16,4,101111101001100000100000000111,1,1,0,0.52,0.4888888895511627,8,2
7,2,16,5,101111101001100000100000000111,1,1,0,0.65,0.6206896305084229,8,5
7,2,16,6,101111101001100000100000000111,1,1,0,0.59,0.5,7,2
7,2,16,8,101111101001100000100000000111,1,1,0,0.8,0.8960000276565552,6,4
7,2,16,11,101111101001100000100000000111,1,1,0,0.7,0.5652173757553101,7,5
7,2,16,12,101111101001100000100000000111,1,1,0,0.8,0.5789473652839661,7,4
7,2,16,18,101111101001100000100000000111,1,1,0,0.72,0.6307692527770996,7,3
7,2,16,27,101111101001100000100000000111,1,1,0,0.64,0.8510638475418091,8,5
7,2,16,28,101111101001100000100000000111,1,1,0,0.4,0.49253731966018677,6,3
7,2,16,29,101111101001100000100000000111,1,1,0,0.47,0.3361344635486603,1,1
7,2,17,0,110101110001101101111011001111,1,1,0,0.15,0.15625,7,3
7,2,17,1,110101110001101101111011001111,1,1,0,0.8,0.5,6,4
7,2,17,3,110101110001101101111011001111,1,1,0,0.73,0.8125,7,4
7,2,17,5,110101110001101101111011001111,1,1,0,0.65,0.6206896305084229,8,5
7,2,17,6,110101110001101101111011001111,1,1,0,0.59,0.5,7,2
7,2,17,7,110101110001101101111011001111,1,1,0,0.36,0.6296296119689941,1,1
7,2,17,11,110101110001101101111011001111,1,1,0,0.7,0.5652173757553101,7,5
7,2,17,12,110101110001101101111011001111,1,1,0,0.8,0.5789473652839661,7,4
7,2,17,14,110101110001101101111011001111,1,1,0,0.68,0.8469387888908386,5,3
7,2,17,15,110101110001101101111011001111,1,1,0,0.5,0.6066666841506958,5,3
7,2,17,17,110101110001101101111011001111,1,1,0,0.23,0.36666667461395264,7,4
7,2,17,18,110101110001101101111011001111,1,1,0,0.72,0.6307692527770996,7,3
7,2,17,19,110101110001101101111011001111,1,1,0,0.8,0.4583333432674408,7,3
7,2,17,20,110101110001101101111011001111,1,1,0,0.69,0.5151515007019043,8,4
7,2,17,22,110101110001101101111011001111,1,1,0,0.29,0.5957446694374084,5,2
7,2,17,23,110101110001101101111011001111,1,1,0,0.69,0.6515151262283325,4,2
7,2,17,26,110101110001101101111011001111,1,1,0,0.79,0.6442307829856873,1,1
7,2,17,27,110101110001101101111011001111,1,1,0,0.64,0.8510638475418091,8,5
7,2,17,28,110101110001101101111011001111,1,1,0,0.4,0.49253731966018677,6,3
7,2,17,29,110101110001101101111011001111,1,1,0,0.47,0.3361344635486603,1,1
7,2,18,0,101111111000101010110010001100,1,1,0,0.15,0.15625,7,3
7,2,18,2,101111111000101010110010001100,1,1,0,0.56,0.7692307829856873,7,3
7,2,18,3,101111111000101010110010001100,1,1,0,0.73,0.8125,7,4
7,2,18,4,101111111000101010110010001100,1,1,0,0.52,0.4888888895511627,8,2
7,2,18,5,101111111000101010110010001100,1,1,0,0.65,0.6206896305084229,8,5
7,2,18,6,101111111000101010110010001100,1,1,0,0.59,0.5,7,2
7,2,18,7,101111111000101010110010001100,1,1,0,0.36,0.6296296119689941,1,1
7,2,18,8,101111111000101010110010001100,1,1,0,0.8,0.8960000276565552,6,4
7,2,18,12,101111111000101010110010001100,1,1,0,0.8,0.5789473652839661,7,4
7,2,18,14,101111111000101010110010001100,1,1,0,0.68,0.8469387888908386,5,3
7,2,18,16,101111111000101010110010001100,1,1,0,0.49,0.6164383292198181,8,2
7,2,18,18,101111111000101010110010001100,1,1,0,0.72,0.6307692527770996,7,3
7,2,18,19,101111111000101010110010001100,1,1,0,0.8,0.4583333432674408,7,3
7,2,18,22,101111111000101010110010001100,1,1,0,0.29,0.5957446694374084,5,2
7,2,18,26,101111111000101010110010001100,1,1,0,0.79,0.6442307829856873,1,1
7,2,18,27,101111111000101010110010001100,1,1,0,0.64,0.8510638475418091,8,5
7,3,0,0,111111101011110101010101000011,1,1,0,0.15,0.15625,7,3
7,3,0,1,111111101011110101010101000011,1,1,0,0.8,0.5,6,4
7,3,0,2,111111101011110101010101000011,1,1,0,0.56,0.7692307829856873,7,3
7,3,0,3,111111101011110101010101000011,1,1,0,0.73,0.8125,7,4
7,3,0,4,111111101011110101010101000011,1,1,0,0.52,0.4888888895511627,8,2
7,3,0,5,111111101011110101010101000011,1,1,0,0.65,0.6206896305084229,8,5
7,3,0,6,111111101011110101010101000011,1,1,0,0.59,0.5,7,2
7,3,0,8,111111101011110101010101000011,1,1,0,0.8,0.8960000276565552,6,4
7,3,0,10,111111101011110101010101000011,1,1,0,0.37,0.550000011920929,8,3
7,3,0,11,111111101011110101010101000011,1,1,0,0.7,0.5652173757553101,7,5
7,3,0,12,111111101011110101010101000011,1,1,0,0.8,0.5789473652839661,7,4
7,3,0,13,111111101011110101010101000011,1,1,0,0.47,0.7200000286102295,8,4
7,3,0,15,111111101011110101010101000011,1,1,0,0.5,0.6066666841506958,5,3
7,3,0,17,111111101011110101010101000011,1,1,0,0.23,0.36666667461395264,7,4
7,3,0,19,111111101011110101010101000011,1,1,0,0.8,0.4583333432674408,7,3
7,3,0,21,111111101011110101010101000011,1,1,0,0.84,0.29411765933036804,8,3
7,3,0,23,111111101011110101010101000011,1,1,0,0.69,0.6515151262283325,4,2
7,3,0,28,111111101011110101010101000011,1,1,0,0.4,0.49253731966018677,6,3
7,3,0,29,111111101011110101010101000011,1,1,0,0.47,0.3361344635486603,1,1
7,3,1,0,110010101010111100000001011111,1,1,0,0.15,0.15625,7,3
7,3,1,1,110010101010111100000001011111,1,1,0,0.8,0.5,6,4
7,3,1,4,110010101010111100000001011111,1,1,0,0.52,0.4888888895511627,8,2
7,3,1,6,110010101010111100000001011111,1,1,0,0.59,0.5,7,2
7,3,1,8,110010101010111100000001011111,1,1,0,0.8,0.8960000276565552,6,4
7,3,1,10,110010101010111100000001011111,1,1,0,0.37,0.550000011920929,8,3
7,3,1,12,110010101010111100000001011111,1,1,0,0.8,0.5789473652839661,7,4
7,3,1,13,110010101010111100000001011111,1,1,0,0.47,0.7200000286102295,8,4
7,3,1,14,110010101010111100000001011111,1,1,0,0.68,0.8469387888908386,5,3
7,3,1,15,110010101010111100000001011111,1,1,0,0.5,0.6066666841506958,5,3
7,3,1,23,110010101010111100000001011111,1,1,0,0.69,0.6515151262283325,4,2
7,3,1,25,110010101010111100000001011111,1,1,0,0.3,0.5641025900840759,7,5
7,3,1,26,110010101010111100000001011111,1,1,0,0.79,0.6442307829856873,1,1
7,3,1,27,110010101010111100000001011111,1,1,0,0.64,0.8510638475418091,8,5
7,3,1,28,110010101010111100000001011111,1,1,0,0.4,0.49253731966018677,6,3
7,3,1,29,110010101010111100000001011111,1,1,0,0.47,0.3361344635486603,1,1
7,3,2,0,101001001011101010100100101001,1,1,0,0.15,0.15625,7,3
7,3,2,2,101001001011101010100100101001,1,1,0,0.56,0.7692307829856873,7,3
7,3,2,5,101001001011101010100100101001,1,1,0,0.65,0.6206896305084229,8,5
7,3,2,8,101001001011101010100100101001,1,1,0,0.8,0.8960000276565552,6,4
7,3,2,10,101001001011101010100100101001,1,1,0,0.37,0.550000011920929,8,3
7,3,2,11,101001001011101010100100101001,1,1,0,0.7,0.5652173757553101,7,5
7,3,2,12,101001001011101010100100101001,1,1,0,0.8,0.5789473652839661,7,4
7,3,2,14,101001001011101010100100101001,1,1,0,0.68,0.8469387888908386,5,3
7,3,2,16,101001001011101010100100101001,1,1,0,0.49,0.6164383292198181,8,2
7,3,2,18,101001001011101010100100101001,1,1,0,0.72,0.6307692527770996,7,3
7,3,2,21,101001001011101010100100101001,1,1,0,0.84,0.29411765933036804,8,3
7,3,2,24,101001001011101010100100101001,1,1,0,0.26,0.6811594367027283,8,2
7,3,2,26,101001001011101010100100101001,1,1,0,0.79,0.6442307829856873,1,1
7,3,2,29,101001001011101010100100101001,1,1,0,0.47,0.3361344635486603,1,1
7,3,3,0,100101100011010101011100010101,1,1,0,0.15,0.15625,7,3
7,3,3,3,100101100011010101011100010101,1,1,0,0.73,0.8125,7,4
7,3,3,5,100101100011010101011100010101,1,1,0,0.65,0.6206896305084229,8,5
7,3,3,6,100101100011010101011100010101,1,1,0,0.59,0.5,7,2
7,3,3,10,100101100011010101011100010101,1,1,0,0.37,0.550000011920929,8,3
7,3,3,11,100101100011010101011100010101,1,1,0,0.7,0.5652173757553101,7,5
7,3,3,13,100101100011010101011100010101,1,1,0,0.47,0.7200000286102295,8,4
7,3,3,15,100101100011010101011100010101,1,1,0,0.5,0.6066666841506958,5,3
7,3,3,17,100101100011010101011100010101,1,1,0,0.23,0.36666667461395264,7,4
7,3,3,19,100101100011010101011100010101,1,1,0,0.8,0.4583333432674408,7,3
7,3,3,20,100101100011010101011100010101,1,1,0,0.69,0.5151515007019043,8,4
7,3,3,21,100101100011010101011100010101,1,1,0,0.84,0.29411765933036804,8,3
7,3,3,25,100101100011010101011100010101,1,1,0,0.3,0.5641025900840759,7,5
7,3,3,27,100101100011010101011100010101,1,1,0,0.64,0.8510638475418091,8,5
7,3,3,29,100101100011010101011100010101,1,1,0,0.47,0.3361344635486603,1,1
7,3,4,0,110101110010110101010101000011,1,1,0,0.15,0.15625,7,3
7,3,4,1,110101110010110101010101000011,1,1,0,0.8,0.5,6,4
7,3,4,3,110101110010110101010101000011,1,1,0,0.73,0.8125,7,4
7,3,4,5,110101110010110101010101000011,1,1,0,0.65,0.6206896305084229,8,5
7,3,4,6,110101110010110101010101000011,1,1,0,0.59,0.5,7,2
7,3,4,7,110101110010110101010101000011,1,1,0,0.36,0.6296296119689941,1,1
7,3,4,10,110101110010110101010101000011,1,1,0,0.37,0.550000011920929,8,3
7,3,4,12,110101110010110101010101000011,1,1,0,0.8,0.5789473652839661,7,4
7,3,4,13,110101110010110101010101000011,1,1,0,0.47,0.7200000286102295,8,4
7,3,4,15,110101110010110101010101000011,1,1,0,0.5,0.6066666841506958,5,3
7,3,4,17,110101110010110101010101000011,1,1,0,0.23,0.36666667461395264,7,4
7,3,4,19,110101110010110101010101000011,1,1,0,0.8,0.4583333432674408,7,3
7,3,4,21,110101110010110101010101000011,1,1,0,0.84,0.29411765933036804,8,3
7,3,4,23,110101110010110101010101000011,1,1,0,0.69,0.6515151262283325,4,2
7,3,4,28,110101110010110101010101000011,1,1,0,0.4,0.49253731966018677,6,3
7,3,4,29,110101110010110101010101000011,1,1,0,0.47,0.3361344635486603,1,1
7,3,5,0,110101110001101101111011001111,1,1,0,0.15,0.15625,7,3
7,3,5,1,110101110001101101111011001111,1,1,0,0.8,0.5,6,4
7,3,5,3,110101110001101101111011001111,1,1,0,0.73,0.8125,7,4
7,3,5,5,110101110001101101111011001111,1,1,0,0.65,0.6206896305084229,8,5
7,3,5,6,110101110001101101111011001111,1,1,0,0.59,0.5,7,2
7,3,5,7,110101110001101101111011001111,1,1,0,0.36,0.6296296119689941,1,1
7,3,5,11,110101110001101101111011001111,1,1,0,0.7,0.5652173757553101,7,5
7,3,5,12,110101110001101101111011001111,1,1,0,0.8,0.5789473652839661,7,4
7,3,5,14,110101110001101101111011001111,1,1,0,0.68,0.8469387888908386,5,3
7,3,5,15,110101110001101101111011001111,1,1,0,0.5,0.6066666841506958,5,3
7,3,5,17,110101110001101101111011001111,1,1,0,0.23,0.36666667461395264,7,4
7,3,5,18,110101110001101101111011001111,1,1,0,0.72,0.6307692527770996,7,3
7,3,5,19,110101110001101101111011001111,1,1,0,0.8,0.4583333432674408,7,3
7,3,5,20,110101110001101101111011001111,1,1,0,0.69,0.5151515007019043,8,4
7,3,5,22,110101110001101101111011001111,1,1,0,0.29,0.5957446694374084,5,2
7,3,5,23,110101110001101101111011001111,1,1,0,0.69,0.6515151262283325,4,2
7,3,5,26,110101110001101101111011001111,1,1,0,0.79,0.6442307829856873,1,1
7,3,5,27,110101110001101101111011001111,1,1,0,0.64,0.8510638475418091,8,5
7,3,5,28,110101110001101101111011001111,1,1,0,0.4,0.49253731966018677,6,3
7,3,5,29,110101110001101101111011001111,1,1,0,0.47,0.3361344635486603,1,1
7,3,6,0,101111111000101010110010001100,1,1,0,0.15,0.15625,7,3
7,3,6,2,101111111000101010110010001100,1,1,0,0.56,0.7692307829856873,7,3
7,3,6,3,101111111000101010110010001100,1,1,0,0.73,0.8125,7,4
7,3,6,4,101111111000101010110010001100,1,1,0,0.52,0.4888888895511627,8,2
7,3,6,5,101111111000101010110010001100,1,1,0,0.65,0.6206896305084229,8,5
7,3,6,6,101111111000101010110010001100,1,1,0,0.59,0.5,7,2
7,3,6,7,101111111000101010110010001100,1,1,0,0.36,0.6296296119689941,1,1
7,3,6,8,101111111000101010110010001100,1,1,0,0.8,0.8960000276565552,6,4
7,3,6,12,101111111000101010110010001100,1,1,0,0.8,0.5789473652839661,7,4
7,3,6,14,101111111000101010110010001100,1,1,0,0.68,0.8469387888908386,5,3
7,3,6,16,101111111000101010110010001100,1,1,0,0.49,0.6164383292198181,8,2
7,3,6,18,101111111000101010110010001100,1,1,0,0.72,0.6307692527770996,7,3
7,3,6,19,101111111000101010110010001100,1,1,0,0.8,0.4583333432674408,7,3
7,3,6,22,101111111000101010110010001100,1,1,0,0.29,0.5957446694374084,5,2
7,3,6,26,101111111000101010110010001100,1,1,0,0.79,0.6442307829856873,1,1
7,3,6,27,101111111000101010110010001100,1,1,0,0.64,0.8510638475418091,8,5
7,3,7,0,100101100011111001011100010101,1,1,0,0.15,0.15625,7,3
7,3,7,3,100101100011111001011100010101,1,1,0,0.73,0.8125,7,4
7,3,7,5,100101100011111001011100010101,1,1,0,0.65,0.6206896305084229,8,5
7,3,7,6,100101100011111001011100010101,1,1,0,0.59,0.5,7,2
7,3,7,10,100101100011111001011100010101,1,1,0,0.37,0.550000011920929,8,3
7,3,7,11,100101100011111001011100010101,1,1,0,0.7,0.5652173757553101,7,5
7,3,7,12,100101100011111001011100010101,1,1,0,0.8,0.5789473652839661,7,4
7,3,7,13,100101100011111001011100010101,1,1,0,0.47,0.7200000286102295,8,4
7,3,7,14,100101100011111001011100010101,1,1,0,0.68,0.8469387888908386,5,3
7,3,7,17,100101100011111001011100010101,1,1,0,0.23,0.36666667461395264,7,4
7,3,7,19,100101100011111001011100010101,1,1,0,0.8,0.4583333432674408,7,3
7,3,7,20,100101100011111001011100010101,1,1,0,0.69,0.5151515007019043,8,4
7,3,7,21,100101100011111001011100010101,1,1,0,0.84,0.29411765933036804,8,3
7,3,7,25,100101100011111001011100010101,1,1,0,0.3,0.5641025900840759,7,5
7,3,7,27,100101100011111001011100010101,1,1,0,0.64,0.8510638475418091,8,5
7,3,7,29,100101100011111001011100010101,1,1,0,0.47,0.3361344635486603,1,1
7,3,8,0,101011000011101000001101100001,1,1,0,0.15,0.15625,7,3
7,3,8,2,101011000011101000001101100001,1,1,0,0.56,0.7692307829856873,7,3
7,3,8,4,101011000011101000001101100001,1,1,0,0.52,0.4888888895511627,8,2
7,3,8,5,101011000011101000001101100001,1,1,0,0.65,0.6206896305084229,8,5
7,3,8,10,101011000011101000001101100001,1,1,0,0.37,0.550000011920929,8,3
7,3,8,11,101011000011101000001101100001,1,1,0,0.7,0.5652173757553101,7,5
7,3,8,12,101011000011101000001101100001,1,1,0,0.8,0.5789473652839661,7,4
7,3,8,14,101011000011101000001101100001,1,1,0,0.68,0.8469387888908386,5,3
7,3,8,20,101011000011101000001101100001,1,1,0,0.69,0.5151515007019043,8,4
7,3,8,21,101011000011101000001101100001,1,1,0,0.84,0.29411765933036804,8,3
7,3,8,23,101011000011101000001101100001,1,1,0,0.69,0.6515151262283325,4,2
7,3,8,24,101011000011101000001101100001,1,1,0,0.26,0.6811594367027283,8,2
7,3,8,29,101011000011101000001101100001,1,1,0,0.47,0.3361344635486603,1,1
7,3,9,0,110010101010111100100001001111,1,1,0,0.15,0.15625,7,3
7,3,9,1,110010101010111100100001001111,1,1,0,0.8,0.5,6,4
7,3,9,4,110010101010111100100001001111,1,1,0,0.52,0.4888888895511627,8,2
7,3,9,6,110010101010111100100001001111,1,1,0,0.59,0.5,7,2
7,3,9,8,110010101010111100100001001111,1,1,0,0.8,0.8960000276565552,6,4
7,3,9,10,110010101010111100100001001111,1,1,0,0.37,0.550000011920929,8,3
7,3,9,12,110010101010111100100001001111,1,1,0,0.8,0.5789473652839661,7,4
7,3,9,13,110010101010111100100001001111,1,1,0,0.47,0.7200000286102295,8,4
7,3,9,14,110010101010111100100001001111,1,1,0,0.68,0.8469387888908386,5,3
7,3,9,15,110010101010111100100001001111,1,1,0,0.5,0.6066666841506958,5,3
7,3,9,18,110010101010111100100001001111,1,1,0,0.72,0.6307692527770996,7,3
7,3,9,23,110010101010111100100001001111,1,1,0,0.69,0.6515151262283325,4,2
7,3,9,26,110010101010111100100001001111,1,1,0,0.79,0.6442307829856873,1,1
7,3,9,27,110010101010111100100001001111,1,1,0,0.64,0.8510638475418091,8,5
7,3,9,28,110010101010111100100001001111,1,1,0,0.4,0.49253731966018677,6,3
7,3,9,29,110010101010111100100001001111,1,1,0,0.47,0.3361344635486603,1,1
7,3,10,0,100101100011001011011000010101,1,1,0,0.15,0.15625,7,3
7,3,10,3,100101100011001011011000010101,1,1,0,0.73,0.8125,7,4
7,3,10,5,100101100011001011011000010101,1,1,0,0.65,0.6206896305084229,8,5
7,3,10,6,100101100011001011011000010101,1,1,0,0.59,0.5,7,2
7,3,10,10,100101100011001011011000010101,1,1,0,0.37,0.550000011920929,8,3
7,3,10,11,100101100011001011011000010101,1,1,0,0.7,0.5652173757553101,7,5
7,3,10,14,100101100011001011011000010101,1,1,0,0.68,0.8469387888908386,5,3
7,3,10,16,100101100011001011011000010101,1,1,0,0.49,0.6164383292198181,8,2
7,3,10,17,100101100011001011011000010101,1,1,0,0.23,0.36666667461395264,7,4
7,3,10,19,100101100011001011011000010101,1,1,0,0.8,0.4583333432674408,7,3
7,3,10,20,100101100011001011011000010101,1,1,0,0.69,0.5151515007019043,8,4
7,3,10,25,100101100011001011011000010101,1,1,0,0.3,0.5641025900840759,7,5
7,3,10,27,100101100011001011011000010101,1,1,0,0.64,0.8510638475418091,8,5
7,3,10,29,100101100011001011011000010101,1,1,0,0.47,0.3361344635486603,1,1
7,3,11,0,100101110001000101010101000011,1,1,0,0.15,0.15625,7,3
7,3,11,3,100101110001000101010101000011,1,1,0,0.73,0.8125,7,4
7,3,11,5,100101110001000101010101000011,1,1,0,0.65,0.6206896305084229,8,5
7,3,11,6,100101110001000101010101000011,1,1,0,0.59,0.5,7,2
7,3,11,7,100101110001000101010101000011,1,1,0,0.36,0.6296296119689941,1,1
7,3,11,11,100101110001000101010101000011,1,1,0,0.7,0.5652173757553101,7,5
7,3,11,15,100101110001000101010101000011,1,1,0,0.5,0.6066666841506958,5,3
7,3,11,17,100101110001000101010101000011,1,1,0,0.23,0.36666667461395264,7,4
7,3,11,19,100101110001000101010101000011,1,1,0,0.8,0.4583333432674408,7,3
7,3,11,21,100101110001000101010101000011,1,1,0,0.84,0.29411765933036804,8,3
7,3,11,23,100101110001000101010101000011,1,1,0,0.69,0.6515151262283325,4,2
7,3,11,28,100101110001000101010101000011,1,1,0,0.4,0.49253731966018677,6,3
7,3,11,29,100101110001000101010101000011,1,1,0,0.47,0.3361344635486603,1,1
7,3,12,0,111100100011000011000100110000,1,1,0,0.15,0.15625,7,3
7,3,12,1,111100100011000011000100110000,1,1,0,0.8,0.5,6,4
7,3,12,2,111100100011000011000100110000,1,1,0,0.56,0.7692307829856873,7,3
7,3,12,3,111100100011000011000100110000,1,1,0,0.73,0.8125,7,4
7,3,12,6,111100100011000011000100110000,1,1,0,0.59,0.5,7,2
7,3,12,10,111100100011000011000100110000,1,1,0,0.37,0.550000011920929,8,3
7,3,12,11,111100100011000011000100110000,1,1,0,0.7,0.5652173757553101,7,5
7,3,12,16,111100100011000011000100110000,1,1,0,0.49,0.6164383292198181,8,2
7,3,12,17,111100100011000011000100110000,1,1,0,0.23,0.36666667461395264,7,4
7,3,12,21,111100100011000011000100110000,1,1,0,0.84,0.29411765933036804,8,3
7,3,12,24,111100100011000011000100110000,1,1,0,0.26,0.6811594367027283,8,2
7,3,12,25,111100100011000011000100110000,1,1,0,0.3,0.5641025900840759,7,5
7,3,13,0,110000001001101100011001010110,1,1,0,0.15,0.15625,7,3
7,3,13,1,110000001001101100011001010110,1,1,0,0.8,0.5,6,4
7,3,13,8,110000001001101100011001010110,1,1,0,0.8,0.8960000276565552,6,4
7,3,13,11,110000001001101100011001010110,1,1,0,0.7,0.5652173757553101,7,5
7,3,13,12,110000001001101100011001010110,1,1,0,0.8,0.5789473652839661,7,4
7,3,13,14,110000001001101100011001010110,1,1,0,0.68,0.8469387888908386,5,3
7,3,13,15,110000001001101100011001010110,1,1,0,0.5,0.6066666841506958,5,3
7,3,13,19,110000001001101100011001010110,1,1,0,0.8,0.4583333432674408,7,3
7,3,13,20,110000001001101100011001010110,1,1,0,0.69,0.5151515007019043,8,4
7,3,13,23,110000001001101100011001010110,1,1,0,0.69,0.6515151262283325,4,2
7,3,13,25,110000001001101100011001010110,1,1,0,0.3,0.5641025900840759,7,5
7,3,13,27,110000001001101100011001010110,1,1,0,0.64,0.8510638475418091,8,5
7,3,13,28,110000001001101100011001010110,1,1,0,0.4,0.49253731966018677,6,3
7,3,14,0,101111101001100000011100000111,1,1,0,0.15,0.15625,7,3
7,3,14,2,101111101001100000011100000111,1,1,0,0.56,0.7692307829856873,7,3
7,3,14,3,101111101001100000011100000111,1,1,0,0.73,0.8125,7,4
7,3,14,4,101111101001100000011100000111,1,1,0,0.52,0.4888888895511627,8,2
7,3,14,5,101111101001100000011100000111,1,1,0,0.65,0.6206896305084229,8,5
7,3,14,6,101111101001100000011100000111,1,1,0,0.59,0.5,7,2
7,3,14,8,101111101001100000011100000111,1,1,0,0.8,0.8960000276565552,6,4
7,3,14,11,101111101001100000011100000111,1,1,0,0.7,0.5652173757553101,7,5
7,3,14,12,101111101001100000011100000111,1,1,0,0.8,0.5789473652839661,7,4
7,3,14,19,101111101001100000011100000111,1,1,0,0.8,0.4583333432674408,7,3
7,3,14,20,101111101001100000011100000111,1,1,0,0.69,0.5151515007019043,8,4
7,3,14,21,101111101001100000011100000111,1,1,0,0.84,0.29411765933036804,8,3
7,3,14,27,101111101001100000011100000111,1,1,0,0.64,0.8510638475418091,8,5
7,3,14,28,101111101001100000011100000111,1,1,0,0.4,0.49253731966018677,6,3
7,3,14,29,101111101001100000011100000111,1,1,0,0.47,0.3361344635486603,1,1
7,3,15,1,010000101000011101111011001111,1,1,0,0.8,0.5,6,4
7,3,15,6,010000101000011101111011001111,1,1,0,0.59,0.5,7,2
7,3,15,8,010000101000011101111011001111,1,1,0,0.8,0.8960000276565552,6,4
7,3,15,13,010000101000011101111011001111,1,1,0,0.47,0.7200000286102295,8,4
7,3,15,14,010000101000011101111011001111,1,1,0,0.68,0.8469387888908386,5,3
7,3,15,15,010000101000011101111011001111,1,1,0,0.5,0.6066666841506958,5,3
7,3,15,17,010000101000011101111011001111,1,1,0,0.23,0.36666667461395264,7,4
7,3,15,18,010000101000011101111011001111,1,1,0,0.72,0.6307692527770996,7,3
7,3,15,19,010000101000011101111011001111,1,1,0,0.8,0.4583333432674408,7,3
7,3,15,20,010000101000011101111011001111,1,1,0,0.69,0.5151515007019043,8,4
7,3,15,22,010000101000011101111011001111,1,1,0,0.29,0.5957446694374084,5,2
7,3,15,23,010000101000011101111011001111,1,1,0,0.69,0.6515151262283325,4,2
7,3,15,26,010000101000011101111011001111,1,1,0,0.79,0.6442307829856873,1,1
7,3,15,27,010000101000011101111011001111,1,1,0,0.64,0.8510638475418091,8,5
7,3,15,28,010000101000011101111011001111,1,1,0,0.4,0.49253731966018677,6,3
7,3,15,29,010000101000011101111011001111,1,1,0,0.47,0.3361344635486603,1,1
7,4,0,0,111111101011110101010101000011,1,1,0,0.15,0.15625,7,3
7,4,0,1,111111101011110101010101000011,1,1,0,0.8,0.5,6,4
7,4,0,2,111111101011110101010101000011,1,1,0,0.56,0.7692307829856873,7,3
7,4,0,3,111111101011110101010101000011,1,1,0,0.73,0.8125,7,4
7,4,0,4,111111101011110101010101000011,1,1,0,0.52,0.4888888895511627,8,2
7,4,0,5,111111101011110101010101000011,1,1,0,0.65,0.6206896305084229,8,5
7,4,0,6,111111101011110101010101000011,1,1,0,0.59,0.5,7,2
7,4,0,8,111111101011110101010101000011,1,1,0,0.8,0.8960000276565552,6,4
7,4,0,10,111111101011110101010101000011,1,1,0,0.37,0.550000011920929,8,3
7,4,0,11,111111101011110101010101000011,1,1,0,0.7,0.5652173757553101,7,5
7,4,0,12,111111101011110101010101000011,1,1,0,0.8,0.5789473652839661,7,4
7,4,0,13,111111101011110101010101000011,1,1,0,0.47,0.7200000286102295,8,4
7,4,0,15,111111101011110101010101000011,1,1,0,0.5,0.6066666841506958,5,3
7,4,0,17,111111101011110101010101000011,1,1,0,0.23,0.36666667461395264,7,4
7,4,0,19,111111101011110101010101000011,1,1,0,0.8,0.4583333432674408,7,3
7,4,0,21,111111101011110101010101000011,1,1,0,0.84,0.29411765933036804,8,3
7,4,0,23,111111101011110101010101000011,1,1,0,0.69,0.6515151262283325,4,2
7,4,0,28,111111101011110101010101000011,1,1,0,0.4,0.49253731966018677,6,3
7,4,0,29,111111101011110101010101000011,1,1,0,0.47,0.3361344635486603,1,1
7,4,1,0,110010101010111100000001011111,1,1,0,0.15,0.15625,7,3
7,4,1,1,110010101010111100000001011111,1,1,0,0.8,0.5,6,4
7,4,1,4,110010101010111100000001011111,1,1,0,0.52,0.4888888895511627,8,2
7,4,1,6,110010101010111100000001011111,1,1,0,0.59,0.5,7,2
7,4,1,8,110010101010111100000001011111,1,1,0,0.8,0.8960000276565552,6,4
7,4,1,10,110010101010111100000001011111,1,1,0,0.37,0.550000011920929,8,3
7,4,1,12,110010101010111100000001011111,1,1,0,0.8,0.5789473652839661,7,4
7,4,1,13,110010101010111100000001011111,1,1,0,0.47,0.7200000286102295,8,4
7,4,1,14,110010101010111100000001011111,1,1,0,0.68,0.8469387888908386,5,3
7,4,1,15,110010101010111100000001011111,1,1,0,0.5,0.6066666841506958,5,3
7,4,1,23,110010101010111100000001011111,1,1,0,0.69,0.6515151262283325,4,2
7,4,1,25,110010101010111100000001011111,1,1,0,0.3,0.5641025900840759,7,5
7,4,1,26,110010101010111100000001011111,1,1,0,0.79,0.6442307829856873,1,1
7,4,1,27,110010101010111100000001011111,1,1,0,0.64,0.8510638475418091,8,5
7,4,1,28,110010101010111100000001011111,1,1,0,0.4,0.49253731966018677,6,3
7,4,1,29,110010101010111100000001011111,1,1,0,0.47,0.3361344635486603,1,1
7,4,2,0,110101110010110101010101000011,1,1,0,0.15,0.15625,7,3
7,4,2,1,110101110010110101010101000011,1,1,0,0.8,0.5,6,4
7,4,2,3,110101110010110101010101000011,1,1,0,0.73,0.8125,7,4
7,4,2,5,110101110010110101010101000011,1,1,0,0.65,0.6206896305084229,8,5
7,4,2,6,110101110010110101010101000011,1,1,0,0.59,0.5,7,2
7,4,2,7,110101110010110101010101000011,1,1,0,0.36,0.6296296119689941,1,1
7,4,2,10,110101110010110101010101000011,1,1,0,0.37,0.550000011920929,8,3
7,4,2,12,110101110010110101010101000011,1,1,0,0.8,0.5789473652839661,7,4
7,4,2,13,110101110010110101010101000011,1,1,0,0.47,0.7200000286102295,8,4
7,4,2,15,110101110010110101010101000011,1,1,0,0.5,0.6066666841506958,5,3
7,4,2,17,110101110010110101010101000011,1,1,0,0.23,0.36666667461395264,7,4
7,4,2,19,110101110010110101010101000011,1,1,0,0.8,0.4583333432674408,7,3
7,4,2,21,110101110010110101010101000011,1,1,0,0.84,0.29411765933036804,8,3
7,4,2,23,110101110010110101010101000011,1,1,0,0.69,0.6515151262283325,4,2
7,4,2,28,110101110010110101010101000011,1,1,0,0.4,0.49253731966018677,6,3
7,4,2,29,110101110010110101010101000011,1,1,0,0.47,0.3361344635486603,1,1
7,4,3,0,100101100011111001011100010101,1,1,0,0.15,0.15625,7,3
7,4,3,3,100101100011111001011100010101,1,1,0,0.73,0.8125,7,4
7,4,3,5,100101100011111001011100010101,1,1,0,0.65,0.6206896305084229,8,5
7,4,3,6,100101100011111001011100010101,1,1,0,0.59,0.5,7,2
7,4,3,10,100101100011111001011100010101,1,1,0,0.37,0.550000011920929,8,3
7,4,3,11,100101100011111001011100010101,1,1,0,0.7,0.5652173757553101,7,5
7,4,3,12,100101100011111001011100010101,1,1,0,0.8,0.5789473652839661,7,4
7,4,3,13,100101100011111001011100010101,1,1,0,0.47,0.7200000286102295,8,4
7,4,3,14,100101100011111001011100010101,1,1,0,0.68,0.8469387888908386,5,3
7,4,3,17,100101100011111001011100010101,1,1,0,0.23,0.36666667461395264,7,4
7,4,3,19,100101100011111001011100010101,1,1,0,0.8,0.4583333432674408,7,3
7,4,3,20,100101100011111001011100010101,1,1,0,0.69,0.5151515007019043,8,4
7,4,3,21,100101100011111001011100010101,1,1,0,0.84,0.29411765933036804,8,3
7,4,3,25,100101100011111001011100010101,1,1,0,0.3,0.5641025900840759,7,5
7,4,3,27,100101100011111001011100010101,1,1,0,0.64,0.8510638475418091,8,5
7,4,3,29,100101100011111001011100010101,1,1,0,0.47,0.3361344635486603,1,1
7,4,4,0,101011000011101000001101100001,1,1,0,0.15,0.15625,7,3
7,4,4,2,101011000011101000001101100001,1,1,0,0.56,0.7692307829856873,7,3
7,4,4,4,101011000011101000001101100001,1,1,0,0.52,0.4888888895511627,8,2
7,4,4,5,101011000011101000001101100001,1,1,0,0.65,0.6206896305084229,8,5
7,4,4,10,101011000011101000001101100001,1,1,0,0.37,0.550000011920929,8,3
7,4,4,11,101011000011101000001101100001,1,1,0,0.7,0.5652173757553101,7,5
7,4,4,12,101011000011101000001101100001,1,1,0,0.8,0.5789473652839661,7,4
7,4,4,14,101011000011101000001101100001,1,1,0,0.68,0.8469387888908386,5,3
7,4,4,20,101011000011101000001101100001,1,1,0,0.69,0.5151515007019043,8,4
7,4,4,21,101011000011101000001101100001,1,1,0,0.84,0.29411765933036804,8,3
7,4,4,23,101011000011101000001101100001,1,1,0,0.69,0.6515151262283325,4,2
7,4,4,24,101011000011101000001101100001,1,1,0,0.26,0.6811594367027283,8,2
7,4,4,29,101011000011101000001101100001,1,1,0,0.47,0.3361344635486603,1,1
7,4,5,0,110010101010111100100001001111,1,1,0,0.15,0.15625,7,3
7,4,5,1,110010101010111100100001001111,1,1,0,0.8,0.5,6,4
7,4,5,4,110010101010111100100001001111,1,1,0,0.52,0.4888888895511627,8,2
7,4,5,6,110010101010111100100001001111,1,1,0,0.59,0.5,7,2
7,4,5,8,110010101010111100100001001111,1,1,0,0.8,0.8960000276565552,6,4
7,4,5,10,110010101010111100100001001111,1,1,0,0.37,0.550000011920929,8,3
7,4,5,12,110010101010111100100001001111,1,1,0,0.8,0.5789473652839661,7,4
7,4,5,13,110010101010111100100001001111,1,1,0,0.47,0.7200000286102295,8,4
7,4,5,14,110010101010111100100001001111,1,1,0,0.68,0.8469387888908386,5,3
7,4,5,15,110010101010111100100001001111,1,1,0,0.5,0.6066666841506958,5,3
7,4,5,18,110010101010111100100001001111,1,1,0,0.72,0.6307692527770996,7,3
7,4,5,23,110010101010111100100001001111,1,1,0,0.69,0.6515151262283325,4,2
7,4,5,26,110010101010111100100001001111,1,1,0,0.79,0.6442307829856873,1,1
7,4,5,27,110010101010111100100001001111,1,1,0,0.64,0.8510638475418091,8,5
7,4,5,28,110010101010111100100001001111,1,1,0,0.4,0.49253731966018677,6,3
7,4,5,29,110010101010111100100001001111,1,1,0,0.47,0.3361344635486603,1,1
7,4,6,0,100101100011001011011000010101,1,1,0,0.15,0.15625,7,3
7,4,6,3,100101100011001011011000010101,1,1,0,0.73,0.8125,7,4
7,4,6,5,100101100011001011011000010101,1,1,0,0.65,0.6206896305084229,8,5
7,4,6,6,100101100011001011011000010101,1,1,0,0.59,0.5,7,2
7,4,6,10,100101100011001011011000010101,1,1,0,0.37,0.550000011920929,8,3
7,4,6,11,100101100011001011011000010101,1,1,0,0.7,0.5652173757553101,7,5
7,4,6,14,100101100011001011011000010101,1,1,0,0.68,0.8469387888908386,5,3
7,4,6,16,100101100011001011011000010101,1,1,0,0.49,0.6164383292198181,8,2
7,4,6,17,100101100011001011011000010101,1,1,0,0.23,0.36666667461395264,7,4
7,4,6,19,100101100011001011011000010101,1,1,0,0.8,0.4583333432674408,7,3
7,4,6,20,100101100011001011011000010101,1,1,0,0.69,0.5151515007019043,8,4
7,4,6,25,100101100011001011011000010101,1,1,0,0.3,0.5641025900840759,7,5
7,4,6,27,100101100011001011011000010101,1,1,0,0.64,0.8510638475418091,8,5
7,4,6,29,100101100011001011011000010101,1,1,0,0.47,0.3361344635486603,1,1
7,4,7,0,100101110001000101010101000011,1,1,0,0.15,0.15625,7,3
7,4,7,3,100101110001000101010101000011,1,1,0,0.73,0.8125,7,4
7,4,7,5,100101110001000101010101000011,1,1,0,0.65,0.6206896305084229,8,5
7,4,7,6,100101110001000101010101000011,1,1,0,0.59,0.5,7,2
7,4,7,7,100101110001000101010101000011,1,1,0,0.36,0.6296296119689941,1,1
7,4,7,11,100101110001000101010101000011,1,1,0,0.7,0.5652173757553101,7,5
7,4,7,15,100101110001000101010101000011,1,1,0,0.5,0.6066666841506958,5,3
7,4,7,17,100101110001000101010101000011,1,1,0,0.23,0.36666667461395264,7,4
7,4,7,19,100101110001000101010101000011,1,1,0,0.8,0.4583333432674408,7,3
7,4,7,21,100101110001000101010101000011,1,1,0,0.84,0.29411765933036804,8,3
7,4,7,23,100101110001000101010101000011,1,1,0,0.69,0.6515151262283325,4,2
7,4,7,28,100101110001000101010101000011,1,1,0,0.4,0.49253731966018677,6,3
7,4,7,29,100101110001000101010101000011,1,1,0,0.47,0.3361344635486603,1,1
7,4,8,0,101111101001100000011100000111,1,1,0,0.15,0.15625,7,3
7,4,8,2,101111101001100000011100000111,1,1,0,0.56,0.7692307829856873,7,3
7,4,8,3,101111101001100000011100000111,1,1,0,0.73,0.8125,7,4
7,4,8,4,101111101001100000011100000111,1,1,0,0.52,0.4888888895511627,8,2
7,4,8,5,101111101001100000011100000111,1,1,0,0.65,0.6206896305084229,8,5
7,4,8,6,101111101001100000011100000111,1,1,0,0.59,0.5,7,2
7,4,8,8,101111101001100000011100000111,1,1,0,0.8,0.8960000276565552,6,4
7,4,8,11,101111101001100000011100000111,1,1,0,0.7,0.5652173757553101,7,5
7,4,8,12,101111101001100000011100000111,1,1,0,0.8,0.5789473652839661,7,4
7,4,8,19,101111101001100000011100000111,1,1,0,0.8,0.4583333432674408,7,3
7,4,8,20,101111101001100000011100000111,1,1,0,0.69,0.5151515007019043,8,4
7,4,8,21,101111101001100000011100000111,1,1,0,0.84,0.29411765933036804,8,3
7,4,8,27,101111101001100000011100000111,1,1,0,0.64,0.8510638475418091,8,5
7,4,8,28,101111101001100000011100000111,1,1,0,0.4,0.49253731966018677,6,3
7,4,8,29,101111101001100000011100000111,1,1,0,0.47,0.3361344635486603,1,1
7,4,9,1,010000101000011101111011001111,1,1,0,0.8,0.5,6,4
7,4,9,6,010000101000011101111011001111,1,1,0,0.59,0.5,7,2
7,4,9,8,010000101000011101111011001111,1,1,0,0.8,0.8960000276565552,6,4
7,4,9,13,010000101000011101111011001111,1,1,0,0.47,0.7200000286102295,8,4
7,4,9,14,010000101000011101111011001111,1,1,0,0.68,0.8469387888908386,5,3
7,4,9,15,010000101000011101111011001111,1,1,0,0.5,0.6066666841506958,5,3
7,4,9,17,010000101000011101111011001111,1,1,0,0.23,0.36666667461395264,7,4
7,4,9,18,010000101000011101111011001111,1,1,0,0.72,0.6307692527770996,7,3
7,4,9,19,010000101000011101111011001111,1,1,0,0.8,0.4583333432674408,7,3
7,4,9,20,010000101000011101111011001111,1,1,0,0.69,0.5151515007019043,8,4
7,4,9,22,010000101000011101111011001111,1,1,0,0.29,0.5957446694374084,5,2
7,4,9,23,010000101000011101111011001111,1,1,0,0.69,0.6515151262283325,4,2
7,4,9,26,010000101000011101111011001111,1,1,0,0.79,0.6442307829856873,1,1
7,4,9,27,010000101000011101111011001111,1,1,0,0.64,0.8510638475418091,8,5
7,4,9,28,010000101000011101111011001111,1,1,0,0.4,0.49253731966018677,6,3
7,4,9,29,010000101000011101111011001111,1,1,0,0.47,0.3361344635486603,1,1
7,4,10,0,110010101000111100011011111111,1,1,0,0.15,0.15625,7,3
7,4,10,1,110010101000111100011011111111,1,1,0,0.8,0.5,6,4
7,4,10,4,110010101000111100011011111111,1,1,0,0.52,0.4888888895511627,8,2
7,4,10,6,110010101000111100011011111111,1,1,0,0.59,0.5,7,2
7,4,10,8,110010101000111100011011111111,1,1,0,0.8,0.8960000276565552,6,4
7,4,10,12,110010101000111100011011111111,1,1,0,0.8,0.5789473652839661,7,4
7,4,10,13,110010101000111100011011111111,1,1,0,0.47,0.7200000286102295,8,4
7,4,10,14,110010101000111100011011111111,1,1,0,0.68,0.8469387888908386,5,3
7,4,10,15,110010101000111100011011111111,1,1,0,0.5,0.6066666841506958,5,3
7,4,10,19,110010101000111100011011111111,1,1,0,0.8,0.4583333432674408,7,3
7,4,10,20,110010101000111100011011111111,1,1,0,0.69,0.5151515007019043,8,4
7,4,10,22,110010101000111100011011111111,1,1,0,0.29,0.5957446694374084,5,2
7,4,10,23,110010101000111100011011111111,1,1,0,0.69,0.6515151262283325,4,2
7,4,10,24,110010101000111100011011111111,1,1,0,0.26,0.6811594367027283,8,2
7,4,10,25,110010101000111100011011111111,1,1,0,0.3,0.5641025900840759,7,5
7,4,10,26,110010101000111100011011111111,1,1,0,0.79,0.6442307829856873,1,1
7,4,10,27,110010101000111100011011111111,1,1,0,0.64,0.8510638475418091,8,5
7,4,10,28,110010101000111100011011111111,1,1,0,0.4,0.49253731966018677,6,3
7,4,10,29,110010101000111100011011111111,1,1,0,0.47,0.3361344635486603,1,1
7,4,11,0,101111101001100001011100000111,1,1,0,0.15,0.15625,7,3
7,4,11,2,101111101001100001011100000111,1,1,0,0.56,0.7692307829856873,7,3
7,4,11,3,101111101001100001011100000111,1,1,0,0.73,0.8125,7,4
7,4,11,4,101111101001100001011100000111,1,1,0,0.52,0.4888888895511627,8,2
7,4,11,5,101111101001100001011100000111,1,1,0,0.65,0.6206896305084229,8,5
7,4,11,6,101111101001100001011100000111,1,1,0,0.59,0.5,7,2
7,4,11,8,101111101001100001011100000111,1,1,0,0.8,0.8960000276565552,6,4
7,4,11,11,101111101001100001011100000111,1,1,0,0.7,0.5652173757553101,7,5
7,4,11,12,101111101001100001011100000111,1,1,0,0.8,0.5789473652839661,7,4
7,4,11,17,101111101001100001011100000111,1,1,0,0.23,0.36666667461395264,7,4
7,4,11,19,101111101001100001011100000111,1,1,0,0.8,0.4583333432674408,7,3
7,4,11,20,101111101001100001011100000111,1,1,0,0.69,0.5151515007019043,8,4
7,4,11,21,101111101001100001011100000111,1,1,0,0.84,0.29411765933036804,8,3
7,4,11,27,101111101001100001011100000111,1,1,0,0.64,0.8510638475418091,8,5
7,4,11,28,101111101001100001011100000111,1,1,0,0.4,0.49253731966018677,6,3
7,4,11,29,101111101001100001011100000111,1,1,0,0.47,0.3361344635486603,1,1
7,4,12,0,110100110010110101010101000011,1,1,0,0.15,0.15625,7,3
7,4,12,1,110100110010110101010101000011,1,1,0,0.8,0.5,6,4
7,4,12,3,110100110010110101010101000011,1,1,0,0.73,0.8125,7,4
7,4,12,6,110100110010110101010101000011,1,1,0,0.59,0.5,7,2
7,4,12,7,110100110010110101010101000011,1,1,0,0.36,0.6296296119689941,1,1
7,4,12,10,110100110010110101010101000011,1,1,0,0.37,0.550000011920929,8,3
7,4,12,12,110100110010110101010101000011,1,1,0,0.8,0.5789473652839661,7,4
7,4,12,13,110100110010110101010101000011,1,1,0,0.47,0.7200000286102295,8,4
7,4,12,15,110100110010110101010101000011,1,1,0,0.5,0.6066666841506958,5,3
7,4,12,17,110100110010110101010101000011,1,1,0,0.23,0.36666667461395264,7,4
7,4,12,19,110100110010110101010101000011,1,1,0,0.8,0.4583333432674408,7,3
7,4,12,21,110100110010110101010101000011,1,1,0,0.84,0.29411765933036804,8,3
7,4,12,23,110100110010110101010101000011,1,1,0,0.69,0.6515151262283325,4,2
7,4,12,28,110100110010110101010101000011,1,1,0,0.4,0.49253731966018677,6,3
7,4,12,29,110100110010110101010101000011,1,1,0,0.47,0.3361344635486603,1,1
7,4,13,1,011101011000101010110100000011,1,1,0,0.8,0.5,6,4
7,4,13,2,011101011000101010110100000011,1,1,0,0.56,0.7692307829856873,7,3
7,4,13,3,011101011000101010110100000011,1,1,0,0.73,0.8125,7,4
7,4,13,5,011101011000101010110100000011,1,1,0,0.65,0.6206896305084229,8,5
7,4,13,7,011101011000101010110100000011,1,1,0,0.36,0.6296296119689941,1,1
7,4,13,8,011101011000101010110100000011,1,1,0,0.8,0.8960000276565552,6,4
7,4,13,12,011101011000101010110100000011,1,1,0,0.8,0.5789473652839661,7,4
7,4,13,14,011101011000101010110100000011,1,1,0,0.68,0.8469387888908386,5,3
7,4,13,16,011101011000101010110100000011,1,1,0,0.49,0.6164383292198181,8,2
7,4,13,18,011101011000101010110100000011,1,1,0,0.72,0.6307692527770996,7,3
7,4,13,19,011101011000101010110100000011,1,1,0,0.8,0.4583333432674408,7,3
7,4,13,21,011101011000101010110100000011,1,1,0,0.84,0.29411765933036804,8,3
7,4,13,28,011101011000101010110100000011,1,1,0,0.4,0.49253731966018677,6,3
7,4,13,29,011101011000101010110100000011,1,1,0,0.47,0.3361344635486603,1,1
7,4,14,0,101111101001100000011001000111,1,1,0,0.15,0.15625,7,3
7,4,14,2,101111101001100000011001000111,1,1,0,0.56,0.7692307829856873,7,3
7,4,14,3,101111101001100000011001000111,1,1,0,0.73,0.8125,7,4
7,4,14,4,101111101001100000011001000111,1,1,0,0.52,0.4888888895511627,8,2
7,4,14,5,101111101001100000011001000111,1,1,0,0.65,0.6206896305084229,8,5
7,4,14,6,101111101001100000011001000111,1,1,0,0.59,0.5,7,2
7,4,14,8,101111101001100000011001000111,1,1,0,0.8,0.8960000276565552,6,4
7,4,14,11,101111101001100000011001000111,1,1,0,0.7,0.5652173757553101,7,5
7,4,14,12,101111101001100000011001000111,1,1,0,0.8,0.5789473652839661,7,4
7,4,14,19,101111101001100000011001000111,1,1,0,0.8,0.4583333432674408,7,3
7,4,14,20,101111101001100000011001000111,1,1,0,0.69,0.5151515007019043,8,4
7,4,14,23,101111101001100000011001000111,1,1,0,0.69,0.6515151262283325,4,2
7,4,14,27,101111101001100000011001000111,1,1,0,0.64,0.8510638475418091,8,5
7,4,14,28,101111101001100000011001000111,1,1,0,0.4,0.49253731966018677,6,3
7,4,14,29,101111101001100000011001000111,1,1,0,0.47,0.3361344635486603,1,1
7,4,15,0,100000100011000011000100101001,1,1,0,0.15,0.15625,7,3
7,4,15,6,100000100011000011000100101001,1,1,0,0.59,0.5,7,2
7,4,15,10,100000100011000011000100101001,1,1,0,0.37,0.550000011920929,8,3
7,4,15,11,100000100011000011000100101001,1,1,0,0.7,0.5652173757553101,7,5
7,4,15,16,100000100011000011000100101001,1,1,0,0.49,0.6164383292198181,8,2
7,4,15,17,100000100011000011000100101001,1,1,0,0.23,0.36666667461395264,7,4
7,4,15,21,100000100011000011000100101001,1,1,0,0.84,0.29411765933036804,8,3
7,4,15,24,100000100011000011000100101001,1,1,0,0.26,0.6811594367027283,8,2
7,4,15,26,100000100011000011000100101001,1,1,0,0.79,0.6442307829856873,1,1
7,4,15,29,100000100011000011000100101001,1,1,0,0.47,0.3361344635486603,1,1
7,4,16,0,100101110001100101010101000011,1,1,0,0.15,0.15625,7,3
7,4,16,3,100101110001100101010101000011,1,1,0,0.73,0.8125,7,4
7,4,16,5,100101110001100101010101000011,1,1,0,0.65,0.6206896305084229,8,5
7,4,16,6,100101110001100101010101000011,1,1,0,0.59,0.5,7,2
7,4,16,7,100101110001100101010101000011,1,1,0,0.36,0.6296296119689941,1,1
7,4,16,11,100101110001100101010101000011,1,1,0,0.7,0.5652173757553101,7,5
7,4,16,12,100101110001100101010101000011,1,1,0,0.8,0.5789473652839661,7,4
7,4,16,15,100101110001100101010101000011,1,1,0,0.5,0.6066666841506958,5,3
7,4,16,17,100101110001100101010101000011,1,1,0,0.23,0.36666667461395264,7,4
7,4,16,19,100101110001100101010101000011,1,1,0,0.8,0.4583333432674408,7,3
7,4,16,21,100101110001100101010101000011,1,1,0,0.84,0.29411765933036804,8,3
7,4,16,23,100101110001100101010101000011,1,1,0,0.69,0.6515151262283325,4,2
7,4,16,28,100101110001100101010101000011,1,1,0,0.4,0.49253731966018677,6,3
7,4,16,29,100101110001100101010101000011,1,1,0,0.47,0.3361344635486603,1,1
7,4,17,0,110110000001101101011000000100,1,1,0,0.15,0.15625,7,3
7,4,17,1,110110000001101101011000000100,1,1,0,0.8,0.5,6,4
7,4,17,3,110110000001101101011000000100,1,1,0,0.73,0.8125,7,4
7,4,17,4,110110000001101101011000000100,1,1,0,0.52,0.4888888895511627,8,2
7,4,17,11,110110000001101101011000000100,1,1,0,0.7,0.5652173757553101,7,5
7,4,17,12,110110000001101101011000000100,1,1,0,0.8,0.5789473652839661,7,4
7,4,17,14,110110000001101101011000000100,1,1,0,0.68,0.8469387888908386,5,3
7,4,17,15,110110000001101101011000000100,1,1,0,0.5,0.6066666841506958,5,3
7,4,17,17,110110000001101101011000000100,1,1,0,0.23,0.36666667461395264,7,4
7,4,17,19,110110000001101101011000000100,1,1,0,0.8,0.4583333432674408,7,3
7,4,17,20,110110000001101101011000000100,1,1,0,0.69,0.5151515007019043,8,4
7,4,17,27,110110000001101101011000000100,1,1,0,0.64,0.8510638475418091,8,5
7,4,18,0,110001100011011001011100010101,1,1,0,0.15,0.15625,7,3
7,4,18,1,110001100011011001011100010101,1,1,0,0.8,0.5,6,4
7,4,18,5,110001100011011001011100010101,1,1,0,0.65,0.6206896305084229,8,5
7,4,18,6,110001100011011001011100010101,1,1,0,0.59,0.5,7,2
7,4,18,10,110001100011011001011100010101,1,1,0,0.37,0.550000011920929,8,3
7,4,18,11,110001100011011001011100010101,1,1,0,0.7,0.5652173757553101,7,5
7,4,18,13,110001100011011001011100010101,1,1,0,0.47,0.7200000286102295,8,4
7,4,18,14,110001100011011001011100010101,1,1,0,0.68,0.8469387888908386,5,3
7,4,18,17,110001100011011001011100010101,1,1,0,0.23,0.36666667461395264,7,4
7,4,18,19,110001100011011001011100010101,1,1,0,0.8,0.4583333432674408,7,3
7,4,18,20,110001100011011001011100010101,1,1,0,0.69,0.5151515007019043,8,4
7,4,18,21,110001100011011001011100010101,1,1,0,0.84,0.29411765933036804,8,3
7,4,18,25,110001100011011001011100010101,1,1,0,0.3,0.5641025900840759,7,5
7,4,18,27,110001100011011001011100010101,1,1,0,0.64,0.8510638475418091,8,5
7,4,18,29,110001100011011001011100010101,1,1,0,0.47,0.3361344635486603,1,1
7,4,19,1,011000101000011100011100000111,1,1,0,0.8,0.5,6,4
7,4,19,2,011000101000011100011100000111,1,1,0,0.56,0.7692307829856873,7,3
7,4,19,6,011000101000011100011100000111,1,1,0,0.59,0.5,7,2
7,4,19,8,011000101000011100011100000111,1,1,0,0.8,0.8960000276565552,6,4
7,4,19,13,011000101000011100011100000111,1,1,0,0.47,0.7200000286102295,8,4
7,4,19,14,011000101000011100011100000111,1,1,0,0.68,0.8469387888908386,5,3
7,4,19,15,011000101000011100011100000111,1,1,0,0.5,0.6066666841506958,5,3
7,4,19,19,011000101000011100011100000111,1,1,0,0.8,0.4583333432674408,7,3
7,4,19,20,011000101000011100011100000111,1,1,0,0.69,0.5151515007019043,8,4
7,4,19,21,011000101000011100011100000111,1,1,0,0.84,0.29411765933036804,8,3
7,4,19,27,011000101000011100011100000111,1,1,0,0.64,0.8510638475418091,8,5
7,4,19,28,011000101000011100011100000111,1,1,0,0.4,0.49253731966018677,6,3
7,4,19,29,011000101000011100011100000111,1,1,0,0.47,0.3361344635486603,1,1
7,5,0,0,111111101011110101010101000011,1,1,0,0.15,0.15625,7,3
7,5,0,1,111111101011110101010101000011,1,1,0,0.8,0.5,6,4
7,5,0,2,111111101011110101010101000011,1,1,0,0.56,0.7692307829856873,7,3
7,5,0,3,111111101011110101010101000011,1,1,0,0.73,0.8125,7,4
7,5,0,4,111111101011110101010101000011,1,1,0,0.52,0.4888888895511627,8,2
7,5,0,5,111111101011110101010101000011,1,1,0,0.65,0.6206896305084229,8,5
7,5,0,6,111111101011110101010101000011,1,1,0,0.59,0.5,7,2
7,5,0,8,111111101011110101010101000011,1,1,0,0.8,0.8960000276565552,6,4
7,5,0,10,111111101011110101010101000011,1,1,0,0.37,0.550000011920929,8,3
7,5,0,11,111111101011110101010101000011,1,1,0,0.7,0.5652173757553101,7,5
7,5,0,12,111111101011110101010101000011,1,1,0,0.8,0.5789473652839661,7,4
7,5,0,13,111111101011110101010101000011,1,1,0,0.47,0.7200000286102295,8,4
7,5,0,15,111111101011110101010101000011,1,1,0,0.5,0.6066666841506958,5,3
7,5,0,17,111111101011110101010101000011,1,1,0,0.23,0.36666667461395264,7,4
7,5,0,19,111111101011110101010101000011,1,1,0,0.8,0.4583333432674408,7,3
7,5,0,21,111111101011110101010101000011,1,1,0,0.84,0.29411765933036804,8,3
7,5,0,23,111111101011110101010101000011,1,1,0,0.69,0.6515151262283325,4,2
7,5,0,28,111111101011110101010101000011,1,1,0,0.4,0.49253731966018677,6,3
7,5,0,29,111111101011110101010101000011,1,1,0,0.47,0.3361344635486603,1,1
7,5,1,0,100101100011111001011100010101,1,1,0,0.15,0.15625,7,3
7,5,1,3,100101100011111001011100010101,1,1,0,0.73,0.8125,7,4
7,5,1,5,100101100011111001011100010101,1,1,0,0.65,0.6206896305084229,8,5
7,5,1,6,100101100011111001011100010101,1,1,0,0.59,0.5,7,2
7,5,1,10,100101100011111001011100010101,1,1,0,0.37,0.550000011920929,8,3
7,5,1,11,100101100011111001011100010101,1,1,0,0.7,0.5652173757553101,7,5
7,5,1,12,100101100011111001011100010101,1,1,0,0.8,0.5789473652839661,7,4
7,5,1,13,100101100011111001011100010101,1,1,0,0.47,0.7200000286102295,8,4
7,5,1,14,100101100011111001011100010101,1,1,0,0.68,0.8469387888908386,5,3
7,5,1,17,100101100011111001011100010101,1,1,0,0.23,0.36666667461395264,7,4
7,5,1,19,100101100011111001011100010101,1,1,0,0.8,0.4583333432674408,7,3
7,5,1,20,100101100011111001011100010101,1,1,0,0.69,0.5151515007019043,8,4
7,5,1,21,100101100011111001011100010101,1,1,0,0.84,0.29411765933036804,8,3
7,5,1,25,100101100011111001011100010101,1,1,0,0.3,0.5641025900840759,7,5
7,5,1,27,100101100011111001011100010101,1,1,0,0.64,0.8510638475418091,8,5
7,5,1,29,100101100011111001011100010101,1,1,0,0.47,0.3361344635486603,1,1
7,5,2,0,110010101010111100100001001111,1,1,0,0.15,0.15625,7,3
7,5,2,1,110010101010111100100001001111,1,1,0,0.8,0.5,6,4
7,5,2,4,110010101010111100100001001111,1,1,0,0.52,0.4888888895511627,8,2
7,5,2,6,110010101010111100100001001111,1,1,0,0.59,0.5,7,2
7,5,2,8,110010101010111100100001001111,1,1,0,0.8,0.8960000276565552,6,4
7,5,2,10,110010101010111100100001001111,1,1,0,0.37,0.550000011920929,8,3
7,5,2,12,110010101010111100100001001111,1,1,0,0.8,0.5789473652839661,7,4
7,5,2,13,110010101010111100100001001111,1,1,0,0.47,0.7200000286102295,8,4
7,5,2,14,110010101010111100100001001111,1,1,0,0.68,0.8469387888908386,5,3
7,5,2,15,110010101010111100100001001111,1,1,0,0.5,0.6066666841506958,5,3
7,5,2,18,110010101010111100100001001111,1,1,0,0.72,0.6307692527770996,7,3
7,5,2,23,110010101010111100100001001111,1,1,0,0.69,0.6515151262283325,4,2
7,5,2,26,110010101010111100100001001111,1,1,0,0.79,0.6442307829856873,1,1
7,5,2,27,110010101010111100100001001111,1,1,0,0.64,0.8510638475418091,8,5
7,5,2,28,110010101010111100100001001111,1,1,0,0.4,0.49253731966018677,6,3
7,5,2,29,110010101010111100100001001111,1,1,0,0.47,0.3361344635486603,1,1
7,5,3,0,100101100011001011011000010101,1,1,0,0.15,0.15625,7,3
7,5,3,3,100101100011001011011000010101,1,1,0,0.73,0.8125,7,4
7,5,3,5,100101100011001011011000010101,1,1,0,0.65,0.6206896305084229,8,5
7,5,3,6,100101100011001011011000010101,1,1,0,0.59,0.5,7,2
7,5,3,10,100101100011001011011000010101,1,1,0,0.37,0.550000011920929,8,3
7,5,3,11,100101100011001011011000010101,1,1,0,0.7,0.5652173757553101,7,5
7,5,3,14,100101100011001011011000010101,1,1,0,0.68,0.8469387888908386,5,3
7,5,3,16,100101100011001011011000010101,1,1,0,0.49,0.6164383292198181,8,2
7,5,3,17,100101100011001011011000010101,1,1,0,0.23,0.36666667461395264,7,4
7,5,3,19,100101100011001011011000010101,1,1,0,0.8,0.4583333432674408,7,3
7,5,3,20,100101100011001011011000010101,1,1,0,0.69,0.5151515007019043,8,4
7,5,3,25,100101100011001011011000010101,1,1,0,0.3,0.5641025900840759,7,5
7,5,3,27,100101100011001011011000010101,1,1,0,0.64,0.8510638475418091,8,5
7,5,3,29,100101100011001011011000010101,1,1,0,0.47,0.3361344635486603,1,1
7,5,4,0,101111101001100000011100000111,1,1,0,0.15,0.15625,7,3
7,5,4,2,101111101001100000011100000111,1,1,0,0.56,0.7692307829856873,7,3
7,5,4,3,101111101001100000011100000111,1,1,0,0.73,0.8125,7,4
7,5,4,4,101111101001100000011100000111,1,1,0,0.52,0.4888888895511627,8,2
7,5,4,5,101111101001100000011100000111,1,1,0,0.65,0.6206896305084229,8,5
7,5,4,6,101111101001100000011100000111,1,1,0,0.59,0.5,7,2
7,5,4,8,101111101001100000011100000111,1,1,0,0.8,0.8960000276565552,6,4
7,5,4,11,101111101001100000011100000111,1,1,0,0.7,0.5652173757553101,7,5
7,5,4,12,101111101001100000011100000111,1,1,0,0.8,0.5789473652839661,7,4
7,5,4,19,101111101001100000011100000111,1,1,0,0.8,0.4583333432674408,7,3
7,5,4,20,101111101001100000011100000111,1,1,0,0.69,0.5151515007019043,8,4
7,5,4,21,101111101001100000011100000111,1,1,0,0.84,0.29411765933036804,8,3
7,5,4,27,101111101001100000011100000111,1,1,0,0.64,0.8510638475418091,8,5
7,5,4,28,101111101001100000011100000111,1,1,0,0.4,0.49253731966018677,6,3
7,5,4,29,101111101001100000011100000111,1,1,0,0.47,0.3361344635486603,1,1
7,5,5,1,010000101000011101111011001111,1,1,0,0.8,0.5,6,4
7,5,5,6,010000101000011101111011001111,1,1,0,0.59,0.5,7,2
7,5,5,8,010000101000011101111011001111,1,1,0,0.8,0.8960000276565552,6,4
7,5,5,13,010000101000011101111011001111,1,1,0,0.47,0.7200000286102295,8,4
7,5,5,14,010000101000011101111011001111,1,1,0,0.68,0.8469387888908386,5,3
7,5,5,15,010000101000011101111011001111,1,1,0,0.5,0.6066666841506958,5,3
7,5,5,17,010000101000011101111011001111,1,1,0,0.23,0.36666667461395264,7,4
7,5,5,18,010000101000011101111011001111,1,1,0,0.72,0.6307692527770996,7,3
7,5,5,19,010000101000011101111011001111,1,1,0,0.8,0.4583333432674408,7,3
7,5,5,20,010000101000011101111011001111,1,1,0,0.69,0.5151515007019043,8,4
7,5,5,22,010000101000011101111011001111,1,1,0,0.29,0.5957446694374084,5,2
7,5,5,23,010000101000011101111011001111,1,1,0,0.69,0.6515151262283325,4,2
7,5,5,26,010000101000011101111011001111,1,1,0,0.79,0.6442307829856873,1,1
7,5,5,27,010000101000011101111011001111,1,1,0,0.64,0.8510638475418091,8,5
7,5,5,28,010000101000011101111011001111,1,1,0,0.4,0.49253731966018677,6,3
7,5,5,29,010000101000011101111011001111,1,1,0,0.47,0.3361344635486603,1,1
7,5,6,0,101111101001100001011100000111,1,1,0,0.15,0.15625,7,3
7,5,6,2,101111101001100001011100000111,1,1,0,0.56,0.7692307829856873,7,3
7,5,6,3,101111101001100001011100000111,1,1,0,0.73,0.8125,7,4
7,5,6,4,101111101001100001011100000111,1,1,0,0.52,0.4888888895511627,8,2
7,5,6,5,101111101001100001011100000111,1,1,0,0.65,0.6206896305084229,8,5
7,5,6,6,101111101001100001011100000111,1,1,0,0.59,0.5,7,2
7,5,6,8,101111101001100001011100000111,1,1,0,0.8,0.8960000276565552,6,4
7,5,6,11,101111101001100001011100000111,1,1,0,0.7,0.5652173757553101,7,5
7,5,6,12,101111101001100001011100000111,1,1,0,0.8,0.5789473652839661,7,4
7,5,6,17,101111101001100001011100000111,1,1,0,0.23,0.36666667461395264,7,4
7,5,6,19,101111101001100001011100000111,1,1,0,0.8,0.4583333432674408,7,3
7,5,6,20,101111101001100001011100000111,1,1,0,0.69,0.5151515007019043,8,4
7,5,6,21,101111101001100001011100000111,1,1,0,0.84,0.29411765933036804,8,3
7,5,6,27,101111101001100001011100000111,1,1,0,0.64,0.8510638475418091,8,5
7,5,6,28,101111101001100001011100000111,1,1,0,0.4,0.49253731966018677,6,3
7,5,6,29,101111101001100001011100000111,1,1,0,0.47,0.3361344635486603,1,1
7,5,7,1,011101011000101010110100000011,1,1,0,0.8,0.5,6,4
7,5,7,2,011101011000101010110100000011,1,1,0,0.56,0.7692307829856873,7,3
7,5,7,3,011101011000101010110100000011,1,1,0,0.73,0.8125,7,4
7,5,7,5,011101011000101010110100000011,1,1,0,0.65,0.6206896305084229,8,5
7,5,7,7,011101011000101010110100000011,1,1,0,0.36,0.6296296119689941,1,1
7,5,7,8,011101011000101010110100000011,1,1,0,0.8,0.8960000276565552,6,4
7,5,7,12,011101011000101010110100000011,1,1,0,0.8,0.5789473652839661,7,4
7,5,7,14,011101011000101010110100000011,1,1,0,0.68,0.8469387888908386,5,3
7,5,7,16,011101011000101010110100000011,1,1,0,0.49,0.6164383292198181,8,2
7,5,7,18,011101011000101010110100000011,1,1,0,0.72,0.6307692527770996,7,3
7,5,7,19,011101011000101010110100000011,1,1,0,0.8,0.4583333432674408,7,3
7,5,7,21,011101011000101010110100000011,1,1,0,0.84,0.29411765933036804,8,3
7,5,7,28,011101011000101010110100000011,1,1,0,0.4,0.49253731966018677,6,3
7,5,7,29,011101011000101010110100000011,1,1,0,0.47,0.3361344635486603,1,1
7,5,8,0,101111101001100000011001000111,1,1,0,0.15,0.15625,7,3
7,5,8,2,101111101001100000011001000111,1,1,0,0.56,0.7692307829856873,7,3
7,5,8,3,101111101001100000011001000111,1,1,0,0.73,0.8125,7,4
7,5,8,4,101111101001100000011001000111,1,1,0,0.52,0.4888888895511627,8,2
7,5,8,5,101111101001100000011001000111,1,1,0,0.65,0.6206896305084229,8,5
7,5,8,6,101111101001100000011001000111,1,1,0,0.59,0.5,7,2
7,5,8,8,101111101001100000011001000111,1,1,0,0.8,0.8960000276565552,6,4
7,5,8,11,101111101001100000011001000111,1,1,0,0.7,0.5652173757553101,7,5
7,5,8,12,101111101001100000011001000111,1,1,0,0.8,0.5789473652839661,7,4
7,5,8,19,101111101001100000011001000111,1,1,0,0.8,0.4583333432674408,7,3
7,5,8,20,101111101001100000011001000111,1,1,0,0.69,0.5151515007019043,8,4
7,5,8,23,101111101001100000011001000111,1,1,0,0.69,0.6515151262283325,4,2
7,5,8,27,101111101001100000011001000111,1,1,0,0.64,0.8510638475418091,8,5
7,5,8,28,101111101001100000011001000111,1,1,0,0.4,0.49253731966018677,6,3
7,5,8,29,101111101001100000011001000111,1,1,0,0.47,0.3361344635486603,1,1
7,5,9,0,110110000001101101011000000100,1,1,0,0.15,0.15625,7,3
7,5,9,1,110110000001101101011000000100,1,1,0,0.8,0.5,6,4
7,5,9,3,110110000001101101011000000100,1,1,0,0.73,0.8125,7,4
7,5,9,4,110110000001101101011000000100,1,1,0,0.52,0.4888888895511627,8,2
7,5,9,11,110110000001101101011000000100,1,1,0,0.7,0.5652173757553101,7,5
7,5,9,12,110110000001101101011000000100,1,1,0,0.8,0.5789473652839661,7,4
7,5,9,14,110110000001101101011000000100,1,1,0,0.68,0.8469387888908386,5,3
7,5,9,15,110110000001101101011000000100,1,1,0,0.5,0.6066666841506958,5,3
7,5,9,17,110110000001101101011000000100,1,1,0,0.23,0.36666667461395264,7,4
7,5,9,19,110110000001101101011000000100,1,1,0,0.8,0.4583333432674408,7,3
7,5,9,20,110110000001101101011000000100,1,1,0,0.69,0.5151515007019043,8,4
7,5,9,27,110110000001101101011000000100,1,1,0,0.64,0.8510638475418091,8,5
7,5,10,1,011000101000011100011100000111,1,1,0,0.8,0.5,6,4
7,5,10,2,011000101000011100011100000111,1,1,0,0.56,0.7692307829856873,7,3
7,5,10,6,011000101000011100011100000111,1,1,0,0.59,0.5,7,2
7,5,10,8,011000101000011100011100000111,1,1,0,0.8,0.8960000276565552,6,4
7,5,10,13,011000101000011100011100000111,1,1,0,0.47,0.7200000286102295,8,4
7,5,10,14,011000101000011100011100000111,1,1,0,0.68,0.8469387888908386,5,3
7,5,10,15,011000101000011100011100000111,1,1,0,0.5,0.6066666841506958,5,3
7,5,10,19,011000101000011100011100000111,1,1,0,0.8,0.4583333432674408,7,3
7,5,10,20,011000101000011100011100000111,1,1,0,0.69,0.5151515007019043,8,4
7,5,10,21,011000101000011100011100000111,1,1,0,0.84,0.29411765933036804,8,3
7,5,10,27,011000101000011100011100000111,1,1,0,0.64,0.8510638475418091,8,5
7,5,10,28,011000101000011100011100000111,1,1,0,0.4,0.49253731966018677,6,3
7,5,10,29,011000101000011100011100000111,1,1,0,0.47,0.3361344635486603,1,1
7,5,11,1,010000100011000011010100000011,1,1,0,0.8,0.5,6,4
7,5,11,6,010000100011000011010100000011,1,1,0,0.59,0.5,7,2
7,5,11,10,010000100011000011010100000011,1,1,0,0.37,0.550000011920929,8,3
7,5,11,11,010000100011000011010100000011,1,1,0,0.7,0.5652173757553101,7,5
7,5,11,16,010000100011000011010100000011,1,1,0,0.49,0.6164383292198181,8,2
7,5,11,17,010000100011000011010100000011,1,1,0,0.23,0.36666667461395264,7,4
7,5,11,19,010000100011000011010100000011,1,1,0,0.8,0.4583333432674408,7,3
7,5,11,21,010000100011000011010100000011,1,1,0,0.84,0.29411765933036804,8,3
7,5,11,28,010000100011000011010100000011,1,1,0,0.4,0.49253731966018677,6,3
7,5,11,29,010000100011000011010100000011,1,1,0,0.47,0.3361344635486603,1,1
7,5,12,0,110101110001110001010101001101,1,1,0,0.15,0.15625,7,3
7,5,12,1,110101110001110001010101001101,1,1,0,0.8,0.5,6,4
7,5,12,3,110101110001110001010101001101,1,1,0,0.73,0.8125,7,4
7,5,12,5,110101110001110001010101001101,1,1,0,0.65,0.6206896305084229,8,5
7,5,12,6,110101110001110001010101001101,1,1,0,0.59,0.5,7,2
7,5,12,7,110101110001110001010101001101,1,1,0,0.36,0.6296296119689941,1,1
7,5,12,11,110101110001110001010101001101,1,1,0,0.7,0.5652173757553101,7,5
7,5,12,12,110101110001110001010101001101,1,1,0,0.8,0.5789473652839661,7,4
7,5,12,13,110101110001110001010101001101,1,1,0,0.47,0.7200000286102295,8,4
7,5,12,17,110101110001110001010101001101,1,1,0,0.23,0.36666667461395264,7,4
7,5,12,19,110101110001110001010101001101,1,1,0,0.8,0.4583333432674408,7,3
7,5,12,21,110101110001110001010101001101,1,1,0,0.84,0.29411765933036804,8,3
7,5,12,23,110101110001110001010101001101,1,1,0,0.69,0.6515151262283325,4,2
7,5,12,26,110101110001110001010101001101,1,1,0,0.79,0.6442307829856873,1,1
7,5,12,27,110101110001110001010101001101,1,1,0,0.64,0.8510638475418091,8,5
7,5,12,29,110101110001110001010101001101,1,1,0,0.47,0.3361344635486603,1,1
7,5,13,0,100101100011001101111000010101,1,1,0,0.15,0.15625,7,3
7,5,13,3,100101100011001101111000010101,1,1,0,0.73,0.8125,7,4
7,5,13,5,100101100011001101111000010101,1,1,0,0.65,0.6206896305084229,8,5
7,5,13,6,100101100011001101111000010101,1,1,0,0.59,0.5,7,2
7,5,13,10,100101100011001101111000010101,1,1,0,0.37,0.550000011920929,8,3
7,5,13,11,100101100011001101111000010101,1,1,0,0.7,0.5652173757553101,7,5
7,5,13,14,100101100011001101111000010101,1,1,0,0.68,0.8469387888908386,5,3
7,5,13,15,100101100011001101111000010101,1,1,0,0.5,0.6066666841506958,5,3
7,5,13,17,100101100011001101111000010101,1,1,0,0.23,0.36666667461395264,7,4
7,5,13,18,100101100011001101111000010101,1,1,0,0.72,0.6307692527770996,7,3
7,5,13,19,100101100011001101111000010101,1,1,0,0.8,0.4583333432674408,7,3
7,5,13,20,100101100011001101111000010101,1,1,0,0.69,0.5151515007019043,8,4
7,5,13,25,100101100011001101111000010101,1,1,0,0.3,0.5641025900840759,7,5
7,5,13,27,100101100011001101111000010101,1,1,0,0.64,0.8510638475418091,8,5
7,5,13,29,100101100011001101111000010101,1,1,0,0.47,0.3361344635486603,1,1
7,5,14,0,110101001000101101111011001101,1,1,0,0.15,0.15625,7,3
7,5,14,1,110101001000101101111011001101,1,1,0,0.8,0.5,6,4
7,5,14,3,110101001000101101111011001101,1,1,0,0.73,0.8125,7,4
7,5,14,5,110101001000101101111011001101,1,1,0,0.65,0.6206896305084229,8,5
7,5,14,8,110101001000101101111011001101,1,1,0,0.8,0.8960000276565552,6,4
7,5,14,12,110101001000101101111011001101,1,1,0,0.8,0.5789473652839661,7,4
7,5,14,14,110101001000101101111011001101,1,1,0,0.68,0.8469387888908386,5,3
7,5,14,15,110101001000101101111011001101,1,1,0,0.5,0.6066666841506958,5,3
7,5,14,17,110101001000101101111011001101,1,1,0,0.23,0.36666667461395264,7,4
7,5,14,18,110101001000101101111011001101,1,1,0,0.72,0.6307692527770996,7,3
7,5,14,19,110101001000101101111011001101,1,1,0,0.8,0.4583333432674408,7,3
7,5,14,20,110101001000101101111011001101,1,1,0,0.69,0.5151515007019043,8,4
7,5,14,22,110101001000101101111011001101,1,1,0,0.29,0.5957446694374084,5,2
7,5,14,23,110101001000101101111011001101,1,1,0,0.69,0.6515151262283325,4,2
7,5,14,26,110101001000101101111011001101,1,1,0,0.79,0.6442307829856873,1,1
7,5,14,27,110101001000101101111011001101,1,1,0,0.64,0.8510638475418091,8,5
7,5,14,29,110101001000101101111011001101,1,1,0,0.47,0.3361344635486603,1,1
7,5,15,0,101111100011000000011100000111,1,1,0,0.15,0.15625,7,3
7,5,15,2,101111100011000000011100000111,1,1,0,0.56,0.7692307829856873,7,3
7,5,15,3,101111100011000000011100000111,1,1,0,0.73,0.8125,7,4
7,5,15,4,101111100011000000011100000111,1,1,0,0.52,0.4888888895511627,8,2
7,5,15,5,101111100011000000011100000111,1,1,0,0.65,0.6206896305084229,8,5
7,5,15,6,101111100011000000011100000111,1,1,0,0.59,0.5,7,2
7,5,15,10,101111100011000000011100000111,1,1,0,0.37,0.550000011920929,8,3
7,5,15,11,101111100011000000011100000111,1,1,0,0.7,0.5652173757553101,7,5
7,5,15,19,101111100011000000011100000111,1,1,0,0.8,0.4583333432674408,7,3
7,5,15,20,101111100011000000011100000111,1,1,0,0.69,0.5151515007019043,8,4
7,5,15,21,101111100011000000011100000111,1,1,0,0.84,0.29411765933036804,8,3
7,5,15,27,101111100011000000011100000111,1,1,0,0.64,0.8510638475418091,8,5
7,5,15,28,101111100011000000011100000111,1,1,0,0.4,0.49253731966018677,6,3
7,5,15,29,101111100011000000011100000111,1,1,0,0.47,0.3361344635486603,1,1
7,5,16,0,100111111001100001011100000111,1,1,0,0.15,0.15625,7,3
7,5,16,3,100111111001100001011100000111,1,1,0,0.73,0.8125,7,4
7,5,16,4,100111111001100001011100000111,1,1,0,0.52,0.4888888895511627,8,2
7,5,16,5,100111111001100001011100000111,1,1,0,0.65,0.6206896305084229,8,5
7,5,16,6,100111111001100001011100000111,1,1,0,0.59,0.5,7,2
7,5,16,7,100111111001100001011100000111,1,1,0,0.36,0.6296296119689941,1,1
7,5,16,8,100111111001100001011100000111,1,1,0,0.8,0.8960000276565552,6,4
7,5,16,11,100111111001100001011100000111,1,1,0,0.7,0.5652173757553101,7,5
7,5,16,12,100111111001100001011100000111,1,1,0,0.8,0.5789473652839661,7,4
7,5,16,17,100111111001100001011100000111,1,1,0,0.23,0.36666667461395264,7,4
7,5,16,19,100111111001100001011100000111,1,1,0,0.8,0.4583333432674408,7,3
7,5,16,20,100111111001100001011100000111,1,1,0,0.69,0.5151515007019043,8,4
7,5,16,21,100111111001100001011100000111,1,1,0,0.84,0.29411765933036804,8,3
7,5,16,27,100111111001100001011100000111,1,1,0,0.64,0.8510638475418091,8,5
7,5,16,28,100111111001100001011100000111,1,1,0,0.4,0.49253731966018677,6,3
7,5,16,29,100111111001100001011100000111,1,1,0,0.47,0.3361344635486603,1,1
7,5,17,1,011101100011011100011100000111,1,1,0,0.8,0.5,6,4
7,5,17,2,011101100011011100011100000111,1,1,0,0.56,0.7692307829856873,7,3
7,5,17,3,011101100011011100011100000111,1,1,0,0.73,0.8125,7,4
7,5,17,5,011101100011011100011100000111,1,1,0,0.65,0.6206896305084229,8,5
7,5,17,6,011101100011011100011100000111,1,1,0,0.59,0.5,7,2
7,5,17,10,011101100011011100011100000111,1,1,0,0.37,0.550000011920929,8,3
7,5,17,11,011101100011011100011100000111,1,1,0,0.7,0.5652173757553101,7,5
7,5,17,13,011101100011011100011100000111,1,1,0,0.47,0.7200000286102295,8,4
7,5,17,14,011101100011011100011100000111,1,1,0,0.68,0.8469387888908386,5,3
7,5,17,15,011101100011011100011100000111,1,1,0,0.5,0.6066666841506958,5,3
7,5,17,19,011101100011011100011100000111,1,1,0,0.8,0.4583333432674408,7,3
7,5,17,20,011101100011011100011100000111,1,1,0,0.69,0.5151515007019043,8,4
7,5,17,21,011101100011011100011100000111,1,1,0,0.84,0.29411765933036804,8,3
7,5,17,27,011101100011011100011100000111,1,1,0,0.64,0.8510638475418091,8,5
7,5,17,28,011101100011011100011100000111,1,1,0,0.4,0.49253731966018677,6,3
7,5,17,29,011101100011011100011100000111,1,1,0,0.47,0.3361344635486603,1,1
7,5,18,1,010010101000101010110100000011,1,1,0,0.8,0.5,6,4
7,5,18,4,010010101000101010110100000011,1,1,0,0.52,0.4888888895511627,8,2
7,5,18,6,010010101000101010110100000011,1,1,0,0.59,0.5,7,2
7,5,18,8,010010101000101010110100000011,1,1,0,0.8,0.8960000276565552,6,4
7,5,18,12,010010101000101010110100000011,1,1,0,0.8,0.5789473652839661,7,4
7,5,18,14,010010101000101010110100000011,1,1,0,0.68,0.8469387888908386,5,3
7,5,18,16,010010101000101010110100000011,1,1,0,0.49,0.6164383292198181,8,2
7,5,18,18,010010101000101010110100000011,1,1,0,0.72,0.6307692527770996,7,3
7,5,18,19,010010101000101010110100000011,1,1,0,0.8,0.4583333432674408,7,3
7,5,18,21,010010101000101010110100000011,1,1,0,0.84,0.29411765933036804,8,3
7,5,18,28,010010101000101010110100000011,1,1,0,0.4,0.49253731966018677,6,3
7,5,18,29,010010101000101010110100000011,1,1,0,0.47,0.3361344635486603,1,1
8,1,0,0,110001001000101101111011110100,1,1,0,0.2,0.515625,7,3
8,1,0,1,110001001000101101111011110100,1,1,0,0.7,0.6666666865348816,9,5
8,1,0,5,110001001000101101111011110100,1,1,0,0.7,0.43103447556495667,8,5
8,1,0,8,110001001000101101111011110100,1,1,0,0.7,0.8640000224113464,9,5
8,1,0,12,110001001000101101111011110100,1,1,0,0.7,0.7543859481811523,9,5
8,1,0,14,110001001000101101111011110100,1,1,0,0.58,0.8775510191917419,9,4
8,1,0,15,110001001000101101111011110100,1,1,0,0.55,0.7133333086967468,5,3
8,1,0,17,110001001000101101111011110100,1,1,0,0.28,0.13333334028720856,7,4
8,1,0,18,110001001000101101111011110100,1,1,0,0.62,0.4615384638309479,9,4
8,1,0,19,110001001000101101111011110100,1,1,0,0.7,0.375,9,4
8,1,0,20,110001001000101101111011110100,1,1,0,0.74,0.5151515007019043,8,4
8,1,0,22,110001001000101101111011110100,1,1,0,0.34,0.6382978558540344,5,2
8,1,0,23,110001001000101101111011110100,1,1,0,0.74,0.7121211886405945,4,2
8,1,0,24,110001001000101101111011110100,1,1,0,0.31,0.49275362491607666,8,2
8,1,0,25,110001001000101101111011110100,1,1,0,0.35,0.4615384638309479,7,5
8,1,0,27,110001001000101101111011110100,1,1,0,0.69,0.5744680762290955,8,5
8,1,1,0,110110000001101101000001101000,1,1,0,0.2,0.515625,7,3
8,1,1,1,110110000001101101000001101000,1,1,0,0.7,0.6666666865348816,9,5
8,1,1,3,110110000001101101000001101000,1,1,0,0.78,0.890625,7,4
8,1,1,4,110110000001101101000001101000,1,1,0,0.42,0.6222222447395325,9,3
8,1,1,11,110110000001101101000001101000,1,1,0,0.75,0.47826087474823,7,5
8,1,1,12,110110000001101101000001101000,1,1,0,0.7,0.7543859481811523,9,5
8,1,1,14,110110000001101101000001101000,1,1,0,0.58,0.8775510191917419,9,4
8,1,1,15,110110000001101101000001101000,1,1,0,0.55,0.7133333086967468,5,3
8,1,1,17,110110000001101101000001101000,1,1,0,0.28,0.13333334028720856,7,4
8,1,1,23,110110000001101101000001101000,1,1,0,0.74,0.7121211886405945,4,2
8,1,1,24,110110000001101101000001101000,1,1,0,0.31,0.49275362491607666,8,2
8,1,1,26,110110000001101101000001101000,1,1,0,0.84,0.26923078298568726,1,1
8,1,2,1,010110100011000011000000110000,1,1,0,0.7,0.6666666865348816,9,5
8,1,2,3,010110100011000011000000110000,1,1,0,0.78,0.890625,7,4
8,1,2,4,010110100011000011000000110000,1,1,0,0.42,0.6222222447395325,9,3
8,1,2,6,010110100011000011000000110000,1,1,0,0.49,0.7105262875556946,9,3
8,1,2,10,010110100011000011000000110000,1,1,0,0.42,0.44999998807907104,8,3
8,1,2,11,010110100011000011000000110000,1,1,0,0.75,0.47826087474823,7,5
8,1,2,16,010110100011000011000000110000,1,1,0,0.39,0.7397260069847107,9,3
8,1,2,17,010110100011000011000000110000,1,1,0,0.28,0.13333334028720856,7,4
8,1,2,24,010110100011000011000000110000,1,1,0,0.31,0.49275362491607666,8,2
8,1,2,25,010110100011000011000000110000,1,1,0,0.35,0.4615384638309479,7,5
8,1,3,4,000011110100111101101011011000,1,1,0,0.42,0.6222222447395325,9,3
8,1,3,5,000011110100111101101011011000,1,1,0,0.7,0.43103447556495667,8,5
8,1,3,6,000011110100111101101011011000,1,1,0,0.49,0.7105262875556946,9,3
8,1,3,7,000011110100111101101011011000,1,1,0,0.41,0.5925925970077515,1,1
8,1,3,9,000011110100111101101011011000,1,1,0,0.49,0.5288461446762085,1,1
8,1,3,12,000011110100111101101011011000,1,1,0,0.7,0.7543859481811523,9,5
8,1,3,13,000011110100111101101011011000,1,1,0,0.52,0.44999998807907104,8,4
8,1,3,14,000011110100111101101011011000,1,1,0,0.58,0.8775510191917419,9,4
8,1,3,15,000011110100111101101011011000,1,1,0,0.55,0.7133333086967468,5,3
8,1,3,17,000011110100111101101011011000,1,1,0,0.28,0.13333334028720856,7,4
8,1,3,18,000011110100111101101011011000,1,1,0,0.62,0.4615384638309479,9,4
8,1,3,20,000011110100111101101011011000,1,1,0,0.74,0.5151515007019043,8,4
8,1,3,22,000011110100111101101011011000,1,1,0,0.34,0.6382978558540344,5,2
8,1,3,23,000011110100111101101011011000,1,1,0,0.74,0.7121211886405945,4,2
8,1,3,25,000011110100111101101011011000,1,1,0,0.35,0.4615384638309479,7,5
8,1,3,26,000011110100111101101011011000,1,1,0,0.84,0.26923078298568726,1,1
8,1,4,1,011101010000000111110100000111,1,1,0,0.7,0.6666666865348816,9,5
8,1,4,2,011101010000000111110100000111,1,1,0,0.61,0.7179487347602844,7,3
8,1,4,3,011101010000000111110100000111,1,1,0,0.78,0.890625,7,4
8,1,4,5,011101010000000111110100000111,1,1,0,0.7,0.43103447556495667,8,5
8,1,4,7,011101010000000111110100000111,1,1,0,0.41,0.5925925970077515,1,1
8,1,4,15,011101010000000111110100000111,1,1,0,0.55,0.7133333086967468,5,3
8,1,4,16,011101010000000111110100000111,1,1,0,0.39,0.7397260069847107,9,3
8,1,4,17,011101010000000111110100000111,1,1,0,0.28,0.13333334028720856,7,4
8,1,4,18,011101010000000111110100000111,1,1,0,0.62,0.4615384638309479,9,4
8,1,4,19,011101010000000111110100000111,1,1,0,0.7,0.375,9,4
8,1,4,21,011101010000000111110100000111,1,1,0,0.74,0.6617646813392639,9,4
8,1,4,27,011101010000000111110100000111,1,1,0,0.69,0.5744680762290955,8,5
8,1,4,28,011101010000000111110100000111,1,1,0,0.3,0.5074626803398132,9,4
8,1,4,29,011101010000000111110100000111,1,1,0,0.37,0.5042017102241516,9,2
8,1,5,0,101111010110011100011001001001,1,1,0,0.2,0.515625,7,3
8,1,5,2,101111010110011100011001001001,1,1,0,0.61,0.7179487347602844,7,3
8,1,5,3,101111010110011100011001001001,1,1,0,0.78,0.890625,7,4
8,1,5,4,101111010110011100011001001001,1,1,0,0.42,0.6222222447395325,9,3
8,1,5,5,101111010110011100011001001001,1,1,0,0.7,0.43103447556495667,8,5
8,1,5,7,101111010110011100011001001001,1,1,0,0.41,0.5925925970077515,1,1
8,1,5,9,101111010110011100011001001001,1,1,0,0.49,0.5288461446762085,1,1
8,1,5,10,101111010110011100011001001001,1,1,0,0.42,0.44999998807907104,8,3
8,1,5,13,101111010110011100011001001001,1,1,0,0.52,0.44999998807907104,8,4
8,1,5,14,101111010110011100011001001001,1,1,0,0.58,0.8775510191917419,9,4
8,1,5,15,101111010110011100011001001001,1,1,0,0.55,0.7133333086967468,5,3
8,1,5,19,101111010110011100011001001001,1,1,0,0.7,0.375,9,4
8,1,5,20,101111010110011100011001001001,1,1,0,0.74,0.5151515007019043,8,4
8,1,5,23,101111010110011100011001001001,1,1,0,0.74,0.7121211886405945,4,2
8,1,5,26,101111010110011100011001001001,1,1,0,0.84,0.26923078298568726,1,1
8,1,5,29,101111010110011100011001001001,1,1,0,0.37,0.5042017102241516,9,2
8,1,6,0,100000100101010101101001111111,1,1,0,0.2,0.515625,7,3
8,1,6,6,100000100101010101101001111111,1,1,0,0.49,0.7105262875556946,9,3
8,1,6,9,100000100101010101101001111111,1,1,0,0.49,0.5288461446762085,1,1
8,1,6,11,100000100101010101101001111111,1,1,0,0.75,0.47826087474823,7,5
8,1,6,13,100000100101010101101001111111,1,1,0,0.52,0.44999998807907104,8,4
8,1,6,15,100000100101010101101001111111,1,1,0,0.55,0.7133333086967468,5,3
8,1,6,17,100000100101010101101001111111,1,1,0,0.28,0.13333334028720856,7,4
8,1,6,18,100000100101010101101001111111,1,1,0,0.62,0.4615384638309479,9,4
8,1,6,20,100000100101010101101001111111,1,1,0,0.74,0.5151515007019043,8,4
8,1,6,23,100000100101010101101001111111,1,1,0,0.74,0.7121211886405945,4,2
8,1,6,24,100000100101010101101001111111,1,1,0,0.31,0.49275362491607666,8,2
8,1,6,25,100000100101010101101001111111,1,1,0,0.35,0.4615384638309479,7,5
8,1,6,26,100000100101010101101001111111,1,1,0,0.84,0.26923078298568726,1,1
8,1,6,27,100000100101010101101001111111,1,1,0,0.69,0.5744680762290955,8,5
8,1,6,28,100000100101010101101001111111,1,1,0,0.3,0.5074626803398132,9,4
8,1,6,29,100000100101010101101001111111,1,1,0,0.37,0.5042017102241516,9,2
8,1,7,0,100111100111011101101110010101,1,1,0,0.2,0.515625,7,3
8,1,7,3,100111100111011101101110010101,1,1,0,0.78,0.890625,7,4
8,1,7,4,100111100111011101101110010101,1,1,0,0.42,0.6222222447395325,9,3
8,1,7,5,100111100111011101101110010101,1,1,0,0.7,0.43103447556495667,8,5
8,1,7,6,100111100111011101101110010101,1,1,0,0.49,0.7105262875556946,9,3
8,1,7,9,100111100111011101101110010101,1,1,0,0.49,0.5288461446762085,1,1
8,1,7,10,100111100111011101101110010101,1,1,0,0.42,0.44999998807907104,8,3
8,1,7,11,100111100111011101101110010101,1,1,0,0.75,0.47826087474823,7,5
8,1,7,13,100111100111011101101110010101,1,1,0,0.52,0.44999998807907104,8,4
8,1,7,14,100111100111011101101110010101,1,1,0,0.58,0.8775510191917419,9,4
8,1,7,15,100111100111011101101110010101,1,1,0,0.55,0.7133333086967468,5,3
8,1,7,17,100111100111011101101110010101,1,1,0,0.28,0.13333334028720856,7,4
8,1,7,18,100111100111011101101110010101,1,1,0,0.62,0.4615384638309479,9,4
8,1,7,20,100111100111011101101110010101,1,1,0,0.74,0.5151515007019043,8,4
8,1,7,21,100111100111011101101110010101,1,1,0,0.74,0.6617646813392639,9,4
8,1,7,22,100111100111011101101110010101,1,1,0,0.34,0.6382978558540344,5,2
8,1,7,25,100111100111011101101110010101,1,1,0,0.35,0.4615384638309479,7,5
8,1,7,27,100111100111011101101110010101,1,1,0,0.69,0.5744680762290955,8,5
8,1,7,29,100111100111011101101110010101,1,1,0,0.37,0.5042017102241516,9,2
8,1,8,0,110010101010111100000001011111,1,1,0,0.2,0.515625,7,3
8,1,8,1,110010101010111100000001011111,1,1,0,0.7,0.6666666865348816,9,5
8,1,8,4,110010101010111100000001011111,1,1,0,0.42,0.6222222447395325,9,3
8,1,8,6,110010101010111100000001011111,1,1,0,0.49,0.7105262875556946,9,3
8,1,8,8,110010101010111100000001011111,1,1,0,0.7,0.8640000224113464,9,5
8,1,8,10,110010101010111100000001011111,1,1,0,0.42,0.44999998807907104,8,3
8,1,8,12,110010101010111100000001011111,1,1,0,0.7,0.7543859481811523,9,5
8,1,8,13,110010101010111100000001011111,1,1,0,0.52,0.44999998807907104,8,4
8,1,8,14,110010101010111100000001011111,1,1,0,0.58,0.8775510191917419,9,4
8,1,8,15,110010101010111100000001011111,1,1,0,0.55,0.7133333086967468,5,3
8,1,8,23,110010101010111100000001011111,1,1,0,0.74,0.7121211886405945,4,2
8,1,8,25,110010101010111100000001011111,1,1,0,0.35,0.4615384638309479,7,5
8,1,8,26,110010101010111100000001011111,1,1,0,0.84,0.26923078298568726,1,1
8,1,8,27,110010101010111100000001011111,1,1,0,0.69,0.5744680762290955,8,5
8,1,8,28,110010101010111100000001011111,1,1,0,0.3,0.5074626803398132,9,4
8,1,8,29,110010101010111100000001011111,1,1,0,0.37,0.5042017102241516,9,2
8,1,9,0,101001001011101010100100101001,1,1,0,0.2,0.515625,7,3
8,1,9,2,101001001011101010100100101001,1,1,0,0.61,0.7179487347602844,7,3
8,1,9,5,101001001011101010100100101001,1,1,0,0.7,0.43103447556495667,8,5
8,1,9,8,101001001011101010100100101001,1,1,0,0.7,0.8640000224113464,9,5
8,1,9,10,101001001011101010100100101001,1,1,0,0.42,0.44999998807907104,8,3
8,1,9,11,101001001011101010100100101001,1,1,0,0.75,0.47826087474823,7,5
8,1,9,12,101001001011101010100100101001,1,1,0,0.7,0.7543859481811523,9,5
8,1,9,14,101001001011101010100100101001,1,1,0,0.58,0.8775510191917419,9,4
8,1,9,16,101001001011101010100100101001,1,1,0,0.39,0.7397260069847107,9,3
8,1,9,18,101001001011101010100100101001,1,1,0,0.62,0.4615384638309479,9,4
8,1,9,21,101001001011101010100100101001,1,1,0,0.74,0.6617646813392639,9,4
8,1,9,24,101001001011101010100100101001,1,1,0,0.31,0.49275362491607666,8,2
8,1,9,26,101001001011101010100100101001,1,1,0,0.84,0.26923078298568726,1,1
8,1,9,29,101001001011101010100100101001,1,1,0,0.37,0.5042017102241516,9,2
8,1,10,0,111101110011010101011111010001,1,1,0,0.2,0.515625,7,3
8,1,10,1,111101110011010101011111010001,1,1,0,0.7,0.6666666865348816,9,5
8,1,10,2,111101110011010101011111010001,1,1,0,0.61,0.7179487347602844,7,3
8,1,10,3,111101110011010101011111010001,1,1,0,0.78,0.890625,7,4
8,1,10,5,111101110011010101011111010001,1,1,0,0.7,0.43103447556495667,8,5
8,1,10,6,111101110011010101011111010001,1,1,0,0.49,0.7105262875556946,9,3
8,1,10,7,111101110011010101011111010001,1,1,0,0.41,0.5925925970077515,1,1
8,1,10,10,111101110011010101011111010001,1,1,0,0.42,0.44999998807907104,8,3
8,1,10,11,111101110011010101011111010001,1,1,0,0.75,0.47826087474823,7,5
8,1,10,13,111101110011010101011111010001,1,1,0,0.52,0.44999998807907104,8,4
8,1,10,15,111101110011010101011111010001,1,1,0,0.55,0.7133333086967468,5,3
8,1,10,17,111101110011010101011111010001,1,1,0,0.28,0.13333334028720856,7,4
8,1,10,19,111101110011010101011111010001,1,1,0,0.7,0.375,9,4
8,1,10,20,111101110011010101011111010001,1,1,0,0.74,0.5151515007019043,8,4
8,1,10,21,111101110011010101011111010001,1,1,0,0.74,0.6617646813392639,9,4
8,1,10,22,111101110011010101011111010001,1,1,0,0.34,0.6382978558540344,5,2
8,1,10,23,111101110011010101011111010001,1,1,0,0.74,0.7121211886405945,4,2
8,1,10,25,111101110011010101011111010001,1,1,0,0.35,0.4615384638309479,7,5
8,1,10,29,111101110011010101011111010001,1,1,0,0.37,0.5042017102241516,9,2
8,2,0,0,110001001000101101111011110100,1,1,0,0.2,0.515625,7,3
8,2,0,1,110001001000101101111011110100,1,1,0,0.7,0.6666666865348816,9,5
8,2,0,5,110001001000101101111011110100,1,1,0,0.7,0.43103447556495667,8,5
8,2,0,8,110001001000101101111011110100,1,1,0,0.7,0.8640000224113464,9,5
8,2,0,12,110001001000101101111011110100,1,1,0,0.7,0.7543859481811523,9,5
8,2,0,14,110001001000101101111011110100,1,1,0,0.58,0.8775510191917419,9,4
8,2,0,15,110001001000101101111011110100,1,1,0,0.55,0.7133333086967468,5,3
8,2,0,17,110001001000101101111011110100,1,1,0,0.28,0.13333334028720856,7,4
8,2,0,18,110001001000101101111011110100,1,1,0,0.62,0.4615384638309479,9,4
8,2,0,19,110001001000101101111011110100,1,1,0,0.7,0.375,9,4
8,2,0,20,110001001000101101111011110100,1,1,0,0.74,0.5151515007019043,8,4
8,2,0,22,110001001000101101111011110100,1,1,0,0.34,0.6382978558540344,5,2
8,2,0,23,110001001000101101111011110100,1,1,0,0.74,0.7121211886405945,4,2
8,2,0,24,110001001000101101111011110100,1,1,0,0.31,0.49275362491607666,8,2
8,2,0,25,110001001000101101111011110100,1,1,0,0.35,0.4615384638309479,7,5
8,2,0,27,110001001000101101111011110100,1,1,0,0.69,0.5744680762290955,8,5
8,2,1,1,010110100011000011000000110000,1,1,0,0.7,0.6666666865348816,9,5
8,2,1,3,010110100011000011000000110000,1,1,0,0.78,0.890625,7,4
8,2,1,4,010110100011000011000000110000,1,1,0,0.42,0.6222222447395325,9,3
8,2,1,6,010110100011000011000000110000,1,1,0,0.49,0.7105262875556946,9,3
8,2,1,10,010110100011000011000000110000,1,1,0,0.42,0.44999998807907104,8,3
8,2,1,11,010110100011000011000000110000,1,1,0,0.75,0.47826087474823,7,5
8,2,1,16,010110100011000011000000110000,1,1,0,0.39,0.7397260069847107,9,3
8,2,1,17,010110100011000011000000110000,1,1,0,0.28,0.13333334028720856,7,4
8,2,1,24,010110100011000011000000110000,1,1,0,0.31,0.49275362491607666,8,2
8,2,1,25,010110100011000011000000110000,1,1,0,0.35,0.4615384638309479,7,5
8,2,2,0,100000100101010101101001111111,1,1,0,0.2,0.515625,7,3
8,2,2,6,100000100101010101101001111111,1,1,0,0.49,0.7105262875556946,9,3
8,2,2,9,100000100101010101101001111111,1,1,0,0.49,0.5288461446762085,1,1
8,2,2,11,100000100101010101101001111111,1,1,0,0.75,0.47826087474823,7,5
8,2,2,13,100000100101010101101001111111,1,1,0,0.52,0.44999998807907104,8,4
8,2,2,15,100000100101010101101001111111,1,1,0,0.55,0.7133333086967468,5,3
8,2,2,17,100000100101010101101001111111,1,1,0,0.28,0.13333334028720856,7,4
8,2,2,18,100000100101010101101001111111,1,1,0,0.62,0.4615384638309479,9,4
8,2,2,20,100000100101010101101001111111,1,1,0,0.74,0.5151515007019043,8,4
8,2,2,23,100000100101010101101001111111,1,1,0,0.74,0.7121211886405945,4,2
8,2,2,24,100000100101010101101001111111,1,1,0,0.31,0.49275362491607666,8,2
8,2,2,25,100000100101010101101001111111,1,1,0,0.35,0.4615384638309479,7,5
8,2,2,26,100000100101010101101001111111,1,1,0,0.84,0.26923078298568726,1,1
8,2,2,27,100000100101010101101001111111,1,1,0,0.69,0.5744680762290955,8,5
8,2,2,28,100000100101010101101001111111,1,1,0,0.3,0.5074626803398132,9,4
8,2,2,29,100000100101010101101001111111,1,1,0,0.37,0.5042017102241516,9,2
8,2,3,0,110010101010111100000001011111,1,1,0,0.2,0.515625,7,3
8,2,3,1,110010101010111100000001011111,1,1,0,0.7,0.6666666865348816,9,5
8,2,3,4,110010101010111100000001011111,1,1,0,0.42,0.6222222447395325,9,3
8,2,3,6,110010101010111100000001011111,1,1,0,0.49,0.7105262875556946,9,3
8,2,3,8,110010101010111100000001011111,1,1,0,0.7,0.8640000224113464,9,5
8,2,3,10,110010101010111100000001011111,1,1,0,0.42,0.44999998807907104,8,3
8,2,3,12,110010101010111100000001011111,1,1,0,0.7,0.7543859481811523,9,5
8,2,3,13,110010101010111100000001011111,1,1,0,0.52,0.44999998807907104,8,4
8,2,3,14,110010101010111100000001011111,1,1,0,0.58,0.8775510191917419,9,4
8,2,3,15,110010101010111100000001011111,1,1,0,0.55,0.7133333086967468,5,3
8,2,3,23,110010101010111100000001011111,1,1,0,0.74,0.7121211886405945,4,2
8,2,3,25,110010101010111100000001011111,1,1,0,0.35,0.4615384638309479,7,5
8,2,3,26,110010101010111100000001011111,1,1,0,0.84,0.26923078298568726,1,1
8,2,3,27,110010101010111100000001011111,1,1,0,0.69,0.5744680762290955,8,5
8,2,3,28,110010101010111100000001011111,1,1,0,0.3,0.5074626803398132,9,4
8,2,3,29,110010101010111100000001011111,1,1,0,0.37,0.5042017102241516,9,2
8,2,4,0,101001001011101010100100101001,1,1,0,0.2,0.515625,7,3
8,2,4,2,101001001011101010100100101001,1,1,0,0.61,0.7179487347602844,7,3
8,2,4,5,101001001011101010100100101001,1,1,0,0.7,0.43103447556495667,8,5
8,2,4,8,101001001011101010100100101001,1,1,0,0.7,0.8640000224113464,9,5
8,2,4,10,101001001011101010100100101001,1,1,0,0.42,0.44999998807907104,8,3
8,2,4,11,101001001011101010100100101001,1,1,0,0.75,0.47826087474823,7,5
8,2,4,12,101001001011101010100100101001,1,1,0,0.7,0.7543859481811523,9,5
8,2,4,14,101001001011101010100100101001,1,1,0,0.58,0.8775510191917419,9,4
8,2,4,16,101001001011101010100100101001,1,1,0,0.39,0.7397260069847107,9,3
8,2,4,18,101001001011101010100100101001,1,1,0,0.62,0.4615384638309479,9,4
8,2,4,21,101001001011101010100100101001,1,1,0,0.74,0.6617646813392639,9,4
8,2,4,24,101001001011101010100100101001,1,1,0,0.31,0.49275362491607666,8,2
8,2,4,26,101001001011101010100100101001,1,1,0,0.84,0.26923078298568726,1,1
8,2,4,29,101001001011101010100100101001,1,1,0,0.37,0.5042017102241516,9,2
8,2,5,0,111101110011010101011111010001,1,1,0,0.2,0.515625,7,3
8,2,5,1,111101110011010101011111010001,1,1,0,0.7,0.6666666865348816,9,5
8,2,5,2,111101110011010101011111010001,1,1,0,0.61,0.7179487347602844,7,3
8,2,5,3,111101110011010101011111010001,1,1,0,0.78,0.890625,7,4
8,2,5,5,111101110011010101011111010001,1,1,0,0.7,0.43103447556495667,8,5
8,2,5,6,111101110011010101011111010001,1,1,0,0.49,0.7105262875556946,9,3
8,2,5,7,111101110011010101011111010001,1,1,0,0.41,0.5925925970077515,1,1
8,2,5,10,111101110011010101011111010001,1,1,0,0.42,0.44999998807907104,8,3
8,2,5,11,111101110011010101011111010001,1,1,0,0.75,0.47826087474823,7,5
8,2,5,13,111101110011010101011111010001,1,1,0,0.52,0.44999998807907104,8,4
8,2,5,15,111101110011010101011111010001,1,1,0,0.55,0.7133333086967468,5,3
8,2,5,17,111101110011010101011111010001,1,1,0,0.28,0.13333334028720856,7,4
8,2,5,19,111101110011010101011111010001,1,1,0,0.7,0.375,9,4
8,2,5,20,111101110011010101011111010001,1,1,0,0.74,0.5151515007019043,8,4
8,2,5,21,111101110011010101011111010001,1,1,0,0.74,0.6617646813392639,9,4
8,2,5,22,111101110011010101011111010001,1,1,0,0.34,0.6382978558540344,5,2
8,2,5,23,111101110011010101011111010001,1,1,0,0.74,0.7121211886405945,4,2
8,2,5,25,111101110011010101011111010001,1,1,0,0.35,0.4615384638309479,7,5
8,2,5,29,111101110011010101011111010001,1,1,0,0.37,0.5042017102241516,9,2
8,2,6,0,100001011110110000010110100110,1,1,0,0.2,0.515625,7,3
8,2,6,5,100001011110110000010110100110,1,1,0,0.7,0.43103447556495667,8,5
8,2,6,7,100001011110110000010110100110,1,1,0,0.41,0.5925925970077515,1,1
8,2,6,8,100001011110110000010110100110,1,1,0,0.7,0.8640000224113464,9,5
8,2,6,9,100001011110110000010110100110,1,1,0,0.49,0.5288461446762085,1,1
8,2,6,10,100001011110110000010110100110,1,1,0,0.42,0.44999998807907104,8,3
8,2,6,12,100001011110110000010110100110,1,1,0,0.7,0.7543859481811523,9,5
8,2,6,13,100001011110110000010110100110,1,1,0,0.52,0.44999998807907104,8,4
8,2,6,19,100001011110110000010110100110,1,1,0,0.7,0.375,9,4
8,2,6,21,100001011110110000010110100110,1,1,0,0.74,0.6617646813392639,9,4
8,2,6,22,100001011110110000010110100110,1,1,0,0.34,0.6382978558540344,5,2
8,2,6,24,100001011110110000010110100110,1,1,0,0.31,0.49275362491607666,8,2
8,2,6,27,100001011110110000010110100110,1,1,0,0.69,0.5744680762290955,8,5
8,2,6,28,100001011110110000010110100110,1,1,0,0.3,0.5074626803398132,9,4
8,2,7,0,101001001011100101010100101011,1,1,0,0.2,0.515625,7,3
8,2,7,2,101001001011100101010100101011,1,1,0,0.61,0.7179487347602844,7,3
8,2,7,5,101001001011100101010100101011,1,1,0,0.7,0.43103447556495667,8,5
8,2,7,8,101001001011100101010100101011,1,1,0,0.7,0.8640000224113464,9,5
8,2,7,10,101001001011100101010100101011,1,1,0,0.42,0.44999998807907104,8,3
8,2,7,11,101001001011100101010100101011,1,1,0,0.75,0.47826087474823,7,5
8,2,7,12,101001001011100101010100101011,1,1,0,0.7,0.7543859481811523,9,5
8,2,7,15,101001001011100101010100101011,1,1,0,0.55,0.7133333086967468,5,3
8,2,7,17,101001001011100101010100101011,1,1,0,0.28,0.13333334028720856,7,4
8,2,7,19,101001001011100101010100101011,1,1,0,0.7,0.375,9,4
8,2,7,21,101001001011100101010100101011,1,1,0,0.74,0.6617646813392639,9,4
8,2,7,24,101001001011100101010100101011,1,1,0,0.31,0.49275362491607666,8,2
8,2,7,26,101001001011100101010100101011,1,1,0,0.84,0.26923078298568726,1,1
8,2,7,28,101001001011100101010100101011,1,1,0,0.3,0.5074626803398132,9,4
8,2,7,29,101001001011100101010100101011,1,1,0,0.37,0.5042017102241516,9,2
8,2,8,0,100000100101001000001001111111,1,1,0,0.2,0.515625,7,3
8,2,8,6,100000100101001000001001111111,1,1,0,0.49,0.7105262875556946,9,3
8,2,8,9,100000100101001000001001111111,1,1,0,0.49,0.5288461446762085,1,1
8,2,8,11,100000100101001000001001111111,1,1,0,0.75,0.47826087474823,7,5
8,2,8,14,100000100101001000001001111111,1,1,0,0.58,0.8775510191917419,9,4
8,2,8,20,100000100101001000001001111111,1,1,0,0.74,0.5151515007019043,8,4
8,2,8,23,100000100101001000001001111111,1,1,0,0.74,0.7121211886405945,4,2
8,2,8,24,100000100101001000001001111111,1,1,0,0.31,0.49275362491607666,8,2
8,2,8,25,100000100101001000001001111111,1,1,0,0.35,0.4615384638309479,7,5
8,2,8,26,100000100101001000001001111111,1,1,0,0.84,0.26923078298568726,1,1
8,2,8,27,100000100101001000001001111111,1,1,0,0.69,0.5744680762290955,8,5
8,2,8,28,100000100101001000001001111111,1,1,0,0.3,0.5074626803398132,9,4
8,2,8,29,100000100101001000001001111111,1,1,0,0.37,0.5042017102241516,9,2
8,2,9,0,100110100011001111001011000111,1,1,0,0.2,0.515625,7,3
8,2,9,3,100110100011001111001011000111,1,1,0,0.78,0.890625,7,4
8,2,9,4,100110100011001111001011000111,1,1,0,0.42,0.6222222447395325,9,3
8,2,9,6,100110100011001111001011000111,1,1,0,0.49,0.7105262875556946,9,3
8,2,9,10,100110100011001111001011000111,1,1,0,0.42,0.44999998807907104,8,3
8,2,9,11,100110100011001111001011000111,1,1,0,0.75,0.47826087474823,7,5
8,2,9,14,100110100011001111001011000111,1,1,0,0.58,0.8775510191917419,9,4
8,2,9,15,100110100011001111001011000111,1,1,0,0.55,0.7133333086967468,5,3
8,2,9,16,100110100011001111001011000111,1,1,0,0.39,0.7397260069847107,9,3
8,2,9,17,100110100011001111001011000111,1,1,0,0.28,0.13333334028720856,7,4
8,2,9,20,100110100011001111001011000111,1,1,0,0.74,0.5151515007019043,8,4
8,2,9,22,100110100011001111001011000111,1,1,0,0.34,0.6382978558540344,5,2
8,2,9,23,100110100011001111001011000111,1,1,0,0.74,0.7121211886405945,4,2
8,2,9,27,100110100011001111001011000111,1,1,0,0.69,0.5744680762290955,8,5
8,2,9,28,100110100011001111001011000111,1,1,0,0.3,0.5074626803398132,9,4
8,2,9,29,100110100011001111001011000111,1,1,0,0.37,0.5042017102241516,9,2
8,2,10,0,101001001011101010100100101101,1,1,0,0.2,0.515625,7,3
8,2,10,2,101001001011101010100100101101,1,1,0,0.61,0.7179487347602844,7,3
8,2,10,5,101001001011101010100100101101,1,1,0,0.7,0.43103447556495667,8,5
8,2,10,8,101001001011101010100100101101,1,1,0,0.7,0.8640000224113464,9,5
8,2,10,10,101001001011101010100100101101,1,1,0,0.42,0.44999998807907104,8,3
8,2,10,11,101001001011101010100100101101,1,1,0,0.75,0.47826087474823,7,5
8,2,10,12,101001001011101010100100101101,1,1,0,0.7,0.7543859481811523,9,5
8,2,10,14,101001001011101010100100101101,1,1,0,0.58,0.8775510191917419,9,4
8,2,10,16,101001001011101010100100101101,1,1,0,0.39,0.7397260069847107,9,3
8,2,10,18,101001001011101010100100101101,1,1,0,0.62,0.4615384638309479,9,4
8,2,10,21,101001001011101010100100101101,1,1,0,0.74,0.6617646813392639,9,4
8,2,10,24,101001001011101010100100101101,1,1,0,0.31,0.49275362491607666,8,2
8,2,10,26,101001001011101010100100101101,1,1,0,0.84,0.26923078298568726,1,1
8,2,10,27,101001001011101010100100101101,1,1,0,0.69,0.5744680762290955,8,5
8,2,10,29,101001001011101010100100101101,1,1,0,0.37,0.5042017102241516,9,2
8,2,11,0,100001010011010101010110000010,1,1,0,0.2,0.515625,7,3
8,2,11,5,100001010011010101010110000010,1,1,0,0.7,0.43103447556495667,8,5
8,2,11,7,100001010011010101010110000010,1,1,0,0.41,0.5925925970077515,1,1
8,2,11,10,100001010011010101010110000010,1,1,0,0.42,0.44999998807907104,8,3
8,2,11,11,100001010011010101010110000010,1,1,0,0.75,0.47826087474823,7,5
8,2,11,13,100001010011010101010110000010,1,1,0,0.52,0.44999998807907104,8,4
8,2,11,15,100001010011010101010110000010,1,1,0,0.55,0.7133333086967468,5,3
8,2,11,17,100001010011010101010110000010,1,1,0,0.28,0.13333334028720856,7,4
8,2,11,19,100001010011010101010110000010,1,1,0,0.7,0.375,9,4
8,2,11,21,100001010011010101010110000010,1,1,0,0.74,0.6617646813392639,9,4
8,2,11,22,100001010011010101010110000010,1,1,0,0.34,0.6382978558540344,5,2
8,2,11,28,100001010011010101010110000010,1,1,0,0.3,0.5074626803398132,9,4
8,2,12,2,001101110011011011111110010000,1,1,0,0.61,0.7179487347602844,7,3
8,2,12,3,001101110011011011111110010000,1,1,0,0.78,0.890625,7,4
8,2,12,5,001101110011011011111110010000,1,1,0,0.7,0.43103447556495667,8,5
8,2,12,6,001101110011011011111110010000,1,1,0,0.49,0.7105262875556946,9,3
8,2,12,7,001101110011011011111110010000,1,1,0,0.41,0.5925925970077515,1,1
8,2,12,10,001101110011011011111110010000,1,1,0,0.42,0.44999998807907104,8,3
8,2,12,11,001101110011011011111110010000,1,1,0,0.75,0.47826087474823,7,5
8,2,12,13,001101110011011011111110010000,1,1,0,0.52,0.44999998807907104,8,4
8,2,12,14,001101110011011011111110010000,1,1,0,0.58,0.8775510191917419,9,4
8,2,12,16,001101110011011011111110010000,1,1,0,0.39,0.7397260069847107,9,3
8,2,12,17,001101110011011011111110010000,1,1,0,0.28,0.13333334028720856,7,4
8,2,12,18,001101110011011011111110010000,1,1,0,0.62,0.4615384638309479,9,4
8,2,12,19,001101110011011011111110010000,1,1,0,0.7,0.375,9,4
8,2,12,20,001101110011011011111110010000,1,1,0,0.74,0.5151515007019043,8,4
8,2,12,21,001101110011011011111110010000,1,1,0,0.74,0.6617646813392639,9,4
8,2,12,22,001101110011011011111110010000,1,1,0,0.34,0.6382978558540344,5,2
8,2,12,25,001101110011011011111110010000,1,1,0,0.35,0.4615384638309479,7,5
8,2,13,2,001110100111110101101001101010,1,1,0,0.61,0.7179487347602844,7,3
8,2,13,3,001110100111110101101001101010,1,1,0,0.78,0.890625,7,4
8,2,13,4,001110100111110101101001101010,1,1,0,0.42,0.6222222447395325,9,3
8,2,13,6,001110100111110101101001101010,1,1,0,0.49,0.7105262875556946,9,3
8,2,13,9,001110100111110101101001101010,1,1,0,0.49,0.5288461446762085,1,1
8,2,13,10,001110100111110101101001101010,1,1,0,0.42,0.44999998807907104,8,3
8,2,13,11,001110100111110101101001101010,1,1,0,0.75,0.47826087474823,7,5
8,2,13,12,001110100111110101101001101010,1,1,0,0.7,0.7543859481811523,9,5
8,2,13,13,001110100111110101101001101010,1,1,0,0.52,0.44999998807907104,8,4
8,2,13,15,001110100111110101101001101010,1,1,0,0.55,0.7133333086967468,5,3
8,2,13,17,001110100111110101101001101010,1,1,0,0.28,0.13333334028720856,7,4
8,2,13,18,001110100111110101101001101010,1,1,0,0.62,0.4615384638309479,9,4
8,2,13,20,001110100111110101101001101010,1,1,0,0.74,0.5151515007019043,8,4
8,2,13,23,001110100111110101101001101010,1,1,0,0.74,0.7121211886405945,4,2
8,2,13,24,001110100111110101101001101010,1,1,0,0.31,0.49275362491607666,8,2
8,2,13,26,001110100111110101101001101010,1,1,0,0.84,0.26923078298568726,1,1
8,2,13,28,001110100111110101101001101010,1,1,0,0.3,0.5074626803398132,9,4
8,2,14,0,110101110001101101111011001111,1,1,0,0.2,0.515625,7,3
8,2,14,1,110101110001101101111011001111,1,1,0,0.7,0.6666666865348816,9,5
8,2,14,3,110101110001101101111011001111,1,1,0,0.78,0.890625,7,4
8,2,14,5,110101110001101101111011001111,1,1,0,0.7,0.43103447556495667,8,5
8,2,14,6,110101110001101101111011001111,1,1,0,0.49,0.7105262875556946,9,3
8,2,14,7,110101110001101101111011001111,1,1,0,0.41,0.5925925970077515,1,1
8,2,14,11,110101110001101101111011001111,1,1,0,0.75,0.47826087474823,7,5
8,2,14,12,110101110001101101111011001111,1,1,0,0.7,0.7543859481811523,9,5
8,2,14,14,110101110001101101111011001111,1,1,0,0.58,0.8775510191917419,9,4
8,2,14,15,110101110001101101111011001111,1,1,0,0.55,0.7133333086967468,5,3
8,2,14,17,110101110001101101111011001111,1,1,0,0.28,0.13333334028720856,7,4
8,2,14,18,110101110001101101111011001111,1,1,0,0.62,0.4615384638309479,9,4
8,2,14,19,110101110001101101111011001111,1,1,0,0.7,0.375,9,4
8,2,14,20,110101110001101101111011001111,1,1,0,0.74,0.5151515007019043,8,4
8,2,14,22,110101110001101101111011001111,1,1,0,0.34,0.6382978558540344,5,2
8,2,14,23,110101110001101101111011001111,1,1,0,0.74,0.7121211886405945,4,2
8,2,14,26,110101110001101101111011001111,1,1,0,0.84,0.26923078298568726,1,1
8,2,14,27,110101110001101101111011001111,1,1,0,0.69,0.5744680762290955,8,5
8,2,14,28,110101110001101101111011001111,1,1,0,0.3,0.5074626803398132,9,4
8,2,14,29,110101110001101101111011001111,1,1,0,0.37,0.5042017102241516,9,2
8,2,15,0,110000000111011100011001110110,1,1,0,0.2,0.515625,7,3
8,2,15,1,110000000111011100011001110110,1,1,0,0.7,0.6666666865348816,9,5
8,2,15,9,110000000111011100011001110110,1,1,0,0.49,0.5288461446762085,1,1
8,2,15,10,110000000111011100011001110110,1,1,0,0.42,0.44999998807907104,8,3
8,2,15,11,110000000111011100011001110110,1,1,0,0.75,0.47826087474823,7,5
8,2,15,13,110000000111011100011001110110,1,1,0,0.52,0.44999998807907104,8,4
8,2,15,14,110000000111011100011001110110,1,1,0,0.58,0.8775510191917419,9,4
8,2,15,15,110000000111011100011001110110,1,1,0,0.55,0.7133333086967468,5,3
8,2,15,19,110000000111011100011001110110,1,1,0,0.7,0.375,9,4
8,2,15,20,110000000111011100011001110110,1,1,0,0.74,0.5151515007019043,8,4
8,2,15,23,110000000111011100011001110110,1,1,0,0.74,0.7121211886405945,4,2
8,2,15,24,110000000111011100011001110110,1,1,0,0.31,0.49275362491607666,8,2
8,2,15,25,110000000111011100011001110110,1,1,0,0.35,0.4615384638309479,7,5
8,2,15,27,110000000111011100011001110110,1,1,0,0.69,0.5744680762290955,8,5
8,2,15,28,110000000111011100011001110110,1,1,0,0.3,0.5074626803398132,9,4
8,2,16,0,110100111000011101101001011101,1,1,0,0.2,0.515625,7,3
8,2,16,1,110100111000011101101001011101,1,1,0,0.7,0.6666666865348816,9,5
8,2,16,3,110100111000011101101001011101,1,1,0,0.78,0.890625,7,4
8,2,16,6,110100111000011101101001011101,1,1,0,0.49,0.7105262875556946,9,3
8,2,16,7,110100111000011101101001011101,1,1,0,0.41,0.5925925970077515,1,1
8,2,16,8,110100111000011101101001011101,1,1,0,0.7,0.8640000224113464,9,5
8,2,16,13,110100111000011101101001011101,1,1,0,0.52,0.44999998807907104,8,4
8,2,16,14,110100111000011101101001011101,1,1,0,0.58,0.8775510191917419,9,4
8,2,16,15,110100111000011101101001011101,1,1,0,0.55,0.7133333086967468,5,3
8,2,16,17,110100111000011101101001011101,1,1,0,0.28,0.13333334028720856,7,4
8,2,16,18,110100111000011101101001011101,1,1,0,0.62,0.4615384638309479,9,4
8,2,16,20,110100111000011101101001011101,1,1,0,0.74,0.5151515007019043,8,4
8,2,16,23,110100111000011101101001011101,1,1,0,0.74,0.7121211886405945,4,2
8,2,16,25,110100111000011101101001011101,1,1,0,0.35,0.4615384638309479,7,5
8,2,16,26,110100111000011101101001011101,1,1,0,0.84,0.26923078298568726,1,1
8,2,16,27,110100111000011101101001011101,1,1,0,0.69,0.5744680762290955,8,5
8,2,16,29,110100111000011101101001011101,1,1,0,0.37,0.5042017102241516,9,2
8,3,0,0,110001001000101101111011110100,1,1,0,0.2,0.515625,7,3
8,3,0,1,110001001000101101111011110100,1,1,0,0.7,0.6666666865348816,9,5
8,3,0,5,110001001000101101111011110100,1,1,0,0.7,0.43103447556495667,8,5
8,3,0,8,110001001000101101111011110100,1,1,0,0.7,0.8640000224113464,9,5
8,3,0,12,110001001000101101111011110100,1,1,0,0.7,0.7543859481811523,9,5
8,3,0,14,110001001000101101111011110100,1,1,0,0.58,0.8775510191917419,9,4
8,3,0,15,110001001000101101111011110100,1,1,0,0.55,0.7133333086967468,5,3
8,3,0,17,110001001000101101111011110100,1,1,0,0.28,0.13333334028720856,7,4
8,3,0,18,110001001000101101111011110100,1,1,0,0.62,0.4615384638309479,9,4
8,3,0,19,110001001000101101111011110100,1,1,0,0.7,0.375,9,4
8,3,0,20,110001001000101101111011110100,1,1,0,0.74,0.5151515007019043,8,4
8,3,0,22,110001001000101101111011110100,1,1,0,0.34,0.6382978558540344,5,2
8,3,0,23,110001001000101101111011110100,1,1,0,0.74,0.7121211886405945,4,2
8,3,0,24,110001001000101101111011110100,1,1,0,0.31,0.49275362491607666,8,2
8,3,0,25,110001001000101101111011110100,1,1,0,0.35,0.4615384638309479,7,5
8,3,0,27,110001001000101101111011110100,1,1,0,0.69,0.5744680762290955,8,5
8,3,1,0,100000100101010101101001111111,1,1,0,0.2,0.515625,7,3
8,3,1,6,100000100101010101101001111111,1,1,0,0.49,0.7105262875556946,9,3
8,3,1,9,100000100101010101101001111111,1,1,0,0.49,0.5288461446762085,1,1
8,3,1,11,100000100101010101101001111111,1,1,0,0.75,0.47826087474823,7,5
8,3,1,13,100000100101010101101001111111,1,1,0,0.52,0.44999998807907104,8,4
8,3,1,15,100000100101010101101001111111,1,1,0,0.55,0.7133333086967468,5,3
8,3,1,17,100000100101010101101001111111,1,1,0,0.28,0.13333334028720856,7,4
8,3,1,18,100000100101010101101001111111,1,1,0,0.62,0.4615384638309479,9,4
8,3,1,20,100000100101010101101001111111,1,1,0,0.74,0.5151515007019043,8,4
8,3,1,23,100000100101010101101001111111,1,1,0,0.74,0.7121211886405945,4,2
8,3,1,24,100000100101010101101001111111,1,1,0,0.31,0.49275362491607666,8,2
8,3,1,25,100000100101010101101001111111,1,1,0,0.35,0.4615384638309479,7,5
8,3,1,26,100000100101010101101001111111,1,1,0,0.84,0.26923078298568726,1,1
8,3,1,27,100000100101010101101001111111,1,1,0,0.69,0.5744680762290955,8,5
8,3,1,28,100000100101010101101001111111,1,1,0,0.3,0.5074626803398132,9,4
8,3,1,29,100000100101010101101001111111,1,1,0,0.37,0.5042017102241516,9,2
8,3,2,0,101001001011101010100100101001,1,1,0,0.2,0.515625,7,3
8,3,2,2,101001001011101010100100101001,1,1,0,0.61,0.7179487347602844,7,3
8,3,2,5,101001001011101010100100101001,1,1,0,0.7,0.43103447556495667,8,5
8,3,2,8,101001001011101010100100101001,1,1,0,0.7,0.8640000224113464,9,5
8,3,2,10,101001001011101010100100101001,1,1,0,0.42,0.44999998807907104,8,3
8,3,2,11,101001001011101010100100101001,1,1,0,0.75,0.47826087474823,7,5
8,3,2,12,101001001011101010100100101001,1,1,0,0.7,0.7543859481811523,9,5
8,3,2,14,101001001011101010100100101001,1,1,0,0.58,0.8775510191917419,9,4
8,3,2,16,101001001011101010100100101001,1,1,0,0.39,0.7397260069847107,9,3
8,3,2,18,101001001011101010100100101001,1,1,0,0.62,0.4615384638309479,9,4
8,3,2,21,101001001011101010100100101001,1,1,0,0.74,0.6617646813392639,9,4
8,3,2,24,101001001011101010100100101001,1,1,0,0.31,0.49275362491607666,8,2
8,3,2,26,101001001011101010100100101001,1,1,0,0.84,0.26923078298568726,1,1
8,3,2,29,101001001011101010100100101001,1,1,0,0.37,0.5042017102241516,9,2
8,3,3,0,111101110011010101011111010001,1,1,0,0.2,0.515625,7,3
8,3,3,1,111101110011010101011111010001,1,1,0,0.7,0.6666666865348816,9,5
8,3,3,2,111101110011010101011111010001,1,1,0,0.61,0.7179487347602844,7,3
8,3,3,3,111101110011010101011111010001,1,1,0,0.78,0.890625,7,4
8,3,3,5,111101110011010101011111010001,1,1,0,0.7,0.43103447556495667,8,5
8,3,3,6,111101110011010101011111010001,1,1,0,0.49,0.7105262875556946,9,3
8,3,3,7,111101110011010101011111010001,1,1,0,0.41,0.5925925970077515,1,1
8,3,3,10,111101110011010101011111010001,1,1,0,0.42,0.44999998807907104,8,3
8,3,3,11,111101110011010101011111010001,1,1,0,0.75,0.47826087474823,7,5
8,3,3,13,111101110011010101011111010001,1,1,0,0.52,0.44999998807907104,8,4
8,3,3,15,111101110011010101011111010001,1,1,0,0.55,0.7133333086967468,5,3
8,3,3,17,111101110011010101011111010001,1,1,0,0.28,0.13333334028720856,7,4
8,3,3,19,111101110011010101011111010001,1,1,0,0.7,0.375,9,4
8,3,3,20,111101110011010101011111010001,1,1,0,0.74,0.5151515007019043,8,4
8,3,3,21,111101110011010101011111010001,1,1,0,0.74,0.6617646813392639,9,4
8,3,3,22,111101110011010101011111010001,1,1,0,0.34,0.6382978558540344,5,2
8,3,3,23,111101110011010101011111010001,1,1,0,0.74,0.7121211886405945,4,2
8,3,3,25,111101110011010101011111010001,1,1,0,0.35,0.4615384638309479,7,5
8,3,3,29,111101110011010101011111010001,1,1,0,0.37,0.5042017102241516,9,2
8,3,4,0,100001011110110000010110100110,1,1,0,0.2,0.515625,7,3
8,3,4,5,100001011110110000010110100110,1,1,0,0.7,0.43103447556495667,8,5
8,3,4,7,100001011110110000010110100110,1,1,0,0.41,0.5925925970077515,1,1
8,3,4,8,100001011110110000010110100110,1,1,0,0.7,0.8640000224113464,9,5
8,3,4,9,100001011110110000010110100110,1,1,0,0.49,0.5288461446762085,1,1
8,3,4,10,100001011110110000010110100110,1,1,0,0.42,0.44999998807907104,8,3
8,3,4,12,100001011110110000010110100110,1,1,0,0.7,0.7543859481811523,9,5
8,3,4,13,100001011110110000010110100110,1,1,0,0.52,0.44999998807907104,8,4
8,3,4,19,100001011110110000010110100110,1,1,0,0.7,0.375,9,4
8,3,4,21,100001011110110000010110100110,1,1,0,0.74,0.6617646813392639,9,4
8,3,4,22,100001011110110000010110100110,1,1,0,0.34,0.6382978558540344,5,2
8,3,4,24,100001011110110000010110100110,1,1,0,0.31,0.49275362491607666,8,2
8,3,4,27,100001011110110000010110100110,1,1,0,0.69,0.5744680762290955,8,5
8,3,4,28,100001011110110000010110100110,1,1,0,0.3,0.5074626803398132,9,4
8,3,5,0,101001001011100101010100101011,1,1,0,0.2,0.515625,7,3
8,3,5,2,101001001011100101010100101011,1,1,0,0.61,0.7179487347602844,7,3
8,3,5,5,101001001011100101010100101011,1,1,0,0.7,0.43103447556495667,8,5
8,3,5,8,101001001011100101010100101011,1,1,0,0.7,0.8640000224113464,9,5
8,3,5,10,101001001011100101010100101011,1,1,0,0.42,0.44999998807907104,8,3
8,3,5,11,101001001011100101010100101011,1,1,0,0.75,0.47826087474823,7,5
8,3,5,12,101001001011100101010100101011,1,1,0,0.7,0.7543859481811523,9,5
8,3,5,15,101001001011100101010100101011,1,1,0,0.55,0.7133333086967468,5,3
8,3,5,17,101001001011100101010100101011,1,1,0,0.28,0.13333334028720856,7,4
8,3,5,19,101001001011100101010100101011,1,1,0,0.7,0.375,9,4
8,3,5,21,101001001011100101010100101011,1,1,0,0.74,0.6617646813392639,9,4
8,3,5,24,101001001011100101010100101011,1,1,0,0.31,0.49275362491607666,8,2
8,3,5,26,101001001011100101010100101011,1,1,0,0.84,0.26923078298568726,1,1
8,3,5,28,101001001011100101010100101011,1,1,0,0.3,0.5074626803398132,9,4
8,3,5,29,101001001011100101010100101011,1,1,0,0.37,0.5042017102241516,9,2
8,3,6,0,100110100011001111001011000111,1,1,0,0.2,0.515625,7,3
8,3,6,3,100110100011001111001011000111,1,1,0,0.78,0.890625,7,4
8,3,6,4,100110100011001111001011000111,1,1,0,0.42,0.6222222447395325,9,3
8,3,6,6,100110100011001111001011000111,1,1,0,0.49,0.7105262875556946,9,3
8,3,6,10,100110100011001111001011000111,1,1,0,0.42,0.44999998807907104,8,3
8,3,6,11,100110100011001111001011000111,1,1,0,0.75,0.47826087474823,7,5
8,3,6,14,100110100011001111001011000111,1,1,0,0.58,0.8775510191917419,9,4
8,3,6,15,100110100011001111001011000111,1,1,0,0.55,0.7133333086967468,5,3
8,3,6,16,100110100011001111001011000111,1,1,0,0.39,0.7397260069847107,9,3
8,3,6,17,100110100011001111001011000111,1,1,0,0.28,0.13333334028720856,7,4
8,3,6,20,100110100011001111001011000111,1,1,0,0.74,0.5151515007019043,8,4
8,3,6,22,100110100011001111001011000111,1,1,0,0.34,0.6382978558540344,5,2
8,3,6,23,100110100011001111001011000111,1,1,0,0.74,0.7121211886405945,4,2
8,3,6,27,100110100011001111001011000111,1,1,0,0.69,0.5744680762290955,8,5
8,3,6,28,100110100011001111001011000111,1,1,0,0.3,0.5074626803398132,9,4
8,3,6,29,100110100011001111001011000111,1,1,0,0.37,0.5042017102241516,9,2
8,3,7,2,001110100111110101101001101010,1,1,0,0.61,0.7179487347602844,7,3
8,3,7,3,001110100111110101101001101010,1,1,0,0.78,0.890625,7,4
8,3,7,4,001110100111110101101001101010,1,1,0,0.42,0.6222222447395325,9,3
8,3,7,6,001110100111110101101001101010,1,1,0,0.49,0.7105262875556946,9,3
8,3,7,9,001110100111110101101001101010,1,1,0,0.49,0.5288461446762085,1,1
8,3,7,10,001110100111110101101001101010,1,1,0,0.42,0.44999998807907104,8,3
8,3,7,11,001110100111110101101001101010,1,1,0,0.75,0.47826087474823,7,5
8,3,7,12,001110100111110101101001101010,1,1,0,0.7,0.7543859481811523,9,5
8,3,7,13,001110100111110101101001101010,1,1,0,0.52,0.44999998807907104,8,4
8,3,7,15,001110100111110101101001101010,1,1,0,0.55,0.7133333086967468,5,3
8,3,7,17,001110100111110101101001101010,1,1,0,0.28,0.13333334028720856,7,4
8,3,7,18,001110100111110101101001101010,1,1,0,0.62,0.4615384638309479,9,4
8,3,7,20,001110100111110101101001101010,1,1,0,0.74,0.5151515007019043,8,4
8,3,7,23,001110100111110101101001101010,1,1,0,0.74,0.7121211886405945,4,2
8,3,7,24,001110100111110101101001101010,1,1,0,0.31,0.49275362491607666,8,2
8,3,7,26,001110100111110101101001101010,1,1,0,0.84,0.26923078298568726,1,1
8,3,7,28,001110100111110101101001101010,1,1,0,0.3,0.5074626803398132,9,4
8,3,8,0,110101110001101101111011001111,1,1,0,0.2,0.515625,7,3
8,3,8,1,110101110001101101111011001111,1,1,0,0.7,0.6666666865348816,9,5
8,3,8,3,110101110001101101111011001111,1,1,0,0.78,0.890625,7,4
8,3,8,5,110101110001101101111011001111,1,1,0,0.7,0.43103447556495667,8,5
8,3,8,6,110101110001101101111011001111,1,1,0,0.49,0.7105262875556946,9,3
8,3,8,7,110101110001101101111011001111,1,1,0,0.41,0.5925925970077515,1,1
8,3,8,11,110101110001101101111011001111,1,1,0,0.75,0.47826087474823,7,5
8,3,8,12,110101110001101101111011001111,1,1,0,0.7,0.7543859481811523,9,5
8,3,8,14,110101110001101101111011001111,1,1,0,0.58,0.8775510191917419,9,4
8,3,8,15,110101110001101101111011001111,1,1,0,0.55,0.7133333086967468,5,3
8,3,8,17,110101110001101101111011001111,1,1,0,0.28,0.13333334028720856,7,4
8,3,8,18,110101110001101101111011001111,1,1,0,0.62,0.4615384638309479,9,4
8,3,8,19,110101110001101101111011001111,1,1,0,0.7,0.375,9,4
8,3,8,20,110101110001101101111011001111,1,1,0,0.74,0.5151515007019043,8,4
8,3,8,22,110101110001101101111011001111,1,1,0,0.34,0.6382978558540344,5,2
8,3,8,23,110101110001101101111011001111,1,1,0,0.74,0.7121211886405945,4,2
8,3,8,26,110101110001101101111011001111,1,1,0,0.84,0.26923078298568726,1,1
8,3,8,27,110101110001101101111011001111,1,1,0,0.69,0.5744680762290955,8,5
8,3,8,28,110101110001101101111011001111,1,1,0,0.3,0.5074626803398132,9,4
8,3,8,29,110101110001101101111011001111,1,1,0,0.37,0.5042017102241516,9,2
8,3,9,0,110000000111011100011001110110,1,1,0,0.2,0.515625,7,3
8,3,9,1,110000000111011100011001110110,1,1,0,0.7,0.6666666865348816,9,5
8,3,9,9,110000000111011100011001110110,1,1,0,0.49,0.5288461446762085,1,1
8,3,9,10,110000000111011100011001110110,1,1,0,0.42,0.44999998807907104,8,3
8,3,9,11,110000000111011100011001110110,1,1,0,0.75,0.47826087474823,7,5
8,3,9,13,110000000111011100011001110110,1,1,0,0.52,0.44999998807907104,8,4
8,3,9,14,110000000111011100011001110110,1,1,0,0.58,0.8775510191917419,9,4
8,3,9,15,110000000111011100011001110110,1,1,0,0.55,0.7133333086967468,5,3
8,3,9,19,110000000111011100011001110110,1,1,0,0.7,0.375,9,4
8,3,9,20,110000000111011100011001110110,1,1,0,0.74,0.5151515007019043,8,4
8,3,9,23,110000000111011100011001110110,1,1,0,0.74,0.7121211886405945,4,2
8,3,9,24,110000000111011100011001110110,1,1,0,0.31,0.49275362491607666,8,2
8,3,9,25,110000000111011100011001110110,1,1,0,0.35,0.4615384638309479,7,5
8,3,9,27,110000000111011100011001110110,1,1,0,0.69,0.5744680762290955,8,5
8,3,9,28,110000000111011100011001110110,1,1,0,0.3,0.5074626803398132,9,4
8,3,10,0,110100111000011101101001011101,1,1,0,0.2,0.515625,7,3
8,3,10,1,110100111000011101101001011101,1,1,0,0.7,0.6666666865348816,9,5
8,3,10,3,110100111000011101101001011101,1,1,0,0.78,0.890625,7,4
8,3,10,6,110100111000011101101001011101,1,1,0,0.49,0.7105262875556946,9,3
8,3,10,7,110100111000011101101001011101,1,1,0,0.41,0.5925925970077515,1,1
8,3,10,8,110100111000011101101001011101,1,1,0,0.7,0.8640000224113464,9,5
8,3,10,13,110100111000011101101001011101,1,1,0,0.52,0.44999998807907104,8,4
8,3,10,14,110100111000011101101001011101,1,1,0,0.58,0.8775510191917419,9,4
8,3,10,15,110100111000011101101001011101,1,1,0,0.55,0.7133333086967468,5,3
8,3,10,17,110100111000011101101001011101,1,1,0,0.28,0.13333334028720856,7,4
8,3,10,18,110100111000011101101001011101,1,1,0,0.62,0.4615384638309479,9,4
8,3,10,20,110100111000011101101001011101,1,1,0,0.74,0.5151515007019043,8,4
8,3,10,23,110100111000011101101001011101,1,1,0,0.74,0.7121211886405945,4,2
8,3,10,25,110100111000011101101001011101,1,1,0,0.35,0.4615384638309479,7,5
8,3,10,26,110100111000011101101001011101,1,1,0,0.84,0.26923078298568726,1,1
8,3,10,27,110100111000011101101001011101,1,1,0,0.69,0.5744680762290955,8,5
8,3,10,29,110100111000011101101001011101,1,1,0,0.37,0.5042017102241516,9,2
8,3,11,2,001001001011101010100100101111,1,1,0,0.61,0.7179487347602844,7,3
8,3,11,5,001001001011101010100100101111,1,1,0,0.7,0.43103447556495667,8,5
8,3,11,8,001001001011101010100100101111,1,1,0,0.7,0.8640000224113464,9,5
8,3,11,10,001001001011101010100100101111,1,1,0,0.42,0.44999998807907104,8,3
8,3,11,11,001001001011101010100100101111,1,1,0,0.75,0.47826087474823,7,5
8,3,11,12,001001001011101010100100101111,1,1,0,0.7,0.7543859481811523,9,5
8,3,11,14,001001001011101010100100101111,1,1,0,0.58,0.8775510191917419,9,4
8,3,11,16,001001001011101010100100101111,1,1,0,0.39,0.7397260069847107,9,3
8,3,11,18,001001001011101010100100101111,1,1,0,0.62,0.4615384638309479,9,4
8,3,11,21,001001001011101010100100101111,1,1,0,0.74,0.6617646813392639,9,4
8,3,11,24,001001001011101010100100101111,1,1,0,0.31,0.49275362491607666,8,2
8,3,11,26,001001001011101010100100101111,1,1,0,0.84,0.26923078298568726,1,1
8,3,11,27,001001001011101010100100101111,1,1,0,0.69,0.5744680762290955,8,5
8,3,11,28,001001001011101010100100101111,1,1,0,0.3,0.5074626803398132,9,4
8,3,11,29,001001001011101010100100101111,1,1,0,0.37,0.5042017102241516,9,2
8,3,12,0,100000110101010101101000111111,1,1,0,0.2,0.515625,7,3
8,3,12,6,100000110101010101101000111111,1,1,0,0.49,0.7105262875556946,9,3
8,3,12,7,100000110101010101101000111111,1,1,0,0.41,0.5925925970077515,1,1
8,3,12,9,100000110101010101101000111111,1,1,0,0.49,0.5288461446762085,1,1
8,3,12,11,100000110101010101101000111111,1,1,0,0.75,0.47826087474823,7,5
8,3,12,13,100000110101010101101000111111,1,1,0,0.52,0.44999998807907104,8,4
8,3,12,15,100000110101010101101000111111,1,1,0,0.55,0.7133333086967468,5,3
8,3,12,17,100000110101010101101000111111,1,1,0,0.28,0.13333334028720856,7,4
8,3,12,18,100000110101010101101000111111,1,1,0,0.62,0.4615384638309479,9,4
8,3,12,20,100000110101010101101000111111,1,1,0,0.74,0.5151515007019043,8,4
8,3,12,24,100000110101010101101000111111,1,1,0,0.31,0.49275362491607666,8,2
8,3,12,25,100000110101010101101000111111,1,1,0,0.35,0.4615384638309479,7,5
8,3,12,26,100000110101010101101000111111,1,1,0,0.84,0.26923078298568726,1,1
8,3,12,27,100000110101010101101000111111,1,1,0,0.69,0.5744680762290955,8,5
8,3,12,28,100000110101010101101000111111,1,1,0,0.3,0.5074626803398132,9,4
8,3,12,29,100000110101010101101000111111,1,1,0,0.37,0.5042017102241516,9,2
8,3,13,0,111100000011001111001011011001,1,1,0,0.2,0.515625,7,3
8,3,13,1,111100000011001111001011011001,1,1,0,0.7,0.6666666865348816,9,5
8,3,13,2,111100000011001111001011011001,1,1,0,0.61,0.7179487347602844,7,3
8,3,13,3,111100000011001111001011011001,1,1,0,0.78,0.890625,7,4
8,3,13,10,111100000011001111001011011001,1,1,0,0.42,0.44999998807907104,8,3
8,3,13,11,111100000011001111001011011001,1,1,0,0.75,0.47826087474823,7,5
8,3,13,14,111100000011001111001011011001,1,1,0,0.58,0.8775510191917419,9,4
8,3,13,15,111100000011001111001011011001,1,1,0,0.55,0.7133333086967468,5,3
8,3,13,16,111100000011001111001011011001,1,1,0,0.39,0.7397260069847107,9,3
8,3,13,17,111100000011001111001011011001,1,1,0,0.28,0.13333334028720856,7,4
8,3,13,20,111100000011001111001011011001,1,1,0,0.74,0.5151515007019043,8,4
8,3,13,22,111100000011001111001011011001,1,1,0,0.34,0.6382978558540344,5,2
8,3,13,23,111100000011001111001011011001,1,1,0,0.74,0.7121211886405945,4,2
8,3,13,25,111100000011001111001011011001,1,1,0,0.35,0.4615384638309479,7,5
8,3,13,26,111100000011001111001011011001,1,1,0,0.84,0.26923078298568726,1,1
8,3,13,29,111100000011001111001011011001,1,1,0,0.37,0.5042017102241516,9,2
8,3,14,6,000000100101010101101110010000,1,1,0,0.49,0.7105262875556946,9,3
8,3,14,9,000000100101010101101110010000,1,1,0,0.49,0.5288461446762085,1,1
8,3,14,11,000000100101010101101110010000,1,1,0,0.75,0.47826087474823,7,5
8,3,14,13,000000100101010101101110010000,1,1,0,0.52,0.44999998807907104,8,4
8,3,14,15,000000100101010101101110010000,1,1,0,0.55,0.7133333086967468,5,3
8,3,14,17,000000100101010101101110010000,1,1,0,0.28,0.13333334028720856,7,4
8,3,14,18,000000100101010101101110010000,1,1,0,0.62,0.4615384638309479,9,4
8,3,14,20,000000100101010101101110010000,1,1,0,0.74,0.5151515007019043,8,4
8,3,14,21,000000100101010101101110010000,1,1,0,0.74,0.6617646813392639,9,4
8,3,14,22,000000100101010101101110010000,1,1,0,0.34,0.6382978558540344,5,2
8,3,14,25,000000100101010101101110010000,1,1,0,0.35,0.4615384638309479,7,5
8,3,15,0,100111100011000000010110100111,1,1,0,0.2,0.515625,7,3
8,3,15,3,100111100011000000010110100111,1,1,0,0.78,0.890625,7,4
8,3,15,4,100111100011000000010110100111,1,1,0,0.42,0.6222222447395325,9,3
8,3,15,5,100111100011000000010110100111,1,1,0,0.7,0.43103447556495667,8,5
8,3,15,6,100111100011000000010110100111,1,1,0,0.49,0.7105262875556946,9,3
8,3,15,10,100111100011000000010110100111,1,1,0,0.42,0.44999998807907104,8,3
8,3,15,11,100111100011000000010110100111,1,1,0,0.75,0.47826087474823,7,5
8,3,15,19,100111100011000000010110100111,1,1,0,0.7,0.375,9,4
8,3,15,21,100111100011000000010110100111,1,1,0,0.74,0.6617646813392639,9,4
8,3,15,22,100111100011000000010110100111,1,1,0,0.34,0.6382978558540344,5,2
8,3,15,24,100111100011000000010110100111,1,1,0,0.31,0.49275362491607666,8,2
8,3,15,27,100111100011000000010110100111,1,1,0,0.69,0.5744680762290955,8,5
8,3,15,28,100111100011000000010110100111,1,1,0,0.3,0.5074626803398132,9,4
8,3,15,29,100111100011000000010110100111,1,1,0,0.37,0.5042017102241516,9,2
8,3,16,1,011001001011101010100100000100,1,1,0,0.7,0.6666666865348816,9,5
8,3,16,2,011001001011101010100100000100,1,1,0,0.61,0.7179487347602844,7,3
8,3,16,5,011001001011101010100100000100,1,1,0,0.7,0.43103447556495667,8,5
8,3,16,8,011001001011101010100100000100,1,1,0,0.7,0.8640000224113464,9,5
8,3,16,10,011001001011101010100100000100,1,1,0,0.42,0.44999998807907104,8,3
8,3,16,11,011001001011101010100100000100,1,1,0,0.75,0.47826087474823,7,5
8,3,16,12,011001001011101010100100000100,1,1,0,0.7,0.7543859481811523,9,5
8,3,16,14,011001001011101010100100000100,1,1,0,0.58,0.8775510191917419,9,4
8,3,16,16,011001001011101010100100000100,1,1,0,0.39,0.7397260069847107,9,3
8,3,16,18,011001001011101010100100000100,1,1,0,0.62,0.4615384638309479,9,4
8,3,16,21,011001001011101010100100000100,1,1,0,0.74,0.6617646813392639,9,4
8,3,16,27,011001001011101010100100000100,1,1,0,0.69,0.5744680762290955,8,5
8,3,17,0,110100000001011101000001101000,1,1,0,0.2,0.515625,7,3
8,3,17,1,110100000001011101000001101000,1,1,0,0.7,0.6666666865348816,9,5
8,3,17,3,110100000001011101000001101000,1,1,0,0.78,0.890625,7,4
8,3,17,11,110100000001011101000001101000,1,1,0,0.75,0.47826087474823,7,5
8,3,17,13,110100000001011101000001101000,1,1,0,0.52,0.44999998807907104,8,4
8,3,17,14,110100000001011101000001101000,1,1,0,0.58,0.8775510191917419,9,4
8,3,17,15,110100000001011101000001101000,1,1,0,0.55,0.7133333086967468,5,3
8,3,17,17,110100000001011101000001101000,1,1,0,0.28,0.13333334028720856,7,4
8,3,17,23,110100000001011101000001101000,1,1,0,0.74,0.7121211886405945,4,2
8,3,17,24,110100000001011101000001101000,1,1,0,0.31,0.49275362491607666,8,2
8,3,17,26,110100000001011101000001101000,1,1,0,0.84,0.26923078298568726,1,1
8,3,18,2,001110101101111010101001101010,1,1,0,0.61,0.7179487347602844,7,3
8,3,18,3,001110101101111010101001101010,1,1,0,0.78,0.890625,7,4
8,3,18,4,001110101101111010101001101010,1,1,0,0.42,0.6222222447395325,9,3
8,3,18,6,001110101101111010101001101010,1,1,0,0.49,0.7105262875556946,9,3
8,3,18,8,001110101101111010101001101010,1,1,0,0.7,0.8640000224113464,9,5
8,3,18,9,001110101101111010101001101010,1,1,0,0.49,0.5288461446762085,1,1
8,3,18,11,001110101101111010101001101010,1,1,0,0.75,0.47826087474823,7,5
8,3,18,12,001110101101111010101001101010,1,1,0,0.7,0.7543859481811523,9,5
8,3,18,13,001110101101111010101001101010,1,1,0,0.52,0.44999998807907104,8,4
8,3,18,14,001110101101111010101001101010,1,1,0,0.58,0.8775510191917419,9,4
8,3,18,16,001110101101111010101001101010,1,1,0,0.39,0.7397260069847107,9,3
8,3,18,18,001110101101111010101001101010,1,1,0,0.62,0.4615384638309479,9,4
8,3,18,20,001110101101111010101001101010,1,1,0,0.74,0.5151515007019043,8,4
8,3,18,23,001110101101111010101001101010,1,1,0,0.74,0.7121211886405945,4,2
8,3,18,24,001110101101111010101001101010,1,1,0,0.31,0.49275362491607666,8,2
8,3,18,26,001110101101111010101001101010,1,1,0,0.84,0.26923078298568726,1,1
8,3,18,28,001110101101111010101001101010,1,1,0,0.3,0.5074626803398132,9,4
8,3,19,0,101001000011000011001101100101,1,1,0,0.2,0.515625,7,3
8,3,19,2,101001000011000011001101100101,1,1,0,0.61,0.7179487347602844,7,3
8,3,19,5,101001000011000011001101100101,1,1,0,0.7,0.43103447556495667,8,5
8,3,19,10,101001000011000011001101100101,1,1,0,0.42,0.44999998807907104,8,3
8,3,19,11,101001000011000011001101100101,1,1,0,0.75,0.47826087474823,7,5
8,3,19,16,101001000011000011001101100101,1,1,0,0.39,0.7397260069847107,9,3
8,3,19,17,101001000011000011001101100101,1,1,0,0.28,0.13333334028720856,7,4
8,3,19,20,101001000011000011001101100101,1,1,0,0.74,0.5151515007019043,8,4
8,3,19,21,101001000011000011001101100101,1,1,0,0.74,0.6617646813392639,9,4
8,3,19,23,101001000011000011001101100101,1,1,0,0.74,0.7121211886405945,4,2
8,3,19,24,101001000011000011001101100101,1,1,0,0.31,0.49275362491607666,8,2
8,3,19,27,101001000011000011001101100101,1,1,0,0.69,0.5744680762290955,8,5
8,3,19,29,101001000011000011001101100101,1,1,0,0.37,0.5042017102241516,9,2
8,3,20,0,111001001011111100001000101101,1,1,0,0.2,0.515625,7,3
8,3,20,1,111001001011111100001000101101,1,1,0,0.7,0.6666666865348816,9,5
8,3,20,2,111001001011111100001000101101,1,1,0,0.61,0.7179487347602844,7,3
8,3,20,5,111001001011111100001000101101,1,1,0,0.7,0.43103447556495667,8,5
8,3,20,8,111001001011111100001000101101,1,1,0,0.7,0.8640000224113464,9,5
8,3,20,10,111001001011111100001000101101,1,1,0,0.42,0.44999998807907104,8,3
8,3,20,11,111001001011111100001000101101,1,1,0,0.75,0.47826087474823,7,5
8,3,20,12,111001001011111100001000101101,1,1,0,0.7,0.7543859481811523,9,5
8,3,20,13,111001001011111100001000101101,1,1,0,0.52,0.44999998807907104,8,4
8,3,20,14,111001001011111100001000101101,1,1,0,0.58,0.8775510191917419,9,4
8,3,20,15,111001001011111100001000101101,1,1,0,0.55,0.7133333086967468,5,3
8,3,20,20,111001001011111100001000101101,1,1,0,0.74,0.5151515007019043,8,4
8,3,20,24,111001001011111100001000101101,1,1,0,0.31,0.49275362491607666,8,2
8,3,20,26,111001001011111100001000101101,1,1,0,0.84,0.26923078298568726,1,1
8,3,20,27,111001001011111100001000101101,1,1,0,0.69,0.5744680762290955,8,5
8,3,20,29,111001001011111100001000101101,1,1,0,0.37,0.5042017102241516,9,2
8,3,21,6,000000100001010000000001111111,1,1,0,0.49,0.7105262875556946,9,3
8,3,21,11,000000100001010000000001111111,1,1,0,0.75,0.47826087474823,7,5
8,3,21,13,000000100001010000000001111111,1,1,0,0.52,0.44999998807907104,8,4
8,3,21,23,000000100001010000000001111111,1,1,0,0.74,0.7121211886405945,4,2
8,3,21,24,000000100001010000000001111111,1,1,0,0.31,0.49275362491607666,8,2
8,3,21,25,000000100001010000000001111111,1,1,0,0.35,0.4615384638309479,7,5
8,3,21,26,000000100001010000000001111111,1,1,0,0.84,0.26923078298568726,1,1
8,3,21,27,000000100001010000000001111111,1,1,0,0.69,0.5744680762290955,8,5
8,3,21,28,000000100001010000000001111111,1,1,0,0.3,0.5074626803398132,9,4
8,3,21,29,000000100001010000000001111111,1,1,0,0.37,0.5042017102241516,9,2
8,3,22,0,101101110011011011111001111111,1,1,0,0.2,0.515625,7,3
8,3,22,2,101101110011011011111001111111,1,1,0,0.61,0.7179487347602844,7,3
8,3,22,3,101101110011011011111001111111,1,1,0,0.78,0.890625,7,4
8,3,22,5,101101110011011011111001111111,1,1,0,0.7,0.43103447556495667,8,5
8,3,22,6,101101110011011011111001111111,1,1,0,0.49,0.7105262875556946,9,3
8,3,22,7,101101110011011011111001111111,1,1,0,0.41,0.5925925970077515,1,1
8,3,22,10,101101110011011011111001111111,1,1,0,0.42,0.44999998807907104,8,3
8,3,22,11,101101110011011011111001111111,1,1,0,0.75,0.47826087474823,7,5
8,3,22,13,101101110011011011111001111111,1,1,0,0.52,0.44999998807907104,8,4
8,3,22,14,101101110011011011111001111111,1,1,0,0.58,0.8775510191917419,9,4
8,3,22,16,101101110011011011111001111111,1,1,0,0.39,0.7397260069847107,9,3
8,3,22,17,101101110011011011111001111111,1,1,0,0.28,0.13333334028720856,7,4
8,3,22,18,101101110011011011111001111111,1,1,0,0.62,0.4615384638309479,9,4
8,3,22,19,101101110011011011111001111111,1,1,0,0.7,0.375,9,4
8,3,22,20,101101110011011011111001111111,1,1,0,0.74,0.5151515007019043,8,4
8,3,22,23,101101110011011011111001111111,1,1,0,0.74,0.7121211886405945,4,2
8,3,22,24,101101110011011011111001111111,1,1,0,0.31,0.49275362491607666,8,2
8,3,22,25,101101110011011011111001111111,1,1,0,0.35,0.4615384638309479,7,5
8,3,22,26,101101110011011011111001111111,1,1,0,0.84,0.26923078298568726,1,1
8,3,22,27,101101110011011011111001111111,1,1,0,0.69,0.5744680762290955,8,5
8,3,22,28,101101110011011011111001111111,1,1,0,0.3,0.5074626803398132,9,4
8,3,22,29,101101110011011011111001111111,1,1,0,0.37,0.5042017102241516,9,2
8,3,23,0,100000101101111101001001001111,1,1,0,0.2,0.515625,7,3
8,3,23,6,100000101101111101001001001111,1,1,0,0.49,0.7105262875556946,9,3
8,3,23,8,100000101101111101001001001111,1,1,0,0.7,0.8640000224113464,9,5
8,3,23,9,100000101101111101001001001111,1,1,0,0.49,0.5288461446762085,1,1
8,3,23,11,100000101101111101001001001111,1,1,0,0.75,0.47826087474823,7,5
8,3,23,12,100000101101111101001001001111,1,1,0,0.7,0.7543859481811523,9,5
8,3,23,13,100000101101111101001001001111,1,1,0,0.52,0.44999998807907104,8,4
8,3,23,14,100000101101111101001001001111,1,1,0,0.58,0.8775510191917419,9,4
8,3,23,15,100000101101111101001001001111,1,1,0,0.55,0.7133333086967468,5,3
8,3,23,17,100000101101111101001001001111,1,1,0,0.28,0.13333334028720856,7,4
8,3,23,20,100000101101111101001001001111,1,1,0,0.74,0.5151515007019043,8,4
8,3,23,23,100000101101111101001001001111,1,1,0,0.74,0.7121211886405945,4,2
8,3,23,26,100000101101111101001001001111,1,1,0,0.84,0.26923078298568726,1,1
8,3,23,27,100000101101111101001001001111,1,1,0,0.69,0.5744680762290955,8,5
8,3,23,28,100000101101111101001001001111,1,1,0,0.3,0.5074626803398132,9,4
8,3,23,29,100000101101111101001001001111,1,1,0,0.37,0.5042017102241516,9,2
8,3,24,0,100110100011000001000101111101,1,1,0,0.2,0.515625,7,3
8,3,24,3,100110100011000001000101111101,1,1,0,0.78,0.890625,7,4
8,3,24,4,100110100011000001000101111101,1,1,0,0.42,0.6222222447395325,9,3
8,3,24,6,100110100011000001000101111101,1,1,0,0.49,0.7105262875556946,9,3
8,3,24,10,100110100011000001000101111101,1,1,0,0.42,0.44999998807907104,8,3
8,3,24,11,100110100011000001000101111101,1,1,0,0.75,0.47826087474823,7,5
8,3,24,17,100110100011000001000101111101,1,1,0,0.28,0.13333334028720856,7,4
8,3,24,21,100110100011000001000101111101,1,1,0,0.74,0.6617646813392639,9,4
8,3,24,23,100110100011000001000101111101,1,1,0,0.74,0.7121211886405945,4,2
8,3,24,24,100110100011000001000101111101,1,1,0,0.31,0.49275362491607666,8,2
8,3,24,25,100110100011000001000101111101,1,1,0,0.35,0.4615384638309479,7,5
8,3,24,26,100110100011000001000101111101,1,1,0,0.84,0.26923078298568726,1,1
8,3,24,27,100110100011000001000101111101,1,1,0,0.69,0.5744680762290955,8,5
8,3,24,29,100110100011000001000101111101,1,1,0,0.37,0.5042017102241516,9,2
8,4,0,1,011001001011101010100100000100,1,1,0,0.7,0.6666666865348816,9,5
8,4,0,2,011001001011101010100100000100,1,1,0,0.61,0.7179487347602844,7,3
8,4,0,5,011001001011101010100100000100,1,1,0,0.7,0.43103447556495667,8,5
8,4,0,8,011001001011101010100100000100,1,1,0,0.7,0.8640000224113464,9,5
8,4,0,10,011001001011101010100100000100,1,1,0,0.42,0.44999998807907104,8,3
8,4,0,11,011001001011101010100100000100,1,1,0,0.75,0.47826087474823,7,5
8,4,0,12,011001001011101010100100000100,1,1,0,0.7,0.7543859481811523,9,5
8,4,0,14,011001001011101010100100000100,1,1,0,0.58,0.8775510191917419,9,4
8,4,0,16,011001001011101010100100000100,1,1,0,0.39,0.7397260069847107,9,3
8,4,0,18,011001001011101010100100000100,1,1,0,0.62,0.4615384638309479,9,4
8,4,0,21,011001001011101010100100000100,1,1,0,0.74,0.6617646813392639,9,4
8,4,0,27,011001001011101010100100000100,1,1,0,0.69,0.5744680762290955,8,5
8,4,1,0,101000110101010001101100111101,1,1,0,0.2,0.515625,7,3
8,4,1,2,101000110101010001101100111101,1,1,0,0.61,0.7179487347602844,7,3
8,4,1,6,101000110101010001101100111101,1,1,0,0.49,0.7105262875556946,9,3
8,4,1,7,101000110101010001101100111101,1,1,0,0.41,0.5925925970077515,1,1
8,4,1,9,101000110101010001101100111101,1,1,0,0.49,0.5288461446762085,1,1
8,4,1,11,101000110101010001101100111101,1,1,0,0.75,0.47826087474823,7,5
8,4,1,13,101000110101010001101100111101,1,1,0,0.52,0.44999998807907104,8,4
8,4,1,17,101000110101010001101100111101,1,1,0,0.28,0.13333334028720856,7,4
8,4,1,18,101000110101010001101100111101,1,1,0,0.62,0.4615384638309479,9,4
8,4,1,20,101000110101010001101100111101,1,1,0,0.74,0.5151515007019043,8,4
8,4,1,21,101000110101010001101100111101,1,1,0,0.74,0.6617646813392639,9,4
8,4,1,24,101000110101010001101100111101,1,1,0,0.31,0.49275362491607666,8,2
8,4,1,25,101000110101010001101100111101,1,1,0,0.35,0.4615384638309479,7,5
8,4,1,26,101000110101010001101100111101,1,1,0,0.84,0.26923078298568726,1,1
8,4,1,27,101000110101010001101100111101,1,1,0,0.69,0.5744680762290955,8,5
8,4,1,29,101000110101010001101100111101,1,1,0,0.37,0.5042017102241516,9,2
8,4,2,0,100000110101010101101000111111,1,1,0,0.2,0.515625,7,3
8,4,2,6,100000110101010101101000111111,1,1,0,0.49,0.7105262875556946,9,3
8,4,2,7,100000110101010101101000111111,1,1,0,0.41,0.5925925970077515,1,1
8,4,2,9,100000110101010101101000111111,1,1,0,0.49,0.5288461446762085,1,1
8,4,2,11,100000110101010101101000111111,1,1,0,0.75,0.47826087474823,7,5
8,4,2,13,100000110101010101101000111111,1,1,0,0.52,0.44999998807907104,8,4
8,4,2,15,100000110101010101101000111111,1,1,0,0.55,0.7133333086967468,5,3
8,4,2,17,100000110101010101101000111111,1,1,0,0.28,0.13333334028720856,7,4
8,4,2,18,100000110101010101101000111111,1,1,0,0.62,0.4615384638309479,9,4
8,4,2,20,100000110101010101101000111111,1,1,0,0.74,0.5151515007019043,8,4
8,4,2,24,100000110101010101101000111111,1,1,0,0.31,0.49275362491607666,8,2
8,4,2,25,100000110101010101101000111111,1,1,0,0.35,0.4615384638309479,7,5
8,4,2,26,100000110101010101101000111111,1,1,0,0.84,0.26923078298568726,1,1
8,4,2,27,100000110101010101101000111111,1,1,0,0.69,0.5744680762290955,8,5
8,4,2,28,100000110101010101101000111111,1,1,0,0.3,0.5074626803398132,9,4
8,4,2,29,100000110101010101101000111111,1,1,0,0.37,0.5042017102241516,9,2
8,4,3,0,100001000011001011001101100101,1,1,0,0.2,0.515625,7,3
8,4,3,5,100001000011001011001101100101,1,1,0,0.7,0.43103447556495667,8,5
8,4,3,10,100001000011001011001101100101,1,1,0,0.42,0.44999998807907104,8,3
8,4,3,11,100001000011001011001101100101,1,1,0,0.75,0.47826087474823,7,5
8,4,3,14,100001000011001011001101100101,1,1,0,0.58,0.8775510191917419,9,4
8,4,3,16,100001000011001011001101100101,1,1,0,0.39,0.7397260069847107,9,3
8,4,3,17,100001000011001011001101100101,1,1,0,0.28,0.13333334028720856,7,4
8,4,3,20,100001000011001011001101100101,1,1,0,0.74,0.5151515007019043,8,4
8,4,3,21,100001000011001011001101100101,1,1,0,0.74,0.6617646813392639,9,4
8,4,3,23,100001000011001011001101100101,1,1,0,0.74,0.7121211886405945,4,2
8,4,3,24,100001000011001011001101100101,1,1,0,0.31,0.49275362491607666,8,2
8,4,3,27,100001000011001011001101100101,1,1,0,0.69,0.5744680762290955,8,5
8,4,3,29,100001000011001011001101100101,1,1,0,0.37,0.5042017102241516,9,2
8,4,4,2,001110101101111001101001001010,1,1,0,0.61,0.7179487347602844,7,3
8,4,4,3,001110101101111001101001001010,1,1,0,0.78,0.890625,7,4
8,4,4,4,001110101101111001101001001010,1,1,0,0.42,0.6222222447395325,9,3
8,4,4,6,001110101101111001101001001010,1,1,0,0.49,0.7105262875556946,9,3
8,4,4,8,001110101101111001101001001010,1,1,0,0.7,0.8640000224113464,9,5
8,4,4,9,001110101101111001101001001010,1,1,0,0.49,0.5288461446762085,1,1
8,4,4,11,001110101101111001101001001010,1,1,0,0.75,0.47826087474823,7,5
8,4,4,12,001110101101111001101001001010,1,1,0,0.7,0.7543859481811523,9,5
8,4,4,13,001110101101111001101001001010,1,1,0,0.52,0.44999998807907104,8,4
8,4,4,14,001110101101111001101001001010,1,1,0,0.58,0.8775510191917419,9,4
8,4,4,17,001110101101111001101001001010,1,1,0,0.28,0.13333334028720856,7,4
8,4,4,18,001110101101111001101001001010,1,1,0,0.62,0.4615384638309479,9,4
8,4,4,20,001110101101111001101001001010,1,1,0,0.74,0.5151515007019043,8,4
8,4,4,23,001110101101111001101001001010,1,1,0,0.74,0.7121211886405945,4,2
8,4,4,26,001110101101111001101001001010,1,1,0,0.84,0.26923078298568726,1,1
8,4,4,28,001110101101111001101001001010,1,1,0,0.3,0.5074626803398132,9,4
8,4,5,1,011001001011001010100100000100,1,1,0,0.7,0.6666666865348816,9,5
8,4,5,2,011001001011001010100100000100,1,1,0,0.61,0.7179487347602844,7,3
8,4,5,5,011001001011001010100100000100,1,1,0,0.7,0.43103447556495667,8,5
8,4,5,8,011001001011001010100100000100,1,1,0,0.7,0.8640000224113464,9,5
8,4,5,10,011001001011001010100100000100,1,1,0,0.42,0.44999998807907104,8,3
8,4,5,11,011001001011001010100100000100,1,1,0,0.75,0.47826087474823,7,5
8,4,5,14,011001001011001010100100000100,1,1,0,0.58,0.8775510191917419,9,4
8,4,5,16,011001001011001010100100000100,1,1,0,0.39,0.7397260069847107,9,3
8,4,5,18,011001001011001010100100000100,1,1,0,0.62,0.4615384638309479,9,4
8,4,5,21,011001001011001010100100000100,1,1,0,0.74,0.6617646813392639,9,4
8,4,5,27,011001001011001010100100000100,1,1,0,0.69,0.5744680762290955,8,5
8,4,6,2,001110101101111010101001101010,1,1,0,0.61,0.7179487347602844,7,3
8,4,6,3,001110101101111010101001101010,1,1,0,0.78,0.890625,7,4
8,4,6,4,001110101101111010101001101010,1,1,0,0.42,0.6222222447395325,9,3
8,4,6,6,001110101101111010101001101010,1,1,0,0.49,0.7105262875556946,9,3
8,4,6,8,001110101101111010101001101010,1,1,0,0.7,0.8640000224113464,9,5
8,4,6,9,001110101101111010101001101010,1,1,0,0.49,0.5288461446762085,1,1
8,4,6,11,001110101101111010101001101010,1,1,0,0.75,0.47826087474823,7,5
8,4,6,12,001110101101111010101001101010,1,1,0,0.7,0.7543859481811523,9,5
8,4,6,13,001110101101111010101001101010,1,1,0,0.52,0.44999998807907104,8,4
8,4,6,14,001110101101111010101001101010,1,1,0,0.58,0.8775510191917419,9,4
8,4,6,16,001110101101111010101001101010,1,1,0,0.39,0.7397260069847107,9,3
8,4,6,18,001110101101111010101001101010,1,1,0,0.62,0.4615384638309479,9,4
8,4,6,20,001110101101111010101001101010,1,1,0,0.74,0.5151515007019043,8,4
8,4,6,23,001110101101111010101001101010,1,1,0,0.74,0.7121211886405945,4,2
8,4,6,24,001110101101111010101001101010,1,1,0,0.31,0.49275362491607666,8,2
8,4,6,26,001110101101111010101001101010,1,1,0,0.84,0.26923078298568726,1,1
8,4,6,28,001110101101111010101001101010,1,1,0,0.3,0.5074626803398132,9,4
8,4,7,1,011001001011010000000000010100,1,1,0,0.7,0.6666666865348816,9,5
8,4,7,2,011001001011010000000000010100,1,1,0,0.61,0.7179487347602844,7,3
8,4,7,5,011001001011010000000000010100,1,1,0,0.7,0.43103447556495667,8,5
8,4,7,8,011001001011010000000000010100,1,1,0,0.7,0.8640000224113464,9,5
8,4,7,10,011001001011010000000000010100,1,1,0,0.42,0.44999998807907104,8,3
8,4,7,11,011001001011010000000000010100,1,1,0,0.75,0.47826087474823,7,5
8,4,7,13,011001001011010000000000010100,1,1,0,0.52,0.44999998807907104,8,4
8,4,7,25,011001001011010000000000010100,1,1,0,0.35,0.4615384638309479,7,5
8,4,7,27,011001001011010000000000010100,1,1,0,0.69,0.5744680762290955,8,5
8,4,8,0,100000100101011011111001111111,1,1,0,0.2,0.515625,7,3
8,4,8,6,100000100101011011111001111111,1,1,0,0.49,0.7105262875556946,9,3
8,4,8,9,100000100101011011111001111111,1,1,0,0.49,0.5288461446762085,1,1
8,4,8,11,100000100101011011111001111111,1,1,0,0.75,0.47826087474823,7,5
8,4,8,13,100000100101011011111001111111,1,1,0,0.52,0.44999998807907104,8,4
8,4,8,14,100000100101011011111001111111,1,1,0,0.58,0.8775510191917419,9,4
8,4,8,16,100000100101011011111001111111,1,1,0,0.39,0.7397260069847107,9,3
8,4,8,17,100000100101011011111001111111,1,1,0,0.28,0.13333334028720856,7,4
8,4,8,18,100000100101011011111001111111,1,1,0,0.62,0.4615384638309479,9,4
8,4,8,19,100000100101011011111001111111,1,1,0,0.7,0.375,9,4
8,4,8,20,100000100101011011111001111111,1,1,0,0.74,0.5151515007019043,8,4
8,4,8,23,100000100101011011111001111111,1,1,0,0.74,0.7121211886405945,4,2
8,4,8,24,100000100101011011111001111111,1,1,0,0.31,0.49275362491607666,8,2
8,4,8,25,100000100101011011111001111111,1,1,0,0.35,0.4615384638309479,7,5
8,4,8,26,100000100101011011111001111111,1,1,0,0.84,0.26923078298568726,1,1
8,4,8,27,100000100101011011111001111111,1,1,0,0.69,0.5744680762290955,8,5
8,4,8,28,100000100101011011111001111111,1,1,0,0.3,0.5074626803398132,9,4
8,4,8,29,100000100101011011111001111111,1,1,0,0.37,0.5042017102241516,9,2
8,4,9,2,001001000111110101101001101010,1,1,0,0.61,0.7179487347602844,7,3
8,4,9,5,001001000111110101101001101010,1,1,0,0.7,0.43103447556495667,8,5
8,4,9,9,001001000111110101101001101010,1,1,0,0.49,0.5288461446762085,1,1
8,4,9,10,001001000111110101101001101010,1,1,0,0.42,0.44999998807907104,8,3
8,4,9,11,001001000111110101101001101010,1,1,0,0.75,0.47826087474823,7,5
8,4,9,12,001001000111110101101001101010,1,1,0,0.7,0.7543859481811523,9,5
8,4,9,13,001001000111110101101001101010,1,1,0,0.52,0.44999998807907104,8,4
8,4,9,15,001001000111110101101001101010,1,1,0,0.55,0.7133333086967468,5,3
8,4,9,17,001001000111110101101001101010,1,1,0,0.28,0.13333334028720856,7,4
8,4,9,18,001001000111110101101001101010,1,1,0,0.62,0.4615384638309479,9,4
8,4,9,20,001001000111110101101001101010,1,1,0,0.74,0.5151515007019043,8,4
8,4,9,23,001001000111110101101001101010,1,1,0,0.74,0.7121211886405945,4,2
8,4,9,24,001001000111110101101001101010,1,1,0,0.31,0.49275362491607666,8,2
8,4,9,26,001001000111110101101001101010,1,1,0,0.84,0.26923078298568726,1,1
8,4,9,28,001001000111110101101001101010,1,1,0,0.3,0.5074626803398132,9,4
8,4,10,0,100110100011000001000101111111,1,1,0,0.2,0.515625,7,3
8,4,10,3,100110100011000001000101111111,1,1,0,0.78,0.890625,7,4
8,4,10,4,100110100011000001000101111111,1,1,0,0.42,0.6222222447395325,9,3
8,4,10,6,100110100011000001000101111111,1,1,0,0.49,0.7105262875556946,9,3
8,4,10,10,100110100011000001000101111111,1,1,0,0.42,0.44999998807907104,8,3
8,4,10,11,100110100011000001000101111111,1,1,0,0.75,0.47826087474823,7,5
8,4,10,17,100110100011000001000101111111,1,1,0,0.28,0.13333334028720856,7,4
8,4,10,21,100110100011000001000101111111,1,1,0,0.74,0.6617646813392639,9,4
8,4,10,23,100110100011000001000101111111,1,1,0,0.74,0.7121211886405945,4,2
8,4,10,24,100110100011000001000101111111,1,1,0,0.31,0.49275362491607666,8,2
8,4,10,25,100110100011000001000101111111,1,1,0,0.35,0.4615384638309479,7,5
8,4,10,26,100110100011000001000101111111,1,1,0,0.84,0.26923078298568726,1,1
8,4,10,27,100110100011000001000101111111,1,1,0,0.69,0.5744680762290955,8,5
8,4,10,28,100110100011000001000101111111,1,1,0,0.3,0.5074626803398132,9,4
8,4,10,29,100110100011000001000101111111,1,1,0,0.37,0.5042017102241516,9,2
8,4,11,0,100000100101010101101001111111,1,1,0,0.2,0.515625,7,3
8,4,11,6,100000100101010101101001111111,1,1,0,0.49,0.7105262875556946,9,3
8,4,11,9,100000100101010101101001111111,1,1,0,0.49,0.5288461446762085,1,1
8,4,11,11,100000100101010101101001111111,1,1,0,0.75,0.47826087474823,7,5
8,4,11,13,100000100101010101101001111111,1,1,0,0.52,0.44999998807907104,8,4
8,4,11,15,100000100101010101101001111111,1,1,0,0.55,0.7133333086967468,5,3
8,4,11,17,100000100101010101101001111111,1,1,0,0.28,0.13333334028720856,7,4
8,4,11,18,100000100101010101101001111111,1,1,0,0.62,0.4615384638309479,9,4
8,4,11,20,100000100101010101101001111111,1,1,0,0.74,0.5151515007019043,8,4
8,4,11,23,100000100101010101101001111111,1,1,0,0.74,0.7121211886405945,4,2
8,4,11,24,100000100101010101101001111111,1,1,0,0.31,0.49275362491607666,8,2
8,4,11,25,100000100101010101101001111111,1,1,0,0.35,0.4615384638309479,7,5
8,4,11,26,100000100101010101101001111111,1,1,0,0.84,0.26923078298568726,1,1
8,4,11,27,100000100101010101101001111111,1,1,0,0.69,0.5744680762290955,8,5
8,4,11,28,100000100101010101101001111111,1,1,0,0.3,0.5074626803398132,9,4
8,4,11,29,100000100101010101101001111111,1,1,0,0.37,0.5042017102241516,9,2
8,4,12,0,110100000001011101000001101000,1,1,0,0.2,0.515625,7,3
8,4,12,1,110100000001011101000001101000,1,1,0,0.7,0.6666666865348816,9,5
8,4,12,3,110100000001011101000001101000,1,1,0,0.78,0.890625,7,4
8,4,12,11,110100000001011101000001101000,1,1,0,0.75,0.47826087474823,7,5
8,4,12,13,110100000001011101000001101000,1,1,0,0.52,0.44999998807907104,8,4
8,4,12,14,110100000001011101000001101000,1,1,0,0.58,0.8775510191917419,9,4
8,4,12,15,110100000001011101000001101000,1,1,0,0.55,0.7133333086967468,5,3
8,4,12,17,110100000001011101000001101000,1,1,0,0.28,0.13333334028720856,7,4
8,4,12,23,110100000001011101000001101000,1,1,0,0.74,0.7121211886405945,4,2
8,4,12,24,110100000001011101000001101000,1,1,0,0.31,0.49275362491607666,8,2
8,4,12,26,110100000001011101000001101000,1,1,0,0.84,0.26923078298568726,1,1
8,4,13,2,001001001011101010100100101111,1,1,0,0.61,0.7179487347602844,7,3
8,4,13,5,001001001011101010100100101111,1,1,0,0.7,0.43103447556495667,8,5
8,4,13,8,001001001011101010100100101111,1,1,0,0.7,0.8640000224113464,9,5
8,4,13,10,001001001011101010100100101111,1,1,0,0.42,0.44999998807907104,8,3
8,4,13,11,001001001011101010100100101111,1,1,0,0.75,0.47826087474823,7,5
8,4,13,12,001001001011101010100100101111,1,1,0,0.7,0.7543859481811523,9,5
8,4,13,14,001001001011101010100100101111,1,1,0,0.58,0.8775510191917419,9,4
8,4,13,16,001001001011101010100100101111,1,1,0,0.39,0.7397260069847107,9,3
8,4,13,18,001001001011101010100100101111,1,1,0,0.62,0.4615384638309479,9,4
8,4,13,21,001001001011101010100100101111,1,1,0,0.74,0.6617646813392639,9,4
8,4,13,24,001001001011101010100100101111,1,1,0,0.31,0.49275362491607666,8,2
8,4,13,26,001001001011101010100100101111,1,1,0,0.84,0.26923078298568726,1,1
8,4,13,27,001001001011101010100100101111,1,1,0,0.69,0.5744680762290955,8,5
8,4,13,28,001001001011101010100100101111,1,1,0,0.3,0.5074626803398132,9,4
8,4,13,29,001001001011101010100100101111,1,1,0,0.37,0.5042017102241516,9,2
8,4,14,2,001001001010010101000111101111,1,1,0,0.61,0.7179487347602844,7,3
8,4,14,5,001001001010010101000111101111,1,1,0,0.7,0.43103447556495667,8,5
8,4,14,8,001001001010010101000111101111,1,1,0,0.7,0.8640000224113464,9,5
8,4,14,10,001001001010010101000111101111,1,1,0,0.42,0.44999998807907104,8,3
8,4,14,13,001001001010010101000111101111,1,1,0,0.52,0.44999998807907104,8,4
8,4,14,15,001001001010010101000111101111,1,1,0,0.55,0.7133333086967468,5,3
8,4,14,17,001001001010010101000111101111,1,1,0,0.28,0.13333334028720856,7,4
8,4,14,21,001001001010010101000111101111,1,1,0,0.74,0.6617646813392639,9,4
8,4,14,22,001001001010010101000111101111,1,1,0,0.34,0.6382978558540344,5,2
8,4,14,23,001001001010010101000111101111,1,1,0,0.74,0.7121211886405945,4,2
8,4,14,24,001001001010010101000111101111,1,1,0,0.31,0.49275362491607666,8,2
8,4,14,26,001001001010010101000111101111,1,1,0,0.84,0.26923078298568726,1,1
8,4,14,27,001001001010010101000111101111,1,1,0,0.69,0.5744680762290955,8,5
8,4,14,28,001001001010010101000111101111,1,1,0,0.3,0.5074626803398132,9,4
8,4,14,29,001001001010010101000111101111,1,1,0,0.37,0.5042017102241516,9,2
8,4,15,0,100000101101111101001001001111,1,1,0,0.2,0.515625,7,3
8,4,15,6,100000101101111101001001001111,1,1,0,0.49,0.7105262875556946,9,3
8,4,15,8,100000101101111101001001001111,1,1,0,0.7,0.8640000224113464,9,5
8,4,15,9,100000101101111101001001001111,1,1,0,0.49,0.5288461446762085,1,1
8,4,15,11,100000101101111101001001001111,1,1,0,0.75,0.47826087474823,7,5
8,4,15,12,100000101101111101001001001111,1,1,0,0.7,0.7543859481811523,9,5
8,4,15,13,100000101101111101001001001111,1,1,0,0.52,0.44999998807907104,8,4
8,4,15,14,100000101101111101001001001111,1,1,0,0.58,0.8775510191917419,9,4
8,4,15,15,100000101101111101001001001111,1,1,0,0.55,0.7133333086967468,5,3
8,4,15,17,100000101101111101001001001111,1,1,0,0.28,0.13333334028720856,7,4
8,4,15,20,100000101101111101001001001111,1,1,0,0.74,0.5151515007019043,8,4
8,4,15,23,100000101101111101001001001111,1,1,0,0.74,0.7121211886405945,4,2
8,4,15,26,100000101101111101001001001111,1,1,0,0.84,0.26923078298568726,1,1
8,4,15,27,100000101101111101001001001111,1,1,0,0.69,0.5744680762290955,8,5
8,4,15,28,100000101101111101001001001111,1,1,0,0.3,0.5074626803398132,9,4
8,4,15,29,100000101101111101001001001111,1,1,0,0.37,0.5042017102241516,9,2
8,4,16,0,111101110011010101011111010001,1,1,0,0.2,0.515625,7,3
8,4,16,1,111101110011010101011111010001,1,1,0,0.7,0.6666666865348816,9,5
8,4,16,2,111101110011010101011111010001,1,1,0,0.61,0.7179487347602844,7,3
8,4,16,3,111101110011010101011111010001,1,1,0,0.78,0.890625,7,4
8,4,16,5,111101110011010101011111010001,1,1,0,0.7,0.43103447556495667,8,5
8,4,16,6,111101110011010101011111010001,1,1,0,0.49,0.7105262875556946,9,3
8,4,16,7,111101110011010101011111010001,1,1,0,0.41,0.5925925970077515,1,1
8,4,16,10,111101110011010101011111010001,1,1,0,0.42,0.44999998807907104,8,3
8,4,16,11,111101110011010101011111010001,1,1,0,0.75,0.47826087474823,7,5
8,4,16,13,111101110011010101011111010001,1,1,0,0.52,0.44999998807907104,8,4
8,4,16,15,111101110011010101011111010001,1,1,0,0.55,0.7133333086967468,5,3
8,4,16,17,111101110011010101011111010001,1,1,0,0.28,0.13333334028720856,7,4
8,4,16,19,111101110011010101011111010001,1,1,0,0.7,0.375,9,4
8,4,16,20,111101110011010101011111010001,1,1,0,0.74,0.5151515007019043,8,4
8,4,16,21,111101110011010101011111010001,1,1,0,0.74,0.6617646813392639,9,4
8,4,16,22,111101110011010101011111010001,1,1,0,0.34,0.6382978558540344,5,2
8,4,16,23,111101110011010101011111010001,1,1,0,0.74,0.7121211886405945,4,2
8,4,16,25,111101110011010101011111010001,1,1,0,0.35,0.4615384638309479,7,5
8,4,16,29,111101110011010101011111010001,1,1,0,0.37,0.5042017102241516,9,2
8,4,17,0,101001001011100101010100101011,1,1,0,0.2,0.515625,7,3
8,4,17,2,101001001011100101010100101011,1,1,0,0.61,0.7179487347602844,7,3
8,4,17,5,101001001011100101010100101011,1,1,0,0.7,0.43103447556495667,8,5
8,4,17,8,101001001011100101010100101011,1,1,0,0.7,0.8640000224113464,9,5
8,4,17,10,101001001011100101010100101011,1,1,0,0.42,0.44999998807907104,8,3
8,4,17,11,101001001011100101010100101011,1,1,0,0.75,0.47826087474823,7,5
8,4,17,12,101001001011100101010100101011,1,1,0,0.7,0.7543859481811523,9,5
8,4,17,15,101001001011100101010100101011,1,1,0,0.55,0.7133333086967468,5,3
8,4,17,17,101001001011100101010100101011,1,1,0,0.28,0.13333334028720856,7,4
8,4,17,19,101001001011100101010100101011,1,1,0,0.7,0.375,9,4
8,4,17,21,101001001011100101010100101011,1,1,0,0.74,0.6617646813392639,9,4
8,4,17,24,101001001011100101010100101011,1,1,0,0.31,0.49275362491607666,8,2
8,4,17,26,101001001011100101010100101011,1,1,0,0.84,0.26923078298568726,1,1
8,4,17,28,101001001011100101010100101011,1,1,0,0.3,0.5074626803398132,9,4
8,4,17,29,101001001011100101010100101011,1,1,0,0.37,0.5042017102241516,9,2
8,4,18,0,110001001000101101111011110100,1,1,0,0.2,0.515625,7,3
8,4,18,1,110001001000101101111011110100,1,1,0,0.7,0.6666666865348816,9,5
8,4,18,5,110001001000101101111011110100,1,1,0,0.7,0.43103447556495667,8,5
8,4,18,8,110001001000101101111011110100,1,1,0,0.7,0.8640000224113464,9,5
8,4,18,12,110001001000101101111011110100,1,1,0,0.7,0.7543859481811523,9,5
8,4,18,14,110001001000101101111011110100,1,1,0,0.58,0.8775510191917419,9,4
8,4,18,15,110001001000101101111011110100,1,1,0,0.55,0.7133333086967468,5,3
8,4,18,17,110001001000101101111011110100,1,1,0,0.28,0.13333334028720856,7,4
8,4,18,18,110001001000101101111011110100,1,1,0,0.62,0.4615384638309479,9,4
8,4,18,19,110001001000101101111011110100,1,1,0,0.7,0.375,9,4
8,4,18,20,110001001000101101111011110100,1,1,0,0.74,0.5151515007019043,8,4
8,4,18,22,110001001000101101111011110100,1,1,0,0.34,0.6382978558540344,5,2
8,4,18,23,110001001000101101111011110100,1,1,0,0.74,0.7121211886405945,4,2
8,4,18,24,110001001000101101111011110100,1,1,0,0.31,0.49275362491607666,8,2
8,4,18,25,110001001000101101111011110100,1,1,0,0.35,0.4615384638309479,7,5
8,4,18,27,110001001000101101111011110100,1,1,0,0.69,0.5744680762290955,8,5
8,4,19,0,100100110101010101101001111111,1,1,0,0.2,0.515625,7,3
8,4,19,3,100100110101010101101001111111,1,1,0,0.78,0.890625,7,4
8,4,19,6,100100110101010101101001111111,1,1,0,0.49,0.7105262875556946,9,3
8,4,19,7,100100110101010101101001111111,1,1,0,0.41,0.5925925970077515,1,1
8,4,19,9,100100110101010101101001111111,1,1,0,0.49,0.5288461446762085,1,1
8,4,19,11,100100110101010101101001111111,1,1,0,0.75,0.47826087474823,7,5
8,4,19,13,100100110101010101101001111111,1,1,0,0.52,0.44999998807907104,8,4
8,4,19,15,100100110101010101101001111111,1,1,0,0.55,0.7133333086967468,5,3
8,4,19,17,100100110101010101101001111111,1,1,0,0.28,0.13333334028720856,7,4
8,4,19,18,100100110101010101101001111111,1,1,0,0.62,0.4615384638309479,9,4
8,4,19,20,100100110101010101101001111111,1,1,0,0.74,0.5151515007019043,8,4
8,4,19,23,100100110101010101101001111111,1,1,0,0.74,0.7121211886405945,4,2
8,4,19,24,100100110101010101101001111111,1,1,0,0.31,0.49275362491607666,8,2
8,4,19,25,100100110101010101101001111111,1,1,0,0.35,0.4615384638309479,7,5
8,4,19,26,100100110101010101101001111111,1,1,0,0.84,0.26923078298568726,1,1
8,4,19,27,100100110101010101101001111111,1,1,0,0.69,0.5744680762290955,8,5
8,4,19,28,100100110101010101101001111111,1,1,0,0.3,0.5074626803398132,9,4
8,4,19,29,100100110101010101101001111111,1,1,0,0.37,0.5042017102241516,9,2
8,4,20,0,110100111000011101101001011101,1,1,0,0.2,0.515625,7,3
8,4,20,1,110100111000011101101001011101,1,1,0,0.7,0.6666666865348816,9,5
8,4,20,3,110100111000011101101001011101,1,1,0,0.78,0.890625,7,4
8,4,20,6,110100111000011101101001011101,1,1,0,0.49,0.7105262875556946,9,3
8,4,20,7,110100111000011101101001011101,1,1,0,0.41,0.5925925970077515,1,1
8,4,20,8,110100111000011101101001011101,1,1,0,0.7,0.8640000224113464,9,5
8,4,20,13,110100111000011101101001011101,1,1,0,0.52,0.44999998807907104,8,4
8,4,20,14,110100111000011101101001011101,1,1,0,0.58,0.8775510191917419,9,4
8,4,20,15,110100111000011101101001011101,1,1,0,0.55,0.7133333086967468,5,3
8,4,20,17,110100111000011101101001011101,1,1,0,0.28,0.13333334028720856,7,4
8,4,20,18,110100111000011101101001011101,1,1,0,0.62,0.4615384638309479,9,4
8,4,20,20,110100111000011101101001011101,1,1,0,0.74,0.5151515007019043,8,4
8,4,20,23,110100111000011101101001011101,1,1,0,0.74,0.7121211886405945,4,2
8,4,20,25,110100111000011101101001011101,1,1,0,0.35,0.4615384638309479,7,5
8,4,20,26,110100111000011101101001011101,1,1,0,0.84,0.26923078298568726,1,1
8,4,20,27,110100111000011101101001011101,1,1,0,0.69,0.5744680762290955,8,5
8,4,20,29,110100111000011101101001011101,1,1,0,0.37,0.5042017102241516,9,2
8,4,21,0,110000000111011100011001110110,1,1,0,0.2,0.515625,7,3
8,4,21,1,110000000111011100011001110110,1,1,0,0.7,0.6666666865348816,9,5
8,4,21,9,110000000111011100011001110110,1,1,0,0.49,0.5288461446762085,1,1
8,4,21,10,110000000111011100011001110110,1,1,0,0.42,0.44999998807907104,8,3
8,4,21,11,110000000111011100011001110110,1,1,0,0.75,0.47826087474823,7,5
8,4,21,13,110000000111011100011001110110,1,1,0,0.52,0.44999998807907104,8,4
8,4,21,14,110000000111011100011001110110,1,1,0,0.58,0.8775510191917419,9,4
8,4,21,15,110000000111011100011001110110,1,1,0,0.55,0.7133333086967468,5,3
8,4,21,19,110000000111011100011001110110,1,1,0,0.7,0.375,9,4
8,4,21,20,110000000111011100011001110110,1,1,0,0.74,0.5151515007019043,8,4
8,4,21,23,110000000111011100011001110110,1,1,0,0.74,0.7121211886405945,4,2
8,4,21,24,110000000111011100011001110110,1,1,0,0.31,0.49275362491607666,8,2
8,4,21,25,110000000111011100011001110110,1,1,0,0.35,0.4615384638309479,7,5
8,4,21,27,110000000111011100011001110110,1,1,0,0.69,0.5744680762290955,8,5
8,4,21,28,110000000111011100011001110110,1,1,0,0.3,0.5074626803398132,9,4
8,4,22,0,100110100011000001000101111101,1,1,0,0.2,0.515625,7,3
8,4,22,3,100110100011000001000101111101,1,1,0,0.78,0.890625,7,4
8,4,22,4,100110100011000001000101111101,1,1,0,0.42,0.6222222447395325,9,3
8,4,22,6,100110100011000001000101111101,1,1,0,0.49,0.7105262875556946,9,3
8,4,22,10,100110100011000001000101111101,1,1,0,0.42,0.44999998807907104,8,3
8,4,22,11,100110100011000001000101111101,1,1,0,0.75,0.47826087474823,7,5
8,4,22,17,100110100011000001000101111101,1,1,0,0.28,0.13333334028720856,7,4
8,4,22,21,100110100011000001000101111101,1,1,0,0.74,0.6617646813392639,9,4
8,4,22,23,100110100011000001000101111101,1,1,0,0.74,0.7121211886405945,4,2
8,4,22,24,100110100011000001000101111101,1,1,0,0.31,0.49275362491607666,8,2
8,4,22,25,100110100011000001000101111101,1,1,0,0.35,0.4615384638309479,7,5
8,4,22,26,100110100011000001000101111101,1,1,0,0.84,0.26923078298568726,1,1
8,4,22,27,100110100011000001000101111101,1,1,0,0.69,0.5744680762290955,8,5
8,4,22,29,100110100011000001000101111101,1,1,0,0.37,0.5042017102241516,9,2
8,4,23,0,111100000011001111001011011001,1,1,0,0.2,0.515625,7,3
8,4,23,1,111100000011001111001011011001,1,1,0,0.7,0.6666666865348816,9,5
8,4,23,2,111100000011001111001011011001,1,1,0,0.61,0.7179487347602844,7,3
8,4,23,3,111100000011001111001011011001,1,1,0,0.78,0.890625,7,4
8,4,23,10,111100000011001111001011011001,1,1,0,0.42,0.44999998807907104,8,3
8,4,23,11,111100000011001111001011011001,1,1,0,0.75,0.47826087474823,7,5
8,4,23,14,111100000011001111001011011001,1,1,0,0.58,0.8775510191917419,9,4
8,4,23,15,111100000011001111001011011001,1,1,0,0.55,0.7133333086967468,5,3
8,4,23,16,111100000011001111001011011001,1,1,0,0.39,0.7397260069847107,9,3
8,4,23,17,111100000011001111001011011001,1,1,0,0.28,0.13333334028720856,7,4
8,4,23,20,111100000011001111001011011001,1,1,0,0.74,0.5151515007019043,8,4
8,4,23,22,111100000011001111001011011001,1,1,0,0.34,0.6382978558540344,5,2
8,4,23,23,111100000011001111001011011001,1,1,0,0.74,0.7121211886405945,4,2
8,4,23,25,111100000011001111001011011001,1,1,0,0.35,0.4615384638309479,7,5
8,4,23,26,111100000011001111001011011001,1,1,0,0.84,0.26923078298568726,1,1
8,4,23,29,111100000011001111001011011001,1,1,0,0.37,0.5042017102241516,9,2
8,4,24,0,110001001011101010100101011111,1,1,0,0.2,0.515625,7,3
8,4,24,1,110001001011101010100101011111,1,1,0,0.7,0.6666666865348816,9,5
8,4,24,5,110001001011101010100101011111,1,1,0,0.7,0.43103447556495667,8,5
8,4,24,8,110001001011101010100101011111,1,1,0,0.7,0.8640000224113464,9,5
8,4,24,10,110001001011101010100101011111,1,1,0,0.42,0.44999998807907104,8,3
8,4,24,11,110001001011101010100101011111,1,1,0,0.75,0.47826087474823,7,5
8,4,24,12,110001001011101010100101011111,1,1,0,0.7,0.7543859481811523,9,5
8,4,24,14,110001001011101010100101011111,1,1,0,0.58,0.8775510191917419,9,4
8,4,24,16,110001001011101010100101011111,1,1,0,0.39,0.7397260069847107,9,3
8,4,24,18,110001001011101010100101011111,1,1,0,0.62,0.4615384638309479,9,4
8,4,24,21,110001001011101010100101011111,1,1,0,0.74,0.6617646813392639,9,4
8,4,24,23,110001001011101010100101011111,1,1,0,0.74,0.7121211886405945,4,2
8,4,24,25,110001001011101010100101011111,1,1,0,0.35,0.4615384638309479,7,5
8,4,24,26,110001001011101010100101011111,1,1,0,0.84,0.26923078298568726,1,1
8,4,24,27,110001001011101010100101011111,1,1,0,0.69,0.5744680762290955,8,5
8,4,24,28,110001001011101010100101011111,1,1,0,0.3,0.5074626803398132,9,4
8,4,24,29,110001001011101010100101011111,1,1,0,0.37,0.5042017102241516,9,2
8,4,25,0,111001001011111100001000101101,1,1,0,0.2,0.515625,7,3
8,4,25,1,111001001011111100001000101101,1,1,0,0.7,0.6666666865348816,9,5
8,4,25,2,111001001011111100001000101101,1,1,0,0.61,0.7179487347602844,7,3
8,4,25,5,111001001011111100001000101101,1,1,0,0.7,0.43103447556495667,8,5
8,4,25,8,111001001011111100001000101101,1,1,0,0.7,0.8640000224113464,9,5
8,4,25,10,111001001011111100001000101101,1,1,0,0.42,0.44999998807907104,8,3
8,4,25,11,111001001011111100001000101101,1,1,0,0.75,0.47826087474823,7,5
8,4,25,12,111001001011111100001000101101,1,1,0,0.7,0.7543859481811523,9,5
8,4,25,13,111001001011111100001000101101,1,1,0,0.52,0.44999998807907104,8,4
8,4,25,14,111001001011111100001000101101,1,1,0,0.58,0.8775510191917419,9,4
8,4,25,15,111001001011111100001000101101,1,1,0,0.55,0.7133333086967468,5,3
8,4,25,20,111001001011111100001000101101,1,1,0,0.74,0.5151515007019043,8,4
8,4,25,24,111001001011111100001000101101,1,1,0,0.31,0.49275362491607666,8,2
8,4,25,26,111001001011111100001000101101,1,1,0,0.84,0.26923078298568726,1,1
8,4,25,27,111001001011111100001000101101,1,1,0,0.69,0.5744680762290955,8,5
8,4,25,29,111001001011111100001000101101,1,1,0,0.37,0.5042017102241516,9,2
8,4,26,0,101101110011011011111001111111,1,1,0,0.2,0.515625,7,3
8,4,26,2,101101110011011011111001111111,1,1,0,0.61,0.7179487347602844,7,3
8,4,26,3,101101110011011011111001111111,1,1,0,0.78,0.890625,7,4
8,4,26,5,101101110011011011111001111111,1,1,0,0.7,0.43103447556495667,8,5
8,4,26,6,101101110011011011111001111111,1,1,0,0.49,0.7105262875556946,9,3
8,4,26,7,101101110011011011111001111111,1,1,0,0.41,0.5925925970077515,1,1
8,4,26,10,101101110011011011111001111111,1,1,0,0.42,0.44999998807907104,8,3
8,4,26,11,101101110011011011111001111111,1,1,0,0.75,0.47826087474823,7,5
8,4,26,13,101101110011011011111001111111,1,1,0,0.52,0.44999998807907104,8,4
8,4,26,14,101101110011011011111001111111,1,1,0,0.58,0.8775510191917419,9,4
8,4,26,16,101101110011011011111001111111,1,1,0,0.39,0.7397260069847107,9,3
8,4,26,17,101101110011011011111001111111,1,1,0,0.28,0.13333334028720856,7,4
8,4,26,18,101101110011011011111001111111,1,1,0,0.62,0.4615384638309479,9,4
8,4,26,19,101101110011011011111001111111,1,1,0,0.7,0.375,9,4
8,4,26,20,101101110011011011111001111111,1,1,0,0.74,0.5151515007019043,8,4
8,4,26,23,101101110011011011111001111111,1,1,0,0.74,0.7121211886405945,4,2
8,4,26,24,101101110011011011111001111111,1,1,0,0.31,0.49275362491607666,8,2
8,4,26,25,101101110011011011111001111111,1,1,0,0.35,0.4615384638309479,7,5
8,4,26,26,101101110011011011111001111111,1,1,0,0.84,0.26923078298568726,1,1
8,4,26,27,101101110011011011111001111111,1,1,0,0.69,0.5744680762290955,8,5
8,4,26,28,101101110011011011111001111111,1,1,0,0.3,0.5074626803398132,9,4
8,4,26,29,101101110011011011111001111111,1,1,0,0.37,0.5042017102241516,9,2
8,4,27,0,101101110011010101101001111111,1,1,0,0.2,0.515625,7,3
8,4,27,2,101101110011010101101001111111,1,1,0,0.61,0.7179487347602844,7,3
8,4,27,3,101101110011010101101001111111,1,1,0,0.78,0.890625,7,4
8,4,27,5,101101110011010101101001111111,1,1,0,0.7,0.43103447556495667,8,5
8,4,27,6,101101110011010101101001111111,1,1,0,0.49,0.7105262875556946,9,3
8,4,27,7,101101110011010101101001111111,1,1,0,0.41,0.5925925970077515,1,1
8,4,27,10,101101110011010101101001111111,1,1,0,0.42,0.44999998807907104,8,3
8,4,27,11,101101110011010101101001111111,1,1,0,0.75,0.47826087474823,7,5
8,4,27,13,101101110011010101101001111111,1,1,0,0.52,0.44999998807907104,8,4
8,4,27,15,101101110011010101101001111111,1,1,0,0.55,0.7133333086967468,5,3
8,4,27,17,101101110011010101101001111111,1,1,0,0.28,0.13333334028720856,7,4
8,4,27,18,101101110011010101101001111111,1,1,0,0.62,0.4615384638309479,9,4
8,4,27,20,101101110011010101101001111111,1,1,0,0.74,0.5151515007019043,8,4
8,4,27,23,101101110011010101101001111111,1,1,0,0.74,0.7121211886405945,4,2
8,4,27,24,101101110011010101101001111111,1,1,0,0.31,0.49275362491607666,8,2
8,4,27,25,101101110011010101101001111111,1,1,0,0.35,0.4615384638309479,7,5
8,4,27,26,101101110011010101101001111111,1,1,0,0.84,0.26923078298568726,1,1
8,4,27,27,101101110011010101101001111111,1,1,0,0.69,0.5744680762290955,8,5
8,4,27,28,101101110011010101101001111111,1,1,0,0.3,0.5074626803398132,9,4
8,4,27,29,101101110011010101101001111111,1,1,0,0.37,0.5042017102241516,9,2
8,4,28,6,000000100001101000100101111111,1,1,0,0.49,0.7105262875556946,9,3
8,4,28,11,000000100001101000100101111111,1,1,0,0.75,0.47826087474823,7,5
8,4,28,12,000000100001101000100101111111,1,1,0,0.7,0.7543859481811523,9,5
8,4,28,14,000000100001101000100101111111,1,1,0,0.58,0.8775510191917419,9,4
8,4,28,18,000000100001101000100101111111,1,1,0,0.62,0.4615384638309479,9,4
8,4,28,21,000000100001101000100101111111,1,1,0,0.74,0.6617646813392639,9,4
8,4,28,23,000000100001101000100101111111,1,1,0,0.74,0.7121211886405945,4,2
8,4,28,24,000000100001101000100101111111,1,1,0,0.31,0.49275362491607666,8,2
8,4,28,25,000000100001101000100101111111,1,1,0,0.35,0.4615384638309479,7,5
8,4,28,26,000000100001101000100101111111,1,1,0,0.84,0.26923078298568726,1,1
8,4,28,27,000000100001101000100101111111,1,1,0,0.69,0.5744680762290955,8,5
8,4,28,28,000000100001101000100101111111,1,1,0,0.3,0.5074626803398132,9,4
8,4,28,29,000000100001101000100101111111,1,1,0,0.37,0.5042017102241516,9,2
8,4,29,0,101001000011000011001101100101,1,1,0,0.2,0.515625,7,3
8,4,29,2,101001000011000011001101100101,1,1,0,0.61,0.7179487347602844,7,3
8,4,29,5,101001000011000011001101100101,1,1,0,0.7,0.43103447556495667,8,5
8,4,29,10,101001000011000011001101100101,1,1,0,0.42,0.44999998807907104,8,3
8,4,29,11,101001000011000011001101100101,1,1,0,0.75,0.47826087474823,7,5
8,4,29,16,101001000011000011001101100101,1,1,0,0.39,0.7397260069847107,9,3
8,4,29,17,101001000011000011001101100101,1,1,0,0.28,0.13333334028720856,7,4
8,4,29,20,101001000011000011001101100101,1,1,0,0.74,0.5151515007019043,8,4
8,4,29,21,101001000011000011001101100101,1,1,0,0.74,0.6617646813392639,9,4
8,4,29,23,101001000011000011001101100101,1,1,0,0.74,0.7121211886405945,4,2
8,4,29,24,101001000011000011001101100101,1,1,0,0.31,0.49275362491607666,8,2
8,4,29,27,101001000011000011001101100101,1,1,0,0.69,0.5744680762290955,8,5
8,4,29,29,101001000011000011001101100101,1,1,0,0.37,0.5042017102241516,9,2
8,5,0,0,101000110101010001101100111101,1,1,0,0.2,0.515625,7,3
8,5,0,2,101000110101010001101100111101,1,1,0,0.61,0.7179487347602844,7,3
8,5,0,6,101000110101010001101100111101,1,1,0,0.49,0.7105262875556946,9,3
8,5,0,7,101000110101010001101100111101,1,1,0,0.41,0.5925925970077515,1,1
8,5,0,9,101000110101010001101100111101,1,1,0,0.49,0.5288461446762085,1,1
8,5,0,11,101000110101010001101100111101,1,1,0,0.75,0.47826087474823,7,5
8,5,0,13,101000110101010001101100111101,1,1,0,0.52,0.44999998807907104,8,4
8,5,0,17,101000110101010001101100111101,1,1,0,0.28,0.13333334028720856,7,4
8,5,0,18,101000110101010001101100111101,1,1,0,0.62,0.4615384638309479,9,4
8,5,0,20,101000110101010001101100111101,1,1,0,0.74,0.5151515007019043,8,4
8,5,0,21,101000110101010001101100111101,1,1,0,0.74,0.6617646813392639,9,4
8,5,0,24,101000110101010001101100111101,1,1,0,0.31,0.49275362491607666,8,2
8,5,0,25,101000110101010001101100111101,1,1,0,0.35,0.4615384638309479,7,5
8,5,0,26,101000110101010001101100111101,1,1,0,0.84,0.26923078298568726,1,1
8,5,0,27,101000110101010001101100111101,1,1,0,0.69,0.5744680762290955,8,5
8,5,0,29,101000110101010001101100111101,1,1,0,0.37,0.5042017102241516,9,2
8,5,1,0,100001000011001011001101100101,1,1,0,0.2,0.515625,7,3
8,5,1,5,100001000011001011001101100101,1,1,0,0.7,0.43103447556495667,8,5
8,5,1,10,100001000011001011001101100101,1,1,0,0.42,0.44999998807907104,8,3
8,5,1,11,100001000011001011001101100101,1,1,0,0.75,0.47826087474823,7,5
8,5,1,14,100001000011001011001101100101,1,1,0,0.58,0.8775510191917419,9,4
8,5,1,16,100001000011001011001101100101,1,1,0,0.39,0.7397260069847107,9,3
8,5,1,17,100001000011001011001101100101,1,1,0,0.28,0.13333334028720856,7,4
8,5,1,20,100001000011001011001101100101,1,1,0,0.74,0.5151515007019043,8,4
8,5,1,21,100001000011001011001101100101,1,1,0,0.74,0.6617646813392639,9,4
8,5,1,23,100001000011001011001101100101,1,1,0,0.74,0.7121211886405945,4,2
8,5,1,24,100001000011001011001101100101,1,1,0,0.31,0.49275362491607666,8,2
8,5,1,27,100001000011001011001101100101,1,1,0,0.69,0.5744680762290955,8,5
8,5,1,29,100001000011001011001101100101,1,1,0,0.37,0.5042017102241516,9,2
8,5,2,0,100000110101010101101000111111,1,1,0,0.2,0.515625,7,3
8,5,2,6,100000110101010101101000111111,1,1,0,0.49,0.7105262875556946,9,3
8,5,2,7,100000110101010101101000111111,1,1,0,0.41,0.5925925970077515,1,1
8,5,2,9,100000110101010101101000111111,1,1,0,0.49,0.5288461446762085,1,1
8,5,2,11,100000110101010101101000111111,1,1,0,0.75,0.47826087474823,7,5
8,5,2,13,100000110101010101101000111111,1,1,0,0.52,0.44999998807907104,8,4
8,5,2,15,100000110101010101101000111111,1,1,0,0.55,0.7133333086967468,5,3
8,5,2,17,100000110101010101101000111111,1,1,0,0.28,0.13333334028720856,7,4
8,5,2,18,100000110101010101101000111111,1,1,0,0.62,0.4615384638309479,9,4
8,5,2,20,100000110101010101101000111111,1,1,0,0.74,0.5151515007019043,8,4
8,5,2,24,100000110101010101101000111111,1,1,0,0.31,0.49275362491607666,8,2
8,5,2,25,100000110101010101101000111111,1,1,0,0.35,0.4615384638309479,7,5
8,5,2,26,100000110101010101101000111111,1,1,0,0.84,0.26923078298568726,1,1
8,5,2,27,100000110101010101101000111111,1,1,0,0.69,0.5744680762290955,8,5
8,5,2,28,100000110101010101101000111111,1,1,0,0.3,0.5074626803398132,9,4
8,5,2,29,100000110101010101101000111111,1,1,0,0.37,0.5042017102241516,9,2
8,5,3,2,001110101101111001101001001010,1,1,0,0.61,0.7179487347602844,7,3
8,5,3,3,001110101101111001101001001010,1,1,0,0.78,0.890625,7,4
8,5,3,4,001110101101111001101001001010,1,1,0,0.42,0.6222222447395325,9,3
8,5,3,6,001110101101111001101001001010,1,1,0,0.49,0.7105262875556946,9,3
8,5,3,8,001110101101111001101001001010,1,1,0,0.7,0.8640000224113464,9,5
8,5,3,9,001110101101111001101001001010,1,1,0,0.49,0.5288461446762085,1,1
8,5,3,11,001110101101111001101001001010,1,1,0,0.75,0.47826087474823,7,5
8,5,3,12,001110101101111001101001001010,1,1,0,0.7,0.7543859481811523,9,5
8,5,3,13,001110101101111001101001001010,1,1,0,0.52,0.44999998807907104,8,4
8,5,3,14,001110101101111001101001001010,1,1,0,0.58,0.8775510191917419,9,4
8,5,3,17,001110101101111001101001001010,1,1,0,0.28,0.13333334028720856,7,4
8,5,3,18,001110101101111001101001001010,1,1,0,0.62,0.4615384638309479,9,4
8,5,3,20,001110101101111001101001001010,1,1,0,0.74,0.5151515007019043,8,4
8,5,3,23,001110101101111001101001001010,1,1,0,0.74,0.7121211886405945,4,2
8,5,3,26,001110101101111001101001001010,1,1,0,0.84,0.26923078298568726,1,1
8,5,3,28,001110101101111001101001001010,1,1,0,0.3,0.5074626803398132,9,4
8,5,4,1,011001000011101000011100000100,1,1,0,0.7,0.6666666865348816,9,5
8,5,4,2,011001000011101000011100000100,1,1,0,0.61,0.7179487347602844,7,3
8,5,4,5,011001000011101000011100000100,1,1,0,0.7,0.43103447556495667,8,5
8,5,4,10,011001000011101000011100000100,1,1,0,0.42,0.44999998807907104,8,3
8,5,4,11,011001000011101000011100000100,1,1,0,0.75,0.47826087474823,7,5
8,5,4,12,011001000011101000011100000100,1,1,0,0.7,0.7543859481811523,9,5
8,5,4,14,011001000011101000011100000100,1,1,0,0.58,0.8775510191917419,9,4
8,5,4,19,011001000011101000011100000100,1,1,0,0.7,0.375,9,4
8,5,4,20,011001000011101000011100000100,1,1,0,0.74,0.5151515007019043,8,4
8,5,4,21,011001000011101000011100000100,1,1,0,0.74,0.6617646813392639,9,4
8,5,4,27,011001000011101000011100000100,1,1,0,0.69,0.5744680762290955,8,5
8,5,5,1,011001001011010000000000010100,1,1,0,0.7,0.6666666865348816,9,5
8,5,5,2,011001001011010000000000010100,1,1,0,0.61,0.7179487347602844,7,3
8,5,5,5,011001001011010000000000010100,1,1,0,0.7,0.43103447556495667,8,5
8,5,5,8,011001001011010000000000010100,1,1,0,0.7,0.8640000224113464,9,5
8,5,5,10,011001001011010000000000010100,1,1,0,0.42,0.44999998807907104,8,3
8,5,5,11,011001001011010000000000010100,1,1,0,0.75,0.47826087474823,7,5
8,5,5,13,011001001011010000000000010100,1,1,0,0.52,0.44999998807907104,8,4
8,5,5,25,011001001011010000000000010100,1,1,0,0.35,0.4615384638309479,7,5
8,5,5,27,011001001011010000000000010100,1,1,0,0.69,0.5744680762290955,8,5
8,5,6,2,001001000111110101101001101010,1,1,0,0.61,0.7179487347602844,7,3
8,5,6,5,001001000111110101101001101010,1,1,0,0.7,0.43103447556495667,8,5
8,5,6,9,001001000111110101101001101010,1,1,0,0.49,0.5288461446762085,1,1
8,5,6,10,001001000111110101101001101010,1,1,0,0.42,0.44999998807907104,8,3
8,5,6,11,001001000111110101101001101010,1,1,0,0.75,0.47826087474823,7,5
8,5,6,12,001001000111110101101001101010,1,1,0,0.7,0.7543859481811523,9,5
8,5,6,13,001001000111110101101001101010,1,1,0,0.52,0.44999998807907104,8,4
8,5,6,15,001001000111110101101001101010,1,1,0,0.55,0.7133333086967468,5,3
8,5,6,17,001001000111110101101001101010,1,1,0,0.28,0.13333334028720856,7,4
8,5,6,18,001001000111110101101001101010,1,1,0,0.62,0.4615384638309479,9,4
8,5,6,20,001001000111110101101001101010,1,1,0,0.74,0.5151515007019043,8,4
8,5,6,23,001001000111110101101001101010,1,1,0,0.74,0.7121211886405945,4,2
8,5,6,24,001001000111110101101001101010,1,1,0,0.31,0.49275362491607666,8,2
8,5,6,26,001001000111110101101001101010,1,1,0,0.84,0.26923078298568726,1,1
8,5,6,28,001001000111110101101001101010,1,1,0,0.3,0.5074626803398132,9,4
8,5,7,0,100000100101011011111001111111,1,1,0,0.2,0.515625,7,3
8,5,7,6,100000100101011011111001111111,1,1,0,0.49,0.7105262875556946,9,3
8,5,7,9,100000100101011011111001111111,1,1,0,0.49,0.5288461446762085,1,1
8,5,7,11,100000100101011011111001111111,1,1,0,0.75,0.47826087474823,7,5
8,5,7,13,100000100101011011111001111111,1,1,0,0.52,0.44999998807907104,8,4
8,5,7,14,100000100101011011111001111111,1,1,0,0.58,0.8775510191917419,9,4
8,5,7,16,100000100101011011111001111111,1,1,0,0.39,0.7397260069847107,9,3
8,5,7,17,100000100101011011111001111111,1,1,0,0.28,0.13333334028720856,7,4
8,5,7,18,100000100101011011111001111111,1,1,0,0.62,0.4615384638309479,9,4
8,5,7,19,100000100101011011111001111111,1,1,0,0.7,0.375,9,4
8,5,7,20,100000100101011011111001111111,1,1,0,0.74,0.5151515007019043,8,4
8,5,7,23,100000100101011011111001111111,1,1,0,0.74,0.7121211886405945,4,2
8,5,7,24,100000100101011011111001111111,1,1,0,0.31,0.49275362491607666,8,2
8,5,7,25,100000100101011011111001111111,1,1,0,0.35,0.4615384638309479,7,5
8,5,7,26,100000100101011011111001111111,1,1,0,0.84,0.26923078298568726,1,1
8,5,7,27,100000100101011011111001111111,1,1,0,0.69,0.5744680762290955,8,5
8,5,7,28,100000100101011011111001111111,1,1,0,0.3,0.5074626803398132,9,4
8,5,7,29,100000100101011011111001111111,1,1,0,0.37,0.5042017102241516,9,2
8,5,8,0,101001001000101101111001001010,1,1,0,0.2,0.515625,7,3
8,5,8,2,101001001000101101111001001010,1,1,0,0.61,0.7179487347602844,7,3
8,5,8,5,101001001000101101111001001010,1,1,0,0.7,0.43103447556495667,8,5
8,5,8,8,101001001000101101111001001010,1,1,0,0.7,0.8640000224113464,9,5
8,5,8,12,101001001000101101111001001010,1,1,0,0.7,0.7543859481811523,9,5
8,5,8,14,101001001000101101111001001010,1,1,0,0.58,0.8775510191917419,9,4
8,5,8,15,101001001000101101111001001010,1,1,0,0.55,0.7133333086967468,5,3
8,5,8,17,101001001000101101111001001010,1,1,0,0.28,0.13333334028720856,7,4
8,5,8,18,101001001000101101111001001010,1,1,0,0.62,0.4615384638309479,9,4
8,5,8,19,101001001000101101111001001010,1,1,0,0.7,0.375,9,4
8,5,8,20,101001001000101101111001001010,1,1,0,0.74,0.5151515007019043,8,4
8,5,8,23,101001001000101101111001001010,1,1,0,0.74,0.7121211886405945,4,2
8,5,8,26,101001001000101101111001001010,1,1,0,0.84,0.26923078298568726,1,1
8,5,8,28,101001001000101101111001001010,1,1,0,0.3,0.5074626803398132,9,4
8,5,9,0,100000100101010101101001111111,1,1,0,0.2,0.515625,7,3
8,5,9,6,100000100101010101101001111111,1,1,0,0.49,0.7105262875556946,9,3
8,5,9,9,100000100101010101101001111111,1,1,0,0.49,0.5288461446762085,1,1
8,5,9,11,100000100101010101101001111111,1,1,0,0.75,0.47826087474823,7,5
8,5,9,13,100000100101010101101001111111,1,1,0,0.52,0.44999998807907104,8,4
8,5,9,15,100000100101010101101001111111,1,1,0,0.55,0.7133333086967468,5,3
8,5,9,17,100000100101010101101001111111,1,1,0,0.28,0.13333334028720856,7,4
8,5,9,18,100000100101010101101001111111,1,1,0,0.62,0.4615384638309479,9,4
8,5,9,20,100000100101010101101001111111,1,1,0,0.74,0.5151515007019043,8,4
8,5,9,23,100000100101010101101001111111,1,1,0,0.74,0.7121211886405945,4,2
8,5,9,24,100000100101010101101001111111,1,1,0,0.31,0.49275362491607666,8,2
8,5,9,25,100000100101010101101001111111,1,1,0,0.35,0.4615384638309479,7,5
8,5,9,26,100000100101010101101001111111,1,1,0,0.84,0.26923078298568726,1,1
8,5,9,27,100000100101010101101001111111,1,1,0,0.69,0.5744680762290955,8,5
8,5,9,28,100000100101010101101001111111,1,1,0,0.3,0.5074626803398132,9,4
8,5,9,29,100000100101010101101001111111,1,1,0,0.37,0.5042017102241516,9,2
8,5,10,0,101001001011100101010100101011,1,1,0,0.2,0.515625,7,3
8,5,10,2,101001001011100101010100101011,1,1,0,0.61,0.7179487347602844,7,3
8,5,10,5,101001001011100101010100101011,1,1,0,0.7,0.43103447556495667,8,5
8,5,10,8,101001001011100101010100101011,1,1,0,0.7,0.8640000224113464,9,5
8,5,10,10,101001001011100101010100101011,1,1,0,0.42,0.44999998807907104,8,3
8,5,10,11,101001001011100101010100101011,1,1,0,0.75,0.47826087474823,7,5
8,5,10,12,101001001011100101010100101011,1,1,0,0.7,0.7543859481811523,9,5
8,5,10,15,101001001011100101010100101011,1,1,0,0.55,0.7133333086967468,5,3
8,5,10,17,101001001011100101010100101011,1,1,0,0.28,0.13333334028720856,7,4
8,5,10,19,101001001011100101010100101011,1,1,0,0.7,0.375,9,4
8,5,10,21,101001001011100101010100101011,1,1,0,0.74,0.6617646813392639,9,4
8,5,10,24,101001001011100101010100101011,1,1,0,0.31,0.49275362491607666,8,2
8,5,10,26,101001001011100101010100101011,1,1,0,0.84,0.26923078298568726,1,1
8,5,10,28,101001001011100101010100101011,1,1,0,0.3,0.5074626803398132,9,4
8,5,10,29,101001001011100101010100101011,1,1,0,0.37,0.5042017102241516,9,2
8,5,11,0,100110100011000001000101111111,1,1,0,0.2,0.515625,7,3
8,5,11,3,100110100011000001000101111111,1,1,0,0.78,0.890625,7,4
8,5,11,4,100110100011000001000101111111,1,1,0,0.42,0.6222222447395325,9,3
8,5,11,6,100110100011000001000101111111,1,1,0,0.49,0.7105262875556946,9,3
8,5,11,10,100110100011000001000101111111,1,1,0,0.42,0.44999998807907104,8,3
8,5,11,11,100110100011000001000101111111,1,1,0,0.75,0.47826087474823,7,5
8,5,11,17,100110100011000001000101111111,1,1,0,0.28,0.13333334028720856,7,4
8,5,11,21,100110100011000001000101111111,1,1,0,0.74,0.6617646813392639,9,4
8,5,11,23,100110100011000001000101111111,1,1,0,0.74,0.7121211886405945,4,2
8,5,11,24,100110100011000001000101111111,1,1,0,0.31,0.49275362491607666,8,2
8,5,11,25,100110100011000001000101111111,1,1,0,0.35,0.4615384638309479,7,5
8,5,11,26,100110100011000001000101111111,1,1,0,0.84,0.26923078298568726,1,1
8,5,11,27,100110100011000001000101111111,1,1,0,0.69,0.5744680762290955,8,5
8,5,11,28,100110100011000001000101111111,1,1,0,0.3,0.5074626803398132,9,4
8,5,11,29,100110100011000001000101111111,1,1,0,0.37,0.5042017102241516,9,2
8,5,12,0,111100000011001111001011011001,1,1,0,0.2,0.515625,7,3
8,5,12,1,111100000011001111001011011001,1,1,0,0.7,0.6666666865348816,9,5
8,5,12,2,111100000011001111001011011001,1,1,0,0.61,0.7179487347602844,7,3
8,5,12,3,111100000011001111001011011001,1,1,0,0.78,0.890625,7,4
8,5,12,10,111100000011001111001011011001,1,1,0,0.42,0.44999998807907104,8,3
8,5,12,11,111100000011001111001011011001,1,1,0,0.75,0.47826087474823,7,5
8,5,12,14,111100000011001111001011011001,1,1,0,0.58,0.8775510191917419,9,4
8,5,12,15,111100000011001111001011011001,1,1,0,0.55,0.7133333086967468,5,3
8,5,12,16,111100000011001111001011011001,1,1,0,0.39,0.7397260069847107,9,3
8,5,12,17,111100000011001111001011011001,1,1,0,0.28,0.13333334028720856,7,4
8,5,12,20,111100000011001111001011011001,1,1,0,0.74,0.5151515007019043,8,4
8,5,12,22,111100000011001111001011011001,1,1,0,0.34,0.6382978558540344,5,2
8,5,12,23,111100000011001111001011011001,1,1,0,0.74,0.7121211886405945,4,2
8,5,12,25,111100000011001111001011011001,1,1,0,0.35,0.4615384638309479,7,5
8,5,12,26,111100000011001111001011011001,1,1,0,0.84,0.26923078298568726,1,1
8,5,12,29,111100000011001111001011011001,1,1,0,0.37,0.5042017102241516,9,2
8,5,13,0,110001001011101010100101011111,1,1,0,0.2,0.515625,7,3
8,5,13,1,110001001011101010100101011111,1,1,0,0.7,0.6666666865348816,9,5
8,5,13,5,110001001011101010100101011111,1,1,0,0.7,0.43103447556495667,8,5
8,5,13,8,110001001011101010100101011111,1,1,0,0.7,0.8640000224113464,9,5
8,5,13,10,110001001011101010100101011111,1,1,0,0.42,0.44999998807907104,8,3
8,5,13,11,110001001011101010100101011111,1,1,0,0.75,0.47826087474823,7,5
8,5,13,12,110001001011101010100101011111,1,1,0,0.7,0.7543859481811523,9,5
8,5,13,14,110001001011101010100101011111,1,1,0,0.58,0.8775510191917419,9,4
8,5,13,16,110001001011101010100101011111,1,1,0,0.39,0.7397260069847107,9,3
8,5,13,18,110001001011101010100101011111,1,1,0,0.62,0.4615384638309479,9,4
8,5,13,21,110001001011101010100101011111,1,1,0,0.74,0.6617646813392639,9,4
8,5,13,23,110001001011101010100101011111,1,1,0,0.74,0.7121211886405945,4,2
8,5,13,25,110001001011101010100101011111,1,1,0,0.35,0.4615384638309479,7,5
8,5,13,26,110001001011101010100101011111,1,1,0,0.84,0.26923078298568726,1,1
8,5,13,27,110001001011101010100101011111,1,1,0,0.69,0.5744680762290955,8,5
8,5,13,28,110001001011101010100101011111,1,1,0,0.3,0.5074626803398132,9,4
8,5,13,29,110001001011101010100101011111,1,1,0,0.37,0.5042017102241516,9,2
8,5,14,2,001001001111110101101001101010,1,1,0,0.61,0.7179487347602844,7,3
8,5,14,5,001001001111110101101001101010,1,1,0,0.7,0.43103447556495667,8,5
8,5,14,8,001001001111110101101001101010,1,1,0,0.7,0.8640000224113464,9,5
8,5,14,9,001001001111110101101001101010,1,1,0,0.49,0.5288461446762085,1,1
8,5,14,10,001001001111110101101001101010,1,1,0,0.42,0.44999998807907104,8,3
8,5,14,11,001001001111110101101001101010,1,1,0,0.75,0.47826087474823,7,5
8,5,14,12,001001001111110101101001101010,1,1,0,0.7,0.7543859481811523,9,5
8,5,14,13,001001001111110101101001101010,1,1,0,0.52,0.44999998807907104,8,4
8,5,14,15,001001001111110101101001101010,1,1,0,0.55,0.7133333086967468,5,3
8,5,14,17,001001001111110101101001101010,1,1,0,0.28,0.13333334028720856,7,4
8,5,14,18,001001001111110101101001101010,1,1,0,0.62,0.4615384638309479,9,4
8,5,14,20,001001001111110101101001101010,1,1,0,0.74,0.5151515007019043,8,4
8,5,14,23,001001001111110101101001101010,1,1,0,0.74,0.7121211886405945,4,2
8,5,14,24,001001001111110101101001101010,1,1,0,0.31,0.49275362491607666,8,2
8,5,14,26,001001001111110101101001101010,1,1,0,0.84,0.26923078298568726,1,1
8,5,14,28,001001001111110101101001101010,1,1,0,0.3,0.5074626803398132,9,4
8,5,15,6,000000100001101000100101111111,1,1,0,0.49,0.7105262875556946,9,3
8,5,15,11,000000100001101000100101111111,1,1,0,0.75,0.47826087474823,7,5
8,5,15,12,000000100001101000100101111111,1,1,0,0.7,0.7543859481811523,9,5
8,5,15,14,000000100001101000100101111111,1,1,0,0.58,0.8775510191917419,9,4
8,5,15,18,000000100001101000100101111111,1,1,0,0.62,0.4615384638309479,9,4
8,5,15,21,000000100001101000100101111111,1,1,0,0.74,0.6617646813392639,9,4
8,5,15,23,000000100001101000100101111111,1,1,0,0.74,0.7121211886405945,4,2
8,5,15,24,000000100001101000100101111111,1,1,0,0.31,0.49275362491607666,8,2
8,5,15,25,000000100001101000100101111111,1,1,0,0.35,0.4615384638309479,7,5
8,5,15,26,000000100001101000100101111111,1,1,0,0.84,0.26923078298568726,1,1
8,5,15,27,000000100001101000100101111111,1,1,0,0.69,0.5744680762290955,8,5
8,5,15,28,000000100001101000100101111111,1,1,0,0.3,0.5074626803398132,9,4
8,5,15,29,000000100001101000100101111111,1,1,0,0.37,0.5042017102241516,9,2
8,5,16,1,011001001011010011001100010100,1,1,0,0.7,0.6666666865348816,9,5
8,5,16,2,011001001011010011001100010100,1,1,0,0.61,0.7179487347602844,7,3
8,5,16,5,011001001011010011001100010100,1,1,0,0.7,0.43103447556495667,8,5
8,5,16,8,011001001011010011001100010100,1,1,0,0.7,0.8640000224113464,9,5
8,5,16,10,011001001011010011001100010100,1,1,0,0.42,0.44999998807907104,8,3
8,5,16,11,011001001011010011001100010100,1,1,0,0.75,0.47826087474823,7,5
8,5,16,13,011001001011010011001100010100,1,1,0,0.52,0.44999998807907104,8,4
8,5,16,16,011001001011010011001100010100,1,1,0,0.39,0.7397260069847107,9,3
8,5,16,17,011001001011010011001100010100,1,1,0,0.28,0.13333334028720856,7,4
8,5,16,20,011001001011010011001100010100,1,1,0,0.74,0.5151515007019043,8,4
8,5,16,21,011001001011010011001100010100,1,1,0,0.74,0.6617646813392639,9,4
8,5,16,25,011001001011010011001100010100,1,1,0,0.35,0.4615384638309479,7,5
8,5,16,27,011001001011010011001100010100,1,1,0,0.69,0.5744680762290955,8,5
8,5,17,2,001001001010010101000111101111,1,1,0,0.61,0.7179487347602844,7,3
8,5,17,5,001001001010010101000111101111,1,1,0,0.7,0.43103447556495667,8,5
8,5,17,8,001001001010010101000111101111,1,1,0,0.7,0.8640000224113464,9,5
8,5,17,10,001001001010010101000111101111,1,1,0,0.42,0.44999998807907104,8,3
8,5,17,13,001001001010010101000111101111,1,1,0,0.52,0.44999998807907104,8,4
8,5,17,15,001001001010010101000111101111,1,1,0,0.55,0.7133333086967468,5,3
8,5,17,17,001001001010010101000111101111,1,1,0,0.28,0.13333334028720856,7,4
8,5,17,21,001001001010010101000111101111,1,1,0,0.74,0.6617646813392639,9,4
8,5,17,22,001001001010010101000111101111,1,1,0,0.34,0.6382978558540344,5,2
8,5,17,23,001001001010010101000111101111,1,1,0,0.74,0.7121211886405945,4,2
8,5,17,24,001001001010010101000111101111,1,1,0,0.31,0.49275362491607666,8,2
8,5,17,26,001001001010010101000111101111,1,1,0,0.84,0.26923078298568726,1,1
8,5,17,27,001001001010010101000111101111,1,1,0,0.69,0.5744680762290955,8,5
8,5,17,28,001001001010010101000111101111,1,1,0,0.3,0.5074626803398132,9,4
8,5,17,29,001001001010010101000111101111,1,1,0,0.37,0.5042017102241516,9,2
8,5,18,0,110100111000011101101001011101,1,1,0,0.2,0.515625,7,3
8,5,18,1,110100111000011101101001011101,1,1,0,0.7,0.6666666865348816,9,5
8,5,18,3,110100111000011101101001011101,1,1,0,0.78,0.890625,7,4
8,5,18,6,110100111000011101101001011101,1,1,0,0.49,0.7105262875556946,9,3
8,5,18,7,110100111000011101101001011101,1,1,0,0.41,0.5925925970077515,1,1
8,5,18,8,110100111000011101101001011101,1,1,0,0.7,0.8640000224113464,9,5
8,5,18,13,110100111000011101101001011101,1,1,0,0.52,0.44999998807907104,8,4
8,5,18,14,110100111000011101101001011101,1,1,0,0.58,0.8775510191917419,9,4
8,5,18,15,110100111000011101101001011101,1,1,0,0.55,0.7133333086967468,5,3
8,5,18,17,110100111000011101101001011101,1,1,0,0.28,0.13333334028720856,7,4
8,5,18,18,110100111000011101101001011101,1,1,0,0.62,0.4615384638309479,9,4
8,5,18,20,110100111000011101101001011101,1,1,0,0.74,0.5151515007019043,8,4
8,5,18,23,110100111000011101101001011101,1,1,0,0.74,0.7121211886405945,4,2
8,5,18,25,110100111000011101101001011101,1,1,0,0.35,0.4615384638309479,7,5
8,5,18,26,110100111000011101101001011101,1,1,0,0.84,0.26923078298568726,1,1
8,5,18,27,110100111000011101101001011101,1,1,0,0.69,0.5744680762290955,8,5
8,5,18,29,110100111000011101101001011101,1,1,0,0.37,0.5042017102241516,9,2
8,5,19,0,110101011011100101110101101101,1,1,0,0.2,0.515625,7,3
8,5,19,1,110101011011100101110101101101,1,1,0,0.7,0.6666666865348816,9,5
8,5,19,3,110101011011100101110101101101,1,1,0,0.78,0.890625,7,4
8,5,19,5,110101011011100101110101101101,1,1,0,0.7,0.43103447556495667,8,5
8,5,19,7,110101011011100101110101101101,1,1,0,0.41,0.5925925970077515,1,1
8,5,19,8,110101011011100101110101101101,1,1,0,0.7,0.8640000224113464,9,5
8,5,19,10,110101011011100101110101101101,1,1,0,0.42,0.44999998807907104,8,3
8,5,19,11,110101011011100101110101101101,1,1,0,0.75,0.47826087474823,7,5
8,5,19,12,110101011011100101110101101101,1,1,0,0.7,0.7543859481811523,9,5
8,5,19,15,110101011011100101110101101101,1,1,0,0.55,0.7133333086967468,5,3
8,5,19,17,110101011011100101110101101101,1,1,0,0.28,0.13333334028720856,7,4
8,5,19,18,110101011011100101110101101101,1,1,0,0.62,0.4615384638309479,9,4
8,5,19,19,110101011011100101110101101101,1,1,0,0.7,0.375,9,4
8,5,19,21,110101011011100101110101101101,1,1,0,0.74,0.6617646813392639,9,4
8,5,19,23,110101011011100101110101101101,1,1,0,0.74,0.7121211886405945,4,2
8,5,19,24,110101011011100101110101101101,1,1,0,0.31,0.49275362491607666,8,2
8,5,19,26,110101011011100101110101101101,1,1,0,0.84,0.26923078298568726,1,1
8,5,19,27,110101011011100101110101101101,1,1,0,0.69,0.5744680762290955,8,5
8,5,19,29,110101011011100101110101101101,1,1,0,0.37,0.5042017102241516,9,2
8,5,20,0,101101110011011011111001111111,1,1,0,0.2,0.515625,7,3
8,5,20,2,101101110011011011111001111111,1,1,0,0.61,0.7179487347602844,7,3
8,5,20,3,101101110011011011111001111111,1,1,0,0.78,0.890625,7,4
8,5,20,5,101101110011011011111001111111,1,1,0,0.7,0.43103447556495667,8,5
8,5,20,6,101101110011011011111001111111,1,1,0,0.49,0.7105262875556946,9,3
8,5,20,7,101101110011011011111001111111,1,1,0,0.41,0.5925925970077515,1,1
8,5,20,10,101101110011011011111001111111,1,1,0,0.42,0.44999998807907104,8,3
8,5,20,11,101101110011011011111001111111,1,1,0,0.75,0.47826087474823,7,5
8,5,20,13,101101110011011011111001111111,1,1,0,0.52,0.44999998807907104,8,4
8,5,20,14,101101110011011011111001111111,1,1,0,0.58,0.8775510191917419,9,4
8,5,20,16,101101110011011011111001111111,1,1,0,0.39,0.7397260069847107,9,3
8,5,20,17,101101110011011011111001111111,1,1,0,0.28,0.13333334028720856,7,4
8,5,20,18,101101110011011011111001111111,1,1,0,0.62,0.4615384638309479,9,4
8,5,20,19,101101110011011011111001111111,1,1,0,0.7,0.375,9,4
8,5,20,20,101101110011011011111001111111,1,1,0,0.74,0.5151515007019043,8,4
8,5,20,23,101101110011011011111001111111,1,1,0,0.74,0.7121211886405945,4,2
8,5,20,24,101101110011011011111001111111,1,1,0,0.31,0.49275362491607666,8,2
8,5,20,25,101101110011011011111001111111,1,1,0,0.35,0.4615384638309479,7,5
8,5,20,26,101101110011011011111001111111,1,1,0,0.84,0.26923078298568726,1,1
8,5,20,27,101101110011011011111001111111,1,1,0,0.69,0.5744680762290955,8,5
8,5,20,28,101101110011011011111001111111,1,1,0,0.3,0.5074626803398132,9,4
8,5,20,29,101101110011011011111001111111,1,1,0,0.37,0.5042017102241516,9,2
8,5,21,0,100100110101010101101001111111,1,1,0,0.2,0.515625,7,3
8,5,21,3,100100110101010101101001111111,1,1,0,0.78,0.890625,7,4
8,5,21,6,100100110101010101101001111111,1,1,0,0.49,0.7105262875556946,9,3
8,5,21,7,100100110101010101101001111111,1,1,0,0.41,0.5925925970077515,1,1
8,5,21,9,100100110101010101101001111111,1,1,0,0.49,0.5288461446762085,1,1
8,5,21,11,100100110101010101101001111111,1,1,0,0.75,0.47826087474823,7,5
8,5,21,13,100100110101010101101001111111,1,1,0,0.52,0.44999998807907104,8,4
8,5,21,15,100100110101010101101001111111,1,1,0,0.55,0.7133333086967468,5,3
8,5,21,17,100100110101010101101001111111,1,1,0,0.28,0.13333334028720856,7,4
8,5,21,18,100100110101010101101001111111,1,1,0,0.62,0.4615384638309479,9,4
8,5,21,20,100100110101010101101001111111,1,1,0,0.74,0.5151515007019043,8,4
8,5,21,23,100100110101010101101001111111,1,1,0,0.74,0.7121211886405945,4,2
8,5,21,24,100100110101010101101001111111,1,1,0,0.31,0.49275362491607666,8,2
8,5,21,25,100100110101010101101001111111,1,1,0,0.35,0.4615384638309479,7,5
8,5,21,26,100100110101010101101001111111,1,1,0,0.84,0.26923078298568726,1,1
8,5,21,27,100100110101010101101001111111,1,1,0,0.69,0.5744680762290955,8,5
8,5,21,28,100100110101010101101001111111,1,1,0,0.3,0.5074626803398132,9,4
8,5,21,29,100100110101010101101001111111,1,1,0,0.37,0.5042017102241516,9,2
8,5,22,2,001000100101011111111001101111,1,1,0,0.61,0.7179487347602844,7,3
8,5,22,6,001000100101011111111001101111,1,1,0,0.49,0.7105262875556946,9,3
8,5,22,9,001000100101011111111001101111,1,1,0,0.49,0.5288461446762085,1,1
8,5,22,11,001000100101011111111001101111,1,1,0,0.75,0.47826087474823,7,5
8,5,22,13,001000100101011111111001101111,1,1,0,0.52,0.44999998807907104,8,4
8,5,22,14,001000100101011111111001101111,1,1,0,0.58,0.8775510191917419,9,4
8,5,22,15,001000100101011111111001101111,1,1,0,0.55,0.7133333086967468,5,3
8,5,22,16,001000100101011111111001101111,1,1,0,0.39,0.7397260069847107,9,3
8,5,22,17,001000100101011111111001101111,1,1,0,0.28,0.13333334028720856,7,4
8,5,22,18,001000100101011111111001101111,1,1,0,0.62,0.4615384638309479,9,4
8,5,22,19,001000100101011111111001101111,1,1,0,0.7,0.375,9,4
8,5,22,20,001000100101011111111001101111,1,1,0,0.74,0.5151515007019043,8,4
8,5,22,23,001000100101011111111001101111,1,1,0,0.74,0.7121211886405945,4,2
8,5,22,24,001000100101011111111001101111,1,1,0,0.31,0.49275362491607666,8,2
8,5,22,26,001000100101011111111001101111,1,1,0,0.84,0.26923078298568726,1,1
8,5,22,27,001000100101011111111001101111,1,1,0,0.69,0.5744680762290955,8,5
8,5,22,28,001000100101011111111001101111,1,1,0,0.3,0.5074626803398132,9,4
8,5,22,29,001000100101011111111001101111,1,1,0,0.37,0.5042017102241516,9,2
8,5,23,1,011000001011111111101001001110,1,1,0,0.7,0.6666666865348816,9,5
8,5,23,2,011000001011111111101001001110,1,1,0,0.61,0.7179487347602844,7,3
8,5,23,8,011000001011111111101001001110,1,1,0,0.7,0.8640000224113464,9,5
8,5,23,10,011000001011111111101001001110,1,1,0,0.42,0.44999998807907104,8,3
8,5,23,11,011000001011111111101001001110,1,1,0,0.75,0.47826087474823,7,5
8,5,23,12,011000001011111111101001001110,1,1,0,0.7,0.7543859481811523,9,5
8,5,23,13,011000001011111111101001001110,1,1,0,0.52,0.44999998807907104,8,4
8,5,23,14,011000001011111111101001001110,1,1,0,0.58,0.8775510191917419,9,4
8,5,23,15,011000001011111111101001001110,1,1,0,0.55,0.7133333086967468,5,3
8,5,23,16,011000001011111111101001001110,1,1,0,0.39,0.7397260069847107,9,3
8,5,23,17,011000001011111111101001001110,1,1,0,0.28,0.13333334028720856,7,4
8,5,23,18,011000001011111111101001001110,1,1,0,0.62,0.4615384638309479,9,4
8,5,23,20,011000001011111111101001001110,1,1,0,0.74,0.5151515007019043,8,4
8,5,23,23,011000001011111111101001001110,1,1,0,0.74,0.7121211886405945,4,2
8,5,23,26,011000001011111111101001001110,1,1,0,0.84,0.26923078298568726,1,1
8,5,23,27,011000001011111111101001001110,1,1,0,0.69,0.5744680762290955,8,5
8,5,23,28,011000001011111111101001001110,1,1,0,0.3,0.5074626803398132,9,4
8,5,24,0,100110100011000001000101111101,1,1,0,0.2,0.515625,7,3
8,5,24,3,100110100011000001000101111101,1,1,0,0.78,0.890625,7,4
8,5,24,4,100110100011000001000101111101,1,1,0,0.42,0.6222222447395325,9,3
8,5,24,6,100110100011000001000101111101,1,1,0,0.49,0.7105262875556946,9,3
8,5,24,10,100110100011000001000101111101,1,1,0,0.42,0.44999998807907104,8,3
8,5,24,11,100110100011000001000101111101,1,1,0,0.75,0.47826087474823,7,5
8,5,24,17,100110100011000001000101111101,1,1,0,0.28,0.13333334028720856,7,4
8,5,24,21,100110100011000001000101111101,1,1,0,0.74,0.6617646813392639,9,4
8,5,24,23,100110100011000001000101111101,1,1,0,0.74,0.7121211886405945,4,2
8,5,24,24,100110100011000001000101111101,1,1,0,0.31,0.49275362491607666,8,2
8,5,24,25,100110100011000001000101111101,1,1,0,0.35,0.4615384638309479,7,5
8,5,24,26,100110100011000001000101111101,1,1,0,0.84,0.26923078298568726,1,1
8,5,24,27,100110100011000001000101111101,1,1,0,0.69,0.5744680762290955,8,5
8,5,24,29,100110100011000001000101111101,1,1,0,0.37,0.5042017102241516,9,2
8,5,25,0,100001001000101101111011110100,1,1,0,0.2,0.515625,7,3
8,5,25,5,100001001000101101111011110100,1,1,0,0.7,0.43103447556495667,8,5
8,5,25,8,100001001000101101111011110100,1,1,0,0.7,0.8640000224113464,9,5
8,5,25,12,100001001000101101111011110100,1,1,0,0.7,0.7543859481811523,9,5
8,5,25,14,100001001000101101111011110100,1,1,0,0.58,0.8775510191917419,9,4
8,5,25,15,100001001000101101111011110100,1,1,0,0.55,0.7133333086967468,5,3
8,5,25,17,100001001000101101111011110100,1,1,0,0.28,0.13333334028720856,7,4
8,5,25,18,100001001000101101111011110100,1,1,0,0.62,0.4615384638309479,9,4
8,5,25,19,100001001000101101111011110100,1,1,0,0.7,0.375,9,4
8,5,25,20,100001001000101101111011110100,1,1,0,0.74,0.5151515007019043,8,4
8,5,25,22,100001001000101101111011110100,1,1,0,0.34,0.6382978558540344,5,2
8,5,25,23,100001001000101101111011110100,1,1,0,0.74,0.7121211886405945,4,2
8,5,25,24,100001001000101101111011110100,1,1,0,0.31,0.49275362491607666,8,2
8,5,25,25,100001001000101101111011110100,1,1,0,0.35,0.4615384638309479,7,5
8,5,25,27,100001001000101101111011110100,1,1,0,0.69,0.5744680762290955,8,5
8,5,26,0,110001001000101101111011110100,1,1,0,0.2,0.515625,7,3
8,5,26,1,110001001000101101111011110100,1,1,0,0.7,0.6666666865348816,9,5
8,5,26,5,110001001000101101111011110100,1,1,0,0.7,0.43103447556495667,8,5
8,5,26,8,110001001000101101111011110100,1,1,0,0.7,0.8640000224113464,9,5
8,5,26,12,110001001000101101111011110100,1,1,0,0.7,0.7543859481811523,9,5
8,5,26,14,110001001000101101111011110100,1,1,0,0.58,0.8775510191917419,9,4
8,5,26,15,110001001000101101111011110100,1,1,0,0.55,0.7133333086967468,5,3
8,5,26,17,110001001000101101111011110100,1,1,0,0.28,0.13333334028720856,7,4
8,5,26,18,110001001000101101111011110100,1,1,0,0.62,0.4615384638309479,9,4
8,5,26,19,110001001000101101111011110100,1,1,0,0.7,0.375,9,4
8,5,26,20,110001001000101101111011110100,1,1,0,0.74,0.5151515007019043,8,4
8,5,26,22,110001001000101101111011110100,1,1,0,0.34,0.6382978558540344,5,2
8,5,26,23,110001001000101101111011110100,1,1,0,0.74,0.7121211886405945,4,2
8,5,26,24,110001001000101101111011110100,1,1,0,0.31,0.49275362491607666,8,2
8,5,26,25,110001001000101101111011110100,1,1,0,0.35,0.4615384638309479,7,5
8,5,26,27,110001001000101101111011110100,1,1,0,0.69,0.5744680762290955,8,5
8,5,27,0,100000101101111101001001001111,1,1,0,0.2,0.515625,7,3
8,5,27,6,100000101101111101001001001111,1,1,0,0.49,0.7105262875556946,9,3
8,5,27,8,100000101101111101001001001111,1,1,0,0.7,0.8640000224113464,9,5
8,5,27,9,100000101101111101001001001111,1,1,0,0.49,0.5288461446762085,1,1
8,5,27,11,100000101101111101001001001111,1,1,0,0.75,0.47826087474823,7,5
8,5,27,12,100000101101111101001001001111,1,1,0,0.7,0.7543859481811523,9,5
8,5,27,13,100000101101111101001001001111,1,1,0,0.52,0.44999998807907104,8,4
8,5,27,14,100000101101111101001001001111,1,1,0,0.58,0.8775510191917419,9,4
8,5,27,15,100000101101111101001001001111,1,1,0,0.55,0.7133333086967468,5,3
8,5,27,17,100000101101111101001001001111,1,1,0,0.28,0.13333334028720856,7,4
8,5,27,20,100000101101111101001001001111,1,1,0,0.74,0.5151515007019043,8,4
8,5,27,23,100000101101111101001001001111,1,1,0,0.74,0.7121211886405945,4,2
8,5,27,26,100000101101111101001001001111,1,1,0,0.84,0.26923078298568726,1,1
8,5,27,27,100000101101111101001001001111,1,1,0,0.69,0.5744680762290955,8,5
8,5,27,28,100000101101111101001001001111,1,1,0,0.3,0.5074626803398132,9,4
8,5,27,29,100000101101111101001001001111,1,1,0,0.37,0.5042017102241516,9,2
8,5,28,0,101110001101110001100100111101,1,1,0,0.2,0.515625,7,3
8,5,28,2,101110001101110001100100111101,1,1,0,0.61,0.7179487347602844,7,3
8,5,28,3,101110001101110001100100111101,1,1,0,0.78,0.890625,7,4
8,5,28,4,101110001101110001100100111101,1,1,0,0.42,0.6222222447395325,9,3
8,5,28,8,101110001101110001100100111101,1,1,0,0.7,0.8640000224113464,9,5
8,5,28,9,101110001101110001100100111101,1,1,0,0.49,0.5288461446762085,1,1
8,5,28,11,101110001101110001100100111101,1,1,0,0.75,0.47826087474823,7,5
8,5,28,12,101110001101110001100100111101,1,1,0,0.7,0.7543859481811523,9,5
8,5,28,13,101110001101110001100100111101,1,1,0,0.52,0.44999998807907104,8,4
8,5,28,17,101110001101110001100100111101,1,1,0,0.28,0.13333334028720856,7,4
8,5,28,18,101110001101110001100100111101,1,1,0,0.62,0.4615384638309479,9,4
8,5,28,21,101110001101110001100100111101,1,1,0,0.74,0.6617646813392639,9,4
8,5,28,24,101110001101110001100100111101,1,1,0,0.31,0.49275362491607666,8,2
8,5,28,25,101110001101110001100100111101,1,1,0,0.35,0.4615384638309479,7,5
8,5,28,26,101110001101110001100100111101,1,1,0,0.84,0.26923078298568726,1,1
8,5,28,27,101110001101110001100100111101,1,1,0,0.69,0.5744680762290955,8,5
8,5,28,29,101110001101110001100100111101,1,1,0,0.37,0.5042017102241516,9,2
8,5,29,0,101001000011000011001101100101,1,1,0,0.2,0.515625,7,3
8,5,29,2,101001000011000011001101100101,1,1,0,0.61,0.7179487347602844,7,3
8,5,29,5,101001000011000011001101100101,1,1,0,0.7,0.43103447556495667,8,5
8,5,29,10,101001000011000011001101100101,1,1,0,0.42,0.44999998807907104,8,3
8,5,29,11,101001000011000011001101100101,1,1,0,0.75,0.47826087474823,7,5
8,5,29,16,101001000011000011001101100101,1,1,0,0.39,0.7397260069847107,9,3
8,5,29,17,101001000011000011001101100101,1,1,0,0.28,0.13333334028720856,7,4
8,5,29,20,101001000011000011001101100101,1,1,0,0.74,0.5151515007019043,8,4
8,5,29,21,101001000011000011001101100101,1,1,0,0.74,0.6617646813392639,9,4
8,5,29,23,101001000011000011001101100101,1,1,0,0.74,0.7121211886405945,4,2
8,5,29,24,101001000011000011001101100101,1,1,0,0.31,0.49275362491607666,8,2
8,5,29,27,101001000011000011001101100101,1,1,0,0.69,0.5744680762290955,8,5
8,5,29,29,101001000011000011001101100101,1,1,0,0.37,0.5042017102241516,9,2
9,1,0,0,110001001000101101111011110100,1,1,0,0.25,0.0625,7,3
9,1,0,1,110001001000101101111011110100,1,1,0,0.6,0.5,10,6
9,1,0,5,110001001000101101111011110100,1,1,0,0.6,0.4137931168079376,10,6
9,1,0,8,110001001000101101111011110100,1,1,0,0.75,0.800000011920929,9,5
9,1,0,12,110001001000101101111011110100,1,1,0,0.6,0.7368420958518982,10,6
9,1,0,14,110001001000101101111011110100,1,1,0,0.48,0.8571428656578064,10,5
9,1,0,15,110001001000101101111011110100,1,1,0,0.6,0.6066666841506958,5,3
9,1,0,17,110001001000101101111011110100,1,1,0,0.33,0.1666666716337204,7,4
9,1,0,18,110001001000101101111011110100,1,1,0,0.67,0.692307710647583,9,4
9,1,0,19,110001001000101101111011110100,1,1,0,0.6,0.2777777910232544,10,5
9,1,0,20,110001001000101101111011110100,1,1,0,0.64,0.5757575631141663,10,5
9,1,0,22,110001001000101101111011110100,1,1,0,0.39,0.6808510422706604,5,2
9,1,0,23,110001001000101101111011110100,1,1,0,0.79,0.6969696879386902,4,2
9,1,0,24,110001001000101101111011110100,1,1,0,0.36,0.5942028760910034,8,2
9,1,0,25,110001001000101101111011110100,1,1,0,0.4,0.38461539149284363,7,5
9,1,0,27,110001001000101101111011110100,1,1,0,0.59,0.7872340679168701,10,6
9,1,1,0,110110000001101101000001101000,1,1,0,0.25,0.0625,7,3
9,1,1,1,110110000001101101000001101000,1,1,0,0.6,0.5,10,6
9,1,1,3,110110000001101101000001101000,1,1,0,0.83,0.859375,7,4
9,1,1,4,110110000001101101000001101000,1,1,0,0.47,0.5777778029441833,9,3
9,1,1,11,110110000001101101000001101000,1,1,0,0.65,0.43478259444236755,10,6
9,1,1,12,110110000001101101000001101000,1,1,0,0.6,0.7368420958518982,10,6
9,1,1,14,110110000001101101000001101000,1,1,0,0.48,0.8571428656578064,10,5
9,1,1,15,110110000001101101000001101000,1,1,0,0.6,0.6066666841506958,5,3
9,1,1,17,110110000001101101000001101000,1,1,0,0.33,0.1666666716337204,7,4
9,1,1,23,110110000001101101000001101000,1,1,0,0.79,0.6969696879386902,4,2
9,1,1,24,110110000001101101000001101000,1,1,0,0.36,0.5942028760910034,8,2
9,1,1,26,110110000001101101000001101000,1,1,0,0.89,0.20192307233810425,1,1
9,1,2,0,101011001010010010001100100001,1,1,0,0.25,0.0625,7,3
9,1,2,2,101011001010010010001100100001,1,1,0,0.51,0.8717948794364929,10,4
9,1,2,4,101011001010010010001100100001,1,1,0,0.47,0.5777778029441833,9,3
9,1,2,5,101011001010010010001100100001,1,1,0,0.6,0.4137931168079376,10,6
9,1,2,8,101011001010010010001100100001,1,1,0,0.75,0.800000011920929,9,5
9,1,2,10,101011001010010010001100100001,1,1,0,0.32,0.5249999761581421,10,4
9,1,2,13,101011001010010010001100100001,1,1,0,0.57,0.49000000953674316,8,4
9,1,2,16,101011001010010010001100100001,1,1,0,0.44,0.6027397513389587,9,3
9,1,2,20,101011001010010010001100100001,1,1,0,0.64,0.5757575631141663,10,5
9,1,2,21,101011001010010010001100100001,1,1,0,0.64,0.529411792755127,10,5
9,1,2,24,101011001010010010001100100001,1,1,0,0.36,0.5942028760910034,8,2
9,1,2,29,101011001010010010001100100001,1,1,0,0.42,0.3193277418613434,9,2
9,1,3,0,111100001100010101000111111001,1,1,0,0.25,0.0625,7,3
9,1,3,1,111100001100010101000111111001,1,1,0,0.6,0.5,10,6
9,1,3,2,111100001100010101000111111001,1,1,0,0.51,0.8717948794364929,10,4
9,1,3,3,111100001100010101000111111001,1,1,0,0.83,0.859375,7,4
9,1,3,8,111100001100010101000111111001,1,1,0,0.75,0.800000011920929,9,5
9,1,3,9,111100001100010101000111111001,1,1,0,0.54,0.6442307829856873,1,1
9,1,3,13,111100001100010101000111111001,1,1,0,0.57,0.49000000953674316,8,4
9,1,3,15,111100001100010101000111111001,1,1,0,0.6,0.6066666841506958,5,3
9,1,3,17,111100001100010101000111111001,1,1,0,0.33,0.1666666716337204,7,4
9,1,3,21,111100001100010101000111111001,1,1,0,0.64,0.529411792755127,10,5
9,1,3,22,111100001100010101000111111001,1,1,0,0.39,0.6808510422706604,5,2
9,1,3,23,111100001100010101000111111001,1,1,0,0.79,0.6969696879386902,4,2
9,1,3,24,111100001100010101000111111001,1,1,0,0.36,0.5942028760910034,8,2
9,1,3,25,111100001100010101000111111001,1,1,0,0.4,0.38461539149284363,7,5
9,1,3,26,111100001100010101000111111001,1,1,0,0.89,0.20192307233810425,1,1
9,1,3,29,111100001100010101000111111001,1,1,0,0.42,0.3193277418613434,9,2
9,1,4,1,010110100011000011000000110000,1,1,0,0.6,0.5,10,6
9,1,4,3,010110100011000011000000110000,1,1,0,0.83,0.859375,7,4
9,1,4,4,010110100011000011000000110000,1,1,0,0.47,0.5777778029441833,9,3
9,1,4,6,010110100011000011000000110000,1,1,0,0.54,0.5789473652839661,9,3
9,1,4,10,010110100011000011000000110000,1,1,0,0.32,0.5249999761581421,10,4
9,1,4,11,010110100011000011000000110000,1,1,0,0.65,0.43478259444236755,10,6
9,1,4,16,010110100011000011000000110000,1,1,0,0.44,0.6027397513389587,9,3
9,1,4,17,010110100011000011000000110000,1,1,0,0.33,0.1666666716337204,7,4
9,1,4,24,010110100011000011000000110000,1,1,0,0.36,0.5942028760910034,8,2
9,1,4,25,010110100011000011000000110000,1,1,0,0.4,0.38461539149284363,7,5
9,1,5,0,110100111000011000000001111101,1,1,0,0.25,0.0625,7,3
9,1,5,1,110100111000011000000001111101,1,1,0,0.6,0.5,10,6
9,1,5,3,110100111000011000000001111101,1,1,0,0.83,0.859375,7,4
9,1,5,6,110100111000011000000001111101,1,1,0,0.54,0.5789473652839661,9,3
9,1,5,7,110100111000011000000001111101,1,1,0,0.46,0.5648148059844971,1,1
9,1,5,8,110100111000011000000001111101,1,1,0,0.75,0.800000011920929,9,5
9,1,5,13,110100111000011000000001111101,1,1,0,0.57,0.49000000953674316,8,4
9,1,5,14,110100111000011000000001111101,1,1,0,0.48,0.8571428656578064,10,5
9,1,5,23,110100111000011000000001111101,1,1,0,0.79,0.6969696879386902,4,2
9,1,5,24,110100111000011000000001111101,1,1,0,0.36,0.5942028760910034,8,2
9,1,5,25,110100111000011000000001111101,1,1,0,0.4,0.38461539149284363,7,5
9,1,5,26,110100111000011000000001111101,1,1,0,0.89,0.20192307233810425,1,1
9,1,5,27,110100111000011000000001111101,1,1,0,0.59,0.7872340679168701,10,6
9,1,5,29,110100111000011000000001111101,1,1,0,0.42,0.3193277418613434,9,2
9,1,6,0,111111101011110101010101000011,1,1,0,0.25,0.0625,7,3
9,1,6,1,111111101011110101010101000011,1,1,0,0.6,0.5,10,6
9,1,6,2,111111101011110101010101000011,1,1,0,0.51,0.8717948794364929,10,4
9,1,6,3,111111101011110101010101000011,1,1,0,0.83,0.859375,7,4
9,1,6,4,111111101011110101010101000011,1,1,0,0.47,0.5777778029441833,9,3
9,1,6,5,111111101011110101010101000011,1,1,0,0.6,0.4137931168079376,10,6
9,1,6,6,111111101011110101010101000011,1,1,0,0.54,0.5789473652839661,9,3
9,1,6,8,111111101011110101010101000011,1,1,0,0.75,0.800000011920929,9,5
9,1,6,10,111111101011110101010101000011,1,1,0,0.32,0.5249999761581421,10,4
9,1,6,11,111111101011110101010101000011,1,1,0,0.65,0.43478259444236755,10,6
9,1,6,12,111111101011110101010101000011,1,1,0,0.6,0.7368420958518982,10,6
9,1,6,13,111111101011110101010101000011,1,1,0,0.57,0.49000000953674316,8,4
9,1,6,15,111111101011110101010101000011,1,1,0,0.6,0.6066666841506958,5,3
9,1,6,17,111111101011110101010101000011,1,1,0,0.33,0.1666666716337204,7,4
9,1,6,19,111111101011110101010101000011,1,1,0,0.6,0.2777777910232544,10,5
9,1,6,21,111111101011110101010101000011,1,1,0,0.64,0.529411792755127,10,5
9,1,6,23,111111101011110101010101000011,1,1,0,0.79,0.6969696879386902,4,2
9,1,6,28,111111101011110101010101000011,1,1,0,0.35,0.49253731966018677,9,4
9,1,6,29,111111101011110101010101000011,1,1,0,0.42,0.3193277418613434,9,2
9,1,7,0,101111010110011100011001001001,1,1,0,0.25,0.0625,7,3
9,1,7,2,101111010110011100011001001001,1,1,0,0.51,0.8717948794364929,10,4
9,1,7,3,101111010110011100011001001001,1,1,0,0.83,0.859375,7,4
9,1,7,4,101111010110011100011001001001,1,1,0,0.47,0.5777778029441833,9,3
9,1,7,5,101111010110011100011001001001,1,1,0,0.6,0.4137931168079376,10,6
9,1,7,7,101111010110011100011001001001,1,1,0,0.46,0.5648148059844971,1,1
9,1,7,9,101111010110011100011001001001,1,1,0,0.54,0.6442307829856873,1,1
9,1,7,10,101111010110011100011001001001,1,1,0,0.32,0.5249999761581421,10,4
9,1,7,13,101111010110011100011001001001,1,1,0,0.57,0.49000000953674316,8,4
9,1,7,14,101111010110011100011001001001,1,1,0,0.48,0.8571428656578064,10,5
9,1,7,15,101111010110011100011001001001,1,1,0,0.6,0.6066666841506958,5,3
9,1,7,19,101111010110011100011001001001,1,1,0,0.6,0.2777777910232544,10,5
9,1,7,20,101111010110011100011001001001,1,1,0,0.64,0.5757575631141663,10,5
9,1,7,23,101111010110011100011001001001,1,1,0,0.79,0.6969696879386902,4,2
9,1,7,26,101111010110011100011001001001,1,1,0,0.89,0.20192307233810425,1,1
9,1,7,29,101111010110011100011001001001,1,1,0,0.42,0.3193277418613434,9,2
9,1,8,0,100000100101010101101001111111,1,1,0,0.25,0.0625,7,3
9,1,8,6,100000100101010101101001111111,1,1,0,0.54,0.5789473652839661,9,3
9,1,8,9,100000100101010101101001111111,1,1,0,0.54,0.6442307829856873,1,1
9,1,8,11,100000100101010101101001111111,1,1,0,0.65,0.43478259444236755,10,6
9,1,8,13,100000100101010101101001111111,1,1,0,0.57,0.49000000953674316,8,4
9,1,8,15,100000100101010101101001111111,1,1,0,0.6,0.6066666841506958,5,3
9,1,8,17,100000100101010101101001111111,1,1,0,0.33,0.1666666716337204,7,4
9,1,8,18,100000100101010101101001111111,1,1,0,0.67,0.692307710647583,9,4
9,1,8,20,100000100101010101101001111111,1,1,0,0.64,0.5757575631141663,10,5
9,1,8,23,100000100101010101101001111111,1,1,0,0.79,0.6969696879386902,4,2
9,1,8,24,100000100101010101101001111111,1,1,0,0.36,0.5942028760910034,8,2
9,1,8,25,100000100101010101101001111111,1,1,0,0.4,0.38461539149284363,7,5
9,1,8,26,100000100101010101101001111111,1,1,0,0.89,0.20192307233810425,1,1
9,1,8,27,100000100101010101101001111111,1,1,0,0.59,0.7872340679168701,10,6
9,1,8,28,100000100101010101101001111111,1,1,0,0.35,0.49253731966018677,9,4
9,1,8,29,100000100101010101101001111111,1,1,0,0.42,0.3193277418613434,9,2
9,1,9,0,100111100111011101101110010101,1,1,0,0.25,0.0625,7,3
9,1,9,3,100111100111011101101110010101,1,1,0,0.83,0.859375,7,4
9,1,9,4,100111100111011101101110010101,1,1,0,0.47,0.5777778029441833,9,3
9,1,9,5,100111100111011101101110010101,1,1,0,0.6,0.4137931168079376,10,6
9,1,9,6,100111100111011101101110010101,1,1,0,0.54,0.5789473652839661,9,3
9,1,9,9,100111100111011101101110010101,1,1,0,0.54,0.6442307829856873,1,1
9,1,9,10,100111100111011101101110010101,1,1,0,0.32,0.5249999761581421,10,4
9,1,9,11,100111100111011101101110010101,1,1,0,0.65,0.43478259444236755,10,6
9,1,9,13,100111100111011101101110010101,1,1,0,0.57,0.49000000953674316,8,4
9,1,9,14,100111100111011101101110010101,1,1,0,0.48,0.8571428656578064,10,5
9,1,9,15,100111100111011101101110010101,1,1,0,0.6,0.6066666841506958,5,3
9,1,9,17,100111100111011101101110010101,1,1,0,0.33,0.1666666716337204,7,4
9,1,9,18,100111100111011101101110010101,1,1,0,0.67,0.692307710647583,9,4
9,1,9,20,100111100111011101101110010101,1,1,0,0.64,0.5757575631141663,10,5
9,1,9,21,100111100111011101101110010101,1,1,0,0.64,0.529411792755127,10,5
9,1,9,22,100111100111011101101110010101,1,1,0,0.39,0.6808510422706604,5,2
9,1,9,25,100111100111011101101110010101,1,1,0,0.4,0.38461539149284363,7,5
9,1,9,27,100111100111011101101110010101,1,1,0,0.59,0.7872340679168701,10,6
9,1,9,29,100111100111011101101110010101,1,1,0,0.42,0.3193277418613434,9,2
9,1,10,0,110010101010111100000001011111,1,1,0,0.25,0.0625,7,3
9,1,10,1,110010101010111100000001011111,1,1,0,0.6,0.5,10,6
9,1,10,4,110010101010111100000001011111,1,1,0,0.47,0.5777778029441833,9,3
9,1,10,6,110010101010111100000001011111,1,1,0,0.54,0.5789473652839661,9,3
9,1,10,8,110010101010111100000001011111,1,1,0,0.75,0.800000011920929,9,5
9,1,10,10,110010101010111100000001011111,1,1,0,0.32,0.5249999761581421,10,4
9,1,10,12,110010101010111100000001011111,1,1,0,0.6,0.7368420958518982,10,6
9,1,10,13,110010101010111100000001011111,1,1,0,0.57,0.49000000953674316,8,4
9,1,10,14,110010101010111100000001011111,1,1,0,0.48,0.8571428656578064,10,5
9,1,10,15,110010101010111100000001011111,1,1,0,0.6,0.6066666841506958,5,3
9,1,10,23,110010101010111100000001011111,1,1,0,0.79,0.6969696879386902,4,2
9,1,10,25,110010101010111100000001011111,1,1,0,0.4,0.38461539149284363,7,5
9,1,10,26,110010101010111100000001011111,1,1,0,0.89,0.20192307233810425,1,1
9,1,10,27,110010101010111100000001011111,1,1,0,0.59,0.7872340679168701,10,6
9,1,10,28,110010101010111100000001011111,1,1,0,0.35,0.49253731966018677,9,4
9,1,10,29,110010101010111100000001011111,1,1,0,0.42,0.3193277418613434,9,2
9,1,11,0,101001001011101010100100101001,1,1,0,0.25,0.0625,7,3
9,1,11,2,101001001011101010100100101001,1,1,0,0.51,0.8717948794364929,10,4
9,1,11,5,101001001011101010100100101001,1,1,0,0.6,0.4137931168079376,10,6
9,1,11,8,101001001011101010100100101001,1,1,0,0.75,0.800000011920929,9,5
9,1,11,10,101001001011101010100100101001,1,1,0,0.32,0.5249999761581421,10,4
9,1,11,11,101001001011101010100100101001,1,1,0,0.65,0.43478259444236755,10,6
9,1,11,12,101001001011101010100100101001,1,1,0,0.6,0.7368420958518982,10,6
9,1,11,14,101001001011101010100100101001,1,1,0,0.48,0.8571428656578064,10,5
9,1,11,16,101001001011101010100100101001,1,1,0,0.44,0.6027397513389587,9,3
9,1,11,18,101001001011101010100100101001,1,1,0,0.67,0.692307710647583,9,4
9,1,11,21,101001001011101010100100101001,1,1,0,0.64,0.529411792755127,10,5
9,1,11,24,101001001011101010100100101001,1,1,0,0.36,0.5942028760910034,8,2
9,1,11,26,101001001011101010100100101001,1,1,0,0.89,0.20192307233810425,1,1
9,1,11,29,101001001011101010100100101001,1,1,0,0.42,0.3193277418613434,9,2
9,1,12,0,110101110001011111000011001111,1,1,0,0.25,0.0625,7,3
9,1,12,1,110101110001011111000011001111,1,1,0,0.6,0.5,10,6
9,1,12,3,110101110001011111000011001111,1,1,0,0.83,0.859375,7,4
9,1,12,5,110101110001011111000011001111,1,1,0,0.6,0.4137931168079376,10,6
9,1,12,6,110101110001011111000011001111,1,1,0,0.54,0.5789473652839661,9,3
9,1,12,7,110101110001011111000011001111,1,1,0,0.46,0.5648148059844971,1,1
9,1,12,11,110101110001011111000011001111,1,1,0,0.65,0.43478259444236755,10,6
9,1,12,13,110101110001011111000011001111,1,1,0,0.57,0.49000000953674316,8,4
9,1,12,14,110101110001011111000011001111,1,1,0,0.48,0.8571428656578064,10,5
9,1,12,15,110101110001011111000011001111,1,1,0,0.6,0.6066666841506958,5,3
9,1,12,16,110101110001011111000011001111,1,1,0,0.44,0.6027397513389587,9,3
9,1,12,17,110101110001011111000011001111,1,1,0,0.33,0.1666666716337204,7,4
9,1,12,22,110101110001011111000011001111,1,1,0,0.39,0.6808510422706604,5,2
9,1,12,23,110101110001011111000011001111,1,1,0,0.79,0.6969696879386902,4,2
9,1,12,26,110101110001011111000011001111,1,1,0,0.89,0.20192307233810425,1,1
9,1,12,27,110101110001011111000011001111,1,1,0,0.59,0.7872340679168701,10,6
9,1,12,28,110101110001011111000011001111,1,1,0,0.35,0.49253731966018677,9,4
9,1,12,29,110101110001011111000011001111,1,1,0,0.42,0.3193277418613434,9,2
9,1,13,0,111101110011010101011111010001,1,1,0,0.25,0.0625,7,3
9,1,13,1,111101110011010101011111010001,1,1,0,0.6,0.5,10,6
9,1,13,2,111101110011010101011111010001,1,1,0,0.51,0.8717948794364929,10,4
9,1,13,3,111101110011010101011111010001,1,1,0,0.83,0.859375,7,4
9,1,13,5,111101110011010101011111010001,1,1,0,0.6,0.4137931168079376,10,6
9,1,13,6,111101110011010101011111010001,1,1,0,0.54,0.5789473652839661,9,3
9,1,13,7,111101110011010101011111010001,1,1,0,0.46,0.5648148059844971,1,1
9,1,13,10,111101110011010101011111010001,1,1,0,0.32,0.5249999761581421,10,4
9,1,13,11,111101110011010101011111010001,1,1,0,0.65,0.43478259444236755,10,6
9,1,13,13,111101110011010101011111010001,1,1,0,0.57,0.49000000953674316,8,4
9,1,13,15,111101110011010101011111010001,1,1,0,0.6,0.6066666841506958,5,3
9,1,13,17,111101110011010101011111010001,1,1,0,0.33,0.1666666716337204,7,4
9,1,13,19,111101110011010101011111010001,1,1,0,0.6,0.2777777910232544,10,5
9,1,13,20,111101110011010101011111010001,1,1,0,0.64,0.5757575631141663,10,5
9,1,13,21,111101110011010101011111010001,1,1,0,0.64,0.529411792755127,10,5
9,1,13,22,111101110011010101011111010001,1,1,0,0.39,0.6808510422706604,5,2
9,1,13,23,111101110011010101011111010001,1,1,0,0.79,0.6969696879386902,4,2
9,1,13,25,111101110011010101011111010001,1,1,0,0.4,0.38461539149284363,7,5
9,1,13,29,111101110011010101011111010001,1,1,0,0.42,0.3193277418613434,9,2
9,2,0,0,110001001000101101111011110100,1,1,0,0.25,0.0625,7,3
9,2,0,1,110001001000101101111011110100,1,1,0,0.6,0.5,10,6
9,2,0,5,110001001000101101111011110100,1,1,0,0.6,0.4137931168079376,10,6
9,2,0,8,110001001000101101111011110100,1,1,0,0.75,0.800000011920929,9,5
9,2,0,12,110001001000101101111011110100,1,1,0,0.6,0.7368420958518982,10,6
9,2,0,14,110001001000101101111011110100,1,1,0,0.48,0.8571428656578064,10,5
9,2,0,15,110001001000101101111011110100,1,1,0,0.6,0.6066666841506958,5,3
9,2,0,17,110001001000101101111011110100,1,1,0,0.33,0.1666666716337204,7,4
9,2,0,18,110001001000101101111011110100,1,1,0,0.67,0.692307710647583,9,4
9,2,0,19,110001001000101101111011110100,1,1,0,0.6,0.2777777910232544,10,5
9,2,0,20,110001001000101101111011110100,1,1,0,0.64,0.5757575631141663,10,5
9,2,0,22,110001001000101101111011110100,1,1,0,0.39,0.6808510422706604,5,2
9,2,0,23,110001001000101101111011110100,1,1,0,0.79,0.6969696879386902,4,2
9,2,0,24,110001001000101101111011110100,1,1,0,0.36,0.5942028760910034,8,2
9,2,0,25,110001001000101101111011110100,1,1,0,0.4,0.38461539149284363,7,5
9,2,0,27,110001001000101101111011110100,1,1,0,0.59,0.7872340679168701,10,6
9,2,1,0,110110000001101101000001101000,1,1,0,0.25,0.0625,7,3
9,2,1,1,110110000001101101000001101000,1,1,0,0.6,0.5,10,6
9,2,1,3,110110000001101101000001101000,1,1,0,0.83,0.859375,7,4
9,2,1,4,110110000001101101000001101000,1,1,0,0.47,0.5777778029441833,9,3
9,2,1,11,110110000001101101000001101000,1,1,0,0.65,0.43478259444236755,10,6
9,2,1,12,110110000001101101000001101000,1,1,0,0.6,0.7368420958518982,10,6
9,2,1,14,110110000001101101000001101000,1,1,0,0.48,0.8571428656578064,10,5
9,2,1,15,110110000001101101000001101000,1,1,0,0.6,0.6066666841506958,5,3
9,2,1,17,110110000001101101000001101000,1,1,0,0.33,0.1666666716337204,7,4
9,2,1,23,110110000001101101000001101000,1,1,0,0.79,0.6969696879386902,4,2
9,2,1,24,110110000001101101000001101000,1,1,0,0.36,0.5942028760910034,8,2
9,2,1,26,110110000001101101000001101000,1,1,0,0.89,0.20192307233810425,1,1
9,2,2,0,111100001100010101000111111001,1,1,0,0.25,0.0625,7,3
9,2,2,1,111100001100010101000111111001,1,1,0,0.6,0.5,10,6
9,2,2,2,111100001100010101000111111001,1,1,0,0.51,0.8717948794364929,10,4
9,2,2,3,111100001100010101000111111001,1,1,0,0.83,0.859375,7,4
9,2,2,8,111100001100010101000111111001,1,1,0,0.75,0.800000011920929,9,5
9,2,2,9,111100001100010101000111111001,1,1,0,0.54,0.6442307829856873,1,1
9,2,2,13,111100001100010101000111111001,1,1,0,0.57,0.49000000953674316,8,4
9,2,2,15,111100001100010101000111111001,1,1,0,0.6,0.6066666841506958,5,3
9,2,2,17,111100001100010101000111111001,1,1,0,0.33,0.1666666716337204,7,4
9,2,2,21,111100001100010101000111111001,1,1,0,0.64,0.529411792755127,10,5
9,2,2,22,111100001100010101000111111001,1,1,0,0.39,0.6808510422706604,5,2
9,2,2,23,111100001100010101000111111001,1,1,0,0.79,0.6969696879386902,4,2
9,2,2,24,111100001100010101000111111001,1,1,0,0.36,0.5942028760910034,8,2
9,2,2,25,111100001100010101000111111001,1,1,0,0.4,0.38461539149284363,7,5
9,2,2,26,111100001100010101000111111001,1,1,0,0.89,0.20192307233810425,1,1
9,2,2,29,111100001100010101000111111001,1,1,0,0.42,0.3193277418613434,9,2
9,2,3,0,110100111000011000000001111101,1,1,0,0.25,0.0625,7,3
9,2,3,1,110100111000011000000001111101,1,1,0,0.6,0.5,10,6
9,2,3,3,110100111000011000000001111101,1,1,0,0.83,0.859375,7,4
9,2,3,6,110100111000011000000001111101,1,1,0,0.54,0.5789473652839661,9,3
9,2,3,7,110100111000011000000001111101,1,1,0,0.46,0.5648148059844971,1,1
9,2,3,8,110100111000011000000001111101,1,1,0,0.75,0.800000011920929,9,5
9,2,3,13,110100111000011000000001111101,1,1,0,0.57,0.49000000953674316,8,4
9,2,3,14,110100111000011000000001111101,1,1,0,0.48,0.8571428656578064,10,5
9,2,3,23,110100111000011000000001111101,1,1,0,0.79,0.6969696879386902,4,2
9,2,3,24,110100111000011000000001111101,1,1,0,0.36,0.5942028760910034,8,2
9,2,3,25,110100111000011000000001111101,1,1,0,0.4,0.38461539149284363,7,5
9,2,3,26,110100111000011000000001111101,1,1,0,0.89,0.20192307233810425,1,1
9,2,3,27,110100111000011000000001111101,1,1,0,0.59,0.7872340679168701,10,6
9,2,3,29,110100111000011000000001111101,1,1,0,0.42,0.3193277418613434,9,2
9,2,4,0,111111101011110101010101000011,1,1,0,0.25,0.0625,7,3
9,2,4,1,111111101011110101010101000011,1,1,0,0.6,0.5,10,6
9,2,4,2,111111101011110101010101000011,1,1,0,0.51,0.8717948794364929,10,4
9,2,4,3,111111101011110101010101000011,1,1,0,0.83,0.859375,7,4
9,2,4,4,111111101011110101010101000011,1,1,0,0.47,0.5777778029441833,9,3
9,2,4,5,111111101011110101010101000011,1,1,0,0.6,0.4137931168079376,10,6
9,2,4,6,111111101011110101010101000011,1,1,0,0.54,0.5789473652839661,9,3
9,2,4,8,111111101011110101010101000011,1,1,0,0.75,0.800000011920929,9,5
9,2,4,10,111111101011110101010101000011,1,1,0,0.32,0.5249999761581421,10,4
9,2,4,11,111111101011110101010101000011,1,1,0,0.65,0.43478259444236755,10,6
9,2,4,12,111111101011110101010101000011,1,1,0,0.6,0.7368420958518982,10,6
9,2,4,13,111111101011110101010101000011,1,1,0,0.57,0.49000000953674316,8,4
9,2,4,15,111111101011110101010101000011,1,1,0,0.6,0.6066666841506958,5,3
9,2,4,17,111111101011110101010101000011,1,1,0,0.33,0.1666666716337204,7,4
9,2,4,19,111111101011110101010101000011,1,1,0,0.6,0.2777777910232544,10,5
9,2,4,21,111111101011110101010101000011,1,1,0,0.64,0.529411792755127,10,5
9,2,4,23,111111101011110101010101000011,1,1,0,0.79,0.6969696879386902,4,2
9,2,4,28,111111101011110101010101000011,1,1,0,0.35,0.49253731966018677,9,4
9,2,4,29,111111101011110101010101000011,1,1,0,0.42,0.3193277418613434,9,2
9,2,5,0,100000100101010101101001111111,1,1,0,0.25,0.0625,7,3
9,2,5,6,100000100101010101101001111111,1,1,0,0.54,0.5789473652839661,9,3
9,2,5,9,100000100101010101101001111111,1,1,0,0.54,0.6442307829856873,1,1
9,2,5,11,100000100101010101101001111111,1,1,0,0.65,0.43478259444236755,10,6
9,2,5,13,100000100101010101101001111111,1,1,0,0.57,0.49000000953674316,8,4
9,2,5,15,100000100101010101101001111111,1,1,0,0.6,0.6066666841506958,5,3
9,2,5,17,100000100101010101101001111111,1,1,0,0.33,0.1666666716337204,7,4
9,2,5,18,100000100101010101101001111111,1,1,0,0.67,0.692307710647583,9,4
9,2,5,20,100000100101010101101001111111,1,1,0,0.64,0.5757575631141663,10,5
9,2,5,23,100000100101010101101001111111,1,1,0,0.79,0.6969696879386902,4,2
9,2,5,24,100000100101010101101001111111,1,1,0,0.36,0.5942028760910034,8,2
9,2,5,25,100000100101010101101001111111,1,1,0,0.4,0.38461539149284363,7,5
9,2,5,26,100000100101010101101001111111,1,1,0,0.89,0.20192307233810425,1,1
9,2,5,27,100000100101010101101001111111,1,1,0,0.59,0.7872340679168701,10,6
9,2,5,28,100000100101010101101001111111,1,1,0,0.35,0.49253731966018677,9,4
9,2,5,29,100000100101010101101001111111,1,1,0,0.42,0.3193277418613434,9,2
9,2,6,0,111101110011010101011111010001,1,1,0,0.25,0.0625,7,3
9,2,6,1,111101110011010101011111010001,1,1,0,0.6,0.5,10,6
9,2,6,2,111101110011010101011111010001,1,1,0,0.51,0.8717948794364929,10,4
9,2,6,3,111101110011010101011111010001,1,1,0,0.83,0.859375,7,4
9,2,6,5,111101110011010101011111010001,1,1,0,0.6,0.4137931168079376,10,6
9,2,6,6,111101110011010101011111010001,1,1,0,0.54,0.5789473652839661,9,3
9,2,6,7,111101110011010101011111010001,1,1,0,0.46,0.5648148059844971,1,1
9,2,6,10,111101110011010101011111010001,1,1,0,0.32,0.5249999761581421,10,4
9,2,6,11,111101110011010101011111010001,1,1,0,0.65,0.43478259444236755,10,6
9,2,6,13,111101110011010101011111010001,1,1,0,0.57,0.49000000953674316,8,4
9,2,6,15,111101110011010101011111010001,1,1,0,0.6,0.6066666841506958,5,3
9,2,6,17,111101110011010101011111010001,1,1,0,0.33,0.1666666716337204,7,4
9,2,6,19,111101110011010101011111010001,1,1,0,0.6,0.2777777910232544,10,5
9,2,6,20,111101110011010101011111010001,1,1,0,0.64,0.5757575631141663,10,5
9,2,6,21,111101110011010101011111010001,1,1,0,0.64,0.529411792755127,10,5
9,2,6,22,111101110011010101011111010001,1,1,0,0.39,0.6808510422706604,5,2
9,2,6,23,111101110011010101011111010001,1,1,0,0.79,0.6969696879386902,4,2
9,2,6,25,111101110011010101011111010001,1,1,0,0.4,0.38461539149284363,7,5
9,2,6,29,111101110011010101011111010001,1,1,0,0.42,0.3193277418613434,9,2
9,2,7,0,111100001000010011000111111001,1,1,0,0.25,0.0625,7,3
9,2,7,1,111100001000010011000111111001,1,1,0,0.6,0.5,10,6
9,2,7,2,111100001000010011000111111001,1,1,0,0.51,0.8717948794364929,10,4
9,2,7,3,111100001000010011000111111001,1,1,0,0.83,0.859375,7,4
9,2,7,8,111100001000010011000111111001,1,1,0,0.75,0.800000011920929,9,5
9,2,7,13,111100001000010011000111111001,1,1,0,0.57,0.49000000953674316,8,4
9,2,7,16,111100001000010011000111111001,1,1,0,0.44,0.6027397513389587,9,3
9,2,7,17,111100001000010011000111111001,1,1,0,0.33,0.1666666716337204,7,4
9,2,7,21,111100001000010011000111111001,1,1,0,0.64,0.529411792755127,10,5
9,2,7,22,111100001000010011000111111001,1,1,0,0.39,0.6808510422706604,5,2
9,2,7,23,111100001000010011000111111001,1,1,0,0.79,0.6969696879386902,4,2
9,2,7,24,111100001000010011000111111001,1,1,0,0.36,0.5942028760910034,8,2
9,2,7,25,111100001000010011000111111001,1,1,0,0.4,0.38461539149284363,7,5
9,2,7,26,111100001000010011000111111001,1,1,0,0.89,0.20192307233810425,1,1
9,2,7,29,111100001000010011000111111001,1,1,0,0.42,0.3193277418613434,9,2
9,2,8,0,100000100111010101101001111111,1,1,0,0.25,0.0625,7,3
9,2,8,6,100000100111010101101001111111,1,1,0,0.54,0.5789473652839661,9,3
9,2,8,9,100000100111010101101001111111,1,1,0,0.54,0.6442307829856873,1,1
9,2,8,10,100000100111010101101001111111,1,1,0,0.32,0.5249999761581421,10,4
9,2,8,11,100000100111010101101001111111,1,1,0,0.65,0.43478259444236755,10,6
9,2,8,13,100000100111010101101001111111,1,1,0,0.57,0.49000000953674316,8,4
9,2,8,15,100000100111010101101001111111,1,1,0,0.6,0.6066666841506958,5,3
9,2,8,17,100000100111010101101001111111,1,1,0,0.33,0.1666666716337204,7,4
9,2,8,18,100000100111010101101001111111,1,1,0,0.67,0.692307710647583,9,4
9,2,8,20,100000100111010101101001111111,1,1,0,0.64,0.5757575631141663,10,5
9,2,8,23,100000100111010101101001111111,1,1,0,0.79,0.6969696879386902,4,2
9,2,8,24,100000100111010101101001111111,1,1,0,0.36,0.5942028760910034,8,2
9,2,8,25,100000100111010101101001111111,1,1,0,0.4,0.38461539149284363,7,5
9,2,8,26,100000100111010101101001111111,1,1,0,0.89,0.20192307233810425,1,1
9,2,8,27,100000100111010101101001111111,1,1,0,0.59,0.7872340679168701,10,6
9,2,8,28,100000100111010101101001111111,1,1,0,0.35,0.49253731966018677,9,4
9,2,8,29,100000100111010101101001111111,1,1,0,0.42,0.3193277418613434,9,2
9,2,9,1,010111100011000011000000110000,1,1,0,0.6,0.5,10,6
9,2,9,3,010111100011000011000000110000,1,1,0,0.83,0.859375,7,4
9,2,9,4,010111100011000011000000110000,1,1,0,0.47,0.5777778029441833,9,3
9,2,9,5,010111100011000011000000110000,1,1,0,0.6,0.4137931168079376,10,6
9,2,9,6,010111100011000011000000110000,1,1,0,0.54,0.5789473652839661,9,3
9,2,9,10,010111100011000011000000110000,1,1,0,0.32,0.5249999761581421,10,4
9,2,9,11,010111100011000011000000110000,1,1,0,0.65,0.43478259444236755,10,6
9,2,9,16,010111100011000011000000110000,1,1,0,0.44,0.6027397513389587,9,3
9,2,9,17,010111100011000011000000110000,1,1,0,0.33,0.1666666716337204,7,4
9,2,9,24,010111100011000011000000110000,1,1,0,0.36,0.5942028760910034,8,2
9,2,9,25,010111100011000011000000110000,1,1,0,0.4,0.38461539149284363,7,5
9,2,10,0,110110100011011000000001111101,1,1,0,0.25,0.0625,7,3
9,2,10,1,110110100011011000000001111101,1,1,0,0.6,0.5,10,6
9,2,10,3,110110100011011000000001111101,1,1,0,0.83,0.859375,7,4
9,2,10,4,110110100011011000000001111101,1,1,0,0.47,0.5777778029441833,9,3
9,2,10,6,110110100011011000000001111101,1,1,0,0.54,0.5789473652839661,9,3
9,2,10,10,110110100011011000000001111101,1,1,0,0.32,0.5249999761581421,10,4
9,2,10,11,110110100011011000000001111101,1,1,0,0.65,0.43478259444236755,10,6
9,2,10,13,110110100011011000000001111101,1,1,0,0.57,0.49000000953674316,8,4
9,2,10,14,110110100011011000000001111101,1,1,0,0.48,0.8571428656578064,10,5
9,2,10,23,110110100011011000000001111101,1,1,0,0.79,0.6969696879386902,4,2
9,2,10,24,110110100011011000000001111101,1,1,0,0.36,0.5942028760910034,8,2
9,2,10,25,110110100011011000000001111101,1,1,0,0.4,0.38461539149284363,7,5
9,2,10,26,110110100011011000000001111101,1,1,0,0.89,0.20192307233810425,1,1
9,2,10,27,110110100011011000000001111101,1,1,0,0.59,0.7872340679168701,10,6
9,2,10,29,110110100011011000000001111101,1,1,0,0.42,0.3193277418613434,9,2
9,2,11,0,110100111000000000100001111101,1,1,0,0.25,0.0625,7,3
9,2,11,1,110100111000000000100001111101,1,1,0,0.6,0.5,10,6
9,2,11,3,110100111000000000100001111101,1,1,0,0.83,0.859375,7,4
9,2,11,6,110100111000000000100001111101,1,1,0,0.54,0.5789473652839661,9,3
9,2,11,7,110100111000000000100001111101,1,1,0,0.46,0.5648148059844971,1,1
9,2,11,8,110100111000000000100001111101,1,1,0,0.75,0.800000011920929,9,5
9,2,11,18,110100111000000000100001111101,1,1,0,0.67,0.692307710647583,9,4
9,2,11,23,110100111000000000100001111101,1,1,0,0.79,0.6969696879386902,4,2
9,2,11,24,110100111000000000100001111101,1,1,0,0.36,0.5942028760910034,8,2
9,2,11,25,110100111000000000100001111101,1,1,0,0.4,0.38461539149284363,7,5
9,2,11,26,110100111000000000100001111101,1,1,0,0.89,0.20192307233810425,1,1
9,2,11,27,110100111000000000100001111101,1,1,0,0.59,0.7872340679168701,10,6
9,2,11,29,110100111000000000100001111101,1,1,0,0.42,0.3193277418613434,9,2
9,2,12,0,100101011100101111011101101001,1,1,0,0.25,0.0625,7,3
9,2,12,3,100101011100101111011101101001,1,1,0,0.83,0.859375,7,4
9,2,12,5,100101011100101111011101101001,1,1,0,0.6,0.4137931168079376,10,6
9,2,12,7,100101011100101111011101101001,1,1,0,0.46,0.5648148059844971,1,1
9,2,12,8,100101011100101111011101101001,1,1,0,0.75,0.800000011920929,9,5
9,2,12,9,100101011100101111011101101001,1,1,0,0.54,0.6442307829856873,1,1
9,2,12,12,100101011100101111011101101001,1,1,0,0.6,0.7368420958518982,10,6
9,2,12,14,100101011100101111011101101001,1,1,0,0.48,0.8571428656578064,10,5
9,2,12,15,100101011100101111011101101001,1,1,0,0.6,0.6066666841506958,5,3
9,2,12,16,100101011100101111011101101001,1,1,0,0.44,0.6027397513389587,9,3
9,2,12,17,100101011100101111011101101001,1,1,0,0.33,0.1666666716337204,7,4
9,2,12,19,100101011100101111011101101001,1,1,0,0.6,0.2777777910232544,10,5
9,2,12,20,100101011100101111011101101001,1,1,0,0.64,0.5757575631141663,10,5
9,2,12,21,100101011100101111011101101001,1,1,0,0.64,0.529411792755127,10,5
9,2,12,23,100101011100101111011101101001,1,1,0,0.79,0.6969696879386902,4,2
9,2,12,24,100101011100101111011101101001,1,1,0,0.36,0.5942028760910034,8,2
9,2,12,26,100101011100101111011101101001,1,1,0,0.89,0.20192307233810425,1,1
9,2,12,29,100101011100101111011101101001,1,1,0,0.42,0.3193277418613434,9,2
9,2,13,0,110101110001010111000001001111,1,1,0,0.25,0.0625,7,3
9,2,13,1,110101110001010111000001001111,1,1,0,0.6,0.5,10,6
9,2,13,3,110101110001010111000001001111,1,1,0,0.83,0.859375,7,4
9,2,13,5,110101110001010111000001001111,1,1,0,0.6,0.4137931168079376,10,6
9,2,13,6,110101110001010111000001001111,1,1,0,0.54,0.5789473652839661,9,3
9,2,13,7,110101110001010111000001001111,1,1,0,0.46,0.5648148059844971,1,1
9,2,13,11,110101110001010111000001001111,1,1,0,0.65,0.43478259444236755,10,6
9,2,13,13,110101110001010111000001001111,1,1,0,0.57,0.49000000953674316,8,4
9,2,13,15,110101110001010111000001001111,1,1,0,0.6,0.6066666841506958,5,3
9,2,13,16,110101110001010111000001001111,1,1,0,0.44,0.6027397513389587,9,3
9,2,13,17,110101110001010111000001001111,1,1,0,0.33,0.1666666716337204,7,4
9,2,13,23,110101110001010111000001001111,1,1,0,0.79,0.6969696879386902,4,2
9,2,13,26,110101110001010111000001001111,1,1,0,0.89,0.20192307233810425,1,1
9,2,13,27,110101110001010111000001001111,1,1,0,0.59,0.7872340679168701,10,6
9,2,13,28,110101110001010111000001001111,1,1,0,0.35,0.49253731966018677,9,4
9,2,13,29,110101110001010111000001001111,1,1,0,0.42,0.3193277418613434,9,2
9,2,14,0,100000100001010101101111011101,1,1,0,0.25,0.0625,7,3
9,2,14,6,100000100001010101101111011101,1,1,0,0.54,0.5789473652839661,9,3
9,2,14,11,100000100001010101101111011101,1,1,0,0.65,0.43478259444236755,10,6
9,2,14,13,100000100001010101101111011101,1,1,0,0.57,0.49000000953674316,8,4
9,2,14,15,100000100001010101101111011101,1,1,0,0.6,0.6066666841506958,5,3
9,2,14,17,100000100001010101101111011101,1,1,0,0.33,0.1666666716337204,7,4
9,2,14,18,100000100001010101101111011101,1,1,0,0.67,0.692307710647583,9,4
9,2,14,20,100000100001010101101111011101,1,1,0,0.64,0.5757575631141663,10,5
9,2,14,21,100000100001010101101111011101,1,1,0,0.64,0.529411792755127,10,5
9,2,14,22,100000100001010101101111011101,1,1,0,0.39,0.6808510422706604,5,2
9,2,14,23,100000100001010101101111011101,1,1,0,0.79,0.6969696879386902,4,2
9,2,14,25,100000100001010101101111011101,1,1,0,0.4,0.38461539149284363,7,5
9,2,14,26,100000100001010101101111011101,1,1,0,0.89,0.20192307233810425,1,1
9,2,14,27,100000100001010101101111011101,1,1,0,0.59,0.7872340679168701,10,6
9,2,14,29,100000100001010101101111011101,1,1,0,0.42,0.3193277418613434,9,2
9,2,15,0,111101111001011111000111111001,1,1,0,0.25,0.0625,7,3
9,2,15,1,111101111001011111000111111001,1,1,0,0.6,0.5,10,6
9,2,15,2,111101111001011111000111111001,1,1,0,0.51,0.8717948794364929,10,4
9,2,15,3,111101111001011111000111111001,1,1,0,0.83,0.859375,7,4
9,2,15,5,111101111001011111000111111001,1,1,0,0.6,0.4137931168079376,10,6
9,2,15,6,111101111001011111000111111001,1,1,0,0.54,0.5789473652839661,9,3
9,2,15,7,111101111001011111000111111001,1,1,0,0.46,0.5648148059844971,1,1
9,2,15,8,111101111001011111000111111001,1,1,0,0.75,0.800000011920929,9,5
9,2,15,11,111101111001011111000111111001,1,1,0,0.65,0.43478259444236755,10,6
9,2,15,13,111101111001011111000111111001,1,1,0,0.57,0.49000000953674316,8,4
9,2,15,14,111101111001011111000111111001,1,1,0,0.48,0.8571428656578064,10,5
9,2,15,15,111101111001011111000111111001,1,1,0,0.6,0.6066666841506958,5,3
9,2,15,16,111101111001011111000111111001,1,1,0,0.44,0.6027397513389587,9,3
9,2,15,17,111101111001011111000111111001,1,1,0,0.33,0.1666666716337204,7,4
9,2,15,21,111101111001011111000111111001,1,1,0,0.64,0.529411792755127,10,5
9,2,15,22,111101111001011111000111111001,1,1,0,0.39,0.6808510422706604,5,2
9,2,15,23,111101111001011111000111111001,1,1,0,0.79,0.6969696879386902,4,2
9,2,15,24,111101111001011111000111111001,1,1,0,0.36,0.5942028760910034,8,2
9,2,15,25,111101111001011111000111111001,1,1,0,0.4,0.38461539149284363,7,5
9,2,15,26,111101111001011111000111111001,1,1,0,0.89,0.20192307233810425,1,1
9,2,15,29,111101111001011111000111111001,1,1,0,0.42,0.3193277418613434,9,2
9,2,16,0,111100100011000011001111010001,1,1,0,0.25,0.0625,7,3
9,2,16,1,111100100011000011001111010001,1,1,0,0.6,0.5,10,6
9,2,16,2,111100100011000011001111010001,1,1,0,0.51,0.8717948794364929,10,4
9,2,16,3,111100100011000011001111010001,1,1,0,0.83,0.859375,7,4
9,2,16,6,111100100011000011001111010001,1,1,0,0.54,0.5789473652839661,9,3
9,2,16,10,111100100011000011001111010001,1,1,0,0.32,0.5249999761581421,10,4
9,2,16,11,111100100011000011001111010001,1,1,0,0.65,0.43478259444236755,10,6
9,2,16,16,111100100011000011001111010001,1,1,0,0.44,0.6027397513389587,9,3
9,2,16,17,111100100011000011001111010001,1,1,0,0.33,0.1666666716337204,7,4
9,2,16,20,111100100011000011001111010001,1,1,0,0.64,0.5757575631141663,10,5
9,2,16,21,111100100011000011001111010001,1,1,0,0.64,0.529411792755127,10,5
9,2,16,22,111100100011000011001111010001,1,1,0,0.39,0.6808510422706604,5,2
9,2,16,23,111100100011000011001111010001,1,1,0,0.79,0.6969696879386902,4,2
9,2,16,25,111100100011000011001111010001,1,1,0,0.4,0.38461539149284363,7,5
9,2,16,29,111100100011000011001111010001,1,1,0,0.42,0.3193277418613434,9,2
9,3,0,0,110001001000101101111011110100,1,1,0,0.25,0.0625,7,3
9,3,0,1,110001001000101101111011110100,1,1,0,0.6,0.5,10,6
9,3,0,5,110001001000101101111011110100,1,1,0,0.6,0.4137931168079376,10,6
9,3,0,8,110001001000101101111011110100,1,1,0,0.75,0.800000011920929,9,5
9,3,0,12,110001001000101101111011110100,1,1,0,0.6,0.7368420958518982,10,6
9,3,0,14,110001001000101101111011110100,1,1,0,0.48,0.8571428656578064,10,5
9,3,0,15,110001001000101101111011110100,1,1,0,0.6,0.6066666841506958,5,3
9,3,0,17,110001001000101101111011110100,1,1,0,0.33,0.1666666716337204,7,4
9,3,0,18,110001001000101101111011110100,1,1,0,0.67,0.692307710647583,9,4
9,3,0,19,110001001000101101111011110100,1,1,0,0.6,0.2777777910232544,10,5
9,3,0,20,110001001000101101111011110100,1,1,0,0.64,0.5757575631141663,10,5
9,3,0,22,110001001000101101111011110100,1,1,0,0.39,0.6808510422706604,5,2
9,3,0,23,110001001000101101111011110100,1,1,0,0.79,0.6969696879386902,4,2
9,3,0,24,110001001000101101111011110100,1,1,0,0.36,0.5942028760910034,8,2
9,3,0,25,110001001000101101111011110100,1,1,0,0.4,0.38461539149284363,7,5
9,3,0,27,110001001000101101111011110100,1,1,0,0.59,0.7872340679168701,10,6
9,3,1,0,111100001100010101000111111001,1,1,0,0.25,0.0625,7,3
9,3,1,1,111100001100010101000111111001,1,1,0,0.6,0.5,10,6
9,3,1,2,111100001100010101000111111001,1,1,0,0.51,0.8717948794364929,10,4
9,3,1,3,111100001100010101000111111001,1,1,0,0.83,0.859375,7,4
9,3,1,8,111100001100010101000111111001,1,1,0,0.75,0.800000011920929,9,5
9,3,1,9,111100001100010101000111111001,1,1,0,0.54,0.6442307829856873,1,1
9,3,1,13,111100001100010101000111111001,1,1,0,0.57,0.49000000953674316,8,4
9,3,1,15,111100001100010101000111111001,1,1,0,0.6,0.6066666841506958,5,3
9,3,1,17,111100001100010101000111111001,1,1,0,0.33,0.1666666716337204,7,4
9,3,1,21,111100001100010101000111111001,1,1,0,0.64,0.529411792755127,10,5
9,3,1,22,111100001100010101000111111001,1,1,0,0.39,0.6808510422706604,5,2
9,3,1,23,111100001100010101000111111001,1,1,0,0.79,0.6969696879386902,4,2
9,3,1,24,111100001100010101000111111001,1,1,0,0.36,0.5942028760910034,8,2
9,3,1,25,111100001100010101000111111001,1,1,0,0.4,0.38461539149284363,7,5
9,3,1,26,111100001100010101000111111001,1,1,0,0.89,0.20192307233810425,1,1
9,3,1,29,111100001100010101000111111001,1,1,0,0.42,0.3193277418613434,9,2
9,3,2,0,110100111000011000000001111101,1,1,0,0.25,0.0625,7,3
9,3,2,1,110100111000011000000001111101,1,1,0,0.6,0.5,10,6
9,3,2,3,110100111000011000000001111101,1,1,0,0.83,0.859375,7,4
9,3,2,6,110100111000011000000001111101,1,1,0,0.54,0.5789473652839661,9,3
9,3,2,7,110100111000011000000001111101,1,1,0,0.46,0.5648148059844971,1,1
9,3,2,8,110100111000011000000001111101,1,1,0,0.75,0.800000011920929,9,5
9,3,2,13,110100111000011000000001111101,1,1,0,0.57,0.49000000953674316,8,4
9,3,2,14,110100111000011000000001111101,1,1,0,0.48,0.8571428656578064,10,5
9,3,2,23,110100111000011000000001111101,1,1,0,0.79,0.6969696879386902,4,2
9,3,2,24,110100111000011000000001111101,1,1,0,0.36,0.5942028760910034,8,2
9,3,2,25,110100111000011000000001111101,1,1,0,0.4,0.38461539149284363,7,5
9,3,2,26,110100111000011000000001111101,1,1,0,0.89,0.20192307233810425,1,1
9,3,2,27,110100111000011000000001111101,1,1,0,0.59,0.7872340679168701,10,6
9,3,2,29,110100111000011000000001111101,1,1,0,0.42,0.3193277418613434,9,2
9,3,3,0,111111101011110101010101000011,1,1,0,0.25,0.0625,7,3
9,3,3,1,111111101011110101010101000011,1,1,0,0.6,0.5,10,6
9,3,3,2,111111101011110101010101000011,1,1,0,0.51,0.8717948794364929,10,4
9,3,3,3,111111101011110101010101000011,1,1,0,0.83,0.859375,7,4
9,3,3,4,111111101011110101010101000011,1,1,0,0.47,0.5777778029441833,9,3
9,3,3,5,111111101011110101010101000011,1,1,0,0.6,0.4137931168079376,10,6
9,3,3,6,111111101011110101010101000011,1,1,0,0.54,0.5789473652839661,9,3
9,3,3,8,111111101011110101010101000011,1,1,0,0.75,0.800000011920929,9,5
9,3,3,10,111111101011110101010101000011,1,1,0,0.32,0.5249999761581421,10,4
9,3,3,11,111111101011110101010101000011,1,1,0,0.65,0.43478259444236755,10,6
9,3,3,12,111111101011110101010101000011,1,1,0,0.6,0.7368420958518982,10,6
9,3,3,13,111111101011110101010101000011,1,1,0,0.57,0.49000000953674316,8,4
9,3,3,15,111111101011110101010101000011,1,1,0,0.6,0.6066666841506958,5,3
9,3,3,17,111111101011110101010101000011,1,1,0,0.33,0.1666666716337204,7,4
9,3,3,19,111111101011110101010101000011,1,1,0,0.6,0.2777777910232544,10,5
9,3,3,21,111111101011110101010101000011,1,1,0,0.64,0.529411792755127,10,5
9,3,3,23,111111101011110101010101000011,1,1,0,0.79,0.6969696879386902,4,2
9,3,3,28,111111101011110101010101000011,1,1,0,0.35,0.49253731966018677,9,4
9,3,3,29,111111101011110101010101000011,1,1,0,0.42,0.3193277418613434,9,2
9,3,4,0,100000100101010101101001111111,1,1,0,0.25,0.0625,7,3
9,3,4,6,100000100101010101101001111111,1,1,0,0.54,0.5789473652839661,9,3
9,3,4,9,100000100101010101101001111111,1,1,0,0.54,0.6442307829856873,1,1
9,3,4,11,100000100101010101101001111111,1,1,0,0.65,0.43478259444236755,10,6
9,3,4,13,100000100101010101101001111111,1,1,0,0.57,0.49000000953674316,8,4
9,3,4,15,100000100101010101101001111111,1,1,0,0.6,0.6066666841506958,5,3
9,3,4,17,100000100101010101101001111111,1,1,0,0.33,0.1666666716337204,7,4
9,3,4,18,100000100101010101101001111111,1,1,0,0.67,0.692307710647583,9,4
9,3,4,20,100000100101010101101001111111,1,1,0,0.64,0.5757575631141663,10,5
9,3,4,23,100000100101010101101001111111,1,1,0,0.79,0.6969696879386902,4,2
9,3,4,24,100000100101010101101001111111,1,1,0,0.36,0.5942028760910034,8,2
9,3,4,25,100000100101010101101001111111,1,1,0,0.4,0.38461539149284363,7,5
9,3,4,26,100000100101010101101001111111,1,1,0,0.89,0.20192307233810425,1,1
9,3,4,27,100000100101010101101001111111,1,1,0,0.59,0.7872340679168701,10,6
9,3,4,28,100000100101010101101001111111,1,1,0,0.35,0.49253731966018677,9,4
9,3,4,29,100000100101010101101001111111,1,1,0,0.42,0.3193277418613434,9,2
9,3,5,0,111101110011010101011111010001,1,1,0,0.25,0.0625,7,3
9,3,5,1,111101110011010101011111010001,1,1,0,0.6,0.5,10,6
9,3,5,2,111101110011010101011111010001,1,1,0,0.51,0.8717948794364929,10,4
9,3,5,3,111101110011010101011111010001,1,1,0,0.83,0.859375,7,4
9,3,5,5,111101110011010101011111010001,1,1,0,0.6,0.4137931168079376,10,6
9,3,5,6,111101110011010101011111010001,1,1,0,0.54,0.5789473652839661,9,3
9,3,5,7,111101110011010101011111010001,1,1,0,0.46,0.5648148059844971,1,1
9,3,5,10,111101110011010101011111010001,1,1,0,0.32,0.5249999761581421,10,4
9,3,5,11,111101110011010101011111010001,1,1,0,0.65,0.43478259444236755,10,6
9,3,5,13,111101110011010101011111010001,1,1,0,0.57,0.49000000953674316,8,4
9,3,5,15,111101110011010101011111010001,1,1,0,0.6,0.6066666841506958,5,3
9,3,5,17,111101110011010101011111010001,1,1,0,0.33,0.1666666716337204,7,4
9,3,5,19,111101110011010101011111010001,1,1,0,0.6,0.2777777910232544,10,5
9,3,5,20,111101110011010101011111010001,1,1,0,0.64,0.5757575631141663,10,5
9,3,5,21,111101110011010101011111010001,1,1,0,0.64,0.529411792755127,10,5
9,3,5,22,111101110011010101011111010001,1,1,0,0.39,0.6808510422706604,5,2
9,3,5,23,111101110011010101011111010001,1,1,0,0.79,0.6969696879386902,4,2
9,3,5,25,111101110011010101011111010001,1,1,0,0.4,0.38461539149284363,7,5
9,3,5,29,111101110011010101011111010001,1,1,0,0.42,0.3193277418613434,9,2
9,3,6,0,111100001000010011000111111001,1,1,0,0.25,0.0625,7,3
9,3,6,1,111100001000010011000111111001,1,1,0,0.6,0.5,10,6
9,3,6,2,111100001000010011000111111001,1,1,0,0.51,0.8717948794364929,10,4
9,3,6,3,111100001000010011000111111001,1,1,0,0.83,0.859375,7,4
9,3,6,8,111100001000010011000111111001,1,1,0,0.75,0.800000011920929,9,5
9,3,6,13,111100001000010011000111111001,1,1,0,0.57,0.49000000953674316,8,4
9,3,6,16,111100001000010011000111111001,1,1,0,0.44,0.6027397513389587,9,3
9,3,6,17,111100001000010011000111111001,1,1,0,0.33,0.1666666716337204,7,4
9,3,6,21,111100001000010011000111111001,1,1,0,0.64,0.529411792755127,10,5
9,3,6,22,111100001000010011000111111001,1,1,0,0.39,0.6808510422706604,5,2
9,3,6,23,111100001000010011000111111001,1,1,0,0.79,0.6969696879386902,4,2
9,3,6,24,111100001000010011000111111001,1,1,0,0.36,0.5942028760910034,8,2
9,3,6,25,111100001000010011000111111001,1,1,0,0.4,0.38461539149284363,7,5
9,3,6,26,111100001000010011000111111001,1,1,0,0.89,0.20192307233810425,1,1
9,3,6,29,111100001000010011000111111001,1,1,0,0.42,0.3193277418613434,9,2
9,3,7,0,100000100111010101101001111111,1,1,0,0.25,0.0625,7,3
9,3,7,6,100000100111010101101001111111,1,1,0,0.54,0.5789473652839661,9,3
9,3,7,9,100000100111010101101001111111,1,1,0,0.54,0.6442307829856873,1,1
9,3,7,10,100000100111010101101001111111,1,1,0,0.32,0.5249999761581421,10,4
9,3,7,11,100000100111010101101001111111,1,1,0,0.65,0.43478259444236755,10,6
9,3,7,13,100000100111010101101001111111,1,1,0,0.57,0.49000000953674316,8,4
9,3,7,15,100000100111010101101001111111,1,1,0,0.6,0.6066666841506958,5,3
9,3,7,17,100000100111010101101001111111,1,1,0,0.33,0.1666666716337204,7,4
9,3,7,18,100000100111010101101001111111,1,1,0,0.67,0.692307710647583,9,4
9,3,7,20,100000100111010101101001111111,1,1,0,0.64,0.5757575631141663,10,5
9,3,7,23,100000100111010101101001111111,1,1,0,0.79,0.6969696879386902,4,2
9,3,7,24,100000100111010101101001111111,1,1,0,0.36,0.5942028760910034,8,2
9,3,7,25,100000100111010101101001111111,1,1,0,0.4,0.38461539149284363,7,5
9,3,7,26,100000100111010101101001111111,1,1,0,0.89,0.20192307233810425,1,1
9,3,7,27,100000100111010101101001111111,1,1,0,0.59,0.7872340679168701,10,6
9,3,7,28,100000100111010101101001111111,1,1,0,0.35,0.49253731966018677,9,4
9,3,7,29,100000100111010101101001111111,1,1,0,0.42,0.3193277418613434,9,2
9,3,8,1,010111100011000011000000110000,1,1,0,0.6,0.5,10,6
9,3,8,3,010111100011000011000000110000,1,1,0,0.83,0.859375,7,4
9,3,8,4,010111100011000011000000110000,1,1,0,0.47,0.5777778029441833,9,3
9,3,8,5,010111100011000011000000110000,1,1,0,0.6,0.4137931168079376,10,6
9,3,8,6,010111100011000011000000110000,1,1,0,0.54,0.5789473652839661,9,3
9,3,8,10,010111100011000011000000110000,1,1,0,0.32,0.5249999761581421,10,4
9,3,8,11,010111100011000011000000110000,1,1,0,0.65,0.43478259444236755,10,6
9,3,8,16,010111100011000011000000110000,1,1,0,0.44,0.6027397513389587,9,3
9,3,8,17,010111100011000011000000110000,1,1,0,0.33,0.1666666716337204,7,4
9,3,8,24,010111100011000011000000110000,1,1,0,0.36,0.5942028760910034,8,2
9,3,8,25,010111100011000011000000110000,1,1,0,0.4,0.38461539149284363,7,5
9,3,9,0,110110100011011000000001111101,1,1,0,0.25,0.0625,7,3
9,3,9,1,110110100011011000000001111101,1,1,0,0.6,0.5,10,6
9,3,9,3,110110100011011000000001111101,1,1,0,0.83,0.859375,7,4
9,3,9,4,110110100011011000000001111101,1,1,0,0.47,0.5777778029441833,9,3
9,3,9,6,110110100011011000000001111101,1,1,0,0.54,0.5789473652839661,9,3
9,3,9,10,110110100011011000000001111101,1,1,0,0.32,0.5249999761581421,10,4
9,3,9,11,110110100011011000000001111101,1,1,0,0.65,0.43478259444236755,10,6
9,3,9,13,110110100011011000000001111101,1,1,0,0.57,0.49000000953674316,8,4
9,3,9,14,110110100011011000000001111101,1,1,0,0.48,0.8571428656578064,10,5
9,3,9,23,110110100011011000000001111101,1,1,0,0.79,0.6969696879386902,4,2
9,3,9,24,110110100011011000000001111101,1,1,0,0.36,0.5942028760910034,8,2
9,3,9,25,110110100011011000000001111101,1,1,0,0.4,0.38461539149284363,7,5
9,3,9,26,110110100011011000000001111101,1,1,0,0.89,0.20192307233810425,1,1
9,3,9,27,110110100011011000000001111101,1,1,0,0.59,0.7872340679168701,10,6
9,3,9,29,110110100011011000000001111101,1,1,0,0.42,0.3193277418613434,9,2
9,3,10,0,110100111000000000100001111101,1,1,0,0.25,0.0625,7,3
9,3,10,1,110100111000000000100001111101,1,1,0,0.6,0.5,10,6
9,3,10,3,110100111000000000100001111101,1,1,0,0.83,0.859375,7,4
9,3,10,6,110100111000000000100001111101,1,1,0,0.54,0.5789473652839661,9,3
9,3,10,7,110100111000000000100001111101,1,1,0,0.46,0.5648148059844971,1,1
9,3,10,8,110100111000000000100001111101,1,1,0,0.75,0.800000011920929,9,5
9,3,10,18,110100111000000000100001111101,1,1,0,0.67,0.692307710647583,9,4
9,3,10,23,110100111000000000100001111101,1,1,0,0.79,0.6969696879386902,4,2
9,3,10,24,110100111000000000100001111101,1,1,0,0.36,0.5942028760910034,8,2
9,3,10,25,110100111000000000100001111101,1,1,0,0.4,0.38461539149284363,7,5
9,3,10,26,110100111000000000100001111101,1,1,0,0.89,0.20192307233810425,1,1
9,3,10,27,110100111000000000100001111101,1,1,0,0.59,0.7872340679168701,10,6
9,3,10,29,110100111000000000100001111101,1,1,0,0.42,0.3193277418613434,9,2
9,3,11,0,100101011100101111011101101001,1,1,0,0.25,0.0625,7,3
9,3,11,3,100101011100101111011101101001,1,1,0,0.83,0.859375,7,4
9,3,11,5,100101011100101111011101101001,1,1,0,0.6,0.4137931168079376,10,6
9,3,11,7,100101011100101111011101101001,1,1,0,0.46,0.5648148059844971,1,1
9,3,11,8,100101011100101111011101101001,1,1,0,0.75,0.800000011920929,9,5
9,3,11,9,100101011100101111011101101001,1,1,0,0.54,0.6442307829856873,1,1
9,3,11,12,100101011100101111011101101001,1,1,0,0.6,0.7368420958518982,10,6
9,3,11,14,100101011100101111011101101001,1,1,0,0.48,0.8571428656578064,10,5
9,3,11,15,100101011100101111011101101001,1,1,0,0.6,0.6066666841506958,5,3
9,3,11,16,100101011100101111011101101001,1,1,0,0.44,0.6027397513389587,9,3
9,3,11,17,100101011100101111011101101001,1,1,0,0.33,0.1666666716337204,7,4
9,3,11,19,100101011100101111011101101001,1,1,0,0.6,0.2777777910232544,10,5
9,3,11,20,100101011100101111011101101001,1,1,0,0.64,0.5757575631141663,10,5
9,3,11,21,100101011100101111011101101001,1,1,0,0.64,0.529411792755127,10,5
9,3,11,23,100101011100101111011101101001,1,1,0,0.79,0.6969696879386902,4,2
9,3,11,24,100101011100101111011101101001,1,1,0,0.36,0.5942028760910034,8,2
9,3,11,26,100101011100101111011101101001,1,1,0,0.89,0.20192307233810425,1,1
9,3,11,29,100101011100101111011101101001,1,1,0,0.42,0.3193277418613434,9,2
9,3,12,0,110101110001010111000001001111,1,1,0,0.25,0.0625,7,3
9,3,12,1,110101110001010111000001001111,1,1,0,0.6,0.5,10,6
9,3,12,3,110101110001010111000001001111,1,1,0,0.83,0.859375,7,4
9,3,12,5,110101110001010111000001001111,1,1,0,0.6,0.4137931168079376,10,6
9,3,12,6,110101110001010111000001001111,1,1,0,0.54,0.5789473652839661,9,3
9,3,12,7,110101110001010111000001001111,1,1,0,0.46,0.5648148059844971,1,1
9,3,12,11,110101110001010111000001001111,1,1,0,0.65,0.43478259444236755,10,6
9,3,12,13,110101110001010111000001001111,1,1,0,0.57,0.49000000953674316,8,4
9,3,12,15,110101110001010111000001001111,1,1,0,0.6,0.6066666841506958,5,3
9,3,12,16,110101110001010111000001001111,1,1,0,0.44,0.6027397513389587,9,3
9,3,12,17,110101110001010111000001001111,1,1,0,0.33,0.1666666716337204,7,4
9,3,12,23,110101110001010111000001001111,1,1,0,0.79,0.6969696879386902,4,2
9,3,12,26,110101110001010111000001001111,1,1,0,0.89,0.20192307233810425,1,1
9,3,12,27,110101110001010111000001001111,1,1,0,0.59,0.7872340679168701,10,6
9,3,12,28,110101110001010111000001001111,1,1,0,0.35,0.49253731966018677,9,4
9,3,12,29,110101110001010111000001001111,1,1,0,0.42,0.3193277418613434,9,2
9,3,13,0,100000100001010101101111011101,1,1,0,0.25,0.0625,7,3
9,3,13,6,100000100001010101101111011101,1,1,0,0.54,0.5789473652839661,9,3
9,3,13,11,100000100001010101101111011101,1,1,0,0.65,0.43478259444236755,10,6
9,3,13,13,100000100001010101101111011101,1,1,0,0.57,0.49000000953674316,8,4
9,3,13,15,100000100001010101101111011101,1,1,0,0.6,0.6066666841506958,5,3
9,3,13,17,100000100001010101101111011101,1,1,0,0.33,0.1666666716337204,7,4
9,3,13,18,100000100001010101101111011101,1,1,0,0.67,0.692307710647583,9,4
9,3,13,20,100000100001010101101111011101,1,1,0,0.64,0.5757575631141663,10,5
9,3,13,21,100000100001010101101111011101,1,1,0,0.64,0.529411792755127,10,5
9,3,13,22,100000100001010101101111011101,1,1,0,0.39,0.6808510422706604,5,2
9,3,13,23,100000100001010101101111011101,1,1,0,0.79,0.6969696879386902,4,2
9,3,13,25,100000100001010101101111011101,1,1,0,0.4,0.38461539149284363,7,5
9,3,13,26,100000100001010101101111011101,1,1,0,0.89,0.20192307233810425,1,1
9,3,13,27,100000100001010101101111011101,1,1,0,0.59,0.7872340679168701,10,6
9,3,13,29,100000100001010101101111011101,1,1,0,0.42,0.3193277418613434,9,2
9,3,14,0,111101111001011111000111111001,1,1,0,0.25,0.0625,7,3
9,3,14,1,111101111001011111000111111001,1,1,0,0.6,0.5,10,6
9,3,14,2,111101111001011111000111111001,1,1,0,0.51,0.8717948794364929,10,4
9,3,14,3,111101111001011111000111111001,1,1,0,0.83,0.859375,7,4
9,3,14,5,111101111001011111000111111001,1,1,0,0.6,0.4137931168079376,10,6
9,3,14,6,111101111001011111000111111001,1,1,0,0.54,0.5789473652839661,9,3
9,3,14,7,111101111001011111000111111001,1,1,0,0.46,0.5648148059844971,1,1
9,3,14,8,111101111001011111000111111001,1,1,0,0.75,0.800000011920929,9,5
9,3,14,11,111101111001011111000111111001,1,1,0,0.65,0.43478259444236755,10,6
9,3,14,13,111101111001011111000111111001,1,1,0,0.57,0.49000000953674316,8,4
9,3,14,14,111101111001011111000111111001,1,1,0,0.48,0.8571428656578064,10,5
9,3,14,15,111101111001011111000111111001,1,1,0,0.6,0.6066666841506958,5,3
9,3,14,16,111101111001011111000111111001,1,1,0,0.44,0.6027397513389587,9,3
9,3,14,17,111101111001011111000111111001,1,1,0,0.33,0.1666666716337204,7,4
9,3,14,21,111101111001011111000111111001,1,1,0,0.64,0.529411792755127,10,5
9,3,14,22,111101111001011111000111111001,1,1,0,0.39,0.6808510422706604,5,2
9,3,14,23,111101111001011111000111111001,1,1,0,0.79,0.6969696879386902,4,2
9,3,14,24,111101111001011111000111111001,1,1,0,0.36,0.5942028760910034,8,2
9,3,14,25,111101111001011111000111111001,1,1,0,0.4,0.38461539149284363,7,5
9,3,14,26,111101111001011111000111111001,1,1,0,0.89,0.20192307233810425,1,1
9,3,14,29,111101111001011111000111111001,1,1,0,0.42,0.3193277418613434,9,2
9,3,15,0,111100100011000011001111010001,1,1,0,0.25,0.0625,7,3
9,3,15,1,111100100011000011001111010001,1,1,0,0.6,0.5,10,6
9,3,15,2,111100100011000011001111010001,1,1,0,0.51,0.8717948794364929,10,4
9,3,15,3,111100100011000011001111010001,1,1,0,0.83,0.859375,7,4
9,3,15,6,111100100011000011001111010001,1,1,0,0.54,0.5789473652839661,9,3
9,3,15,10,111100100011000011001111010001,1,1,0,0.32,0.5249999761581421,10,4
9,3,15,11,111100100011000011001111010001,1,1,0,0.65,0.43478259444236755,10,6
9,3,15,16,111100100011000011001111010001,1,1,0,0.44,0.6027397513389587,9,3
9,3,15,17,111100100011000011001111010001,1,1,0,0.33,0.1666666716337204,7,4
9,3,15,20,111100100011000011001111010001,1,1,0,0.64,0.5757575631141663,10,5
9,3,15,21,111100100011000011001111010001,1,1,0,0.64,0.529411792755127,10,5
9,3,15,22,111100100011000011001111010001,1,1,0,0.39,0.6808510422706604,5,2
9,3,15,23,111100100011000011001111010001,1,1,0,0.79,0.6969696879386902,4,2
9,3,15,25,111100100011000011001111010001,1,1,0,0.4,0.38461539149284363,7,5
9,3,15,29,111100100011000011001111010001,1,1,0,0.42,0.3193277418613434,9,2
9,3,16,0,110101110011000111000001001111,1,1,0,0.25,0.0625,7,3
9,3,16,1,110101110011000111000001001111,1,1,0,0.6,0.5,10,6
9,3,16,3,110101110011000111000001001111,1,1,0,0.83,0.859375,7,4
9,3,16,5,110101110011000111000001001111,1,1,0,0.6,0.4137931168079376,10,6
9,3,16,6,110101110011000111000001001111,1,1,0,0.54,0.5789473652839661,9,3
9,3,16,7,110101110011000111000001001111,1,1,0,0.46,0.5648148059844971,1,1
9,3,16,10,110101110011000111000001001111,1,1,0,0.32,0.5249999761581421,10,4
9,3,16,11,110101110011000111000001001111,1,1,0,0.65,0.43478259444236755,10,6
9,3,16,15,110101110011000111000001001111,1,1,0,0.6,0.6066666841506958,5,3
9,3,16,16,110101110011000111000001001111,1,1,0,0.44,0.6027397513389587,9,3
9,3,16,17,110101110011000111000001001111,1,1,0,0.33,0.1666666716337204,7,4
9,3,16,23,110101110011000111000001001111,1,1,0,0.79,0.6969696879386902,4,2
9,3,16,26,110101110011000111000001001111,1,1,0,0.89,0.20192307233810425,1,1
9,3,16,27,110101110011000111000001001111,1,1,0,0.59,0.7872340679168701,10,6
9,3,16,28,110101110011000111000001001111,1,1,0,0.35,0.49253731966018677,9,4
9,3,16,29,110101110011000111000001001111,1,1,0,0.42,0.3193277418613434,9,2
9,3,17,0,110110001001101100010001101000,1,1,0,0.25,0.0625,7,3
9,3,17,1,110110001001101100010001101000,1,1,0,0.6,0.5,10,6
9,3,17,3,110110001001101100010001101000,1,1,0,0.83,0.859375,7,4
9,3,17,4,110110001001101100010001101000,1,1,0,0.47,0.5777778029441833,9,3
9,3,17,8,110110001001101100010001101000,1,1,0,0.75,0.800000011920929,9,5
9,3,17,11,110110001001101100010001101000,1,1,0,0.65,0.43478259444236755,10,6
9,3,17,12,110110001001101100010001101000,1,1,0,0.6,0.7368420958518982,10,6
9,3,17,14,110110001001101100010001101000,1,1,0,0.48,0.8571428656578064,10,5
9,3,17,15,110110001001101100010001101000,1,1,0,0.6,0.6066666841506958,5,3
9,3,17,19,110110001001101100010001101000,1,1,0,0.6,0.2777777910232544,10,5
9,3,17,23,110110001001101100010001101000,1,1,0,0.79,0.6969696879386902,4,2
9,3,17,24,110110001001101100010001101000,1,1,0,0.36,0.5942028760910034,8,2
9,3,17,26,110110001001101100010001101000,1,1,0,0.89,0.20192307233810425,1,1
9,3,18,0,110000100001010101011111011101,1,1,0,0.25,0.0625,7,3
9,3,18,1,110000100001010101011111011101,1,1,0,0.6,0.5,10,6
9,3,18,6,110000100001010101011111011101,1,1,0,0.54,0.5789473652839661,9,3
9,3,18,11,110000100001010101011111011101,1,1,0,0.65,0.43478259444236755,10,6
9,3,18,13,110000100001010101011111011101,1,1,0,0.57,0.49000000953674316,8,4
9,3,18,15,110000100001010101011111011101,1,1,0,0.6,0.6066666841506958,5,3
9,3,18,17,110000100001010101011111011101,1,1,0,0.33,0.1666666716337204,7,4
9,3,18,19,110000100001010101011111011101,1,1,0,0.6,0.2777777910232544,10,5
9,3,18,20,110000100001010101011111011101,1,1,0,0.64,0.5757575631141663,10,5
9,3,18,21,110000100001010101011111011101,1,1,0,0.64,0.529411792755127,10,5
9,3,18,22,110000100001010101011111011101,1,1,0,0.39,0.6808510422706604,5,2
9,3,18,23,110000100001010101011111011101,1,1,0,0.79,0.6969696879386902,4,2
9,3,18,25,110000100001010101011111011101,1,1,0,0.4,0.38461539149284363,7,5
9,3,18,26,110000100001010101011111011101,1,1,0,0.89,0.20192307233810425,1,1
9,3,18,27,110000100001010101011111011101,1,1,0,0.59,0.7872340679168701,10,6
9,3,18,29,110000100001010101011111011101,1,1,0,0.42,0.3193277418613434,9,2
9,3,19,0,110010100011000011000000101111,1,1,0,0.25,0.0625,7,3
9,3,19,1,110010100011000011000000101111,1,1,0,0.6,0.5,10,6
9,3,19,4,110010100011000011000000101111,1,1,0,0.47,0.5777778029441833,9,3
9,3,19,6,110010100011000011000000101111,1,1,0,0.54,0.5789473652839661,9,3
9,3,19,10,110010100011000011000000101111,1,1,0,0.32,0.5249999761581421,10,4
9,3,19,11,110010100011000011000000101111,1,1,0,0.65,0.43478259444236755,10,6
9,3,19,16,110010100011000011000000101111,1,1,0,0.44,0.6027397513389587,9,3
9,3,19,17,110010100011000011000000101111,1,1,0,0.33,0.1666666716337204,7,4
9,3,19,24,110010100011000011000000101111,1,1,0,0.36,0.5942028760910034,8,2
9,3,19,26,110010100011000011000000101111,1,1,0,0.89,0.20192307233810425,1,1
9,3,19,27,110010100011000011000000101111,1,1,0,0.59,0.7872340679168701,10,6
9,3,19,28,110010100011000011000000101111,1,1,0,0.35,0.49253731966018677,9,4
9,3,19,29,110010100011000011000000101111,1,1,0,0.42,0.3193277418613434,9,2
9,3,20,0,110000011100110101010001111101,1,1,0,0.25,0.0625,7,3
9,3,20,1,110000011100110101010001111101,1,1,0,0.6,0.5,10,6
9,3,20,7,110000011100110101010001111101,1,1,0,0.46,0.5648148059844971,1,1
9,3,20,8,110000011100110101010001111101,1,1,0,0.75,0.800000011920929,9,5
9,3,20,9,110000011100110101010001111101,1,1,0,0.54,0.6442307829856873,1,1
9,3,20,12,110000011100110101010001111101,1,1,0,0.6,0.7368420958518982,10,6
9,3,20,13,110000011100110101010001111101,1,1,0,0.57,0.49000000953674316,8,4
9,3,20,15,110000011100110101010001111101,1,1,0,0.6,0.6066666841506958,5,3
9,3,20,17,110000011100110101010001111101,1,1,0,0.33,0.1666666716337204,7,4
9,3,20,19,110000011100110101010001111101,1,1,0,0.6,0.2777777910232544,10,5
9,3,20,23,110000011100110101010001111101,1,1,0,0.79,0.6969696879386902,4,2
9,3,20,24,110000011100110101010001111101,1,1,0,0.36,0.5942028760910034,8,2
9,3,20,25,110000011100110101010001111101,1,1,0,0.4,0.38461539149284363,7,5
9,3,20,26,110000011100110101010001111101,1,1,0,0.89,0.20192307233810425,1,1
9,3,20,27,110000011100110101010001111101,1,1,0,0.59,0.7872340679168701,10,6
9,3,20,29,110000011100110101010001111101,1,1,0,0.42,0.3193277418613434,9,2
9,3,21,0,110110000001010111000001010100,1,1,0,0.25,0.0625,7,3
9,3,21,1,110110000001010111000001010100,1,1,0,0.6,0.5,10,6
9,3,21,3,110110000001010111000001010100,1,1,0,0.83,0.859375,7,4
9,3,21,4,110110000001010111000001010100,1,1,0,0.47,0.5777778029441833,9,3
9,3,21,11,110110000001010111000001010100,1,1,0,0.65,0.43478259444236755,10,6
9,3,21,13,110110000001010111000001010100,1,1,0,0.57,0.49000000953674316,8,4
9,3,21,15,110110000001010111000001010100,1,1,0,0.6,0.6066666841506958,5,3
9,3,21,16,110110000001010111000001010100,1,1,0,0.44,0.6027397513389587,9,3
9,3,21,17,110110000001010111000001010100,1,1,0,0.33,0.1666666716337204,7,4
9,3,21,23,110110000001010111000001010100,1,1,0,0.79,0.6969696879386902,4,2
9,3,21,25,110110000001010111000001010100,1,1,0,0.4,0.38461539149284363,7,5
9,3,21,27,110110000001010111000001010100,1,1,0,0.59,0.7872340679168701,10,6
9,3,22,0,110001001000100000100001111101,1,1,0,0.25,0.0625,7,3
9,3,22,1,110001001000100000100001111101,1,1,0,0.6,0.5,10,6
9,3,22,5,110001001000100000100001111101,1,1,0,0.6,0.4137931168079376,10,6
9,3,22,8,110001001000100000100001111101,1,1,0,0.75,0.800000011920929,9,5
9,3,22,12,110001001000100000100001111101,1,1,0,0.6,0.7368420958518982,10,6
9,3,22,18,110001001000100000100001111101,1,1,0,0.67,0.692307710647583,9,4
9,3,22,23,110001001000100000100001111101,1,1,0,0.79,0.6969696879386902,4,2
9,3,22,24,110001001000100000100001111101,1,1,0,0.36,0.5942028760910034,8,2
9,3,22,25,110001001000100000100001111101,1,1,0,0.4,0.38461539149284363,7,5
9,3,22,26,110001001000100000100001111101,1,1,0,0.89,0.20192307233810425,1,1
9,3,22,27,110001001000100000100001111101,1,1,0,0.59,0.7872340679168701,10,6
9,3,22,29,110001001000100000100001111101,1,1,0,0.42,0.3193277418613434,9,2
9,3,23,0,100001010001011011111010010010,1,1,0,0.25,0.0625,7,3
9,3,23,5,100001010001011011111010010010,1,1,0,0.6,0.4137931168079376,10,6
9,3,23,7,100001010001011011111010010010,1,1,0,0.46,0.5648148059844971,1,1
9,3,23,11,100001010001011011111010010010,1,1,0,0.65,0.43478259444236755,10,6
9,3,23,13,100001010001011011111010010010,1,1,0,0.57,0.49000000953674316,8,4
9,3,23,14,100001010001011011111010010010,1,1,0,0.48,0.8571428656578064,10,5
9,3,23,16,100001010001011011111010010010,1,1,0,0.44,0.6027397513389587,9,3
9,3,23,17,100001010001011011111010010010,1,1,0,0.33,0.1666666716337204,7,4
9,3,23,18,100001010001011011111010010010,1,1,0,0.67,0.692307710647583,9,4
9,3,23,19,100001010001011011111010010010,1,1,0,0.6,0.2777777910232544,10,5
9,3,23,20,100001010001011011111010010010,1,1,0,0.64,0.5757575631141663,10,5
9,3,23,22,100001010001011011111010010010,1,1,0,0.39,0.6808510422706604,5,2
9,3,23,25,100001010001011011111010010010,1,1,0,0.4,0.38461539149284363,7,5
9,3,23,28,100001010001011011111010010010,1,1,0,0.35,0.49253731966018677,9,4
9,3,24,0,101001010001010000010110001001,1,1,0,0.25,0.0625,7,3
9,3,24,2,101001010001010000010110001001,1,1,0,0.51,0.8717948794364929,10,4
9,3,24,5,101001010001010000010110001001,1,1,0,0.6,0.4137931168079376,10,6
9,3,24,7,101001010001010000010110001001,1,1,0,0.46,0.5648148059844971,1,1
9,3,24,11,101001010001010000010110001001,1,1,0,0.65,0.43478259444236755,10,6
9,3,24,13,101001010001010000010110001001,1,1,0,0.57,0.49000000953674316,8,4
9,3,24,19,101001010001010000010110001001,1,1,0,0.6,0.2777777910232544,10,5
9,3,24,21,101001010001010000010110001001,1,1,0,0.64,0.529411792755127,10,5
9,3,24,22,101001010001010000010110001001,1,1,0,0.39,0.6808510422706604,5,2
9,3,24,26,101001010001010000010110001001,1,1,0,0.89,0.20192307233810425,1,1
9,3,24,29,101001010001010000010110001001,1,1,0,0.42,0.3193277418613434,9,2
9,3,25,0,111100000001010011001111010001,1,1,0,0.25,0.0625,7,3
9,3,25,1,111100000001010011001111010001,1,1,0,0.6,0.5,10,6
9,3,25,2,111100000001010011001111010001,1,1,0,0.51,0.8717948794364929,10,4
9,3,25,3,111100000001010011001111010001,1,1,0,0.83,0.859375,7,4
9,3,25,11,111100000001010011001111010001,1,1,0,0.65,0.43478259444236755,10,6
9,3,25,13,111100000001010011001111010001,1,1,0,0.57,0.49000000953674316,8,4
9,3,25,16,111100000001010011001111010001,1,1,0,0.44,0.6027397513389587,9,3
9,3,25,17,111100000001010011001111010001,1,1,0,0.33,0.1666666716337204,7,4
9,3,25,20,111100000001010011001111010001,1,1,0,0.64,0.5757575631141663,10,5
9,3,25,21,111100000001010011001111010001,1,1,0,0.64,0.529411792755127,10,5
9,3,25,22,111100000001010011001111010001,1,1,0,0.39,0.6808510422706604,5,2
9,3,25,23,111100000001010011001111010001,1,1,0,0.79,0.6969696879386902,4,2
9,3,25,25,111100000001010011001111010001,1,1,0,0.4,0.38461539149284363,7,5
9,3,25,29,111100000001010011001111010001,1,1,0,0.42,0.3193277418613434,9,2
9,3,26,1,010101101010111100000001011000,1,1,0,0.6,0.5,10,6
9,3,26,3,010101101010111100000001011000,1,1,0,0.83,0.859375,7,4
9,3,26,5,010101101010111100000001011000,1,1,0,0.6,0.4137931168079376,10,6
9,3,26,6,010101101010111100000001011000,1,1,0,0.54,0.5789473652839661,9,3
9,3,26,8,010101101010111100000001011000,1,1,0,0.75,0.800000011920929,9,5
9,3,26,10,010101101010111100000001011000,1,1,0,0.32,0.5249999761581421,10,4
9,3,26,12,010101101010111100000001011000,1,1,0,0.6,0.7368420958518982,10,6
9,3,26,13,010101101010111100000001011000,1,1,0,0.57,0.49000000953674316,8,4
9,3,26,14,010101101010111100000001011000,1,1,0,0.48,0.8571428656578064,10,5
9,3,26,15,010101101010111100000001011000,1,1,0,0.6,0.6066666841506958,5,3
9,3,26,23,010101101010111100000001011000,1,1,0,0.79,0.6969696879386902,4,2
9,3,26,25,010101101010111100000001011000,1,1,0,0.4,0.38461539149284363,7,5
9,3,26,26,010101101010111100000001011000,1,1,0,0.89,0.20192307233810425,1,1
9,3,27,0,100000100111010101011111010001,1,1,0,0.25,0.0625,7,3
9,3,27,6,100000100111010101011111010001,1,1,0,0.54,0.5789473652839661,9,3
9,3,27,9,100000100111010101011111010001,1,1,0,0.54,0.6442307829856873,1,1
9,3,27,10,100000100111010101011111010001,1,1,0,0.32,0.5249999761581421,10,4
9,3,27,11,100000100111010101011111010001,1,1,0,0.65,0.43478259444236755,10,6
9,3,27,13,100000100111010101011111010001,1,1,0,0.57,0.49000000953674316,8,4
9,3,27,15,100000100111010101011111010001,1,1,0,0.6,0.6066666841506958,5,3
9,3,27,17,100000100111010101011111010001,1,1,0,0.33,0.1666666716337204,7,4
9,3,27,19,100000100111010101011111010001,1,1,0,0.6,0.2777777910232544,10,5
9,3,27,20,100000100111010101011111010001,1,1,0,0.64,0.5757575631141663,10,5
9,3,27,21,100000100111010101011111010001,1,1,0,0.64,0.529411792755127,10,5
9,3,27,22,100000100111010101011111010001,1,1,0,0.39,0.6808510422706604,5,2
9,3,27,23,100000100111010101011111010001,1,1,0,0.79,0.6969696879386902,4,2
9,3,27,25,100000100111010101011111010001,1,1,0,0.4,0.38461539149284363,7,5
9,3,27,29,100000100111010101011111010001,1,1,0,0.42,0.3193277418613434,9,2
9,3,28,1,010110100010000011000000010000,1,1,0,0.6,0.5,10,6
9,3,28,3,010110100010000011000000010000,1,1,0,0.83,0.859375,7,4
9,3,28,4,010110100010000011000000010000,1,1,0,0.47,0.5777778029441833,9,3
9,3,28,6,010110100010000011000000010000,1,1,0,0.54,0.5789473652839661,9,3
9,3,28,10,010110100010000011000000010000,1,1,0,0.32,0.5249999761581421,10,4
9,3,28,16,010110100010000011000000010000,1,1,0,0.44,0.6027397513389587,9,3
9,3,28,17,010110100010000011000000010000,1,1,0,0.33,0.1666666716337204,7,4
9,3,28,25,010110100010000011000000010000,1,1,0,0.4,0.38461539149284363,7,5
9,3,29,0,110100111000001101111011110000,1,1,0,0.25,0.0625,7,3
9,3,29,1,110100111000001101111011110000,1,1,0,0.6,0.5,10,6
9,3,29,3,110100111000001101111011110000,1,1,0,0.83,0.859375,7,4
9,3,29,6,110100111000001101111011110000,1,1,0,0.54,0.5789473652839661,9,3
9,3,29,7,110100111000001101111011110000,1,1,0,0.46,0.5648148059844971,1,1
9,3,29,8,110100111000001101111011110000,1,1,0,0.75,0.800000011920929,9,5
9,3,29,14,110100111000001101111011110000,1,1,0,0.48,0.8571428656578064,10,5
9,3,29,15,110100111000001101111011110000,1,1,0,0.6,0.6066666841506958,5,3
9,3,29,17,110100111000001101111011110000,1,1,0,0.33,0.1666666716337204,7,4
9,3,29,18,110100111000001101111011110000,1,1,0,0.67,0.692307710647583,9,4
9,3,29,19,110100111000001101111011110000,1,1,0,0.6,0.2777777910232544,10,5
9,3,29,20,110100111000001101111011110000,1,1,0,0.64,0.5757575631141663,10,5
9,3,29,22,110100111000001101111011110000,1,1,0,0.39,0.6808510422706604,5,2
9,3,29,23,110100111000001101111011110000,1,1,0,0.79,0.6969696879386902,4,2
9,3,29,24,110100111000001101111011110000,1,1,0,0.36,0.5942028760910034,8,2
9,3,29,25,110100111000001101111011110000,1,1,0,0.4,0.38461539149284363,7,5
9,4,0,0,110100111000011000000001111101,1,1,0,0.25,0.0625,7,3
9,4,0,1,110100111000011000000001111101,1,1,0,0.6,0.5,10,6
9,4,0,3,110100111000011000000001111101,1,1,0,0.83,0.859375,7,4
9,4,0,6,110100111000011000000001111101,1,1,0,0.54,0.5789473652839661,9,3
9,4,0,7,110100111000011000000001111101,1,1,0,0.46,0.5648148059844971,1,1
9,4,0,8,110100111000011000000001111101,1,1,0,0.75,0.800000011920929,9,5
9,4,0,13,110100111000011000000001111101,1,1,0,0.57,0.49000000953674316,8,4
9,4,0,14,110100111000011000000001111101,1,1,0,0.48,0.8571428656578064,10,5
9,4,0,23,110100111000011000000001111101,1,1,0,0.79,0.6969696879386902,4,2
9,4,0,24,110100111000011000000001111101,1,1,0,0.36,0.5942028760910034,8,2
9,4,0,25,110100111000011000000001111101,1,1,0,0.4,0.38461539149284363,7,5
9,4,0,26,110100111000011000000001111101,1,1,0,0.89,0.20192307233810425,1,1
9,4,0,27,110100111000011000000001111101,1,1,0,0.59,0.7872340679168701,10,6
9,4,0,29,110100111000011000000001111101,1,1,0,0.42,0.3193277418613434,9,2
9,4,1,0,100000100101010101101001111111,1,1,0,0.25,0.0625,7,3
9,4,1,6,100000100101010101101001111111,1,1,0,0.54,0.5789473652839661,9,3
9,4,1,9,100000100101010101101001111111,1,1,0,0.54,0.6442307829856873,1,1
9,4,1,11,100000100101010101101001111111,1,1,0,0.65,0.43478259444236755,10,6
9,4,1,13,100000100101010101101001111111,1,1,0,0.57,0.49000000953674316,8,4
9,4,1,15,100000100101010101101001111111,1,1,0,0.6,0.6066666841506958,5,3
9,4,1,17,100000100101010101101001111111,1,1,0,0.33,0.1666666716337204,7,4
9,4,1,18,100000100101010101101001111111,1,1,0,0.67,0.692307710647583,9,4
9,4,1,20,100000100101010101101001111111,1,1,0,0.64,0.5757575631141663,10,5
9,4,1,23,100000100101010101101001111111,1,1,0,0.79,0.6969696879386902,4,2
9,4,1,24,100000100101010101101001111111,1,1,0,0.36,0.5942028760910034,8,2
9,4,1,25,100000100101010101101001111111,1,1,0,0.4,0.38461539149284363,7,5
9,4,1,26,100000100101010101101001111111,1,1,0,0.89,0.20192307233810425,1,1
9,4,1,27,100000100101010101101001111111,1,1,0,0.59,0.7872340679168701,10,6
9,4,1,28,100000100101010101101001111111,1,1,0,0.35,0.49253731966018677,9,4
9,4,1,29,100000100101010101101001111111,1,1,0,0.42,0.3193277418613434,9,2
9,4,2,0,111100001000010011000111111001,1,1,0,0.25,0.0625,7,3
9,4,2,1,111100001000010011000111111001,1,1,0,0.6,0.5,10,6
9,4,2,2,111100001000010011000111111001,1,1,0,0.51,0.8717948794364929,10,4
9,4,2,3,111100001000010011000111111001,1,1,0,0.83,0.859375,7,4
9,4,2,8,111100001000010011000111111001,1,1,0,0.75,0.800000011920929,9,5
9,4,2,13,111100001000010011000111111001,1,1,0,0.57,0.49000000953674316,8,4
9,4,2,16,111100001000010011000111111001,1,1,0,0.44,0.6027397513389587,9,3
9,4,2,17,111100001000010011000111111001,1,1,0,0.33,0.1666666716337204,7,4
9,4,2,21,111100001000010011000111111001,1,1,0,0.64,0.529411792755127,10,5
9,4,2,22,111100001000010011000111111001,1,1,0,0.39,0.6808510422706604,5,2
9,4,2,23,111100001000010011000111111001,1,1,0,0.79,0.6969696879386902,4,2
9,4,2,24,111100001000010011000111111001,1,1,0,0.36,0.5942028760910034,8,2
9,4,2,25,111100001000010011000111111001,1,1,0,0.4,0.38461539149284363,7,5
9,4,2,26,111100001000010011000111111001,1,1,0,0.89,0.20192307233810425,1,1
9,4,2,29,111100001000010011000111111001,1,1,0,0.42,0.3193277418613434,9,2
9,4,3,0,100101011100101111011101101001,1,1,0,0.25,0.0625,7,3
9,4,3,3,100101011100101111011101101001,1,1,0,0.83,0.859375,7,4
9,4,3,5,100101011100101111011101101001,1,1,0,0.6,0.4137931168079376,10,6
9,4,3,7,100101011100101111011101101001,1,1,0,0.46,0.5648148059844971,1,1
9,4,3,8,100101011100101111011101101001,1,1,0,0.75,0.800000011920929,9,5
9,4,3,9,100101011100101111011101101001,1,1,0,0.54,0.6442307829856873,1,1
9,4,3,12,100101011100101111011101101001,1,1,0,0.6,0.7368420958518982,10,6
9,4,3,14,100101011100101111011101101001,1,1,0,0.48,0.8571428656578064,10,5
9,4,3,15,100101011100101111011101101001,1,1,0,0.6,0.6066666841506958,5,3
9,4,3,16,100101011100101111011101101001,1,1,0,0.44,0.6027397513389587,9,3
9,4,3,17,100101011100101111011101101001,1,1,0,0.33,0.1666666716337204,7,4
9,4,3,19,100101011100101111011101101001,1,1,0,0.6,0.2777777910232544,10,5
9,4,3,20,100101011100101111011101101001,1,1,0,0.64,0.5757575631141663,10,5
9,4,3,21,100101011100101111011101101001,1,1,0,0.64,0.529411792755127,10,5
9,4,3,23,100101011100101111011101101001,1,1,0,0.79,0.6969696879386902,4,2
9,4,3,24,100101011100101111011101101001,1,1,0,0.36,0.5942028760910034,8,2
9,4,3,26,100101011100101111011101101001,1,1,0,0.89,0.20192307233810425,1,1
9,4,3,29,100101011100101111011101101001,1,1,0,0.42,0.3193277418613434,9,2
9,4,4,0,110101110011000111000001001111,1,1,0,0.25,0.0625,7,3
9,4,4,1,110101110011000111000001001111,1,1,0,0.6,0.5,10,6
9,4,4,3,110101110011000111000001001111,1,1,0,0.83,0.859375,7,4
9,4,4,5,110101110011000111000001001111,1,1,0,0.6,0.4137931168079376,10,6
9,4,4,6,110101110011000111000001001111,1,1,0,0.54,0.5789473652839661,9,3
9,4,4,7,110101110011000111000001001111,1,1,0,0.46,0.5648148059844971,1,1
9,4,4,10,110101110011000111000001001111,1,1,0,0.32,0.5249999761581421,10,4
9,4,4,11,110101110011000111000001001111,1,1,0,0.65,0.43478259444236755,10,6
9,4,4,15,110101110011000111000001001111,1,1,0,0.6,0.6066666841506958,5,3
9,4,4,16,110101110011000111000001001111,1,1,0,0.44,0.6027397513389587,9,3
9,4,4,17,110101110011000111000001001111,1,1,0,0.33,0.1666666716337204,7,4
9,4,4,23,110101110011000111000001001111,1,1,0,0.79,0.6969696879386902,4,2
9,4,4,26,110101110011000111000001001111,1,1,0,0.89,0.20192307233810425,1,1
9,4,4,27,110101110011000111000001001111,1,1,0,0.59,0.7872340679168701,10,6
9,4,4,28,110101110011000111000001001111,1,1,0,0.35,0.49253731966018677,9,4
9,4,4,29,110101110011000111000001001111,1,1,0,0.42,0.3193277418613434,9,2
9,4,5,0,110110001001101100010001101000,1,1,0,0.25,0.0625,7,3
9,4,5,1,110110001001101100010001101000,1,1,0,0.6,0.5,10,6
9,4,5,3,110110001001101100010001101000,1,1,0,0.83,0.859375,7,4
9,4,5,4,110110001001101100010001101000,1,1,0,0.47,0.5777778029441833,9,3
9,4,5,8,110110001001101100010001101000,1,1,0,0.75,0.800000011920929,9,5
9,4,5,11,110110001001101100010001101000,1,1,0,0.65,0.43478259444236755,10,6
9,4,5,12,110110001001101100010001101000,1,1,0,0.6,0.7368420958518982,10,6
9,4,5,14,110110001001101100010001101000,1,1,0,0.48,0.8571428656578064,10,5
9,4,5,15,110110001001101100010001101000,1,1,0,0.6,0.6066666841506958,5,3
9,4,5,19,110110001001101100010001101000,1,1,0,0.6,0.2777777910232544,10,5
9,4,5,23,110110001001101100010001101000,1,1,0,0.79,0.6969696879386902,4,2
9,4,5,24,110110001001101100010001101000,1,1,0,0.36,0.5942028760910034,8,2
9,4,5,26,110110001001101100010001101000,1,1,0,0.89,0.20192307233810425,1,1
9,4,6,0,110000100001010101011111011101,1,1,0,0.25,0.0625,7,3
9,4,6,1,110000100001010101011111011101,1,1,0,0.6,0.5,10,6
9,4,6,6,110000100001010101011111011101,1,1,0,0.54,0.5789473652839661,9,3
9,4,6,11,110000100001010101011111011101,1,1,0,0.65,0.43478259444236755,10,6
9,4,6,13,110000100001010101011111011101,1,1,0,0.57,0.49000000953674316,8,4
9,4,6,15,110000100001010101011111011101,1,1,0,0.6,0.6066666841506958,5,3
9,4,6,17,110000100001010101011111011101,1,1,0,0.33,0.1666666716337204,7,4
9,4,6,19,110000100001010101011111011101,1,1,0,0.6,0.2777777910232544,10,5
9,4,6,20,110000100001010101011111011101,1,1,0,0.64,0.5757575631141663,10,5
9,4,6,21,110000100001010101011111011101,1,1,0,0.64,0.529411792755127,10,5
9,4,6,22,110000100001010101011111011101,1,1,0,0.39,0.6808510422706604,5,2
9,4,6,23,110000100001010101011111011101,1,1,0,0.79,0.6969696879386902,4,2
9,4,6,25,110000100001010101011111011101,1,1,0,0.4,0.38461539149284363,7,5
9,4,6,26,110000100001010101011111011101,1,1,0,0.89,0.20192307233810425,1,1
9,4,6,27,110000100001010101011111011101,1,1,0,0.59,0.7872340679168701,10,6
9,4,6,29,110000100001010101011111011101,1,1,0,0.42,0.3193277418613434,9,2
9,4,7,0,110010100011000011000000101111,1,1,0,0.25,0.0625,7,3
9,4,7,1,110010100011000011000000101111,1,1,0,0.6,0.5,10,6
9,4,7,4,110010100011000011000000101111,1,1,0,0.47,0.5777778029441833,9,3
9,4,7,6,110010100011000011000000101111,1,1,0,0.54,0.5789473652839661,9,3
9,4,7,10,110010100011000011000000101111,1,1,0,0.32,0.5249999761581421,10,4
9,4,7,11,110010100011000011000000101111,1,1,0,0.65,0.43478259444236755,10,6
9,4,7,16,110010100011000011000000101111,1,1,0,0.44,0.6027397513389587,9,3
9,4,7,17,110010100011000011000000101111,1,1,0,0.33,0.1666666716337204,7,4
9,4,7,24,110010100011000011000000101111,1,1,0,0.36,0.5942028760910034,8,2
9,4,7,26,110010100011000011000000101111,1,1,0,0.89,0.20192307233810425,1,1
9,4,7,27,110010100011000011000000101111,1,1,0,0.59,0.7872340679168701,10,6
9,4,7,28,110010100011000011000000101111,1,1,0,0.35,0.49253731966018677,9,4
9,4,7,29,110010100011000011000000101111,1,1,0,0.42,0.3193277418613434,9,2
9,4,8,0,110110000001010111000001010100,1,1,0,0.25,0.0625,7,3
9,4,8,1,110110000001010111000001010100,1,1,0,0.6,0.5,10,6
9,4,8,3,110110000001010111000001010100,1,1,0,0.83,0.859375,7,4
9,4,8,4,110110000001010111000001010100,1,1,0,0.47,0.5777778029441833,9,3
9,4,8,11,110110000001010111000001010100,1,1,0,0.65,0.43478259444236755,10,6
9,4,8,13,110110000001010111000001010100,1,1,0,0.57,0.49000000953674316,8,4
9,4,8,15,110110000001010111000001010100,1,1,0,0.6,0.6066666841506958,5,3
9,4,8,16,110110000001010111000001010100,1,1,0,0.44,0.6027397513389587,9,3
9,4,8,17,110110000001010111000001010100,1,1,0,0.33,0.1666666716337204,7,4
9,4,8,23,110110000001010111000001010100,1,1,0,0.79,0.6969696879386902,4,2
9,4,8,25,110110000001010111000001010100,1,1,0,0.4,0.38461539149284363,7,5
9,4,8,27,110110000001010111000001010100,1,1,0,0.59,0.7872340679168701,10,6
9,4,9,0,110001001000100000100001111101,1,1,0,0.25,0.0625,7,3
9,4,9,1,110001001000100000100001111101,1,1,0,0.6,0.5,10,6
9,4,9,5,110001001000100000100001111101,1,1,0,0.6,0.4137931168079376,10,6
9,4,9,8,110001001000100000100001111101,1,1,0,0.75,0.800000011920929,9,5
9,4,9,12,110001001000100000100001111101,1,1,0,0.6,0.7368420958518982,10,6
9,4,9,18,110001001000100000100001111101,1,1,0,0.67,0.692307710647583,9,4
9,4,9,23,110001001000100000100001111101,1,1,0,0.79,0.6969696879386902,4,2
9,4,9,24,110001001000100000100001111101,1,1,0,0.36,0.5942028760910034,8,2
9,4,9,25,110001001000100000100001111101,1,1,0,0.4,0.38461539149284363,7,5
9,4,9,26,110001001000100000100001111101,1,1,0,0.89,0.20192307233810425,1,1
9,4,9,27,110001001000100000100001111101,1,1,0,0.59,0.7872340679168701,10,6
9,4,9,29,110001001000100000100001111101,1,1,0,0.42,0.3193277418613434,9,2
9,4,10,0,101001010001010000010110001001,1,1,0,0.25,0.0625,7,3
9,4,10,2,101001010001010000010110001001,1,1,0,0.51,0.8717948794364929,10,4
9,4,10,5,101001010001010000010110001001,1,1,0,0.6,0.4137931168079376,10,6
9,4,10,7,101001010001010000010110001001,1,1,0,0.46,0.5648148059844971,1,1
9,4,10,11,101001010001010000010110001001,1,1,0,0.65,0.43478259444236755,10,6
9,4,10,13,101001010001010000010110001001,1,1,0,0.57,0.49000000953674316,8,4
9,4,10,19,101001010001010000010110001001,1,1,0,0.6,0.2777777910232544,10,5
9,4,10,21,101001010001010000010110001001,1,1,0,0.64,0.529411792755127,10,5
9,4,10,22,101001010001010000010110001001,1,1,0,0.39,0.6808510422706604,5,2
9,4,10,26,101001010001010000010110001001,1,1,0,0.89,0.20192307233810425,1,1
9,4,10,29,101001010001010000010110001001,1,1,0,0.42,0.3193277418613434,9,2
9,4,11,0,111100000001010011001111010001,1,1,0,0.25,0.0625,7,3
9,4,11,1,111100000001010011001111010001,1,1,0,0.6,0.5,10,6
9,4,11,2,111100000001010011001111010001,1,1,0,0.51,0.8717948794364929,10,4
9,4,11,3,111100000001010011001111010001,1,1,0,0.83,0.859375,7,4
9,4,11,11,111100000001010011001111010001,1,1,0,0.65,0.43478259444236755,10,6
9,4,11,13,111100000001010011001111010001,1,1,0,0.57,0.49000000953674316,8,4
9,4,11,16,111100000001010011001111010001,1,1,0,0.44,0.6027397513389587,9,3
9,4,11,17,111100000001010011001111010001,1,1,0,0.33,0.1666666716337204,7,4
9,4,11,20,111100000001010011001111010001,1,1,0,0.64,0.5757575631141663,10,5
9,4,11,21,111100000001010011001111010001,1,1,0,0.64,0.529411792755127,10,5
9,4,11,22,111100000001010011001111010001,1,1,0,0.39,0.6808510422706604,5,2
9,4,11,23,111100000001010011001111010001,1,1,0,0.79,0.6969696879386902,4,2
9,4,11,25,111100000001010011001111010001,1,1,0,0.4,0.38461539149284363,7,5
9,4,11,29,111100000001010011001111010001,1,1,0,0.42,0.3193277418613434,9,2
9,4,12,1,010101101010111100000001011000,1,1,0,0.6,0.5,10,6
9,4,12,3,010101101010111100000001011000,1,1,0,0.83,0.859375,7,4
9,4,12,5,010101101010111100000001011000,1,1,0,0.6,0.4137931168079376,10,6
9,4,12,6,010101101010111100000001011000,1,1,0,0.54,0.5789473652839661,9,3
9,4,12,8,010101101010111100000001011000,1,1,0,0.75,0.800000011920929,9,5
9,4,12,10,010101101010111100000001011000,1,1,0,0.32,0.5249999761581421,10,4
9,4,12,12,010101101010111100000001011000,1,1,0,0.6,0.7368420958518982,10,6
9,4,12,13,010101101010111100000001011000,1,1,0,0.57,0.49000000953674316,8,4
9,4,12,14,010101101010111100000001011000,1,1,0,0.48,0.8571428656578064,10,5
9,4,12,15,010101101010111100000001011000,1,1,0,0.6,0.6066666841506958,5,3
9,4,12,23,010101101010111100000001011000,1,1,0,0.79,0.6969696879386902,4,2
9,4,12,25,010101101010111100000001011000,1,1,0,0.4,0.38461539149284363,7,5
9,4,12,26,010101101010111100000001011000,1,1,0,0.89,0.20192307233810425,1,1
9,4,13,0,100000100111010101011111010001,1,1,0,0.25,0.0625,7,3
9,4,13,6,100000100111010101011111010001,1,1,0,0.54,0.5789473652839661,9,3
9,4,13,9,100000100111010101011111010001,1,1,0,0.54,0.6442307829856873,1,1
9,4,13,10,100000100111010101011111010001,1,1,0,0.32,0.5249999761581421,10,4
9,4,13,11,100000100111010101011111010001,1,1,0,0.65,0.43478259444236755,10,6
9,4,13,13,100000100111010101011111010001,1,1,0,0.57,0.49000000953674316,8,4
9,4,13,15,100000100111010101011111010001,1,1,0,0.6,0.6066666841506958,5,3
9,4,13,17,100000100111010101011111010001,1,1,0,0.33,0.1666666716337204,7,4
9,4,13,19,100000100111010101011111010001,1,1,0,0.6,0.2777777910232544,10,5
9,4,13,20,100000100111010101011111010001,1,1,0,0.64,0.5757575631141663,10,5
9,4,13,21,100000100111010101011111010001,1,1,0,0.64,0.529411792755127,10,5
9,4,13,22,100000100111010101011111010001,1,1,0,0.39,0.6808510422706604,5,2
9,4,13,23,100000100111010101011111010001,1,1,0,0.79,0.6969696879386902,4,2
9,4,13,25,100000100111010101011111010001,1,1,0,0.4,0.38461539149284363,7,5
9,4,13,29,100000100111010101011111010001,1,1,0,0.42,0.3193277418613434,9,2
9,4,14,0,101000100111010101011111001101,1,1,0,0.25,0.0625,7,3
9,4,14,2,101000100111010101011111001101,1,1,0,0.51,0.8717948794364929,10,4
9,4,14,6,101000100111010101011111001101,1,1,0,0.54,0.5789473652839661,9,3
9,4,14,9,101000100111010101011111001101,1,1,0,0.54,0.6442307829856873,1,1
9,4,14,10,101000100111010101011111001101,1,1,0,0.32,0.5249999761581421,10,4
9,4,14,11,101000100111010101011111001101,1,1,0,0.65,0.43478259444236755,10,6
9,4,14,13,101000100111010101011111001101,1,1,0,0.57,0.49000000953674316,8,4
9,4,14,15,101000100111010101011111001101,1,1,0,0.6,0.6066666841506958,5,3
9,4,14,17,101000100111010101011111001101,1,1,0,0.33,0.1666666716337204,7,4
9,4,14,19,101000100111010101011111001101,1,1,0,0.6,0.2777777910232544,10,5
9,4,14,20,101000100111010101011111001101,1,1,0,0.64,0.5757575631141663,10,5
9,4,14,21,101000100111010101011111001101,1,1,0,0.64,0.529411792755127,10,5
9,4,14,22,101000100111010101011111001101,1,1,0,0.39,0.6808510422706604,5,2
9,4,14,23,101000100111010101011111001101,1,1,0,0.79,0.6969696879386902,4,2
9,4,14,26,101000100111010101011111001101,1,1,0,0.89,0.20192307233810425,1,1
9,4,14,27,101000100111010101011111001101,1,1,0,0.59,0.7872340679168701,10,6
9,4,14,29,101000100111010101011111001101,1,1,0,0.42,0.3193277418613434,9,2
9,4,15,0,100100100001010101101111011101,1,1,0,0.25,0.0625,7,3
9,4,15,3,100100100001010101101111011101,1,1,0,0.83,0.859375,7,4
9,4,15,6,100100100001010101101111011101,1,1,0,0.54,0.5789473652839661,9,3
9,4,15,11,100100100001010101101111011101,1,1,0,0.65,0.43478259444236755,10,6
9,4,15,13,100100100001010101101111011101,1,1,0,0.57,0.49000000953674316,8,4
9,4,15,15,100100100001010101101111011101,1,1,0,0.6,0.6066666841506958,5,3
9,4,15,17,100100100001010101101111011101,1,1,0,0.33,0.1666666716337204,7,4
9,4,15,18,100100100001010101101111011101,1,1,0,0.67,0.692307710647583,9,4
9,4,15,20,100100100001010101101111011101,1,1,0,0.64,0.5757575631141663,10,5
9,4,15,21,100100100001010101101111011101,1,1,0,0.64,0.529411792755127,10,5
9,4,15,22,100100100001010101101111011101,1,1,0,0.39,0.6808510422706604,5,2
9,4,15,23,100100100001010101101111011101,1,1,0,0.79,0.6969696879386902,4,2
9,4,15,25,100100100001010101101111011101,1,1,0,0.4,0.38461539149284363,7,5
9,4,15,26,100100100001010101101111011101,1,1,0,0.89,0.20192307233810425,1,1
9,4,15,27,100100100001010101101111011101,1,1,0,0.59,0.7872340679168701,10,6
9,4,15,29,100100100001010101101111011101,1,1,0,0.42,0.3193277418613434,9,2
9,4,16,0,111100000000100000100001011001,1,1,0,0.25,0.0625,7,3
9,4,16,1,111100000000100000100001011001,1,1,0,0.6,0.5,10,6
9,4,16,2,111100000000100000100001011001,1,1,0,0.51,0.8717948794364929,10,4
9,4,16,3,111100000000100000100001011001,1,1,0,0.83,0.859375,7,4
9,4,16,12,111100000000100000100001011001,1,1,0,0.6,0.7368420958518982,10,6
9,4,16,18,111100000000100000100001011001,1,1,0,0.67,0.692307710647583,9,4
9,4,16,23,111100000000100000100001011001,1,1,0,0.79,0.6969696879386902,4,2
9,4,16,25,111100000000100000100001011001,1,1,0,0.4,0.38461539149284363,7,5
9,4,16,26,111100000000100000100001011001,1,1,0,0.89,0.20192307233810425,1,1
9,4,16,29,111100000000100000100001011001,1,1,0,0.42,0.3193277418613434,9,2
9,4,17,0,100001010001010011010110001001,1,1,0,0.25,0.0625,7,3
9,4,17,5,100001010001010011010110001001,1,1,0,0.6,0.4137931168079376,10,6
9,4,17,7,100001010001010011010110001001,1,1,0,0.46,0.5648148059844971,1,1
9,4,17,11,100001010001010011010110001001,1,1,0,0.65,0.43478259444236755,10,6
9,4,17,13,100001010001010011010110001001,1,1,0,0.57,0.49000000953674316,8,4
9,4,17,16,100001010001010011010110001001,1,1,0,0.44,0.6027397513389587,9,3
9,4,17,17,100001010001010011010110001001,1,1,0,0.33,0.1666666716337204,7,4
9,4,17,19,100001010001010011010110001001,1,1,0,0.6,0.2777777910232544,10,5
9,4,17,21,100001010001010011010110001001,1,1,0,0.64,0.529411792755127,10,5
9,4,17,22,100001010001010011010110001001,1,1,0,0.39,0.6808510422706604,5,2
9,4,17,26,100001010001010011010110001001,1,1,0,0.89,0.20192307233810425,1,1
9,4,17,29,100001010001010011010110001001,1,1,0,0.42,0.3193277418613434,9,2
9,4,18,0,111111101011110011001001001011,1,1,0,0.25,0.0625,7,3
9,4,18,1,111111101011110011001001001011,1,1,0,0.6,0.5,10,6
9,4,18,2,111111101011110011001001001011,1,1,0,0.51,0.8717948794364929,10,4
9,4,18,3,111111101011110011001001001011,1,1,0,0.83,0.859375,7,4
9,4,18,4,111111101011110011001001001011,1,1,0,0.47,0.5777778029441833,9,3
9,4,18,5,111111101011110011001001001011,1,1,0,0.6,0.4137931168079376,10,6
9,4,18,6,111111101011110011001001001011,1,1,0,0.54,0.5789473652839661,9,3
9,4,18,8,111111101011110011001001001011,1,1,0,0.75,0.800000011920929,9,5
9,4,18,10,111111101011110011001001001011,1,1,0,0.32,0.5249999761581421,10,4
9,4,18,11,111111101011110011001001001011,1,1,0,0.65,0.43478259444236755,10,6
9,4,18,12,111111101011110011001001001011,1,1,0,0.6,0.7368420958518982,10,6
9,4,18,13,111111101011110011001001001011,1,1,0,0.57,0.49000000953674316,8,4
9,4,18,16,111111101011110011001001001011,1,1,0,0.44,0.6027397513389587,9,3
9,4,18,17,111111101011110011001001001011,1,1,0,0.33,0.1666666716337204,7,4
9,4,18,20,111111101011110011001001001011,1,1,0,0.64,0.5757575631141663,10,5
9,4,18,23,111111101011110011001001001011,1,1,0,0.79,0.6969696879386902,4,2
9,4,18,26,111111101011110011001001001011,1,1,0,0.89,0.20192307233810425,1,1
9,4,18,28,111111101011110011001001001011,1,1,0,0.35,0.49253731966018677,9,4
9,4,18,29,111111101011110011001001001011,1,1,0,0.42,0.3193277418613434,9,2
9,4,19,0,110011111001011111000101111001,1,1,0,0.25,0.0625,7,3
9,4,19,1,110011111001011111000101111001,1,1,0,0.6,0.5,10,6
9,4,19,4,110011111001011111000101111001,1,1,0,0.47,0.5777778029441833,9,3
9,4,19,5,110011111001011111000101111001,1,1,0,0.6,0.4137931168079376,10,6
9,4,19,6,110011111001011111000101111001,1,1,0,0.54,0.5789473652839661,9,3
9,4,19,7,110011111001011111000101111001,1,1,0,0.46,0.5648148059844971,1,1
9,4,19,8,110011111001011111000101111001,1,1,0,0.75,0.800000011920929,9,5
9,4,19,11,110011111001011111000101111001,1,1,0,0.65,0.43478259444236755,10,6
9,4,19,13,110011111001011111000101111001,1,1,0,0.57,0.49000000953674316,8,4
9,4,19,14,110011111001011111000101111001,1,1,0,0.48,0.8571428656578064,10,5
9,4,19,15,110011111001011111000101111001,1,1,0,0.6,0.6066666841506958,5,3
9,4,19,16,110011111001011111000101111001,1,1,0,0.44,0.6027397513389587,9,3
9,4,19,17,110011111001011111000101111001,1,1,0,0.33,0.1666666716337204,7,4
9,4,19,21,110011111001011111000101111001,1,1,0,0.64,0.529411792755127,10,5
9,4,19,23,110011111001011111000101111001,1,1,0,0.79,0.6969696879386902,4,2
9,4,19,24,110011111001011111000101111001,1,1,0,0.36,0.5942028760910034,8,2
9,4,19,25,110011111001011111000101111001,1,1,0,0.4,0.38461539149284363,7,5
9,4,19,26,110011111001011111000101111001,1,1,0,0.89,0.20192307233810425,1,1
9,4,19,29,110011111001011111000101111001,1,1,0,0.42,0.3193277418613434,9,2
9,4,20,0,111101100011010101011111010101,1,1,0,0.25,0.0625,7,3
9,4,20,1,111101100011010101011111010101,1,1,0,0.6,0.5,10,6
9,4,20,2,111101100011010101011111010101,1,1,0,0.51,0.8717948794364929,10,4
9,4,20,3,111101100011010101011111010101,1,1,0,0.83,0.859375,7,4
9,4,20,5,111101100011010101011111010101,1,1,0,0.6,0.4137931168079376,10,6
9,4,20,6,111101100011010101011111010101,1,1,0,0.54,0.5789473652839661,9,3
9,4,20,10,111101100011010101011111010101,1,1,0,0.32,0.5249999761581421,10,4
9,4,20,11,111101100011010101011111010101,1,1,0,0.65,0.43478259444236755,10,6
9,4,20,13,111101100011010101011111010101,1,1,0,0.57,0.49000000953674316,8,4
9,4,20,15,111101100011010101011111010101,1,1,0,0.6,0.6066666841506958,5,3
9,4,20,17,111101100011010101011111010101,1,1,0,0.33,0.1666666716337204,7,4
9,4,20,19,111101100011010101011111010101,1,1,0,0.6,0.2777777910232544,10,5
9,4,20,20,111101100011010101011111010101,1,1,0,0.64,0.5757575631141663,10,5
9,4,20,21,111101100011010101011111010101,1,1,0,0.64,0.529411792755127,10,5
9,4,20,22,111101100011010101011111010101,1,1,0,0.39,0.6808510422706604,5,2
9,4,20,23,111101100011010101011111010101,1,1,0,0.79,0.6969696879386902,4,2
9,4,20,25,111101100011010101011111010101,1,1,0,0.4,0.38461539149284363,7,5
9,4,20,27,111101100011010101011111010101,1,1,0,0.59,0.7872340679168701,10,6
9,4,20,29,111101100011010101011111010101,1,1,0,0.42,0.3193277418613434,9,2
9,4,21,0,110010100001010011001111011111,1,1,0,0.25,0.0625,7,3
9,4,21,1,110010100001010011001111011111,1,1,0,0.6,0.5,10,6
9,4,21,4,110010100001010011001111011111,1,1,0,0.47,0.5777778029441833,9,3
9,4,21,6,110010100001010011001111011111,1,1,0,0.54,0.5789473652839661,9,3
9,4,21,11,110010100001010011001111011111,1,1,0,0.65,0.43478259444236755,10,6
9,4,21,13,110010100001010011001111011111,1,1,0,0.57,0.49000000953674316,8,4
9,4,21,16,110010100001010011001111011111,1,1,0,0.44,0.6027397513389587,9,3
9,4,21,17,110010100001010011001111011111,1,1,0,0.33,0.1666666716337204,7,4
9,4,21,20,110010100001010011001111011111,1,1,0,0.64,0.5757575631141663,10,5
9,4,21,21,110010100001010011001111011111,1,1,0,0.64,0.529411792755127,10,5
9,4,21,22,110010100001010011001111011111,1,1,0,0.39,0.6808510422706604,5,2
9,4,21,23,110010100001010011001111011111,1,1,0,0.79,0.6969696879386902,4,2
9,4,21,25,110010100001010011001111011111,1,1,0,0.4,0.38461539149284363,7,5
9,4,21,26,110010100001010011001111011111,1,1,0,0.89,0.20192307233810425,1,1
9,4,21,27,110010100001010011001111011111,1,1,0,0.59,0.7872340679168701,10,6
9,4,21,28,110010100001010011001111011111,1,1,0,0.35,0.49253731966018677,9,4
9,4,21,29,110010100001010011001111011111,1,1,0,0.42,0.3193277418613434,9,2
9,4,22,0,100000000111000101011111010001,1,1,0,0.25,0.0625,7,3
9,4,22,9,100000000111000101011111010001,1,1,0,0.54,0.6442307829856873,1,1
9,4,22,10,100000000111000101011111010001,1,1,0,0.32,0.5249999761581421,10,4
9,4,22,11,100000000111000101011111010001,1,1,0,0.65,0.43478259444236755,10,6
9,4,22,15,100000000111000101011111010001,1,1,0,0.6,0.6066666841506958,5,3
9,4,22,17,100000000111000101011111010001,1,1,0,0.33,0.1666666716337204,7,4
9,4,22,19,100000000111000101011111010001,1,1,0,0.6,0.2777777910232544,10,5
9,4,22,20,100000000111000101011111010001,1,1,0,0.64,0.5757575631141663,10,5
9,4,22,21,100000000111000101011111010001,1,1,0,0.64,0.529411792755127,10,5
9,4,22,22,100000000111000101011111010001,1,1,0,0.39,0.6808510422706604,5,2
9,4,22,23,100000000111000101011111010001,1,1,0,0.79,0.6969696879386902,4,2
9,4,22,25,100000000111000101011111010001,1,1,0,0.4,0.38461539149284363,7,5
9,4,22,29,100000000111000101011111010001,1,1,0,0.42,0.3193277418613434,9,2
9,4,23,0,110100100001010101011011011101,1,1,0,0.25,0.0625,7,3
9,4,23,1,110100100001010101011011011101,1,1,0,0.6,0.5,10,6
9,4,23,3,110100100001010101011011011101,1,1,0,0.83,0.859375,7,4
9,4,23,6,110100100001010101011011011101,1,1,0,0.54,0.5789473652839661,9,3
9,4,23,11,110100100001010101011011011101,1,1,0,0.65,0.43478259444236755,10,6
9,4,23,13,110100100001010101011011011101,1,1,0,0.57,0.49000000953674316,8,4
9,4,23,15,110100100001010101011011011101,1,1,0,0.6,0.6066666841506958,5,3
9,4,23,17,110100100001010101011011011101,1,1,0,0.33,0.1666666716337204,7,4
9,4,23,19,110100100001010101011011011101,1,1,0,0.6,0.2777777910232544,10,5
9,4,23,20,110100100001010101011011011101,1,1,0,0.64,0.5757575631141663,10,5
9,4,23,22,110100100001010101011011011101,1,1,0,0.39,0.6808510422706604,5,2
9,4,23,23,110100100001010101011011011101,1,1,0,0.79,0.6969696879386902,4,2
9,4,23,25,110100100001010101011011011101,1,1,0,0.4,0.38461539149284363,7,5
9,4,23,26,110100100001010101011011011101,1,1,0,0.89,0.20192307233810425,1,1
9,4,23,27,110100100001010101011011011101,1,1,0,0.59,0.7872340679168701,10,6
9,4,23,29,110100100001010101011011011101,1,1,0,0.42,0.3193277418613434,9,2
9,4,24,0,110001011001010011001111110101,1,1,0,0.25,0.0625,7,3
9,4,24,1,110001011001010011001111110101,1,1,0,0.6,0.5,10,6
9,4,24,5,110001011001010011001111110101,1,1,0,0.6,0.4137931168079376,10,6
9,4,24,7,110001011001010011001111110101,1,1,0,0.46,0.5648148059844971,1,1
9,4,24,8,110001011001010011001111110101,1,1,0,0.75,0.800000011920929,9,5
9,4,24,11,110001011001010011001111110101,1,1,0,0.65,0.43478259444236755,10,6
9,4,24,13,110001011001010011001111110101,1,1,0,0.57,0.49000000953674316,8,4
9,4,24,16,110001011001010011001111110101,1,1,0,0.44,0.6027397513389587,9,3
9,4,24,17,110001011001010011001111110101,1,1,0,0.33,0.1666666716337204,7,4
9,4,24,20,110001011001010011001111110101,1,1,0,0.64,0.5757575631141663,10,5
9,4,24,21,110001011001010011001111110101,1,1,0,0.64,0.529411792755127,10,5
9,4,24,22,110001011001010011001111110101,1,1,0,0.39,0.6808510422706604,5,2
9,4,24,23,110001011001010011001111110101,1,1,0,0.79,0.6969696879386902,4,2
9,4,24,24,110001011001010011001111110101,1,1,0,0.36,0.5942028760910034,8,2
9,4,24,25,110001011001010011001111110101,1,1,0,0.4,0.38461539149284363,7,5
9,4,24,27,110001011001010011001111110101,1,1,0,0.59,0.7872340679168701,10,6
9,4,24,29,110001011001010011001111110101,1,1,0,0.42,0.3193277418613434,9,2
9,4,25,0,110101010001011011111001111101,1,1,0,0.25,0.0625,7,3
9,4,25,1,110101010001011011111001111101,1,1,0,0.6,0.5,10,6
9,4,25,3,110101010001011011111001111101,1,1,0,0.83,0.859375,7,4
9,4,25,5,110101010001011011111001111101,1,1,0,0.6,0.4137931168079376,10,6
9,4,25,7,110101010001011011111001111101,1,1,0,0.46,0.5648148059844971,1,1
9,4,25,11,110101010001011011111001111101,1,1,0,0.65,0.43478259444236755,10,6
9,4,25,13,110101010001011011111001111101,1,1,0,0.57,0.49000000953674316,8,4
9,4,25,14,110101010001011011111001111101,1,1,0,0.48,0.8571428656578064,10,5
9,4,25,16,110101010001011011111001111101,1,1,0,0.44,0.6027397513389587,9,3
9,4,25,17,110101010001011011111001111101,1,1,0,0.33,0.1666666716337204,7,4
9,4,25,18,110101010001011011111001111101,1,1,0,0.67,0.692307710647583,9,4
9,4,25,19,110101010001011011111001111101,1,1,0,0.6,0.2777777910232544,10,5
9,4,25,20,110101010001011011111001111101,1,1,0,0.64,0.5757575631141663,10,5
9,4,25,23,110101010001011011111001111101,1,1,0,0.79,0.6969696879386902,4,2
9,4,25,24,110101010001011011111001111101,1,1,0,0.36,0.5942028760910034,8,2
9,4,25,25,110101010001011011111001111101,1,1,0,0.4,0.38461539149284363,7,5
9,4,25,26,110101010001011011111001111101,1,1,0,0.89,0.20192307233810425,1,1
9,4,25,27,110101010001011011111001111101,1,1,0,0.59,0.7872340679168701,10,6
9,4,25,29,110101010001011011111001111101,1,1,0,0.42,0.3193277418613434,9,2
9,4,26,0,111100100001010101011111011101,1,1,0,0.25,0.0625,7,3
9,4,26,1,111100100001010101011111011101,1,1,0,0.6,0.5,10,6
9,4,26,2,111100100001010101011111011101,1,1,0,0.51,0.8717948794364929,10,4
9,4,26,3,111100100001010101011111011101,1,1,0,0.83,0.859375,7,4
9,4,26,6,111100100001010101011111011101,1,1,0,0.54,0.5789473652839661,9,3
9,4,26,11,111100100001010101011111011101,1,1,0,0.65,0.43478259444236755,10,6
9,4,26,13,111100100001010101011111011101,1,1,0,0.57,0.49000000953674316,8,4
9,4,26,15,111100100001010101011111011101,1,1,0,0.6,0.6066666841506958,5,3
9,4,26,17,111100100001010101011111011101,1,1,0,0.33,0.1666666716337204,7,4
9,4,26,19,111100100001010101011111011101,1,1,0,0.6,0.2777777910232544,10,5
9,4,26,20,111100100001010101011111011101,1,1,0,0.64,0.5757575631141663,10,5
9,4,26,21,111100100001010101011111011101,1,1,0,0.64,0.529411792755127,10,5
9,4,26,22,111100100001010101011111011101,1,1,0,0.39,0.6808510422706604,5,2
9,4,26,23,111100100001010101011111011101,1,1,0,0.79,0.6969696879386902,4,2
9,4,26,25,111100100001010101011111011101,1,1,0,0.4,0.38461539149284363,7,5
9,4,26,26,111100100001010101011111011101,1,1,0,0.89,0.20192307233810425,1,1
9,4,26,27,111100100001010101011111011101,1,1,0,0.59,0.7872340679168701,10,6
9,4,26,29,111100100001010101011111011101,1,1,0,0.42,0.3193277418613434,9,2
9,5,0,0,110010100011000011000000101111,1,1,0,0.25,0.0625,7,3
9,5,0,1,110010100011000011000000101111,1,1,0,0.6,0.5,10,6
9,5,0,4,110010100011000011000000101111,1,1,0,0.47,0.5777778029441833,9,3
9,5,0,6,110010100011000011000000101111,1,1,0,0.54,0.5789473652839661,9,3
9,5,0,10,110010100011000011000000101111,1,1,0,0.32,0.5249999761581421,10,4
9,5,0,11,110010100011000011000000101111,1,1,0,0.65,0.43478259444236755,10,6
9,5,0,16,110010100011000011000000101111,1,1,0,0.44,0.6027397513389587,9,3
9,5,0,17,110010100011000011000000101111,1,1,0,0.33,0.1666666716337204,7,4
9,5,0,24,110010100011000011000000101111,1,1,0,0.36,0.5942028760910034,8,2
9,5,0,26,110010100011000011000000101111,1,1,0,0.89,0.20192307233810425,1,1
9,5,0,27,110010100011000011000000101111,1,1,0,0.59,0.7872340679168701,10,6
9,5,0,28,110010100011000011000000101111,1,1,0,0.35,0.49253731966018677,9,4
9,5,0,29,110010100011000011000000101111,1,1,0,0.42,0.3193277418613434,9,2
9,5,1,0,111111101011110011001001001011,1,1,0,0.25,0.0625,7,3
9,5,1,1,111111101011110011001001001011,1,1,0,0.6,0.5,10,6
9,5,1,2,111111101011110011001001001011,1,1,0,0.51,0.8717948794364929,10,4
9,5,1,3,111111101011110011001001001011,1,1,0,0.83,0.859375,7,4
9,5,1,4,111111101011110011001001001011,1,1,0,0.47,0.5777778029441833,9,3
9,5,1,5,111111101011110011001001001011,1,1,0,0.6,0.4137931168079376,10,6
9,5,1,6,111111101011110011001001001011,1,1,0,0.54,0.5789473652839661,9,3
9,5,1,8,111111101011110011001001001011,1,1,0,0.75,0.800000011920929,9,5
9,5,1,10,111111101011110011001001001011,1,1,0,0.32,0.5249999761581421,10,4
9,5,1,11,111111101011110011001001001011,1,1,0,0.65,0.43478259444236755,10,6
9,5,1,12,111111101011110011001001001011,1,1,0,0.6,0.7368420958518982,10,6
9,5,1,13,111111101011110011001001001011,1,1,0,0.57,0.49000000953674316,8,4
9,5,1,16,111111101011110011001001001011,1,1,0,0.44,0.6027397513389587,9,3
9,5,1,17,111111101011110011001001001011,1,1,0,0.33,0.1666666716337204,7,4
9,5,1,20,111111101011110011001001001011,1,1,0,0.64,0.5757575631141663,10,5
9,5,1,23,111111101011110011001001001011,1,1,0,0.79,0.6969696879386902,4,2
9,5,1,26,111111101011110011001001001011,1,1,0,0.89,0.20192307233810425,1,1
9,5,1,28,111111101011110011001001001011,1,1,0,0.35,0.49253731966018677,9,4
9,5,1,29,111111101011110011001001001011,1,1,0,0.42,0.3193277418613434,9,2
9,5,2,1,010101101010111100100001011000,1,1,0,0.6,0.5,10,6
9,5,2,3,010101101010111100100001011000,1,1,0,0.83,0.859375,7,4
9,5,2,5,010101101010111100100001011000,1,1,0,0.6,0.4137931168079376,10,6
9,5,2,6,010101101010111100100001011000,1,1,0,0.54,0.5789473652839661,9,3
9,5,2,8,010101101010111100100001011000,1,1,0,0.75,0.800000011920929,9,5
9,5,2,10,010101101010111100100001011000,1,1,0,0.32,0.5249999761581421,10,4
9,5,2,12,010101101010111100100001011000,1,1,0,0.6,0.7368420958518982,10,6
9,5,2,13,010101101010111100100001011000,1,1,0,0.57,0.49000000953674316,8,4
9,5,2,14,010101101010111100100001011000,1,1,0,0.48,0.8571428656578064,10,5
9,5,2,15,010101101010111100100001011000,1,1,0,0.6,0.6066666841506958,5,3
9,5,2,18,010101101010111100100001011000,1,1,0,0.67,0.692307710647583,9,4
9,5,2,23,010101101010111100100001011000,1,1,0,0.79,0.6969696879386902,4,2
9,5,2,25,010101101010111100100001011000,1,1,0,0.4,0.38461539149284363,7,5
9,5,2,26,010101101010111100100001011000,1,1,0,0.89,0.20192307233810425,1,1
9,5,3,0,100001010001010011010110001001,1,1,0,0.25,0.0625,7,3
9,5,3,5,100001010001010011010110001001,1,1,0,0.6,0.4137931168079376,10,6
9,5,3,7,100001010001010011010110001001,1,1,0,0.46,0.5648148059844971,1,1
9,5,3,11,100001010001010011010110001001,1,1,0,0.65,0.43478259444236755,10,6
9,5,3,13,100001010001010011010110001001,1,1,0,0.57,0.49000000953674316,8,4
9,5,3,16,100001010001010011010110001001,1,1,0,0.44,0.6027397513389587,9,3
9,5,3,17,100001010001010011010110001001,1,1,0,0.33,0.1666666716337204,7,4
9,5,3,19,100001010001010011010110001001,1,1,0,0.6,0.2777777910232544,10,5
9,5,3,21,100001010001010011010110001001,1,1,0,0.64,0.529411792755127,10,5
9,5,3,22,100001010001010011010110001001,1,1,0,0.39,0.6808510422706604,5,2
9,5,3,26,100001010001010011010110001001,1,1,0,0.89,0.20192307233810425,1,1
9,5,3,29,100001010001010011010110001001,1,1,0,0.42,0.3193277418613434,9,2
9,5,4,1,010001010001010000010101011000,1,1,0,0.6,0.5,10,6
9,5,4,5,010001010001010000010101011000,1,1,0,0.6,0.4137931168079376,10,6
9,5,4,7,010001010001010000010101011000,1,1,0,0.46,0.5648148059844971,1,1
9,5,4,11,010001010001010000010101011000,1,1,0,0.65,0.43478259444236755,10,6
9,5,4,13,010001010001010000010101011000,1,1,0,0.57,0.49000000953674316,8,4
9,5,4,19,010001010001010000010101011000,1,1,0,0.6,0.2777777910232544,10,5
9,5,4,21,010001010001010000010101011000,1,1,0,0.64,0.529411792755127,10,5
9,5,4,23,010001010001010000010101011000,1,1,0,0.79,0.6969696879386902,4,2
9,5,4,25,010001010001010000010101011000,1,1,0,0.4,0.38461539149284363,7,5
9,5,4,26,010001010001010000010101011000,1,1,0,0.89,0.20192307233810425,1,1
9,5,5,0,110110001001101100010001101000,1,1,0,0.25,0.0625,7,3
9,5,5,1,110110001001101100010001101000,1,1,0,0.6,0.5,10,6
9,5,5,3,110110001001101100010001101000,1,1,0,0.83,0.859375,7,4
9,5,5,4,110110001001101100010001101000,1,1,0,0.47,0.5777778029441833,9,3
9,5,5,8,110110001001101100010001101000,1,1,0,0.75,0.800000011920929,9,5
9,5,5,11,110110001001101100010001101000,1,1,0,0.65,0.43478259444236755,10,6
9,5,5,12,110110001001101100010001101000,1,1,0,0.6,0.7368420958518982,10,6
9,5,5,14,110110001001101100010001101000,1,1,0,0.48,0.8571428656578064,10,5
9,5,5,15,110110001001101100010001101000,1,1,0,0.6,0.6066666841506958,5,3
9,5,5,19,110110001001101100010001101000,1,1,0,0.6,0.2777777910232544,10,5
9,5,5,23,110110001001101100010001101000,1,1,0,0.79,0.6969696879386902,4,2
9,5,5,24,110110001001101100010001101000,1,1,0,0.36,0.5942028760910034,8,2
9,5,5,26,110110001001101100010001101000,1,1,0,0.89,0.20192307233810425,1,1
9,5,6,0,111100000000100000100001011001,1,1,0,0.25,0.0625,7,3
9,5,6,1,111100000000100000100001011001,1,1,0,0.6,0.5,10,6
9,5,6,2,111100000000100000100001011001,1,1,0,0.51,0.8717948794364929,10,4
9,5,6,3,111100000000100000100001011001,1,1,0,0.83,0.859375,7,4
9,5,6,12,111100000000100000100001011001,1,1,0,0.6,0.7368420958518982,10,6
9,5,6,18,111100000000100000100001011001,1,1,0,0.67,0.692307710647583,9,4
9,5,6,23,111100000000100000100001011001,1,1,0,0.79,0.6969696879386902,4,2
9,5,6,25,111100000000100000100001011001,1,1,0,0.4,0.38461539149284363,7,5
9,5,6,26,111100000000100000100001011001,1,1,0,0.89,0.20192307233810425,1,1
9,5,6,29,111100000000100000100001011001,1,1,0,0.42,0.3193277418613434,9,2
9,5,7,0,100001110011010011010110001001,1,1,0,0.25,0.0625,7,3
9,5,7,5,100001110011010011010110001001,1,1,0,0.6,0.4137931168079376,10,6
9,5,7,6,100001110011010011010110001001,1,1,0,0.54,0.5789473652839661,9,3
9,5,7,7,100001110011010011010110001001,1,1,0,0.46,0.5648148059844971,1,1
9,5,7,10,100001110011010011010110001001,1,1,0,0.32,0.5249999761581421,10,4
9,5,7,11,100001110011010011010110001001,1,1,0,0.65,0.43478259444236755,10,6
9,5,7,13,100001110011010011010110001001,1,1,0,0.57,0.49000000953674316,8,4
9,5,7,16,100001110011010011010110001001,1,1,0,0.44,0.6027397513389587,9,3
9,5,7,17,100001110011010011010110001001,1,1,0,0.33,0.1666666716337204,7,4
9,5,7,19,100001110011010011010110001001,1,1,0,0.6,0.2777777910232544,10,5
9,5,7,21,100001110011010011010110001001,1,1,0,0.64,0.529411792755127,10,5
9,5,7,22,100001110011010011010110001001,1,1,0,0.39,0.6808510422706604,5,2
9,5,7,26,100001110011010011010110001001,1,1,0,0.89,0.20192307233810425,1,1
9,5,7,29,100001110011010011010110001001,1,1,0,0.42,0.3193277418613434,9,2
9,5,8,1,010101101010111100000001011000,1,1,0,0.6,0.5,10,6
9,5,8,3,010101101010111100000001011000,1,1,0,0.83,0.859375,7,4
9,5,8,5,010101101010111100000001011000,1,1,0,0.6,0.4137931168079376,10,6
9,5,8,6,010101101010111100000001011000,1,1,0,0.54,0.5789473652839661,9,3
9,5,8,8,010101101010111100000001011000,1,1,0,0.75,0.800000011920929,9,5
9,5,8,10,010101101010111100000001011000,1,1,0,0.32,0.5249999761581421,10,4
9,5,8,12,010101101010111100000001011000,1,1,0,0.6,0.7368420958518982,10,6
9,5,8,13,010101101010111100000001011000,1,1,0,0.57,0.49000000953674316,8,4
9,5,8,14,010101101010111100000001011000,1,1,0,0.48,0.8571428656578064,10,5
9,5,8,15,010101101010111100000001011000,1,1,0,0.6,0.6066666841506958,5,3
9,5,8,23,010101101010111100000001011000,1,1,0,0.79,0.6969696879386902,4,2
9,5,8,25,010101101010111100000001011000,1,1,0,0.4,0.38461539149284363,7,5
9,5,8,26,010101101010111100000001011000,1,1,0,0.89,0.20192307233810425,1,1
9,5,9,0,100000010001010101011011011101,1,1,0,0.25,0.0625,7,3
9,5,9,7,100000010001010101011011011101,1,1,0,0.46,0.5648148059844971,1,1
9,5,9,11,100000010001010101011011011101,1,1,0,0.65,0.43478259444236755,10,6
9,5,9,13,100000010001010101011011011101,1,1,0,0.57,0.49000000953674316,8,4
9,5,9,15,100000010001010101011011011101,1,1,0,0.6,0.6066666841506958,5,3
9,5,9,17,100000010001010101011011011101,1,1,0,0.33,0.1666666716337204,7,4
9,5,9,19,100000010001010101011011011101,1,1,0,0.6,0.2777777910232544,10,5
9,5,9,20,100000010001010101011011011101,1,1,0,0.64,0.5757575631141663,10,5
9,5,9,22,100000010001010101011011011101,1,1,0,0.39,0.6808510422706604,5,2
9,5,9,23,100000010001010101011011011101,1,1,0,0.79,0.6969696879386902,4,2
9,5,9,25,100000010001010101011011011101,1,1,0,0.4,0.38461539149284363,7,5
9,5,9,26,100000010001010101011011011101,1,1,0,0.89,0.20192307233810425,1,1
9,5,9,27,100000010001010101011011011101,1,1,0,0.59,0.7872340679168701,10,6
9,5,9,29,100000010001010101011011011101,1,1,0,0.42,0.3193277418613434,9,2
9,5,10,2,001011100011000011000000101001,1,1,0,0.51,0.8717948794364929,10,4
9,5,10,4,001011100011000011000000101001,1,1,0,0.47,0.5777778029441833,9,3
9,5,10,5,001011100011000011000000101001,1,1,0,0.6,0.4137931168079376,10,6
9,5,10,6,001011100011000011000000101001,1,1,0,0.54,0.5789473652839661,9,3
9,5,10,10,001011100011000011000000101001,1,1,0,0.32,0.5249999761581421,10,4
9,5,10,11,001011100011000011000000101001,1,1,0,0.65,0.43478259444236755,10,6
9,5,10,16,001011100011000011000000101001,1,1,0,0.44,0.6027397513389587,9,3
9,5,10,17,001011100011000011000000101001,1,1,0,0.33,0.1666666716337204,7,4
9,5,10,24,001011100011000011000000101001,1,1,0,0.36,0.5942028760910034,8,2
9,5,10,26,001011100011000011000000101001,1,1,0,0.89,0.20192307233810425,1,1
9,5,10,29,001011100011000011000000101001,1,1,0,0.42,0.3193277418613434,9,2
9,5,11,0,101001010001010000010110001001,1,1,0,0.25,0.0625,7,3
9,5,11,2,101001010001010000010110001001,1,1,0,0.51,0.8717948794364929,10,4
9,5,11,5,101001010001010000010110001001,1,1,0,0.6,0.4137931168079376,10,6
9,5,11,7,101001010001010000010110001001,1,1,0,0.46,0.5648148059844971,1,1
9,5,11,11,101001010001010000010110001001,1,1,0,0.65,0.43478259444236755,10,6
9,5,11,13,101001010001010000010110001001,1,1,0,0.57,0.49000000953674316,8,4
9,5,11,19,101001010001010000010110001001,1,1,0,0.6,0.2777777910232544,10,5
9,5,11,21,101001010001010000010110001001,1,1,0,0.64,0.529411792755127,10,5
9,5,11,22,101001010001010000010110001001,1,1,0,0.39,0.6808510422706604,5,2
9,5,11,26,101001010001010000010110001001,1,1,0,0.89,0.20192307233810425,1,1
9,5,11,29,101001010001010000010110001001,1,1,0,0.42,0.3193277418613434,9,2
9,5,12,0,110001001000100000100001111101,1,1,0,0.25,0.0625,7,3
9,5,12,1,110001001000100000100001111101,1,1,0,0.6,0.5,10,6
9,5,12,5,110001001000100000100001111101,1,1,0,0.6,0.4137931168079376,10,6
9,5,12,8,110001001000100000100001111101,1,1,0,0.75,0.800000011920929,9,5
9,5,12,12,110001001000100000100001111101,1,1,0,0.6,0.7368420958518982,10,6
9,5,12,18,110001001000100000100001111101,1,1,0,0.67,0.692307710647583,9,4
9,5,12,23,110001001000100000100001111101,1,1,0,0.79,0.6969696879386902,4,2
9,5,12,24,110001001000100000100001111101,1,1,0,0.36,0.5942028760910034,8,2
9,5,12,25,110001001000100000100001111101,1,1,0,0.4,0.38461539149284363,7,5
9,5,12,26,110001001000100000100001111101,1,1,0,0.89,0.20192307233810425,1,1
9,5,12,27,110001001000100000100001111101,1,1,0,0.59,0.7872340679168701,10,6
9,5,12,29,110001001000100000100001111101,1,1,0,0.42,0.3193277418613434,9,2
9,5,13,0,110001011001010011001111110101,1,1,0,0.25,0.0625,7,3
9,5,13,1,110001011001010011001111110101,1,1,0,0.6,0.5,10,6
9,5,13,5,110001011001010011001111110101,1,1,0,0.6,0.4137931168079376,10,6
9,5,13,7,110001011001010011001111110101,1,1,0,0.46,0.5648148059844971,1,1
9,5,13,8,110001011001010011001111110101,1,1,0,0.75,0.800000011920929,9,5
9,5,13,11,110001011001010011001111110101,1,1,0,0.65,0.43478259444236755,10,6
9,5,13,13,110001011001010011001111110101,1,1,0,0.57,0.49000000953674316,8,4
9,5,13,16,110001011001010011001111110101,1,1,0,0.44,0.6027397513389587,9,3
9,5,13,17,110001011001010011001111110101,1,1,0,0.33,0.1666666716337204,7,4
9,5,13,20,110001011001010011001111110101,1,1,0,0.64,0.5757575631141663,10,5
9,5,13,21,110001011001010011001111110101,1,1,0,0.64,0.529411792755127,10,5
9,5,13,22,110001011001010011001111110101,1,1,0,0.39,0.6808510422706604,5,2
9,5,13,23,110001011001010011001111110101,1,1,0,0.79,0.6969696879386902,4,2
9,5,13,24,110001011001010011001111110101,1,1,0,0.36,0.5942028760910034,8,2
9,5,13,25,110001011001010011001111110101,1,1,0,0.4,0.38461539149284363,7,5
9,5,13,27,110001011001010011001111110101,1,1,0,0.59,0.7872340679168701,10,6
9,5,13,29,110001011001010011001111110101,1,1,0,0.42,0.3193277418613434,9,2
9,5,14,0,100000000111000101011111011001,1,1,0,0.25,0.0625,7,3
9,5,14,9,100000000111000101011111011001,1,1,0,0.54,0.6442307829856873,1,1
9,5,14,10,100000000111000101011111011001,1,1,0,0.32,0.5249999761581421,10,4
9,5,14,11,100000000111000101011111011001,1,1,0,0.65,0.43478259444236755,10,6
9,5,14,15,100000000111000101011111011001,1,1,0,0.6,0.6066666841506958,5,3
9,5,14,17,100000000111000101011111011001,1,1,0,0.33,0.1666666716337204,7,4
9,5,14,19,100000000111000101011111011001,1,1,0,0.6,0.2777777910232544,10,5
9,5,14,20,100000000111000101011111011001,1,1,0,0.64,0.5757575631141663,10,5
9,5,14,21,100000000111000101011111011001,1,1,0,0.64,0.529411792755127,10,5
9,5,14,22,100000000111000101011111011001,1,1,0,0.39,0.6808510422706604,5,2
9,5,14,23,100000000111000101011111011001,1,1,0,0.79,0.6969696879386902,4,2
9,5,14,25,100000000111000101011111011001,1,1,0,0.4,0.38461539149284363,7,5
9,5,14,26,100000000111000101011111011001,1,1,0,0.89,0.20192307233810425,1,1
9,5,14,29,100000000111000101011111011001,1,1,0,0.42,0.3193277418613434,9,2
9,5,15,0,100000100101010101101001111111,1,1,0,0.25,0.0625,7,3
9,5,15,6,100000100101010101101001111111,1,1,0,0.54,0.5789473652839661,9,3
9,5,15,9,100000100101010101101001111111,1,1,0,0.54,0.6442307829856873,1,1
9,5,15,11,100000100101010101101001111111,1,1,0,0.65,0.43478259444236755,10,6
9,5,15,13,100000100101010101101001111111,1,1,0,0.57,0.49000000953674316,8,4
9,5,15,15,100000100101010101101001111111,1,1,0,0.6,0.6066666841506958,5,3
9,5,15,17,100000100101010101101001111111,1,1,0,0.33,0.1666666716337204,7,4
9,5,15,18,100000100101010101101001111111,1,1,0,0.67,0.692307710647583,9,4
9,5,15,20,100000100101010101101001111111,1,1,0,0.64,0.5757575631141663,10,5
9,5,15,23,100000100101010101101001111111,1,1,0,0.79,0.6969696879386902,4,2
9,5,15,24,100000100101010101101001111111,1,1,0,0.36,0.5942028760910034,8,2
9,5,15,25,100000100101010101101001111111,1,1,0,0.4,0.38461539149284363,7,5
9,5,15,26,100000100101010101101001111111,1,1,0,0.89,0.20192307233810425,1,1
9,5,15,27,100000100101010101101001111111,1,1,0,0.59,0.7872340679168701,10,6
9,5,15,28,100000100101010101101001111111,1,1,0,0.35,0.49253731966018677,9,4
9,5,15,29,100000100101010101101001111111,1,1,0,0.42,0.3193277418613434,9,2
9,5,16,0,100000100111010101011111010001,1,1,0,0.25,0.0625,7,3
9,5,16,6,100000100111010101011111010001,1,1,0,0.54,0.5789473652839661,9,3
9,5,16,9,100000100111010101011111010001,1,1,0,0.54,0.6442307829856873,1,1
9,5,16,10,100000100111010101011111010001,1,1,0,0.32,0.5249999761581421,10,4
9,5,16,11,100000100111010101011111010001,1,1,0,0.65,0.43478259444236755,10,6
9,5,16,13,100000100111010101011111010001,1,1,0,0.57,0.49000000953674316,8,4
9,5,16,15,100000100111010101011111010001,1,1,0,0.6,0.6066666841506958,5,3
9,5,16,17,100000100111010101011111010001,1,1,0,0.33,0.1666666716337204,7,4
9,5,16,19,100000100111010101011111010001,1,1,0,0.6,0.2777777910232544,10,5
9,5,16,20,100000100111010101011111010001,1,1,0,0.64,0.5757575631141663,10,5
9,5,16,21,100000100111010101011111010001,1,1,0,0.64,0.529411792755127,10,5
9,5,16,22,100000100111010101011111010001,1,1,0,0.39,0.6808510422706604,5,2
9,5,16,23,100000100111010101011111010001,1,1,0,0.79,0.6969696879386902,4,2
9,5,16,25,100000100111010101011111010001,1,1,0,0.4,0.38461539149284363,7,5
9,5,16,29,100000100111010101011111010001,1,1,0,0.42,0.3193277418613434,9,2
9,5,17,0,110000100001010101011111011101,1,1,0,0.25,0.0625,7,3
9,5,17,1,110000100001010101011111011101,1,1,0,0.6,0.5,10,6
9,5,17,6,110000100001010101011111011101,1,1,0,0.54,0.5789473652839661,9,3
9,5,17,11,110000100001010101011111011101,1,1,0,0.65,0.43478259444236755,10,6
9,5,17,13,110000100001010101011111011101,1,1,0,0.57,0.49000000953674316,8,4
9,5,17,15,110000100001010101011111011101,1,1,0,0.6,0.6066666841506958,5,3
9,5,17,17,110000100001010101011111011101,1,1,0,0.33,0.1666666716337204,7,4
9,5,17,19,110000100001010101011111011101,1,1,0,0.6,0.2777777910232544,10,5
9,5,17,20,110000100001010101011111011101,1,1,0,0.64,0.5757575631141663,10,5
9,5,17,21,110000100001010101011111011101,1,1,0,0.64,0.529411792755127,10,5
9,5,17,22,110000100001010101011111011101,1,1,0,0.39,0.6808510422706604,5,2
9,5,17,23,110000100001010101011111011101,1,1,0,0.79,0.6969696879386902,4,2
9,5,17,25,110000100001010101011111011101,1,1,0,0.4,0.38461539149284363,7,5
9,5,17,26,110000100001010101011111011101,1,1,0,0.89,0.20192307233810425,1,1
9,5,17,27,110000100001010101011111011101,1,1,0,0.59,0.7872340679168701,10,6
9,5,17,29,110000100001010101011111011101,1,1,0,0.42,0.3193277418613434,9,2
9,5,18,0,110110001001100101111001111110,1,1,0,0.25,0.0625,7,3
9,5,18,1,110110001001100101111001111110,1,1,0,0.6,0.5,10,6
9,5,18,3,110110001001100101111001111110,1,1,0,0.83,0.859375,7,4
9,5,18,4,110110001001100101111001111110,1,1,0,0.47,0.5777778029441833,9,3
9,5,18,8,110110001001100101111001111110,1,1,0,0.75,0.800000011920929,9,5
9,5,18,11,110110001001100101111001111110,1,1,0,0.65,0.43478259444236755,10,6
9,5,18,12,110110001001100101111001111110,1,1,0,0.6,0.7368420958518982,10,6
9,5,18,15,110110001001100101111001111110,1,1,0,0.6,0.6066666841506958,5,3
9,5,18,17,110110001001100101111001111110,1,1,0,0.33,0.1666666716337204,7,4
9,5,18,18,110110001001100101111001111110,1,1,0,0.67,0.692307710647583,9,4
9,5,18,19,110110001001100101111001111110,1,1,0,0.6,0.2777777910232544,10,5
9,5,18,20,110110001001100101111001111110,1,1,0,0.64,0.5757575631141663,10,5
9,5,18,23,110110001001100101111001111110,1,1,0,0.79,0.6969696879386902,4,2
9,5,18,24,110110001001100101111001111110,1,1,0,0.36,0.5942028760910034,8,2
9,5,18,25,110110001001100101111001111110,1,1,0,0.4,0.38461539149284363,7,5
9,5,18,26,110110001001100101111001111110,1,1,0,0.89,0.20192307233810425,1,1
9,5,18,27,110110001001100101111001111110,1,1,0,0.59,0.7872340679168701,10,6
9,5,18,28,110110001001100101111001111110,1,1,0,0.35,0.49253731966018677,9,4
9,5,19,0,110010100001010011001111011111,1,1,0,0.25,0.0625,7,3
9,5,19,1,110010100001010011001111011111,1,1,0,0.6,0.5,10,6
9,5,19,4,110010100001010011001111011111,1,1,0,0.47,0.5777778029441833,9,3
9,5,19,6,110010100001010011001111011111,1,1,0,0.54,0.5789473652839661,9,3
9,5,19,11,110010100001010011001111011111,1,1,0,0.65,0.43478259444236755,10,6
9,5,19,13,110010100001010011001111011111,1,1,0,0.57,0.49000000953674316,8,4
9,5,19,16,110010100001010011001111011111,1,1,0,0.44,0.6027397513389587,9,3
9,5,19,17,110010100001010011001111011111,1,1,0,0.33,0.1666666716337204,7,4
9,5,19,20,110010100001010011001111011111,1,1,0,0.64,0.5757575631141663,10,5
9,5,19,21,110010100001010011001111011111,1,1,0,0.64,0.529411792755127,10,5
9,5,19,22,110010100001010011001111011111,1,1,0,0.39,0.6808510422706604,5,2
9,5,19,23,110010100001010011001111011111,1,1,0,0.79,0.6969696879386902,4,2
9,5,19,25,110010100001010011001111011111,1,1,0,0.4,0.38461539149284363,7,5
9,5,19,26,110010100001010011001111011111,1,1,0,0.89,0.20192307233810425,1,1
9,5,19,27,110010100001010011001111011111,1,1,0,0.59,0.7872340679168701,10,6
9,5,19,28,110010100001010011001111011111,1,1,0,0.35,0.49253731966018677,9,4
9,5,19,29,110010100001010011001111011111,1,1,0,0.42,0.3193277418613434,9,2
9,5,20,0,110000000000100000100101011111,1,1,0,0.25,0.0625,7,3
9,5,20,1,110000000000100000100101011111,1,1,0,0.6,0.5,10,6
9,5,20,12,110000000000100000100101011111,1,1,0,0.6,0.7368420958518982,10,6
9,5,20,18,110000000000100000100101011111,1,1,0,0.67,0.692307710647583,9,4
9,5,20,21,110000000000100000100101011111,1,1,0,0.64,0.529411792755127,10,5
9,5,20,23,110000000000100000100101011111,1,1,0,0.79,0.6969696879386902,4,2
9,5,20,25,110000000000100000100101011111,1,1,0,0.4,0.38461539149284363,7,5
9,5,20,26,110000000000100000100101011111,1,1,0,0.89,0.20192307233810425,1,1
9,5,20,27,110000000000100000100101011111,1,1,0,0.59,0.7872340679168701,10,6
9,5,20,28,110000000000100000100101011111,1,1,0,0.35,0.49253731966018677,9,4
9,5,20,29,110000000000100000100101011111,1,1,0,0.42,0.3193277418613434,9,2
9,5,21,0,111100000000100011001001001001,1,1,0,0.25,0.0625,7,3
9,5,21,1,111100000000100011001001001001,1,1,0,0.6,0.5,10,6
9,5,21,2,111100000000100011001001001001,1,1,0,0.51,0.8717948794364929,10,4
9,5,21,3,111100000000100011001001001001,1,1,0,0.83,0.859375,7,4
9,5,21,12,111100000000100011001001001001,1,1,0,0.6,0.7368420958518982,10,6
9,5,21,16,111100000000100011001001001001,1,1,0,0.44,0.6027397513389587,9,3
9,5,21,17,111100000000100011001001001001,1,1,0,0.33,0.1666666716337204,7,4
9,5,21,20,111100000000100011001001001001,1,1,0,0.64,0.5757575631141663,10,5
9,5,21,23,111100000000100011001001001001,1,1,0,0.79,0.6969696879386902,4,2
9,5,21,26,111100000000100011001001001001,1,1,0,0.89,0.20192307233810425,1,1
9,5,21,29,111100000000100011001001001001,1,1,0,0.42,0.3193277418613434,9,2
9,5,22,0,110101110011001111000001011000,1,1,0,0.25,0.0625,7,3
9,5,22,1,110101110011001111000001011000,1,1,0,0.6,0.5,10,6
9,5,22,3,110101110011001111000001011000,1,1,0,0.83,0.859375,7,4
9,5,22,5,110101110011001111000001011000,1,1,0,0.6,0.4137931168079376,10,6
9,5,22,6,110101110011001111000001011000,1,1,0,0.54,0.5789473652839661,9,3
9,5,22,7,110101110011001111000001011000,1,1,0,0.46,0.5648148059844971,1,1
9,5,22,10,110101110011001111000001011000,1,1,0,0.32,0.5249999761581421,10,4
9,5,22,11,110101110011001111000001011000,1,1,0,0.65,0.43478259444236755,10,6
9,5,22,14,110101110011001111000001011000,1,1,0,0.48,0.8571428656578064,10,5
9,5,22,15,110101110011001111000001011000,1,1,0,0.6,0.6066666841506958,5,3
9,5,22,16,110101110011001111000001011000,1,1,0,0.44,0.6027397513389587,9,3
9,5,22,17,110101110011001111000001011000,1,1,0,0.33,0.1666666716337204,7,4
9,5,22,23,110101110011001111000001011000,1,1,0,0.79,0.6969696879386902,4,2
9,5,22,25,110101110011001111000001011000,1,1,0,0.4,0.38461539149284363,7,5
9,5,22,26,110101110011001111000001011000,1,1,0,0.89,0.20192307233810425,1,1
9,5,23,0,100000100101010101011111011111,1,1,0,0.25,0.0625,7,3
9,5,23,6,100000100101010101011111011111,1,1,0,0.54,0.5789473652839661,9,3
9,5,23,9,100000100101010101011111011111,1,1,0,0.54,0.6442307829856873,1,1
9,5,23,11,100000100101010101011111011111,1,1,0,0.65,0.43478259444236755,10,6
9,5,23,13,100000100101010101011111011111,1,1,0,0.57,0.49000000953674316,8,4
9,5,23,15,100000100101010101011111011111,1,1,0,0.6,0.6066666841506958,5,3
9,5,23,17,100000100101010101011111011111,1,1,0,0.33,0.1666666716337204,7,4
9,5,23,19,100000100101010101011111011111,1,1,0,0.6,0.2777777910232544,10,5
9,5,23,20,100000100101010101011111011111,1,1,0,0.64,0.5757575631141663,10,5
9,5,23,21,100000100101010101011111011111,1,1,0,0.64,0.529411792755127,10,5
9,5,23,22,100000100101010101011111011111,1,1,0,0.39,0.6808510422706604,5,2
9,5,23,23,100000100101010101011111011111,1,1,0,0.79,0.6969696879386902,4,2
9,5,23,25,100000100101010101011111011111,1,1,0,0.4,0.38461539149284363,7,5
9,5,23,26,100000100101010101011111011111,1,1,0,0.89,0.20192307233810425,1,1
9,5,23,27,100000100101010101011111011111,1,1,0,0.59,0.7872340679168701,10,6
9,5,23,28,100000100101010101011111011111,1,1,0,0.35,0.49253731966018677,9,4
9,5,23,29,100000100101010101011111011111,1,1,0,0.42,0.3193277418613434,9,2
9,5,24,0,110101010001011011111001111101,1,1,0,0.25,0.0625,7,3
9,5,24,1,110101010001011011111001111101,1,1,0,0.6,0.5,10,6
9,5,24,3,110101010001011011111001111101,1,1,0,0.83,0.859375,7,4
9,5,24,5,110101010001011011111001111101,1,1,0,0.6,0.4137931168079376,10,6
9,5,24,7,110101010001011011111001111101,1,1,0,0.46,0.5648148059844971,1,1
9,5,24,11,110101010001011011111001111101,1,1,0,0.65,0.43478259444236755,10,6
9,5,24,13,110101010001011011111001111101,1,1,0,0.57,0.49000000953674316,8,4
9,5,24,14,110101010001011011111001111101,1,1,0,0.48,0.8571428656578064,10,5
9,5,24,16,110101010001011011111001111101,1,1,0,0.44,0.6027397513389587,9,3
9,5,24,17,110101010001011011111001111101,1,1,0,0.33,0.1666666716337204,7,4
9,5,24,18,110101010001011011111001111101,1,1,0,0.67,0.692307710647583,9,4
9,5,24,19,110101010001011011111001111101,1,1,0,0.6,0.2777777910232544,10,5
9,5,24,20,110101010001011011111001111101,1,1,0,0.64,0.5757575631141663,10,5
9,5,24,23,110101010001011011111001111101,1,1,0,0.79,0.6969696879386902,4,2
9,5,24,24,110101010001011011111001111101,1,1,0,0.36,0.5942028760910034,8,2
9,5,24,25,110101010001011011111001111101,1,1,0,0.4,0.38461539149284363,7,5
9,5,24,26,110101010001011011111001111101,1,1,0,0.89,0.20192307233810425,1,1
9,5,24,27,110101010001011011111001111101,1,1,0,0.59,0.7872340679168701,10,6
9,5,24,29,110101010001011011111001111101,1,1,0,0.42,0.3193277418613434,9,2
9,5,25,0,110100100001010101011011011101,1,1,0,0.25,0.0625,7,3
9,5,25,1,110100100001010101011011011101,1,1,0,0.6,0.5,10,6
9,5,25,3,110100100001010101011011011101,1,1,0,0.83,0.859375,7,4
9,5,25,6,110100100001010101011011011101,1,1,0,0.54,0.5789473652839661,9,3
9,5,25,11,110100100001010101011011011101,1,1,0,0.65,0.43478259444236755,10,6
9,5,25,13,110100100001010101011011011101,1,1,0,0.57,0.49000000953674316,8,4
9,5,25,15,110100100001010101011011011101,1,1,0,0.6,0.6066666841506958,5,3
9,5,25,17,110100100001010101011011011101,1,1,0,0.33,0.1666666716337204,7,4
9,5,25,19,110100100001010101011011011101,1,1,0,0.6,0.2777777910232544,10,5
9,5,25,20,110100100001010101011011011101,1,1,0,0.64,0.5757575631141663,10,5
9,5,25,22,110100100001010101011011011101,1,1,0,0.39,0.6808510422706604,5,2
9,5,25,23,110100100001010101011011011101,1,1,0,0.79,0.6969696879386902,4,2
9,5,25,25,110100100001010101011011011101,1,1,0,0.4,0.38461539149284363,7,5
9,5,25,26,110100100001010101011011011101,1,1,0,0.89,0.20192307233810425,1,1
9,5,25,27,110100100001010101011011011101,1,1,0,0.59,0.7872340679168701,10,6
9,5,25,29,110100100001010101011011011101,1,1,0,0.42,0.3193277418613434,9,2
9,5,26,0,110011111001011111000101111001,1,1,0,0.25,0.0625,7,3
9,5,26,1,110011111001011111000101111001,1,1,0,0.6,0.5,10,6
9,5,26,4,110011111001011111000101111001,1,1,0,0.47,0.5777778029441833,9,3
9,5,26,5,110011111001011111000101111001,1,1,0,0.6,0.4137931168079376,10,6
9,5,26,6,110011111001011111000101111001,1,1,0,0.54,0.5789473652839661,9,3
9,5,26,7,110011111001011111000101111001,1,1,0,0.46,0.5648148059844971,1,1
9,5,26,8,110011111001011111000101111001,1,1,0,0.75,0.800000011920929,9,5
9,5,26,11,110011111001011111000101111001,1,1,0,0.65,0.43478259444236755,10,6
9,5,26,13,110011111001011111000101111001,1,1,0,0.57,0.49000000953674316,8,4
9,5,26,14,110011111001011111000101111001,1,1,0,0.48,0.8571428656578064,10,5
9,5,26,15,110011111001011111000101111001,1,1,0,0.6,0.6066666841506958,5,3
9,5,26,16,110011111001011111000101111001,1,1,0,0.44,0.6027397513389587,9,3
9,5,26,17,110011111001011111000101111001,1,1,0,0.33,0.1666666716337204,7,4
9,5,26,21,110011111001011111000101111001,1,1,0,0.64,0.529411792755127,10,5
9,5,26,23,110011111001011111000101111001,1,1,0,0.79,0.6969696879386902,4,2
9,5,26,24,110011111001011111000101111001,1,1,0,0.36,0.5942028760910034,8,2
9,5,26,25,110011111001011111000101111001,1,1,0,0.4,0.38461539149284363,7,5
9,5,26,26,110011111001011111000101111001,1,1,0,0.89,0.20192307233810425,1,1
9,5,26,29,110011111001011111000101111001,1,1,0,0.42,0.3193277418613434,9,2
9,5,27,0,111100001000010011000111111001,1,1,0,0.25,0.0625,7,3
9,5,27,1,111100001000010011000111111001,1,1,0,0.6,0.5,10,6
9,5,27,2,111100001000010011000111111001,1,1,0,0.51,0.8717948794364929,10,4
9,5,27,3,111100001000010011000111111001,1,1,0,0.83,0.859375,7,4
9,5,27,8,111100001000010011000111111001,1,1,0,0.75,0.800000011920929,9,5
9,5,27,13,111100001000010011000111111001,1,1,0,0.57,0.49000000953674316,8,4
9,5,27,16,111100001000010011000111111001,1,1,0,0.44,0.6027397513389587,9,3
9,5,27,17,111100001000010011000111111001,1,1,0,0.33,0.1666666716337204,7,4
9,5,27,21,111100001000010011000111111001,1,1,0,0.64,0.529411792755127,10,5
9,5,27,22,111100001000010011000111111001,1,1,0,0.39,0.6808510422706604,5,2
9,5,27,23,111100001000010011000111111001,1,1,0,0.79,0.6969696879386902,4,2
9,5,27,24,111100001000010011000111111001,1,1,0,0.36,0.5942028760910034,8,2
9,5,27,25,111100001000010011000111111001,1,1,0,0.4,0.38461539149284363,7,5
9,5,27,26,111100001000010011000111111001,1,1,0,0.89,0.20192307233810425,1,1
9,5,27,29,111100001000010011000111111001,1,1,0,0.42,0.3193277418613434,9,2
9,5,28,0,110100100001111000000111011001,1,1,0,0.25,0.0625,7,3
9,5,28,1,110100100001111000000111011001,1,1,0,0.6,0.5,10,6
9,5,28,3,110100100001111000000111011001,1,1,0,0.83,0.859375,7,4
9,5,28,6,110100100001111000000111011001,1,1,0,0.54,0.5789473652839661,9,3
9,5,28,11,110100100001111000000111011001,1,1,0,0.65,0.43478259444236755,10,6
9,5,28,12,110100100001111000000111011001,1,1,0,0.6,0.7368420958518982,10,6
9,5,28,13,110100100001111000000111011001,1,1,0,0.57,0.49000000953674316,8,4
9,5,28,14,110100100001111000000111011001,1,1,0,0.48,0.8571428656578064,10,5
9,5,28,21,110100100001111000000111011001,1,1,0,0.64,0.529411792755127,10,5
9,5,28,22,110100100001111000000111011001,1,1,0,0.39,0.6808510422706604,5,2
9,5,28,23,110100100001111000000111011001,1,1,0,0.79,0.6969696879386902,4,2
9,5,28,25,110100100001111000000111011001,1,1,0,0.4,0.38461539149284363,7,5
9,5,28,26,110100100001111000000111011001,1,1,0,0.89,0.20192307233810425,1,1
9,5,28,29,110100100001111000000111011001,1,1,0,0.42,0.3193277418613434,9,2
9,5,29,0,111100000001010011001111010001,1,1,0,0.25,0.0625,7,3
9,5,29,1,111100000001010011001111010001,1,1,0,0.6,0.5,10,6
9,5,29,2,111100000001010011001111010001,1,1,0,0.51,0.8717948794364929,10,4
9,5,29,3,111100000001010011001111010001,1,1,0,0.83,0.859375,7,4
9,5,29,11,111100000001010011001111010001,1,1,0,0.65,0.43478259444236755,10,6
9,5,29,13,111100000001010011001111010001,1,1,0,0.57,0.49000000953674316,8,4
9,5,29,16,111100000001010011001111010001,1,1,0,0.44,0.6027397513389587,9,3
9,5,29,17,111100000001010011001111010001,1,1,0,0.33,0.1666666716337204,7,4
9,5,29,20,111100000001010011001111010001,1,1,0,0.64,0.5757575631141663,10,5
9,5,29,21,111100000001010011001111010001,1,1,0,0.64,0.529411792755127,10,5
9,5,29,22,111100000001010011001111010001,1,1,0,0.39,0.6808510422706604,5,2
9,5,29,23,111100000001010011001111010001,1,1,0,0.79,0.6969696879386902,4,2
9,5,29,25,111100000001010011001111010001,1,1,0,0.4,0.38461539149284363,7,5
9,5,29,29,111100000001010011001111010001,1,1,0,0.42,0.3193277418613434,9,2
